session_id,t_ms,label,kb_trust,mouse_trust,behavioural_trust,face_trust,fused_trust,action
137947fa-7833-4553-a808-c1977f0f7c62,1779421922166,-1,0.0,0.7357102345187525,0.7357102345187525,0.0,0.7357102345187525,ALLOW
137947fa-7833-4553-a808-c1977f0f7c62,1779421922317,-1,0.0,0.7357102345187525,0.7357102345187525,0.0,0.7357102345187525,ALLOW
137947fa-7833-4553-a808-c1977f0f7c62,1779421922461,-1,0.0,0.7357102345187525,0.7357102345187525,0.0,0.7357102345187525,ALLOW
137947fa-7833-4553-a808-c1977f0f7c62,1779421922615,-1,0.0,0.7357102345187525,0.7357102345187525,0.0,0.7357102345187525,ALLOW
137947fa-7833-4553-a808-c1977f0f7c62,1779421922763,-1,0.0,0.7357102345187525,0.7357102345187525,0.0,0.7357102345187525,ALLOW
137947fa-7833-4553-a808-c1977f0f7c62,1779421922919,-1,0.0,0.7357102345187525,0.7357102345187525,0.0,0.7357102345187525,ALLOW
137947fa-7833-4553-a808-c1977f0f7c62,1779421923063,-1,0.0,0.7357102345187525,0.7357102345187525,0.0,0.7357102345187526,ALLOW
137947fa-7833-4553-a808-c1977f0f7c62,1779421923217,-1,0.0,0.7357102345187525,0.7357102345187525,0.0,0.7357102345187525,ALLOW
137947fa-7833-4553-a808-c1977f0f7c62,1779421923368,-1,0.0,0.7357102345187525,0.7357102345187525,0.0,0.7357102345187525,ALLOW
137947fa-7833-4553-a808-c1977f0f7c62,1779421923515,-1,0.0,0.7357102345187525,0.7357102345187525,0.0,0.7357102345187524,ALLOW
137947fa-7833-4553-a808-c1977f0f7c62,1779421923669,-1,0.0,0.7357102345187525,0.7357102345187525,0.0,0.7357102345187524,ALLOW
137947fa-7833-4553-a808-c1977f0f7c62,1779421923822,-1,0.0,0.7357102345187525,0.7357102345187525,0.0,0.7357102345187524,ALLOW
137947fa-7833-4553-a808-c1977f0f7c62,1779421923968,-1,0.0,0.7357102345187525,0.7357102345187525,0.0,0.7357102345187523,ALLOW
137947fa-7833-4553-a808-c1977f0f7c62,1779421924116,-1,0.0,0.7357102345187525,0.7357102345187525,0.0,0.7357102345187523,ALLOW
137947fa-7833-4553-a808-c1977f0f7c62,1779421924265,-1,0.0,0.7357102345187525,0.7357102345187525,0.0,0.7357102345187523,ALLOW
137947fa-7833-4553-a808-c1977f0f7c62,1779421924421,-1,0.0,0.7357102345187525,0.7357102345187525,0.0,0.7357102345187525,ALLOW
137947fa-7833-4553-a808-c1977f0f7c62,1779421924566,-1,0.0,0.7357102345187525,0.7357102345187525,0.0,0.7357102345187525,ALLOW
137947fa-7833-4553-a808-c1977f0f7c62,1779421924727,-1,0.0,0.7357102345187525,0.7357102345187525,0.0,0.7357102345187525,ALLOW
137947fa-7833-4553-a808-c1977f0f7c62,1779421924861,-1,0.0,0.7357102345187525,0.7357102345187525,0.0,0.7357102345187524,ALLOW
137947fa-7833-4553-a808-c1977f0f7c62,1779421925012,-1,0.0,0.7357102345187525,0.7357102345187525,0.0,0.7357102345187524,ALLOW
137947fa-7833-4553-a808-c1977f0f7c62,1779421925172,-1,0.0,0.7357102345187525,0.7357102345187525,0.0,0.7357102345187524,ALLOW
137947fa-7833-4553-a808-c1977f0f7c62,1779421925311,-1,0.0,0.7357102345187525,0.7357102345187525,0.9335969901084901,0.7393081755294749,ALLOW
137947fa-7833-4553-a808-c1977f0f7c62,1779421925462,-1,0.0,0.7357102345187525,0.7357102345187525,0.9335969901084901,0.7425932521044826,ALLOW
137947fa-7833-4553-a808-c1977f0f7c62,1779421925623,-1,0.0,0.7357102345187525,0.7357102345187525,0.9335969901084901,0.7456045722982393,ALLOW
137947fa-7833-4553-a808-c1977f0f7c62,1779421925772,-1,0.0,0.7357102345187525,0.7357102345187525,0.9335969901084901,0.7483749868764957,ALLOW
137947fa-7833-4553-a808-c1977f0f7c62,1779421925918,-1,0.0,0.7357102345187525,0.7357102345187525,0.9288112854957581,0.7508586664162287,ALLOW
137947fa-7833-4553-a808-c1977f0f7c62,1779421926066,-1,0.0,0.7357102345187525,0.7357102345187525,0.9288112854957581,0.7531583696937593,ALLOW
137947fa-7833-4553-a808-c1977f0f7c62,1779421926221,-1,0.0,0.7357102345187525,0.7357102345187525,0.9288112854957581,0.7552938084514661,ALLOW
137947fa-7833-4553-a808-c1977f0f7c62,1779421926369,-1,0.0,0.7357102345187525,0.7357102345187525,0.9288112854957581,0.7572819755707105,ALLOW
137947fa-7833-4553-a808-c1977f0f7c62,1779421926520,-1,0.0,0.7357102345187525,0.7357102345187525,0.9339751547574997,0.7592064498054952,ALLOW
137947fa-7833-4553-a808-c1977f0f7c62,1779421926664,-1,0.0,0.7357102345187525,0.7357102345187525,0.9339751547574997,0.7610067644122294,ALLOW
137947fa-7833-4553-a808-c1977f0f7c62,1779421926823,-1,0.0,0.7357102345187525,0.7357102345187525,0.9339751547574997,0.7626945593560426,ALLOW
137947fa-7833-4553-a808-c1977f0f7c62,1779421926969,-1,0.0,0.7357102345187525,0.7357102345187525,0.9339751547574997,0.7642800636972005,ALLOW
137947fa-7833-4553-a808-c1977f0f7c62,1779421927114,-1,0.0,0.7357102345187525,0.7357102345187525,0.9258464252948762,0.7656766709657887,ALLOW
137947fa-7833-4553-a808-c1977f0f7c62,1779421927266,-1,0.0,0.7357102345187525,0.7357102345187525,0.9258464252948762,0.7669934721047434,ALLOW
137947fa-7833-4553-a808-c1977f0f7c62,1779421927419,-1,0.0,0.7357102345187525,0.7357102345187525,0.9258464252948762,0.7682371176248672,ALLOW
137947fa-7833-4553-a808-c1977f0f7c62,1779421927570,-1,0.0,0.7357102345187525,0.7357102345187525,0.9258464252948762,0.7694135390628223,ALLOW
137947fa-7833-4553-a808-c1977f0f7c62,1779421927722,-1,0.0,0.7357102345187525,0.7357102345187525,0.9298160141706467,0.7705698287290508,ALLOW
137947fa-7833-4553-a808-c1977f0f7c62,1779421927896,-1,0.4629732817871217,0.7357102345187525,0.5175206723334479,0.9298160141706467,0.7683100589941605,ALLOW
137947fa-7833-4553-a808-c1977f0f7c62,1779421928057,-1,0.46297328217870337,0.7357102345187525,0.5175206726467132,0.9298160141706467,0.7661632777507137,ALLOW
137947fa-7833-4553-a808-c1977f0f7c62,1779421928201,-1,0.46297328217870337,0.7357102345187525,0.5175206726467132,0.9298160141706467,0.7641212175435326,ALLOW
137947fa-7833-4553-a808-c1977f0f7c62,1779421928342,-1,0.4629732817168446,0.7357102345187525,0.5175206722772262,0.927588895559311,0.7621551876398784,ALLOW
137947fa-7833-4553-a808-c1977f0f7c62,1779421928487,-1,0.4629732817237193,0.7357102345187525,0.517520672282726,0.927588895559311,0.7602806009876338,ALLOW
137947fa-7833-4553-a808-c1977f0f7c62,1779421928648,-1,0.4629732817237193,0.7357102345187525,0.517520672282726,0.927588895559311,0.7584912228195821,ALLOW
137947fa-7833-4553-a808-c1977f0f7c62,1779421928801,-1,0.4629732817237193,0.7357102345187525,0.517520672282726,0.927588895559311,0.7567813725701105,ALLOW
137947fa-7833-4553-a808-c1977f0f7c62,1779421928946,-1,0.4629732817237193,0.7357102345187525,0.517520672282726,0.9299811041355134,0.7551666654495395,ALLOW
137947fa-7833-4553-a808-c1977f0f7c62,1779421929091,-1,0.4629732817237193,0.7357102345187525,0.517520672282726,0.9299811041355134,0.7536206692702693,ALLOW
137947fa-7833-4553-a808-c1977f0f7c62,1779421929246,-1,0.4629732817237193,0.7357102345187525,0.517520672282726,0.9299811041355134,0.7521390895984686,ALLOW
137947fa-7833-4553-a808-c1977f0f7c62,1779421929398,-1,0.4629732817237193,0.7357102345187525,0.517520672282726,0.9299811041355134,0.7507179825663334,ALLOW
137947fa-7833-4553-a808-c1977f0f7c62,1779421929535,-1,0.4629732817237193,0.7357102345187525,0.517520672282726,0.9300586736202241,0.7493543403713612,ALLOW
137947fa-7833-4553-a808-c1977f0f7c62,1779421929692,-1,0.4629732817237193,0.7357102345187525,0.517520672282726,0.9300586736202241,0.7480441743408978,ALLOW
137947fa-7833-4553-a808-c1977f0f7c62,1779421929844,-1,0.4629732817237193,0.7357102345187525,0.517520672282726,0.9300586736202241,0.7467843993116059,ALLOW
137947fa-7833-4553-a808-c1977f0f7c62,1779421929998,-1,0.4629732817237193,0.7357102345187525,0.517520672282726,0.9300586736202241,0.7455721629626647,ALLOW
137947fa-7833-4553-a808-c1977f0f7c62,1779421930140,-1,0.4629732817237193,0.7357102345187525,0.517520672282726,0.929213616847992,0.7443985645764827,ALLOW
137947fa-7833-4553-a808-c1977f0f7c62,1779421930296,-1,0.4629732817237193,0.7357102345187525,0.517520672282726,0.929213616847992,0.7432676424952528,ALLOW
137947fa-7833-4553-a808-c1977f0f7c62,1779421930448,-1,0.4629732817237193,0.7357102345187525,0.517520672282726,0.929213616847992,0.7421771104883526,ALLOW
137947fa-7833-4553-a808-c1977f0f7c62,1779421930595,-1,0.4629732817237193,0.7357102345187525,0.517520672282726,0.929213616847992,0.7411248427623961,ALLOW
137947fa-7833-4553-a808-c1977f0f7c62,1779421930741,-1,0.4629732817237193,0.7357102345187525,0.517520672282726,0.9300673371553422,0.7401147478566956,ALLOW
137947fa-7833-4553-a808-c1977f0f7c62,1779421930891,-1,0.4629732817058805,0.7357102345187525,0.5175206722684549,0.9300673371553422,0.739138893456128,ALLOW
137947fa-7833-4553-a808-c1977f0f7c62,1779421931045,-1,0.4629732817067571,0.7357102345187525,0.5175206722691562,0.9300673371553422,0.7381955675355863,ALLOW
137947fa-7833-4553-a808-c1977f0f7c62,1779421931205,-1,0.4629732817067571,0.7357102345187525,0.5175206722691562,0.9300673371553422,0.7372831703337511,ALLOW
137947fa-7833-4553-a808-c1977f0f7c62,1779421931312,-1,0.4629732817067571,0.7357102345187525,0.5175206722691562,0.930323944091797,0.7364018608283392,ALLOW
137947fa-7833-4553-a808-c1977f0f7c62,1779421931465,-1,0.4629732817067571,0.7357102345187525,0.5175206722691562,0.930323944091797,0.7355485294024642,ALLOW
137947fa-7833-4553-a808-c1977f0f7c62,1779421931623,-1,0.4629732817067571,0.7357102345187525,0.5175206722691562,0.930323944091797,0.7347218645836477,ALLOW
137947fa-7833-4553-a808-c1977f0f7c62,1779421931773,-1,0.4629732817067571,0.7357102345187525,0.5175206722691562,0.930323944091797,0.7339206356054103,ALLOW
137947fa-7833-4553-a808-c1977f0f7c62,1779421931914,-1,0.4629732817067571,0.7357102345187525,0.5175206722691562,0.9296823865175248,0.7331397980654571,ALLOW
137947fa-7833-4553-a808-c1977f0f7c62,1779421932062,-1,0.4629732817067571,0.7357102345187525,0.5175206722691562,0.9296823865175248,0.7323822691087862,ALLOW
137947fa-7833-4553-a808-c1977f0f7c62,1779421932221,-1,0.4629732817067571,0.7357102345187525,0.5175206722691562,0.9296823865175248,0.7316470204155469,ALLOW
137947fa-7833-4553-a808-c1977f0f7c62,1779421932369,-1,0.4629732817067571,0.7357102345187525,0.5175206722691562,0.9296823865175248,0.7309330832786333,ALLOW
137947fa-7833-4553-a808-c1977f0f7c62,1779421932519,-1,0.4629732817067571,0.7357102345187525,0.5175206722691562,0.9297423070669175,0.7302398867487708,ALLOW
137947fa-7833-4553-a808-c1977f0f7c62,1779421932695,-1,0.4629732817871217,0.7357102345187525,0.5175206723334479,0.9297423070669175,0.7295662168822648,ALLOW
137947fa-7833-4553-a808-c1977f0f7c62,1779421932850,-1,0.4629732827849178,0.7357102345187525,0.5175206731316848,0.9297423070669175,0.7289112600742577,ALLOW
137947fa-7833-4553-a808-c1977f0f7c62,1779421932994,-1,0.4629732827849178,0.7357102345187525,0.5175206731316848,0.9297423070669175,0.7282742472883881,ALLOW
137947fa-7833-4553-a808-c1977f0f7c62,1779421933145,-1,0.4629732827849178,0.7357102345187525,0.5175206731316848,0.9309487915039063,0.727660972601796,ALLOW
137947fa-7833-4553-a808-c1977f0f7c62,1779421933298,-1,0.4629732827849178,0.7357102345187525,0.5175206731316848,0.9309487915039063,0.7270640519068463,ALLOW
137947fa-7833-4553-a808-c1977f0f7c62,1779421933449,-1,0.4629732827849178,0.7357102345187525,0.5175206731316848,0.9309487915039063,0.7264828396512374,ALLOW
137947fa-7833-4553-a808-c1977f0f7c62,1779421933605,-1,0.46297328170585006,0.7357102345187525,0.5175206722684306,0.9309487915039063,0.7259167238111255,ALLOW
137947fa-7833-4553-a808-c1977f0f7c62,1779421933737,-1,0.4629732817058585,0.7357102345187525,0.5175206722684373,0.9318504428863525,0.7253697476150291,ALLOW
137947fa-7833-4553-a808-c1977f0f7c62,1779421933896,-1,0.4629732819342407,0.7357102345187525,0.5175206724511431,0.9318504428863525,0.7248366189189557,ALLOW
137947fa-7833-4553-a808-c1977f0f7c62,1779421934050,-1,0.4629732819342407,0.7357102345187525,0.5175206724511431,0.9318504428863525,0.7243168184402842,ALLOW
137947fa-7833-4553-a808-c1977f0f7c62,1779421934202,-1,0.46297329071945637,0.7357102345187525,0.5175206794793157,0.9318504428863525,0.7238098525933934,ALLOW
137947fa-7833-4553-a808-c1977f0f7c62,1779421934340,-1,0.46297329071945637,0.7357102345187525,0.5175206794793157,0.9279736316204071,0.7232963404926903,ALLOW
137947fa-7833-4553-a808-c1977f0f7c62,1779421934495,-1,0.4629732912918332,0.7357102345187525,0.5175206799372171,0.9279736316204071,0.7227952021808567,ALLOW
137947fa-7833-4553-a808-c1977f0f7c62,1779421934652,-1,0.4629732894017098,0.7357102345187525,0.5175206784251184,0.9279736316204071,0.7223059957227898,ALLOW
137947fa-7833-4553-a808-c1977f0f7c62,1779421934795,-1,0.4629732894017098,0.7357102345187525,0.5175206784251184,0.9279736316204071,0.7218283000049126,ALLOW
137947fa-7833-4553-a808-c1977f0f7c62,1779421934942,-1,0.4629732894017098,0.7357102345187525,0.5175206784251184,0.9307989096641541,0.7213748543178872,ALLOW
137947fa-7833-4553-a808-c1977f0f7c62,1779421935096,-1,0.4629732894017098,0.7357102345187525,0.5175206784251184,0.9307989096641541,0.720931832669644,ALLOW
137947fa-7833-4553-a808-c1977f0f7c62,1779421935252,-1,0.4629732894010734,0.7357102345187525,0.5175206784246092,0.9307989096641541,0.7204988796952212,ALLOW
137947fa-7833-4553-a808-c1977f0f7c62,1779421935400,-1,0.46297328967114515,0.7357102345187525,0.5175206786406666,0.9307989096641541,0.7200756560025791,ALLOW
137947fa-7833-4553-a808-c1977f0f7c62,1779421935541,-1,0.4629733029207337,0.7357102345187525,0.5175206892403375,0.9303340023756028,0.719659771096933,ALLOW
137947fa-7833-4553-a808-c1977f0f7c62,1779421935698,-1,0.46297330061813335,0.7357102345187525,0.5175206873982572,0.9303340023756028,0.7192530265067381,ALLOW
137947fa-7833-4553-a808-c1977f0f7c62,1779421935841,-1,0.4629733021311728,0.7357102345187525,0.5175206886086888,0.9303340023756028,0.718855124198137,ALLOW
137947fa-7833-4553-a808-c1977f0f7c62,1779421935998,-1,0.4629733180037392,0.7357102345187525,0.5175207013067419,0.9303340023756028,0.7184657790103537,ALLOW
137947fa-7833-4553-a808-c1977f0f7c62,1779421936142,-1,0.46297331525258034,0.7357102345187525,0.5175206991058148,0.9294410681724549,0.7180809180286741,ALLOW
137947fa-7833-4553-a808-c1977f0f7c62,1779421936292,-1,0.46297333880887237,0.7357102345187525,0.5175207179508484,0.9294410681724549,0.7177041595024721,ALLOW
137947fa-7833-4553-a808-c1977f0f7c62,1779421936448,-1,0.46297333880887237,0.7357102345187525,0.5175207179508484,0.9294410681724549,0.7173352501122329,ALLOW
137947fa-7833-4553-a808-c1977f0f7c62,1779421936600,-1,0.46297334316602035,0.7357102345187525,0.5175207214365668,0.9294410681724549,0.7169739471227348,ALLOW
137947fa-7833-4553-a808-c1977f0f7c62,1779421936752,-1,0.46297333829364296,0.7357102345187525,0.5175207175386649,0.9317835485935212,0.7166295787843457,ALLOW
137947fa-7833-4553-a808-c1977f0f7c62,1779421936872,-1,0.4629733387534585,0.7357102345187525,0.5175207179065173,0.9317835485935212,0.7162921673843151,ALLOW
137947fa-7833-4553-a808-c1977f0f7c62,1779421937028,-1,0.4629733387534585,0.7357102345187525,0.5175207179065173,0.9317835485935212,0.7159615042122851,ALLOW
137947fa-7833-4553-a808-c1977f0f7c62,1779421937192,-1,0.46297333437389976,0.7357102345187525,0.5175207144028704,0.9317835485935212,0.715436660347889,ALLOW
137947fa-7833-4553-a808-c1977f0f7c62,1779421937329,-1,0.46297333437389976,0.7357102345187525,0.5175207144028704,0.9296257650852204,0.7149031853494595,ALLOW
137947fa-7833-4553-a808-c1977f0f7c62,1779421937502,-1,0.4629733506860918,0.7350664880635486,0.5173919781615832,0.9296257650852204,0.7143689379335825,ALLOW
137947fa-7833-4553-a808-c1977f0f7c62,1779421937643,-1,0.46297332589405915,0.7220995951801557,0.5147985797512784,0.9296257650852204,0.7138191301272435,ALLOW
137947fa-7833-4553-a808-c1977f0f7c62,1779421937804,-1,0.46297332589405915,0.7072934267104657,0.5118373460573404,0.9296257650852204,0.7132515549187408,ALLOW
137947fa-7833-4553-a808-c1977f0f7c62,1779421937934,-1,0.4629733084441108,0.6953381353995359,0.5094462738351958,0.9284402823448181,0.7126648913459438,ALLOW
137947fa-7833-4553-a808-c1977f0f7c62,1779421938092,-1,0.46297330130465664,0.6808078582677907,0.5065402126972834,0.9284402823448181,0.7120607914063193,ALLOW
137947fa-7833-4553-a808-c1977f0f7c62,1779421938243,-1,0.4629733061216008,0.6669213275912491,0.5037629104155306,0.9284402823448181,0.7114400276530043,ALLOW
137947fa-7833-4553-a808-c1977f0f7c62,1779421938399,-1,0.4629733068580504,0.6525749780181335,0.5008936410900671,0.9284402823448181,0.7108020482837365,ALLOW
137947fa-7833-4553-a808-c1977f0f7c62,1779421938540,-1,0.46297329838328705,0.6396080851347404,0.4983002557335778,0.9301005160808564,0.7101551495372738,ALLOW
137947fa-7833-4553-a808-c1977f0f7c62,1779421938692,-1,0.46297329838328705,0.6256295906788841,0.4955045568424065,0.9301005160808564,0.7094914765974641,ALLOW
137947fa-7833-4553-a808-c1977f0f7c62,1779421938847,-1,0.4629732988408166,0.6113752048850833,0.49265368004967003,0.9301005160808564,0.708810698396898,ALLOW
137947fa-7833-4553-a808-c1977f0f7c62,1779421938993,-1,0.4629732839316083,0.5979484931051161,0.4899683257663099,0.9301005160808564,0.7081138080706316,ALLOW
137947fa-7833-4553-a808-c1977f0f7c62,1779421939136,-1,0.4629732822610384,0.5847976726630933,0.4873381603414494,0.931293991804123,0.7074059106547094,ALLOW
137947fa-7833-4553-a808-c1977f0f7c62,1779421939293,-1,0.4629732824569561,0.5703593593106628,0.4844504978276975,0.931293991804123,0.7066806872637044,ALLOW
137947fa-7833-4553-a808-c1977f0f7c62,1779421939442,-1,0.462973282391854,0.5566567561927511,0.48170997715203345,0.931293991804123,0.7059390207486458,ALLOW
137947fa-7833-4553-a808-c1977f0f7c62,1779421939602,-1,0.46297328282454187,0.541942551502376,0.4787671365601087,0.931293991804123,0.7051796971900353,ALLOW
137947fa-7833-4553-a808-c1977f0f7c62,1779421939740,-1,0.4629732820464725,0.5292515499569276,0.4762289356285635,0.9310726022720337,0.7044042588677075,ALLOW
137947fa-7833-4553-a808-c1977f0f7c62,1779421939899,-1,0.46297328171899377,0.5146293090458673,0.4733044871843685,0.9310726022720337,0.7036112738547142,ALLOW
137947fa-7833-4553-a808-c1977f0f7c62,1779421940033,-1,0.46297328171899377,0.5023061626176782,0.47083985789873073,0.9310726022720337,0.7028035010660072,ALLOW
137947fa-7833-4553-a808-c1977f0f7c62,1779421940198,-1,0.46297328171899377,0.48713213903072905,0.46780505318134086,0.9310726022720337,0.7019775194489958,ALLOW
137947fa-7833-4553-a808-c1977f0f7c62,1779421940340,-1,0.4629732828529536,0.4740732823680211,0.4651932827559671,0.9295697605609894,0.7003383088202291,ALLOW
137947fa-7833-4553-a808-c1977f0f7c62,1779421940492,-1,0.46297328231390944,0.46009478791216485,0.46297328231390944,0.9295697605609894,0.6986857781888101,ALLOW
137947fa-7833-4553-a808-c1977f0f7c62,1779421940646,-1,0.46297328231390944,0.4459323658976789,0.46297328231390944,0.9295697605609894,0.6970332475573909,ALLOW
137947fa-7833-4553-a808-c1977f0f7c62,1779421940798,-1,0.46297328223397205,0.43195387144182257,0.46297328223397205,0.9295697605609894,0.6953807169254924,ALLOW
137947fa-7833-4553-a808-c1977f0f7c62,1779421940949,-1,0.46297328184049236,0.41806734076528107,0.46297328184049236,0.931078047156334,0.693753362256065,ALLOW
137947fa-7833-4553-a808-c1977f0f7c62,1779421941086,-1,0.4629732816816585,0.40546830299914743,0.4629732816816585,0.931078047156334,0.6921260075856849,ALLOW
137947fa-7833-4553-a808-c1977f0f7c62,1779421941244,-1,0.4629732817009542,0.39093802586740206,0.4629732817009542,0.931078047156334,0.6904986529154202,ALLOW
137947fa-7833-4553-a808-c1977f0f7c62,1779421941398,-1,0.46297328164816687,0.3767756038529161,0.46297328164816687,0.931078047156334,0.6888712982448391,ALLOW
137947fa-7833-4553-a808-c1977f0f7c62,1779421941545,-1,0.46297328164816687,0.36325692829363404,0.46297328164816687,0.9308060443401337,0.687222200085946,ALLOW
137947fa-7833-4553-a808-c1977f0f7c62,1779421941695,-1,0.46297327853084336,0.3494623613964074,0.46297327853084336,0.9308060443401337,0.6855731019083491,ALLOW
137947fa-7833-4553-a808-c1977f0f7c62,1779421941847,-1,0.46297328132904525,0.3354838669405511,0.46297328132904525,0.9308060443401337,0.6839240037475414,ALLOW
137947fa-7833-4553-a808-c1977f0f7c62,1779421942006,-1,0.46297328132904525,0.3208616260294909,0.46297328132904525,0.9308060443401337,0.6822749055867336,ALLOW
137947fa-7833-4553-a808-c1977f0f7c62,1779421942136,-1,0.4629732816329406,0.3089063347185612,0.4629732816329406,0.9318071788549424,0.680662326883659,ALLOW
137947fa-7833-4553-a808-c1977f0f7c62,1779421942292,-1,0.4629732815962224,0.29455998514544557,0.4629732815962224,0.9318071788549424,0.6790497481803643,ALLOW
137947fa-7833-4553-a808-c1977f0f7c62,1779421942444,-1,0.46297328167319574,0.28058149068958926,0.46297328167319574,0.9318071788549424,0.6774371694775313,ALLOW
137947fa-7833-4553-a808-c1977f0f7c62,1779421942604,-1,0.46297328173186414,0.26586728599921416,0.46297328173186414,0.9318071788549424,0.6758245907750503,ALLOW
137947fa-7833-4553-a808-c1977f0f7c62,1779421942741,-1,0.46297328173186414,0.25326824823308053,0.46297328173186414,0.9179739809036256,0.6741408009252607,ALLOW
137947fa-7833-4553-a808-c1977f0f7c62,1779421942898,-1,0.46297328173186414,0.23882993488065007,0.46297328173186414,0.9179739809036256,0.6737661484485831,ALLOW
137947fa-7833-4553-a808-c1977f0f7c62,1779421943052,-1,0.46297328173186414,0.22466751286616402,0.46297328173186414,0.9179739809036256,0.6733914959700259,ALLOW
137947fa-7833-4553-a808-c1977f0f7c62,1779421943191,-1,0.46297328173186414,0.21188454754140074,0.46297328173186414,0.9179739809036256,0.6730168434914685,ALLOW
137947fa-7833-4553-a808-c1977f0f7c62,1779421943347,-1,0.46297328175102037,0.197538197968285,0.46297328175102037,0.9179739809036256,0.6726510994896886,ALLOW
137947fa-7833-4553-a808-c1977f0f7c62,1779421943493,-1,0.4629732817519161,0.1841114861883178,0.4629732817519161,0.9179739809036256,0.672285355487881,ALLOW
137947fa-7833-4553-a808-c1977f0f7c62,1779421943645,-1,0.4629732817519161,0.1701329917324615,0.4629732817519161,0.9179739809036256,0.6719196114860735,ALLOW
137947fa-7833-4553-a808-c1977f0f7c62,1779421943799,-1,0.4629732817118204,0.15597056971797552,0.4629732817118204,0.9179739809036256,0.6715538674840253,ALLOW
137947fa-7833-4553-a808-c1977f0f7c62,1779421943945,-1,0.4629732817240906,0.14254385793800828,0.4629732817240906,0.9179739809036256,0.6711785546477461,ALLOW
137947fa-7833-4553-a808-c1977f0f7c62,1779421944101,-1,0.4629732817240906,0.12819750836489263,0.4629732817240906,0.9179739809036256,0.6708032418114666,ALLOW
137947fa-7833-4553-a808-c1977f0f7c62,1779421944239,-1,0.4629732817124206,0.11550650681944416,0.4629732817124206,0.9179739809036256,0.6704279289751173,ALLOW
137947fa-7833-4553-a808-c1977f0f7c62,1779421944401,-1,0.4629732819030852,0.10060837457043943,0.4629732819030852,0.9179739809036256,0.670052616139912,ALLOW
137947fa-7833-4553-a808-c1977f0f7c62,1779421944542,-1,0.4629732819030852,0.08764148168704641,0.4629732819030852,0.9179739809036256,0.6696769930267678,ALLOW
137947fa-7833-4553-a808-c1977f0f7c62,1779421946917,-1,0.4629732819030852,0.7357102345187525,0.5175206724262187,0.9179739809036256,0.6696286542567624,ALLOW
137947fa-7833-4553-a808-c1977f0f7c62,1779421947064,-1,0.46170010537785167,0.7357102345187525,0.5165021312060318,0.9179739809036256,0.6695742042394359,ALLOW
137947fa-7833-4553-a808-c1977f0f7c62,1779421947216,-1,0.4529036130216931,0.7357102345187525,0.509464937321105,0.9151053122133017,0.6694660563840386,ALLOW
137947fa-7833-4553-a808-c1977f0f7c62,1779421947372,-1,0.4438756340245829,0.7357102345187525,0.5022425541234169,0.8972048195856811,0.6692463524860333,ALLOW
137947fa-7833-4553-a808-c1977f0f7c62,1779421947517,-1,0.4354842432900895,0.7357102345187525,0.4955294415358221,0.8805665411818029,0.668919816798887,ALLOW
137947fa-7833-4553-a808-c1977f0f7c62,1779421947670,-1,0.426629879273693,0.7357102345187525,0.488445950322705,0.863010288797021,0.6684805551549229,ALLOW
137947fa-7833-4553-a808-c1977f0f7c62,1779421947820,-1,0.4179491302380101,0.7357102345187525,0.4815013510941586,0.8457982766550781,0.6679307778670198,ALLOW
137947fa-7833-4553-a808-c1977f0f7c62,1779421947972,-1,0.4091526378818515,0.7357102345187525,0.47446415720923174,0.8283567710179092,0.6672655965120291,ALLOW
137947fa-7833-4553-a808-c1977f0f7c62,1779421948120,-1,0.40058763216664445,0.7357102345187525,0.4676121526370661,0.811374252371192,0.6664913730551041,ALLOW
137947fa-7833-4553-a808-c1977f0f7c62,1779421948266,-1,0.39213836977191313,0.7357102345187525,0.4608527427212811,0.7946212272197009,0.6656095810380743,ALLOW
137947fa-7833-4553-a808-c1977f0f7c62,1779421948416,-1,0.38345762073623024,0.7357102345187525,0.4539081434927348,0.777409215077758,0.6646172733771054,ALLOW
137947fa-7833-4553-a808-c1977f0f7c62,1779421948571,-1,0.37448751339935804,0.7357102345187525,0.446732057623237,0.7596234691977501,0.6635097397896539,ALLOW
137947fa-7833-4553-a808-c1977f0f7c62,1779421948718,-1,0.3659803793443888,0.7357102345187525,0.43992635037926153,0.742755697298646,0.6622939008711418,ALLOW
137947fa-7833-4553-a808-c1977f0f7c62,1779421948870,-1,0.35718388698823017,0.7357102345187525,0.4328891564943347,0.7253141916614771,0.6609660727667717,STEP_UP
137947fa-7833-4553-a808-c1977f0f7c62,1779421949018,-1,0.34861888127302315,0.7357102345187525,0.42603715192216907,0.7083316730147601,0.6595292025603815,STEP_UP
137947fa-7833-4553-a808-c1977f0f7c62,1779421949172,-1,0.33970664559638875,0.7357102345187525,0.41890736338086154,0.6906606738823653,0.6579814358565111,STEP_UP
137947fa-7833-4553-a808-c1977f0f7c62,1779421949315,-1,0.3314309981823711,0.7357102345187525,0.41228684544964744,0.6742518889737129,0.656328310905419,STEP_UP
137947fa-7833-4553-a808-c1977f0f7c62,1779421949468,-1,0.3225766341659746,0.7357102345187525,0.4052033542365302,0.6566956365889312,0.654562459997509,STEP_UP
137947fa-7833-4553-a808-c1977f0f7c62,1779421949617,-1,0.3139537567905296,0.7357102345187525,0.3983050523361742,0.6395983711946011,0.6526868302166193,STEP_UP
137947fa-7833-4553-a808-c1977f0f7c62,1779421950816,-1,0.24456563616530475,0.7357102345187525,0.34279455583599433,0.5020170208066702,0.6499275723729793,STEP_UP
137947fa-7833-4553-a808-c1977f0f7c62,1779421950972,-1,0.2355376571681946,0.7357102345187525,0.3355721726383062,0.4841165281790495,0.6470533782592569,STEP_UP
137947fa-7833-4553-a808-c1977f0f7c62,1779421951124,-1,0.22674116481203596,0.7357102345187525,0.32853497875337934,0.4666750225418807,0.6440671949548871,STEP_UP
137947fa-7833-4553-a808-c1977f0f7c62,1779421951264,-1,0.21863913237873195,0.7357102345187525,0.3220533528067361,0.4506104778760672,0.6409778637161739,STEP_UP
137947fa-7833-4553-a808-c1977f0f7c62,1779421951413,-1,0.210016255003287,0.7357102345187525,0.31515505090638013,0.43351321248173713,0.6377739276667334,STEP_UP
137947fa-7833-4553-a808-c1977f0f7c62,1779421951567,-1,0.20110401932665262,0.7357102345187525,0.30802526236507266,0.41584221334934235,0.6344565288895154,STEP_UP
137947fa-7833-4553-a808-c1977f0f7c62,1779421951719,-1,0.19230752697049402,0.7357102345187525,0.30098806848014575,0.39840070771217356,0.6310271409264393,STEP_UP
137947fa-7833-4553-a808-c1977f0f7c62,1779421951865,-1,0.18385826457576268,0.7357102345187525,0.29422865856436065,0.38164768256068227,0.627490184408442,STEP_UP
137947fa-7833-4553-a808-c1977f0f7c62,1779421952013,-1,0.1752932588605556,0.7357102345187525,0.28737665399219503,0.36466516391396525,0.623840579182895,STEP_UP
137947fa-7833-4553-a808-c1977f0f7c62,1779421952168,-1,0.16632315152368332,0.7357102345187525,0.28020056812269717,0.3468794180339575,0.6200767744575146,STEP_UP
137947fa-7833-4553-a808-c1977f0f7c62,1779421952314,-1,0.15787388912895203,0.7357102345187525,0.27344115820691217,0.3301263928824663,0.6162054011720337,LOCK
137947fa-7833-4553-a808-c1977f0f7c62,1779421952462,-1,0.14930888341374499,0.7357102345187525,0.2665891536347465,0.3131438742357493,0.612224985742364,LOCK
137947fa-7833-4553-a808-c1977f0f7c62,1779421952615,-1,0.14045451939734843,0.7357102345187525,0.25950566242162926,0.2955876218509674,0.60814735160094,LOCK
137947fa-7833-4553-a808-c1977f0f7c62,1779421952765,-1,0.13177377036166563,0.7357102345187525,0.252561063193083,0.2783756097090245,0.6039592018128297,LOCK
137947fa-7833-4553-a808-c1977f0f7c62,1779421952917,-1,0.12297727800550701,0.7357102345187525,0.24552386930815612,0.2609341040718556,0.5996590628479337,LOCK
137947fa-7833-4553-a808-c1977f0f7c62,1779421953069,-1,0.11418078564934837,0.7357102345187525,0.2384866754232292,0.24349259843468668,0.5952469346971795,LOCK
137947fa-7833-4553-a808-c1977f0f7c62,1779421953216,-1,0.10567365159437916,0.7357102345187525,0.23168096817925385,0.22662482653558252,0.5907354246697648,LOCK
137947fa-7833-4553-a808-c1977f0f7c62,1779421953363,-1,0.09716651753941001,0.7357102345187525,0.22487526093527854,0.20975705463647848,0.5861558575699102,LOCK
137947fa-7833-4553-a808-c1977f0f7c62,1779421953512,-1,0.08854364016396506,0.7357102345187525,0.21797695903492256,0.19265978924214844,0.5815073074510552,LOCK
137947fa-7833-4553-a808-c1977f0f7c62,1779421953665,-1,0.07968927614756853,0.7357102345187525,0.21089346782180535,0.17510353685736657,0.5767879224187725,LOCK
137947fa-7833-4553-a808-c1977f0f7c62,1779421953815,-1,0.07100852711188571,0.7357102345187525,0.2039488685932591,0.15789152471542364,0.5720009509597608,LOCK
137947fa-7833-4553-a808-c1977f0f7c62,1779421953972,-1,0.06192267645453766,0.7357102345187525,0.19668018806738063,0.13987628534018998,0.5671412927065426,LOCK
137947fa-7833-4553-a808-c1977f0f7c62,1779421954118,-1,0.05347341405980636,0.7357102345187525,0.1899207781515956,0.12312326018869883,0.562214040346904,LOCK
137947fa-7833-4553-a808-c1977f0f7c62,1779421954266,-1,0.04490840834459925,0.7357102345187525,0.1830687735794299,0.10614074154198169,0.5572182678653554,LOCK
137947fa-7833-4553-a808-c1977f0f7c62,1779421954414,-1,0.036343402629392195,0.7357102345187525,0.17621676900726427,0.08915822289526465,0.5521575470881034,LOCK
137947fa-7833-4553-a808-c1977f0f7c62,1779421954565,-1,0.027604781933471472,0.7357102345187525,0.1692258724505277,0.07183146400570874,0.5470269172322136,LOCK
137947fa-7833-4553-a808-c1977f0f7c62,1779421954714,-1,0.018981904558026508,0.7357102345187525,0.16232757055017172,0.05473419861137871,0.5418273043573204,LOCK
137947fa-7833-4553-a808-c1977f0f7c62,1779421954872,-1,0.009838182240440555,0.7357102345187525,0.15501259269610296,0.036604212488532066,0.5365545416829722,LOCK
137947fa-7833-4553-a808-c1977f0f7c62,1779421955015,-1,0.0015625348264229203,0.7357102345187525,0.14839207476488886,0.02019542757987978,0.5312062039310151,LOCK
137947fa-7833-4553-a808-c1977f0f7c62,1779421955167,-1,0.0,0.7357102345187525,0.7357102345187525,0.0027539219427108793,0.5317310477743895,ALLOW
137947fa-7833-4553-a808-c1977f0f7c62,1779421955316,-1,0.0,0.7357102345187525,0.7357102345187525,0.0,0.5322558916177639,ALLOW
137947fa-7833-4553-a808-c1977f0f7c62,1779421955462,-1,0.0,0.7357102345187525,0.7357102345187525,0.0,0.5327807354821601,ALLOW
137947fa-7833-4553-a808-c1977f0f7c62,1779421955617,-1,0.0,0.7357102345187525,0.7357102345187525,0.0,0.5333142104805896,ALLOW
137947fa-7833-4553-a808-c1977f0f7c62,1779421955773,-1,0.0,0.7357102345187525,0.7357102345187525,0.0,0.5338484578964667,ALLOW
137947fa-7833-4553-a808-c1977f0f7c62,1779421955910,-1,0.0,0.7357102345187525,0.7357102345187525,0.8668447744846345,0.5349228038626691,ALLOW
137947fa-7833-4553-a808-c1977f0f7c62,1779421956063,-1,0.0,0.7357102345187525,0.7357102345187525,0.8668447744846345,0.5360149172310352,ALLOW
137947fa-7833-4553-a808-c1977f0f7c62,1779421956215,-1,0.0,0.7357102345187525,0.7357102345187525,0.8668447744846345,0.5371261189636958,ALLOW
137947fa-7833-4553-a808-c1977f0f7c62,1779421956371,-1,0.0,0.7357102345187525,0.7357102345187525,0.8668447744846345,0.5382547570631837,ALLOW
137947fa-7833-4553-a808-c1977f0f7c62,1779421956517,-1,0.0,0.7357102345187525,0.7357102345187525,0.9119264559879146,0.5395803857023755,ALLOW
137947fa-7833-4553-a808-c1977f0f7c62,1779421956668,-1,0.0,0.7357102345187525,0.7357102345187525,0.9119264559879146,0.5409232299575201,ALLOW
137947fa-7833-4553-a808-c1977f0f7c62,1779421956820,-1,0.0,0.7357102345187525,0.7357102345187525,0.9119264559879146,0.5422749935898593,ALLOW
137947fa-7833-4553-a808-c1977f0f7c62,1779421956970,-1,0.0,0.7357102345187525,0.7357102345187525,0.9119264559879146,0.5436435314155458,ALLOW
137947fa-7833-4553-a808-c1977f0f7c62,1779421957117,-1,0.0,0.7357102345187525,0.7357102345187525,0.9279130673408509,0.5450931209474001,ALLOW
137947fa-7833-4553-a808-c1977f0f7c62,1779421957296,-1,0.4629732817871217,0.7357102345187525,0.5175206723334479,0.9279130673408509,0.545249685231843,ALLOW
137947fa-7833-4553-a808-c1977f0f7c62,1779421957447,-1,0.46297328191760245,0.7357102345187525,0.5175206724378325,0.9279130673408509,0.5454172566065681,ALLOW
137947fa-7833-4553-a808-c1977f0f7c62,1779421957605,-1,0.46297328191760245,0.7357102345187525,0.5175206724378325,0.9279130673408509,0.5456021539563758,ALLOW
137947fa-7833-4553-a808-c1977f0f7c62,1779421957735,-1,0.46297328191760245,0.7357102345187525,0.5175206724378325,0.9270347511768342,0.5457999811655815,ALLOW
137947fa-7833-4553-a808-c1977f0f7c62,1779421957883,-1,0.46297328171343377,0.7357102345187525,0.5175206722744976,0.9270347511768342,0.5460154654173587,ALLOW
137947fa-7833-4553-a808-c1977f0f7c62,1779421958048,-1,0.46297328171168917,0.7357102345187525,0.5175206722731018,0.9270347511768342,0.5462470644328451,ALLOW
137947fa-7833-4553-a808-c1977f0f7c62,1779421958204,-1,0.46297328171168917,0.7357102345187525,0.5175206722731018,0.9270347511768342,0.5464962101389967,ALLOW
137947fa-7833-4553-a808-c1977f0f7c62,1779421958341,-1,0.46297328171168917,0.7357102345187525,0.5175206722731018,0.9226359820365906,0.5467425485443013,ALLOW
137947fa-7833-4553-a808-c1977f0f7c62,1779421958496,-1,0.46297328171311825,0.7357102345187525,0.5175206722742451,0.9226359820365906,0.5470070957779168,ALLOW
137947fa-7833-4553-a808-c1977f0f7c62,1779421958655,-1,0.4629732817395762,0.7357102345187525,0.5175206722954115,0.9226359820365906,0.547293325001056,ALLOW
137947fa-7833-4553-a808-c1977f0f7c62,1779421958795,-1,0.4629732817395762,0.7357102345187525,0.5175206722954115,0.9226359820365906,0.5475928742268474,ALLOW
137947fa-7833-4553-a808-c1977f0f7c62,1779421958941,-1,0.4629732817395762,0.7357102345187525,0.5175206722954115,0.9286778187751771,0.5479165907995932,ALLOW
137947fa-7833-4553-a808-c1977f0f7c62,1779421959095,-1,0.46297328175833874,0.7357102345187525,0.5175206723104215,0.9286778187751771,0.5482403073729086,ALLOW
137947fa-7833-4553-a808-c1977f0f7c62,1779421959246,-1,0.4629732815357954,0.7357102345187525,0.5175206721323868,0.9286778187751771,0.5485579908011353,ALLOW
137947fa-7833-4553-a808-c1977f0f7c62,1779421959402,-1,0.4629732815357954,0.7357102345187525,0.5175206721323868,0.9286778187751771,0.548875674230315,ALLOW
137947fa-7833-4553-a808-c1977f0f7c62,1779421959539,-1,0.4629732788588439,0.7357102345187525,0.5175206699908257,0.927119911313057,0.5491871260166812,ALLOW
137947fa-7833-4553-a808-c1977f0f7c62,1779421959699,-1,0.4629732786205387,0.7357102345187525,0.5175206698001815,0.927119911313057,0.5494985778022202,ALLOW
137947fa-7833-4553-a808-c1977f0f7c62,1779421959840,-1,0.4629732757375036,0.7357102345187525,0.5175206674937534,0.927119911313057,0.5498111175851854,ALLOW
137947fa-7833-4553-a808-c1977f0f7c62,1779421960000,-1,0.46297327592774407,0.7357102345187525,0.5175206676459458,0.927119911313057,0.5501236573877677,ALLOW
137947fa-7833-4553-a808-c1977f0f7c62,1779421960143,-1,0.46297327592774407,0.7357102345187525,0.5175206676459458,0.9260328924655915,0.5504318490981709,ALLOW
137947fa-7833-4553-a808-c1977f0f7c62,1779421960298,-1,0.46297326496304225,0.7357102345187525,0.5175206588741843,0.9260328924655915,0.5507400407559436,ALLOW
137947fa-7833-4553-a808-c1977f0f7c62,1779421960450,-1,0.4629732603515755,0.7357102345187525,0.5175206551850109,0.9260328924655915,0.5510442278516986,ALLOW
137947fa-7833-4553-a808-c1977f0f7c62,1779421960601,-1,0.4629732603515755,0.7357102345187525,0.5175206551850109,0.9260328924655915,0.551348414947674,ALLOW
137947fa-7833-4553-a808-c1977f0f7c62,1779421960745,-1,0.4629732603515755,0.7357102345187525,0.5175206551850109,0.9228888338804245,0.5516400258088467,ALLOW
137947fa-7833-4553-a808-c1977f0f7c62,1779421960890,-1,0.4629732680563339,0.7357102345187525,0.5175206613488177,0.9228888338804245,0.5519316367066505,ALLOW
137947fa-7833-4553-a808-c1977f0f7c62,1779421961045,-1,0.46297326042758025,0.7357102345187525,0.5175206552458147,0.9228888338804245,0.5522785803596414,ALLOW
137947fa-7833-4553-a808-c1977f0f7c62,1779421961203,-1,0.46297325910304776,0.7357102345187525,0.5175206541861888,0.9228888338804245,0.5526255240062745,ALLOW
137947fa-7833-4553-a808-c1977f0f7c62,1779421961338,-1,0.46297325924345123,0.7357102345187525,0.5175206542985116,0.9252959823608399,0.5529820962475032,ALLOW
137947fa-7833-4553-a808-c1977f0f7c62,1779421961496,-1,0.4629732568943883,0.7357102345187525,0.5175206524192612,0.9252959823608399,0.5533386684774565,ALLOW
137947fa-7833-4553-a808-c1977f0f7c62,1779421961644,-1,0.4629732561232611,0.7357102345187525,0.5175206518023594,0.9252959823608399,0.5536952407035934,ALLOW
137947fa-7833-4553-a808-c1977f0f7c62,1779421961808,-1,0.46297325617962937,0.7345147053876595,0.5172815460212354,0.9252959823608399,0.5540503782950381,ALLOW
137947fa-7833-4553-a808-c1977f0f7c62,1779421961934,-1,0.46297325617962937,0.7229272691939892,0.5149640587825013,0.9272329664230348,0.5543993588992993,ALLOW
137947fa-7833-4553-a808-c1977f0f7c62,1779421962077,-1,0.4629732824241344,0.7097764487519664,0.5123339156897009,0.9272329664230348,0.5547325586452443,ALLOW
137947fa-7833-4553-a808-c1977f0f7c62,1779421962239,-1,0.46297328160570705,0.6948783165029617,0.5093542885851581,0.9272329664230348,0.5550478806284882,ALLOW
137947fa-7833-4553-a808-c1977f0f7c62,1779421962402,-1,0.46297328160570705,0.6798882204746421,0.5063562693794941,0.9272329664230348,0.5553452144964983,ALLOW
137947fa-7833-4553-a808-c1977f0f7c62,1779421962538,-1,0.46297328344784683,0.6673811464878233,0.5038548560558421,0.9255913472175599,0.5556209734078146,ALLOW
137947fa-7833-4553-a808-c1977f0f7c62,1779421962713,-1,0.46297328332442533,0.6512874851077256,0.5006361236810855,0.9255913472175599,0.5558774199237382,ALLOW
137947fa-7833-4553-a808-c1977f0f7c62,1779421962845,-1,0.46297328225859036,0.6391482662381662,0.4982082790545056,0.9255913472175599,0.5561192993719025,ALLOW
137947fa-7833-4553-a808-c1977f0f7c62,1779421962999,-1,0.4629732821967205,0.6249858442236803,0.4953757946021125,0.9255913472175599,0.5560168995702135,ALLOW
137947fa-7833-4553-a808-c1977f0f7c62,1779421963138,-1,0.4629732821967205,0.6122028788989169,0.49281920153715986,0.9255384272336961,0.5559050597775206,ALLOW
137947fa-7833-4553-a808-c1977f0f7c62,1779421963294,-1,0.46297328234894763,0.5978565293258012,0.4899499317443184,0.9255384272336961,0.5558297022041415,ALLOW
137947fa-7833-4553-a808-c1977f0f7c62,1779421963445,-1,0.4629732820423724,0.5839699986492598,0.48717262536374994,0.9255384272336961,0.5558526170621756,ALLOW
137947fa-7833-4553-a808-c1977f0f7c62,1779421963603,-1,0.4629732820423724,0.5694397215175144,0.48426656993740086,0.9255384272336961,0.5559649273767926,ALLOW
137947fa-7833-4553-a808-c1977f0f7c62,1779421963739,-1,0.4629732820351067,0.5569326475306956,0.4817651551342245,0.9256861633062363,0.5561755461036986,ALLOW
137947fa-7833-4553-a808-c1977f0f7c62,1779421963903,-1,0.46297328182692987,0.5418505877230612,0.47874874300615616,0.9256861633062363,0.5564785820017751,ALLOW
137947fa-7833-4553-a808-c1977f0f7c62,1779421964039,-1,0.46297328182692987,0.5293435137362424,0.47624732820879245,0.9256861633062363,0.5568785985969259,ALLOW
137947fa-7833-4553-a808-c1977f0f7c62,1779421964203,-1,0.46297328173115515,0.514261453928608,0.4732309161706458,0.9256861633062363,0.5573695588218675,ALLOW
137947fa-7833-4553-a808-c1977f0f7c62,1779421964338,-1,0.46297328173177466,0.501846343721104,0.4707478941296406,0.9248281514644623,0.5579497574272967,ALLOW
137947fa-7833-4553-a808-c1977f0f7c62,1779421964492,-1,0.46297328173259555,0.48768392170661806,0.4679154097274001,0.9248281514644623,0.5586234767702516,ALLOW
137947fa-7833-4553-a808-c1977f0f7c62,1779421964643,-1,0.4629732817669663,0.4737973910300766,0.46513810361958835,0.9248281514644623,0.5593947317752965,ALLOW
137947fa-7833-4553-a808-c1977f0f7c62,1779421964784,-1,0.4629732818311334,0.4608304981466836,0.4629732818311334,0.9248281514644623,0.560261303180671,ALLOW
137947fa-7833-4553-a808-c1977f0f7c62,1779421964947,-1,0.4629732818518051,0.445840402118364,0.4629732818518051,0.9257983332872392,0.5612437444993189,ALLOW
137947fa-7833-4553-a808-c1977f0f7c62,1779421965086,-1,0.4629732817747314,0.43305743679360065,0.4629732817747314,0.9257983332872392,0.5623352279195243,ALLOW
137947fa-7833-4553-a808-c1977f0f7c62,1779421965250,-1,0.46297328178698494,0.41797537698596626,0.46297328178698494,0.9257983332872392,0.5635401740675805,ALLOW
137947fa-7833-4553-a808-c1977f0f7c62,1779421965401,-1,0.46297328183534825,0.4040888463094248,0.46297328183534825,0.9257983332872392,0.5648504784631487,ALLOW
137947fa-7833-4553-a808-c1977f0f7c62,1779421965539,-1,0.4629732819295822,0.3913978447639764,0.4629732819295822,0.9262879705429078,0.5662754673651229,ALLOW
137947fa-7833-4553-a808-c1977f0f7c62,1779421965695,-1,0.4629732819295822,0.3770514951908606,0.4629732819295822,0.9262879705429078,0.5678102351400767,ALLOW
137947fa-7833-4553-a808-c1977f0f7c62,1779421965845,-1,0.4629732819133514,0.36325692829363404,0.4629732819133514,0.9262879705429078,0.5702283912954857,ALLOW
137947fa-7833-4553-a808-c1977f0f7c62,1779421966006,-1,0.4629732819120145,0.34845075982394413,0.4629732819120145,0.9262879705429078,0.5727614837205834,ALLOW
137947fa-7833-4553-a808-c1977f0f7c62,1779421966136,-1,0.4629732819120145,0.33649546851301443,0.4629732819120145,0.9254455423355104,0.5754031956187098,ALLOW
137947fa-7833-4553-a808-c1977f0f7c62,1779421966296,-1,0.4629732820984087,0.32178126382263933,0.4629732820984087,0.9254455423355104,0.5781480554522975,ALLOW
137947fa-7833-4553-a808-c1977f0f7c62,1779421966444,-1,0.4629732822226451,0.3081706244840425,0.4629732822226451,0.9254455423355104,0.5810026941596103,ALLOW
137947fa-7833-4553-a808-c1977f0f7c62,1779421966602,-1,0.4629732825165038,0.29364034735229705,0.4629732825165038,0.9254455423355104,0.5839707955964635,ALLOW
137947fa-7833-4553-a808-c1977f0f7c62,1779421966740,-1,0.46297328412366845,0.2809493458068486,0.46297328412366845,0.9248195147514344,0.5870483821184816,ALLOW
137947fa-7833-4553-a808-c1977f0f7c62,1779421966894,-1,0.4629732839260061,0.26678692379236263,0.4629732839260061,0.9248195147514344,0.5902335371994146,ALLOW
137947fa-7833-4553-a808-c1977f0f7c62,1779421967039,-1,0.4629732839260061,0.25345217579171025,0.4629732839260061,0.9248195147514344,0.5935277343823674,ALLOW
137947fa-7833-4553-a808-c1977f0f7c62,1779421967193,-1,0.4629732839260061,0.23928975377722428,0.4629732839260061,0.9248195147514344,0.5969361310640572,ALLOW
137947fa-7833-4553-a808-c1977f0f7c62,1779421967339,-1,0.4629732839260061,0.22586304199725707,0.4629732839260061,0.9216145431995393,0.60043927641964,ALLOW
137947fa-7833-4553-a808-c1977f0f7c62,1779421967493,-1,0.46297328259606463,0.211700619982771,0.46297328259606463,0.9216145431995393,0.604051463869263,ALLOW
137947fa-7833-4553-a808-c1977f0f7c62,1779421967644,-1,0.46297328253590564,0.19781408930622957,0.46297328253590564,0.9216145431995393,0.607776377275343,ALLOW
137947fa-7833-4553-a808-c1977f0f7c62,1779421967803,-1,0.4629732824816082,0.18319184839516936,0.4629732824816082,0.9216145431995393,0.6116118063250361,ALLOW
137947fa-7833-4553-a808-c1977f0f7c62,1779421967938,-1,0.4629732824616679,0.17077673818766545,0.4629732824616679,0.9260687804222107,0.6155770415093587,ALLOW
137947fa-7833-4553-a808-c1977f0f7c62,1779421968099,-1,0.4629732824616679,0.15597056971797552,0.4629732824616679,0.9260687804222107,0.6196542658795393,ALLOW
137947fa-7833-4553-a808-c1977f0f7c62,1779421968237,-1,0.4629732824616679,0.14327956817252704,0.4629732824616679,0.9260687804222107,0.6238195710142057,ALLOW
137947fa-7833-4553-a808-c1977f0f7c62,1779421968403,-1,0.46297328170582497,0.12801358080626296,0.46297328170582497,0.9260687804222107,0.6280529332167767,ALLOW
137947fa-7833-4553-a808-c1977f0f7c62,1779421968537,-1,0.46297328171048346,0.11569043437807383,0.46297328171048346,0.9241456902027131,0.6323475860775013,ALLOW
137947fa-7833-4553-a808-c1977f0f7c62,1779421968696,-1,0.46297328171048346,0.10106819346701364,0.46297328171048346,0.9241456902027131,0.6367130738503569,ALLOW
137947fa-7833-4553-a808-c1977f0f7c62,1779421968842,-1,0.4629732817058332,0.08764148168704641,0.4629732817058332,0.9241456902027131,0.6411480076154702,ALLOW
137947fa-7833-4553-a808-c1977f0f7c62,1779421969001,-1,0.4629732817073293,0.07301924077598615,0.4629732817073293,0.9241456902027131,0.6456556281858512,ALLOW
137947fa-7833-4553-a808-c1977f0f7c62,1779421969141,-1,0.46297328290011386,0.06014431167190801,0.46297328290011386,0.926864162683487,0.6502417167524699,ALLOW
137947fa-7833-4553-a808-c1977f0f7c62,1779421969289,-1,0.46297328290011386,0.04653367233331112,0.46297328290011386,0.926864162683487,0.6548963253648101,ALLOW
137947fa-7833-4553-a808-c1977f0f7c62,1779421969443,-1,0.46297328172572616,0.03237125031882514,0.46297328172572616,0.926864162683487,0.6596194540158257,ALLOW
137947fa-7833-4553-a808-c1977f0f7c62,1779421969602,-1,0.46297328196114806,0.01774900940776487,0.46297328196114806,0.926864162683487,0.6644124916338212,ALLOW
137947fa-7833-4553-a808-c1977f0f7c62,1779421969736,-1,0.4629732820429109,0.005425862979575815,0.4629732820429109,0.9253514236211777,0.6692684613150618,ALLOW
137947fa-7833-4553-a808-c1977f0f7c62,1779421969894,-1,0.46297328199958576,0.0,0.46297328199958576,0.9253514236211777,0.6741975807745831,ALLOW
137947fa-7833-4553-a808-c1977f0f7c62,1779421970041,-1,0.46297328178354036,0.0,0.46297328178354036,0.9253514236211777,0.6791929054121202,ALLOW
137947fa-7833-4553-a808-c1977f0f7c62,1779421970206,-1,0.4629732835244964,0.0,0.4629732835244964,0.9253514236211777,0.6783150484625644,ALLOW
137947fa-7833-4553-a808-c1977f0f7c62,1779421970335,-1,0.4629732835244964,0.0,0.4629732835244964,0.925366417169571,0.677437251487202,ALLOW
137947fa-7833-4553-a808-c1977f0f7c62,1779421970496,-1,0.4629732835244964,0.0,0.4629732835244964,0.925366417169571,0.6765594545118399,ALLOW
137947fa-7833-4553-a808-c1977f0f7c62,1779421970643,-1,0.4629732835244964,0.0,0.4629732835244964,0.925366417169571,0.6756816575364776,ALLOW
137947fa-7833-4553-a808-c1977f0f7c62,1779421970800,-1,0.4629732835244964,0.0,0.4629732835244964,0.925366417169571,0.6748038605611154,ALLOW
137947fa-7833-4553-a808-c1977f0f7c62,1779421970939,-1,0.4629732835244964,0.0,0.4629732835244964,0.9270850425958634,0.6734083999275947,ALLOW
137947fa-7833-4553-a808-c1977f0f7c62,1779421971097,-1,0.4629732837511902,0.0,0.4629732837511902,0.9270850425958634,0.6720129392954342,ALLOW
137947fa-7833-4553-a808-c1977f0f7c62,1779421971246,-1,0.4629732837511902,0.0,0.4629732837511902,0.9270850425958634,0.6706174786632738,ALLOW
137947fa-7833-4553-a808-c1977f0f7c62,1779421971397,-1,0.46297328328594833,0.0,0.46297328328594833,0.9270850425958634,0.6692220180283218,ALLOW
137947fa-7833-4553-a808-c1977f0f7c62,1779421971538,-1,0.4629732834105955,0.0,0.4629732834105955,0.9269603735208511,0.6676457319918047,ALLOW
137947fa-7833-4553-a808-c1977f0f7c62,1779421971695,-1,0.4629732834105955,0.7357102345187525,0.517520673632227,0.9269603735208511,0.6663967302966171,ALLOW
137947fa-7833-4553-a808-c1977f0f7c62,1779421971840,-1,0.46297328391594683,0.7357102345187525,0.517520674036508,0.9269603735208511,0.6651477286038555,ALLOW
137947fa-7833-4553-a808-c1977f0f7c62,1779421971984,-1,0.46297328436128704,0.7357102345187525,0.5175206743927802,0.9269603735208511,0.6638987269132314,ALLOW
137947fa-7833-4553-a808-c1977f0f7c62,1779421972129,-1,0.46297328198797705,0.7357102345187525,0.5175206724941321,0.9266158974170685,0.6625844008613886,ALLOW
137947fa-7833-4553-a808-c1977f0f7c62,1779421972305,-1,0.46297328207286337,0.7357102345187525,0.5175206725620413,0.9266158974170685,0.662579212183065,ALLOW
137947fa-7833-4553-a808-c1977f0f7c62,1779421972436,-1,0.46297328186095466,0.7357102345187525,0.5175206723925143,0.9266158974170685,0.662574023503098,ALLOW
137947fa-7833-4553-a808-c1977f0f7c62,1779421972598,-1,0.46297328186095466,0.7357102345187525,0.5175206723925143,0.9266158974170685,0.6625688348231309,ALLOW
137947fa-7833-4553-a808-c1977f0f7c62,1779421972738,-1,0.46297328182322306,0.7357102345187525,0.517520672362329,0.9264675176143646,0.662566565888428,ALLOW
137947fa-7833-4553-a808-c1977f0f7c62,1779421972898,-1,0.46297328173868846,0.7357102345187525,0.5175206722947013,0.9264675176143646,0.6625642969542993,ALLOW
137947fa-7833-4553-a808-c1977f0f7c62,1779421973044,-1,0.4629732817062018,0.7357102345187525,0.517520672268712,0.9264675176143646,0.6625620280200231,ALLOW
137947fa-7833-4553-a808-c1977f0f7c62,1779421973199,-1,0.4629732817062575,0.7357102345187525,0.5175206722687565,0.9264675176143646,0.6625597590857472,ALLOW
137947fa-7833-4553-a808-c1977f0f7c62,1779421973344,-1,0.4629732817062575,0.7357102345187525,0.5175206722687565,0.9295853710174561,0.6625875566416446,ALLOW
137947fa-7833-4553-a808-c1977f0f7c62,1779421973493,-1,0.4629732817081249,0.7357102345187525,0.5175206722702504,0.9295853710174561,0.6626153541975441,ALLOW
137947fa-7833-4553-a808-c1977f0f7c62,1779421973644,-1,0.46297328171273877,0.7357102345187525,0.5175206722739416,0.9295853710174561,0.6626431517533387,ALLOW
137947fa-7833-4553-a808-c1977f0f7c62,1779421973796,-1,0.46297328171273877,0.7357102345187525,0.5175206722739416,0.9295853710174561,0.6626709493091333,ALLOW
137947fa-7833-4553-a808-c1977f0f7c62,1779421973943,-1,0.46297328171273877,0.7357102345187525,0.5175206722739416,0.9267778223752976,0.662663349323405,ALLOW
137947fa-7833-4553-a808-c1977f0f7c62,1779421974097,-1,0.462973281708136,0.7357102345187525,0.5175206722702593,0.9267778223752976,0.6626557493375645,ALLOW
137947fa-7833-4553-a808-c1977f0f7c62,1779421974247,-1,0.462973281708736,0.7357102345187525,0.5175206722707393,0.9267778223752976,0.6626481493527951,ALLOW
137947fa-7833-4553-a808-c1977f0f7c62,1779421974408,-1,0.4629732817428083,0.7357102345187525,0.5175206722979971,0.9267778223752976,0.6626405493681893,ALLOW
137947fa-7833-4553-a808-c1977f0f7c62,1779421974536,-1,0.4629732817428083,0.7357102345187525,0.5175206722979971,0.9310743457078934,0.6626563671196116,ALLOW
137947fa-7833-4553-a808-c1977f0f7c62,1779421974698,-1,0.4629732817734866,0.7357102345187525,0.5175206723225398,0.9310743457078934,0.6626721848723249,ALLOW
137947fa-7833-4553-a808-c1977f0f7c62,1779421974844,-1,0.4629732817624417,0.7357102345187525,0.5175206723137039,0.9310743457078934,0.6626880026388241,ALLOW
137947fa-7833-4553-a808-c1977f0f7c62,1779421975001,-1,0.4629732817751724,0.7357102345187525,0.5175206723238884,0.9310743457078934,0.6627038204044711,ALLOW
137947fa-7833-4553-a808-c1977f0f7c62,1779421975139,-1,0.46297328193959686,0.7357102345187525,0.517520672455428,0.9278332984447479,0.6627110220572446,ALLOW
137947fa-7833-4553-a808-c1977f0f7c62,1779421975297,-1,0.46297328196597687,0.7357102345187525,0.517520672476532,0.9278332984447479,0.6627182237627754,ALLOW
137947fa-7833-4553-a808-c1977f0f7c62,1779421975440,-1,0.46297328196388055,0.7357102345187525,0.517520672474855,0.9278332984447479,0.6627254254904311,ALLOW
137947fa-7833-4553-a808-c1977f0f7c62,1779421975602,-1,0.46297328195309806,0.7357102345187525,0.517520672466229,0.9278332984447479,0.662732627218035,ALLOW
137947fa-7833-4553-a808-c1977f0f7c62,1779421975743,-1,0.46297328152924444,0.7357102345187525,0.5175206721271461,0.9304381257295609,0.6627628244870842,ALLOW
137947fa-7833-4553-a808-c1977f0f7c62,1779421975897,-1,0.4629732814528742,0.7357102345187525,0.5175206720660499,0.9304381257295609,0.6627930217187844,ALLOW
137947fa-7833-4553-a808-c1977f0f7c62,1779421976044,-1,0.4629732814987533,0.7357102345187525,0.5175206721027532,0.9304381257295609,0.6628232189873224,ALLOW
137947fa-7833-4553-a808-c1977f0f7c62,1779421976202,-1,0.4629732811551248,0.7357102345187525,0.5175206718278504,0.9304381257295609,0.662853416260569,ALLOW
137947fa-7833-4553-a808-c1977f0f7c62,1779421976339,-1,0.4629732768241466,0.7357102345187525,0.5175206683630678,0.9294546401500703,0.6628700509761133,ALLOW
137947fa-7833-4553-a808-c1977f0f7c62,1779421976505,-1,0.46297327518725284,0.7357102345187525,0.5175206670535528,0.9294546401500703,0.662886685695076,ALLOW
137947fa-7833-4553-a808-c1977f0f7c62,1779421976634,-1,0.4629732752170155,0.7357102345187525,0.5175206670773629,0.9294546401500703,0.662903320417883,ALLOW
137947fa-7833-4553-a808-c1977f0f7c62,1779421976801,-1,0.46297328266568294,0.7357102345187525,0.5175206730362969,0.9294546401500703,0.6629213898111301,ALLOW
137947fa-7833-4553-a808-c1977f0f7c62,1779421976937,-1,0.46297328244693303,0.7357102345187525,0.517520672861297,0.9279791301488877,0.6629397141505063,ALLOW
137947fa-7833-4553-a808-c1977f0f7c62,1779421977078,-1,0.46297328060134313,0.7357102345187525,0.517520671384825,0.9279791301488877,0.6629738193395803,ALLOW
137947fa-7833-4553-a808-c1977f0f7c62,1779421977232,-1,0.4629732806148108,0.7357102345187525,0.5175206713955992,0.9279791301488877,0.6630258022913464,ALLOW
137947fa-7833-4553-a808-c1977f0f7c62,1779421977400,-1,0.46297328442011465,0.7357102345187525,0.5175206744398423,0.9279791301488877,0.663095773376612,ALLOW
137947fa-7833-4553-a808-c1977f0f7c62,1779421977541,-1,0.46297328442011465,0.7357102345187525,0.5175206744398423,0.9268686151504517,0.6631828773586476,ALLOW
137947fa-7833-4553-a808-c1977f0f7c62,1779421977690,-1,0.4629732831134097,0.7357102345187525,0.5175206733944783,0.9268686151504517,0.6632892937286595,ALLOW
137947fa-7833-4553-a808-c1977f0f7c62,1779421977844,-1,0.4629732827246975,0.7357102345187525,0.5175206730835086,0.9268686151504517,0.6634102771645652,ALLOW
137947fa-7833-4553-a808-c1977f0f7c62,1779421978001,-1,0.4629732830547466,0.7357102345187525,0.5175206733475478,0.9268686151504517,0.6635482555087694,ALLOW
137947fa-7833-4553-a808-c1977f0f7c62,1779421978138,-1,0.4629732838627185,0.7357102345187525,0.5175206739939253,0.9282439982891083,0.6637072866277316,ALLOW
137947fa-7833-4553-a808-c1977f0f7c62,1779421978294,-1,0.4629732838627185,0.7357102345187525,0.5175206739939253,0.9282439982891083,0.6638835333654509,ALLOW
137947fa-7833-4553-a808-c1977f0f7c62,1779421978441,-1,0.46297328325741094,0.7357102345187525,0.5175206735096793,0.9282439982891083,0.6640764439385481,ALLOW
137947fa-7833-4553-a808-c1977f0f7c62,1779421978605,-1,0.4629732829598876,0.7357102345187525,0.5175206732716606,0.9282439982891083,0.6642867908427753,ALLOW
137947fa-7833-4553-a808-c1977f0f7c62,1779421978733,-1,0.46297328442183416,0.7357102345187525,0.5175206744412179,0.927581331729889,0.6645089046323119,ALLOW
137947fa-7833-4553-a808-c1977f0f7c62,1779421978895,-1,0.4629732850605186,0.7357102345187525,0.5175206749521655,0.927581331729889,0.6647491168976827,ALLOW
137947fa-7833-4553-a808-c1977f0f7c62,1779421979034,-1,0.4629732852067976,0.7357102345187525,0.5175206750691886,0.927581331729889,0.6650043376525396,ALLOW
137947fa-7833-4553-a808-c1977f0f7c62,1779421979202,-1,0.462973284201172,0.7357102345187525,0.5175206742646882,0.927581331729889,0.6652776568747982,ALLOW
137947fa-7833-4553-a808-c1977f0f7c62,1779421979338,-1,0.46297328482473676,0.7357102345187525,0.5175206747635399,0.9251417016983032,0.6655595477595371,ALLOW
137947fa-7833-4553-a808-c1977f0f7c62,1779421979497,-1,0.46297328495126244,0.7357102345187525,0.5175206748647605,0.9251417016983032,0.6658584335512966,ALLOW
137947fa-7833-4553-a808-c1977f0f7c62,1779421979645,-1,0.4629732855667714,0.7228353054146743,0.514945689536352,0.9251417016983032,0.6661585332677324,ALLOW
137947fa-7833-4553-a808-c1977f0f7c62,1779421979792,-1,0.4629732847741239,0.7093166298553922,0.5122419537903776,0.9251417016983032,0.6664553995004234,ALLOW
137947fa-7833-4553-a808-c1977f0f7c62,1779421979935,-1,0.46297328604792876,0.6961658094133696,0.5096117907210169,0.9247259056568147,0.666730940843117,ALLOW
137947fa-7833-4553-a808-c1977f0f7c62,1779421980092,-1,0.46297327775524133,0.6817274960609391,0.5067241214163809,0.9247259056568147,0.6669891561704452,ALLOW
137947fa-7833-4553-a808-c1977f0f7c62,1779421980243,-1,0.46297327775524133,0.6678409653843976,0.5039468152810727,0.9247259056568147,0.6672307076608881,ALLOW
137947fa-7833-4553-a808-c1977f0f7c62,1779421980400,-1,0.46297334226393483,0.6534026520319671,0.5010592042175412,0.9247259056568147,0.6674549334846596,ALLOW
137947fa-7833-4553-a808-c1977f0f7c62,1779421980542,-1,0.46297329104607,0.6403437953692592,0.49844739191070786,0.9254741346836091,0.6676645228011091,ALLOW
137947fa-7833-4553-a808-c1977f0f7c62,1779421980702,-1,0.4629733247253769,0.6256295906788841,0.4955045779160784,0.9254741346836091,0.6678564552335908,ALLOW
137947fa-7833-4553-a808-c1977f0f7c62,1779421980835,-1,0.46297332447803674,0.6133984080300099,0.4930583411884314,0.9254741346836091,0.668033710245804,ALLOW
137947fa-7833-4553-a808-c1977f0f7c62,1779421980998,-1,0.46297328950305006,0.5984083120016903,0.4900602940027781,0.9254741346836091,0.6681929769749115,ALLOW
137947fa-7833-4553-a808-c1977f0f7c62,1779421981144,-1,0.4629732807682825,0.5849816002217231,0.48737494465897063,0.9248688137531281,0.6683370800370638,ALLOW
137947fa-7833-4553-a808-c1977f0f7c62,1779421981294,-1,0.4629733037194439,0.5711870333244965,0.4846160496404544,0.9248688137531281,0.6684646297279866,ALLOW
137947fa-7833-4553-a808-c1977f0f7c62,1779421981442,-1,0.4629733098199569,0.5575763939858995,0.48189392665314545,0.9248688137531281,0.6685758466802398,ALLOW
137947fa-7833-4553-a808-c1977f0f7c62,1779421981603,-1,0.46297322571344934,0.5427702255162097,0.47893262567400147,0.9248688137531281,0.6686692958248556,ALLOW
137947fa-7833-4553-a808-c1977f0f7c62,1779421981741,-1,0.4629732652432659,0.5300792239707611,0.4763944569887649,0.9287396168708801,0.6687655032705238,ALLOW
137947fa-7833-4553-a808-c1977f0f7c62,1779421981891,-1,0.46297322987334844,0.5162846570735345,0.4736355153133857,0.9287396168708801,0.6688451570673258,ALLOW
137947fa-7833-4553-a808-c1977f0f7c62,1779421982028,-1,0.46297327137956246,0.503685619307401,0.4711157409651302,0.9287396168708801,0.6689096922180384,ALLOW
137947fa-7833-4553-a808-c1977f0f7c62,1779421982191,-1,0.46297325590153005,0.48869552327908133,0.46811770937704034,0.9287396168708801,0.6689562391792225,ALLOW
137947fa-7833-4553-a808-c1977f0f7c62,1779421982330,-1,0.46297327801296495,0.475912557954318,0.4655611340012356,0.9265777832269669,0.6689916192397836,ALLOW
137947fa-7833-4553-a808-c1977f0f7c62,1779421982485,-1,0.46297328283505634,0.46165817216051713,0.46297328283505634,0.9265777832269669,0.6690114722013272,ALLOW
137947fa-7833-4553-a808-c1977f0f7c62,1779421982654,-1,0.46297328274085014,0.44611629345630854,0.46297328274085014,0.9265777832269669,0.6690313251626665,ALLOW
137947fa-7833-4553-a808-c1977f0f7c62,1779421982806,-1,0.46297328551734473,0.43213779900045224,0.46297328551734473,0.9265777832269669,0.6690511781409906,ALLOW
137947fa-7833-4553-a808-c1977f0f7c62,1779421982938,-1,0.46297329062118364,0.7357102345187525,0.5175206794006975,0.9295333361625672,0.6693923207455862,ALLOW
137947fa-7833-4553-a808-c1977f0f7c62,1779421983092,-1,0.46297329062118364,0.7357102345187525,0.5175206794006975,0.9295333361625672,0.6697334633501819,ALLOW
137947fa-7833-4553-a808-c1977f0f7c62,1779421983243,-1,0.46297329062118364,0.7357102345187525,0.5175206794006975,0.9295333361625672,0.6700746059547774,ALLOW
137947fa-7833-4553-a808-c1977f0f7c62,1779421983404,-1,0.46297327303956193,0.7357102345187525,0.5175206653354001,0.9295333361625672,0.6704157484795162,ALLOW
137947fa-7833-4553-a808-c1977f0f7c62,1779421983540,-1,0.4629732745804045,0.7357102345187525,0.5175206665680742,0.9298038637638093,0.6707656654829062,ALLOW
137947fa-7833-4553-a808-c1977f0f7c62,1779421983694,-1,0.4629732823904946,0.7357102345187525,0.5175206728161462,0.9298038637638093,0.6711155825237846,ALLOW
137947fa-7833-4553-a808-c1977f0f7c62,1779421983849,-1,0.4629732828673059,0.7357102345187525,0.5175206731975952,0.9298038637638093,0.6714654995669794,ALLOW
137947fa-7833-4553-a808-c1977f0f7c62,1779421983996,-1,0.462973283428727,0.7357102345187525,0.5175206736467322,0.9298038637638093,0.6718154166128604,ALLOW
137947fa-7833-4553-a808-c1977f0f7c62,1779421984139,-1,0.4629732821476258,0.7357102345187525,0.5175206726218512,0.928959665298462,0.6721510829616506,ALLOW
137947fa-7833-4553-a808-c1977f0f7c62,1779421984293,-1,0.46297328157964257,0.7357102345187525,0.5175206721674646,0.928959665298462,0.6724867493077145,ALLOW
137947fa-7833-4553-a808-c1977f0f7c62,1779421984445,-1,0.4629732825117423,0.7357102345187525,0.5175206729131444,0.928959665298462,0.6728224156652991,ALLOW
137947fa-7833-4553-a808-c1977f0f7c62,1779421984603,-1,0.4629732818944019,0.7357102345187525,0.517520672419272,0.928959665298462,0.6731580820185077,ALLOW
137947fa-7833-4553-a808-c1977f0f7c62,1779421984739,-1,0.4629732818380501,0.7357102345187525,0.5175206723741906,0.9310634827613831,0.6735082145970562,ALLOW
137947fa-7833-4553-a808-c1977f0f7c62,1779421984902,-1,0.46297328178029984,0.7357102345187525,0.5175206723279904,0.9310634827613831,0.6738583471755875,ALLOW
137947fa-7833-4553-a808-c1977f0f7c62,1779421985040,-1,0.46297328174159436,0.7357102345187525,0.517520672297026,0.9310634827613831,0.6742084797552295,ALLOW
137947fa-7833-4553-a808-c1977f0f7c62,1779421985204,-1,0.462973281839546,0.7357102345187525,0.5175206723753873,0.9310634827613831,0.6745586123248956,ALLOW
137947fa-7833-4553-a808-c1977f0f7c62,1779421985345,-1,0.4629732817723784,0.7357102345187525,0.5175206723216532,0.9296905404329301,0.6749031931507319,ALLOW
137947fa-7833-4553-a808-c1977f0f7c62,1779421985495,-1,0.4629732825984121,0.7357102345187525,0.5175206729824802,0.9296905404329301,0.6752477739805333,ALLOW
137947fa-7833-4553-a808-c1977f0f7c62,1779421985645,-1,0.4629732839762535,0.7357102345187525,0.5175206740847533,0.9296905404329301,0.6755923548169482,ALLOW
137947fa-7833-4553-a808-c1977f0f7c62,1779421985802,-1,0.46297328471842514,0.7357102345187525,0.5175206746784906,0.9296905404329301,0.6759369356569255,ALLOW
137947fa-7833-4553-a808-c1977f0f7c62,1779421985947,-1,0.46297328471842514,0.7357102345187525,0.5175206746784906,0.927959550023079,0.6762677180335582,ALLOW
137947fa-7833-4553-a808-c1977f0f7c62,1779421986083,-1,0.46297328438671226,0.7357102345187525,0.5175206744131203,0.927959550023079,0.6765985004072386,ALLOW
137947fa-7833-4553-a808-c1977f0f7c62,1779421986246,-1,0.46297328438671226,0.7357102345187525,0.5175206744131203,0.927959550023079,0.6769292827809191,ALLOW
137947fa-7833-4553-a808-c1977f0f7c62,1779421986404,-1,0.4629732771917576,0.7357102345187525,0.5175206686571566,0.927959550023079,0.6772600651228551,ALLOW
137947fa-7833-4553-a808-c1977f0f7c62,1779421986541,-1,0.4629732750986151,0.7357102345187525,0.5175206669826427,0.9279899662733079,0.6775914677952973,ALLOW
137947fa-7833-4553-a808-c1977f0f7c62,1779421986690,-1,0.4629732745577064,0.7357102345187525,0.5175206665499157,0.9279899662733079,0.6775955861238132,ALLOW
137947fa-7833-4553-a808-c1977f0f7c62,1779421986846,-1,0.4629732745577064,0.7357102345187525,0.5175206665499157,0.9279899662733079,0.6775997044499036,ALLOW
137947fa-7833-4553-a808-c1977f0f7c62,1779421987007,-1,0.46297327455498793,0.7357102345187525,0.5175206665477409,0.9279899662733079,0.6776038227738431,ALLOW
137947fa-7833-4553-a808-c1977f0f7c62,1779421987127,-1,0.4629732798620605,0.7357102345187525,0.5175206707933989,0.929536715745926,0.6776155060369541,ALLOW
137947fa-7833-4553-a808-c1977f0f7c62,1779421987292,-1,0.4629732795388246,0.7357102345187525,0.5175206705348102,0.929536715745926,0.6776271892981063,ALLOW
137947fa-7833-4553-a808-c1977f0f7c62,1779421987446,-1,0.46297327749180694,0.7357102345187525,0.5175206688971961,0.929536715745926,0.6776388725504497,ALLOW
137947fa-7833-4553-a808-c1977f0f7c62,1779421987599,-1,0.4629732791506369,0.7357102345187525,0.5175206702242601,0.929536715745926,0.6776505558107558,ALLOW
137947fa-7833-4553-a808-c1977f0f7c62,1779421987739,-1,0.4629732798284738,0.7357102345187525,0.5175206707665296,0.9302567011117936,0.6776657125351707,ALLOW
137947fa-7833-4553-a808-c1977f0f7c62,1779421987898,-1,0.46297328551812345,0.7357102345187525,0.5175206753182493,0.9302567011117936,0.6776808692873018,ALLOW
137947fa-7833-4553-a808-c1977f0f7c62,1779421988050,-1,0.4629732719972153,0.7357102345187525,0.5175206645015228,0.9302567011117936,0.6776960259746881,ALLOW
137947fa-7833-4553-a808-c1977f0f7c62,1779421988200,-1,0.46297326581823306,0.7357102345187525,0.517520659558337,0.9302567011117936,0.6777111826324154,ALLOW
137947fa-7833-4553-a808-c1977f0f7c62,1779421988341,-1,0.46297326548979134,0.7357102345187525,0.5175206592955837,0.929369775056839,0.6777103201707338,ALLOW
137947fa-7833-4553-a808-c1977f0f7c62,1779421988497,-1,0.4629732781232567,0.7357102345187525,0.517520669402356,0.929369775056839,0.677709457769684,ALLOW
137947fa-7833-4553-a808-c1977f0f7c62,1779421988645,-1,0.4629732706759151,0.7357102345187525,0.5175206634444827,0.929369775056839,0.6777085953328649,ALLOW
137947fa-7833-4553-a808-c1977f0f7c62,1779421988805,-1,0.46297326727351096,0.7357102345187525,0.5175206607225593,0.929369775056839,0.6777077328797141,ALLOW
137947fa-7833-4553-a808-c1977f0f7c62,1779421988938,-1,0.46297326727351096,0.7357102345187525,0.5175206607225593,0.9304033374786378,0.6777222348708192,ALLOW
137947fa-7833-4553-a808-c1977f0f7c62,1779421989098,-1,0.46297325518710575,0.7357102345187525,0.5175206510534351,0.9304033374786378,0.6777367368039314,ALLOW
137947fa-7833-4553-a808-c1977f0f7c62,1779421989241,-1,0.46297324799054573,0.7357102345187525,0.5175206452961871,0.9304033374786378,0.6777512387024975,ALLOW
137947fa-7833-4553-a808-c1977f0f7c62,1779421989400,-1,0.4629732463732157,0.7357102345187525,0.5175206440023231,0.9304033374786378,0.6777657405931369,ALLOW
137947fa-7833-4553-a808-c1977f0f7c62,1779421989530,-1,0.4629732454965356,0.7357102345187525,0.517520643300979,0.9302716141939164,0.6777625294930989,ALLOW
137947fa-7833-4553-a808-c1977f0f7c62,1779421989698,-1,0.46297323482580377,0.7357102345187525,0.5175206347643936,0.9302716141939164,0.6777593183416941,ALLOW
137947fa-7833-4553-a808-c1977f0f7c62,1779421989850,-1,0.4629732210620512,0.7357102345187525,0.5175206237533915,0.9302716141939164,0.6777561071242763,ALLOW
137947fa-7833-4553-a808-c1977f0f7c62,1779421990006,-1,0.46297320650091356,0.7357102345187525,0.5175206121044814,0.9302716141939164,0.6777528958369039,ALLOW
137947fa-7833-4553-a808-c1977f0f7c62,1779421990144,-1,0.46297321653032597,0.7357102345187525,0.5175206201280114,0.9288299536705018,0.6777568821438424,ALLOW
137947fa-7833-4553-a808-c1977f0f7c62,1779421990293,-1,0.4629733134526215,0.7357102345187525,0.5175206976658477,0.9288299536705018,0.6777608689158814,ALLOW
137947fa-7833-4553-a808-c1977f0f7c62,1779421990447,-1,0.4629733078239877,0.7357102345187525,0.5175206931629407,0.9288299536705018,0.6777648556609129,ALLOW
137947fa-7833-4553-a808-c1977f0f7c62,1779421990604,-1,0.46297325241604015,0.7357102345187525,0.5175206488365827,0.9288299536705018,0.6777688421400382,ALLOW
137947fa-7833-4553-a808-c1977f0f7c62,1779421990741,-1,0.4629731861711788,0.7357102345187525,0.5175205958406935,0.9301204180717468,0.6777675708516883,ALLOW
137947fa-7833-4553-a808-c1977f0f7c62,1779421990896,-1,0.46297329953782085,0.7357102345187525,0.5175206865340072,0.9301204180717468,0.6777663001078648,ALLOW
137947fa-7833-4553-a808-c1977f0f7c62,1779421991049,-1,0.46297333502510285,0.7357102345187525,0.5175207149238328,0.9301204180717468,0.6777650295341598,ALLOW
137947fa-7833-4553-a808-c1977f0f7c62,1779421991212,-1,0.4629733322575569,0.7357102345187525,0.517520712709796,0.9301204180717468,0.6777637589488202,ALLOW
137947fa-7833-4553-a808-c1977f0f7c62,1779421991339,-1,0.4629733236825728,0.7357102345187525,0.5175207058498088,0.9279994344711304,0.6777579383510249,ALLOW
137947fa-7833-4553-a808-c1977f0f7c62,1779421991497,-1,0.4629733030917873,0.7357102345187525,0.5175206893771804,0.9279994344711304,0.6777521176622509,ALLOW
137947fa-7833-4553-a808-c1977f0f7c62,1779421991647,-1,0.4629733248211323,0.7357102345187525,0.5175207067606564,0.9279994344711304,0.6777462970776349,ALLOW
137947fa-7833-4553-a808-c1977f0f7c62,1779421991801,-1,0.4629733036837025,0.7357102345187525,0.5175206898507125,0.9279994344711304,0.6777404763558056,ALLOW
137947fa-7833-4553-a808-c1977f0f7c62,1779421991935,-1,0.46297330238998224,0.7357102345187525,0.5175206888157363,0.9313048279285432,0.677753779242651,ALLOW
137947fa-7833-4553-a808-c1977f0f7c62,1779421992080,-1,0.4629732996573013,0.7357102345187525,0.5175206866295916,0.9313048279285432,0.6777670821252382,ALLOW
137947fa-7833-4553-a808-c1977f0f7c62,1779421992240,-1,0.4629732925035701,0.7357102345187525,0.5175206809066066,0.9313048279285432,0.6777803849734227,ALLOW
137947fa-7833-4553-a808-c1977f0f7c62,1779421992396,-1,0.4629733017034676,0.7357102345187525,0.5175206882665246,0.9313048279285432,0.6777936878475015,ALLOW
137947fa-7833-4553-a808-c1977f0f7c62,1779421992538,-1,0.4629732926902741,0.7357102345187525,0.5175206810559698,0.927635726928711,0.6777967563343112,ALLOW
137947fa-7833-4553-a808-c1977f0f7c62,1779421992697,-1,0.4629732906236652,0.7357102345187525,0.5175206794026828,0.927635726928711,0.6777998248174736,ALLOW
137947fa-7833-4553-a808-c1977f0f7c62,1779421992845,-1,0.462973289085739,0.7357102345187525,0.5175206781723417,0.927635726928711,0.6778028932951196,ALLOW
137947fa-7833-4553-a808-c1977f0f7c62,1779421993003,-1,0.4629732826194186,0.7357102345187525,0.5175206729992854,0.927635726928711,0.6778059617401432,ALLOW
137947fa-7833-4553-a808-c1977f0f7c62,1779421993133,-1,0.46297328269349736,0.7357102345187525,0.5175206730585484,0.9319814956188203,0.6778209117238498,ALLOW
137947fa-7833-4553-a808-c1977f0f7c62,1779421993302,-1,0.46297328267314075,0.7357102345187525,0.5175206730422631,0.9319814956188203,0.6778358617074588,ALLOW
137947fa-7833-4553-a808-c1977f0f7c62,1779421993435,-1,0.4629732827838906,0.7357102345187525,0.517520673130863,0.9319814956188203,0.6778508116945047,ALLOW
137947fa-7833-4553-a808-c1977f0f7c62,1779421993601,-1,0.4629732821818322,0.7357102345187525,0.5175206726492163,0.9319814956188203,0.6778657616800888,ALLOW
137947fa-7833-4553-a808-c1977f0f7c62,1779421993737,-1,0.4629732821597732,0.7357102345187525,0.5175206726315691,0.9287742173671723,0.6778705332117799,ALLOW
137947fa-7833-4553-a808-c1977f0f7c62,1779421993895,-1,0.46297328194302456,0.7357102345187525,0.5175206724581702,0.9287742173671723,0.677875304739365,ALLOW
137947fa-7833-4553-a808-c1977f0f7c62,1779421994043,-1,0.462973281984848,0.7357102345187525,0.5175206724916289,0.9287742173671723,0.6778800762664488,ALLOW
137947fa-7833-4553-a808-c1977f0f7c62,1779421994201,-1,0.46297328198478405,0.7357102345187525,0.5175206724915777,0.9287742173671723,0.6778848477983592,ALLOW
137947fa-7833-4553-a808-c1977f0f7c62,1779421994344,-1,0.46297328195844867,0.7357102345187525,0.5175206724705095,0.9303603148460389,0.6779057222371921,ALLOW
137947fa-7833-4553-a808-c1977f0f7c62,1779421994495,-1,0.4629732817500878,0.7357102345187525,0.5175206723038208,0.9303603148460389,0.6779265966744176,ALLOW
137947fa-7833-4553-a808-c1977f0f7c62,1779421994643,-1,0.4629732817365002,0.7357102345187525,0.5175206722929507,0.9303603148460389,0.6779629210235482,ALLOW
137947fa-7833-4553-a808-c1977f0f7c62,1779421994799,-1,0.46297328310551045,0.7357102345187525,0.5175206733881589,0.9303603148460389,0.6780154677937257,ALLOW
137947fa-7833-4553-a808-c1977f0f7c62,1779421994942,-1,0.4629732817374381,0.7357102345187525,0.517520672293701,0.9269017672538757,0.6780716245295499,ALLOW
137947fa-7833-4553-a808-c1977f0f7c62,1779421995097,-1,0.46297328171672447,0.7357102345187525,0.5175206722771302,0.9269017672538757,0.6781451072811028,ALLOW
137947fa-7833-4553-a808-c1977f0f7c62,1779421995246,-1,0.4629732817620871,0.7357102345187525,0.5175206723134202,0.9269017672538757,0.678235253869685,ALLOW
137947fa-7833-4553-a808-c1977f0f7c62,1779421995408,-1,0.4629732818169012,0.7357102345187525,0.5175206723572715,0.9269017672538757,0.6783427261249118,ALLOW
137947fa-7833-4553-a808-c1977f0f7c62,1779421995538,-1,0.46297329210558824,0.7357102345187525,0.5175206805882211,0.9294839835166931,0.6784732052523091,ALLOW
137947fa-7833-4553-a808-c1977f0f7c62,1779421995699,-1,0.46297329045291824,0.7357102345187525,0.5175206792660851,0.9294839835166931,0.6786213412557416,ALLOW
137947fa-7833-4553-a808-c1977f0f7c62,1779421995846,-1,0.4629732848989552,0.7357102345187525,0.5175206748229146,0.9294839835166931,0.6787841546528807,ALLOW
137947fa-7833-4553-a808-c1977f0f7c62,1779421996003,-1,0.4629732861498943,0.7357102345187525,0.517520675823666,0.9294839835166931,0.6789649563391383,ALLOW
137947fa-7833-4553-a808-c1977f0f7c62,1779421996141,-1,0.4629732930507646,0.7357102345187525,0.5175206813443622,0.9313038623332978,0.6791715709535714,ALLOW
137947fa-7833-4553-a808-c1977f0f7c62,1779421996296,-1,0.46297328475192256,0.7357102345187525,0.5175206747052886,0.9313038623332978,0.679394738898281,ALLOW
137947fa-7833-4553-a808-c1977f0f7c62,1779421996447,-1,0.4629732849296584,0.7357102345187525,0.5175206748474772,0.9313038623332978,0.6796342395817676,ALLOW
137947fa-7833-4553-a808-c1977f0f7c62,1779421996599,-1,0.4629732849296584,0.7357102345187525,0.5175206748474772,0.9313038623332978,0.6798915080711291,ALLOW
137947fa-7833-4553-a808-c1977f0f7c62,1779421996740,-1,0.4629732849296584,0.7357102345187525,0.5175206748474772,0.9283422476053238,0.6801366759012191,ALLOW
137947fa-7833-4553-a808-c1977f0f7c62,1779421996902,-1,0.46297328566913354,0.7357102345187525,0.5175206754390573,0.9283422476053238,0.6803983973849109,ALLOW
137947fa-7833-4553-a808-c1977f0f7c62,1779421997041,-1,0.46297328629668977,0.7357102345187525,0.5175206759411024,0.9283422476053238,0.6806752375177045,ALLOW
137947fa-7833-4553-a808-c1977f0f7c62,1779421997195,-1,0.46297328629668977,0.7357102345187525,0.5175206759411024,0.9283422476053238,0.6809700658400267,ALLOW
137947fa-7833-4553-a808-c1977f0f7c62,1779421997339,-1,0.46297328629668977,0.7357102345187525,0.5175206759411024,0.9290333992242814,0.6812916455556552,ALLOW
137947fa-7833-4553-a808-c1977f0f7c62,1779421997506,-1,0.46297328629668977,0.7357102345187525,0.5175206759411024,0.9290333992242814,0.6816287523782806,ALLOW
137947fa-7833-4553-a808-c1977f0f7c62,1779421997641,-1,0.462973286046628,0.7357102345187525,0.517520675741053,0.9290333992242814,0.6819658592002712,ALLOW
137947fa-7833-4553-a808-c1977f0f7c62,1779421997800,-1,0.462973286658662,0.7357102345187525,0.5175206762306801,0.9290333992242814,0.6823029660085406,ALLOW
137947fa-7833-4553-a808-c1977f0f7c62,1779421997938,-1,0.462973286658662,0.7357102345187525,0.5175206762306801,0.9290627694129945,0.6823010837225223,ALLOW
137947fa-7833-4553-a808-c1977f0f7c62,1779421998096,-1,0.4629732833641049,0.7357102345187525,0.5175206735950345,0.9290627694129945,0.6822992014206899,ALLOW
137947fa-7833-4553-a808-c1977f0f7c62,1779421998228,-1,0.46297328219105993,0.7357102345187525,0.5175206726565985,0.9290627694129945,0.6822973191132271,ALLOW
137947fa-7833-4553-a808-c1977f0f7c62,1779421998391,-1,0.4629732817596952,0.7357102345187525,0.5175206723115067,0.9290627694129945,0.6822954368880855,ALLOW
137947fa-7833-4553-a808-c1977f0f7c62,1779421998542,-1,0.46297328176870534,0.7357102345187525,0.5175206723187148,0.9280601865053177,0.6822884622135554,ALLOW
137947fa-7833-4553-a808-c1977f0f7c62,1779421998692,-1,0.4629732817058163,0.7357102345187525,0.5175206722684036,0.9280601865053177,0.6822814875012349,ALLOW
137947fa-7833-4553-a808-c1977f0f7c62,1779421998849,-1,0.4629732817058163,0.7357102345187525,0.5175206722684036,0.9280601865053177,0.6822745127866257,ALLOW
137947fa-7833-4553-a808-c1977f0f7c62,1779421999001,-1,0.4629732817058163,0.7357102345187525,0.5175206722684036,0.9280601865053177,0.6822675380693218,ALLOW
137947fa-7833-4553-a808-c1977f0f7c62,1779421999141,-1,0.46297328319133735,0.7357102345187525,0.5175206734568204,0.9271951204538346,0.6822604798949531,ALLOW
137947fa-7833-4553-a808-c1977f0f7c62,1779421999296,-1,0.4629732820880923,0.7357102345187525,0.5175206725742244,0.9271951204538346,0.6822534217180152,ALLOW
137947fa-7833-4553-a808-c1977f0f7c62,1779421999448,-1,0.4629732821185415,0.7357102345187525,0.5175206725985837,0.9271951204538346,0.6822463635367494,ALLOW
137947fa-7833-4553-a808-c1977f0f7c62,1779421999610,-1,0.46297325022545355,0.7357102345187525,0.5175206470841134,0.9271951204538346,0.6822393052053597,ALLOW
137947fa-7833-4553-a808-c1977f0f7c62,1779421999741,-1,0.4629732450066084,0.7357102345187525,0.5175206429090373,0.9292638278007508,0.6822321064087263,ALLOW
137947fa-7833-4553-a808-c1977f0f7c62,1779421999896,-1,0.4629732468546741,0.7357102345187525,0.5175206443874898,0.9292638278007508,0.6822249076212407,ALLOW
137947fa-7833-4553-a808-c1977f0f7c62,1779422000046,-1,0.462973244707505,0.7357102345187525,0.5175206426697545,0.9292638278007508,0.6822177088236347,ALLOW
137947fa-7833-4553-a808-c1977f0f7c62,1779422000207,-1,0.462973244707505,0.7357102345187525,0.5175206426697545,0.9292638278007508,0.6822105100255584,ALLOW
137947fa-7833-4553-a808-c1977f0f7c62,1779422000340,-1,0.4629732444602068,0.7357102345187525,0.517520642471916,0.9274129694700242,0.6822013995626083,ALLOW
137947fa-7833-4553-a808-c1977f0f7c62,1779422000497,-1,0.4629732565249802,0.7357102345187525,0.5175206521237348,0.9274129694700242,0.6821922891536041,ALLOW
137947fa-7833-4553-a808-c1977f0f7c62,1779422000648,-1,0.4629732565249802,0.7357102345187525,0.5175206521237348,0.9274129694700242,0.6821831787379863,ALLOW
137947fa-7833-4553-a808-c1977f0f7c62,1779422000791,-1,0.46297324627664804,0.7357102345187525,0.517520643925069,0.9274129694700242,0.6821740682696141,ALLOW
137947fa-7833-4553-a808-c1977f0f7c62,1779422000940,-1,0.46297324627664804,0.7357102345187525,0.517520643925069,0.9131812220811845,0.6821149547733261,ALLOW
137947fa-7833-4553-a808-c1977f0f7c62,1779422001093,-1,0.46297326827729446,0.7357102345187525,0.5175206615255861,0.9131812220811845,0.6820558413842335,ALLOW
137947fa-7833-4553-a808-c1977f0f7c62,1779422001247,-1,0.4629732730719873,0.7357102345187525,0.5175206653613404,0.9131812220811845,0.6819967280181553,ALLOW
137947fa-7833-4553-a808-c1977f0f7c62,1779422001398,-1,0.46297327019232126,0.7357102345187525,0.5175206630576076,0.9131812220811845,0.6819376146727903,ALLOW
137947fa-7833-4553-a808-c1977f0f7c62,1779422001541,-1,0.4629732665071955,0.7357102345187525,0.5175206601095069,0.9290659880638124,0.6819419187187133,ALLOW
137947fa-7833-4553-a808-c1977f0f7c62,1779422001696,-1,0.46297327155536117,0.7357102345187525,0.5175206641480394,0.9290659880638124,0.681946222791464,ALLOW
137947fa-7833-4553-a808-c1977f0f7c62,1779422001839,-1,0.46297327174480896,0.7357102345187525,0.5175206642995978,0.9290659880638124,0.6819505268651241,ALLOW
137947fa-7833-4553-a808-c1977f0f7c62,1779422002000,-1,0.46297326950241247,0.7357102345187525,0.5175206625056805,0.9290659880638124,0.6819548309280339,ALLOW
137947fa-7833-4553-a808-c1977f0f7c62,1779422002129,-1,0.46297326950241247,0.7357102345187525,0.5175206625056805,0.9307607686519623,0.6819597270899318,ALLOW
137947fa-7833-4553-a808-c1977f0f7c62,1779422002293,-1,0.4629732735509142,0.7357102345187525,0.517520665744482,0.9307607686519623,0.6819646232728139,ALLOW
137947fa-7833-4553-a808-c1977f0f7c62,1779422002446,-1,0.46297327477097183,0.7357102345187525,0.517520666720528,0.9307607686519623,0.6819695194713782,ALLOW
137947fa-7833-4553-a808-c1977f0f7c62,1779422002601,-1,0.4629732754138516,0.7357102345187525,0.5175206672348318,0.9307607686519623,0.6819744156650657,ALLOW
137947fa-7833-4553-a808-c1977f0f7c62,1779422002748,-1,0.462973269896517,0.7357102345187525,0.5175206628209641,0.9304403251409531,0.6819751501135091,ALLOW
137947fa-7833-4553-a808-c1977f0f7c62,1779422002886,-1,0.462973281095594,0.7357102345187525,0.5175206717802258,0.9304403251409531,0.6819758845883974,ALLOW
137947fa-7833-4553-a808-c1977f0f7c62,1779422003046,-1,0.4629732757879297,0.7357102345187525,0.5175206675340943,0.9304403251409531,0.6819766191027096,ALLOW
137947fa-7833-4553-a808-c1977f0f7c62,1779422003204,-1,0.46297328087274914,0.7357102345187525,0.5175206716019498,0.9304403251409531,0.681977353671088,ALLOW
137947fa-7833-4553-a808-c1977f0f7c62,1779422003341,-1,0.4629732792568255,0.7357102345187525,0.517520670309211,0.9298545306921006,0.6819792927597108,ALLOW
137947fa-7833-4553-a808-c1977f0f7c62,1779422003497,-1,0.46297328054770737,0.7357102345187525,0.5175206713419165,0.9298545306921006,0.6819812317938891,ALLOW
137947fa-7833-4553-a808-c1977f0f7c62,1779422003646,-1,0.46297328054770737,0.7220076314008408,0.514780150718334,0.9298545306921006,0.6819667277400733,ALLOW
137947fa-7833-4553-a808-c1977f0f7c62,1779422003804,-1,0.4629732835061191,0.7074773542690953,0.5118740976587144,0.9298545306921006,0.6819347873842312,ALLOW
137947fa-7833-4553-a808-c1977f0f7c62,1779422003932,-1,0.4629732815105545,0.6957059905167954,0.5095198233118027,0.929694322347641,0.6818839462992426,ALLOW
137947fa-7833-4553-a808-c1977f0f7c62,1779422004097,-1,0.4629732832695248,0.6805319669298461,0.5064850200015891,0.929694322347641,0.6818148964524076,ALLOW
137947fa-7833-4553-a808-c1977f0f7c62,1779422004243,-1,0.462973283452885,0.6671052551498788,0.5037996777922839,0.929694322347641,0.6817297345868601,ALLOW
137947fa-7833-4553-a808-c1977f0f7c62,1779422004399,-1,0.46297328205778543,0.6527589055767632,0.500930406761581,0.929694322347641,0.6816273571028918,ALLOW
137947fa-7833-4553-a808-c1977f0f7c62,1779422004538,-1,0.46297328203165944,0.6399759402519998,0.49837381367572753,0.9279817855358125,0.6815033168105079,ALLOW
137947fa-7833-4553-a808-c1977f0f7c62,1779422004693,-1,0.4629732823110011,0.625721554458199,0.4955229367404407,0.9279817855358125,0.6813621713077316,ALLOW
137947fa-7833-4553-a808-c1977f0f7c62,1779422004848,-1,0.46297328233194346,0.6114671686643982,0.49267205959843446,0.9279817855358125,0.6812039206081696,ALLOW
137947fa-7833-4553-a808-c1977f0f7c62,1779422004995,-1,0.46297328241123603,0.5979484931051161,0.48996832455001205,0.9279817855358125,0.6810294475682105,ALLOW
137947fa-7833-4553-a808-c1977f0f7c62,1779422005135,-1,0.4629732817250396,0.5850735640010379,0.4873933381802393,0.9277407622337341,0.6808443271107767,ALLOW
137947fa-7833-4553-a808-c1977f0f7c62,1779422005293,-1,0.4629732817250396,0.5705432868692926,0.4844872827538902,0.9277407622337341,0.6806417698555579,ALLOW
137947fa-7833-4553-a808-c1977f0f7c62,1779422005446,-1,0.4629732817148682,0.5564728286341214,0.48167319109871887,0.9277407622337341,0.6804223280774255,ALLOW
137947fa-7833-4553-a808-c1977f0f7c62,1779422005599,-1,0.462973281715795,0.5424023703989502,0.47885909945242605,0.9277407622337341,0.6801860020153734,ALLOW
137947fa-7833-4553-a808-c1977f0f7c62,1779422005740,-1,0.46297328176299435,0.5294354775155572,0.47626572091350694,0.9282373195886613,0.6799309403718781,ALLOW
137947fa-7833-4553-a808-c1977f0f7c62,1779422005897,-1,0.4629732817086776,0.5149971641631267,0.47337805819956746,0.9282373195886613,0.679658552207939,ALLOW
137947fa-7833-4553-a808-c1977f0f7c62,1779422006047,-1,0.4629732817087975,0.5012025972659001,0.47061914482021805,0.9282373195886613,0.679369610393385,ALLOW
137947fa-7833-4553-a808-c1977f0f7c62,1779422006197,-1,0.46297328170692476,0.48740803036867353,0.4678602314392746,0.9282373195886613,0.6790641151118295,ALLOW
137947fa-7833-4553-a808-c1977f0f7c62,1779422006342,-1,0.4629732817071257,0.4740732823680211,0.4651932818393048,0.9295896089076996,0.6787565112655127,ALLOW
137947fa-7833-4553-a808-c1977f0f7c62,1779422006493,-1,0.462973281713819,0.46018675169147966,0.462973281713819,0.9295896089076996,0.6784355875172788,ALLOW
137947fa-7833-4553-a808-c1977f0f7c62,1779422006643,-1,0.462973281713819,0.4463921847942531,0.462973281713819,0.9295896089076996,0.678114663664744,ALLOW
137947fa-7833-4553-a808-c1977f0f7c62,1779422006800,-1,0.46297328171395,0.43195387144182257,0.46297328171395,0.9295896089076996,0.6777937399136698,ALLOW
137947fa-7833-4553-a808-c1977f0f7c62,1779422006946,-1,0.46297328171552143,0.41852715966185533,0.46297328171552143,0.9290545618534088,0.677457454406768,ALLOW
137947fa-7833-4553-a808-c1977f0f7c62,1779422007072,-1,0.46297328171552143,0.7357102345187525,0.5175206722761677,0.9290545618534088,0.677448453256347,ALLOW
137947fa-7833-4553-a808-c1977f0f7c62,1779422007240,-1,0.4629732817162975,0.7357102345187525,0.5175206722767886,0.9290545618534088,0.6774394521402676,ALLOW
137947fa-7833-4553-a808-c1977f0f7c62,1779422007398,-1,0.46297328171564156,0.7357102345187525,0.5175206722762637,0.9290545618534088,0.6774304509800254,ALLOW
137947fa-7833-4553-a808-c1977f0f7c62,1779422007542,-1,0.4629732817157475,0.7357102345187525,0.5175206722763486,0.9290860778093338,0.67743625233087,ALLOW
137947fa-7833-4553-a808-c1977f0f7c62,1779422007692,-1,0.4629732818233461,0.7357102345187525,0.5175206723624274,0.9290860778093338,0.677442053692151,ALLOW
137947fa-7833-4553-a808-c1977f0f7c62,1779422007846,-1,0.4629732818273513,0.7357102345187525,0.5175206723656316,0.9290860778093338,0.6774478550608332,ALLOW
137947fa-7833-4553-a808-c1977f0f7c62,1779422008009,-1,0.46297328170780383,0.7357102345187525,0.5175206722699937,0.9290860778093338,0.67745365645998,ALLOW
137947fa-7833-4553-a808-c1977f0f7c62,1779422008137,-1,0.46297328184185993,0.7357102345187525,0.5175206723772385,0.9298320269584657,0.6774450585812508,ALLOW
137947fa-7833-4553-a808-c1977f0f7c62,1779422008294,-1,0.46297328192808895,0.7357102345187525,0.5175206724462217,0.9298320269584657,0.6774364607030333,ALLOW
137947fa-7833-4553-a808-c1977f0f7c62,1779422008445,-1,0.4629732819171837,0.7357102345187525,0.5175206724374974,0.9298320269584657,0.6774278628242315,ALLOW
137947fa-7833-4553-a808-c1977f0f7c62,1779422008598,-1,0.4629732819679333,0.7357102345187525,0.5175206724780972,0.9298320269584657,0.6774192649485634,ALLOW
137947fa-7833-4553-a808-c1977f0f7c62,1779422008748,-1,0.46297328193955223,0.7357102345187525,0.5175206724553923,0.9292187398672105,0.6774210430375065,ALLOW
137947fa-7833-4553-a808-c1977f0f7c62,1779422008897,-1,0.4629732821374184,0.7357102345187525,0.5175206726136853,0.9292187398672105,0.6774228211284398,ALLOW
137947fa-7833-4553-a808-c1977f0f7c62,1779422009052,-1,0.4629732821374184,0.7357102345187525,0.5175206726136853,0.9292187398672105,0.6774245992191723,ALLOW
137947fa-7833-4553-a808-c1977f0f7c62,1779422009195,-1,0.4629732814992753,0.7357102345187525,0.5175206721031708,0.9292187398672105,0.6774263773068421,ALLOW
137947fa-7833-4553-a808-c1977f0f7c62,1779422009343,-1,0.4629732733497183,0.7357102345187525,0.5175206655835252,0.9306488937139512,0.6774275315809917,ALLOW
137947fa-7833-4553-a808-c1977f0f7c62,1779422009496,-1,0.46297326308065045,0.7357102345187525,0.5175206573682709,0.9306488937139512,0.67742868580685,ALLOW
137947fa-7833-4553-a808-c1977f0f7c62,1779422009648,-1,0.4629732749738591,0.7357102345187525,0.5175206668828378,0.9306488937139512,0.677429840089861,ALLOW
137947fa-7833-4553-a808-c1977f0f7c62,1779422009803,-1,0.4629732749738591,0.7357102345187525,0.5175206668828378,0.9306488937139512,0.6774309943663007,ALLOW
137947fa-7833-4553-a808-c1977f0f7c62,1779422009944,-1,0.4629732756617613,0.7357102345187525,0.5175206674331596,0.9261937713623047,0.6774281623535713,ALLOW
137947fa-7833-4553-a808-c1977f0f7c62,1779422010097,-1,0.4629732771480135,0.7357102345187525,0.5175206686221614,0.9261937713623047,0.6774253303480752,ALLOW
137947fa-7833-4553-a808-c1977f0f7c62,1779422010242,-1,0.4629732771480135,0.7357102345187525,0.5175206686221614,0.9261937713623047,0.6774224983423613,ALLOW
137947fa-7833-4553-a808-c1977f0f7c62,1779422010402,-1,0.4629732771480135,0.7357102345187525,0.5175206686221614,0.9261937713623047,0.6774196663363844,ALLOW
137947fa-7833-4553-a808-c1977f0f7c62,1779422010541,-1,0.4629732771480135,0.7357102345187525,0.5175206686221614,0.9237896269559861,0.677396888838345,ALLOW
137947fa-7833-4553-a808-c1977f0f7c62,1779422010687,-1,0.46297327777655495,0.7357102345187525,0.5175206691249945,0.9237896269559861,0.6773741113512557,ALLOW
137947fa-7833-4553-a808-c1977f0f7c62,1779422010845,-1,0.46297327777655495,0.7357102345187525,0.5175206691249945,0.9237896269559861,0.6773513338908254,ALLOW
137947fa-7833-4553-a808-c1977f0f7c62,1779422011003,-1,0.46297328032151586,0.7357102345187525,0.5175206711609632,0.9237896269559861,0.6773285564366062,ALLOW
137947fa-7833-4553-a808-c1977f0f7c62,1779422011148,-1,0.4629732810369869,0.7357102345187525,0.51752067173334,0.9248574411869049,0.6773027706943544,ALLOW
137947fa-7833-4553-a808-c1977f0f7c62,1779422011286,-1,0.4629732804562112,0.7357102345187525,0.5175206712687195,0.9248574411869049,0.6772769849891495,ALLOW
137947fa-7833-4553-a808-c1977f0f7c62,1779422011441,-1,0.46297328077885,0.7357102345187525,0.5175206715268306,0.9248574411869049,0.6772511992846403,ALLOW
137947fa-7833-4553-a808-c1977f0f7c62,1779422011598,-1,0.46297328077885,0.7357102345187525,0.5175206715268306,0.9248574411869049,0.6772254135801309,ALLOW
137947fa-7833-4553-a808-c1977f0f7c62,1779422011741,-1,0.4629732825178634,0.7357102345187525,0.5175206729180413,0.9252487218379974,0.6772130394654848,ALLOW
137947fa-7833-4553-a808-c1977f0f7c62,1779422011890,-1,0.46297328286562833,0.7357102345187525,0.5175206731962532,0.9252487218379974,0.6772006653489586,ALLOW
137947fa-7833-4553-a808-c1977f0f7c62,1779422012044,-1,0.46297328286562833,0.7357102345187525,0.5175206731962532,0.9252487218379974,0.6771882912294203,ALLOW
137947fa-7833-4553-a808-c1977f0f7c62,1779422012194,-1,0.4629732829292903,0.7357102345187525,0.5175206732471828,0.9252487218379974,0.6771759171101875,ALLOW
137947fa-7833-4553-a808-c1977f0f7c62,1779422012338,-1,0.4629732817069052,0.7357102345187525,0.5175206722692747,0.9266043639183045,0.6771662009469326,ALLOW
137947fa-7833-4553-a808-c1977f0f7c62,1779422012493,-1,0.4629732817065031,0.7357102345187525,0.517520672268953,0.9266043639183045,0.6771564847836757,ALLOW
137947fa-7833-4553-a808-c1977f0f7c62,1779422012647,-1,0.46297328170678775,0.7357102345187525,0.5175206722691807,0.9266043639183045,0.6771467686216206,ALLOW
137947fa-7833-4553-a808-c1977f0f7c62,1779422012799,-1,0.46297328170678775,0.7357102345187525,0.5175206722691807,0.9266043639183045,0.6771370524566277,ALLOW
137947fa-7833-4553-a808-c1977f0f7c62,1779422012941,-1,0.46297328170582497,0.7357102345187525,0.5175206722684105,0.925492856502533,0.677122772781212,ALLOW
137947fa-7833-4553-a808-c1977f0f7c62,1779422013097,-1,0.4629732817058221,0.7357102345187525,0.5175206722684083,0.925492856502533,0.6771084931216106,ALLOW
137947fa-7833-4553-a808-c1977f0f7c62,1779422013253,-1,0.46297328170582497,0.7357102345187525,0.5175206722684105,0.925492856502533,0.6770942134676396,ALLOW
137947fa-7833-4553-a808-c1977f0f7c62,1779422013390,-1,0.46297328170582497,0.7357102345187525,0.5175206722684105,0.925492856502533,0.6770799338157392,ALLOW
137947fa-7833-4553-a808-c1977f0f7c62,1779422013542,-1,0.46297328170582497,0.7357102345187525,0.5175206722684105,0.9264462745189668,0.6770734781674919,ALLOW
137947fa-7833-4553-a808-c1977f0f7c62,1779422013692,-1,0.46297328170582497,0.7357102345187525,0.5175206722684105,0.9264462745189668,0.6770670225195465,ALLOW
137947fa-7833-4553-a808-c1977f0f7c62,1779422013844,-1,0.46297328170582785,0.7357102345187525,0.5175206722684128,0.9264462745189668,0.6770605668716011,ALLOW
137947fa-7833-4553-a808-c1977f0f7c62,1779422014000,-1,0.46297328170582497,0.7357102345187525,0.5175206722684105,0.9264462745189668,0.6770541112236558,ALLOW
137947fa-7833-4553-a808-c1977f0f7c62,1779422014142,-1,0.46297328170582785,0.7357102345187525,0.5175206722684128,0.9279148644208909,0.6770569901923936,ALLOW
137947fa-7833-4553-a808-c1977f0f7c62,1779422014300,-1,0.4629732817058472,0.7344227416083446,0.5172631736863467,0.9279148644208909,0.6770583241749345,ALLOW
137947fa-7833-4553-a808-c1977f0f7c62,1779422014442,-1,0.46297328170587804,0.7213638849456369,0.5146514023538298,0.9279148644208909,0.6770439875293343,ALLOW
137947fa-7833-4553-a808-c1977f0f7c62,1779422014598,-1,0.4629732817059673,0.7070175353725211,0.5117821324392781,0.9279148644208909,0.6770124354173336,ALLOW
137947fa-7833-4553-a808-c1977f0f7c62,1779422014738,-1,0.4629732817060368,0.694142606268443,0.5092071466185181,0.9268323516845703,0.676952828535126,ALLOW
137947fa-7833-4553-a808-c1977f0f7c62,1779422014871,-1,0.46297328175449803,0.6819114236195687,0.5067609101275122,0.9268323516845703,0.6768785442251013,ALLOW
137947fa-7833-4553-a808-c1977f0f7c62,1779422015038,-1,0.4629732817628185,0.6665534724739898,0.5036893199050527,0.9268323516845703,0.6767858303840484,ALLOW
137947fa-7833-4553-a808-c1977f0f7c62,1779422015196,-1,0.4629732817549892,0.6520231953422444,0.5007832644724403,0.9268323516845703,0.6766756802103997,ALLOW
137947fa-7833-4553-a808-c1977f0f7c62,1779422015351,-1,0.4629732840398262,0.6377688095484436,0.4979323891415497,0.9274364119768144,0.6765582444604448,ALLOW
137947fa-7833-4553-a808-c1977f0f7c62,1779422015483,-1,0.4629732855836919,0.6256295906788841,0.49550454660273036,0.9274364119768144,0.6764262415973458,ALLOW
137947fa-7833-4553-a808-c1977f0f7c62,1779422015648,-1,0.4629732862382585,0.6104555670919349,0.49246974240899377,0.9274364119768144,0.6762760299090845,ALLOW
137947fa-7833-4553-a808-c1977f0f7c62,1779422015798,-1,0.46297328935762816,0.5966610001947082,0.48971083152504424,0.9274364119768144,0.6761092648047115,ALLOW
137947fa-7833-4553-a808-c1977f0f7c62,1779422015945,-1,0.4629733301812293,0.5831423246354263,0.4870071290720688,0.9273701882362366,0.6759829395802137,ALLOW
137947fa-7833-4553-a808-c1977f0f7c62,1779422016092,-1,0.4629733380677252,0.5696236490761442,0.48430340026940905,0.9273701882362366,0.6758403918772968,ALLOW
137947fa-7833-4553-a808-c1977f0f7c62,1779422016247,-1,0.4629733351590921,0.5553692632823433,0.48145252078374234,0.9273701882362366,0.6756807388744516,ALLOW
137947fa-7833-4553-a808-c1977f0f7c62,1779422016400,-1,0.4629733118153032,0.5412988050471722,0.47863841046167704,0.9273701882362366,0.6755042012234962,ALLOW
137947fa-7833-4553-a808-c1977f0f7c62,1779422016535,-1,0.46297331357162186,0.5288836948396681,0.4761553898252311,0.9262045270204544,0.675244563757617,ALLOW
137947fa-7833-4553-a808-c1977f0f7c62,1779422016692,-1,0.4629732892905525,0.5144453814872376,0.4732677077298895,0.9262045270204544,0.6749676001749346,ALLOW
137947fa-7833-4553-a808-c1977f0f7c62,1779422016848,-1,0.46297332678486547,0.5000990319141221,0.4703984678107168,0.9262045270204544,0.6746734211518277,ALLOW
137947fa-7833-4553-a808-c1977f0f7c62,1779422016998,-1,0.46297332806432534,0.48630446501689545,0.4676395554548394,0.9262045270204544,0.6743626886653494,ALLOW
137947fa-7833-4553-a808-c1977f0f7c62,1779422017131,-1,0.46297330863014485,0.4740732823680211,0.46519330337772014,0.9288775628805161,0.6740411916874959,ALLOW
137947fa-7833-4553-a808-c1977f0f7c62,1779422017287,-1,0.4629732988288451,0.4597269327949055,0.4629732988288451,0.9288775628805161,0.6737063746629163,ALLOW
137947fa-7833-4553-a808-c1977f0f7c62,1779422017449,-1,0.4629732902939283,0.4448288005459007,0.4629732902939283,0.9288775628805161,0.6733715575812709,ALLOW
137947fa-7833-4553-a808-c1977f0f7c62,1779422017589,-1,0.4629732838079714,0.43195387144182257,0.4629732838079714,0.9288775628805161,0.6730367404576237,ALLOW
137947fa-7833-4553-a808-c1977f0f7c62,1779422017734,-1,0.4629732826186428,0.41861912344117014,0.4629732826186428,0.9290829932689667,0.672704026848922,ALLOW
137947fa-7833-4553-a808-c1977f0f7c62,1779422017891,-1,0.46297328264210846,0.40418081008873963,0.46297328264210846,0.9290829932689667,0.6723713131866053,ALLOW
137947fa-7833-4553-a808-c1977f0f7c62,1779422018041,-1,0.4629732843426082,0.39038624319151305,0.4629732843426082,0.9290829932689667,0.6720385995599685,ALLOW
137947fa-7833-4553-a808-c1977f0f7c62,1779422018197,-1,0.46297328383760017,0.3760398936183974,0.46297328383760017,0.9290829932689667,0.6717058859058946,ALLOW
137947fa-7833-4553-a808-c1977f0f7c62,1779422018342,-1,0.4629732827135158,0.362705145617745,0.4629732827135158,0.9269404983520508,0.6713669454509601,ALLOW
137947fa-7833-4553-a808-c1977f0f7c62,1779422018498,-1,0.46297328385912606,0.3483587960446293,0.46297328385912606,0.9269404983520508,0.6710280049967032,ALLOW
137947fa-7833-4553-a808-c1977f0f7c62,1779422018641,-1,0.46297328313824315,0.33520797560260657,0.46297328313824315,0.9269404983520508,0.6707055076618625,ALLOW
137947fa-7833-4553-a808-c1977f0f7c62,1779422018797,-1,0.46297328222794865,0.3208616260294909,0.46297328222794865,0.9269404983520508,0.6704004466399176,ALLOW
137947fa-7833-4553-a808-c1977f0f7c62,1779422018941,-1,0.4629732821701007,0.30761884180815335,0.4629732821701007,0.9291514700651169,0.6701189959839374,ALLOW
137947fa-7833-4553-a808-c1977f0f7c62,1779422019091,-1,0.46297328220242306,0.29382427491092683,0.46297328220242306,0.9291514700651169,0.6698557541480124,ALLOW
137947fa-7833-4553-a808-c1977f0f7c62,1779422019244,-1,0.4629732823093262,0.2797538166757556,0.4629732823093262,0.9291514700651169,0.6696086243659845,ALLOW
137947fa-7833-4553-a808-c1977f0f7c62,1779422019397,-1,0.4629732833659277,0.2656833584405845,0.4629732833659277,0.9291514700651169,0.6693787102164805,ALLOW
137947fa-7833-4553-a808-c1977f0f7c62,1779422019540,-1,0.462973283510423,0.25253253799856185,0.462973283510423,0.8902005112171174,0.6690151819382137,ALLOW
137947fa-7833-4553-a808-c1977f0f7c62,1779422019686,-1,0.46297328359763434,0.23910582621859452,0.46297328359763434,0.8902005112171174,0.668668758922082,ALLOW
137947fa-7833-4553-a808-c1977f0f7c62,1779422019849,-1,0.46297328359763434,0.224115730190275,0.46297328359763434,0.8902005112171174,0.6683394411688026,ALLOW
137947fa-7833-4553-a808-c1977f0f7c62,1779422019995,-1,0.4629732818325516,0.2106890184103078,0.4629732818325516,0.8902005112171174,0.6680263458152228,ALLOW
137947fa-7833-4553-a808-c1977f0f7c62,1779422020142,-1,0.46297328441340735,0.1971703428510257,0.46297328441340735,0.9163841283321381,0.6678343989570155,ALLOW
137947fa-7833-4553-a808-c1977f0f7c62,1779422020291,-1,0.46297328379819946,0.18346773973311392,0.46297328379819946,0.9163841283321381,0.667659888427675,ALLOW
137947fa-7833-4553-a808-c1977f0f7c62,1779422020442,-1,0.4629732837117977,0.16958120905657248,0.4629732837117977,0.9163841283321381,0.6675022624477471,ALLOW
137947fa-7833-4553-a808-c1977f0f7c62,1779422020602,-1,0.4629732839965819,0.1548670043661974,0.4629732839965819,0.9163841283321381,0.6673615210194056,ALLOW
137947fa-7833-4553-a808-c1977f0f7c62,1779422020740,-1,0.4629732846780308,0.14217600282074894,0.4629732846780308,0.9235327517986298,0.6672629481308325,ALLOW
137947fa-7833-4553-a808-c1977f0f7c62,1779422020892,-1,0.4629732851703081,0.12819750836489263,0.4629732851703081,0.9235327517986298,0.6671817012214969,ALLOW
137947fa-7833-4553-a808-c1977f0f7c62,1779422021046,-1,0.46297328249892766,0.11403508635040666,0.46297328249892766,0.9235327517986298,0.6671170077764091,ALLOW
137947fa-7833-4553-a808-c1977f0f7c62,1779422021189,-1,0.46297328183206,0.10088426590838398,0.46297328183206,0.9235327517986298,0.6670688678076057,ALLOW
137947fa-7833-4553-a808-c1977f0f7c62,1779422021333,-1,0.4629732813421359,0.08764148168704641,0.4629732813421359,0.9241420960426331,0.6670337577531626,ALLOW
137947fa-7833-4553-a808-c1977f0f7c62,1779422021491,-1,0.4629732820808796,0.07311120455530103,0.4629732820808796,0.9241420960426331,0.6670119677039046,ALLOW
137947fa-7833-4553-a808-c1977f0f7c62,1779422021652,-1,0.4629732789094121,0.05830503608561117,0.4629732789094121,0.9241420960426331,0.666990177635618,ALLOW
137947fa-7833-4553-a808-c1977f0f7c62,1779422021787,-1,0.4629732473181376,0.045889925878107155,0.4629732473181376,0.9241420960426331,0.6669683873777826,ALLOW
137947fa-7833-4553-a808-c1977f0f7c62,1779422021939,-1,0.4629732441439933,0.031911431422250926,0.4629732441439933,0.927198982834816,0.6669609648362791,ALLOW
137947fa-7833-4553-a808-c1977f0f7c62,1779422022097,-1,0.46297324510241666,0.017381154290505532,0.46297324510241666,0.927198982834816,0.6666262579571622,ALLOW
137947fa-7833-4553-a808-c1977f0f7c62,1779422022247,-1,0.46297326583278053,0.003586587393278891,0.46297326583278053,0.927198982834816,0.6662915512024239,ALLOW
137947fa-7833-4553-a808-c1977f0f7c62,1779422022397,-1,0.462973262225834,0.0,0.462973262225834,0.927198982834816,0.665956844426047,ALLOW
137947fa-7833-4553-a808-c1977f0f7c62,1779422022541,-1,0.46297325583227167,0.0,0.46297325583227167,0.9226878023147583,0.6656039668254041,ALLOW
137947fa-7833-4553-a808-c1977f0f7c62,1779422022697,-1,0.4629732565207598,0.0,0.4629732565207598,0.9226878023147583,0.6652510892283758,ALLOW
137947fa-7833-4553-a808-c1977f0f7c62,1779422022836,-1,0.4629732560026498,0.0,0.4629732560026498,0.9226878023147583,0.6648982116282197,ALLOW
137947fa-7833-4553-a808-c1977f0f7c62,1779422022995,-1,0.46297325770527964,0.0,0.46297325770527964,0.9226878023147583,0.6645453340388532,ALLOW
137947fa-7833-4553-a808-c1977f0f7c62,1779422023142,-1,0.46297324037602716,0.0,0.46297324037602716,0.9248911565542222,0.6641982859652289,ALLOW
137947fa-7833-4553-a808-c1977f0f7c62,1779422023291,-1,0.4629732406501017,0.0,0.4629732406501017,0.9248911565542222,0.6638512378928353,ALLOW
137947fa-7833-4553-a808-c1977f0f7c62,1779422023446,-1,0.4629732320749491,0.0,0.4629732320749491,0.9248911565542222,0.6635041897690429,ALLOW
137947fa-7833-4553-a808-c1977f0f7c62,1779422023596,-1,0.4629732364863086,0.0,0.4629732364863086,0.9248911565542222,0.6631571416714752,ALLOW
137947fa-7833-4553-a808-c1977f0f7c62,1779422023763,-1,0.4629732321287412,0.0,0.4629732321287412,0.9222697532176972,0.6628020610829174,ALLOW
137947fa-7833-4553-a808-c1977f0f7c62,1779422023883,-1,0.4629732335062844,0.0,0.4629732335062844,0.9222697532176972,0.6624469805016748,ALLOW
137947fa-7833-4553-a808-c1977f0f7c62,1779422024047,-1,0.4629732359678915,0.0,0.4629732359678915,0.9222697532176972,0.6620918999352021,ALLOW
137947fa-7833-4553-a808-c1977f0f7c62,1779422024198,-1,0.46297319125088277,0.7357102345187525,0.5175205999044568,0.9222697532176972,0.6620641035554117,ALLOW
137947fa-7833-4553-a808-c1977f0f7c62,1779422024340,-1,0.46297318768628415,0.7357102345187525,0.5175205970527779,0.9250041580200196,0.6620415242014515,ALLOW
137947fa-7833-4553-a808-c1977f0f7c62,1779422024489,-1,0.4629731503840169,0.7357102345187525,0.5175205672109641,0.9250041580200196,0.6620189447177318,ALLOW
137947fa-7833-4553-a808-c1977f0f7c62,1779422024641,-1,0.46297321041839656,0.7357102345187525,0.5175206152384678,0.9250041580200196,0.66199636546509,ALLOW
137947fa-7833-4553-a808-c1977f0f7c62,1779422024804,-1,0.4629733006725565,0.7357102345187525,0.5175206874417957,0.9250041580200196,0.6619737866456679,ALLOW
137947fa-7833-4553-a808-c1977f0f7c62,1779422024935,-1,0.4629732257986283,0.7357102345187525,0.5175206275426532,0.9264802849292756,0.6619749324605928,ALLOW
137947fa-7833-4553-a808-c1977f0f7c62,1779422025094,-1,0.4629732477345556,0.7357102345187525,0.5175206450913951,0.9264802849292756,0.6619760783736761,ALLOW
137947fa-7833-4553-a808-c1977f0f7c62,1779422025246,-1,0.46297323944964974,0.7357102345187525,0.5175206384634703,0.9264802849292756,0.6619772242469919,ALLOW
137947fa-7833-4553-a808-c1977f0f7c62,1779422025400,-1,0.4629732520266998,0.7357102345187525,0.5175206485251104,0.9264802849292756,0.6619783701806774,ALLOW
137947fa-7833-4553-a808-c1977f0f7c62,1779422025542,-1,0.46297324725751565,0.7357102345187525,0.5175206447097631,0.9266339755058289,0.6619897474314024,ALLOW
137947fa-7833-4553-a808-c1977f0f7c62,1779422025695,-1,0.46297323344621755,0.7357102345187525,0.5175206336607245,0.9266339755058289,0.662001124612816,ALLOW
137947fa-7833-4553-a808-c1977f0f7c62,1779422025851,-1,0.4629731884757833,0.7357102345187525,0.5175205976843772,0.9266339755058289,0.6620125015783718,ALLOW
137947fa-7833-4553-a808-c1977f0f7c62,1779422025995,-1,0.46297298289839883,0.7357102345187525,0.5175204332224697,0.9266339755058289,0.6620238775449403,ALLOW
137947fa-7833-4553-a808-c1977f0f7c62,1779422026143,-1,0.4629729346528366,0.7357102345187525,0.5175203946260198,0.9275824850797654,0.6620347760578678,ALLOW
137947fa-7833-4553-a808-c1977f0f7c62,1779422026294,-1,0.4629729897665611,0.7357102345187525,0.5175204387169994,0.9275824850797654,0.6620456748381288,ALLOW
137947fa-7833-4553-a808-c1977f0f7c62,1779422026445,-1,0.46297305763449015,0.7357102345187525,0.5175204930113426,0.9275824850797654,0.6620565739426073,ALLOW
137947fa-7833-4553-a808-c1977f0f7c62,1779422026597,-1,0.46297320801311015,0.7357102345187525,0.5175206133142387,0.9275824850797654,0.6620674737689032,ALLOW
137947fa-7833-4553-a808-c1977f0f7c62,1779422026742,-1,0.46297338186902803,0.7357102345187525,0.517520752398973,0.924268159866333,0.6620635519979021,ALLOW
137947fa-7833-4553-a808-c1977f0f7c62,1779422026905,-1,0.46297320786406515,0.7357102345187525,0.5175206131950026,0.924268159866333,0.662059629390008,ALLOW
137947fa-7833-4553-a808-c1977f0f7c62,1779422027039,-1,0.46297320786406515,0.7357102345187525,0.5175206131950026,0.924268159866333,0.6620557067821139,ALLOW
137947fa-7833-4553-a808-c1977f0f7c62,1779422027189,-1,0.46297315155740537,0.7357102345187525,0.5175205681496748,0.924268159866333,0.6620517839036423,ALLOW
137947fa-7833-4553-a808-c1977f0f7c62,1779422027334,-1,0.4629732178645858,0.7357102345187525,0.5175206211954192,0.9248222506046295,0.6620446551439443,ALLOW
137947fa-7833-4553-a808-c1977f0f7c62,1779422027495,-1,0.46297308006221916,0.7357102345187525,0.5175205109535259,0.9248222506046295,0.6620375257227971,ALLOW
137947fa-7833-4553-a808-c1977f0f7c62,1779422027648,-1,0.4629731758445048,0.7357102345187525,0.5175205875793544,0.9248222506046295,0.6620303967614034,ALLOW
137947fa-7833-4553-a808-c1977f0f7c62,1779422027800,-1,0.4629730290063543,0.7357102345187525,0.517520470108834,0.9248222506046295,0.6620232670951866,ALLOW
137947fa-7833-4553-a808-c1977f0f7c62,1779422027946,-1,0.4629731203728613,0.7357102345187525,0.5175205432020396,0.9253318166732789,0.6620226221614713,ALLOW
137947fa-7833-4553-a808-c1977f0f7c62,1779422028088,-1,0.46297330230270095,0.7357102345187525,0.5175206887459113,0.9253318166732789,0.6620219781010194,ALLOW
137947fa-7833-4553-a808-c1977f0f7c62,1779422028248,-1,0.4629732971742466,0.7357102345187525,0.5175206846431478,0.9253318166732789,0.6620213340159509,ALLOW
137947fa-7833-4553-a808-c1977f0f7c62,1779422028400,-1,0.46297329455600256,0.7357102345187525,0.5175206825485525,0.9253318166732789,0.6620206899183149,ALLOW
137947fa-7833-4553-a808-c1977f0f7c62,1779422028541,-1,0.46297328770651314,0.7357102345187525,0.5175206770689611,0.9267697221040726,0.6620219837374586,ALLOW
137947fa-7833-4553-a808-c1977f0f7c62,1779422028694,-1,0.4629732855754578,0.7357102345187525,0.5175206753641168,0.9267697221040726,0.6620232775463731,ALLOW
137947fa-7833-4553-a808-c1977f0f7c62,1779422028843,-1,0.4629732878277355,0.7357102345187525,0.517520677165939,0.9267697221040726,0.6620245713660986,ALLOW
137947fa-7833-4553-a808-c1977f0f7c62,1779422029008,-1,0.4629732859931539,0.7357102345187525,0.5175206756982736,0.9267697221040726,0.6620258651770182,ALLOW
137947fa-7833-4553-a808-c1977f0f7c62,1779422029131,-1,0.4629732878530599,0.7357102345187525,0.5175206771861984,0.9262570178508759,0.6620192338202449,ALLOW
137947fa-7833-4553-a808-c1977f0f7c62,1779422029296,-1,0.4629732876895676,0.7357102345187525,0.5175206770554046,0.9262570178508759,0.6620141474541792,ALLOW
137947fa-7833-4553-a808-c1977f0f7c62,1779422029446,-1,0.46297328612894906,0.7357102345187525,0.5175206758069097,0.9262570178508759,0.6620247317086176,ALLOW
137947fa-7833-4553-a808-c1977f0f7c62,1779422029601,-1,0.4629732888075726,0.7357102345187525,0.5175206779498086,0.9262570178508759,0.6620525315954007,ALLOW
137947fa-7833-4553-a808-c1977f0f7c62,1779422029741,-1,0.46297329058274617,0.7357102345187525,0.5175206793699475,0.9227366721630097,0.6620860300738229,ALLOW
137947fa-7833-4553-a808-c1977f0f7c62,1779422029897,-1,0.4629732919484626,0.7357102345187525,0.5175206804625206,0.9227366721630097,0.6621342059777469,ALLOW
137947fa-7833-4553-a808-c1977f0f7c62,1779422030048,-1,0.4629732940621343,0.7357102345187525,0.5175206821534579,0.9227366721630097,0.662200811433151,ALLOW
137947fa-7833-4553-a808-c1977f0f7c62,1779422030196,-1,0.4629732830224358,0.7357102345187525,0.5175206733216992,0.9227366721630097,0.6622848531681602,ALLOW
137947fa-7833-4553-a808-c1977f0f7c62,1779422030339,-1,0.46297330384953383,0.7357102345187525,0.5175206899833776,0.9239013409614564,0.6623882426891499,ALLOW
137947fa-7833-4553-a808-c1977f0f7c62,1779422030498,-1,0.46297331509295114,0.7357102345187525,0.5175206989781115,0.9239013409614564,0.6625061993193406,ALLOW
137947fa-7833-4553-a808-c1977f0f7c62,1779422030649,-1,0.462973300430793,0.7357102345187525,0.517520687248385,0.9239013409614564,0.6626423647043156,ALLOW
137947fa-7833-4553-a808-c1977f0f7c62,1779422030801,-1,0.46297329186429637,0.7357102345187525,0.5175206803951876,0.9239013409614564,0.6627950835134752,ALLOW
137947fa-7833-4553-a808-c1977f0f7c62,1779422030940,-1,0.46297330144107995,0.7357102345187525,0.5175206880566146,0.9243813759088517,0.662966209618073,ALLOW
137947fa-7833-4553-a808-c1977f0f7c62,1779422031103,-1,0.4629732911564708,0.7357102345187525,0.5175206798289271,0.9243813759088517,0.6631535580461204,ALLOW
137947fa-7833-4553-a808-c1977f0f7c62,1779422031228,-1,0.4629732820347914,0.7357102345187525,0.5175206725315836,0.9243813759088517,0.6633580117072979,ALLOW
137947fa-7833-4553-a808-c1977f0f7c62,1779422031391,-1,0.462973293586995,0.7357102345187525,0.5175206817733465,0.9243813759088517,0.6635793500858582,ALLOW
137947fa-7833-4553-a808-c1977f0f7c62,1779422031541,-1,0.4629732985183286,0.7357102345187525,0.5175206857184134,0.924948207139969,0.6638225165816956,ALLOW
137947fa-7833-4553-a808-c1977f0f7c62,1779422031696,-1,0.4629732970198259,0.7357102345187525,0.5175206845196113,0.924948207139969,0.664083009162912,ALLOW
137947fa-7833-4553-a808-c1977f0f7c62,1779422031847,-1,0.46297329222861916,0.7357102345187525,0.5175206806866459,0.924948207139969,0.6643607171606457,ALLOW
137947fa-7833-4553-a808-c1977f0f7c62,1779422032003,-1,0.46297329482994853,0.7357102345187525,0.5175206827677094,0.924948207139969,0.6646549786450009,ALLOW
137947fa-7833-4553-a808-c1977f0f7c62,1779422032125,-1,0.46297330406790405,0.7357102345187525,0.5175206901580738,0.9224785363674164,0.6649433468596305,ALLOW
137947fa-7833-4553-a808-c1977f0f7c62,1779422032288,-1,0.46297329690276223,0.7357102345187525,0.5175206844259603,0.9224785363674164,0.6652450350671608,ALLOW
137947fa-7833-4553-a808-c1977f0f7c62,1779422032445,-1,0.46297329185004177,0.7357102345187525,0.517520680383784,0.9224785363674164,0.6655467233016477,ALLOW
137947fa-7833-4553-a808-c1977f0f7c62,1779422032604,-1,0.4629732950534744,0.7357102345187525,0.5175206829465301,0.9224785363674164,0.6658484115904265,ALLOW
137947fa-7833-4553-a808-c1977f0f7c62,1779422032745,-1,0.46297329144516564,0.7357102345187525,0.517520680059883,0.9254460519552231,0.6661611482098189,ALLOW
137947fa-7833-4553-a808-c1977f0f7c62,1779422032896,-1,0.4629732967219229,0.7357102345187525,0.5175206842812888,0.9254460519552231,0.6664738848543991,ALLOW
137947fa-7833-4553-a808-c1977f0f7c62,1779422033046,-1,0.46297336476331785,0.7357102345187525,0.5175207387144048,0.9254460519552231,0.6667866218153747,ALLOW
137947fa-7833-4553-a808-c1977f0f7c62,1779422033201,-1,0.46297345612807783,0.7357102345187525,0.5175208118062128,0.9254460519552231,0.6670993592179316,ALLOW
137947fa-7833-4553-a808-c1977f0f7c62,1779422033338,-1,0.4629734943176289,0.7357102345187525,0.5175208423578537,0.9234696394205094,0.6674127611400715,ALLOW
137947fa-7833-4553-a808-c1977f0f7c62,1779422033497,-1,0.4629734900508471,0.7357102345187525,0.5175208389444282,0.9234696394205094,0.6677261630348572,ALLOW
137947fa-7833-4553-a808-c1977f0f7c62,1779422033645,-1,0.462973489505498,0.7357102345187525,0.5175208385081489,0.9234696394205094,0.6680395649313504,ALLOW
137947fa-7833-4553-a808-c1977f0f7c62,1779422033799,-1,0.4629732133668689,0.7357102345187525,0.5175206175972457,0.9234696394205094,0.6683529655078401,ALLOW
137947fa-7833-4553-a808-c1977f0f7c62,1779422033943,-1,0.46297444391680376,0.7357102345187525,0.5175216020371936,0.9247422671318055,0.6686626186153093,ALLOW
137947fa-7833-4553-a808-c1977f0f7c62,1779422034095,-1,0.46297332348837683,0.7357102345187525,0.517520705694452,0.9247422671318055,0.6689722663445282,ALLOW
137947fa-7833-4553-a808-c1977f0f7c62,1779422034250,-1,0.46297375216514114,0.7357102345187525,0.5175210486358635,0.9247422671318055,0.6692819161307542,ALLOW
137947fa-7833-4553-a808-c1977f0f7c62,1779422034396,-1,0.46296652400813,0.7357102345187525,0.5175152661102546,0.9247422671318055,0.669591531215487,ALLOW
137947fa-7833-4553-a808-c1977f0f7c62,1779422034542,-1,0.46295369914469164,0.7357102345187525,0.5175050062195039,0.9238426274061203,0.6700532900164974,ALLOW
137947fa-7833-4553-a808-c1977f0f7c62,1779422034697,-1,0.4607324627603795,0.7357102345187525,0.5157280171120542,0.9238426274061203,0.6705043868823399,ALLOW
137947fa-7833-4553-a808-c1977f0f7c62,1779422034847,-1,0.462329419664838,0.7357102345187525,0.5170055826356209,0.9238426274061203,0.6709631491413238,ALLOW
137947fa-7833-4553-a808-c1977f0f7c62,1779422035000,-1,0.46289021346032455,0.7357102345187525,0.5174542176720102,0.9238426274061203,0.6714246032211167,ALLOW
137947fa-7833-4553-a808-c1977f0f7c62,1779422035139,-1,0.4584742863721283,0.7357102345187525,0.5139214760014532,0.9236022478342056,0.6717591648486533,ALLOW
137947fa-7833-4553-a808-c1977f0f7c62,1779422035301,-1,0.45837854460631866,0.7357102345187525,0.5138448825888055,0.9236022478342056,0.6720932669194051,ALLOW
137947fa-7833-4553-a808-c1977f0f7c62,1779422035441,-1,0.4629005432916986,0.7357102345187525,0.5174624815371094,0.9236022478342056,0.6724490745843653,ALLOW
137947fa-7833-4553-a808-c1977f0f7c62,1779422035603,-1,0.4629396312912344,0.7357102345187525,0.5174937519367381,0.9236022478342056,0.6728050698700144,ALLOW
137947fa-7833-4553-a808-c1977f0f7c62,1779422035743,-1,0.46296110229501775,0.7357102345187525,0.5175109287397648,0.9241125917434693,0.6731346150941643,ALLOW
137947fa-7833-4553-a808-c1977f0f7c62,1779422035898,-1,0.46297052167415864,0.7357102345187525,0.5175184642430775,0.9241125917434693,0.6734642055283803,ALLOW
137947fa-7833-4553-a808-c1977f0f7c62,1779422036047,-1,0.4629724242118598,0.7357102345187525,0.5175199862732384,0.9241125917434693,0.6737938051108056,ALLOW
137947fa-7833-4553-a808-c1977f0f7c62,1779422036201,-1,0.46297279801691027,0.7357102345187525,0.5175202853172788,0.9241125917434693,0.6741234064914962,ALLOW
137947fa-7833-4553-a808-c1977f0f7c62,1779422036346,-1,0.462972887859056,0.7357102345187525,0.5175203571909953,0.9249813055992127,0.6744540457848157,ALLOW
137947fa-7833-4553-a808-c1977f0f7c62,1779422036485,-1,0.4629731225111995,0.7357102345187525,0.5175205449127102,0.9249813055992127,0.6747846862000331,ALLOW
137947fa-7833-4553-a808-c1977f0f7c62,1779422036641,-1,0.46297286456494957,0.7357102345187525,0.5175203385557102,0.9249813055992127,0.6751153253961371,ALLOW
137947fa-7833-4553-a808-c1977f0f7c62,1779422036800,-1,0.4629723231316607,0.7357102345187525,0.5175199054090791,0.9249813055992127,0.6754459621829091,ALLOW
137947fa-7833-4553-a808-c1977f0f7c62,1779422036939,-1,0.46297177358322816,0.7357102345187525,0.517519465770333,0.9271759963035584,0.675773147566542,ALLOW
137947fa-7833-4553-a808-c1977f0f7c62,1779422037084,-1,0.46297262243684423,0.7357102345187525,0.517520144853226,0.9271759963035584,0.6761003370189218,ALLOW
137947fa-7833-4553-a808-c1977f0f7c62,1779422037240,-1,0.4629731719994816,0.7357102345187525,0.5175205845033358,0.9271759963035584,0.6764275289848202,ALLOW
137947fa-7833-4553-a808-c1977f0f7c62,1779422037405,-1,0.4629732062456797,0.7357102345187525,0.5175206119002943,0.9271759963035584,0.6767547211367418,ALLOW
137947fa-7833-4553-a808-c1977f0f7c62,1779422037539,-1,0.4629732048406461,0.7357102345187525,0.5175206107762674,0.923466501235962,0.6770851200620904,ALLOW
137947fa-7833-4553-a808-c1977f0f7c62,1779422037689,-1,0.4629732428971487,0.7357102345187525,0.5175206412214695,0.923466501235962,0.6774155191659795,ALLOW
137947fa-7833-4553-a808-c1977f0f7c62,1779422037846,-1,0.4629731578333971,0.7357102345187525,0.5175205731704682,0.923466501235962,0.6777459178646714,ALLOW
137947fa-7833-4553-a808-c1977f0f7c62,1779422038001,-1,0.4629731605931422,0.7357102345187525,0.5175205753782643,0.923466501235962,0.6780763165663941,ALLOW
137947fa-7833-4553-a808-c1977f0f7c62,1779422038137,-1,0.46297324888616687,0.7357102345187525,0.517520646012684,0.9275755113363267,0.6784143384193425,ALLOW
137947fa-7833-4553-a808-c1977f0f7c62,1779422038292,-1,0.462973227075981,0.7357102345187525,0.5175206285645353,0.9275755113363267,0.6787523601659575,ALLOW
137947fa-7833-4553-a808-c1977f0f7c62,1779422038448,-1,0.4629731629476983,0.7357102345187525,0.5175205772619091,0.9275755113363267,0.6790903816562078,ALLOW
137947fa-7833-4553-a808-c1977f0f7c62,1779422038590,-1,0.46297285290313184,0.7357102345187525,0.517520329226256,0.9275755113363267,0.6794284016317756,ALLOW
137947fa-7833-4553-a808-c1977f0f7c62,1779422038743,-1,0.4629728820321961,0.7357102345187525,0.5175203525295075,0.905637857913971,0.6796891567729654,ALLOW
137947fa-7833-4553-a808-c1977f0f7c62,1779422038891,-1,0.0010967795800398417,0.7357102345187525,0.1480194705677824,0.905637857913971,0.6777329066141194,STEP_UP
137947fa-7833-4553-a808-c1977f0f7c62,1779422039040,-1,0.0010945077269224335,0.7357102345187525,0.14801765308528847,0.905637857913971,0.6757766455356089,STEP_UP
137947fa-7833-4553-a808-c1977f0f7c62,1779422039203,-1,0.46297316679858036,0.7355263069601229,0.5174837948308889,0.905637857913971,0.6757098971239526,ALLOW
137947fa-7833-4553-a808-c1977f0f7c62,1779422039338,-1,0.4629736461402201,0.7231111967526188,0.5150011562626998,0.9245123481750489,0.6756928132398323,ALLOW
137947fa-7833-4553-a808-c1977f0f7c62,1779422039500,-1,0.462973312050873,0.7082130645036141,0.5120212625414213,0.9245123481750489,0.6756578501724352,ALLOW
137947fa-7833-4553-a808-c1977f0f7c62,1779422039635,-1,0.46297331600006353,0.6957979542961101,0.5095382436592728,0.9245123481750489,0.6756079887035802,ALLOW
137947fa-7833-4553-a808-c1977f0f7c62,1779422039803,-1,0.46297330780438783,0.6803480393712164,0.5064482541177535,0.9245123481750489,0.6755395868642562,ALLOW
137947fa-7833-4553-a808-c1977f0f7c62,1779422039940,-1,0.46297341210312215,0.6677490016050828,0.5039285300035143,0.9273877030611039,0.6754616639515487,ALLOW
137947fa-7833-4553-a808-c1977f0f7c62,1779422040095,-1,0.4629733509734859,0.6534946158112819,0.5010776039410452,0.9273877030611039,0.6753666353771738,ALLOW
137947fa-7833-4553-a808-c1977f0f7c62,1779422040245,-1,0.46297337455763854,0.6397000489140553,0.4983187094289219,0.9273877030611039,0.6752550534754939,ALLOW
137947fa-7833-4553-a808-c1977f0f7c62,1779422040400,-1,0.462973132136979,0.6254456631202545,0.4954676383336341,0.9273877030611039,0.6751263650868722,ALLOW
137947fa-7833-4553-a808-c1977f0f7c62,1779422040547,-1,0.46297277122375813,0.6119269875609724,0.492763614491201,0.9268493032455445,0.6749786842165199,ALLOW
137947fa-7833-4553-a808-c1977f0f7c62,1779422040696,-1,0.46297173822199333,0.5982243844430606,0.4900222674662068,0.9268493032455445,0.6748145553303115,ALLOW
137947fa-7833-4553-a808-c1977f0f7c62,1779422040842,-1,0.4629710091403605,0.5847976726630933,0.48733634184490704,0.9268493032455445,0.6746343111062336,ALLOW
137947fa-7833-4553-a808-c1977f0f7c62,1779422040999,-1,0.46297263557653934,0.5703593593106628,0.48444998032336406,0.9268493032455445,0.6744367496997975,ALLOW
137947fa-7833-4553-a808-c1977f0f7c62,1779422041138,-1,0.46297263557653934,0.5575763939858995,0.4818933872584114,0.9276419764757157,0.6742232256211759,ALLOW
137947fa-7833-4553-a808-c1977f0f7c62,1779422041292,-1,0.46297110691614685,0.5434139719714135,0.47905967992720017,0.9276419764757157,0.6739926990340207,ALLOW
137947fa-7833-4553-a808-c1977f0f7c62,1779422041436,-1,0.4629702266169675,0.5301711877500761,0.47641041884358926,0.9276419764757157,0.6737462765545981,ALLOW
137947fa-7833-4553-a808-c1977f0f7c62,1779422041601,-1,0.46297070168566545,0.5149971641631267,0.4733759941811577,0.9276419764757157,0.6734816468053835,ALLOW
137947fa-7833-4553-a808-c1977f0f7c62,1779422041732,-1,0.46297055588479763,0.5029499090728822,0.4709664265224146,0.9263480520248414,0.6732106404187581,ALLOW
137947fa-7833-4553-a808-c1977f0f7c62,1779422041898,-1,0.4629709984213042,0.48768392170661806,0.467913583078367,0.9263480520248414,0.6729213178066925,ALLOW
137947fa-7833-4553-a808-c1977f0f7c62,1779422042046,-1,0.4629548834504422,0.4740732823680211,0.465178563233958,0.9263480520248414,0.6726155850755602,ALLOW
137947fa-7833-4553-a808-c1977f0f7c62,1779422042183,-1,0.46295308359704523,0.46147424460188746,0.46295308359704523,0.9263480520248414,0.6722964997368784,ALLOW
137947fa-7833-4553-a808-c1977f0f7c62,1779422042346,-1,0.46295933041632886,0.44648414857356794,0.46295933041632886,0.9243478751182557,0.6719672344902584,ALLOW
137947fa-7833-4553-a808-c1977f0f7c62,1779422042493,-1,0.46295347580406365,0.43296547301428584,0.46295347580406365,0.9243478751182557,0.6716379347774161,ALLOW
137947fa-7833-4553-a808-c1977f0f7c62,1779422042651,-1,0.46295541690035047,0.41843519588254047,0.46295541690035047,0.9243478751182557,0.6713086462513965,ALLOW
137947fa-7833-4553-a808-c1977f0f7c62,1779422042796,-1,0.4629725478437223,0.40510044788188804,0.4629725478437223,0.9243478751182557,0.6709794612158602,ALLOW
137947fa-7833-4553-a808-c1977f0f7c62,1779422042943,-1,0.46297190555497947,0.39158177232260605,0.46297190555497947,0.9270954763889313,0.6706592240288406,ALLOW
137947fa-7833-4553-a808-c1977f0f7c62,1779422043093,-1,0.46297405915816503,0.37778720542537947,0.46297405915816503,0.9270954763889313,0.6703389988901766,ALLOW
137947fa-7833-4553-a808-c1977f0f7c62,1779422043250,-1,0.46297628396784596,0.36334889207294885,0.46297628396784596,0.9270954763889313,0.6700187871249875,ALLOW
137947fa-7833-4553-a808-c1977f0f7c62,1779422043398,-1,0.4629735660310419,0.34973825273435194,0.4629735660310419,0.9270954763889313,0.669698559064745,ALLOW
137947fa-7833-4553-a808-c1977f0f7c62,1779422043541,-1,0.46297364222027193,0.3365874322923293,0.46297364222027193,0.9269661670923234,0.669372062635606,ALLOW
137947fa-7833-4553-a808-c1977f0f7c62,1779422043697,-1,0.4629735207130612,0.32224108271921353,0.4629735207130612,0.9269661670923234,0.6690455654876527,ALLOW
137947fa-7833-4553-a808-c1977f0f7c62,1779422043836,-1,0.4629727899829801,0.3094581173944503,0.4629727899829801,0.9269661670923234,0.6687190639445081,ALLOW
137947fa-7833-4553-a808-c1977f0f7c62,1779422044000,-1,0.4629718993139218,0.2943760575868158,0.4629718993139218,0.9269661670923234,0.6683925570661551,ALLOW
137947fa-7833-4553-a808-c1977f0f7c62,1779422044136,-1,0.46297095900512386,0.28186898359999707,0.46297095900512386,0.9268084532022477,0.668067464498474,ALLOW
137947fa-7833-4553-a808-c1977f0f7c62,1779422044296,-1,0.46297279066375663,0.267154778909622,0.46297279066375663,0.9268084532022477,0.6677423829215295,ALLOW
137947fa-7833-4553-a808-c1977f0f7c62,1779422044441,-1,0.46297275202636023,0.2538200309089696,0.46297275202636023,0.9268084532022477,0.6674173011202517,ALLOW
137947fa-7833-4553-a808-c1977f0f7c62,1779422044598,-1,0.46297276890880545,0.2393817175565391,0.46297276890880545,0.9268084532022477,0.667092219407411,ALLOW
137947fa-7833-4553-a808-c1977f0f7c62,1779422044749,-1,0.46297274138374656,0.22549518687999764,0.46297274138374656,0.9266590005159379,0.6667806210929055,ALLOW
137947fa-7833-4553-a808-c1977f0f7c62,1779422044882,-1,0.46297271924554084,0.21326400423112338,0.46297271924554084,0.9266590005159379,0.6664690226390154,ALLOW
137947fa-7833-4553-a808-c1977f0f7c62,1779422045045,-1,0.46297276979392366,0.19827390820280377,0.46297276979392366,0.9266590005159379,0.6661574244782699,ALLOW
137947fa-7833-4553-a808-c1977f0f7c62,1779422045199,-1,0.462972748574876,0.1841114861883178,0.462972748574876,0.9266590005159379,0.6658458262432008,ALLOW
137947fa-7833-4553-a808-c1977f0f7c62,1779422045340,-1,0.46297280934295126,0.1711445933049248,0.46297280934295126,0.9258117711544037,0.66552618068013,ALLOW
137947fa-7833-4553-a808-c1977f0f7c62,1779422045492,-1,0.46297283369701336,0.15716609884906846,0.46297283369701336,0.9258117711544037,0.6652065352092155,ALLOW
137947fa-7833-4553-a808-c1977f0f7c62,1779422045643,-1,0.46297297914207647,0.7357102345187525,0.5175204302174117,0.9258117711544037,0.6652141753878013,ALLOW
137947fa-7833-4553-a808-c1977f0f7c62,1779422045801,-1,0.4629726002146679,0.7357102345187525,0.5175201270754849,0.9258117711544037,0.6652218137886549,ALLOW
137947fa-7833-4553-a808-c1977f0f7c62,1779422045937,-1,0.462972788765476,0.7357102345187525,0.5175202779161313,0.92730415225029,0.6652335024331777,ALLOW
137947fa-7833-4553-a808-c1977f0f7c62,1779422046094,-1,0.462972788765476,0.7357102345187525,0.5175202779161313,0.92730415225029,0.6652451911270667,ALLOW
137947fa-7833-4553-a808-c1977f0f7c62,1779422046246,-1,0.462972835007434,0.7357102345187525,0.5175203149096977,0.92730415225029,0.665256880086701,ALLOW
137947fa-7833-4553-a808-c1977f0f7c62,1779422046402,-1,0.4629717140685241,0.7357102345187525,0.5175194181585698,0.92730415225029,0.6652685636103781,ALLOW
137947fa-7833-4553-a808-c1977f0f7c62,1779422046541,-1,0.4629719254520759,0.7357102345187525,0.5175195872654113,0.9237359827756882,0.6652637081222029,ALLOW
137947fa-7833-4553-a808-c1977f0f7c62,1779422046697,-1,0.46297292885689223,0.7357102345187525,0.5175203899892643,0.9237359827756882,0.6652588574575639,ALLOW
137947fa-7833-4553-a808-c1977f0f7c62,1779422046852,-1,0.46297323830544634,0.7357102345187525,0.5175206375481076,0.9237359827756882,0.6652540083012756,ALLOW
137947fa-7833-4553-a808-c1977f0f7c62,1779422046993,-1,0.4629732773775934,0.7357102345187525,0.5175206688058253,0.9237359827756882,0.665249159320047,ALLOW
137947fa-7833-4553-a808-c1977f0f7c62,1779422047125,-1,0.4629732743648116,0.7357102345187525,0.5175206663955998,0.9243671870231629,0.6652567137800953,ALLOW
137947fa-7833-4553-a808-c1977f0f7c62,1779422047293,-1,0.46297329016495214,0.7357102345187525,0.5175206790357123,0.9243671870231629,0.6652642683503767,ALLOW
137947fa-7833-4553-a808-c1977f0f7c62,1779422047447,-1,0.4629732786402836,0.7357102345187525,0.5175206698159774,0.9243671870231629,0.6652718228895929,ALLOW
137947fa-7833-4553-a808-c1977f0f7c62,1779422047646,-1,0.46297327906887964,0.7357102345187525,0.5175206701588543,0.9243671870231629,0.6652793774154897,ALLOW
137947fa-7833-4553-a808-c1977f0f7c62,1779422047723,-1,0.4629732822099706,0.7357102345187525,0.517520672671727,0.9244913733005524,0.6652755586565421,ALLOW
137947fa-7833-4553-a808-c1977f0f7c62,1779422047862,-1,0.4629732822099706,0.7357102345187525,0.517520672671727,0.9244913733005524,0.6652717398722658,ALLOW
137947fa-7833-4553-a808-c1977f0f7c62,1779422048013,-1,0.4629732822099706,0.7357102345187525,0.517520672671727,0.9244913733005524,0.6652679207613912,ALLOW
137947fa-7833-4553-a808-c1977f0f7c62,1779422048170,-1,0.4629732822099706,0.7357102345187525,0.517520672671727,0.9244913733005524,0.6652641012119654,ALLOW
137947fa-7833-4553-a808-c1977f0f7c62,1779422048319,-1,0.4629732822099706,0.7357102345187525,0.517520672671727,0.9246146476268768,0.6652686802266743,ALLOW
137947fa-7833-4553-a808-c1977f0f7c62,1779422048467,-1,0.4629732822099706,0.7357102345187525,0.517520672671727,0.9246146476268768,0.6652732592618635,ALLOW
137947fa-7833-4553-a808-c1977f0f7c62,1779422048620,-1,0.4629732822099706,0.7357102345187525,0.517520672671727,0.9246146476268768,0.6652778382996705,ALLOW
