session_id,t_ms,label,kb_trust,mouse_trust,behavioural_trust,face_trust,fused_trust,action
aca194a4-b026-44b1-ab04-c95cac40150a,1779422138962,-1,0.0,0.7357102345187525,0.7357102345187525,0.0,0.7357102345187525,ALLOW
aca194a4-b026-44b1-ab04-c95cac40150a,1779422139104,-1,0.0,0.7357102345187525,0.7357102345187525,0.0,0.7357102345187525,ALLOW
aca194a4-b026-44b1-ab04-c95cac40150a,1779422139256,-1,0.0,0.7357102345187525,0.7357102345187525,0.0,0.7357102345187525,ALLOW
aca194a4-b026-44b1-ab04-c95cac40150a,1779422139407,-1,0.0,0.7357102345187525,0.7357102345187525,0.0,0.7357102345187525,ALLOW
aca194a4-b026-44b1-ab04-c95cac40150a,1779422139551,-1,0.0,0.7357102345187525,0.7357102345187525,0.0,0.7357102345187525,ALLOW
aca194a4-b026-44b1-ab04-c95cac40150a,1779422139701,-1,0.0,0.7357102345187525,0.7357102345187525,0.0,0.7357102345187525,ALLOW
aca194a4-b026-44b1-ab04-c95cac40150a,1779422139854,-1,0.0,0.7357102345187525,0.7357102345187525,0.0,0.7357102345187526,ALLOW
aca194a4-b026-44b1-ab04-c95cac40150a,1779422140003,-1,0.0,0.7357102345187525,0.7357102345187525,0.0,0.7357102345187525,ALLOW
aca194a4-b026-44b1-ab04-c95cac40150a,1779422140155,-1,0.0,0.7357102345187525,0.7357102345187525,0.0,0.7357102345187525,ALLOW
aca194a4-b026-44b1-ab04-c95cac40150a,1779422140305,-1,0.0,0.7357102345187525,0.7357102345187525,0.0,0.7357102345187524,ALLOW
aca194a4-b026-44b1-ab04-c95cac40150a,1779422140452,-1,0.0,0.7357102345187525,0.7357102345187525,0.0,0.7357102345187524,ALLOW
aca194a4-b026-44b1-ab04-c95cac40150a,1779422140605,-1,0.0,0.7357102345187525,0.7357102345187525,0.0,0.7357102345187524,ALLOW
aca194a4-b026-44b1-ab04-c95cac40150a,1779422140761,-1,0.0,0.7357102345187525,0.7357102345187525,0.0,0.7357102345187523,ALLOW
aca194a4-b026-44b1-ab04-c95cac40150a,1779422140911,-1,0.0,0.7357102345187525,0.7357102345187525,0.9057894563674928,0.7405696408572878,ALLOW
aca194a4-b026-44b1-ab04-c95cac40150a,1779422141058,-1,0.0,0.7357102345187525,0.7357102345187525,0.9057894563674928,0.7447811263506853,ALLOW
aca194a4-b026-44b1-ab04-c95cac40150a,1779422141212,-1,0.0,0.7357102345187525,0.7357102345187525,0.9057894563674928,0.7484661761574081,ALLOW
aca194a4-b026-44b1-ab04-c95cac40150a,1779422141807,-1,0.0,0.7357102345187525,0.7357102345187525,0.9094097948074341,0.7518028751266326,ALLOW
aca194a4-b026-44b1-ab04-c95cac40150a,1779422141960,-1,0.0,0.7357102345187525,0.7357102345187525,0.9094097948074341,0.7547688297659432,ALLOW
aca194a4-b026-44b1-ab04-c95cac40150a,1779422142127,-1,0.0,0.7357102345187525,0.7357102345187525,0.9113856172561646,0.7574641749158261,ALLOW
aca194a4-b026-44b1-ab04-c95cac40150a,1779422142259,-1,0.0,0.7357102345187525,0.7357102345187525,0.9113856172561646,0.7598899855507206,ALLOW
aca194a4-b026-44b1-ab04-c95cac40150a,1779422142403,-1,0.0,0.7357102345187525,0.7357102345187525,0.9113856172561646,0.7620847666013395,ALLOW
aca194a4-b026-44b1-ab04-c95cac40150a,1779422142559,-1,0.0,0.7357102345187525,0.7357102345187525,0.9113856172561646,0.7640800221019023,ALLOW
aca194a4-b026-44b1-ab04-c95cac40150a,1779422142708,-1,0.0,0.7357102345187525,0.7357102345187525,0.9183444476127625,0.7660228002607915,ALLOW
aca194a4-b026-44b1-ab04-c95cac40150a,1779422142857,-1,0.0,0.7357102345187525,0.7357102345187525,0.9183444476127625,0.7678036802397733,ALLOW
aca194a4-b026-44b1-ab04-c95cac40150a,1779422143013,-1,0.0,0.7357102345187525,0.7357102345187525,0.9183444476127625,0.7694420898204366,ALLOW
aca194a4-b026-44b1-ab04-c95cac40150a,1779422143158,-1,0.0,0.7357102345187525,0.7357102345187525,0.9183444476127625,0.7709544678948951,ALLOW
aca194a4-b026-44b1-ab04-c95cac40150a,1779422143310,-1,0.0,0.7357102345187525,0.7357102345187525,0.9159358239173889,0.7723191346498325,ALLOW
aca194a4-b026-44b1-ab04-c95cac40150a,1779422143458,-1,0.0,0.7357102345187525,0.7357102345187525,0.9159358239173889,0.7735863252079886,ALLOW
aca194a4-b026-44b1-ab04-c95cac40150a,1779422143613,-1,0.0,0.7357102345187525,0.7357102345187525,0.9159358239173889,0.7747661233138582,ALLOW
aca194a4-b026-44b1-ab04-c95cac40150a,1779422143760,-1,0.0,0.7357102345187525,0.7357102345187525,0.9159358239173889,0.7758672682126698,ALLOW
aca194a4-b026-44b1-ab04-c95cac40150a,1779422143905,-1,0.0,0.7357102345187525,0.7357102345187525,0.9139509356021882,0.776871760042975,ALLOW
aca194a4-b026-44b1-ab04-c95cac40150a,1779422144060,-1,0.0,0.7357102345187525,0.7357102345187525,0.9139509356021882,0.777813471133886,ALLOW
aca194a4-b026-44b1-ab04-c95cac40150a,1779422144206,-1,0.0,0.7357102345187525,0.7357102345187525,0.9139509356021882,0.7786981088253478,ALLOW
aca194a4-b026-44b1-ab04-c95cac40150a,1779422144360,-1,0.0,0.7357102345187525,0.7357102345187525,0.9139509356021882,0.7795307090055473,ALLOW
aca194a4-b026-44b1-ab04-c95cac40150a,1779422144508,-1,0.0,0.7357102345187525,0.7357102345187525,0.9167537099123002,0.7803477637389937,ALLOW
aca194a4-b026-44b1-ab04-c95cac40150a,1779422144659,-1,0.0,0.7357102345187525,0.7357102345187525,0.9167537099123002,0.7811194265428042,ALLOW
aca194a4-b026-44b1-ab04-c95cac40150a,1779422144809,-1,0.0,0.7357102345187525,0.7357102345187525,0.9167537099123002,0.781849377843706,ALLOW
aca194a4-b026-44b1-ab04-c95cac40150a,1779422144960,-1,0.0,0.7357102345187525,0.7357102345187525,0.9167537099123002,0.7825409106550867,ALLOW
aca194a4-b026-44b1-ab04-c95cac40150a,1779422145114,-1,0.0,0.7357102345187525,0.7357102345187525,0.925812361240387,0.7832898894897615,ALLOW
aca194a4-b026-44b1-ab04-c95cac40150a,1779422145260,-1,0.0,0.7357102345187525,0.7357102345187525,0.925812361240387,0.7840014193827026,ALLOW
aca194a4-b026-44b1-ab04-c95cac40150a,1779422145408,-1,0.0,0.7357102345187525,0.7357102345187525,0.925812361240387,0.7846782405003784,ALLOW
aca194a4-b026-44b1-ab04-c95cac40150a,1779422145560,-1,0.0,0.7357102345187525,0.7357102345187525,0.925812361240387,0.7853228320410219,ALLOW
aca194a4-b026-44b1-ab04-c95cac40150a,1779422145710,-1,0.0,0.7357102345187525,0.7357102345187525,0.9164096629619599,0.7858499756190455,ALLOW
aca194a4-b026-44b1-ab04-c95cac40150a,1779422145856,-1,0.0,0.7357102345187525,0.7357102345187525,0.9164096629619599,0.7863531581253408,ALLOW
aca194a4-b026-44b1-ab04-c95cac40150a,1779422146006,-1,0.0,0.7357102345187525,0.7357102345187525,0.9164096629619599,0.7868339769646896,ALLOW
aca194a4-b026-44b1-ab04-c95cac40150a,1779422146165,-1,0.0,0.7357102345187525,0.7357102345187525,0.9164096629619599,0.7872938906371102,ALLOW
aca194a4-b026-44b1-ab04-c95cac40150a,1779422146311,-1,0.0,0.7357102345187525,0.7357102345187525,0.9160094773769379,0.7877308276801935,ALLOW
aca194a4-b026-44b1-ab04-c95cac40150a,1779422146493,-1,0.4629732817871217,0.7357102345187525,0.5175206723334479,0.9160094773769379,0.7854221894858319,ALLOW
aca194a4-b026-44b1-ab04-c95cac40150a,1779422146632,-1,0.46297328794789405,0.7357102345187525,0.5175206772620657,0.9160094773769379,0.7832077814822029,ALLOW
aca194a4-b026-44b1-ab04-c95cac40150a,1779422146792,-1,0.46297328861265696,0.7357102345187525,0.5175206777938761,0.9160094773769379,0.7810819498051009,ALLOW
aca194a4-b026-44b1-ab04-c95cac40150a,1779422146925,-1,0.46297328861265696,0.7357102345187525,0.5175206777938761,0.9160094773769379,0.7790394840761206,ALLOW
aca194a4-b026-44b1-ab04-c95cac40150a,1779422147087,-1,0.46297328861265696,0.7357102345187525,0.5175206777938761,0.9160094773769379,0.7770755747213317,ALLOW
aca194a4-b026-44b1-ab04-c95cac40150a,1779422147240,-1,0.46297328861265696,0.7357102345187525,0.5175206777938761,0.9160094773769379,0.775185775153516,ALLOW
aca194a4-b026-44b1-ab04-c95cac40150a,1779422147394,-1,0.46297328861265696,0.7357102345187525,0.5175206777938761,0.9160094773769379,0.7733659681622861,ALLOW
aca194a4-b026-44b1-ab04-c95cac40150a,1779422147534,-1,0.46297328861265696,0.7357102345187525,0.5175206777938761,0.9160094773769379,0.7716123359707373,ALLOW
aca194a4-b026-44b1-ab04-c95cac40150a,1779422147681,-1,0.46297328861265696,0.7357102345187525,0.5175206777938761,0.9160094773769379,0.7699213335003152,ALLOW
aca194a4-b026-44b1-ab04-c95cac40150a,1779422147833,-1,0.46297328861265696,0.7357102345187525,0.5175206777938761,0.9160094773769379,0.7682896644499079,ALLOW
aca194a4-b026-44b1-ab04-c95cac40150a,1779422147987,-1,0.46297328861265696,0.7357102345187525,0.5175206777938761,0.9160094773769379,0.7667142598495147,ALLOW
aca194a4-b026-44b1-ab04-c95cac40150a,1779422148134,-1,0.46297328861265696,0.7357102345187525,0.5175206777938761,0.9160094773769379,0.7651922587948975,ALLOW
aca194a4-b026-44b1-ab04-c95cac40150a,1779422148287,-1,0.46297328861265696,0.7357102345187525,0.5175206777938761,0.9160094773769379,0.7637209911087676,ALLOW
aca194a4-b026-44b1-ab04-c95cac40150a,1779422148440,-1,0.46297328861265696,0.7357102345187525,0.5175206777938761,0.9160094773769379,0.7622979617074288,ALLOW
aca194a4-b026-44b1-ab04-c95cac40150a,1779422148593,-1,0.46297328861265696,0.7357102345187525,0.5175206777938761,0.9160094773769379,0.7609208364803267,ALLOW
aca194a4-b026-44b1-ab04-c95cac40150a,1779422148736,-1,0.46297328861265696,0.7357102345187525,0.5175206777938761,0.9160094773769379,0.7595874295144025,ALLOW
aca194a4-b026-44b1-ab04-c95cac40150a,1779422148873,-1,0.46297328861265696,0.7357102345187525,0.5175206777938761,0.9160094773769379,0.7582956915161634,ALLOW
aca194a4-b026-44b1-ab04-c95cac40150a,1779422149031,-1,0.46297328861265696,0.7357102345187525,0.5175206777938761,0.9160094773769379,0.7570436993024855,ALLOW
aca194a4-b026-44b1-ab04-c95cac40150a,1779422149193,-1,0.46297328861265696,0.7357102345187525,0.5175206777938761,0.9160094773769379,0.7558296462467978,ALLOW
aca194a4-b026-44b1-ab04-c95cac40150a,1779422149341,-1,0.46297328861265696,0.7357102345187525,0.5175206777938761,0.9160094773769379,0.7546518335808322,ALLOW
aca194a4-b026-44b1-ab04-c95cac40150a,1779422149483,-1,0.46297329838132195,0.7357102345187525,0.5175206856088082,0.9160094773769379,0.7535086625328208,ALLOW
aca194a4-b026-44b1-ab04-c95cac40150a,1779422149609,-1,0.46297329838132195,0.7357102345187525,0.5175206856088082,0.9160094773769379,0.7523986268775055,ALLOW
aca194a4-b026-44b1-ab04-c95cac40150a,1779422149762,-1,0.46297329838132195,0.7357102345187525,0.5175206856088082,0.9160094773769379,0.7513203065266276,ALLOW
aca194a4-b026-44b1-ab04-c95cac40150a,1779422149909,-1,0.46297329838132195,0.7357102345187525,0.5175206856088082,0.9160094773769379,0.7502723613969012,ALLOW
aca194a4-b026-44b1-ab04-c95cac40150a,1779422150059,-1,0.46297329838132195,0.7357102345187525,0.5175206856088082,0.9160094773769379,0.749253525854112,ALLOW
aca194a4-b026-44b1-ab04-c95cac40150a,1779422150212,-1,0.46297329838132195,0.7357102345187525,0.5175206856088082,0.9160094773769379,0.7482626036138647,ALLOW
aca194a4-b026-44b1-ab04-c95cac40150a,1779422150361,-1,0.46297329838132195,0.7357102345187525,0.5175206856088082,0.9160094773769379,0.7472984630557862,ALLOW
aca194a4-b026-44b1-ab04-c95cac40150a,1779422150510,-1,0.46297329838132195,0.7357102345187525,0.5175206856088082,0.9160094773769379,0.7463600329125898,ALLOW
aca194a4-b026-44b1-ab04-c95cac40150a,1779422151408,-1,0.46297329838132195,0.7357102345187525,0.5175206856088082,0.8454767476189138,0.7450750734060143,ALLOW
aca194a4-b026-44b1-ab04-c95cac40150a,1779422151559,-1,0.46297329838132195,0.7357102345187525,0.5175206856088082,0.828187068733424,0.7437336729573473,ALLOW
aca194a4-b026-44b1-ab04-c95cac40150a,1779422151708,-1,0.46297329838132195,0.7357102345187525,0.5175206856088082,0.8111263922172786,0.7423391767431787,ALLOW
aca194a4-b026-44b1-ab04-c95cac40150a,1779422151857,-1,0.46297329838132195,0.7357102345187525,0.5175206856088082,0.7940657157011332,0.740893601058401,ALLOW
aca194a4-b026-44b1-ab04-c95cac40150a,1779422152006,-1,0.46164225014847565,0.7357102345187525,0.5164558470225311,0.7770050391849875,0.739390875093765,ALLOW
aca194a4-b026-44b1-ab04-c95cac40150a,1779422152158,-1,0.45284575747923056,0.7357102345187525,0.509418652887135,0.7596008591148258,0.7377871795417211,ALLOW
aca194a4-b026-44b1-ab04-c95cac40150a,1779422152309,-1,0.4441071364722831,0.7357102345187525,0.5024277560815771,0.7423111802293362,0.7360871057148791,ALLOW
aca194a4-b026-44b1-ab04-c95cac40150a,1779422152459,-1,0.4354263871276333,0.7357102345187525,0.4954831566058572,0.7251360025285185,0.7342950236577712,ALLOW
aca194a4-b026-44b1-ab04-c95cac40150a,1779422152607,-1,0.4268613811075789,0.7357102345187525,0.48863115178981364,0.7081898271970452,0.7324159712565204,ALLOW
aca194a4-b026-44b1-ab04-c95cac40150a,1779422152759,-1,0.4180648884383337,0.7357102345187525,0.4815939576544175,0.6907856471268833,0.7304495555175425,ALLOW
aca194a4-b026-44b1-ab04-c95cac40150a,1779422152908,-1,0.40944201075598163,0.7357102345187525,0.4746956555085359,0.6737249706107379,0.7284013907039597,ALLOW
aca194a4-b026-44b1-ab04-c95cac40150a,1779422153054,-1,0.4009927480605225,0.7357102345187525,0.4679362453521685,0.6570077976486087,0.7262768329518537,STEP_UP
aca194a4-b026-44b1-ab04-c95cac40150a,1779422153209,-1,0.39202264040438434,0.7357102345187525,0.460760159227258,0.6392601140244306,0.7240709614540615,STEP_UP
aca194a4-b026-44b1-ab04-c95cac40150a,1779422153359,-1,0.3833418910597346,0.7357102345187525,0.4538155597515382,0.622084936323613,0.7217906507678402,STEP_UP
aca194a4-b026-44b1-ab04-c95cac40150a,1779422153509,-1,0.3746611417150848,0.7357102345187525,0.4468709602758184,0.6049097586227953,0.719438382199471,STEP_UP
aca194a4-b026-44b1-ab04-c95cac40150a,1779422153658,-1,0.36603826403273265,0.7357102345187525,0.4399726581299367,0.58784908210665,0.7170173365458572,STEP_UP
aca194a4-b026-44b1-ab04-c95cac40150a,1779422153805,-1,0.35753112967497586,0.7357102345187525,0.43316695064373123,0.5710174079598487,0.7145313560787302,STEP_UP
aca194a4-b026-44b1-ab04-c95cac40150a,1779422153959,-1,0.3486188936811354,0.7357102345187525,0.4260371618486588,0.5533842255203426,0.7119769972748442,STEP_UP
aca194a4-b026-44b1-ab04-c95cac40150a,1779422154104,-1,0.34022750264797397,0.7357102345187525,0.4193240490221297,0.5367815537428857,0.7093634872071377,STEP_UP
aca194a4-b026-44b1-ab04-c95cac40150a,1779422154254,-1,0.33154675330332417,0.7357102345187525,0.4123794495464098,0.519606376042068,0.7066888212380591,STEP_UP
aca194a4-b026-44b1-ab04-c95cac40150a,1779422154407,-1,0.32269238897178143,0.7357102345187525,0.4052959580811757,0.5020876947872341,0.7039526111497837,STEP_UP
aca194a4-b026-44b1-ab04-c95cac40150a,1779422154559,-1,0.3138958963025362,0.7357102345187525,0.3982587639457795,0.48468351471707233,0.7011575189137478,STEP_UP
aca194a4-b026-44b1-ab04-c95cac40150a,1779422154706,-1,0.3053887619447795,0.7357102345187525,0.3914530564595741,0.46785184057027107,0.6983091010687489,STEP_UP
aca194a4-b026-44b1-ab04-c95cac40150a,1779422154857,-1,0.296650140937832,0.7357102345187525,0.3844621596540161,0.4505621616847813,0.6954060006586233,STEP_UP
aca194a4-b026-44b1-ab04-c95cac40150a,1779422155005,-1,0.2880851349177776,0.7357102345187525,0.3776101548379726,0.433615986353308,0.6924520655264782,STEP_UP
aca194a4-b026-44b1-ab04-c95cac40150a,1779422155154,-1,0.2794622572354255,0.7357102345187525,0.37071185269209095,0.4165553098371625,0.6889854555367917,STEP_UP
aca194a4-b026-44b1-ab04-c95cac40150a,1779422155309,-1,0.2704921495792873,0.7357102345187525,0.36353576656718034,0.3988076262129843,0.6854047982958591,STEP_UP
aca194a4-b026-44b1-ab04-c95cac40150a,1779422155457,-1,0.26192714355923286,0.7357102345187525,0.3566837617511368,0.381861450881511,0.6817152443247045,STEP_UP
aca194a4-b026-44b1-ab04-c95cac40150a,1779422155609,-1,0.2531306508899878,0.7357102345187525,0.34964656761574076,0.36445727081134915,0.6779138504684568,STEP_UP
aca194a4-b026-44b1-ab04-c95cac40150a,1779422155758,-1,0.24450777320763564,0.7357102345187525,0.34274826546985904,0.3473965942952037,0.6740028240932694,STEP_UP
aca194a4-b026-44b1-ab04-c95cac40150a,1779422155907,-1,0.23588489552528358,0.7357102345187525,0.33584996332397743,0.33033591777905824,0.6700042213813217,STEP_UP
aca194a4-b026-44b1-ab04-c95cac40150a,1779422156063,-1,0.22685691620684775,0.7357102345187525,0.32862757986922875,0.312473732970208,0.6659333948348264,STEP_UP
aca194a4-b026-44b1-ab04-c95cac40150a,1779422156207,-1,0.21852339683598396,0.7357102345187525,0.32196076437253773,0.2959855623774231,0.6617959001333641,STEP_UP
aca194a4-b026-44b1-ab04-c95cac40150a,1779422156359,-1,0.20972690416673884,0.7357102345187525,0.31492357023714157,0.2785813823072612,0.6575880334905481,STEP_UP
aca194a4-b026-44b1-ab04-c95cac40150a,1779422156509,-1,0.20104615482208907,0.7357102345187525,0.3079789707614218,0.2614062046064437,0.6533107208529748,STEP_UP
aca194a4-b026-44b1-ab04-c95cac40150a,1779422156654,-1,0.19265476378892757,0.7357102345187525,0.3012658579348926,0.24480353282898665,0.6489662770871363,STEP_UP
aca194a4-b026-44b1-ab04-c95cac40150a,1779422156801,-1,0.18414762943117083,0.7357102345187525,0.2944601504486872,0.2279718586821854,0.6445537762464355,LOCK
aca194a4-b026-44b1-ab04-c95cac40150a,1779422156959,-1,0.1750039067881397,0.7357102345187525,0.2871451723342623,0.20988067150399092,0.6400681256245906,LOCK
aca194a4-b026-44b1-ab04-c95cac40150a,1779422157106,-1,0.16649677243038288,0.7357102345187525,0.28033946484805683,0.19304899735718967,0.6348341010404885,LOCK
aca194a4-b026-44b1-ab04-c95cac40150a,1779422157253,-1,0.15798963807262614,0.7357102345187525,0.2735337573618514,0.1762173232103884,0.6295320193815247,LOCK
aca194a4-b026-44b1-ab04-c95cac40150a,1779422157405,-1,0.14919314540338102,0.7357102345187525,0.2664965632264553,0.15881314314022657,0.6241595657812068,LOCK
aca194a4-b026-44b1-ab04-c95cac40150a,1779422157561,-1,0.1401651660849452,0.7357102345187525,0.2592741797717067,0.1409509583313763,0.6187004069925816,LOCK
aca194a4-b026-44b1-ab04-c95cac40150a,1779422157709,-1,0.13160016006489075,0.7357102345187525,0.2524221749556631,0.124004782999903,0.6131727281557959,LOCK
aca194a4-b026-44b1-ab04-c95cac40150a,1779422157860,-1,0.12286153905794332,0.7357102345187525,0.24543127815010518,0.10671510411441332,0.6075672370611599,LOCK
aca194a4-b026-44b1-ab04-c95cac40150a,1779422158009,-1,0.1142386613755912,0.7357102345187525,0.2385329760042235,0.08965442759826785,0.6018927629450649,LOCK
aca194a4-b026-44b1-ab04-c95cac40150a,1779422158159,-1,0.10555791203094139,0.7357102345187525,0.23158837652850364,0.07247924989745022,0.5961488428342128,LOCK
aca194a4-b026-44b1-ab04-c95cac40150a,1779422158303,-1,0.0972243926600776,0.7357102345187525,0.2249215610318126,0.05599107930466532,0.5903382545683937,LOCK
aca194a4-b026-44b1-ab04-c95cac40150a,1779422158458,-1,0.08825428500393952,0.7357102345187525,0.21774547490690213,0.03824339568048712,0.5844280701198992,LOCK
aca194a4-b026-44b1-ab04-c95cac40150a,1779422158609,-1,0.07951566399699203,0.7357102345187525,0.21075457810134413,0.020953716794997437,0.578447976703349,LOCK
aca194a4-b026-44b1-ab04-c95cac40150a,1779422158756,-1,0.07100852963923528,0.7357102345187525,0.20394887061513875,0.004122042648196173,0.5723998262119369,LOCK
aca194a4-b026-44b1-ab04-c95cac40150a,1779422158904,-1,0.062443523619180784,0.7357102345187525,0.19709686579909513,0.0,0.5662831556723643,LOCK
aca194a4-b026-44b1-ab04-c95cac40150a,1779422159056,-1,0.053647030949935656,0.7357102345187525,0.19005967166369905,0.0,0.5601057476862191,LOCK
aca194a4-b026-44b1-ab04-c95cac40150a,1779422159209,-1,0.0447926666183929,0.7357102345187525,0.18297618019846484,0.0,0.5538575047854217,LOCK
aca194a4-b026-44b1-ab04-c95cac40150a,1779422159359,-1,0.03611191727374309,0.7357102345187525,0.176031580722745,0.0,0.547539815889867,LOCK
aca194a4-b026-44b1-ab04-c95cac40150a,1779422159508,-1,0.02748903959139097,0.7357102345187525,0.1691332785768633,0.0,0.5411531439728536,LOCK
aca194a4-b026-44b1-ab04-c95cac40150a,1779422159655,-1,0.018981905233634216,0.7357102345187525,0.1623275710906579,0.0,0.534706354534239,LOCK
aca194a4-b026-44b1-ab04-c95cac40150a,1779422159808,-1,0.010127540902091408,0.7357102345187525,0.15524407962542364,0.0,0.5281887301809719,LOCK
aca194a4-b026-44b1-ab04-c95cac40150a,1779422159960,-1,0.0013310482328462824,0.7357102345187525,0.14820688549002756,0.0,0.521600733886351,LOCK
aca194a4-b026-44b1-ab04-c95cac40150a,1779422160108,-1,0.0,0.7357102345187525,0.7357102345187525,0.0,0.5208877710820172,ALLOW
aca194a4-b026-44b1-ab04-c95cac40150a,1779422160255,-1,0.0,0.7357102345187525,0.7357102345187525,0.0,0.520163597180443,ALLOW
aca194a4-b026-44b1-ab04-c95cac40150a,1779422160403,-1,0.0,0.7357102345187525,0.7357102345187525,0.0,0.5194394232788689,ALLOW
aca194a4-b026-44b1-ab04-c95cac40150a,1779422160560,-1,0.0,0.7357102345187525,0.7357102345187525,0.0,0.5187152493772947,ALLOW
aca194a4-b026-44b1-ab04-c95cac40150a,1779422160710,-1,0.0,0.7357102345187525,0.7357102345187525,0.0,0.5179910754757205,ALLOW
aca194a4-b026-44b1-ab04-c95cac40150a,1779422160863,-1,0.0,0.7357102345187525,0.7357102345187525,0.0,0.517230666968834,ALLOW
aca194a4-b026-44b1-ab04-c95cac40150a,1779422161008,-1,0.0,0.7357102345187525,0.7357102345187525,0.0,0.5164702584619475,ALLOW
aca194a4-b026-44b1-ab04-c95cac40150a,1779422161164,-1,0.0,0.7357102345187525,0.7357102345187525,0.0,0.515709849955061,ALLOW
aca194a4-b026-44b1-ab04-c95cac40150a,1779422161310,-1,0.0,0.7357102345187525,0.7357102345187525,0.0,0.5149494414481743,ALLOW
aca194a4-b026-44b1-ab04-c95cac40150a,1779422161462,-1,0.0,0.7357102345187525,0.7357102345187525,0.0,0.5142266437344015,ALLOW
aca194a4-b026-44b1-ab04-c95cac40150a,1779422161611,-1,0.0,0.7357102345187525,0.7357102345187525,0.0,0.5135038460206287,ALLOW
aca194a4-b026-44b1-ab04-c95cac40150a,1779422161763,-1,0.0,0.7357102345187525,0.7357102345187525,0.0,0.5127810483068559,ALLOW
aca194a4-b026-44b1-ab04-c95cac40150a,1779422161910,-1,0.0,0.7357102345187525,0.7357102345187525,0.0,0.5120582505930831,ALLOW
aca194a4-b026-44b1-ab04-c95cac40150a,1779422162061,-1,0.0,0.7357102345187525,0.7357102345187525,0.0,0.5113370536216503,ALLOW
aca194a4-b026-44b1-ab04-c95cac40150a,1779422162209,-1,0.0,0.7357102345187525,0.7357102345187525,0.0,0.5119249940233295,ALLOW
aca194a4-b026-44b1-ab04-c95cac40150a,1779422162361,-1,0.0,0.7357102345187525,0.7357102345187525,0.0,0.5125129343954369,ALLOW
aca194a4-b026-44b1-ab04-c95cac40150a,1779422162509,-1,0.0,0.7357102345187525,0.7357102345187525,0.0,0.5131008747643534,ALLOW
aca194a4-b026-44b1-ab04-c95cac40150a,1779422162660,-1,0.0,0.7357102345187525,0.7357102345187525,0.0,0.5136888151332698,ALLOW
aca194a4-b026-44b1-ab04-c95cac40150a,1779422162809,-1,0.0,0.7357102345187525,0.7357102345187525,0.0,0.5142767555021863,ALLOW
aca194a4-b026-44b1-ab04-c95cac40150a,1779422162962,-1,0.0,0.7357102345187525,0.7357102345187525,0.0,0.514864695871103,ALLOW
aca194a4-b026-44b1-ab04-c95cac40150a,1779422163108,-1,0.0,0.7357102345187525,0.7357102345187525,0.0,0.5154526362400194,ALLOW
aca194a4-b026-44b1-ab04-c95cac40150a,1779422163261,-1,0.0,0.7357102345187525,0.7357102345187525,0.0,0.5160405766089359,ALLOW
aca194a4-b026-44b1-ab04-c95cac40150a,1779422163410,-1,0.0,0.7357102345187525,0.7357102345187525,0.0,0.5166285169778524,ALLOW
aca194a4-b026-44b1-ab04-c95cac40150a,1779422163561,-1,0.0,0.7357102345187525,0.7357102345187525,0.0,0.517216457346769,ALLOW
aca194a4-b026-44b1-ab04-c95cac40150a,1779422163708,-1,0.0,0.7357102345187525,0.7357102345187525,0.0,0.5178043977156854,ALLOW
aca194a4-b026-44b1-ab04-c95cac40150a,1779422163859,-1,0.0,0.7357102345187525,0.7357102345187525,0.0,0.518392338084602,ALLOW
aca194a4-b026-44b1-ab04-c95cac40150a,1779422164006,-1,0.0,0.7357102345187525,0.7357102345187525,0.0,0.5189802784535185,ALLOW
aca194a4-b026-44b1-ab04-c95cac40150a,1779422164161,-1,0.0,0.7357102345187525,0.7357102345187525,0.0,0.519568218822435,ALLOW
aca194a4-b026-44b1-ab04-c95cac40150a,1779422164305,-1,0.0,0.7357102345187525,0.7357102345187525,0.0,0.5201561591913515,ALLOW
aca194a4-b026-44b1-ab04-c95cac40150a,1779422164459,-1,0.0,0.7357102345187525,0.7357102345187525,0.0,0.520744099560268,ALLOW
aca194a4-b026-44b1-ab04-c95cac40150a,1779422164609,-1,0.0,0.7357102345187525,0.7357102345187525,0.0,0.5213320399291845,ALLOW
aca194a4-b026-44b1-ab04-c95cac40150a,1779422164761,-1,0.0,0.7357102345187525,0.7357102345187525,0.0,0.521919980298101,ALLOW
aca194a4-b026-44b1-ab04-c95cac40150a,1779422164906,-1,0.0,0.7357102345187525,0.7357102345187525,0.0,0.5225079206670176,ALLOW
aca194a4-b026-44b1-ab04-c95cac40150a,1779422165060,-1,0.0,0.7357102345187525,0.7357102345187525,0.0,0.5230958610359341,ALLOW
aca194a4-b026-44b1-ab04-c95cac40150a,1779422165210,-1,0.0,0.7357102345187525,0.7357102345187525,0.0,0.523683801357961,ALLOW
aca194a4-b026-44b1-ab04-c95cac40150a,1779422165361,-1,0.0,0.7357102345187525,0.7357102345187525,0.0,0.5242717416799879,ALLOW
aca194a4-b026-44b1-ab04-c95cac40150a,1779422165507,-1,0.0,0.7357102345187525,0.7357102345187525,0.0,0.5248596820020148,ALLOW
aca194a4-b026-44b1-ab04-c95cac40150a,1779422165661,-1,0.0,0.7357102345187525,0.7357102345187525,0.0,0.5254476223240419,ALLOW
aca194a4-b026-44b1-ab04-c95cac40150a,1779422165810,-1,0.0,0.7357102345187525,0.7357102345187525,0.0,0.5260355626460687,ALLOW
aca194a4-b026-44b1-ab04-c95cac40150a,1779422165961,-1,0.0,0.7357102345187525,0.7357102345187525,0.0,0.5266235029680957,ALLOW
aca194a4-b026-44b1-ab04-c95cac40150a,1779422166109,-1,0.0,0.7357102345187525,0.7357102345187525,0.0,0.5272114432901226,ALLOW
aca194a4-b026-44b1-ab04-c95cac40150a,1779422166261,-1,0.0,0.7357102345187525,0.7357102345187525,0.0,0.5277993836121495,ALLOW
aca194a4-b026-44b1-ab04-c95cac40150a,1779422166410,-1,0.0,0.7357102345187525,0.7357102345187525,0.0,0.5286694548532085,ALLOW
aca194a4-b026-44b1-ab04-c95cac40150a,1779422166562,-1,0.0,0.7357102345187525,0.7357102345187525,0.0,0.5296086848098095,ALLOW
aca194a4-b026-44b1-ab04-c95cac40150a,1779422166711,-1,0.0,0.7357102345187525,0.7357102345187525,0.0,0.530616157472475,ALLOW
aca194a4-b026-44b1-ab04-c95cac40150a,1779422166861,-1,0.0,0.7357102345187525,0.7357102345187525,0.0,0.5316918728412052,ALLOW
aca194a4-b026-44b1-ab04-c95cac40150a,1779422167010,-1,0.0,0.7357102345187525,0.7357102345187525,0.0,0.5328422199475176,ALLOW
aca194a4-b026-44b1-ab04-c95cac40150a,1779422167165,-1,0.0,0.7357102345187525,0.7357102345187525,0.0,0.534104406938923,ALLOW
aca194a4-b026-44b1-ab04-c95cac40150a,1779422167309,-1,0.0,0.7357102345187525,0.7357102345187525,0.0,0.5354776980267038,ALLOW
aca194a4-b026-44b1-ab04-c95cac40150a,1779422167486,-1,0.4629732817871217,0.7357102345187525,0.5175206723334479,0.0,0.5347794618002889,STEP_UP
aca194a4-b026-44b1-ab04-c95cac40150a,1779422167639,-1,0.4629732817871217,0.7357102345187525,0.5175206723334479,0.0,0.5341901223040963,STEP_UP
aca194a4-b026-44b1-ab04-c95cac40150a,1779422167790,-1,0.46297328194946386,0.7357102345187525,0.5175206724633217,0.0,0.5337126226942954,STEP_UP
aca194a4-b026-44b1-ab04-c95cac40150a,1779422167938,-1,0.46297328194946386,0.7357102345187525,0.5175206724633217,0.0,0.5333447556034344,STEP_UP
aca194a4-b026-44b1-ab04-c95cac40150a,1779422168085,-1,0.46297328194946386,0.7357102345187525,0.5175206724633217,0.0,0.5330843136653602,STEP_UP
aca194a4-b026-44b1-ab04-c95cac40150a,1779422168235,-1,0.46297328194946386,0.7357102345187525,0.5175206724633217,0.0,0.5329379189785322,STEP_UP
aca194a4-b026-44b1-ab04-c95cac40150a,1779422168396,-1,0.46297328194946386,0.7357102345187525,0.5175206724633217,0.0,0.5329018925993617,STEP_UP
aca194a4-b026-44b1-ab04-c95cac40150a,1779422168540,-1,0.46297328194946386,0.7357102345187525,0.5175206724633217,0.0,0.5329762345278488,STEP_UP
aca194a4-b026-44b1-ab04-c95cac40150a,1779422168693,-1,0.46297328194946386,0.7357102345187525,0.5175206724633217,0.0,0.5331602089752758,STEP_UP
aca194a4-b026-44b1-ab04-c95cac40150a,1779422168814,-1,0.46297328194946386,0.7357102345187525,0.5175206724633217,0.0,0.5334523443642073,STEP_UP
aca194a4-b026-44b1-ab04-c95cac40150a,1779422168984,-1,0.46297328194946386,0.7357102345187525,0.5175206724633217,0.0,0.5338577912156671,STEP_UP
aca194a4-b026-44b1-ab04-c95cac40150a,1779422169131,-1,0.46297328194946386,0.7357102345187525,0.5175206724633217,0.0,0.534369927431196,STEP_UP
aca194a4-b026-44b1-ab04-c95cac40150a,1779422169288,-1,0.46297328194946386,0.7357102345187525,0.5175206724633217,0.0,0.5349924319543825,STEP_UP
aca194a4-b026-44b1-ab04-c95cac40150a,1779422169435,-1,0.46297328194946386,0.7357102345187525,0.5175206724633217,0.0,0.5357275121513797,STEP_UP
aca194a4-b026-44b1-ab04-c95cac40150a,1779422169592,-1,0.46297328194946386,0.7357102345187525,0.5175206724633217,0.0,0.53657443223347,STEP_UP
aca194a4-b026-44b1-ab04-c95cac40150a,1779422169743,-1,0.46297328194946386,0.7357102345187525,0.5175206724633217,0.0,0.5375295132570647,STEP_UP
aca194a4-b026-44b1-ab04-c95cac40150a,1779422169876,-1,0.46297328194946386,0.7357102345187525,0.5175206724633217,0.0,0.5385956983770347,STEP_UP
aca194a4-b026-44b1-ab04-c95cac40150a,1779422170035,-1,0.46297328194946386,0.7357102345187525,0.5175206724633217,0.0,0.5397707802272268,STEP_UP
aca194a4-b026-44b1-ab04-c95cac40150a,1779422170192,-1,0.46297328194946386,0.7357102345187525,0.5175206724633217,0.0,0.5410554945963588,STEP_UP
aca194a4-b026-44b1-ab04-c95cac40150a,1779422170332,-1,0.46297328194946386,0.7357102345187525,0.5175206724633217,0.0,0.542454256216737,STEP_UP
aca194a4-b026-44b1-ab04-c95cac40150a,1779422170458,-1,0.46297328194946386,0.7357102345187525,0.5175206724633217,0.0,0.5439619145673373,STEP_UP
aca194a4-b026-44b1-ab04-c95cac40150a,1779422170611,-1,0.46297328194946386,0.7357102345187525,0.5175206724633217,0.0,0.5455814128030307,STEP_UP
aca194a4-b026-44b1-ab04-c95cac40150a,1779422170763,-1,0.46297328194946386,0.7357102345187525,0.5175206724633217,0.0,0.5473105435576641,STEP_UP
aca194a4-b026-44b1-ab04-c95cac40150a,1779422170909,-1,0.46297328194946386,0.7357102345187525,0.5175206724633217,0.0,0.5491272506490574,STEP_UP
aca194a4-b026-44b1-ab04-c95cac40150a,1779422171061,-1,0.46297328194946386,0.7357102345187525,0.5175206724633217,0.0,0.5510161815749984,STEP_UP
aca194a4-b026-44b1-ab04-c95cac40150a,1779422171210,-1,0.46297328194946386,0.7357102345187525,0.5175206724633217,0.0,0.5529717806559062,STEP_UP
aca194a4-b026-44b1-ab04-c95cac40150a,1779422171364,-1,0.46297328194946386,0.7357102345187525,0.5175206724633217,0.0,0.5549977516781681,STEP_UP
aca194a4-b026-44b1-ab04-c95cac40150a,1779422171512,-1,0.46297328194946386,0.7357102345187525,0.5175206724633217,0.91684257209301,0.5586904562937058,ALLOW
aca194a4-b026-44b1-ab04-c95cac40150a,1779422171658,-1,0.46297328194946386,0.7357102345187525,0.5175206724633217,0.91684257209301,0.5624502920375088,ALLOW
aca194a4-b026-44b1-ab04-c95cac40150a,1779422171813,-1,0.46297328194946386,0.7357102345187525,0.5175206724633217,0.91684257209301,0.566278184856174,ALLOW
aca194a4-b026-44b1-ab04-c95cac40150a,1779422171961,-1,0.46297328194946386,0.7357102345187525,0.5175206724633217,0.91684257209301,0.5701792274559835,ALLOW
aca194a4-b026-44b1-ab04-c95cac40150a,1779422172109,-1,0.46297328194946386,0.7357102345187525,0.5175206724633217,0.9267081275858049,0.574187789352626,ALLOW
aca194a4-b026-44b1-ab04-c95cac40150a,1779422172252,-1,0.46297328194946386,0.7357102345187525,0.5175206724633217,0.9267081275858049,0.5782644083241306,ALLOW
aca194a4-b026-44b1-ab04-c95cac40150a,1779422172409,-1,0.46297328194946386,0.7357102345187525,0.5175206724633217,0.9267081275858049,0.5824113992369891,ALLOW
aca194a4-b026-44b1-ab04-c95cac40150a,1779422172561,-1,0.46297328194946386,0.7357102345187525,0.5175206724633217,0.9267081275858049,0.5866306139843952,ALLOW
aca194a4-b026-44b1-ab04-c95cac40150a,1779422172707,-1,0.46297328194946386,0.7357102345187525,0.5175206724633217,0.9243350005149842,0.5909088562716786,ALLOW
aca194a4-b026-44b1-ab04-c95cac40150a,1779422172858,-1,0.4614686187831281,0.7357102345187525,0.516316941930253,0.9243350005149842,0.5952497851438189,ALLOW
aca194a4-b026-44b1-ab04-c95cac40150a,1779422173011,-1,0.4526142547658446,0.7357102345187525,0.5092334507164262,0.9243350005149842,0.5996171960901351,ALLOW
aca194a4-b026-44b1-ab04-c95cac40150a,1779422173159,-1,0.44404924904977955,0.7357102345187525,0.5023814461435742,0.9243350005149842,0.6040129410037715,ALLOW
aca194a4-b026-44b1-ab04-c95cac40150a,1779422173307,-1,0.43548424333371444,0.7357102345187525,0.4955294415707221,0.8942251926660538,0.608313802813542,ALLOW
aca194a4-b026-44b1-ab04-c95cac40150a,1779422173457,-1,0.42680349429716197,0.7357102345187525,0.48858484234148014,0.8942251926660538,0.612644757889186,ALLOW
aca194a4-b026-44b1-ab04-c95cac40150a,1779422173606,-1,0.41818061692085323,0.7357102345187525,0.48168654044043313,0.8942251926660538,0.6170042321214794,ALLOW
aca194a4-b026-44b1-ab04-c95cac40150a,1779422173756,-1,0.40949986788430076,0.7357102345187525,0.4747419412111912,0.8942251926660538,0.6213900958332593,ALLOW
aca194a4-b026-44b1-ab04-c95cac40150a,1779422173903,-1,0.4009927338284794,0.7357102345187525,0.46793623396653405,0.908688280582428,0.6258614977013973,ALLOW
aca194a4-b026-44b1-ab04-c95cac40150a,1779422174059,-1,0.39196475483046483,0.7357102345187525,0.46071385076812243,0.908688280582428,0.6303599372116987,ALLOW
aca194a4-b026-44b1-ab04-c95cac40150a,1779422174212,-1,0.3831103908131813,0.7357102345187525,0.45363035955429565,0.908688280582428,0.6348867106893696,ALLOW
aca194a4-b026-44b1-ab04-c95cac40150a,1779422174362,-1,0.37442964177662885,0.7357102345187525,0.4466857603250536,0.908688280582428,0.6394412625664222,ALLOW
aca194a4-b026-44b1-ab04-c95cac40150a,1779422174506,-1,0.3660961227015386,0.7357102345187525,0.4400189450649814,0.908688280582428,0.6440247965733731,ALLOW
aca194a4-b026-44b1-ab04-c95cac40150a,1779422174657,-1,0.3573575020047424,0.7357102345187525,0.4330280485075445,0.908688280582428,0.6486344422758415,ALLOW
aca194a4-b026-44b1-ab04-c95cac40150a,1779422174805,-1,0.34879249628867737,0.7357102345187525,0.42617604393469244,0.908688280582428,0.6532738108655252,ALLOW
aca194a4-b026-44b1-ab04-c95cac40150a,1779422174957,-1,0.33999600393163754,0.7357102345187525,0.4191388500490606,0.908688280582428,0.657941328233249,ALLOW
aca194a4-b026-44b1-ab04-c95cac40150a,1779422175110,-1,0.33114163991435397,0.7357102345187525,0.4120553588352337,0.908688280582428,0.6566913111634026,ALLOW
aca194a4-b026-44b1-ab04-c95cac40150a,1779422175259,-1,0.3225187625380453,0.7357102345187525,0.4051570569341868,0.908688280582428,0.6553999042821499,ALLOW
aca194a4-b026-44b1-ab04-c95cac40150a,1779422175404,-1,0.3141273718027112,0.7357102345187525,0.39844394434591945,0.908688280582428,0.6540682187253677,ALLOW
aca194a4-b026-44b1-ab04-c95cac40150a,1779422175554,-1,0.3054466227661588,0.7357102345187525,0.3914993451166776,0.908688280582428,0.65269486557321,ALLOW
aca194a4-b026-44b1-ab04-c95cac40150a,1779422175704,-1,0.29676587372960633,0.7357102345187525,0.3845547458874356,0.908688280582428,0.6512798448256766,ALLOW
aca194a4-b026-44b1-ab04-c95cac40150a,1779422175853,-1,0.2881429963532976,0.7357102345187525,0.37765644398638865,0.908688280582428,0.6498234342667373,ALLOW
aca194a4-b026-44b1-ab04-c95cac40150a,1779422176002,-1,0.2795201189769888,0.7357102345187525,0.3707581420853416,0.908688280582428,0.6483256338963913,ALLOW
aca194a4-b026-44b1-ab04-c95cac40150a,1779422176159,-1,0.2704342683187306,0.7357102345187525,0.36348946155873496,0.908688280582428,0.646784221442886,ALLOW
aca194a4-b026-44b1-ab04-c95cac40150a,1779422176307,-1,0.2618692626026655,0.7357102345187525,0.35663745698588295,0.908688280582428,0.6452016969619433,ALLOW
aca194a4-b026-44b1-ab04-c95cac40150a,1779422176462,-1,0.25289915526489465,0.7357102345187525,0.3494613711156662,0.908688280582428,0.6435761159657796,ALLOW
aca194a4-b026-44b1-ab04-c95cac40150a,1779422176609,-1,0.24439202120907322,0.7357102345187525,0.3426556638710091,0.908688280582428,0.6419097007261478,ALLOW
aca194a4-b026-44b1-ab04-c95cac40150a,1779422176760,-1,0.2356534005122771,0.7357102345187525,0.3356647673135722,0.908688280582428,0.6402013401071716,ALLOW
aca194a4-b026-44b1-ab04-c95cac40150a,1779422176910,-1,0.22697265147572465,0.7357102345187525,0.32872016808433024,0.908688280582428,0.6384513118928197,ALLOW
aca194a4-b026-44b1-ab04-c95cac40150a,1779422177055,-1,0.21858126074039064,0.7357102345187525,0.322007055496063,0.908688280582428,0.6366610050029383,ALLOW
aca194a4-b026-44b1-ab04-c95cac40150a,1779422177209,-1,0.20966902506286345,0.7357102345187525,0.3148772669540413,0.908688280582428,0.6348279193818047,ALLOW
aca194a4-b026-44b1-ab04-c95cac40150a,1779422177360,-1,0.20093040436606735,0.7357102345187525,0.3078863703966044,0.908688280582428,0.6329528883813265,STEP_UP
aca194a4-b026-44b1-ab04-c95cac40150a,1779422177509,-1,0.19230752698975856,0.7357102345187525,0.30098806849555737,0.908688280582428,0.6310364675694421,STEP_UP
aca194a4-b026-44b1-ab04-c95cac40150a,1779422177658,-1,0.1836846496134498,0.7357102345187525,0.29408976659451036,0.908688280582428,0.6290786569461513,STEP_UP
aca194a4-b026-44b1-ab04-c95cac40150a,1779422177809,-1,0.17494602891665365,0.7357102345187525,0.28709887003707346,0.908688280582428,0.6270789009435159,STEP_UP
aca194a4-b026-44b1-ab04-c95cac40150a,1779422177960,-1,0.16620740821985752,0.7357102345187525,0.28010797347963656,0.908688280582428,0.6250371995615359,STEP_UP
aca194a4-b026-44b1-ab04-c95cac40150a,1779422178105,-1,0.1578160174845235,0.7357102345187525,0.27339486089136933,0.908688280582428,0.6229552195040263,STEP_UP
aca194a4-b026-44b1-ab04-c95cac40150a,1779422178259,-1,0.14890378180699634,0.7357102345187525,0.2662650723493476,0.908688280582428,0.6208304607152645,STEP_UP
aca194a4-b026-44b1-ab04-c95cac40150a,1779422178412,-1,0.1400494177897128,0.7357102345187525,0.25918158113552076,0.9030089788287878,0.6186404837722054,STEP_UP
aca194a4-b026-44b1-ab04-c95cac40150a,1779422178560,-1,0.13148441207364775,0.7357102345187525,0.25232957656266874,0.8861982456380129,0.6163421518689458,STEP_UP
aca194a4-b026-44b1-ab04-c95cac40150a,1779422178709,-1,0.12286153469733899,0.7357102345187525,0.2454312746616217,0.8692739264121653,0.6139347328773768,STEP_UP
aca194a4-b026-44b1-ab04-c95cac40150a,1779422178856,-1,0.11435440064151757,0.7357102345187525,0.23862556741696458,0.8525767792564631,0.611419691053717,STEP_UP
aca194a4-b026-44b1-ab04-c95cac40150a,1779422179009,-1,0.1055000366242341,0.7357102345187525,0.2315420762031378,0.8351981158903241,0.6087926336293095,STEP_UP
aca194a4-b026-44b1-ab04-c95cac40150a,1779422179159,-1,0.09681928758768163,0.7357102345187525,0.22459747697389582,0.8181602106294037,0.6060557569884829,STEP_UP
aca194a4-b026-44b1-ab04-c95cac40150a,1779422179307,-1,0.08825428187161657,0.7357102345187525,0.21774547240104378,0.8013494774386287,0.6032105253874562,STEP_UP
aca194a4-b026-44b1-ab04-c95cac40150a,1779422179461,-1,0.0793420461940894,0.7357102345187525,0.21061568385902202,0.783857228037417,0.6002525460575724,STEP_UP
aca194a4-b026-44b1-ab04-c95cac40150a,1779422179609,-1,0.07077704047802427,0.7357102345187525,0.20376367928616995,0.767046494846642,0.5971862117674884,STEP_UP
aca194a4-b026-44b1-ab04-c95cac40150a,1779422179760,-1,0.06203841978122816,0.7357102345187525,0.19677278272873305,0.7498950035506488,0.5940093261328759,STEP_UP
aca194a4-b026-44b1-ab04-c95cac40150a,1779422179906,-1,0.05358915738565045,0.7357102345187525,0.19001337281227088,0.7333114424300193,0.5907255497942822,STEP_UP
aca194a4-b026-44b1-ab04-c95cac40150a,1779422180061,-1,0.044619050047879576,0.7357102345187525,0.18283728694205417,0.7157056069937349,0.587328293598722,STEP_UP
aca194a4-b026-44b1-ab04-c95cac40150a,1779422180204,-1,0.03634340263303292,0.7357102345187525,0.17621676901017685,0.6994628039783239,0.5838263430835088,STEP_UP
aca194a4-b026-44b1-ab04-c95cac40150a,1779422180360,-1,0.02731542363501839,0.7357102345187525,0.16899438581176524,0.6817433825069666,0.5802101805832197,STEP_UP
aca194a4-b026-44b1-ab04-c95cac40150a,1779422180504,-1,0.018981904559928035,0.7357102345187525,0.16232757055169295,0.665386993456483,0.5764885916351683,STEP_UP
aca194a4-b026-44b1-ab04-c95cac40150a,1779422180656,-1,0.010185412202888215,0.7357102345187525,0.1552903766660611,0.6481219161254167,0.5726557192144788,STEP_UP
aca194a4-b026-44b1-ab04-c95cac40150a,1779422180809,-1,0.0013310481856046905,0.7357102345187525,0.14820688545223426,0.6307432527592778,0.5687108311930418,STEP_UP
aca194a4-b026-44b1-ab04-c95cac40150a,1779422180959,-1,0.0,0.7357102345187525,0.7357102345187525,0.6137053474983574,0.5687108311930418,ALLOW
aca194a4-b026-44b1-ab04-c95cac40150a,1779422181109,-1,0.0,0.7357102345187525,0.7357102345187525,0.5966674422374368,0.5687108311930418,ALLOW
aca194a4-b026-44b1-ab04-c95cac40150a,1779422181253,-1,0.0,0.7357102345187525,0.7357102345187525,0.5803110531869531,0.5687108311930418,ALLOW
aca194a4-b026-44b1-ab04-c95cac40150a,1779422181407,-1,0.0,0.7357102345187525,0.7357102345187525,0.5628188037857413,0.5687108311930419,ALLOW
aca194a4-b026-44b1-ab04-c95cac40150a,1779422181557,-1,0.0,0.7357102345187525,0.7357102345187525,0.5457808985248208,0.5687108311930419,ALLOW
aca194a4-b026-44b1-ab04-c95cac40150a,1779422181707,-1,0.0,0.7357102345187525,0.7357102345187525,0.5287429932639002,0.5687108311930419,ALLOW
aca194a4-b026-44b1-ab04-c95cac40150a,1779422181863,-1,0.0,0.7357102345187525,0.7357102345187525,0.511023571792543,0.5687108311930419,ALLOW
aca194a4-b026-44b1-ab04-c95cac40150a,1779422182008,-1,0.0,0.7357102345187525,0.7357102345187525,0.49455359670698645,0.5687108311930419,ALLOW
aca194a4-b026-44b1-ab04-c95cac40150a,1779422182165,-1,0.0,0.7357102345187525,0.7357102345187525,0.4767205892005563,0.5687108311930419,ALLOW
aca194a4-b026-44b1-ab04-c95cac40150a,1779422182306,-1,0.0,0.7357102345187525,0.7357102345187525,0.460704958255291,0.5687108311930419,ALLOW
aca194a4-b026-44b1-ab04-c95cac40150a,1779422182458,-1,0.0,0.7357102345187525,0.7357102345187525,0.44343988092422487,0.5708927268148949,ALLOW
aca194a4-b026-44b1-ab04-c95cac40150a,1779422182608,-1,0.0,0.7357102345187525,0.7357102345187525,0.4264019756633043,0.5730746224367479,ALLOW
aca194a4-b026-44b1-ab04-c95cac40150a,1779422182766,-1,0.0,0.7357102345187525,0.7357102345187525,0.4084553821218014,0.5752565180573023,ALLOW
aca194a4-b026-44b1-ab04-c95cac40150a,1779422182909,-1,0.0,0.7357102345187525,0.7357102345187525,0.3922125791063905,0.5774384136778565,ALLOW
aca194a4-b026-44b1-ab04-c95cac40150a,1779422183060,-1,0.0,0.7357102345187525,0.7357102345187525,0.3750610878103971,0.5796203092984108,ALLOW
aca194a4-b026-44b1-ab04-c95cac40150a,1779422183208,-1,0.0,0.7357102345187525,0.7357102345187525,0.35825035461962224,0.5818022049189652,ALLOW
aca194a4-b026-44b1-ab04-c95cac40150a,1779422183365,-1,0.0,0.7357102345187525,0.7357102345187525,0.3404173471131921,0.5839841005395194,ALLOW
aca194a4-b026-44b1-ab04-c95cac40150a,1779422183507,-1,0.0,0.7357102345187525,0.7357102345187525,0.32428813013285407,0.5861659961600738,ALLOW
aca194a4-b026-44b1-ab04-c95cac40150a,1779422183664,-1,0.0,0.7357102345187525,0.7357102345187525,0.3064551226264239,0.5883478917806281,ALLOW
aca194a4-b026-44b1-ab04-c95cac40150a,1779422183803,-1,0.0,0.7357102345187525,0.7357102345187525,0.2906666637513042,0.5905297874011823,ALLOW
aca194a4-b026-44b1-ab04-c95cac40150a,1779422183958,-1,0.0,0.7357102345187525,0.7357102345187525,0.2730608283150196,0.5927116830217367,ALLOW
aca194a4-b026-44b1-ab04-c95cac40150a,1779422184107,-1,0.0,0.7357102345187525,0.7357102345187525,0.2561365090891719,0.594893578642291,ALLOW
aca194a4-b026-44b1-ab04-c95cac40150a,1779422184263,-1,0.0,0.7357102345187525,0.7357102345187525,0.23841708761781458,0.5970754742628454,ALLOW
aca194a4-b026-44b1-ab04-c95cac40150a,1779422184407,-1,0.0,0.7357102345187525,0.7357102345187525,0.22206069856733085,0.5992573698833996,ALLOW
aca194a4-b026-44b1-ab04-c95cac40150a,1779422184565,-1,0.0,0.7357102345187525,0.7357102345187525,0.20411410502582786,0.6014392655039539,ALLOW
aca194a4-b026-44b1-ab04-c95cac40150a,1779422185765,-1,0.0,0.7357102345187525,0.7357102345187525,0.06781086293846374,0.6036211611245083,ALLOW
aca194a4-b026-44b1-ab04-c95cac40150a,1779422185936,-1,0.4629732817871217,0.7357102345187525,0.5175206723334479,0.04838765094101431,0.6036211611232094,STEP_UP
aca194a4-b026-44b1-ab04-c95cac40150a,1779422186087,-1,0.4629732817086525,0.7357102345187525,0.5175206722706726,0.031236159645021005,0.6036211611212828,STEP_UP
aca194a4-b026-44b1-ab04-c95cac40150a,1779422186234,-1,0.4629732817086525,0.7357102345187525,0.5175206722706726,0.01453901248931886,0.6036211611193564,STEP_UP
aca194a4-b026-44b1-ab04-c95cac40150a,1779422186402,-1,0.4629732817086525,0.7357102345187525,0.5175206722706726,0.0,0.6036211611174298,STEP_UP
aca194a4-b026-44b1-ab04-c95cac40150a,1779422186526,-1,0.4629732817086525,0.7357102345187525,0.5175206722706726,0.0,0.6036211611155033,STEP_UP
aca194a4-b026-44b1-ab04-c95cac40150a,1779422186687,-1,0.4629732817086525,0.7357102345187525,0.5175206722706726,0.0,0.6036211611135768,STEP_UP
aca194a4-b026-44b1-ab04-c95cac40150a,1779422186836,-1,0.4629732817086525,0.7357102345187525,0.5175206722706726,0.0,0.6036211611116503,STEP_UP
aca194a4-b026-44b1-ab04-c95cac40150a,1779422186995,-1,0.4629732817086525,0.7357102345187525,0.5175206722706726,0.0,0.6036211611097237,STEP_UP
aca194a4-b026-44b1-ab04-c95cac40150a,1779422187132,-1,0.4629732817086525,0.7357102345187525,0.5175206722706726,0.0,0.6036211611077973,STEP_UP
aca194a4-b026-44b1-ab04-c95cac40150a,1779422187287,-1,0.4629732817086525,0.7357102345187525,0.5175206722706726,0.0,0.6036211611058708,STEP_UP
aca194a4-b026-44b1-ab04-c95cac40150a,1779422187436,-1,0.4629732817086525,0.7357102345187525,0.5175206722706726,0.0,0.6036211611039444,STEP_UP
aca194a4-b026-44b1-ab04-c95cac40150a,1779422187586,-1,0.4629732817086525,0.7357102345187525,0.5175206722706726,0.0,0.6020238735034991,STEP_UP
aca194a4-b026-44b1-ab04-c95cac40150a,1779422187734,-1,0.4629732817086525,0.7357102345187525,0.5175206722706726,0.0,0.6004265859030538,STEP_UP
aca194a4-b026-44b1-ab04-c95cac40150a,1779422187890,-1,0.4629732817086525,0.7357102345187525,0.5175206722706726,0.0,0.5988292983026086,STEP_UP
aca194a4-b026-44b1-ab04-c95cac40150a,1779422188034,-1,0.4629732817086525,0.7357102345187525,0.5175206722706726,0.0,0.5972320107021634,STEP_UP
aca194a4-b026-44b1-ab04-c95cac40150a,1779422188191,-1,0.4629732817086525,0.7357102345187525,0.5175206722706726,0.0,0.5955952608797469,STEP_UP
aca194a4-b026-44b1-ab04-c95cac40150a,1779422188333,-1,0.4629732817086525,0.7357102345187525,0.5175206722706726,0.8896198403835297,0.595446907729782,ALLOW
aca194a4-b026-44b1-ab04-c95cac40150a,1779422188491,-1,0.4629732817086525,0.7357102345187525,0.5175206722706726,0.8896198403835297,0.595298554579817,ALLOW
aca194a4-b026-44b1-ab04-c95cac40150a,1779422188628,-1,0.4629732817086525,0.7357102345187525,0.5175206722706726,0.8896198403835297,0.5951502014298521,ALLOW
aca194a4-b026-44b1-ab04-c95cac40150a,1779422188771,-1,0.4629732817086525,0.7357102345187525,0.5175206722706726,0.8896198403835297,0.5950113407881704,ALLOW
aca194a4-b026-44b1-ab04-c95cac40150a,1779422188904,-1,0.4629732817086525,0.7357102345187525,0.5175206722706726,0.9209686404466629,0.5950050977299397,ALLOW
aca194a4-b026-44b1-ab04-c95cac40150a,1779422189058,-1,0.4629732817086525,0.7357102345187525,0.5175206722706726,0.9209686404466629,0.5950413556189917,ALLOW
aca194a4-b026-44b1-ab04-c95cac40150a,1779422189209,-1,0.4629732817086525,0.7357102345187525,0.5175206722706726,0.9209686404466629,0.5951187255354811,ALLOW
aca194a4-b026-44b1-ab04-c95cac40150a,1779422189363,-1,0.4629732817086525,0.7357102345187525,0.5175206722706726,0.9209686404466629,0.5953576467108032,ALLOW
aca194a4-b026-44b1-ab04-c95cac40150a,1779422189507,-1,0.4629732817086525,0.7357102345187525,0.5175206722706726,0.9209686404466629,0.5956382354815009,ALLOW
aca194a4-b026-44b1-ab04-c95cac40150a,1779422189660,-1,0.4629732817086525,0.7357102345187525,0.5175206722706726,0.9209686404466629,0.5959602140636047,ALLOW
aca194a4-b026-44b1-ab04-c95cac40150a,1779422189809,-1,0.4629732817086525,0.7357102345187525,0.5175206722706726,0.9209686404466629,0.596323860241084,ALLOW
aca194a4-b026-44b1-ab04-c95cac40150a,1779422189960,-1,0.4629732817086525,0.7357102345187525,0.5175206722706726,0.9209686404466629,0.5966704883103657,ALLOW
aca194a4-b026-44b1-ab04-c95cac40150a,1779422190107,-1,0.4629732817086525,0.7357102345187525,0.5175206722706726,0.9209686404466629,0.597060450678838,ALLOW
aca194a4-b026-44b1-ab04-c95cac40150a,1779422190262,-1,0.4629732817086525,0.7357102345187525,0.5175206722706726,0.9209686404466629,0.5974929139945933,ALLOW
aca194a4-b026-44b1-ab04-c95cac40150a,1779422190407,-1,0.4629732817086525,0.7357102345187525,0.5175206722706726,0.9209686404466629,0.5979670449057238,ALLOW
aca194a4-b026-44b1-ab04-c95cac40150a,1779422190562,-1,0.4629732817086525,0.7357102345187525,0.5175206722706726,0.9209686404466629,0.5984811767084149,ALLOW
aca194a4-b026-44b1-ab04-c95cac40150a,1779422190706,-1,0.4629732817086525,0.7357102345187525,0.5175206722706726,0.9209686404466629,0.5990372538904506,ALLOW
aca194a4-b026-44b1-ab04-c95cac40150a,1779422190862,-1,0.4629732817086525,0.7357102345187525,0.5175206722706726,0.9209686404466629,0.5996344430999235,ALLOW
aca194a4-b026-44b1-ab04-c95cac40150a,1779422191006,-1,0.4629732817086525,0.7357102345187525,0.5175206722706726,0.9209686404466629,0.6002738554727101,ALLOW
aca194a4-b026-44b1-ab04-c95cac40150a,1779422191161,-1,0.4629732817086525,0.7357102345187525,0.5175206722706726,0.9209686404466629,0.6009557687927797,ALLOW
aca194a4-b026-44b1-ab04-c95cac40150a,1779422191307,-1,0.4608899019409636,0.7357102345187525,0.5158539684565214,0.9209686404466629,0.6016690717013706,ALLOW
aca194a4-b026-44b1-ab04-c95cac40150a,1779422191461,-1,0.45197766626807195,0.7357102345187525,0.5087241799182081,0.9209686404466629,0.6023798745542612,ALLOW
aca194a4-b026-44b1-ab04-c95cac40150a,1779422192364,-1,0.39971955709520784,0.7357102345187525,0.4669176925799168,0.9209686404466629,0.6028815060784976,ALLOW
aca194a4-b026-44b1-ab04-c95cac40150a,1779422192508,-1,0.3913860380244521,0.7357102345187525,0.46025087732331227,0.9209686404466629,0.6033848043065698,ALLOW
aca194a4-b026-44b1-ab04-c95cac40150a,1779422192656,-1,0.38282103231284204,0.7357102345187525,0.45339887275402413,0.9209686404466629,0.6038883803186326,ALLOW
aca194a4-b026-44b1-ab04-c95cac40150a,1779422192808,-1,0.37402453996037766,0.7357102345187525,0.4463616788720527,0.9209686404466629,0.6043911229788098,ALLOW
aca194a4-b026-44b1-ab04-c95cac40150a,1779422192961,-1,0.3651701759476997,0.7357102345187525,0.4392781876619103,0.9209686404466629,0.6048949767748858,ALLOW
aca194a4-b026-44b1-ab04-c95cac40150a,1779422193106,-1,0.35677878521673034,0.7357102345187525,0.4325650750771348,0.9209686404466629,0.6053996639228904,ALLOW
aca194a4-b026-44b1-ab04-c95cac40150a,1779422193258,-1,0.3479822928642659,0.7357102345187525,0.42552788119516327,0.9209686404466629,0.6059051844228243,ALLOW
aca194a4-b026-44b1-ab04-c95cac40150a,1779422193409,-1,0.3392436721720151,0.7357102345187525,0.4185369846413626,0.9156730707640945,0.606388411508173,ALLOW
aca194a4-b026-44b1-ab04-c95cac40150a,1779422193560,-1,0.33050505147976433,0.7357102345187525,0.411546088087562,0.8982897876756638,0.60680210546119,ALLOW
aca194a4-b026-44b1-ab04-c95cac40150a,1779422193703,-1,0.3222294040692221,0.7357102345187525,0.4049255701591282,0.8818274732276797,0.6071518946442196,ALLOW
aca194a4-b026-44b1-ab04-c95cac40150a,1779422193852,-1,0.3136065266973985,0.7357102345187525,0.39802726826166934,0.8646744322993607,0.607431960527681,ALLOW
aca194a4-b026-44b1-ab04-c95cac40150a,1779422194007,-1,0.3046364193642933,0.7357102345187525,0.3908511823951852,0.8468306648907066,0.607640373557561,ALLOW
aca194a4-b026-44b1-ab04-c95cac40150a,1779422194159,-1,0.29583992701182893,0.7357102345187525,0.3838139885132137,0.82933226072222,0.6077785151868198,ALLOW
aca194a4-b026-44b1-ab04-c95cac40150a,1779422194308,-1,0.2872170496400053,0.7357102345187525,0.37691568661575475,0.8121792197939008,0.607848044652387,ALLOW
aca194a4-b026-44b1-ab04-c95cac40150a,1779422194460,-1,0.2784205572875409,0.7357102345187525,0.36987849273378326,0.7946808156254144,0.6078467471493947,STEP_UP
aca194a4-b026-44b1-ab04-c95cac40150a,1779422194610,-1,0.26973980825550364,0.7357102345187525,0.3629338935081534,0.7774126536170394,0.6077766547823596,STEP_UP
aca194a4-b026-44b1-ab04-c95cac40150a,1779422194760,-1,0.26105905922346645,0.7357102345187525,0.3559892942825237,0.7601444916086644,0.6076377675512817,STEP_UP
aca194a4-b026-44b1-ab04-c95cac40150a,1779422194910,-1,0.2523783101914292,0.7357102345187525,0.3490446950568939,0.7428763296002895,0.6074284187523463,STEP_UP
aca194a4-b026-44b1-ab04-c95cac40150a,1779422195058,-1,0.2438133044798191,0.7357102345187525,0.3421926904876058,0.7258384097520262,0.6071525849778543,STEP_UP
aca194a4-b026-44b1-ab04-c95cac40150a,1779422195209,-1,0.23507468378756827,0.7357102345187525,0.3352017939338051,0.7084551266635954,0.6068304908459832,STEP_UP
aca194a4-b026-44b1-ab04-c95cac40150a,1779422195359,-1,0.22639393475553107,0.7357102345187525,0.3282571947081754,0.6911869646552204,0.6065060114309251,STEP_UP
aca194a4-b026-44b1-ab04-c95cac40150a,1779422195510,-1,0.21765531406328026,0.7357102345187525,0.32126629815437474,0.6738036815667897,0.6061791405925,STEP_UP
aca194a4-b026-44b1-ab04-c95cac40150a,1779422195660,-1,0.208974565031243,0.7357102345187525,0.31432169892874495,0.6565355195584147,0.6058491523427786,STEP_UP
aca194a4-b026-44b1-ab04-c95cac40150a,1779422195804,-1,0.20064104596048726,0.7357102345187525,0.30765488367214033,0.6399580840303749,0.6055248690601528,STEP_UP
aca194a4-b026-44b1-ab04-c95cac40150a,1779422195960,-1,0.19161306696716854,0.7357102345187525,0.3004325004774854,0.621999195541665,0.6051952351408235,STEP_UP
aca194a4-b026-44b1-ab04-c95cac40150a,1779422196106,-1,0.18316380457598563,0.7357102345187525,0.29367309056453905,0.6051915178535133,0.604866169011464,STEP_UP
aca194a4-b026-44b1-ab04-c95cac40150a,1779422197005,-1,0.13113718204397581,0.7357102345187525,0.2520517925389312,0.5016976668833197,0.6039861474189271,STEP_UP
aca194a4-b026-44b1-ab04-c95cac40150a,1779422197162,-1,0.12205133139044351,0.7357102345187525,0.24478311201610534,0.4836236573145539,0.6030985726651783,STEP_UP
aca194a4-b026-44b1-ab04-c95cac40150a,1779422197310,-1,0.11348632567883346,0.7357102345187525,0.23793110744681728,0.4665857374662906,0.6022122855491494,STEP_UP
aca194a4-b026-44b1-ab04-c95cac40150a,1779422197459,-1,0.1048634483070098,0.7357102345187525,0.23103280554935837,0.4494326965379715,0.6013228871620037,STEP_UP
aca194a4-b026-44b1-ab04-c95cac40150a,1779422197611,-1,0.0960669559545454,0.7357102345187525,0.22399561166738685,0.4319342923694849,0.6004347518518588,STEP_UP
aca194a4-b026-44b1-ab04-c95cac40150a,1779422197759,-1,0.08750195024293529,0.7357102345187525,0.21714360709809877,0.41489637252122163,0.5995420471545578,LOCK
aca194a4-b026-44b1-ab04-c95cac40150a,1779422197909,-1,0.0788212012108981,0.7357102345187525,0.21019900787246898,0.3976282105128467,0.5986528141989457,LOCK
aca194a4-b026-44b1-ab04-c95cac40150a,1779422198054,-1,0.07042981047992874,0.7357102345187525,0.2034858952876935,0.380935653904751,0.5977619587891546,LOCK
aca194a4-b026-44b1-ab04-c95cac40150a,1779422198207,-1,0.061575446467250786,0.7357102345187525,0.19640240407755116,0.3633221286562085,0.5968694318037467,LOCK
aca194a4-b026-44b1-ab04-c95cac40150a,1779422198359,-1,0.05277895411478638,0.7357102345187525,0.18936521019557961,0.34582372448772186,0.5959767036391206,LOCK
aca194a4-b026-44b1-ab04-c95cac40150a,1779422198506,-1,0.04427182006338987,0.7357102345187525,0.1825595029544624,0.3289009257195145,0.5910305620145379,LOCK
aca194a4-b026-44b1-ab04-c95cac40150a,1779422198657,-1,0.03553319937113907,0.7357102345187525,0.17556860640066177,0.3115176426310838,0.5859729418782788,LOCK
aca194a4-b026-44b1-ab04-c95cac40150a,1779422198806,-1,0.026910321999315416,0.7357102345187525,0.16867030450320286,0.2943646017027647,0.5808053197669214,LOCK
aca194a4-b026-44b1-ab04-c95cac40150a,1779422198956,-1,0.018229572967278215,0.7357102345187525,0.1617257052775731,0.27709643969438974,0.5755269574121769,LOCK
aca194a4-b026-44b1-ab04-c95cac40150a,1779422199106,-1,0.009548823935240959,0.7357102345187525,0.15478110605194328,0.25982827768601474,0.570137854814045,LOCK
aca194a4-b026-44b1-ab04-c95cac40150a,1779422199257,-1,0.0008102032429901555,0.7357102345187525,0.14779020949814264,0.242444994597584,0.5646372737042368,LOCK
aca194a4-b026-44b1-ab04-c95cac40150a,1779422199407,-1,0.0,0.7357102345187525,0.7357102345187525,0.22517683258920915,0.5646372737042368,ALLOW
aca194a4-b026-44b1-ab04-c95cac40150a,1779422199560,-1,0.0,0.7357102345187525,0.7357102345187525,0.20756330734066666,0.5646372737042368,ALLOW
aca194a4-b026-44b1-ab04-c95cac40150a,1779422199709,-1,0.0,0.7357102345187525,0.7357102345187525,0.19041026641234754,0.5646372737042369,ALLOW
aca194a4-b026-44b1-ab04-c95cac40150a,1779422199861,-1,0.0,0.7357102345187525,0.7357102345187525,0.17291186224386093,0.5646372737042369,ALLOW
aca194a4-b026-44b1-ab04-c95cac40150a,1779422200006,-1,0.0,0.7357102345187525,0.7357102345187525,0.15621930563576522,0.5646372737042369,ALLOW
aca194a4-b026-44b1-ab04-c95cac40150a,1779422200162,-1,0.0,0.7357102345187525,0.7357102345187525,0.13826041714705523,0.5646372737042369,ALLOW
aca194a4-b026-44b1-ab04-c95cac40150a,1779422200309,-1,0.0,0.7357102345187525,0.7357102345187525,0.12133761837884788,0.5646372737042369,ALLOW
aca194a4-b026-44b1-ab04-c95cac40150a,1779422200460,-1,0.0,0.7357102345187525,0.7357102345187525,0.10395433529041703,0.5646372737042369,ALLOW
aca194a4-b026-44b1-ab04-c95cac40150a,1779422200610,-1,0.0,0.7357102345187525,0.7357102345187525,0.08668617328204216,0.5646372737042369,ALLOW
aca194a4-b026-44b1-ab04-c95cac40150a,1779422200765,-1,0.0,0.7357102345187525,0.7357102345187525,0.06884240587338804,0.5646372737042369,ALLOW
aca194a4-b026-44b1-ab04-c95cac40150a,1779422200906,-1,0.0,0.7357102345187525,0.7357102345187525,0.0526103335855156,0.5646372737042369,ALLOW
aca194a4-b026-44b1-ab04-c95cac40150a,1779422201053,-1,0.0,0.7357102345187525,0.7357102345187525,0.035687534817308145,0.5646372737042369,ALLOW
aca194a4-b026-44b1-ab04-c95cac40150a,1779422201208,-1,0.0,0.7357102345187525,0.7357102345187525,0.017843767408654124,0.5646372737042369,ALLOW
aca194a4-b026-44b1-ab04-c95cac40150a,1779422201360,-1,0.0,0.7357102345187525,0.7357102345187525,0.0003453632401675117,0.5646372737042369,ALLOW
aca194a4-b026-44b1-ab04-c95cac40150a,1779422201508,-1,0.0,0.7357102345187525,0.7357102345187525,0.0,0.5646372737042369,ALLOW
aca194a4-b026-44b1-ab04-c95cac40150a,1779422201660,-1,0.0,0.7357102345187525,0.7357102345187525,0.0,0.5646372737042368,ALLOW
aca194a4-b026-44b1-ab04-c95cac40150a,1779422201807,-1,0.0,0.7357102345187525,0.7357102345187525,0.0,0.5646372737042368,ALLOW
aca194a4-b026-44b1-ab04-c95cac40150a,1779422201962,-1,0.0,0.7357102345187525,0.7357102345187525,0.0,0.5646372737042369,ALLOW
aca194a4-b026-44b1-ab04-c95cac40150a,1779422202105,-1,0.0,0.7357102345187525,0.7357102345187525,0.0,0.5646372737042368,ALLOW
aca194a4-b026-44b1-ab04-c95cac40150a,1779422202257,-1,0.0,0.7357102345187525,0.7357102345187525,0.0,0.5646372737042368,ALLOW
aca194a4-b026-44b1-ab04-c95cac40150a,1779422202407,-1,0.0,0.7357102345187525,0.7357102345187525,0.0,0.5668191693260898,ALLOW
aca194a4-b026-44b1-ab04-c95cac40150a,1779422202561,-1,0.0,0.7357102345187525,0.7357102345187525,0.0,0.5690010649485706,ALLOW
aca194a4-b026-44b1-ab04-c95cac40150a,1779422202707,-1,0.0,0.7357102345187525,0.7357102345187525,0.0,0.5711829605710514,ALLOW
aca194a4-b026-44b1-ab04-c95cac40150a,1779422205563,-1,0.0,0.7357102345187525,0.7357102345187525,0.0,0.5733648561935322,ALLOW
aca194a4-b026-44b1-ab04-c95cac40150a,1779422205705,-1,0.0,0.7357102345187525,0.7357102345187525,0.0,0.575546751816013,ALLOW
aca194a4-b026-44b1-ab04-c95cac40150a,1779422205866,-1,0.0,0.7357102345187525,0.7357102345187525,0.0,0.5777286474384938,ALLOW
aca194a4-b026-44b1-ab04-c95cac40150a,1779422206010,-1,0.0,0.7357102345187525,0.7357102345187525,0.0,0.5799105430609746,ALLOW
aca194a4-b026-44b1-ab04-c95cac40150a,1779422206160,-1,0.0,0.7357102345187525,0.7357102345187525,0.0,0.5820924386834554,ALLOW
aca194a4-b026-44b1-ab04-c95cac40150a,1779422206311,-1,0.0,0.7357102345187525,0.7357102345187525,0.0,0.5842743343059361,ALLOW
aca194a4-b026-44b1-ab04-c95cac40150a,1779422206461,-1,0.0,0.7357102345187525,0.7357102345187525,0.0,0.586456229928417,ALLOW
aca194a4-b026-44b1-ab04-c95cac40150a,1779422206612,-1,0.0,0.7357102345187525,0.7357102345187525,0.0,0.5886381255508978,ALLOW
aca194a4-b026-44b1-ab04-c95cac40150a,1779422206760,-1,0.0,0.7357102345187525,0.7357102345187525,0.0,0.5908200211733786,ALLOW
aca194a4-b026-44b1-ab04-c95cac40150a,1779422206910,-1,0.0,0.7357102345187525,0.7357102345187525,0.0,0.5930019167958593,ALLOW
aca194a4-b026-44b1-ab04-c95cac40150a,1779422207061,-1,0.0,0.7357102345187525,0.7357102345187525,0.0,0.5951838124183402,ALLOW
aca194a4-b026-44b1-ab04-c95cac40150a,1779422207211,-1,0.0,0.7357102345187525,0.7357102345187525,0.0,0.5973657080408209,ALLOW
aca194a4-b026-44b1-ab04-c95cac40150a,1779422207360,-1,0.0,0.7357102345187525,0.7357102345187525,0.0,0.5995476036633017,ALLOW
aca194a4-b026-44b1-ab04-c95cac40150a,1779422207517,-1,0.0,0.7357102345187525,0.7357102345187525,0.0,0.6002411026133311,ALLOW
aca194a4-b026-44b1-ab04-c95cac40150a,1779422207661,-1,0.0,0.7357102345187525,0.7357102345187525,0.0,0.6009346015633604,ALLOW
aca194a4-b026-44b1-ab04-c95cac40150a,1779422207806,-1,0.0,0.7357102345187525,0.7357102345187525,0.0,0.6016281005133898,ALLOW
aca194a4-b026-44b1-ab04-c95cac40150a,1779422207971,-1,0.0,0.7357102345187525,0.7357102345187525,0.0,0.6023215994634191,ALLOW
aca194a4-b026-44b1-ab04-c95cac40150a,1779422208109,-1,0.0,0.7357102345187525,0.7357102345187525,0.0,0.602889703213196,ALLOW
aca194a4-b026-44b1-ab04-c95cac40150a,1779422208263,-1,0.0,0.7357102345187525,0.7357102345187525,0.0,0.6034578069629728,ALLOW
aca194a4-b026-44b1-ab04-c95cac40150a,1779422208409,-1,0.0,0.7357102345187525,0.7357102345187525,0.0,0.6040259107127497,ALLOW
aca194a4-b026-44b1-ab04-c95cac40150a,1779422208565,-1,0.0,0.7357102345187525,0.7357102345187525,0.0,0.6045940144625266,ALLOW
aca194a4-b026-44b1-ab04-c95cac40150a,1779422208710,-1,0.0,0.7357102345187525,0.7357102345187525,0.0,0.6051621182123035,ALLOW
aca194a4-b026-44b1-ab04-c95cac40150a,1779422208854,-1,0.0,0.7357102345187525,0.7357102345187525,0.0,0.6057302219620803,ALLOW
aca194a4-b026-44b1-ab04-c95cac40150a,1779422209009,-1,0.0,0.7357102345187525,0.7357102345187525,0.0,0.606298325711857,ALLOW
aca194a4-b026-44b1-ab04-c95cac40150a,1779422209161,-1,0.0,0.7357102345187525,0.7357102345187525,0.0,0.6068664294616339,ALLOW
aca194a4-b026-44b1-ab04-c95cac40150a,1779422209309,-1,0.0,0.7357102345187525,0.7357102345187525,0.0,0.6074345332114107,ALLOW
aca194a4-b026-44b1-ab04-c95cac40150a,1779422209455,-1,0.0,0.7357102345187525,0.7357102345187525,0.0,0.6080026369611876,ALLOW
aca194a4-b026-44b1-ab04-c95cac40150a,1779422209605,-1,0.0,0.7357102345187525,0.7357102345187525,0.0,0.6085707407109645,ALLOW
aca194a4-b026-44b1-ab04-c95cac40150a,1779422209758,-1,0.0,0.7357102345187525,0.7357102345187525,0.0,0.6091388444607413,ALLOW
aca194a4-b026-44b1-ab04-c95cac40150a,1779422209903,-1,0.0,0.7357102345187525,0.7357102345187525,0.0,0.6097069482105181,ALLOW
aca194a4-b026-44b1-ab04-c95cac40150a,1779422210062,-1,0.0,0.7357102345187525,0.7357102345187525,0.0,0.610275051960295,ALLOW
aca194a4-b026-44b1-ab04-c95cac40150a,1779422210207,-1,0.0,0.7357102345187525,0.7357102345187525,0.0,0.6108431557100719,ALLOW
aca194a4-b026-44b1-ab04-c95cac40150a,1779422210365,-1,0.0,0.7357102345187525,0.7357102345187525,0.0,0.6114112594598486,ALLOW
aca194a4-b026-44b1-ab04-c95cac40150a,1779422210508,-1,0.0,0.7357102345187525,0.7357102345187525,0.0,0.6119893634325103,ALLOW
aca194a4-b026-44b1-ab04-c95cac40150a,1779422210663,-1,0.0,0.7357102345187525,0.7357102345187525,0.0,0.6126102461364019,ALLOW
aca194a4-b026-44b1-ab04-c95cac40150a,1779422210810,-1,0.0,0.7357102345187525,0.7357102345187525,0.0,0.6134819677643233,ALLOW
aca194a4-b026-44b1-ab04-c95cac40150a,1779422210965,-1,0.0,0.7357102345187525,0.7357102345187525,0.0,0.6143936902837843,ALLOW
aca194a4-b026-44b1-ab04-c95cac40150a,1779422211107,-1,0.0,0.7357102345187525,0.7357102345187525,0.0,0.6153465248306611,ALLOW
aca194a4-b026-44b1-ab04-c95cac40150a,1779422211260,-1,0.0,0.7357102345187525,0.7357102345187525,0.0,0.6163415825408296,ALLOW
aca194a4-b026-44b1-ab04-c95cac40150a,1779422211408,-1,0.0,0.7357102345187525,0.7357102345187525,0.0,0.617379141198259,ALLOW
aca194a4-b026-44b1-ab04-c95cac40150a,1779422211560,-1,0.0,0.7357102345187525,0.7357102345187525,0.0,0.6184569785311972,ALLOW
aca194a4-b026-44b1-ab04-c95cac40150a,1779422211710,-1,0.0,0.7357102345187525,0.7357102345187525,0.0,0.6195770390274271,ALLOW
aca194a4-b026-44b1-ab04-c95cac40150a,1779422211859,-1,0.0,0.7357102345187525,0.7357102345187525,0.0,0.62076022718171,ALLOW
aca194a4-b026-44b1-ab04-c95cac40150a,1779422212009,-1,0.0,0.7357102345187525,0.7357102345187525,0.0,0.6220548938476695,ALLOW
aca194a4-b026-44b1-ab04-c95cac40150a,1779422212162,-1,0.0,0.7357102345187525,0.7357102345187525,0.0,0.6234551328789916,ALLOW
aca194a4-b026-44b1-ab04-c95cac40150a,1779422212307,-1,0.0,0.7357102345187525,0.7357102345187525,0.0,0.6249653738854115,ALLOW
aca194a4-b026-44b1-ab04-c95cac40150a,1779422212459,-1,0.0,0.7357102345187525,0.7357102345187525,0.0,0.6265900464766652,ALLOW
aca194a4-b026-44b1-ab04-c95cac40150a,1779422212611,-1,0.0,0.7357102345187525,0.7357102345187525,0.0,0.6283269358478845,ALLOW
aca194a4-b026-44b1-ab04-c95cac40150a,1779422212906,-1,0.0,0.7357102345187525,0.7357102345187525,0.0,0.6301738271942019,ALLOW
aca194a4-b026-44b1-ab04-c95cac40150a,1779422213062,-1,0.0,0.7357102345187525,0.7357102345187525,0.0,0.6321329353204851,ALLOW
aca194a4-b026-44b1-ab04-c95cac40150a,1779422213211,-1,0.0,0.7357102345187525,0.7357102345187525,0.0,0.6342027836901555,ALLOW
aca194a4-b026-44b1-ab04-c95cac40150a,1779422213360,-1,0.0,0.7357102345187525,0.7357102345187525,0.0,0.6363833723032133,ALLOW
aca194a4-b026-44b1-ab04-c95cac40150a,1779422213503,-1,0.0,0.7357102345187525,0.7357102345187525,0.0,0.6386747011596583,ALLOW
aca194a4-b026-44b1-ab04-c95cac40150a,1779422213661,-1,0.0,0.7357102345187525,0.7357102345187525,0.0,0.6410752937229119,ALLOW
aca194a4-b026-44b1-ab04-c95cac40150a,1779422213820,-1,0.0,0.7357102345187525,0.7357102345187525,0.0,0.6435873647978424,ALLOW
aca194a4-b026-44b1-ab04-c95cac40150a,1779422213982,-1,0.4629732817871217,0.7357102345187525,0.5175206723334479,0.0,0.6440282804943069,STEP_UP
aca194a4-b026-44b1-ab04-c95cac40150a,1779422214134,-1,0.46297328225589984,0.7357102345187525,0.5175206727084705,0.0,0.6445806747061981,STEP_UP
aca194a4-b026-44b1-ab04-c95cac40150a,1779422214289,-1,0.46297328225589984,0.7357102345187525,0.5175206727084705,0.0,0.6452438091614766,STEP_UP
aca194a4-b026-44b1-ab04-c95cac40150a,1779422214438,-1,0.46297328225589984,0.7357102345187525,0.5175206727084705,0.0,0.646013254250407,STEP_UP
aca194a4-b026-44b1-ab04-c95cac40150a,1779422214589,-1,0.46297328225589984,0.7357102345187525,0.5175206727084705,0.0,0.6468978691924602,STEP_UP
aca194a4-b026-44b1-ab04-c95cac40150a,1779422214733,-1,0.46297328225589984,0.7357102345187525,0.5175206727084705,0.0,0.6478902713047435,STEP_UP
aca194a4-b026-44b1-ab04-c95cac40150a,1779422214886,-1,0.46297328225589984,0.7357102345187525,0.5175206727084705,0.0,0.6495463766090614,STEP_UP
aca194a4-b026-44b1-ab04-c95cac40150a,1779422215041,-1,0.4629732817058163,0.7357102345187525,0.5175206722684036,0.0,0.6513183900303906,STEP_UP
aca194a4-b026-44b1-ab04-c95cac40150a,1779422215191,-1,0.4629732817058163,0.7357102345187525,0.5175206722684036,0.0,0.6531996671585286,STEP_UP
aca194a4-b026-44b1-ab04-c95cac40150a,1779422215338,-1,0.4629733833239935,0.7357102345187525,0.5175207535629454,0.0,0.6551909470747099,STEP_UP
aca194a4-b026-44b1-ab04-c95cac40150a,1779422215491,-1,0.46297341513356893,0.7357102345187525,0.5175207790106057,0.0,0.6572944440253339,STEP_UP
aca194a4-b026-44b1-ab04-c95cac40150a,1779422215644,-1,0.46297341513356893,0.7357102345187525,0.5175207790106057,0.0,0.6595072046827666,STEP_UP
aca194a4-b026-44b1-ab04-c95cac40150a,1779422215784,-1,0.46297341513356893,0.7357102345187525,0.5175207790106057,0.0,0.6618307055835865,STEP_UP
aca194a4-b026-44b1-ab04-c95cac40150a,1779422215934,-1,0.46297341513356893,0.7357102345187525,0.5175207790106057,0.0,0.6642612553863474,STEP_UP
aca194a4-b026-44b1-ab04-c95cac40150a,1779422216087,-1,0.46297341513356893,0.7357102345187525,0.5175207790106057,0.0,0.6668047602373632,STEP_UP
aca194a4-b026-44b1-ab04-c95cac40150a,1779422216237,-1,0.46297341513356893,0.7357102345187525,0.5175207790106057,0.0,0.6694604818683451,STEP_UP
aca194a4-b026-44b1-ab04-c95cac40150a,1779422216394,-1,0.46297341513356893,0.7357102345187525,0.5175207790106057,0.0,0.6722247289378461,STEP_UP
aca194a4-b026-44b1-ab04-c95cac40150a,1779422216534,-1,0.46297341513356893,0.7357102345187525,0.5175207790106057,0.0,0.6751004545190239,STEP_UP
aca194a4-b026-44b1-ab04-c95cac40150a,1779422216692,-1,0.46297341513356893,0.7357102345187525,0.5175207790106057,0.0,0.6780861820752997,STEP_UP
aca194a4-b026-44b1-ab04-c95cac40150a,1779422216828,-1,0.46297341513356893,0.7357102345187525,0.5175207790106057,0.0,0.6811826498749628,STEP_UP
aca194a4-b026-44b1-ab04-c95cac40150a,1779422216967,-1,0.46297332134270164,0.7357102345187525,0.5175207039779118,0.0,0.6843898571676861,STEP_UP
aca194a4-b026-44b1-ab04-c95cac40150a,1779422217127,-1,0.4629732817058163,0.7357102345187525,0.5175206722684036,0.0,0.6877085426549908,STEP_UP
aca194a4-b026-44b1-ab04-c95cac40150a,1779422217284,-1,0.4629732817058163,0.7357102345187525,0.5175206722684036,0.0,0.6855266470324873,STEP_UP
aca194a4-b026-44b1-ab04-c95cac40150a,1779422217435,-1,0.46297328887623945,0.7357102345187525,0.5175206780047421,0.0,0.6833447514673473,STEP_UP
aca194a4-b026-44b1-ab04-c95cac40150a,1779422217590,-1,0.4629733035635939,0.7357102345187525,0.5175206897546256,0.0,0.6811628560197058,STEP_UP
aca194a4-b026-44b1-ab04-c95cac40150a,1779422217737,-1,0.4629734291938594,0.7357102345187525,0.5175207902588381,0.0,0.6789809615771069,STEP_UP
aca194a4-b026-44b1-ab04-c95cac40150a,1779422217877,-1,0.46297343793538004,0.7357102345187525,0.5175207972520546,0.0,0.6767990672044399,STEP_UP
aca194a4-b026-44b1-ab04-c95cac40150a,1779422218033,-1,0.46297330754231836,0.7357102345187525,0.5175206929376053,0.0,0.6746171717886286,STEP_UP
aca194a4-b026-44b1-ab04-c95cac40150a,1779422218190,-1,0.4629737499699953,0.7357102345187525,0.5175210468797468,0.0,0.6724352799122386,STEP_UP
aca194a4-b026-44b1-ab04-c95cac40150a,1779422218333,-1,0.4629698800433586,0.7357102345187525,0.5175179509384374,0.0,0.6702533570764353,STEP_UP
aca194a4-b026-44b1-ab04-c95cac40150a,1779422218481,-1,0.46236964470756026,0.7357102345187525,0.5170377626697987,0.0,0.6680666323579457,STEP_UP
aca194a4-b026-44b1-ab04-c95cac40150a,1779422218633,-1,0.46234934077011247,0.7357102345187525,0.5170215195198405,0.0,0.6658797452079568,STEP_UP
aca194a4-b026-44b1-ab04-c95cac40150a,1779422218796,-1,0.46195071090682194,0.7357102345187525,0.516702615629208,0.0,0.6636896690190613,STEP_UP
aca194a4-b026-44b1-ab04-c95cac40150a,1779422218919,-1,0.46195071090682194,0.7357102345187525,0.516702615629208,0.0,0.6614995928301659,STEP_UP
aca194a4-b026-44b1-ab04-c95cac40150a,1779422219084,-1,0.0010789257340377834,0.7357102345187525,0.14800518749098074,0.0,0.655622542359888,LOCK
aca194a4-b026-44b1-ab04-c95cac40150a,1779422219233,-1,0.4630110780056951,0.7357102345187525,0.5175509093083066,0.0,0.6534409491077837,STEP_UP
aca194a4-b026-44b1-ab04-c95cac40150a,1779422219399,-1,0.0011645531976380852,0.7357102345187525,0.14807368946186097,0.0,0.6475645836572147,LOCK
aca194a4-b026-44b1-ab04-c95cac40150a,1779422219533,-1,0.7588807610472805,0.7357102345187525,0.7588807610472805,0.0,0.6477962889224999,ALLOW
aca194a4-b026-44b1-ab04-c95cac40150a,1779422219683,-1,0.7588621226569698,0.7220076314008408,0.7588621226569698,0.0,0.648027807803882,ALLOW
aca194a4-b026-44b1-ab04-c95cac40150a,1779422219841,-1,0.7588621226569698,0.7074773542690953,0.7588621226569698,0.0,0.6482593266852642,ALLOW
aca194a4-b026-44b1-ab04-c95cac40150a,1779422219981,-1,0.7588621226569698,0.6946024251650172,0.7588621226569698,0.0,0.6484908455666464,ALLOW
aca194a4-b026-44b1-ab04-c95cac40150a,1779422220137,-1,0.7611473420434129,0.6802560755919016,0.7611473420434129,0.0,0.648745216641893,ALLOW
aca194a4-b026-44b1-ab04-c95cac40150a,1779422220284,-1,0.4612845669033361,0.6667374000326195,0.5023751335291928,0.0,0.6464118656319975,STEP_UP
aca194a4-b026-44b1-ab04-c95cac40150a,1779422220436,-1,0.0010894904349079138,0.6527589055767632,0.13142337346327898,0.0,0.6403689970214427,LOCK
aca194a4-b026-44b1-ab04-c95cac40150a,1779422220590,-1,0.4629799461625921,0.6385964835622772,0.49810325364252916,0.0,0.6379929272126804,STEP_UP
aca194a4-b026-44b1-ab04-c95cac40150a,1779422220733,-1,0.46125241257865146,0.6254456631202545,0.4940910626869721,0.0,0.6355767354943626,STEP_UP
aca194a4-b026-44b1-ab04-c95cac40150a,1779422220891,-1,0.4612625501627656,0.6109153859885091,0.4911931173279144,0.0,0.6331315643224542,STEP_UP
aca194a4-b026-44b1-ab04-c95cac40150a,1779422221027,-1,0.00112385536594517,0.5984083120016903,0.1205807466930942,0.0,0.6269802694441976,LOCK
aca194a4-b026-44b1-ab04-c95cac40150a,1779422221184,-1,0.46297755360451465,0.5839699986492598,0.4871760426134637,0.0,0.6244949275251448,STEP_UP
aca194a4-b026-44b1-ab04-c95cac40150a,1779422221336,-1,0.4629751267613502,0.5699915041934035,0.48437840224776085,0.0,0.6219816092024348,STEP_UP
aca194a4-b026-44b1-ab04-c95cac40150a,1779422221482,-1,0.4629734626982607,0.5565647924134363,0.4816917286412958,0.0,0.6194414241436603,STEP_UP
aca194a4-b026-44b1-ab04-c95cac40150a,1779422221635,-1,0.46297331603413583,0.5424943341782651,0.4788775196629617,0.0,0.6168730969951024,STEP_UP
aca194a4-b026-44b1-ab04-c95cac40150a,1779422221793,-1,0.46297467076988963,0.5279640570465197,0.47597254802521566,0.0,0.6142757201301671,STEP_UP
aca194a4-b026-44b1-ab04-c95cac40150a,1779422221937,-1,0.46297467076988963,0.5147212728251822,0.47332399118094814,0.0,0.6116518576967889,STEP_UP
aca194a4-b026-44b1-ab04-c95cac40150a,1779422222076,-1,0.9049705344056715,0.5019383075004189,0.9049705344056715,0.0,0.6133444606956582,ALLOW
aca194a4-b026-44b1-ab04-c95cac40150a,1779422222233,-1,0.46297679780782985,0.4874999941479884,0.4678814370758616,0.0,0.6106661727212293,STEP_UP
aca194a4-b026-44b1-ab04-c95cac40150a,1779422222386,-1,0.46297341824010396,0.7357102345187525,0.5175207814958337,0.0,0.608484278191,STEP_UP
aca194a4-b026-44b1-ab04-c95cac40150a,1779422222506,-1,0.46297341824010396,0.7357102345187525,0.5175207814958337,0.0,0.6063023836607708,STEP_UP
aca194a4-b026-44b1-ab04-c95cac40150a,1779422222658,-1,0.46297341824010396,0.7357102345187525,0.5175207814958337,0.0,0.6041204891305416,STEP_UP
aca194a4-b026-44b1-ab04-c95cac40150a,1779422222810,-1,0.46297341824010396,0.7357102345187525,0.5175207814958337,0.0,0.6019385946003125,STEP_UP
aca194a4-b026-44b1-ab04-c95cac40150a,1779422222960,-1,0.46297341824010396,0.7357102345187525,0.5175207814958337,0.0,0.5997567000700833,STEP_UP
aca194a4-b026-44b1-ab04-c95cac40150a,1779422223134,-1,0.4629732867969807,0.7357102345187525,0.5175206763413351,0.0,0.5975748044883091,STEP_UP
aca194a4-b026-44b1-ab04-c95cac40150a,1779422223287,-1,0.46297329161208567,0.7357102345187525,0.5175206801934191,0.0,0.5953929089450558,STEP_UP
aca194a4-b026-44b1-ab04-c95cac40150a,1779422223435,-1,0.46297328381993474,0.7357102345187525,0.5175206739596984,0.0,0.5932110133394652,STEP_UP
aca194a4-b026-44b1-ab04-c95cac40150a,1779422223596,-1,0.46297329427172884,0.7357102345187525,0.5175206823211336,0.0,0.5910291178174891,STEP_UP
aca194a4-b026-44b1-ab04-c95cac40150a,1779422223736,-1,0.46297329351677097,0.7357102345187525,0.5175206817171674,0.0,0.5888472222894733,STEP_UP
aca194a4-b026-44b1-ab04-c95cac40150a,1779422223868,-1,0.4629732930509318,0.7357102345187525,0.517520681344496,0.0,0.5866653267577306,STEP_UP
aca194a4-b026-44b1-ab04-c95cac40150a,1779422224039,-1,0.46297328740135835,0.7357102345187525,0.5175206768248373,0.0,0.5844834311807915,STEP_UP
aca194a4-b026-44b1-ab04-c95cac40150a,1779422224181,-1,0.4629732572834693,0.7357102345187525,0.5175206527305259,0.0,0.5823015353629092,STEP_UP
aca194a4-b026-44b1-ab04-c95cac40150a,1779422224335,-1,0.4629732571898102,0.7357102345187525,0.5175206526555987,0.0,0.5801196395442776,STEP_UP
aca194a4-b026-44b1-ab04-c95cac40150a,1779422224482,-1,0.4629732589355866,0.7357102345187525,0.5175206540522198,0.0,0.5779377437396124,STEP_UP
aca194a4-b026-44b1-ab04-c95cac40150a,1779422224635,-1,0.4629732571717511,0.7357102345187525,0.5175206526411514,0.0,0.5757558479208363,STEP_UP
aca194a4-b026-44b1-ab04-c95cac40150a,1779422224788,-1,0.4629732563454467,0.7357102345187525,0.5175206519801079,0.0,0.5735739520954499,STEP_UP
aca194a4-b026-44b1-ab04-c95cac40150a,1779422224933,-1,0.4629732551045447,0.7357102345187525,0.5175206509873863,0.0,0.5713920562601362,STEP_UP
aca194a4-b026-44b1-ab04-c95cac40150a,1779422225091,-1,0.46297325686053936,0.7357102345187525,0.517520652392182,0.0,0.5692101604388705,STEP_UP
aca194a4-b026-44b1-ab04-c95cac40150a,1779422225227,-1,0.4629732548255101,0.7357102345187525,0.5175206507641587,0.0,0.5670282646013246,STEP_UP
aca194a4-b026-44b1-ab04-c95cac40150a,1779422225389,-1,0.46297328531754434,0.7357102345187525,0.517520675157786,0.0,0.5648463690077149,STEP_UP
aca194a4-b026-44b1-ab04-c95cac40150a,1779422225537,-1,0.46297328589878606,0.7357102345187525,0.5175206756227794,0.0,0.5626644734187551,STEP_UP
aca194a4-b026-44b1-ab04-c95cac40150a,1779422225684,-1,0.46297328501818136,0.7357102345187525,0.5175206749182957,0.0,0.5604825778227506,STEP_UP
aca194a4-b026-44b1-ab04-c95cac40150a,1779422225836,-1,0.462973272430905,0.7357102345187525,0.5175206648484746,0.0,0.5583006821260478,STEP_UP
aca194a4-b026-44b1-ab04-c95cac40150a,1779422225991,-1,0.4629732451255779,0.7357102345187525,0.5175206430042129,0.0,0.5561187862109024,STEP_UP
aca194a4-b026-44b1-ab04-c95cac40150a,1779422226146,-1,0.4629731491076243,0.7357102345187525,0.51752056618985,0.0,0.5539368895276134,STEP_UP
aca194a4-b026-44b1-ab04-c95cac40150a,1779422226276,-1,0.4629731383957434,0.7357102345187525,0.5175205576203452,0.0,0.5517549927586294,STEP_UP
aca194a4-b026-44b1-ab04-c95cac40150a,1779422226433,-1,0.4629731395041301,0.7357102345187525,0.5175205585070546,0.0,0.5495730959985123,STEP_UP
aca194a4-b026-44b1-ab04-c95cac40150a,1779422226591,-1,0.46297314707275095,0.7357102345187525,0.5175205645619513,0.0,0.5473911992989443,STEP_UP
aca194a4-b026-44b1-ab04-c95cac40150a,1779422226738,-1,0.4629732981488226,0.7357102345187525,0.5175206854228086,0.0,0.5452093038079849,STEP_UP
aca194a4-b026-44b1-ab04-c95cac40150a,1779422226882,-1,0.4629733068601578,0.7357102345187525,0.5175206923918768,0.0,0.5430274083867161,STEP_UP
aca194a4-b026-44b1-ab04-c95cac40150a,1779422227041,-1,0.4629733603937627,0.7357102345187525,0.5175207352187607,0.0,0.5408455133937163,STEP_UP
aca194a4-b026-44b1-ab04-c95cac40150a,1779422227191,-1,0.46297336207436435,0.7357102345187525,0.517520736563242,0.0,0.5386636184141612,STEP_UP
aca194a4-b026-44b1-ab04-c95cac40150a,1779422227333,-1,0.4629734192978916,0.7357102345187525,0.5175207823420638,0.0,0.5364817238923942,STEP_UP
aca194a4-b026-44b1-ab04-c95cac40150a,1779422227484,-1,0.4629733666704312,0.7357102345187525,0.5175207402400955,0.0,0.5342998289496076,STEP_UP
aca194a4-b026-44b1-ab04-c95cac40150a,1779422227632,-1,0.4629733806494172,0.7357102345187525,0.5175207514232842,0.0,0.532117934118653,STEP_UP
aca194a4-b026-44b1-ab04-c95cac40150a,1779422227787,-1,0.46297345569429593,0.7357102345187525,0.5175208114591873,0.0,0.5299360398880573,STEP_UP
aca194a4-b026-44b1-ab04-c95cac40150a,1779422227934,-1,0.4629732920321654,0.7357102345187525,0.5175206805294829,0.0,0.5277541443481646,STEP_UP
aca194a4-b026-44b1-ab04-c95cac40150a,1779422228080,-1,0.4629737490548391,0.7357102345187525,0.5175210461476218,0.0,0.5255722524644533,STEP_UP
aca194a4-b026-44b1-ab04-c95cac40150a,1779422228241,-1,0.4629737425422076,0.7357102345187525,0.5175210409375166,0.0,0.5233903605286411,STEP_UP
aca194a4-b026-44b1-ab04-c95cac40150a,1779422228381,-1,0.4629752809945369,0.7357102345187525,0.51752227169938,0.0,0.5212084809004472,STEP_UP
aca194a4-b026-44b1-ab04-c95cac40150a,1779422228532,-1,0.4629789328638094,0.7357102345187525,0.5175251931947981,0.0,0.5190266304872078,STEP_UP
aca194a4-b026-44b1-ab04-c95cac40150a,1779422228680,-1,0.4629803968559152,0.7357102345187525,0.5175263643884827,0.0,0.5168447917859049,STEP_UP
aca194a4-b026-44b1-ab04-c95cac40150a,1779422228834,-1,0.46298012155849255,0.7357102345187525,0.5175261441505445,0.0,0.5146629508822229,STEP_UP
aca194a4-b026-44b1-ab04-c95cac40150a,1779422228975,-1,0.4630051806310944,0.7357102345187525,0.5175461914086261,0.0,0.5146632060729747,STEP_UP
aca194a4-b026-44b1-ab04-c95cac40150a,1779422229134,-1,0.0011400766075411184,0.7357102345187525,0.1480541081897834,0.0,0.5109685404277878,LOCK
aca194a4-b026-44b1-ab04-c95cac40150a,1779422229287,-1,0.461661678646365,0.7357102345187525,0.5164713898208425,0.0,0.5109580475989116,STEP_UP
aca194a4-b026-44b1-ab04-c95cac40150a,1779422229425,-1,0.000386448977487186,0.7357102345187525,0.14745120608574028,0.0,0.5072573529326843,LOCK
aca194a4-b026-44b1-ab04-c95cac40150a,1779422229599,-1,0.00037965277538543063,0.7357102345187525,0.14744576912405885,0.0,0.5035566038968402,LOCK
aca194a4-b026-44b1-ab04-c95cac40150a,1779422229731,-1,0.4625965770480154,0.7357102345187525,0.5172193085421628,0.0,0.5035535902551771,STEP_UP
aca194a4-b026-44b1-ab04-c95cac40150a,1779422229883,-1,0.00045056431119050444,0.7357102345187525,0.14750249835270293,0.0,0.4998534085116194,LOCK
aca194a4-b026-44b1-ab04-c95cac40150a,1779422230033,-1,0.9052944228640181,0.7357102345187525,0.9052944228640181,0.0,0.5037311460175755,ALLOW
aca194a4-b026-44b1-ab04-c95cac40150a,1779422230194,-1,0.9052720990346355,0.7357102345187525,0.9052720990346355,0.0,0.5076086602852378,ALLOW
aca194a4-b026-44b1-ab04-c95cac40150a,1779422230333,-1,0.9052925359535051,0.7357102345187525,0.9052925359535051,0.0,0.5114863781091434,ALLOW
aca194a4-b026-44b1-ab04-c95cac40150a,1779422230480,-1,0.9050828213701418,0.7357102345187525,0.9050828213701418,0.0,0.5153619985327389,ALLOW
aca194a4-b026-44b1-ab04-c95cac40150a,1779422230637,-1,0.9052681987234614,0.7357102345187525,0.9052681987234614,0.0,0.5192394727298675,ALLOW
aca194a4-b026-44b1-ab04-c95cac40150a,1779422230790,-1,0.46271952646206005,0.7357102345187525,0.5173176680733986,0.0,0.5192374416204953,STEP_UP
aca194a4-b026-44b1-ab04-c95cac40150a,1779422230934,-1,0.0005535182566034358,0.7357102345187525,0.14758486150903327,0.0,0.5155380824454796,LOCK
aca194a4-b026-44b1-ab04-c95cac40150a,1779422231085,-1,0.9051085650702626,0.7357102345187525,0.9051085650702626,0.0,0.5194139603060761,ALLOW
aca194a4-b026-44b1-ab04-c95cac40150a,1779422231235,-1,0.7614409872555656,0.7357102345187525,0.7614409872555656,0.0,0.5218531623885257,ALLOW
aca194a4-b026-44b1-ab04-c95cac40150a,1779422231398,-1,0.7613528646769994,0.7357102345187525,0.7613528646769994,0.0,0.5242914832451897,ALLOW
aca194a4-b026-44b1-ab04-c95cac40150a,1779422231531,-1,0.7612280800559739,0.7357102345187525,0.7612280800559739,0.0,0.5267285562556434,ALLOW
aca194a4-b026-44b1-ab04-c95cac40150a,1779422231689,-1,0.46294505469816616,0.7357102345187525,0.5174980906622835,0.0,0.5267283293721602,STEP_UP
aca194a4-b026-44b1-ab04-c95cac40150a,1779422231836,-1,0.4629591385049614,0.7357102345187525,0.5175093577077197,0.0,0.5267282151591313,STEP_UP
aca194a4-b026-44b1-ab04-c95cac40150a,1779422231998,-1,0.4629688859662706,0.7357102345187525,0.517517155676767,0.0,0.5267281796761198,STEP_UP
aca194a4-b026-44b1-ab04-c95cac40150a,1779422232141,-1,0.4629355955653729,0.7357102345187525,0.5174905233560488,0.0,0.5267278781869964,STEP_UP
aca194a4-b026-44b1-ab04-c95cac40150a,1779422232284,-1,0.46297322087958137,0.7357102345187525,0.5175206236074157,0.0,0.5267278777003864,STEP_UP
aca194a4-b026-44b1-ab04-c95cac40150a,1779422232444,-1,0.4629731856714041,0.7357102345187525,0.5175205954408738,0.0,0.5267278768747478,STEP_UP
aca194a4-b026-44b1-ab04-c95cac40150a,1779422232583,-1,0.4629731750128274,0.7357102345187525,0.5175205869140125,0.0,0.5267278758463417,STEP_UP
aca194a4-b026-44b1-ab04-c95cac40150a,1779422232738,-1,0.46297312259563084,0.7357102345187525,0.5175205449802552,0.0,0.5267278733935558,STEP_UP
aca194a4-b026-44b1-ab04-c95cac40150a,1779422232885,-1,0.46297317084601963,0.7357102345187525,0.5175205835805663,0.0,0.526727871256841,STEP_UP
aca194a4-b026-44b1-ab04-c95cac40150a,1779422233037,-1,0.4629731519015339,0.7357102345187525,0.5175205684249776,0.0,0.5267278700117146,STEP_UP
aca194a4-b026-44b1-ab04-c95cac40150a,1779422233170,-1,0.4629731519015339,0.7357102345187525,0.5175205684249776,0.0,0.526727865227167,STEP_UP
aca194a4-b026-44b1-ab04-c95cac40150a,1779422233318,-1,0.46297328662199955,0.7357102345187525,0.5175206762013502,0.0,0.526727892479796,STEP_UP
aca194a4-b026-44b1-ab04-c95cac40150a,1779422235266,-1,0.46297328662199955,0.7357102345187525,0.5175206762013502,0.0,0.5267327216151116,STEP_UP
aca194a4-b026-44b1-ab04-c95cac40150a,1779422235435,-1,0.46297328778692504,0.7357102345187525,0.5175206771332905,0.0,0.5267377131912461,STEP_UP
aca194a4-b026-44b1-ab04-c95cac40150a,1779422235598,-1,0.462973334218862,0.7357102345187525,0.5175207142788402,0.0,0.5267458941777423,STEP_UP
aca194a4-b026-44b1-ab04-c95cac40150a,1779422235724,-1,0.46297330428086236,0.7357102345187525,0.5175206903284404,0.0,0.5267540749247347,STEP_UP
aca194a4-b026-44b1-ab04-c95cac40150a,1779422235881,-1,0.4629735057025919,0.7357102345187525,0.517520851465824,0.0,0.5304492315644832,STEP_UP
aca194a4-b026-44b1-ab04-c95cac40150a,1779422236036,-1,0.4629732178061574,0.7357102345187525,0.5175206211486765,0.0,0.5304489286828868,STEP_UP
aca194a4-b026-44b1-ab04-c95cac40150a,1779422236196,-1,0.462973024368847,0.7357102345187525,0.5175204663988282,0.0,0.5341433964522565,STEP_UP
aca194a4-b026-44b1-ab04-c95cac40150a,1779422236333,-1,0.4629720012380141,0.7357102345187525,0.5175196478941618,0.0,0.5317297853207255,STEP_UP
aca194a4-b026-44b1-ab04-c95cac40150a,1779422236493,-1,0.4629716041909575,0.7357102345187525,0.5175193302565165,0.0,0.5293163573967208,STEP_UP
aca194a4-b026-44b1-ab04-c95cac40150a,1779422236641,-1,0.46296609899341035,0.7357102345187525,0.5175149260984788,0.0,0.526902885431136,STEP_UP
aca194a4-b026-44b1-ab04-c95cac40150a,1779422236786,-1,0.4629689999707234,0.7357102345187525,0.5175172468803293,0.0,0.5244894366733696,STEP_UP
aca194a4-b026-44b1-ab04-c95cac40150a,1779422236933,-1,0.4629643630257456,0.7357102345187525,0.517513537324347,0.0,0.5220530986261789,STEP_UP
aca194a4-b026-44b1-ab04-c95cac40150a,1779422237084,-1,0.4629569718414215,0.7357102345187525,0.5175076243768877,0.0,0.5222044235346558,STEP_UP
aca194a4-b026-44b1-ab04-c95cac40150a,1779422237248,-1,0.4629410899552544,0.7357102345187525,0.5174949188679541,0.0,0.5260651389887027,STEP_UP
aca194a4-b026-44b1-ab04-c95cac40150a,1779422237394,-1,0.4629274943534585,0.7357102345187525,0.5174840423865174,0.0,0.5262589468761425,STEP_UP
aca194a4-b026-44b1-ab04-c95cac40150a,1779422237531,-1,0.0009634970222520689,0.7357102345187525,0.14791284452155218,0.0,0.5227971646944883,LOCK
aca194a4-b026-44b1-ab04-c95cac40150a,1779422237693,-1,0.0009740303664982353,0.7357102345187525,0.14792127119694912,0.0,0.5193644462331786,LOCK
aca194a4-b026-44b1-ab04-c95cac40150a,1779422237830,-1,0.4629344879815249,0.7357102345187525,0.5174896372889705,0.0,0.5233335351391374,STEP_UP
aca194a4-b026-44b1-ab04-c95cac40150a,1779422237992,-1,0.4629289087986792,0.7357102345187525,0.5174851739426939,0.0,0.5236366264524296,STEP_UP
aca194a4-b026-44b1-ab04-c95cac40150a,1779422238142,-1,0.46291441923732646,0.7357102345187525,0.5174735822936117,0.0,0.5239675782528882,STEP_UP
aca194a4-b026-44b1-ab04-c95cac40150a,1779422238287,-1,0.4629138622193463,0.7357102345187525,0.5174731366792276,0.0,0.5243253923332675,STEP_UP
aca194a4-b026-44b1-ab04-c95cac40150a,1779422238436,-1,0.46153890693061284,0.7357102345187525,0.5163731724482408,0.0,0.5247003488611203,STEP_UP
aca194a4-b026-44b1-ab04-c95cac40150a,1779422238603,-1,0.4615767391627923,0.7357102345187525,0.5164034382339844,0.0,0.525104657763208,STEP_UP
aca194a4-b026-44b1-ab04-c95cac40150a,1779422238739,-1,0.4614225441529325,0.7357102345187525,0.5162800822260966,0.0,0.5255342186736595,STEP_UP
aca194a4-b026-44b1-ab04-c95cac40150a,1779422238864,-1,0.9038901730853905,0.7357102345187525,0.9038901730853905,0.0,0.5255234150604566,ALLOW
aca194a4-b026-44b1-ab04-c95cac40150a,1779422239028,-1,0.4614009457717345,0.7357102345187525,0.5162628035211382,0.0,0.5260072287249095,STEP_UP
aca194a4-b026-44b1-ab04-c95cac40150a,1779422239199,-1,0.46295482341675065,0.7357102345187525,0.517505905637151,0.0,0.5260070799663226,STEP_UP
aca194a4-b026-44b1-ab04-c95cac40150a,1779422239337,-1,0.46297049500296406,0.7357102345187525,0.5175184429061218,0.0,0.5260070565804255,STEP_UP
aca194a4-b026-44b1-ab04-c95cac40150a,1779422239485,-1,0.46297120854390683,0.7357102345187525,0.517519013738876,0.0,0.5260070389028558,STEP_UP
aca194a4-b026-44b1-ab04-c95cac40150a,1779422239628,-1,0.4629677433835051,0.7357102345187525,0.5175162416105547,0.0,0.5260069935040032,STEP_UP
aca194a4-b026-44b1-ab04-c95cac40150a,1779422239789,-1,0.462971322793273,0.7357102345187525,0.517519105138369,0.0,0.5260069767404285,STEP_UP
aca194a4-b026-44b1-ab04-c95cac40150a,1779422239932,-1,0.46297205446178724,0.7357102345187525,0.5175196904731804,0.0,0.526006966881747,STEP_UP
aca194a4-b026-44b1-ab04-c95cac40150a,1779422240086,-1,0.4629715417781477,0.7357102345187525,0.5175192803262687,0.0,0.5260069528830754,STEP_UP
aca194a4-b026-44b1-ab04-c95cac40150a,1779422240238,-1,0.4629716698379691,0.7357102345187525,0.5175193827741258,0.0,0.5260069399712196,STEP_UP
aca194a4-b026-44b1-ab04-c95cac40150a,1779422240393,-1,0.4629709551955363,0.7357102345187525,0.5175188110601796,0.0,0.52600692125861,STEP_UP
aca194a4-b026-44b1-ab04-c95cac40150a,1779422240534,-1,0.46296035223753607,0.7357102345187525,0.5175103286937794,0.0,0.5260068177283762,STEP_UP
aca194a4-b026-44b1-ab04-c95cac40150a,1779422240684,-1,0.4629260153670951,0.7357102345187525,0.5174828591974266,0.0,0.5260064395069055,STEP_UP
aca194a4-b026-44b1-ab04-c95cac40150a,1779422240837,-1,0.45834024558272457,0.7357102345187525,0.5138142433699302,0.0,0.5259693751723565,STEP_UP
aca194a4-b026-44b1-ab04-c95cac40150a,1779422240983,-1,0.4583373384412408,0.7357102345187525,0.5138119176567432,0.0,0.5259322878216186,STEP_UP
aca194a4-b026-44b1-ab04-c95cac40150a,1779422241136,-1,0.45833232078257957,0.7357102345187525,0.5138079035298142,0.0,0.5258951603303609,STEP_UP
aca194a4-b026-44b1-ab04-c95cac40150a,1779422241284,-1,0.45834770607203024,0.7357102345187525,0.5138202117613747,0.0,0.5258581559074524,STEP_UP
aca194a4-b026-44b1-ab04-c95cac40150a,1779422241434,-1,0.45834770607203024,0.7357102345187525,0.5138202117613747,0.0,0.5258211514986547,STEP_UP
aca194a4-b026-44b1-ab04-c95cac40150a,1779422241588,-1,0.46294578812920184,0.7357102345187525,0.517498677407112,0.0,0.5258209317529247,STEP_UP
aca194a4-b026-44b1-ab04-c95cac40150a,1779422241735,-1,0.4629416970121931,0.7357102345187525,0.5174954045135051,0.0,0.5258206792881859,STEP_UP
aca194a4-b026-44b1-ab04-c95cac40150a,1779422241893,-1,0.4629416970121931,0.7357102345187525,0.5174954045135051,0.0,0.5258204268093991,STEP_UP
aca194a4-b026-44b1-ab04-c95cac40150a,1779422242024,-1,0.4580470334572564,0.7357102345187525,0.5135796736695557,0.0,0.525781017038453,STEP_UP
aca194a4-b026-44b1-ab04-c95cac40150a,1779422242193,-1,0.4618605229828059,0.7357102345187525,0.5166304652899952,0.0,0.525772114939775,STEP_UP
aca194a4-b026-44b1-ab04-c95cac40150a,1779422242333,-1,0.0002772758815259291,0.7357102345187525,0.14736386760897127,0.0,0.5220705468596369,LOCK
aca194a4-b026-44b1-ab04-c95cac40150a,1779422242486,-1,0.0002772758815259291,0.7357102345187525,0.14736386760897127,0.0,0.5183689787865438,LOCK
aca194a4-b026-44b1-ab04-c95cac40150a,1779422242633,-1,0.7615199614719774,0.7357102345187525,0.7615199614719774,0.0,0.5208089717527788,ALLOW
aca194a4-b026-44b1-ab04-c95cac40150a,1779422242793,-1,0.4616289732635239,0.7357102345187525,0.5164452255145697,0.0,0.5207982175778824,STEP_UP
aca194a4-b026-44b1-ab04-c95cac40150a,1779422242935,-1,0.4565888142984196,0.7357102345187525,0.5124130983424862,0.0,0.5207471428994086,STEP_UP
aca194a4-b026-44b1-ab04-c95cac40150a,1779422243082,-1,0.46139846842433085,0.7357102345187525,0.5162608216432152,0.0,0.5207345455396374,STEP_UP
aca194a4-b026-44b1-ab04-c95cac40150a,1779422243236,-1,0.46293407683897914,0.7357102345187525,0.5174893083749339,0.0,0.5207342330383162,STEP_UP
aca194a4-b026-44b1-ab04-c95cac40150a,1779422243391,-1,0.46296644544625765,0.7357102345187525,0.5175152032607566,0.0,0.5207341794253042,STEP_UP
aca194a4-b026-44b1-ab04-c95cac40150a,1779422243534,-1,0.4629732906532409,0.7357102345187525,0.5175206794263433,0.0,0.5207341793653396,STEP_UP
aca194a4-b026-44b1-ab04-c95cac40150a,1779422243686,-1,0.46297328250504033,0.7357102345187525,0.5175206729077828,0.0,0.5207341791704987,STEP_UP
aca194a4-b026-44b1-ab04-c95cac40150a,1779422243836,-1,0.4629732817058163,0.7357102345187525,0.5175206722684036,0.0,0.5207341785409951,STEP_UP
aca194a4-b026-44b1-ab04-c95cac40150a,1779422243981,-1,0.4629732817058163,0.7357102345187525,0.5175206722684036,0.0,0.5207341778980468,STEP_UP
aca194a4-b026-44b1-ab04-c95cac40150a,1779422244127,-1,0.46297328234951984,0.7357102345187525,0.5175206727833664,0.0,0.5207341768024598,STEP_UP
aca194a4-b026-44b1-ab04-c95cac40150a,1779422244286,-1,0.4629732829750355,0.7357102345187525,0.5175206732837789,0.0,0.5207341761328965,STEP_UP
aca194a4-b026-44b1-ab04-c95cac40150a,1779422244439,-1,0.462973283114261,0.7357102345187525,0.5175206733951594,0.0,0.5207341753526153,STEP_UP
aca194a4-b026-44b1-ab04-c95cac40150a,1779422244593,-1,0.46297328412829075,0.7357102345187525,0.5175206742063831,0.0,0.5207341739800873,STEP_UP
aca194a4-b026-44b1-ab04-c95cac40150a,1779422244732,-1,0.4629729128714284,0.7357102345187525,0.5175203772008933,0.0,0.5207341709468014,STEP_UP
aca194a4-b026-44b1-ab04-c95cac40150a,1779422244884,-1,0.46297238412614483,0.7357102345187525,0.5175199542046665,0.0,0.5207341600273718,STEP_UP
aca194a4-b026-44b1-ab04-c95cac40150a,1779422245037,-1,0.46297233367183677,0.7357102345187525,0.51751991384122,0.0,0.5207341487564089,STEP_UP
aca194a4-b026-44b1-ab04-c95cac40150a,1779422245186,-1,0.4629723768537961,0.7357102345187525,0.5175199483867874,0.0,0.5207341255232829,STEP_UP
aca194a4-b026-44b1-ab04-c95cac40150a,1779422245325,-1,0.46297066711495405,0.7357102345187525,0.5175185805957138,0.0,0.520734059397292,STEP_UP
aca194a4-b026-44b1-ab04-c95cac40150a,1779422245465,-1,0.4629695242288592,0.7357102345187525,0.5175176662868379,0.0,0.5207339724162756,STEP_UP
aca194a4-b026-44b1-ab04-c95cac40150a,1779422245643,-1,0.4629665821906497,0.7357102345187525,0.5175153126562703,0.0,0.5207338641013329,STEP_UP
aca194a4-b026-44b1-ab04-c95cac40150a,1779422245789,-1,0.46295375925169213,0.7357102345187525,0.5175050543051043,0.0,0.5207334527302977,STEP_UP
aca194a4-b026-44b1-ab04-c95cac40150a,1779422245934,-1,0.4629461991080941,0.7357102345187525,0.5174990061902258,0.0,0.5244279017103022,STEP_UP
aca194a4-b026-44b1-ab04-c95cac40150a,1779422246086,-1,0.4629167424044629,0.7357102345187525,0.5174754408273209,0.0,0.524437942220367,STEP_UP
aca194a4-b026-44b1-ab04-c95cac40150a,1779422246229,-1,0.0009653626793511005,0.7357102345187525,0.1479143370472314,0.0,0.5244425735299818,LOCK
aca194a4-b026-44b1-ab04-c95cac40150a,1779422246389,-1,0.000957074793561663,0.7357102345187525,0.14790770673859985,0.0,0.5244471929061273,LOCK
aca194a4-b026-44b1-ab04-c95cac40150a,1779422246534,-1,0.0009672391397739233,0.7357102345187525,0.14791583821556967,0.0,0.5207541582028613,LOCK
aca194a4-b026-44b1-ab04-c95cac40150a,1779422246684,-1,0.46145743598302813,0.7357102345187525,0.516307995690173,0.0,0.524442213176236,STEP_UP
aca194a4-b026-44b1-ab04-c95cac40150a,1779422246836,-1,0.46147032944550603,0.7357102345187525,0.5163183104601554,0.0,0.5205524520521974,STEP_UP
aca194a4-b026-44b1-ab04-c95cac40150a,1779422246985,-1,0.7592628658759641,0.7357102345187525,0.7592628658759641,0.0,0.5190923597206105,ALLOW
aca194a4-b026-44b1-ab04-c95cac40150a,1779422247134,-1,0.7592501781361314,0.7357102345187525,0.7592501781361314,0.0,0.5176319361424369,ALLOW
aca194a4-b026-44b1-ab04-c95cac40150a,1779422247284,-1,0.46243048647200213,0.7357102345187525,0.5170864360813523,0.0,0.5137519722895489,STEP_UP
aca194a4-b026-44b1-ab04-c95cac40150a,1779422247435,-1,0.4623774593449519,0.7357102345187525,0.517044014379712,0.0,0.5098697304461115,STEP_UP
aca194a4-b026-44b1-ab04-c95cac40150a,1779422247592,-1,0.4618954949555576,0.7357102345187525,0.5166584428681966,0.0,0.5098631381940596,STEP_UP
aca194a4-b026-44b1-ab04-c95cac40150a,1779422247733,-1,0.4625512974430819,0.7357102345187525,0.5171830848582161,0.0,0.5135591204275515,STEP_UP
aca194a4-b026-44b1-ab04-c95cac40150a,1779422247900,-1,0.0004962848666756337,0.7357102345187525,0.14753907479709102,0.0,0.5059834255248197,LOCK
aca194a4-b026-44b1-ab04-c95cac40150a,1779422248033,-1,0.4616797909866157,0.7357102345187525,0.5164858796930432,0.0,0.5035338744491944,STEP_UP
aca194a4-b026-44b1-ab04-c95cac40150a,1779422248195,-1,0.000643951923048558,0.7357102345187525,0.14765720844218935,0.0,0.4973969178868463,LOCK
aca194a4-b026-44b1-ab04-c95cac40150a,1779422248324,-1,0.9633853023290448,0.7357102345187525,0.9633853023290448,0.0,0.49941849010957706,ALLOW
aca194a4-b026-44b1-ab04-c95cac40150a,1779422248484,-1,0.01395989558745736,0.7210879936076923,0.15538551519150437,0.0,0.49579736435486926,LOCK
aca194a4-b026-44b1-ab04-c95cac40150a,1779422248635,-1,0.7570172217446944,0.7072014629311508,0.7570172217446944,0.0,0.49819244299523907,ALLOW
aca194a4-b026-44b1-ab04-c95cac40150a,1779422248799,-1,0.9035971692292231,0.6921194031235164,0.9035971692292231,0.0,0.5020532431307635,ALLOW
aca194a4-b026-44b1-ab04-c95cac40150a,1779422248917,-1,0.7561883991305614,0.6812676771643649,0.7561883991305614,0.0,0.5044402218885087,ALLOW
aca194a4-b026-44b1-ab04-c95cac40150a,1779422249081,-1,0.4508411223693787,0.6661856173567303,0.49391002136684903,0.0,0.504204115866103,STEP_UP
aca194a4-b026-44b1-ab04-c95cac40150a,1779422249238,-1,0.7618377009549688,0.6517473040042998,0.7618377009549688,0.0,0.5066472869212441,ALLOW
aca194a4-b026-44b1-ab04-c95cac40150a,1779422249384,-1,0.7618356232083412,0.6383205922243326,0.7618356232083412,0.0,0.5090904372841873,ALLOW
aca194a4-b026-44b1-ab04-c95cac40150a,1779422249534,-1,0.7618527838993001,0.6245260253271061,0.7618527838993001,0.0,0.5115337596733778,ALLOW
aca194a4-b026-44b1-ab04-c95cac40150a,1779422249684,-1,0.4629721608185955,0.6107314584298794,0.4925240203408523,0.0,0.5112837940409806,STEP_UP
aca194a4-b026-44b1-ab04-c95cac40150a,1779422249837,-1,0.4629729950191064,0.5966610001947082,0.48971059605422673,0.0,0.511005694317273,STEP_UP
aca194a4-b026-44b1-ab04-c95cac40150a,1779422249991,-1,0.46297494908012604,0.5824985781802222,0.4868796749001453,0.0,0.5106992853820247,STEP_UP
aca194a4-b026-44b1-ab04-c95cac40150a,1779422250134,-1,0.46297420368240005,0.5693477577381996,0.48424891449356,0.0,0.5103665677649468,STEP_UP
aca194a4-b026-44b1-ab04-c95cac40150a,1779422250287,-1,0.46297472279005625,0.5552772995030285,0.48143523813265077,0.0,0.5100057133842598,STEP_UP
aca194a4-b026-44b1-ab04-c95cac40150a,1779422250434,-1,0.46298091286863996,0.5417586239437464,0.47873645508366125,0.0,0.5096178711637636,STEP_UP
aca194a4-b026-44b1-ab04-c95cac40150a,1779422250591,-1,0.4629776832773316,0.5273203105913159,0.4758462087401285,0.0,0.5092011261083764,STEP_UP
aca194a4-b026-44b1-ab04-c95cac40150a,1779422250734,-1,0.4629732817058163,0.5141694901492931,0.4732125233945117,0.0,0.5087580444390372,STEP_UP
aca194a4-b026-44b1-ab04-c95cac40150a,1779422250886,-1,0.4629732817058163,0.5001909956934368,0.47041682450334044,0.0,0.5082870041694122,STEP_UP
aca194a4-b026-44b1-ab04-c95cac40150a,1779422251035,-1,0.0011422770907763002,0.4864883925755251,0.09821150018772606,0.0,0.5040939129598028,LOCK
aca194a4-b026-44b1-ab04-c95cac40150a,1779422251174,-1,0.0011456885773304393,0.47370542725076176,0.09565763631201671,0.0,0.4998752846589346,LOCK
aca194a4-b026-44b1-ab04-c95cac40150a,1779422251318,-1,0.0011692241652536683,0.4604626430294242,0.09302790793808778,0.0,0.4956303672593739,LOCK
aca194a4-b026-44b1-ab04-c95cac40150a,1779422251471,-1,0.4611740221859939,0.4463921847942531,0.4611740221859939,0.0,0.49506691417866866,STEP_UP
aca194a4-b026-44b1-ab04-c95cac40150a,1779422251634,-1,0.4611886995042984,0.4314020887659335,0.4611886995042984,0.0,0.49450365191272694,STEP_UP
aca194a4-b026-44b1-ab04-c95cac40150a,1779422251791,-1,0.46121851173726314,0.416963775413503,0.46121851173726314,0.0,0.4939406645612962,STEP_UP
aca194a4-b026-44b1-ab04-c95cac40150a,1779422251935,-1,0.46209917432175085,0.4037209911921655,0.46209917432175085,0.0,0.49338652093127033,STEP_UP
aca194a4-b026-44b1-ab04-c95cac40150a,1779422252083,-1,0.4618642843538905,0.3901103518535685,0.4618642843538905,0.0,0.49283008753104035,STEP_UP
aca194a4-b026-44b1-ab04-c95cac40150a,1779422252235,-1,0.4619682874042552,0.3761318573977122,0.4619682874042552,0.0,0.49227482121640337,STEP_UP
aca194a4-b026-44b1-ab04-c95cac40150a,1779422252389,-1,0.0001718765341771622,0.36196943538322623,0.07253138830398698,0.0,0.487825294675578,LOCK
aca194a4-b026-44b1-ab04-c95cac40150a,1779422252532,-1,0.4620824550113052,0.34881861494120353,0.4620824550113052,0.0,0.49096699078047557,STEP_UP
aca194a4-b026-44b1-ab04-c95cac40150a,1779422252686,-1,0.46205147271551383,0.33465619292671756,0.46205147271551383,0.0,0.4941082927956612,STEP_UP
aca194a4-b026-44b1-ab04-c95cac40150a,1779422252835,-1,0.46217206588131043,0.3209535898088058,0.46217206588131043,0.0,0.4935551170815846,STEP_UP
aca194a4-b026-44b1-ab04-c95cac40150a,1779422252988,-1,0.963987347794288,0.3068831315736346,0.963987347794288,0.0,0.4980201388201006,ALLOW
aca194a4-b026-44b1-ab04-c95cac40150a,1779422253135,-1,0.7611744007401877,0.29336445601435257,0.7611744007401877,0.0,0.5004571470045663,ALLOW
aca194a4-b026-44b1-ab04-c95cac40150a,1779422253271,-1,0.9039611786944128,0.2808573820275338,0.9039611786944128,0.0,0.5043220274247182,ALLOW
aca194a4-b026-44b1-ab04-c95cac40150a,1779422253429,-1,0.4612981410256225,0.2663271048957884,0.4612981410256225,0.0,0.503771277110492,STEP_UP
aca194a4-b026-44b1-ab04-c95cac40150a,1779422253584,-1,0.46209429723997597,0.25207271910198753,0.46209429723997597,0.0,0.5032281857005519,STEP_UP
aca194a4-b026-44b1-ab04-c95cac40150a,1779422253735,-1,0.4620804955579101,0.23818618842544612,0.4620804955579101,0.0,0.50268618983387,STEP_UP
aca194a4-b026-44b1-ab04-c95cac40150a,1779422253876,-1,0.4621026043490357,0.22521929554205308,0.4621026043490357,0.0,0.4982683141465066,STEP_UP
aca194a4-b026-44b1-ab04-c95cac40150a,1779422254033,-1,0.000382057066000252,0.21078098218962257,0.04246184209072472,0.0,0.49353030453220237,LOCK
aca194a4-b026-44b1-ab04-c95cac40150a,1779422254192,-1,5.803922930414096e-05,0.1961587412785624,0.039278179639155794,0.0,0.48874802727222233,LOCK
aca194a4-b026-44b1-ab04-c95cac40150a,1779422254331,-1,0.9035035979681671,0.18337577595379903,0.9035035979681671,0.0,0.49260787882284274,ALLOW
aca194a4-b026-44b1-ab04-c95cac40150a,1779422254492,-1,0.7590909146899194,0.16856960748410918,0.7590909146899194,0.0,0.4950235978323533,ALLOW
aca194a4-b026-44b1-ab04-c95cac40150a,1779422254624,-1,0.46141116218660727,0.15643038861454972,0.46141116218660727,0.0,0.49446254703811376,STEP_UP
aca194a4-b026-44b1-ab04-c95cac40150a,1779422254790,-1,0.4629093226821064,0.14116440124828564,0.4629093226821064,0.0,0.49391644921355116,STEP_UP
aca194a4-b026-44b1-ab04-c95cac40150a,1779422254929,-1,0.46294782776459953,0.1283814359235223,0.46294782776459953,0.0,0.49337073058646547,STEP_UP
aca194a4-b026-44b1-ab04-c95cac40150a,1779422255084,-1,0.4629642584526339,0.11412705012972145,0.4629642584526339,0.0,0.492825180367729,STEP_UP
aca194a4-b026-44b1-ab04-c95cac40150a,1779422255236,-1,0.46296925538142597,0.10014855567386523,0.46296925538142597,0.0,0.49227967909380205,STEP_UP
aca194a4-b026-44b1-ab04-c95cac40150a,1779422255379,-1,0.462971682770152,0.08699773523184245,0.462971682770152,0.0,0.4917342078109017,STEP_UP
aca194a4-b026-44b1-ab04-c95cac40150a,1779422255515,-1,0.4629729440210226,0.07449066124502365,0.4629729440210226,0.0,0.49118883396417423,STEP_UP
aca194a4-b026-44b1-ab04-c95cac40150a,1779422255676,-1,0.462972946384665,0.059684492775333796,0.462972946384665,0.0,0.49064373483604656,STEP_UP
aca194a4-b026-44b1-ab04-c95cac40150a,1779422255835,-1,0.46297294931150357,0.04506225186427361,0.46297294931150357,0.0,0.4901353218954624,STEP_UP
aca194a4-b026-44b1-ab04-c95cac40150a,1779422255986,-1,0.46297327760564366,0.031175721187732174,0.46297327760564366,0.0,0.48962693549495134,STEP_UP
aca194a4-b026-44b1-ab04-c95cac40150a,1779422256129,-1,0.4629733062523578,0.01802490074570941,0.4629733062523578,0.0,0.4891185895221768,STEP_UP
aca194a4-b026-44b1-ab04-c95cac40150a,1779422256285,-1,0.4629733105083722,0.0036785511725937656,0.4629733105083722,0.0,0.48861012050964675,STEP_UP
aca194a4-b026-44b1-ab04-c95cac40150a,1779422256435,-1,0.4629733351938399,0.0,0.4629733351938399,0.0,0.48810165174397135,STEP_UP
aca194a4-b026-44b1-ab04-c95cac40150a,1779422256586,-1,0.462973333484584,0.7357102345187525,0.5175207136914177,0.0,0.4881018721068145,STEP_UP
aca194a4-b026-44b1-ab04-c95cac40150a,1779422256727,-1,0.462973333484584,0.7357102345187525,0.5175207136914177,0.0,0.4881021251985935,STEP_UP
aca194a4-b026-44b1-ab04-c95cac40150a,1779422256881,-1,0.462973333484584,0.7357102345187525,0.5175207136914177,0.0,0.4881023782903726,STEP_UP
aca194a4-b026-44b1-ab04-c95cac40150a,1779422257036,-1,0.462973333484584,0.7357102345187525,0.5175207136914177,0.0,0.48814178869059127,STEP_UP
aca194a4-b026-44b1-ab04-c95cac40150a,1779422257194,-1,0.4629733197813546,0.7357102345187525,0.5175207027288342,0.0,0.48815069106497966,STEP_UP
aca194a4-b026-44b1-ab04-c95cac40150a,1779422257336,-1,0.4629733164805536,0.7357102345187525,0.5175207000881934,0.0,0.4918522593897718,STEP_UP
aca194a4-b026-44b1-ab04-c95cac40150a,1779422257487,-1,0.4629732844408925,0.7357102345187525,0.5175206744564645,0.0,0.4955538274582467,STEP_UP
aca194a4-b026-44b1-ab04-c95cac40150a,1779422257645,-1,0.4629732799677022,0.7357102345187525,0.5175206708779123,0.0,0.4931138345523061,STEP_UP
aca194a4-b026-44b1-ab04-c95cac40150a,1779422257785,-1,0.4629732829257007,0.7357102345187525,0.5175206732443112,0.0,0.4931245890296036,STEP_UP
aca194a4-b026-44b1-ab04-c95cac40150a,1779422257935,-1,0.4629732761387706,0.7357102345187525,0.517520667814767,0.0,0.4931756647243264,STEP_UP
aca194a4-b026-44b1-ab04-c95cac40150a,1779422258088,-1,0.4629732805249869,0.7357102345187525,0.51752067132374,0.0,0.49318826322113163,STEP_UP
aca194a4-b026-44b1-ab04-c95cac40150a,1779422258237,-1,0.4629732795000936,0.7357102345187525,0.5175206705038254,0.0,0.49318857684242057,STEP_UP
aca194a4-b026-44b1-ab04-c95cac40150a,1779422258391,-1,0.4629732463255918,0.7357102345187525,0.5175206439642239,0.0,0.4931886312494552,STEP_UP
aca194a4-b026-44b1-ab04-c95cac40150a,1779422258535,-1,0.46297307138830623,0.7357102345187525,0.5175205040143955,0.0,0.49318862949533576,STEP_UP
aca194a4-b026-44b1-ab04-c95cac40150a,1779422258693,-1,0.46297279515883516,0.7357102345187525,0.5175202830308187,0.0,0.49318862559656607,STEP_UP
aca194a4-b026-44b1-ab04-c95cac40150a,1779422258834,-1,0.4629705319752975,0.7357102345187525,0.5175184724839885,0.0,0.4931886035987219,STEP_UP
aca194a4-b026-44b1-ab04-c95cac40150a,1779422258977,-1,0.4629634381744594,0.7357102345187525,0.517512797443318,0.0,0.49318852485047104,STEP_UP
aca194a4-b026-44b1-ab04-c95cac40150a,1779422259131,-1,0.46293788803543934,0.7357102345187525,0.517492357332102,0.0,0.49318824169595843,STEP_UP
aca194a4-b026-44b1-ab04-c95cac40150a,1779422259285,-1,0.4629343658104432,0.7357102345187525,0.5174895395521051,0.0,0.4931879303586416,STEP_UP
aca194a4-b026-44b1-ab04-c95cac40150a,1779422259436,-1,0.4629356883681943,0.7357102345187525,0.517490597598306,0.0,0.4931876296006731,STEP_UP
aca194a4-b026-44b1-ab04-c95cac40150a,1779422259583,-1,0.46291172104631206,0.7357102345187525,0.5174714237408002,0.0,0.4931871370960173,STEP_UP
aca194a4-b026-44b1-ab04-c95cac40150a,1779422259742,-1,0.4629263638008536,0.7357102345187525,0.5174831379444335,0.0,0.4931867647034527,STEP_UP
aca194a4-b026-44b1-ab04-c95cac40150a,1779422259878,-1,0.0009971073515544493,0.7357102345187525,0.1479397327849941,0.0,0.489490962489256,LOCK
aca194a4-b026-44b1-ab04-c95cac40150a,1779422260035,-1,0.0009961538547051951,0.7357102345187525,0.14793896998751468,0.0,0.48579515305071896,LOCK
aca194a4-b026-44b1-ab04-c95cac40150a,1779422260190,-1,0.0009816228146284356,0.7357102345187525,0.14792734515545328,0.0,0.4820992270184055,LOCK
aca194a4-b026-44b1-ab04-c95cac40150a,1779422260330,-1,0.0009710832414500103,0.7357102345187525,0.14791891349691053,0.0,0.4784032303474175,LOCK
aca194a4-b026-44b1-ab04-c95cac40150a,1779422260487,-1,0.0009683025050406524,0.7357102345187525,0.14791668890778303,0.0,0.474707220573627,LOCK
aca194a4-b026-44b1-ab04-c95cac40150a,1779422260652,-1,0.4614233730073547,0.7357102345187525,0.5162807453096343,0.0,0.4746948749001607,STEP_UP
aca194a4-b026-44b1-ab04-c95cac40150a,1779422260794,-1,0.7615657260540651,0.7357102345187525,0.7615657260540651,0.0,0.47713548161765035,ALLOW
aca194a4-b026-44b1-ab04-c95cac40150a,1779422260922,-1,0.7616467926256332,0.7357102345187525,0.7616467926256332,0.0,0.47957695948200446,ALLOW
aca194a4-b026-44b1-ab04-c95cac40150a,1779422261085,-1,0.46220985751522004,0.7357102345187525,0.5169099329159266,0.0,0.4795713044028905,STEP_UP
aca194a4-b026-44b1-ab04-c95cac40150a,1779422261234,-1,0.4621950714974896,0.7357102345187525,0.5168981041017422,0.0,0.48326114207343557,STEP_UP
aca194a4-b026-44b1-ab04-c95cac40150a,1779422261392,-1,0.4622549649229706,0.7357102345187525,0.516946018842127,0.0,0.4869515251944708,STEP_UP
aca194a4-b026-44b1-ab04-c95cac40150a,1779422261533,-1,0.9052628366686637,0.7357102345187525,0.9052628366686637,0.0,0.4945249951790018,ALLOW
aca194a4-b026-44b1-ab04-c95cac40150a,1779422261683,-1,0.7614023174730633,0.7357102345187525,0.7614023174730633,0.0,0.4969759383968306,ALLOW
aca194a4-b026-44b1-ab04-c95cac40150a,1779422261838,-1,0.4629615568903558,0.7357102345187525,0.5175112924160352,0.0,0.49698786821638946,STEP_UP
aca194a4-b026-44b1-ab04-c95cac40150a,1779422261984,-1,0.46297294318935345,0.7357102345187525,0.5175204014552333,0.0,0.49457044357218216,STEP_UP
aca194a4-b026-44b1-ab04-c95cac40150a,1779422262135,-1,0.4629733272270715,0.7357102345187525,0.5175207086854078,0.0,0.492153148877675,STEP_UP
aca194a4-b026-44b1-ab04-c95cac40150a,1779422262287,-1,0.4629732861163216,0.7357102345187525,0.5175206757968078,0.0,0.4921574912748295,STEP_UP
aca194a4-b026-44b1-ab04-c95cac40150a,1779422262434,-1,0.46297328642094593,0.7357102345187525,0.5175206760405073,0.0,0.49216225789143747,STEP_UP
aca194a4-b026-44b1-ab04-c95cac40150a,1779422262588,-1,0.4629732865972973,0.7357102345187525,0.5175206761815884,0.0,0.4921708802245714,STEP_UP
aca194a4-b026-44b1-ab04-c95cac40150a,1779422262734,-1,0.4629732867763201,0.7357102345187525,0.5175206763248066,0.0,0.4921742561392373,STEP_UP
aca194a4-b026-44b1-ab04-c95cac40150a,1779422262891,-1,0.4629732867824634,0.7220076314008408,0.5147801557061389,0.0,0.4958466669483277,STEP_UP
aca194a4-b026-44b1-ab04-c95cac40150a,1779422263026,-1,0.46297328813753436,0.7095925211933368,0.5122971347486949,0.0,0.49580477949888424,STEP_UP
aca194a4-b026-44b1-ab04-c95cac40150a,1779422263190,-1,0.4629732876667074,0.6945104613857024,0.5092807224105065,0.0,0.49942101463856753,STEP_UP
aca194a4-b026-44b1-ab04-c95cac40150a,1779422263330,-1,0.4629732892316243,0.6816355322816242,0.5067057378416243,0.0,0.4948542189936932,STEP_UP
aca194a4-b026-44b1-ab04-c95cac40150a,1779422263484,-1,0.46297328817951144,0.6674731102671382,0.5038732525970369,0.0,0.4983390963677485,STEP_UP
aca194a4-b026-44b1-ab04-c95cac40150a,1779422263635,-1,0.46297328740986865,0.6535865795905967,0.5010959458460142,0.0,0.49577988360876174,STEP_UP
aca194a4-b026-44b1-ab04-c95cac40150a,1779422263791,-1,0.46297328788290915,0.6392402300174811,0.49822667630982354,0.0,0.49172617867956775,STEP_UP
aca194a4-b026-44b1-ab04-c95cac40150a,1779422263914,-1,0.4629732886088638,0.6279286851617553,0.4959643679194421,0.0,0.48912393836745666,STEP_UP
aca194a4-b026-44b1-ab04-c95cac40150a,1779422264074,-1,0.462973288884571,0.6132144804713803,0.49302152720193293,0.0,0.4891150534258074,STEP_UP
aca194a4-b026-44b1-ab04-c95cac40150a,1779422264234,-1,0.4629732890315814,0.5985002757810052,0.4900786863814662,0.0,0.48639746328007233,STEP_UP
aca194a4-b026-44b1-ab04-c95cac40150a,1779422264391,-1,0.46297328902026025,0.5840619624285747,0.4871910237019232,0.0,0.4836510172850082,STEP_UP
aca194a4-b026-44b1-ab04-c95cac40150a,1779422264534,-1,0.46297328906913404,0.5709111419865519,0.48456085965261764,0.0,0.48087809804254134,STEP_UP
aca194a4-b026-44b1-ab04-c95cac40150a,1779422264704,-1,0.46297328944002736,0.5552772995030285,0.4814340914526276,0.0,0.4807671987536591,STEP_UP
aca194a4-b026-44b1-ab04-c95cac40150a,1779422264840,-1,0.4629733419096522,0.5427702255162097,0.47893271863096376,0.0,0.4806594199794265,STEP_UP
aca194a4-b026-44b1-ab04-c95cac40150a,1779422264990,-1,0.4629733475371971,0.528975658618983,0.47617380975355433,0.0,0.48055236132796053,STEP_UP
aca194a4-b026-44b1-ab04-c95cac40150a,1779422265125,-1,0.46297334243702615,0.5165605484114791,0.47369078363191675,0.0,0.48044678001934416,STEP_UP
aca194a4-b026-44b1-ab04-c95cac40150a,1779422265283,-1,0.4629733573114916,0.5020302712797337,0.47078474010514004,0.0,0.48034027503906906,STEP_UP
aca194a4-b026-44b1-ab04-c95cac40150a,1779422265433,-1,0.46297338765010587,0.48823570438250713,0.46802585099658617,0.0,0.48023316899819835,STEP_UP
aca194a4-b026-44b1-ab04-c95cac40150a,1779422265592,-1,0.4629733882779328,0.47361346347144695,0.46510140331663563,0.0,0.4801257209439634,STEP_UP
aca194a4-b026-44b1-ab04-c95cac40150a,1779422265731,-1,0.4629733835615033,0.4608304981466836,0.4629733835615033,0.0,0.48002332954563337,STEP_UP
aca194a4-b026-44b1-ab04-c95cac40150a,1779422265886,-1,0.4629733877727573,0.44657611235288275,0.4629733877727573,0.0,0.47994889517832745,STEP_UP
aca194a4-b026-44b1-ab04-c95cac40150a,1779422266042,-1,0.4629733862765266,0.4322297627797671,0.4629733862765266,0.0,0.48359651403921544,STEP_UP
aca194a4-b026-44b1-ab04-c95cac40150a,1779422266182,-1,0.4629733828054372,0.419354833675689,0.4629733828054372,0.0,0.48726967150414957,STEP_UP
aca194a4-b026-44b1-ab04-c95cac40150a,1779422266332,-1,0.4629734057637467,0.40556026677846235,0.4629734057637467,0.0,0.49096912648240626,STEP_UP
aca194a4-b026-44b1-ab04-c95cac40150a,1779422266487,-1,0.46297340509553964,0.39130588098466146,0.46297340509553964,0.0,0.4909871203115017,STEP_UP
aca194a4-b026-44b1-ab04-c95cac40150a,1779422266634,-1,0.4629734010808646,0.37778720542537947,0.4629734010808646,0.0,0.4910049673272674,STEP_UP
aca194a4-b026-44b1-ab04-c95cac40150a,1779422266790,-1,0.462973395510738,0.3634408558522637,0.462973395510738,0.0,0.49102251616500214,STEP_UP
aca194a4-b026-44b1-ab04-c95cac40150a,1779422266935,-1,0.4629733956313937,0.3501061078516114,0.4629733956313937,0.0,0.4910312583780986,STEP_UP
aca194a4-b026-44b1-ab04-c95cac40150a,1779422267094,-1,0.4629734015724358,0.3354838669405511,0.4629734015724358,0.0,0.491042349550284,STEP_UP
aca194a4-b026-44b1-ab04-c95cac40150a,1779422267226,-1,0.4629734295007193,0.3233446480709917,0.4629734295007193,0.0,0.49105240097124864,STEP_UP
aca194a4-b026-44b1-ab04-c95cac40150a,1779422267391,-1,0.46297346891731794,0.3081706244840425,0.46297346891731794,0.0,0.4949568217773819,STEP_UP
aca194a4-b026-44b1-ab04-c95cac40150a,1779422267529,-1,0.4629735295172994,0.295479622938594,0.4629735295172994,0.0,0.4949657325224419,STEP_UP
aca194a4-b026-44b1-ab04-c95cac40150a,1779422267684,-1,0.46297345537239165,0.28122523714479314,0.46297345537239165,0.0,0.4949749523490107,STEP_UP
aca194a4-b026-44b1-ab04-c95cac40150a,1779422267812,-1,0.46297246955697924,0.2694538733924931,0.46297246955697924,0.0,0.49498295638576734,STEP_UP
aca194a4-b026-44b1-ab04-c95cac40150a,1779422267985,-1,0.9052160493177701,0.25354413957102506,0.9052160493177701,0.0,0.49439524340100216,ALLOW
aca194a4-b026-44b1-ab04-c95cac40150a,1779422268136,-1,0.0005724653709571204,0.23965760889448362,0.048389494075662426,0.0,0.48726739433435695,LOCK
aca194a4-b026-44b1-ab04-c95cac40150a,1779422268282,-1,0.46294376236479295,0.22623089711451638,0.46294376236479295,0.0,0.4828572201710608,STEP_UP
aca194a4-b026-44b1-ab04-c95cac40150a,1779422268434,-1,0.7594789170874461,0.21225240265866008,0.7594789170874461,0.0,0.485839027931679,ALLOW
aca194a4-b026-44b1-ab04-c95cac40150a,1779422268592,-1,0.7591059644786655,0.19772212552691476,0.7591059644786655,0.0,0.4888091446040659,ALLOW
aca194a4-b026-44b1-ab04-c95cac40150a,1779422268732,-1,0.759094903288329,0.18484719642283653,0.759094903288329,0.0,0.49177928868137,ALLOW
aca194a4-b026-44b1-ab04-c95cac40150a,1779422268876,-1,0.4629255683129916,0.171604412201499,0.4629255683129916,0.0,0.4917875183210096,STEP_UP
aca194a4-b026-44b1-ab04-c95cac40150a,1779422269031,-1,0.46287783589711906,0.1573500264076982,0.46287783589711906,0.0,0.49599167825907353,STEP_UP
aca194a4-b026-44b1-ab04-c95cac40150a,1779422269197,-1,0.4614578107385139,0.14208403904143407,0.4614578107385139,0.0,0.5002134745700672,STEP_UP
aca194a4-b026-44b1-ab04-c95cac40150a,1779422269322,-1,0.4614542754672253,0.13058856662707857,0.4614542754672253,0.0,0.4957929813450576,STEP_UP
aca194a4-b026-44b1-ab04-c95cac40150a,1779422269480,-1,0.4629226664391488,0.11605828949533317,0.4629226664391488,0.0,0.49283129886255006,STEP_UP
aca194a4-b026-44b1-ab04-c95cac40150a,1779422269633,-1,0.4628965389196895,0.10198783126016206,0.4628965389196895,0.0,0.49284615262988085,STEP_UP
aca194a4-b026-44b1-ab04-c95cac40150a,1779422269790,-1,0.7593977430206513,0.08754951790773155,0.7593977430206513,0.0,0.49581103683326616,ALLOW
aca194a4-b026-44b1-ab04-c95cac40150a,1779422269934,-1,0.9037498947180442,0.07430673368639398,0.9037498947180442,0.0,0.5002190575028006,ALLOW
aca194a4-b026-44b1-ab04-c95cac40150a,1779422270085,-1,0.7613318614997868,0.060420203009852555,0.7613318614997868,0.0,0.5032027335332723,ALLOW
aca194a4-b026-44b1-ab04-c95cac40150a,1779422270235,-1,0.7619663815160411,0.04662563611262591,0.7619663815160411,0.0,0.5061927047946183,ALLOW
aca194a4-b026-44b1-ab04-c95cac40150a,1779422270387,-1,0.7619471908814359,0.032647141656769685,0.7619471908814359,0.0,0.5091824598757312,ALLOW
aca194a4-b026-44b1-ab04-c95cac40150a,1779422270530,-1,0.7619883572570774,0.01949632121474692,0.7619883572570774,0.0,0.5121726140080917,ALLOW
aca194a4-b026-44b1-ab04-c95cac40150a,1779422270684,-1,0.7590555778067358,0.00533389920026094,0.7590555778067358,0.0,0.5151334403223125,ALLOW
aca194a4-b026-44b1-ab04-c95cac40150a,1779422270831,-1,0.7594019948737538,0.0,0.7594019948737538,0.0,0.518097730777935,ALLOW
aca194a4-b026-44b1-ab04-c95cac40150a,1779422270991,-1,0.9634790837114073,0.0,0.9634790837114073,0.0,0.5231027888389925,ALLOW
aca194a4-b026-44b1-ab04-c95cac40150a,1779422271125,-1,0.9634892131181092,0.0,0.9634892131181092,0.0,0.5281079479076501,ALLOW
aca194a4-b026-44b1-ab04-c95cac40150a,1779422271291,-1,0.9040547663398508,0.7357102345187525,0.9040547663398508,0.0,0.532518762465965,ALLOW
aca194a4-b026-44b1-ab04-c95cac40150a,1779422271426,-1,0.46142322942426794,0.7357102345187525,0.5162806304431649,0.0,0.5330518354184582,STEP_UP
aca194a4-b026-44b1-ab04-c95cac40150a,1779422271583,-1,0.4628883342168997,0.7357102345187525,0.5174527142772702,0.0,0.5330511554243167,STEP_UP
aca194a4-b026-44b1-ab04-c95cac40150a,1779422271731,-1,0.46129079285413854,0.7357102345187525,0.5161746811870613,0.0,0.5330376950992731,STEP_UP
aca194a4-b026-44b1-ab04-c95cac40150a,1779422271887,-1,0.9634907304757845,0.7357102345187525,0.9634907304757845,0.0,0.5374973952671167,ALLOW
aca194a4-b026-44b1-ab04-c95cac40150a,1779422272033,-1,0.7592505549943072,0.7357102345187525,0.7592505549943072,0.0,0.5399146936801457,ALLOW
aca194a4-b026-44b1-ab04-c95cac40150a,1779422272191,-1,0.9053408777790182,0.7357102345187525,0.9053408777790182,0.0,0.5437928954306475,ALLOW
aca194a4-b026-44b1-ab04-c95cac40150a,1779422272338,-1,0.7620674245615775,0.7357102345187525,0.7620674245615775,0.0,0.5462383626753815,ALLOW
aca194a4-b026-44b1-ab04-c95cac40150a,1779422272479,-1,0.761158456019972,0.7357102345187525,0.761158456019972,0.0,0.5486747404910165,ALLOW
aca194a4-b026-44b1-ab04-c95cac40150a,1779422272620,-1,0.7611325534254338,0.7357102345187525,0.7611325534254338,0.0,0.5511108593164916,ALLOW
aca194a4-b026-44b1-ab04-c95cac40150a,1779422272800,-1,0.46296901171646465,0.7357102345187525,0.5175172562769222,0.0,0.5511108251468179,STEP_UP
aca194a4-b026-44b1-ab04-c95cac40150a,1779422272914,-1,0.4629728016724117,0.7357102345187525,0.51752028824168,0.0,0.5511108213510868,STEP_UP
aca194a4-b026-44b1-ab04-c95cac40150a,1779422273071,-1,0.46297306064326205,0.7357102345187525,0.5175204954183602,0.0,0.5511108195920331,STEP_UP
aca194a4-b026-44b1-ab04-c95cac40150a,1779422273223,-1,0.46297321958251136,0.7357102345187525,0.5175206225697596,0.0,0.5511108191126924,STEP_UP
aca194a4-b026-44b1-ab04-c95cac40150a,1779422273394,-1,0.46297327282241985,0.7357102345187525,0.5175206651616864,0.0,0.551110819324667,STEP_UP
aca194a4-b026-44b1-ab04-c95cac40150a,1779422273523,-1,0.4629732892936227,0.7357102345187525,0.5175206783386487,0.0,0.5511108210679097,STEP_UP
aca194a4-b026-44b1-ab04-c95cac40150a,1779422273684,-1,0.46297328485361744,0.7357102345187525,0.5175206747866445,0.0,0.5511108249854678,STEP_UP
aca194a4-b026-44b1-ab04-c95cac40150a,1779422273802,-1,0.46297328485361744,0.7357102345187525,0.5175206747866445,0.0,0.5511108470084944,STEP_UP
aca194a4-b026-44b1-ab04-c95cac40150a,1779422273960,-1,0.46297328485361744,0.7357102345187525,0.5175206747866445,0.0,0.5511109257819277,STEP_UP
