session_id,t_ms,label,kb_trust,mouse_trust,behavioural_trust,face_trust,fused_trust,action
global,1766388232758,-1,0.0,0.7664583365196314,0.1532916673039263,0.0,0.1532916673039263,LOCK
global,1766388232901,-1,0.0,0.7664583365196314,0.1532916673039263,0.0,0.1532916673039263,LOCK
global,1766388233052,-1,0.0,0.7664583365196314,0.1532916673039263,0.0,0.1532916673039263,LOCK
global,1766388233203,-1,0.0,0.7664583365196314,0.1532916673039263,0.0,0.1532916673039263,LOCK
global,1766388233349,-1,0.0,0.7664583365196314,0.1532916673039263,0.0,0.1532916673039263,LOCK
global,1766388233495,-1,0.0,0.7664583365196314,0.1532916673039263,0.0,0.1532916673039263,LOCK
global,1766388233646,-1,0.0,0.7664583365196314,0.1532916673039263,0.0,0.15329166730392632,LOCK
global,1766388233800,-1,0.0,0.7664583365196314,0.1532916673039263,0.0,0.1532916673039263,LOCK
global,1766388233954,-1,0.0,0.7664583365196314,0.1532916673039263,0.0,0.1532916673039263,LOCK
global,1766388234100,-1,0.0,0.7664583365196314,0.1532916673039263,0.0,0.15329166730392627,LOCK
global,1766388234245,-1,0.0,0.7664583365196314,0.1532916673039263,0.0,0.15329166730392627,LOCK
global,1766388234404,-1,0.0,0.7664583365196314,0.1532916673039263,0.0,0.15329166730392627,LOCK
global,1766388234545,-1,0.0,0.7664583365196314,0.1532916673039263,0.0,0.15329166730392624,LOCK
global,1766388234695,-1,0.0,0.7664583365196314,0.1532916673039263,0.0,0.15329166730392624,LOCK
global,1766388234853,-1,0.0,0.7664583365196314,0.1532916673039263,0.0,0.15329166730392624,LOCK
global,1766388235000,-1,0.0,0.7664583365196314,0.1532916673039263,0.0,0.1532916673039263,LOCK
global,1766388235155,-1,0.0,0.7664583365196314,0.1532916673039263,0.0,0.1532916673039263,LOCK
global,1766388235300,-1,0.0,0.7664583365196314,0.1532916673039263,0.0,0.1532916673039263,LOCK
global,1766388235450,-1,0.0,0.7664583365196314,0.1532916673039263,0.0,0.15329166730392627,LOCK
global,1766388235602,-1,0.0,0.7664583365196314,0.1532916673039263,0.0,0.15329166730392627,LOCK
global,1766388235754,-1,0.0,0.7664583365196314,0.1532916673039263,0.0,0.15329166730392627,LOCK
global,1766388235895,-1,0.0,0.7664583365196314,0.1532916673039263,0.0,0.15329166730392627,LOCK
global,1766388236046,-1,0.0,0.7664583365196314,0.1532916673039263,0.0,0.15329166730392627,LOCK
global,1766388236194,-1,0.0,0.7664583365196314,0.1532916673039263,0.0,0.1532916673039263,LOCK
global,1766388236351,-1,0.0,0.7664583365196314,0.1532916673039263,0.0,0.1532916673039263,LOCK
global,1766388236497,-1,0.0,0.7664583365196314,0.1532916673039263,0.0,0.1532916673039263,LOCK
global,1766388236651,-1,0.0,0.7664583365196314,0.1532916673039263,0.0,0.1532916673039263,LOCK
global,1766388236799,-1,0.0,0.7664583365196314,0.1532916673039263,0.0,0.15329166730392627,LOCK
global,1766388236951,-1,0.0,0.7664583365196314,0.1532916673039263,0.0,0.15329166730392627,LOCK
global,1766388237097,-1,0.0,0.7664583365196314,0.1532916673039263,0.0,0.15329166730392627,LOCK
global,1766388237253,-1,0.0,0.7664583365196314,0.1532916673039263,0.0,0.15329166730392627,LOCK
global,1766388237401,-1,0.0,0.7664583365196314,0.1532916673039263,0.0,0.1532916673039263,LOCK
global,1766388237550,-1,0.0,0.7664583365196314,0.1532916673039263,0.0,0.1532916673039263,LOCK
global,1766388237701,-1,0.0,0.7664583365196314,0.1532916673039263,0.0,0.1532916673039263,LOCK
global,1766388237846,-1,0.0,0.7664583365196314,0.1532916673039263,0.0,0.1532916673039263,LOCK
global,1766388237996,-1,0.0,0.7664583365196314,0.1532916673039263,0.0,0.1532916673039263,LOCK
global,1766388238146,-1,0.0,0.7664583365196314,0.1532916673039263,0.0,0.15329166730392627,LOCK
global,1766388238299,-1,0.0,0.7664583365196314,0.1532916673039263,0.0,0.15329166730392627,LOCK
global,1766388238451,-1,0.0,0.7664583365196314,0.1532916673039263,0.0,0.15329166730392627,LOCK
global,1766388238598,-1,0.0,0.7664583365196314,0.1532916673039263,0.0,0.1532916673039263,LOCK
global,1766388238751,-1,0.0,0.7664583365196314,0.1532916673039263,0.0,0.1532916673039263,LOCK
global,1766388238899,-1,0.0,0.7664583365196314,0.1532916673039263,0.0,0.1532916673039263,LOCK
global,1766388239049,-1,0.0,0.7664583365196314,0.1532916673039263,0.0,0.1532916673039263,LOCK
global,1766388239201,-1,0.0,0.7664583365196314,0.1532916673039263,0.0,0.1532916673039263,LOCK
global,1766388239352,-1,0.0,0.7664583365196314,0.1532916673039263,0.0,0.1532916673039263,LOCK
global,1766388239499,-1,0.0,0.7664583365196314,0.1532916673039263,0.0,0.15329166730392627,LOCK
global,1766388239645,-1,0.0,0.7664583365196314,0.1532916673039263,0.0,0.15329166730392627,LOCK
global,1766388239794,-1,0.0,0.7664583365196314,0.1532916673039263,0.0,0.1532916673039263,LOCK
global,1766388239949,-1,0.0,0.7664583365196314,0.1532916673039263,0.0,0.1532916673039263,LOCK
global,1766388240098,-1,0.0,0.7664583365196314,0.1532916673039263,0.0,0.1532916673039263,LOCK
global,1766388240251,-1,0.0,0.7664583365196314,0.1532916673039263,0.0,0.1532916673039263,LOCK
global,1766388240398,-1,0.0,0.7664583365196314,0.1532916673039263,0.0,0.1532916673039263,LOCK
global,1766388240552,-1,0.0,0.7664583365196314,0.1532916673039263,0.0,0.1532916673039263,LOCK
global,1766388240698,-1,0.0,0.7664583365196314,0.1532916673039263,0.0,0.15329166730392632,LOCK
global,1766388240850,-1,0.0,0.7664583365196314,0.1532916673039263,0.0,0.15329166730392632,LOCK
global,1766388241000,-1,0.0,0.7664583365196314,0.1532916673039263,0.0,0.15329166730392632,LOCK
global,1766388241149,-1,0.0,0.7664583365196314,0.1532916673039263,0.0,0.15329166730392632,LOCK
global,1766388241301,-1,0.0,0.7664583365196314,0.1532916673039263,0.0,0.15329166730392635,LOCK
global,1766388241452,-1,0.0,0.7664583365196314,0.1532916673039263,0.0,0.15329166730392635,LOCK
global,1766388241616,-1,0.4628488510336648,0.7664583365196314,0.5235707481308581,0.0,0.15946298531770856,STEP_UP
global,1766388241772,-1,0.46284885056726055,0.7664583365196314,0.5235707477577347,0.0,0.16543196502984012,STEP_UP
global,1766388241916,-1,0.46284885056726055,0.7664583365196314,0.5235707477577347,0.0,0.17120839700932228,STEP_UP
global,1766388242071,-1,0.46284885056726055,0.7664583365196314,0.5235707477577347,0.0,0.176801450195805,STEP_UP
global,1766388242218,-1,0.46284885056726055,0.7664583365196314,0.5235707477577347,0.0,0.18221972047021012,STEP_UP
global,1766388242364,-1,0.46284885056726055,0.7664583365196314,0.5235707477577347,0.0,0.18747127473617203,STEP_UP
global,1766388242517,-1,0.46284885056726055,0.7664583365196314,0.5235707477577347,0.0,0.1925636909940745,STEP_UP
global,1766388242669,-1,0.46284885056726055,0.7664583365196314,0.5235707477577347,0.0,0.1975040948263679,STEP_UP
global,1766388242828,-1,0.46284885056726055,0.7664583365196314,0.5235707477577347,0.0,0.2022991926635939,STEP_UP
global,1766388242969,-1,0.46284885056726055,0.7664583365196314,0.5235707477577347,0.0,0.20695530215771188,STEP_UP
global,1766388243118,-1,0.46284885056726055,0.7664583365196314,0.5235707477577347,0.0,0.21147837995199792,STEP_UP
global,1766388243267,-1,0.46284885056726055,0.7664583365196314,0.5235707477577347,0.0,0.21587404710419136,STEP_UP
global,1766388243415,-1,0.46284885056726055,0.7664583365196314,0.5235707477577347,0.0,0.2201476123910462,STEP_UP
global,1766388243567,-1,0.46284885056726055,0.7664583365196314,0.5235707477577347,0.0,0.22430409369743917,STEP_UP
global,1766388243721,-1,0.46284885056726055,0.7664583365196314,0.5235707477577347,0.0,0.22834823767122694,STEP_UP
global,1766388243877,-1,0.46284885056726055,0.7664583365196314,0.5235707477577347,0.0,0.2322845378057137,STEP_UP
global,1766388244016,-1,0.46284885056726055,0.7664583365196314,0.5235707477577347,0.0,0.23611725109455609,STEP_UP
global,1766388244166,-1,0.46284885056726055,0.7664583365196314,0.5235707477577347,0.0,0.23985041338888308,STEP_UP
global,1766388244315,-1,0.46284885056726055,0.7664583365196314,0.5235707477577347,0.0,0.24348785357309913,STEP_UP
global,1766388244470,-1,0.46284885056726055,0.7664583365196314,0.5235707477577347,0.0,0.24703320666404385,STEP_UP
global,1766388244618,-1,0.46284885056726055,0.7664583365196314,0.5235707477577347,0.0,0.2504899259277151,STEP_UP
global,1766388244768,-1,0.46284885056726055,0.7664583365196314,0.5235707477577347,0.0,0.25386129409845604,STEP_UP
global,1766388244915,-1,0.46284885056726055,0.7664583365196314,0.5235707477577347,0.0,0.25715043377722774,STEP_UP
global,1766388245072,-1,0.46284885056726055,0.7664583365196314,0.5235707477577347,0.0,0.2603603170781977,STEP_UP
global,1766388245214,-1,0.46284885056726055,0.7664583365196314,0.5235707477577347,0.0,0.2634937745862874,STEP_UP
global,1766388245369,-1,0.46284885056726055,0.7664583365196314,0.5235707477577347,0.0,0.2665535036824221,STEP_UP
global,1766388245515,-1,0.46284885056726055,0.7664583365196314,0.5235707477577347,0.0,0.26954207628794896,STEP_UP
global,1766388245671,-1,0.46284885056726055,0.7664583365196314,0.5235707477577347,0.0,0.272461946074958,STEP_UP
global,1766388245814,-1,0.46284885056726055,0.7664583365196314,0.5235707477577347,0.0,0.27531545518498957,STEP_UP
global,1766388245963,-1,0.46284885056726055,0.7664583365196314,0.5235707477577347,0.0,0.27810484049479567,STEP_UP
global,1766388246127,-1,0.46284885056726055,0.7664583365196314,0.5235707477577347,0.0,0.2808322394643839,STEP_UP
global,1766388246266,-1,0.46284885056726055,0.7664583365196314,0.5235707477577347,0.0,0.28349969559947563,STEP_UP
global,1766388246396,-1,0.0,0.7664583365196314,0.1532916673039263,0.0,0.2820843909440892,LOCK
global,1766388246543,-1,0.0,0.7664583365196314,0.1532916673039263,0.0,0.2806995229479584,LOCK
global,1766388246697,-1,0.0,0.7664583365196314,0.1532916673039263,0.0,0.27934412022834104,LOCK
global,1766388246846,-1,0.0,0.7664583365196314,0.1532916673039263,0.0,0.27801725230282087,LOCK
global,1766388246993,-1,0.0,0.7664583365196314,0.1532916673039263,0.0,0.27671802745908247,LOCK
global,1766388247151,-1,0.0,0.7664583365196314,0.1532916673039263,0.0,0.275445590756452,LOCK
global,1766388247300,-1,0.0,0.7664583365196314,0.1532916673039263,0.0,0.27419912214979353,LOCK
global,1766388247468,-1,0.4628488510336648,0.7664583365196314,0.5235707481308581,0.0,0.2767180274627336,STEP_UP
global,1766388247628,-1,0.4628488510336648,0.7664583365196314,0.5235707481308581,0.0,0.27918655466941483,STEP_UP
global,1766388247766,-1,0.46284885056726055,0.7664583365196314,0.5235707477577347,0.0,0.28288934547395295,STEP_UP
global,1766388247916,-1,0.46284885056726055,0.7664583365196314,0.5235707477577347,0.0,0.286592136278491,STEP_UP
global,1766388248069,-1,0.46284885056726055,0.7664583365196314,0.5235707477577347,0.0,0.2902949270830291,STEP_UP
global,1766388248214,-1,0.46284885056726055,0.7664583365196314,0.5235707477577347,0.0,0.2939977178875672,STEP_UP
global,1766388248368,-1,0.46284885056726055,0.7664583365196314,0.5235707477577347,0.0,0.29770050869210524,STEP_UP
global,1766388248519,-1,0.46284885056726055,0.7664583365196314,0.5235707477577347,0.0,0.30140329949664335,STEP_UP
global,1766388248663,-1,0.46284885056726055,0.7664583365196314,0.5235707477577347,0.0,0.3051060903011814,STEP_UP
global,1766388248816,-1,0.46284885056726055,0.7664583365196314,0.5235707477577347,0.0,0.3088088811057195,STEP_UP
global,1766388248964,-1,0.46284885056726055,0.7664583365196314,0.5235707477577347,0.0,0.3125116719102576,STEP_UP
global,1766388249116,-1,0.46284885056726055,0.7664583365196314,0.5235707477577347,0.0,0.31621446271479564,STEP_UP
global,1766388249271,-1,0.46284885056726055,0.7664583365196314,0.5235707477577347,0.0,0.31991725351933376,STEP_UP
global,1766388249418,-1,0.46284885056726055,0.7664583365196314,0.5235707477577347,0.0,0.3236200443238718,STEP_UP
global,1766388249569,-1,0.46284885056726055,0.7664583365196314,0.5235707477577347,0.0,0.32732283512841,STEP_UP
global,1766388249714,-1,0.46284885056726055,0.7664583365196314,0.5235707477577347,0.0,0.33102562593294804,STEP_UP
global,1766388249870,-1,0.46284885056726055,0.7664583365196314,0.5235707477577347,0.0,0.3347284167374862,STEP_UP
global,1766388250017,-1,0.46284885056726055,0.7664583365196314,0.5235707477577347,0.0,0.3384312075420243,STEP_UP
global,1766388250169,-1,0.46284885056726055,0.7664583365196314,0.5235707477577347,0.0,0.34213399834656244,STEP_UP
global,1766388250314,-1,0.46284885056726055,0.7664583365196314,0.5235707477577347,0.0,0.3458367891511005,STEP_UP
global,1766388250465,-1,0.46284885056726055,0.7664583365196314,0.5235707477577347,0.0,0.3495395799556386,STEP_UP
global,1766388250618,-1,0.46284885056726055,0.7664583365196314,0.5235707477577347,0.0,0.35324237076017667,STEP_UP
global,1766388250767,-1,0.46284885056726055,0.7664583365196314,0.5235707477577347,0.0,0.35694516156471473,STEP_UP
global,1766388250919,-1,0.46284885056726055,0.7664583365196314,0.5235707477577347,0.0,0.36064795236925284,STEP_UP
global,1766388251066,-1,0.46284885056726055,0.7664583365196314,0.5235707477577347,0.0,0.3643507431737909,STEP_UP
global,1766388251216,-1,0.46284885056726055,0.7664583365196314,0.5235707477577347,0.0,0.368053533978329,STEP_UP
global,1766388251368,-1,0.46284885056726055,0.7664583365196314,0.5235707477577347,0.0,0.371756324782867,STEP_UP
global,1766388251516,-1,0.46284885056726055,0.7664583365196314,0.5235707477577347,0.0,0.37545911558740513,STEP_UP
global,1766388251673,-1,0.46284885056726055,0.7664583365196314,0.5235707477577347,0.0,0.3791619063919432,STEP_UP
global,1766388251815,-1,0.46284885056726055,0.7664583365196314,0.5235707477577347,0.0,0.38286469719648136,STEP_UP
global,1766388251964,-1,0.46284885056726055,0.7664583365196314,0.5235707477577347,0.0,0.38656748800101937,STEP_UP
global,1766388252117,-1,0.46284885056726055,0.7664583365196314,0.5235707477577347,0.0,0.3902702788055575,STEP_UP
global,1766388252269,-1,0.46284885056726055,0.7664583365196314,0.5235707477577347,0.0,0.39397306961009554,STEP_UP
global,1766388252417,-1,0.46284885056726055,0.7664583365196314,0.5235707477577347,0.0,0.39767586041463365,STEP_UP
global,1766388252566,-1,0.46284885056726055,0.7664583365196314,0.5235707477577347,0.0,0.4013786512191717,STEP_UP
global,1766388252721,-1,0.46284885056726055,0.7664583365196314,0.5235707477577347,0.0,0.4050814420237099,STEP_UP
global,1766388252864,-1,0.46284885056726055,0.7664583365196314,0.5235707477577347,0.0,0.4087842328282479,STEP_UP
global,1766388253012,-1,0.46284885056726055,0.7664583365196314,0.5235707477577347,0.0,0.41248702363278594,STEP_UP
global,1766388253171,-1,0.46284885056726055,0.7664583365196314,0.5235707477577347,0.0,0.416189814437324,STEP_UP
global,1766388253316,-1,0.46284885056726055,0.7664583365196314,0.5235707477577347,0.0,0.41989260524186206,STEP_UP
global,1766388253448,-1,0.0,0.7664583365196314,0.1532916673039263,0.0,0.41989260524186206,LOCK
global,1766388253597,-1,0.0,0.7664583365196314,0.1532916673039263,0.0,0.419892605241862,LOCK
global,1766388253749,-1,0.0,0.7664583365196314,0.1532916673039263,0.0,0.41989260524186195,LOCK
global,1766388253896,-1,0.0,0.7664583365196314,0.1532916673039263,0.0,0.41989260524186195,LOCK
global,1766388254051,-1,0.0,0.7664583365196314,0.1532916673039263,0.0,0.41989260524186195,LOCK
global,1766388254197,-1,0.0,0.7664583365196314,0.1532916673039263,0.0,0.41989260524186195,LOCK
global,1766388254347,-1,0.0,0.7664583365196314,0.1532916673039263,0.0,0.41989260524186195,LOCK
global,1766388254498,-1,0.0,0.7664583365196314,0.1532916673039263,0.0,0.41989260524186195,LOCK
global,1766388254648,-1,0.0,0.7664583365196314,0.1532916673039263,0.0,0.41989260524186195,LOCK
global,1766388254799,-1,0.0,0.7664583365196314,0.1532916673039263,0.0,0.41989260524186195,LOCK
global,1766388254949,-1,0.0,0.7664583365196314,0.1532916673039263,0.0,0.41989260524186195,LOCK
global,1766388255098,-1,0.0,0.7664583365196314,0.1532916673039263,0.0,0.41989260524186195,LOCK
global,1766388255248,-1,0.0,0.7664583365196314,0.1532916673039263,0.0,0.41989260524186195,LOCK
global,1766388255398,-1,0.0,0.7664583365196314,0.1532916673039263,0.0,0.41989260524186195,LOCK
global,1766388257045,-1,0.0,0.7664583365196314,0.1532916673039263,0.0,0.41989260524186195,LOCK
global,1766388257192,-1,0.0,0.7664583365196314,0.1532916673039263,0.0,0.41989260524186195,LOCK
global,1766388257347,-1,0.0,0.7664583365196314,0.1532916673039263,0.0,0.419892605241862,LOCK
global,1766388257497,-1,0.0,0.7664583365196314,0.1532916673039263,0.0,0.419892605241862,LOCK
global,1766388257648,-1,0.0,0.7664583365196314,0.1532916673039263,0.0,0.419892605241862,LOCK
global,1766388257816,-1,0.4628488510336648,0.7664583365196314,0.5235707481308581,0.0,0.4235953960501313,STEP_UP
global,1766388257968,-1,0.46284885056726055,0.7664583365196314,0.5235707477577347,0.0,0.4272981868546695,STEP_UP
global,1766388258118,-1,0.46284885056726055,0.7664583365196314,0.5235707477577347,0.0,0.42729818685093823,STEP_UP
global,1766388258273,-1,0.46284885056726055,0.7664583365196314,0.5235707477577347,0.0,0.42729818685093834,STEP_UP
global,1766388258414,-1,0.46284885056726055,0.7664583365196314,0.5235707477577347,0.0,0.42729818685093834,STEP_UP
global,1766388258566,-1,0.46284885056726055,0.7664583365196314,0.5235707477577347,0.0,0.42729818685093834,STEP_UP
global,1766388258720,-1,0.46284885056726055,0.7664583365196314,0.5235707477577347,0.0,0.42729818685093834,STEP_UP
global,1766388258869,-1,0.46284885056726055,0.7664583365196314,0.5235707477577347,0.0,0.42729818685093834,STEP_UP
global,1766388259016,-1,0.46284885056726055,0.7664583365196314,0.5235707477577347,0.0,0.42729818685093834,STEP_UP
global,1766388259167,-1,0.46284885056726055,0.7664583365196314,0.5235707477577347,0.0,0.42729818685093834,STEP_UP
global,1766388259335,-1,0.46284885056726055,0.7664583365196314,0.5235707477577347,0.0,0.42729818685093834,STEP_UP
global,1766388259475,-1,0.46284885056726055,0.7664583365196314,0.5235707477577347,0.0,0.42729818685093834,STEP_UP
global,1766388259613,-1,0.46284885056726055,0.7664583365196314,0.5235707477577347,0.0,0.42729818685093834,STEP_UP
global,1766388259769,-1,0.46284885056726055,0.7664583365196314,0.5235707477577347,0.0,0.42729818685093834,STEP_UP
global,1766388259925,-1,0.46284885056726055,0.7664583365196314,0.5235707477577347,0.7081722236872007,0.4280365927546561,STEP_UP
global,1766388260068,-1,0.46284885056726055,0.7664583365196314,0.5235707477577347,0.7081722236872007,0.42877499865837393,STEP_UP
global,1766388260213,-1,0.46284885056726055,0.7664583365196314,0.5235707477577347,0.7081722236872007,0.42951340456209175,STEP_UP
global,1766388260368,-1,0.46284885056726055,0.7664583365196314,0.5235707477577347,0.7081722236872007,0.4302518104658095,STEP_UP
global,1766388260527,-1,0.46284885056726055,0.7664583365196314,0.5235707477577347,0.7219626655115126,0.4310453781368247,ALLOW
global,1766388260675,-1,0.46284885056726055,0.7664583365196314,0.5235707477577347,0.7219626655115126,0.4318389458078398,ALLOW
global,1766388260823,-1,0.46284885056726055,0.7664583365196314,0.5235707477577347,0.7219626655115126,0.432632513478855,ALLOW
global,1766388260976,-1,0.46284885056726055,0.7664583365196314,0.5235707477577347,0.7219626655115126,0.4334260811498701,ALLOW
global,1766388261127,-1,0.46284885056726055,0.7664583365196314,0.5235707477577347,0.7169883181803274,0.4341997514315604,ALLOW
global,1766388261266,-1,0.46284885056726055,0.7664583365196314,0.5235707477577347,0.7169883181803274,0.4349734217132509,ALLOW
global,1766388261414,-1,0.46284885056726055,0.7664583365196314,0.5235707477577347,0.7169883181803274,0.4357470919949412,ALLOW
global,1766388261546,-1,0.0,0.7664583365196314,0.1532916673039263,0.7169883181803274,0.4342990877939087,STEP_UP
global,1766388261699,-1,0.0,0.7664583365196314,0.1532916673039263,0.7169883181803274,0.4328510835928762,STEP_UP
global,1766388261845,-1,0.0,0.7664583365196314,0.1532916673039263,0.7101105485007244,0.4313755683131253,STEP_UP
global,1766388261997,-1,0.0,0.7664583365196314,0.1532916673039263,0.7101105485007244,0.42990005303337453,STEP_UP
global,1766388262145,-1,0.0,0.7664583365196314,0.1532916673039263,0.7101105485007244,0.42842453775362366,STEP_UP
global,1766388262298,-1,0.0,0.7664583365196314,0.1532916673039263,0.7101105485007244,0.4269490224738728,STEP_UP
global,1766388262444,-1,0.0,0.7664583365196314,0.1532916673039263,0.7047105515850526,0.4254519072064592,STEP_UP
global,1766388262598,-1,0.0,0.7664583365196314,0.1532916673039263,0.7047105515850526,0.42395479193904556,STEP_UP
global,1766388262741,-1,0.0,0.7664583365196314,0.1532916673039263,0.7047105515850526,0.4224576766716319,STEP_UP
global,1766388262893,-1,0.0,0.7664583365196314,0.1532916673039263,0.7047105515850526,0.42466335220875634,STEP_UP
global,1766388263048,-1,0.0,0.7664583365196314,0.1532916673039263,0.7177945951102358,0.4269213639199817,STEP_UP
global,1766388263196,-1,0.0,0.7664583365196314,0.1532916673039263,0.7177945951102358,0.42917937563120695,STEP_UP
global,1766388263357,-1,0.0,0.7664583365196314,0.1532916673039263,0.7177945951102358,0.4314373873424322,STEP_UP
global,1766388263496,-1,0.0,0.7664583365196314,0.1532916673039263,0.7177945951102358,0.4336953990536575,STEP_UP
global,1766388263648,-1,0.0,0.7664583365196314,0.1532916673039263,0.7022031542704301,0.4358910450015234,STEP_UP
global,1766388263797,-1,0.0,0.7664583365196314,0.1532916673039263,0.7022031542704301,0.43808669094938957,STEP_UP
global,1766388263948,-1,0.0,0.7664583365196314,0.1532916673039263,0.7022031542704301,0.4365795460889862,STEP_UP
global,1766388264091,-1,0.0,0.7664583365196314,0.1532916673039263,0.7022031542704301,0.43507240122858293,STEP_UP
global,1766388264247,-1,0.0,0.7664583365196314,0.1532916673039263,0.697325872531109,0.4335457472449535,STEP_UP
global,1766388264398,-1,0.0,0.7664583365196314,0.1532916673039263,0.697325872531109,0.4320190932613241,STEP_UP
global,1766388264567,-1,0.4628488510336648,0.7664583365196314,0.5235707481308581,0.697325872531109,0.43271411376265634,STEP_UP
global,1766388264725,-1,0.46284885056726055,0.7664583365196314,0.5235707477577347,0.697325872531109,0.4334091342617499,STEP_UP
global,1766388264865,-1,0.46284885056726055,0.7664583365196314,0.5235707477577347,0.7003094414034526,0.4341160890363328,STEP_UP
global,1766388265017,-1,0.46284885056726055,0.7664583365196314,0.5235707477577347,0.7003094414034526,0.4348230438109157,STEP_UP
global,1766388265164,-1,0.46284885056726055,0.7664583365196314,0.5235707477577347,0.7003094414034526,0.4355299985854985,STEP_UP
global,1766388265331,-1,0.46284885056726055,0.7664583365196314,0.5235707477577347,0.6983864806066902,0.4362292615168944,STEP_UP
global,1766388265465,-1,0.46284885056726055,0.7664583365196314,0.5235707477577347,0.6983864806066902,0.4369285244482902,STEP_UP
global,1766388265615,-1,0.46284885056726055,0.7664583365196314,0.5235707477577347,0.6983864806066902,0.43762778737968605,STEP_UP
global,1766388265768,-1,0.46284885056726055,0.7664583365196314,0.5235707477577347,0.6983864806066902,0.4383270503110818,STEP_UP
global,1766388265919,-1,0.46284885056726055,0.7664583365196314,0.5235707477577347,0.6983864806066902,0.43902631324247765,STEP_UP
global,1766388266066,-1,0.46284885056726055,0.7664583365196314,0.5235707477577347,0.693183562946314,0.4397047645032319,STEP_UP
global,1766388266215,-1,0.46284885056726055,0.7664583365196314,0.5235707477577347,0.693183562946314,0.44038321576398615,STEP_UP
global,1766388266367,-1,0.46284885056726055,0.7664583365196314,0.5235707477577347,0.693183562946314,0.4410616670247405,STEP_UP
global,1766388266534,-1,0.46284885056726055,0.7664583365196314,0.5235707477577347,0.7040854839307336,0.4417837259694325,STEP_UP
global,1766388266674,-1,0.46284885056726055,0.7664583365196314,0.5235707477577347,0.7040854839307336,0.44250578491412457,STEP_UP
global,1766388266811,-1,0.46284885056726055,0.7358000030588461,0.5174390810655777,0.7040854839307336,0.4431910538586636,STEP_UP
global,1766388266974,-1,0.46284885056726055,0.7063680029364922,0.5115526810411068,0.7040854839307336,0.44384100440305596,STEP_UP
global,1766388267125,-1,0.46284885056726055,0.6781132828190325,0.505901737017615,0.7040854839307336,0.44445704928330715,STEP_UP
global,1766388267262,-1,0.46284885056726055,0.6509887515062712,0.5004768307550627,0.7217161635464874,0.4451110674444462,STEP_UP
global,1766388267412,-1,0.46284885056726055,0.6249492014460204,0.49526892074301254,0.7217161635464874,0.4457338381455129,STEP_UP
global,1766388267573,-1,0.46284885056726055,0.5999512333881796,0.4902693271314444,0.7217161635464874,0.4463266112849101,STEP_UP
global,1766388267728,-1,0.46284885056726055,0.5759531840526524,0.48546971726433896,0.6978403678272533,0.44679508358222786,STEP_UP
global,1766388267863,-1,0.46284885056726055,0.5529150566905463,0.48086209179191775,0.6978403678272533,0.44723591012671093,STEP_UP
global,1766388268025,-1,0.46284885056726055,0.5307984544229244,0.47643877133839335,0.6978403678272533,0.447650196748473,STEP_UP
global,1766388268164,-1,0.46284885056726055,0.5095665162460074,0.47219238370301,0.6978403678272533,0.44803900504442273,STEP_UP
global,1766388268318,-1,0.46284885056726055,0.48918385559616706,0.4681158515730419,0.6978403678272533,0.44840335414759275,STEP_UP
global,1766388268462,-1,0.46284885056726055,0.46961650137232036,0.4642023807282726,0.707017824748998,0.448780932253381,STEP_UP
global,1766388268612,-1,0.46284885056726055,0.45083184131742754,0.46284885056726055,0.707017824748998,0.4491503891782031,STEP_UP
global,1766388268771,-1,0.46284885056726055,0.4327985676647304,0.46284885056726055,0.707017824748998,0.44951984610302537,STEP_UP
global,1766388268915,-1,0.46284885056726055,0.41548662495814115,0.46284885056726055,0.707017824748998,0.4498893030278475,STEP_UP
global,1766388269060,-1,0.46284885056726055,0.3988671599598155,0.46284885056726055,0.6988120017874698,0.45022593666082367,STEP_UP
global,1766388269213,-1,0.46284885056726055,0.38291247356142283,0.46284885056726055,0.6988120017874698,0.45056257029379965,STEP_UP
global,1766388269362,-1,0.46284885056726055,0.3675959746189659,0.46284885056726055,0.6988120017874698,0.4508992039267758,STEP_UP
global,1766388269516,-1,0.46284885056726055,0.3528921356342073,0.46284885056726055,0.6988120017874698,0.45123583755975183,STEP_UP
global,1766388269661,-1,0.46284885056726055,0.338776450208839,0.46284885056726055,0.7061271876993693,0.45160173193637554,STEP_UP
global,1766388269810,-1,0.46284885056726055,0.32522539220048546,0.46284885056726055,0.7061271876993693,0.4519676263129992,STEP_UP
global,1766388269966,-1,0.46284885056726055,0.31221637651246603,0.46284885056726055,0.7061271876993693,0.45603631149416096,STEP_UP
global,1766388270117,-1,0.46284885056726055,0.29972772145196735,0.46284885056726055,0.7061271876993693,0.46010499667532273,STEP_UP
global,1766388270261,-1,0.46284885056726055,0.28773861259388867,0.46284885056726055,0.7212263686956306,0.46423407858046956,STEP_UP
global,1766388270411,-1,0.46284885056726055,0.2762290680901331,0.46284885056726055,0.7212263686956306,0.46836316048561644,STEP_UP
global,1766388270561,-1,0.46284885056726055,0.26517990536652775,0.46284885056726055,0.7212263686956306,0.47249224239076326,STEP_UP
global,1766388270718,-1,0.46284885056726055,0.25457270915186664,0.46284885056726055,0.7212263686956306,0.4766213242959101,STEP_UP
global,1766388270863,-1,0.46284885056726055,0.24438980078579198,0.46284885056726055,0.6935735851657269,0.4806397950669373,STEP_UP
global,1766388271148,-1,0.0,0.7664583365196314,0.1532916673039263,0.6935735851657269,0.48280092273838454,STEP_UP
global,1766388271295,-1,0.0,0.7664583365196314,0.1532916673039263,0.6935735851657269,0.4849620504098317,STEP_UP
global,1766388271445,-1,0.0,0.7664583365196314,0.1532916673039263,0.6912964286954879,0.4871140694553979,STEP_UP
global,1766388271596,-1,0.0,0.7664583365196314,0.1532916673039263,0.6912964286954879,0.4892660885009642,STEP_UP
global,1766388271742,-1,0.0,0.7664583365196314,0.1532916673039263,0.6912964286954879,0.4914181075465305,STEP_UP
global,1766388271898,-1,0.0,0.7664583365196314,0.1532916673039263,0.6912964286954879,0.4935701265920967,STEP_UP
global,1766388272043,-1,0.0,0.7664583365196314,0.1532916673039263,0.6901557239452094,0.4957175828186618,STEP_UP
global,1766388272193,-1,0.0,0.7664583365196314,0.1532916673039263,0.6901557239452094,0.49786503904522705,STEP_UP
global,1766388272344,-1,0.0,0.7664583365196314,0.1532916673039263,0.6901557239452094,0.5000124952717921,STEP_UP
global,1766388272497,-1,0.0,0.7664583365196314,0.1532916673039263,0.6901557239452094,0.5021599514983572,STEP_UP
global,1766388272646,-1,0.0,0.7664583365196314,0.1532916673039263,0.6895065653148218,0.5043048110904008,STEP_UP
global,1766388272794,-1,0.0,0.7664583365196314,0.1532916673039263,0.6895065653148218,0.5064496706824444,STEP_UP
global,1766388272948,-1,0.0,0.7664583365196314,0.1532916673039263,0.6895065653148218,0.5048917394662187,STEP_UP
global,1766388273091,-1,0.0,0.7664583365196314,0.1532916673039263,0.6895065653148218,0.5033338082537242,STEP_UP
global,1766388273240,-1,0.0,0.7664583365196314,0.1532916673039263,0.6974348478720973,0.5018075901714587,STEP_UP
global,1766388273397,-1,0.0,0.7664583365196314,0.1532916673039263,0.6974348478720973,0.5002813720891933,STEP_UP
global,1766388273545,-1,0.0,0.7664583365196314,0.1532916673039263,0.6974348478720973,0.498755154006928,STEP_UP
global,1766388273695,-1,0.0,0.7664583365196314,0.1532916673039263,0.6974348478720973,0.4972289359246625,STEP_UP
global,1766388273845,-1,0.0,0.7664583365196314,0.1532916673039263,0.7061919862425567,0.495737746395879,STEP_UP
global,1766388273995,-1,0.0,0.7664583365196314,0.1532916673039263,0.7061919862425567,0.49424655686709534,STEP_UP
global,1766388274146,-1,0.0,0.7664583365196314,0.1532916673039263,0.7061919862425567,0.4927553673383118,STEP_UP
global,1766388274298,-1,0.0,0.7664583365196314,0.1532916673039263,0.7061919862425567,0.4912641778095282,STEP_UP
global,1766388274446,-1,0.0,0.7664583365196314,0.1532916673039263,0.6888215792099747,0.48970350665261436,STEP_UP
global,1766388274595,-1,0.0,0.7664583365196314,0.1532916673039263,0.6888215792099747,0.4881428354957004,STEP_UP
global,1766388274745,-1,0.0,0.7664583365196314,0.1532916673039263,0.6888215792099747,0.4865821643387866,STEP_UP
global,1766388274917,-1,0.4628488510336648,0.7664583365196314,0.5235707481308581,0.6888215792099747,0.48724316766683423,STEP_UP
global,1766388275066,-1,0.4628488510336648,0.7664583365196314,0.5235707481308581,0.700470004015844,0.4872123587903876,STEP_UP
global,1766388275216,-1,0.46284885056726055,0.7664583365196314,0.5235707477577347,0.700470004015844,0.48718154991170215,STEP_UP
global,1766388275366,-1,0.46284885056726055,0.7664583365196314,0.5235707477577347,0.700470004015844,0.48715074103301675,STEP_UP
global,1766388275523,-1,0.46284885056726055,0.7664583365196314,0.5235707477577347,0.700470004015844,0.48711993215433125,STEP_UP
global,1766388275662,-1,0.46284885056726055,0.7664583365196314,0.5235707477577347,0.6942692305129835,0.4870091584143372,STEP_UP
global,1766388275814,-1,0.46284885056726055,0.7664583365196314,0.5235707477577347,0.6942692305129835,0.48689838467434304,STEP_UP
global,1766388275966,-1,0.46284885056726055,0.7664583365196314,0.5235707477577347,0.6942692305129835,0.4867876109343489,STEP_UP
global,1766388276113,-1,0.46284885056726055,0.7358000030588461,0.5174390810655777,0.6942692305129835,0.48664004719420184,STEP_UP
global,1766388276260,-1,0.46284885056726055,0.7063680029364922,0.5115526810411068,0.7078347625119493,0.48653132457122866,STEP_UP
global,1766388276410,-1,0.46284885056726055,0.6781132828190325,0.505901737017615,0.7078347625119493,0.48638869628411435,STEP_UP
global,1766388276572,-1,0.46284885056726055,0.6509887515062712,0.5004768307550627,0.7078347625119493,0.48621351855942485,STEP_UP
global,1766388276718,-1,0.46284885056726055,0.6249492014460204,0.49526892074301254,0.7078347625119493,0.48822876785738595,STEP_UP
global,1766388276861,-1,0.46284885056726055,0.5999512333881796,0.4902693271314444,0.7003579246540144,0.49018411224224573,STEP_UP
global,1766388277007,-1,0.46284885056726055,0.5759531840526524,0.48546971726433896,0.7003579246540144,0.4921381700466214,STEP_UP
global,1766388277161,-1,0.46284885056726055,0.5529150566905463,0.48086209179191775,0.7003579246540144,0.4940645820981625,STEP_UP
global,1766388277320,-1,0.46284885056726055,0.5307984544229244,0.47643877133839335,0.7003579246540144,0.49596445422698254,STEP_UP
global,1766388277461,-1,0.46284885056726055,0.5095665162460074,0.47219238370301,0.6979926451883255,0.49782938691212747,STEP_UP
global,1766388277615,-1,0.46284885056726055,0.48918385559616706,0.4681158515730419,0.6979926451883255,0.49969146039215523,STEP_UP
global,1766388277762,-1,0.46284885056726055,0.46961650137232036,0.4642023807282726,0.6979926451883255,0.5015300530471144,STEP_UP
global,1766388277919,-1,0.46284885056726055,0.45083184131742754,0.46284885056726055,0.6979926451883255,0.5033605245211075,STEP_UP
global,1766388278061,-1,0.46284885056726055,0.4327985676647304,0.46284885056726055,0.6932015956868216,0.5051718317970946,STEP_UP
global,1766388278209,-1,0.46284885056726055,0.41548662495814115,0.46284885056726055,0.6932015956868216,0.506930802898981,STEP_UP
global,1766388278362,-1,0.46284885056726055,0.3988671599598155,0.46284885056726055,0.6932015956868216,0.5086897740008672,STEP_UP
global,1766388278515,-1,0.46284885056726055,0.38291247356142283,0.46284885056726055,0.6932015956868216,0.5104487451027536,STEP_UP
global,1766388285692,-1,0.0,0.7664583365196314,0.1532916673039263,0.6900806888963774,0.5103378894778982,STEP_UP
global,1766388285843,-1,0.0,0.7664583365196314,0.1532916673039263,0.6907269187197909,0.5102919845356956,STEP_UP
global,1766388285995,-1,0.0,0.7664583365196314,0.1532916673039263,0.6907269187197909,0.510246079593493,STEP_UP
global,1766388286141,-1,0.0,0.7664583365196314,0.1532916673039263,0.6907269187197909,0.5102001746512904,STEP_UP
global,1766388286294,-1,0.0,0.7664583365196314,0.1532916673039263,0.6907269187197909,0.5101542697090877,STEP_UP
global,1766388286443,-1,0.0,0.7664583365196314,0.1532916673039263,0.6944036003309024,0.5101425806202871,STEP_UP
global,1766388286594,-1,0.0,0.7664583365196314,0.1532916673039263,0.6944036003309024,0.5101308915314862,STEP_UP
global,1766388286744,-1,0.0,0.7664583365196314,0.1532916673039263,0.6944036003309024,0.5078975279577237,STEP_UP
global,1766388286892,-1,0.0,0.7664583365196314,0.1532916673039263,0.6944036003309024,0.5056641643862001,STEP_UP
global,1766388287043,-1,0.0,0.7664583365196314,0.1532916673039263,0.7019954958158154,0.5034492341211267,STEP_UP
global,1766388287192,-1,0.0,0.7664583365196314,0.1532916673039263,0.7019954958158154,0.5012343038560535,STEP_UP
global,1766388287344,-1,0.0,0.7664583365196314,0.1532916673039263,0.7019954958158154,0.49901937359098,STEP_UP
global,1766388287492,-1,0.0,0.7664583365196314,0.1532916673039263,0.7019954958158154,0.4968121351690938,STEP_UP
global,1766388287643,-1,0.0,0.7664583365196314,0.1532916673039263,0.7013494061950736,0.49460231238872443,STEP_UP
global,1766388287792,-1,0.0,0.7664583365196314,0.1532916673039263,0.7013494061950736,0.49239248960835513,STEP_UP
global,1766388287942,-1,0.0,0.7664583365196314,0.1532916673039263,0.7013494061950736,0.4901826668279856,STEP_UP
global,1766388288091,-1,0.0,0.7664583365196314,0.1532916673039263,0.7013494061950736,0.48797284404761626,STEP_UP
global,1766388292895,-1,0.0,0.7664583365196314,0.1532916673039263,0.6957102547378493,0.4857612763320596,STEP_UP
global,1766388293040,-1,0.0,0.7664583365196314,0.1532916673039263,0.6985830600975735,0.4835611998379418,STEP_UP
global,1766388293194,-1,0.0,0.7664583365196314,0.1532916673039263,0.6985830600975735,0.481361123343824,STEP_UP
global,1766388293337,-1,0.0,0.7664583365196314,0.1532916673039263,0.6985830600975735,0.4791174391657686,STEP_UP
global,1766388293495,-1,0.0,0.7664583365196314,0.1532916673039263,0.6985830600975735,0.47687375498771317,STEP_UP
global,1766388293644,-1,0.0,0.7664583365196314,0.1532916673039263,0.6944628361855631,0.4746503799141626,STEP_UP
global,1766388293811,-1,0.4628488510336648,0.7664583365196314,0.5235707481308581,0.6944628361855631,0.47468399772572034,STEP_UP
global,1766388293961,-1,0.46284885056726055,0.7664583365196314,0.5235707477577347,0.6944628361855631,0.4747515211991804,STEP_UP
global,1766388294119,-1,0.46284885056726055,0.7664583365196314,0.5235707477577347,0.705176381667701,0.4748239255736813,STEP_UP
global,1766388294262,-1,0.46284885056726055,0.7664583365196314,0.5235707477577347,0.705176381667701,0.4749275774082545,STEP_UP
global,1766388294412,-1,0.46284885056726055,0.7664583365196314,0.5235707477577347,0.705176381667701,0.47506122680449697,STEP_UP
global,1766388294563,-1,0.46284885056726055,0.7664583365196314,0.5235707477577347,0.705176381667701,0.47531917704281923,STEP_UP
global,1766388294718,-1,0.46284885056726055,0.7664583365196314,0.5235707477577347,0.705176381667701,0.4756047730339759,STEP_UP
global,1766388294860,-1,0.46284885056726055,0.7664583365196314,0.5235707477577347,0.6941665497211247,0.4758728696200674,STEP_UP
global,1766388295020,-1,0.46284885056726055,0.7664583365196314,0.5235707477577347,0.6941665497211247,0.47616644453197127,STEP_UP
global,1766388295173,-1,0.46284885056726055,0.7664583365196314,0.5235707477577347,0.6941665497211247,0.47648447863665494,STEP_UP
global,1766388295319,-1,0.46284885056726055,0.7664583365196314,0.5235707477577347,0.6921899114882677,0.47678137718578883,STEP_UP
global,1766388295463,-1,0.46284885056726055,0.7664583365196314,0.5235707477577347,0.6921899114882677,0.47708639691588867,STEP_UP
global,1766388295610,-1,0.46284885056726055,0.7664583365196314,0.5235707477577347,0.6921899114882677,0.4773914166459886,STEP_UP
global,1766388295762,-1,0.46284885056726055,0.7664583365196314,0.5235707477577347,0.6921899114882677,0.4776964363760885,STEP_UP
global,1766388295919,-1,0.46284885056726055,0.7664583365196314,0.5235707477577347,0.6921899114882677,0.47803427939803456,STEP_UP
global,1766388296063,-1,0.46284885056726055,0.7664583365196314,0.5235707477577347,0.6907130098809882,0.47836621481355146,STEP_UP
global,1766388296219,-1,0.46284885056726055,0.7664583365196314,0.5235707477577347,0.6907130098809882,0.47869815022906825,STEP_UP
global,1766388296360,-1,0.46284885056726055,0.7664583365196314,0.5235707477577347,0.6907130098809882,0.47903008564458516,STEP_UP
global,1766388296517,-1,0.46284885056726055,0.7664583365196314,0.5235707477577347,0.6907130098809882,0.4793327603164545,STEP_UP
global,1766388296660,-1,0.46284885056726055,0.7664583365196314,0.5235707477577347,0.6948548408414283,0.47965200231216554,STEP_UP
global,1766388296811,-1,0.46284885056726055,0.7664583365196314,0.5235707477577347,0.6948548408414283,0.47997124430787663,STEP_UP
global,1766388296961,-1,0.46284885056726055,0.7664583365196314,0.5235707477577347,0.6948548408414283,0.4802904863035877,STEP_UP
global,1766388297120,-1,0.46284885056726055,0.7664583365196314,0.5235707477577347,0.6971850152688136,0.48055865227302336,STEP_UP
global,1766388297261,-1,0.46284885056726055,0.7664583365196314,0.5235707477577347,0.6971850152688136,0.48082681824245893,STEP_UP
global,1766388297421,-1,0.46284885056726055,0.7664583365196314,0.5235707477577347,0.6971850152688136,0.4810949842118945,STEP_UP
global,1766388297563,-1,0.46284885056726055,0.7664583365196314,0.5235707477577347,0.6971850152688136,0.48136315018133013,STEP_UP
global,1766388297717,-1,0.46284885056726055,0.7664583365196314,0.5235707477577347,0.6971850152688136,0.48174192728488535,STEP_UP
global,1766388297858,-1,0.46284885056726055,0.7664583365196314,0.5235707477577347,0.6981333029186026,0.4839818406386196,STEP_UP
global,1766388298021,-1,0.46284885056726055,0.7664583365196314,0.5235707477577347,0.6981333029186026,0.486221753992354,STEP_UP
global,1766388298163,-1,0.46284885056726055,0.7664583365196314,0.5235707477577347,0.6981333029186026,0.4884707759719693,STEP_UP
global,1766388298319,-1,0.46284885056726055,0.7664583365196314,0.5235707477577347,0.6981333029186026,0.4907197979515847,STEP_UP
global,1766388298466,-1,0.46284885056726055,0.7664583365196314,0.5235707477577347,0.6695397251055737,0.49285444561994785,STEP_UP
global,1766388298614,-1,0.46284885056726055,0.7664583365196314,0.5235707477577347,0.6695397251055737,0.49498909328831103,STEP_UP
global,1766388298756,-1,0.46284885056726055,0.7358000030588461,0.5174390810655777,0.6695397251055737,0.4970915137755224,STEP_UP
global,1766388298914,-1,0.46284885056726055,0.7063680029364922,0.5115526810411068,0.6695397251055737,0.499158615862587,STEP_UP
global,1766388299058,-1,0.46284885056726055,0.6781132828190325,0.505901737017615,0.6738880315865567,0.5012092055114344,STEP_UP
global,1766388299212,-1,0.46284885056726055,0.7664583365196314,0.5235707477577347,0.6738880315865567,0.5033658092247227,STEP_UP
global,1766388299363,-1,0.46284885056726055,0.7664583365196314,0.5235707477577347,0.6738880315865567,0.5055250095725325,STEP_UP
global,1766388299526,-1,0.46284885056726055,0.7664583365196314,0.5235707477577347,0.6765275273725322,0.5076947679034862,STEP_UP
global,1766388299666,-1,0.46284885056726055,0.7664583365196314,0.5235707477577347,0.6765275273725322,0.5098645262344399,STEP_UP
global,1766388299811,-1,0.46284885056726055,0.7664583365196314,0.5235707477577347,0.6765275273725322,0.5120342845653937,STEP_UP
global,1766388299962,-1,0.46284885056726055,0.7664583365196314,0.5235707477577347,0.6765275273725322,0.5141723297661182,STEP_UP
global,1766388300118,-1,0.46284885056726055,0.7664583365196314,0.5235707477577347,0.6765275273725322,0.5163103749668427,STEP_UP
global,1766388300260,-1,0.46284885056726055,0.7664583365196314,0.5235707477577347,0.6999357825615151,0.5185420531883232,STEP_UP
global,1766388300410,-1,0.46284885056726055,0.7664583365196314,0.5235707477577347,0.6999357825615151,0.5207737314098038,STEP_UP
global,1766388300561,-1,0.46284885056726055,0.7664583365196314,0.5235707477577347,0.6999357825615151,0.5229703810778025,STEP_UP
global,1766388300723,-1,0.46284885056726055,0.7664583365196314,0.5235707477577347,0.6849273422641634,0.5251069969846117,STEP_UP
global,1766388300859,-1,0.46284885056726055,0.7664583365196314,0.5235707477577347,0.6849273422641634,0.527243612891421,STEP_UP
global,1766388301010,-1,0.46284885056726055,0.7664583365196314,0.5235707477577347,0.6849273422641634,0.5293802287982302,STEP_UP
global,1766388301160,-1,0.46284885056726055,0.7664583365196314,0.5235707477577347,0.6849273422641634,0.5315863263331698,STEP_UP
global,1766388301318,-1,0.46284885056726055,0.7664583365196314,0.5235707477577347,0.6849273422641634,0.5337924238681094,STEP_UP
global,1766388301460,-1,0.46284885056726055,0.7664583365196314,0.5235707477577347,0.6978558559775766,0.5360502354579026,STEP_UP
global,1766388301612,-1,0.46284885056726055,0.7664583365196314,0.5235707477577347,0.6978558559775766,0.5360863725627344,STEP_UP
global,1766388301773,-1,0.46284885056726055,0.7664583365196314,0.5235707477577347,0.6978558559775766,0.5360759159683426,STEP_UP
global,1766388301917,-1,0.46284885056726055,0.7664583365196314,0.5235707477577347,0.697234404265419,0.5360629735693409,STEP_UP
global,1766388302059,-1,0.46284885056726055,0.7664583365196314,0.5235707477577347,0.697234404265419,0.5360500311703391,STEP_UP
global,1766388302210,-1,0.46284885056726055,0.7664583365196314,0.5235707477577347,0.697234404265419,0.5360370887713375,STEP_UP
global,1766388302362,-1,0.46284885056726055,0.7664583365196314,0.5235707477577347,0.697234404265419,0.5360489494663472,STEP_UP
global,1766388302513,-1,0.46284885056726055,0.7664583365196314,0.5235707477577347,0.672494281316907,0.5359618496695631,STEP_UP
global,1766388302656,-1,0.46284885056726055,0.7664583365196314,0.5235707477577347,0.672494281316907,0.5358747498727786,STEP_UP
global,1766388302808,-1,0.46284885056726055,0.7664583365196314,0.5235707477577347,0.672494281316907,0.5358244400761474,STEP_UP
global,1766388302965,-1,0.46284885056726055,0.7664583365196314,0.5235707477577347,0.672494281316907,0.5357551865516669,STEP_UP
global,1766388303118,-1,0.46284885056726055,0.7664583365196314,0.5235707477577347,0.0,0.5351241445570909,STEP_UP
global,1766388303260,-1,0.46284885056726055,0.7664583365196314,0.5235707477577347,0.0,0.5345256520000901,STEP_UP
global,1766388303408,-1,0.46284885056726055,0.7664583365196314,0.5235707477577347,0.0,0.5339584069031615,STEP_UP
global,1766388303541,-1,0.0,0.7664583365196314,0.1532916673039263,0.0,0.529748275914796,LOCK
global,1766388303692,-1,0.0,0.7664583365196314,0.1532916673039263,0.0,0.5255669425856331,LOCK
global,1766388303841,-1,0.0,0.7664583365196314,0.1532916673039263,0.0,0.5214132550093048,LOCK
global,1766388303989,-1,0.0,0.7664583365196314,0.1532916673039263,0.0,0.5172861073556976,LOCK
global,1766388304141,-1,0.0,0.7664583365196314,0.1532916673039263,0.0,0.5131938991457655,LOCK
global,1766388304292,-1,0.0,0.7664583365196314,0.1532916673039263,0.0,0.5091261501286132,LOCK
global,1766388304441,-1,0.0,0.7664583365196314,0.1532916673039263,0.0,0.5050818819365295,LOCK
global,1766388304589,-1,0.0,0.7664583365196314,0.1532916673039263,0.0,0.5010457349254119,LOCK
global,1766388304741,-1,0.0,0.7664583365196314,0.1532916673039263,0.0,0.49702875211230035,LOCK
global,1766388309543,-1,0.0,0.7664583365196314,0.1532916673039263,0.0,0.4930117692991887,LOCK
global,1766388309686,-1,0.0,0.7664583365196314,0.1532916673039263,0.0,0.4889947864860772,LOCK
global,1766388309841,-1,0.0,0.7664583365196314,0.1532916673039263,0.0,0.48497780367296556,LOCK
global,1766388309990,-1,0.0,0.7664583365196314,0.1532916673039263,0.0,0.4828306475865958,LOCK
global,1766388310140,-1,0.0,0.7664583365196314,0.1532916673039263,0.0,0.4806809065809323,LOCK
global,1766388310289,-1,0.0,0.7664583365196314,0.1532916673039263,0.0,0.47853116557526887,LOCK
global,1766388310440,-1,0.0,0.7664583365196314,0.1532916673039263,0.0,0.47638142456960536,LOCK
global,1766388310588,-1,0.0,0.7664583365196314,0.1532916673039263,0.0,0.4742316835639419,LOCK
global,1766388310738,-1,0.0,0.7664583365196314,0.1532916673039263,0.0,0.472067235831834,LOCK
global,1766388310890,-1,0.0,0.7664583365196314,0.1532916673039263,0.0,0.4699027880997261,LOCK
global,1766388311040,-1,0.0,0.7664583365196314,0.1532916673039263,0.0,0.4677383403676182,LOCK
global,1766388311185,-1,0.0,0.7664583365196314,0.1532916673039263,0.0,0.4655738926355103,LOCK
global,1766388311342,-1,0.0,0.7664583365196314,0.1532916673039263,0.0,0.4633790773214628,LOCK
global,1766388311490,-1,0.0,0.7664583365196314,0.1532916673039263,0.0,0.4611842620074152,LOCK
global,1766388311640,-1,0.0,0.7664583365196314,0.1532916673039263,0.0,0.45898944669336766,LOCK
global,1766388311787,-1,0.0,0.7664583365196314,0.1532916673039263,0.0,0.45679463137932,LOCK
global,1766388311939,-1,0.0,0.7664583365196314,0.1532916673039263,0.0,0.45460240042375555,LOCK
global,1766388312116,-1,0.4628488510336648,0.7664583365196314,0.5235707481308581,0.0,0.4561129602764602,STEP_UP
global,1766388312260,-1,0.4628488510336648,0.7664583365196314,0.5235707481308581,0.0,0.45762352012916496,STEP_UP
global,1766388312410,-1,0.4628488510336648,0.7664583365196314,0.5235707481308581,0.0,0.45913407998186967,STEP_UP
global,1766388312558,-1,0.4628488510336648,0.7664583365196314,0.5235707481308581,0.0,0.4606671964404033,STEP_UP
global,1766388312716,-1,0.46284885056726055,0.7664583365196314,0.5235707477577347,0.0,0.4621888216737669,STEP_UP
global,1766388312861,-1,0.46284885056726055,0.7664583365196314,0.5235707477577347,0.0,0.4637104469071304,STEP_UP
global,1766388313008,-1,0.46284885056726055,0.7664583365196314,0.5235707477577347,0.0,0.46523207214049395,STEP_UP
global,1766388313161,-1,0.46284885056726055,0.7664583365196314,0.5235707477577347,0.0,0.4667536973738575,STEP_UP
global,1766388313316,-1,0.46284885056726055,0.7664583365196314,0.5235707477577347,0.0,0.46829180350286903,STEP_UP
global,1766388313459,-1,0.46284885056726055,0.7664583365196314,0.5235707477577347,0.0,0.4676082351469189,STEP_UP
global,1766388313608,-1,0.46284885056726055,0.7664583365196314,0.5235707477577347,0.0,0.4669246667932076,STEP_UP
global,1766388313763,-1,0.46284885056726055,0.7664583365196314,0.5235707477577347,0.0,0.46619824425756773,STEP_UP
global,1766388313921,-1,0.46284885056726055,0.7664583365196314,0.5235707477577347,0.0,0.4654718217219279,STEP_UP
global,1766388314060,-1,0.46284885056726055,0.7664583365196314,0.5235707477577347,0.0,0.46474539918628804,STEP_UP
global,1766388314210,-1,0.46284885056726055,0.7664583365196314,0.5235707477577347,0.0,0.4640189766506482,STEP_UP
global,1766388314360,-1,0.46284885056726055,0.7664583365196314,0.5235707477577347,0.0,0.4632925541150083,STEP_UP
global,1766388314523,-1,0.46284885056726055,0.7664583365196314,0.5235707477577347,0.0,0.46261017090715467,STEP_UP
global,1766388933928,-1,0.0,0.7664583365196314,0.1532916673039263,0.0,0.1532916673039263,LOCK
global,1766388934077,-1,0.0,0.7664583365196314,0.1532916673039263,0.0,0.1532916673039263,LOCK
global,1766388934223,-1,0.0,0.7664583365196314,0.1532916673039263,0.0,0.1532916673039263,LOCK
global,1766388934377,-1,0.0,0.7664583365196314,0.1532916673039263,0.0,0.1532916673039263,LOCK
global,1766388934524,-1,0.0,0.7664583365196314,0.1532916673039263,0.0,0.1532916673039263,LOCK
global,1766388934670,-1,0.0,0.7664583365196314,0.1532916673039263,0.0,0.1532916673039263,LOCK
global,1766388934823,-1,0.0,0.7664583365196314,0.1532916673039263,0.0,0.15329166730392632,LOCK
global,1766388934976,-1,0.0,0.7664583365196314,0.1532916673039263,0.0,0.1532916673039263,LOCK
global,1766388935128,-1,0.0,0.7664583365196314,0.1532916673039263,0.0,0.1532916673039263,LOCK
global,1766388935272,-1,0.0,0.7664583365196314,0.1532916673039263,0.0,0.15329166730392627,LOCK
global,1766388935424,-1,0.0,0.7664583365196314,0.1532916673039263,0.0,0.15329166730392627,LOCK
global,1766388935573,-1,0.0,0.7664583365196314,0.1532916673039263,0.0,0.15329166730392627,LOCK
global,1766388935724,-1,0.0,0.7664583365196314,0.1532916673039263,0.0,0.15329166730392624,LOCK
global,1766388935876,-1,0.0,0.7664583365196314,0.1532916673039263,0.0,0.15329166730392624,LOCK
global,1766388936074,-1,0.0,0.7664583365196314,0.1532916673039263,0.0,0.15329166730392624,LOCK
global,1766388936175,-1,0.0,0.7664583365196314,0.1532916673039263,0.0,0.1532916673039263,LOCK
global,1766388936318,-1,0.0,0.7664583365196314,0.1532916673039263,0.0,0.1532916673039263,LOCK
global,1766388936472,-1,0.0,0.7664583365196314,0.1532916673039263,0.0,0.1532916673039263,LOCK
global,1766388936620,-1,0.0,0.7664583365196314,0.1532916673039263,0.7031372393089181,0.16486736355666295,STEP_UP
global,1766388936776,-1,0.0,0.7664583365196314,0.1532916673039263,0.7031372393089181,0.17528549018412595,STEP_UP
global,1766388936921,-1,0.0,0.7664583365196314,0.1532916673039263,0.7031372393089181,0.1847114142756401,STEP_UP
global,1766388937076,-1,0.0,0.7664583365196314,0.1532916673039263,0.7031372393089181,0.1932804361770166,STEP_UP
global,1766388937224,-1,0.0,0.7664583365196314,0.1532916673039263,0.7055482601473705,0.20114625653633347,STEP_UP
global,1766388937377,-1,0.0,0.7664583365196314,0.1532916673039263,0.7055482601473705,0.2083565918657072,STEP_UP
global,1766388937529,-1,0.0,0.7664583365196314,0.1532916673039263,0.7055482601473705,0.2149901003687311,STEP_UP
global,1766388937671,-1,0.0,0.7664583365196314,0.1532916673039263,0.7055482601473705,0.221113338986907,STEP_UP
global,1766388937824,-1,0.0,0.7664583365196314,0.1532916673039263,0.700944881788093,0.22671480617619166,STEP_UP
global,1766388937974,-1,0.0,0.7664583365196314,0.1532916673039263,0.700944881788093,0.2319161685662417,STEP_UP
global,1766388938124,-1,0.0,0.7664583365196314,0.1532916673039263,0.700944881788093,0.2367588163087021,STEP_UP
global,1766388938277,-1,0.0,0.7664583365196314,0.1532916673039263,0.700944881788093,0.2412786208683318,STEP_UP
global,1766388938422,-1,0.0,0.7664583365196314,0.1532916673039263,0.7116481531894245,0.24564493186155095,STEP_UP
global,1766388938574,-1,0.0,0.7664583365196314,0.1532916673039263,0.7116481531894245,0.24973834841769388,STEP_UP
global,1766388938722,-1,0.0,0.7664583365196314,0.1532916673039263,0.7116481531894245,0.2535836791219494,STEP_UP
global,1766388938877,-1,0.0,0.7664583365196314,0.1532916673039263,0.7116481531894245,0.25720281390242516,STEP_UP
global,1766388939023,-1,0.0,0.7664583365196314,0.1532916673039263,0.7074701606383035,0.26056739249486094,STEP_UP
global,1766388939176,-1,0.0,0.7664583365196314,0.1532916673039263,0.7074701606383035,0.26374505005438365,STEP_UP
global,1766388939325,-1,0.0,0.7664583365196314,0.1532916673039263,0.7074701606383035,0.2667509423404186,STEP_UP
global,1766388939478,-1,0.0,0.7664583365196314,0.1532916673039263,0.7074701606383035,0.26959862976929383,STEP_UP
global,1766388939624,-1,0.0,0.7664583365196314,0.1532916673039263,0.7112641109261356,0.27233919425605063,STEP_UP
global,1766388939802,-1,0.4628488510336648,0.7664583365196314,0.5235707481308581,0.7112641109261356,0.28049691673087357,STEP_UP
global,1766388939941,-1,0.4628488510336648,0.7664583365196314,0.5235707481308581,0.7112641109261356,0.28825670152399785,STEP_UP
global,1766388940101,-1,0.46284885056726055,0.7664583365196314,0.5235707477577347,0.7073250180202659,0.2956094575796823,STEP_UP
global,1766388940245,-1,0.46284885056726055,0.7664583365196314,0.5235707477577347,0.7073250180202659,0.30262022498161406,STEP_UP
global,1766388940393,-1,0.46284885056726055,0.7664583365196314,0.5235707477577347,0.7073250180202659,0.3093123211380035,STEP_UP
global,1766388940545,-1,0.46284885056726055,0.7664583365196314,0.5235707477577347,0.7073250180202659,0.31570699079855336,STEP_UP
global,1766388940702,-1,0.46284885056726055,0.7664583365196314,0.5235707477577347,0.6975857652443657,0.32173894218885407,STEP_UP
global,1766388940845,-1,0.46284885056726055,0.7664583365196314,0.5235707477577347,0.6975857652443657,0.32751421479658877,STEP_UP
global,1766388940990,-1,0.46284885056726055,0.7664583365196314,0.5235707477577347,0.6975857652443657,0.33304885104566795,STEP_UP
global,1766388941144,-1,0.46284885056726055,0.7664583365196314,0.5235707477577347,0.6975857652443657,0.3383575837743765,STEP_UP
global,1766388941301,-1,0.46284885056726055,0.7664583365196314,0.5235707477577347,0.6975857652443657,0.3434539671939368,STEP_UP
global,1766388941442,-1,0.46284885056726055,0.7664583365196314,0.5235707477577347,0.7019679429110358,0.34838486246109596,STEP_UP
global,1766388941591,-1,0.46284885056726055,0.7664583365196314,0.5235707477577347,0.7019679429110358,0.3531261079102875,STEP_UP
global,1766388941740,-1,0.46284885056726055,0.7358000030588461,0.5174390810655777,0.7019679429110358,0.3576190233422398,STEP_UP
global,1766388941911,-1,0.46284885056726055,0.7063680029364922,0.5115526810411068,0.6976957103285246,0.3618484838869404,STEP_UP
global,1766388942040,-1,0.46284885056726055,0.6781132828190325,0.505901737017615,0.6976957103285246,0.3658624992043048,STEP_UP
global,1766388942193,-1,0.46284885056726055,0.6509887515062712,0.5004768307550627,0.6976957103285246,0.36967503283609293,STEP_UP
global,1766388942341,-1,0.46284885056726055,0.6249492014460204,0.49526892074301254,0.6976957103285246,0.37329897325260386,STEP_UP
global,1766388942501,-1,0.46284885056726055,0.5999512333881796,0.4902693271314444,0.6976957103285246,0.37674623027256376,STEP_UP
global,1766388942639,-1,0.46284885056726055,0.5759531840526524,0.48546971726433896,0.7054350149267641,0.3800802913921696,STEP_UP
global,1766388942795,-1,0.46284885056726055,0.7664583365196314,0.5235707477577347,0.7054350149267641,0.38368422744605585,STEP_UP
global,1766388942945,-1,0.46284885056726055,0.7664583365196314,0.5235707477577347,0.7054350149267641,0.3871700016621098,STEP_UP
global,1766388943102,-1,0.46284885056726055,0.7664583365196314,0.5235707477577347,0.7159797015776208,0.3906113617850708,ALLOW
global,1766388943242,-1,0.46284885056726055,0.7664583365196314,0.5235707477577347,0.7159797015776208,0.3939434723803187,ALLOW
global,1766388943390,-1,0.46284885056726055,0.7664583365196314,0.5235707477577347,0.7159797015776208,0.3971714545194651,ALLOW
global,1766388943540,-1,0.46284885056726055,0.7664583365196314,0.5235707477577347,0.7159797015776208,0.4003001141312532,ALLOW
global,1766388943703,-1,0.46284885056726055,0.7664583365196314,0.5235707477577347,0.7367584099881752,0.40345989744214195,ALLOW
global,1766388943846,-1,0.46284885056726055,0.7664583365196314,0.5235707477577347,0.7367584099881752,0.4065253588631534,ALLOW
global,1766388943993,-1,0.46284885056726055,0.7664583365196314,0.5235707477577347,0.7367584099881752,0.4095006596541351,ALLOW
global,1766388944149,-1,0.46284885056726055,0.7664583365196314,0.5235707477577347,0.7367584099881752,0.4123897198424797,ALLOW
global,1766388944302,-1,0.46284885056726055,0.7664583365196314,0.5235707477577347,0.7127695579711881,0.41505915629963164,STEP_UP
global,1766388944444,-1,0.46284885056726055,0.7664583365196314,0.5235707477577347,0.7127695579711881,0.41765339736362433,STEP_UP
global,1766388944596,-1,0.46284885056726055,0.7664583365196314,0.5235707477577347,0.7127695579711881,0.4201755761758396,STEP_UP
global,1766388944742,-1,0.46284885056726055,0.7664583365196314,0.5235707477577347,0.7127695579711881,0.422628654198679,STEP_UP
global,1766388944911,-1,0.46284885056726055,0.7664583365196314,0.5235707477577347,0.7127695579711881,0.4250154328154957,STEP_UP
global,1766388945048,-1,0.46284885056726055,0.7664583365196314,0.5235707477577347,0.7110239786117958,0.42732925424594714,STEP_UP
global,1766388945191,-1,0.46284885056726055,0.7664583365196314,0.5235707477577347,0.7110239786117958,0.42958218563875517,STEP_UP
global,1766388945346,-1,0.46284885056726055,0.7664583365196314,0.5235707477577347,0.7110239786117958,0.4317765993330487,STEP_UP
global,1766388945503,-1,0.46284885056726055,0.7664583365196314,0.5235707477577347,0.7110239786117958,0.43391474600953983,STEP_UP
global,1766388945642,-1,0.46284885056726055,0.7664583365196314,0.5235707477577347,0.0,0.43504963210761827,STEP_UP
global,1766388945795,-1,0.46284885056726055,0.7664583365196314,0.5235707477577347,0.0,0.43615614605324476,STEP_UP
global,1766388945946,-1,0.46284885056726055,0.7664583365196314,0.5235707477577347,0.0,0.43723533866688047,STEP_UP
global,1766388946098,-1,0.46284885056726055,0.7664583365196314,0.5235707477577347,0.0,0.4382882095094519,STEP_UP
global,1766388946245,-1,0.46284885056726055,0.7664583365196314,0.5235707477577347,0.0,0.43931570997027464,STEP_UP
global,1766388946398,-1,0.46284885056726055,0.7664583365196314,0.5235707477577347,0.0,0.44031874613441113,STEP_UP
global,1766388946541,-1,0.46284885056726055,0.7664583365196314,0.5235707477577347,0.0,0.4412981814476267,STEP_UP
global,1766388946703,-1,0.46284885056726055,0.7664583365196314,0.5235707477577347,0.0,0.4422548391954187,STEP_UP
global,1766388946842,-1,0.46284885056726055,0.7664583365196314,0.5235707477577347,0.7232126725574672,0.44410739871820276,ALLOW
global,1766388946995,-1,0.46284885056726055,0.7664583365196314,0.5235707477577347,0.7232126725574672,0.4459178546154687,ALLOW
global,1766388947146,-1,0.46284885056726055,0.7664583365196314,0.5235707477577347,0.7232126725574672,0.44768762611054913,ALLOW
global,1766388947299,-1,0.46284885056726055,0.7664583365196314,0.5235707477577347,0.7232126725574672,0.44941806935018336,ALLOW
global,1766388947445,-1,0.46284885056726055,0.7664583365196314,0.5235707477577347,0.704386091606575,0.4510277266682832,STEP_UP
global,1766388947593,-1,0.46284885056726055,0.7664583365196314,0.5235707477577347,0.704386091606575,0.4526023914359896,STEP_UP
global,1766388947745,-1,0.46284885056726055,0.7664583365196314,0.5235707477577347,0.704386091606575,0.4541431924452507,STEP_UP
global,1766388947901,-1,0.46284885056726055,0.7664583365196314,0.5235707477577347,0.7238906744143065,0.4557342086790285,ALLOW
global,1766388948044,-1,0.46284885056726055,0.7664583365196314,0.5235707477577347,0.7238906744143065,0.4572917298342004,ALLOW
global,1766388948194,-1,0.46284885056726055,0.7664583365196314,0.5235707477577347,0.7238906744143065,0.458816802631973,ALLOW
global,1766388948342,-1,0.46284885056726055,0.7664583365196314,0.5235707477577347,0.7238906744143065,0.46031043062979143,ALLOW
global,1766388948497,-1,0.46284885056726055,0.7664583365196314,0.5235707477577347,0.0,0.4609559440698725,STEP_UP
global,1766388948653,-1,0.46284885056726055,0.7664583365196314,0.5235707477577347,0.0,0.4615884168343964,STEP_UP
global,1766388948791,-1,0.46284885056726055,0.7664583365196314,0.5235707477577347,0.0,0.4622082401436298,STEP_UP
global,1766388948949,-1,0.46284885056726055,0.7664583365196314,0.5235707477577347,0.0,0.465911030948168,STEP_UP
global,1766388949106,-1,0.46284885056726055,0.7664583365196314,0.5235707477577347,0.0,0.46961382175270605,STEP_UP
global,1766388949245,-1,0.46284885056726055,0.7664583365196314,0.5235707477577347,0.6848538801442678,0.47396174508679034,STEP_UP
global,1766388949395,-1,0.46284885056726055,0.7664583365196314,0.5235707477577347,0.6848538801442678,0.47830966842087447,STEP_UP
global,1766388949541,-1,0.46284885056726055,0.7664583365196314,0.5235707477577347,0.6848538801442678,0.4826575917549587,STEP_UP
global,1766388949706,-1,0.46284885056726055,0.7664583365196314,0.5235707477577347,0.0,0.48636038255949676,STEP_UP
global,1766388949844,-1,0.46284885056726055,0.7664583365196314,0.5235707477577347,0.0,0.49006317336403493,STEP_UP
global,1766388949992,-1,0.46284885056726055,0.7664583365196314,0.5235707477577347,0.0,0.493765964168573,STEP_UP
global,1766388950147,-1,0.46284885056726055,0.7664583365196314,0.5235707477577347,0.0,0.4974687549731111,STEP_UP
global,1766388950299,-1,0.46284885056726055,0.7664583365196314,0.5235707477577347,0.7010032445311396,0.5018812757647427,STEP_UP
global,1766388950441,-1,0.46284885056726055,0.7664583365196314,0.5235707477577347,0.7010032445311396,0.5062937965563744,STEP_UP
global,1766388950594,-1,0.46284885056726055,0.7664583365196314,0.5235707477577347,0.7010032445311396,0.5107063173480061,STEP_UP
global,1766388950744,-1,0.46284885056726055,0.7664583365196314,0.5235707477577347,0.7010032445311396,0.5151188381396378,STEP_UP
global,1766388950903,-1,0.46284885056726055,0.7664583365196314,0.5235707477577347,0.6875688405898719,0.5194776213155043,STEP_UP
global,1766388951044,-1,0.46284885056726055,0.7664583365196314,0.5235707477577347,0.6875688405898719,0.523836404491371,STEP_UP
global,1766388951194,-1,0.46284885056726055,0.7664583365196314,0.5235707477577347,0.6875688405898719,0.5281951876672376,STEP_UP
global,1766388951343,-1,0.46284885056726055,0.7664583365196314,0.5235707477577347,0.6875688405898719,0.5325539708431043,STEP_UP
global,1766388951501,-1,0.46284885056726055,0.7664583365196314,0.5235707477577347,0.6851740901958149,0.5369031750173946,STEP_UP
global,1766388951642,-1,0.46284885056726055,0.7664583365196314,0.5235707477577347,0.6851740901958149,0.5390529969036651,STEP_UP
global,1766388951789,-1,0.46284885056726055,0.7664583365196314,0.5235707477577347,0.6851740901958149,0.5412028187899356,STEP_UP
global,1766388951949,-1,0.46284885056726055,0.7664583365196314,0.5235707477577347,0.6851740901958149,0.543352640676206,STEP_UP
global,1766388952101,-1,0.46284885056726055,0.7664583365196314,0.5235707477577347,0.7400762800687531,0.5457220713219683,ALLOW
global,1766388952240,-1,0.46284885056726055,0.7664583365196314,0.5235707477577347,0.7400762800687531,0.5480818578843766,ALLOW
global,1766388952393,-1,0.46284885056726055,0.7664583365196314,0.5235707477577347,0.7400762800687531,0.550441644446785,ALLOW
global,1766388952539,-1,0.46284885056726055,0.7664583365196314,0.5235707477577347,0.7400762800687531,0.5528014310091933,ALLOW
global,1766388952707,-1,0.46284885056726055,0.7664583365196314,0.5235707477577347,0.7400762800687531,0.5551612175716018,ALLOW
global,1766388952851,-1,0.46284885056726055,0.7664583365196314,0.5235707477577347,0.7259531532739578,0.5574829251402681,ALLOW
global,1766388952992,-1,0.46284885056726055,0.7664583365196314,0.5235707477577347,0.7259531532739578,0.5598046327089344,ALLOW
global,1766388953152,-1,0.46284885056726055,0.7664583365196314,0.5235707477577347,0.7259531532739578,0.5621263402776008,ALLOW
global,1766388953292,-1,0.46284885056726055,0.7358000030588461,0.5174390810655777,0.7259531532739578,0.5644112578461141,ALLOW
global,1766388953440,-1,0.46284885056726055,0.7063680029364922,0.5115526810411068,0.7159172275427443,0.5665779002259504,STEP_UP
global,1766388953587,-1,0.46284885056726055,0.6781132828190325,0.505901737017615,0.7159172275427443,0.5687106369416458,STEP_UP
global,1766388953740,-1,0.46284885056726055,0.6509887515062712,0.5004768307550627,0.7159172275427443,0.5708108242197659,STEP_UP
global,1766388953896,-1,0.46284885056726055,0.7664583365196314,0.5235707477577347,0.7139750624389422,0.5730418063394869,STEP_UP
global,1766388954039,-1,0.46284885056726055,0.7664583365196314,0.5235707477577347,0.7139750624389422,0.5752895004294123,STEP_UP
global,1766388954194,-1,0.46284885056726055,0.7664583365196314,0.5235707477577347,0.7139750624389422,0.5775371945193377,STEP_UP
global,1766388954338,-1,0.46284885056726055,0.7664583365196314,0.5235707477577347,0.7139750624389422,0.579784888609263,STEP_UP
global,1766388954510,-1,0.46284885056726055,0.7664583365196314,0.5235707477577347,0.7139750624389422,0.5820325826991884,STEP_UP
global,1766388954642,-1,0.46284885056726055,0.7664583365196314,0.5235707477577347,0.6892108310164715,0.5841660440622727,STEP_UP
global,1766388954792,-1,0.46284885056726055,0.7664583365196314,0.5235707477577347,0.6892108310164715,0.5840778309403951,STEP_UP
global,1766388954940,-1,0.46284885056726055,0.7664583365196314,0.5235707477577347,0.6892108310164715,0.5839896178185178,STEP_UP
global,1766388955105,-1,0.46284885056726055,0.7664583365196314,0.5235707477577347,0.6923311508443933,0.5839296423498143,STEP_UP
global,1766388955249,-1,0.46284885056726055,0.7664583365196314,0.5235707477577347,0.6923311508443933,0.5838696668811107,STEP_UP
global,1766388955394,-1,0.46284885056726055,0.7664583365196314,0.5235707477577347,0.6923311508443933,0.5838096914124072,STEP_UP
global,1766388955548,-1,0.46284885056726055,0.7664583365196314,0.5235707477577347,0.6923311508443933,0.5837497159437038,STEP_UP
global,1766388955698,-1,0.46284885056726055,0.7664583365196314,0.5235707477577347,0.7185877594756201,0.5838337239206287,ALLOW
global,1766388955841,-1,0.46284885056726055,0.7664583365196314,0.5235707477577347,0.7185877594756201,0.5839177318975538,ALLOW
global,1766388955992,-1,0.46284885056726055,0.7664583365196314,0.5235707477577347,0.7185877594756201,0.5840017398744788,ALLOW
global,1766388956144,-1,0.46284885056726055,0.7664583365196314,0.5235707477577347,0.7185877594756201,0.5840857478514038,ALLOW
global,1766388956300,-1,0.46284885056726055,0.7664583365196314,0.5235707477577347,0.7185877594756201,0.5841697558283289,ALLOW
global,1766388956442,-1,0.46284885056726055,0.7358000030588461,0.5174390810655777,0.6991639633905777,0.5841217499100941,STEP_UP
global,1766388956591,-1,0.46284885056726055,0.7063680029364922,0.5115526810411068,0.6991639633905777,0.5840384255917125,STEP_UP
global,1766388956740,-1,0.46284885056726055,0.6781132828190325,0.505901737017615,0.6991639633905777,0.583957985609343,STEP_UP
global,1766388956894,-1,0.46284885056726055,0.6509887515062712,0.5004768307550627,0.6991639633905777,0.583897403519875,STEP_UP
global,1766388957038,-1,0.46284885056726055,0.6249492014460204,0.49526892074301254,0.6969126922253215,0.5838304745498145,STEP_UP
global,1766388957185,-1,0.46284885056726055,0.5999512333881796,0.4902693271314444,0.6969126922253215,0.5837660974556601,STEP_UP
global,1766388957340,-1,0.46284885056726055,0.5759531840526524,0.48546971726433896,0.6969126922253215,0.5837041701623751,STEP_UP
global,1766388957493,-1,0.46284885056726055,0.5529150566905463,0.48086209179191775,0.6969126922253215,0.5836445946779252,STEP_UP
global,1766388957637,-1,0.46284885056726055,0.5307984544229244,0.47643877133839335,0.7045196479243299,0.5835867475343597,STEP_UP
global,1766388957789,-1,0.46284885056726055,0.5095665162460074,0.47219238370301,0.7045196479243299,0.5832748158820216,STEP_UP
global,1766388957937,-1,0.46284885056726055,0.48918385559616706,0.4681158515730419,0.7045196479243299,0.5829384250369037,STEP_UP
global,1766388958094,-1,0.46284885056726055,0.46961650137232036,0.4642023807282726,0.7045196479243299,0.5825363746201138,STEP_UP
global,1766388958238,-1,0.46284885056726055,0.45083184131742754,0.46284885056726055,0.7148969536120946,0.5821677122451089,STEP_UP
global,1766388958383,-1,0.46284885056726055,0.4327985676647304,0.46284885056726055,0.7148969536120946,0.581799049870104,STEP_UP
global,1766388958535,-1,0.46284885056726055,0.41548662495814115,0.46284885056726055,0.7148969536120946,0.581430387495099,STEP_UP
global,1766388958702,-1,0.46284885056726055,0.3988671599598155,0.46284885056726055,0.7125667013828273,0.5809692892775348,STEP_UP
global,1766388958836,-1,0.46284885056726055,0.38291247356142283,0.46284885056726055,0.7125667013828273,0.5805081910599705,STEP_UP
global,1766388958988,-1,0.46284885056726055,0.3675959746189659,0.46284885056726055,0.7125667013828273,0.5800470928424063,STEP_UP
global,1766388959137,-1,0.46284885056726055,0.3528921356342073,0.46284885056726055,0.7125667013828273,0.5795859946248421,STEP_UP
global,1766388959305,-1,0.46284885056726055,0.7664583365196314,0.5235707477577347,0.7125667013828273,0.5795851831984886,STEP_UP
global,1766388959443,-1,0.46284885056726055,0.7664583365196314,0.5235707477577347,0.7014389618579022,0.5795398608140355,STEP_UP
global,1766388959593,-1,0.46284885056726055,0.7664583365196314,0.5235707477577347,0.7014389618579022,0.5794945384295824,STEP_UP
global,1766388959742,-1,0.46284885056726055,0.7664583365196314,0.5235707477577347,0.7014389618579022,0.5794492160451292,STEP_UP
global,1766388959903,-1,0.46284885056726055,0.7664583365196314,0.5235707477577347,0.7014389618579022,0.5794038936606761,STEP_UP
global,1766388960041,-1,0.46284885056726055,0.7664583365196314,0.5235707477577347,0.6950266436940878,0.5793399043210052,STEP_UP
global,1766388960194,-1,0.46284885056726055,0.7664583365196314,0.5235707477577347,0.6950266436940878,0.5792759149813343,STEP_UP
global,1766388960344,-1,0.46284885056726055,0.7664583365196314,0.5235707477577347,0.6950266436940878,0.5792119256416635,STEP_UP
global,1766388960500,-1,0.46284885056726055,0.7664583365196314,0.5235707477577347,0.6950266436940878,0.5791479363019926,STEP_UP
global,1766388960643,-1,0.46284885056726055,0.7664583365196314,0.5235707477577347,0.6956711089947137,0.5798363377469404,STEP_UP
global,1766388960793,-1,0.46284885056726055,0.7664583365196314,0.5235707477577347,0.6956711089947137,0.5805247391918884,STEP_UP
global,1766388960950,-1,0.46284885056726055,0.7664583365196314,0.5235707477577347,0.6956711089947137,0.5812131406368364,STEP_UP
global,1766388961109,-1,0.46284885056726055,0.7664583365196314,0.5235707477577347,0.6956711089947137,0.5819015420817842,STEP_UP
global,1766388961241,-1,0.46284885056726055,0.7664583365196314,0.5235707477577347,0.6873193304012711,0.5825565364123584,STEP_UP
global,1766388961392,-1,0.46284885056726055,0.7664583365196314,0.5235707477577347,0.6873193304012711,0.5832115307429326,STEP_UP
global,1766388961541,-1,0.46284885056726055,0.7664583365196314,0.5235707477577347,0.6873193304012711,0.5838665250735068,STEP_UP
global,1766388961696,-1,0.46284885056726055,0.7664583365196314,0.5235707477577347,0.716775315931284,0.5846393433462009,ALLOW
global,1766388961844,-1,0.46284885056726055,0.7664583365196314,0.5235707477577347,0.716775315931284,0.5846135939196963,ALLOW
global,1766388962000,-1,0.46284885056726055,0.7664583365196314,0.5235707477577347,0.716775315931284,0.5845878444931916,ALLOW
global,1766388962150,-1,0.46284885056726055,0.7664583365196314,0.5235707477577347,0.716775315931284,0.5845620950666868,ALLOW
global,1766388962301,-1,0.46284885056726055,0.7664583365196314,0.5235707477577347,0.7128523692230235,0.584520653853349,STEP_UP
global,1766388962445,-1,0.46284885056726055,0.7664583365196314,0.5235707477577347,0.7128523692230235,0.5845545189638147,STEP_UP
global,1766388962592,-1,0.46284885056726055,0.7664583365196314,0.5235707477577347,0.7128523692230235,0.5845883840742805,STEP_UP
global,1766388962749,-1,0.46284885056726055,0.7664583365196314,0.5235707477577347,0.7128523692230235,0.5846222491847464,STEP_UP
global,1766388962900,-1,0.46284885056726055,0.7664583365196314,0.5235707477577347,0.7128523692230235,0.5845780959639812,STEP_UP
global,1766388963048,-1,0.46284885056726055,0.7664583365196314,0.5235707477577347,0.707660878703198,0.5845131767811368,STEP_UP
global,1766388963201,-1,0.46284885056726055,0.7664583365196314,0.5235707477577347,0.707660878703198,0.5844482575982924,STEP_UP
global,1766388963340,-1,0.46284885056726055,0.7664583365196314,0.5235707477577347,0.707660878703198,0.584383338415448,STEP_UP
global,1766388963517,-1,0.46284885056726055,0.7664583365196314,0.5235707477577347,0.7073100073789595,0.5851182954539328,STEP_UP
global,1766388963640,-1,0.46284885056726055,0.7664583365196314,0.5235707477577347,0.7073100073789595,0.5858532524924178,STEP_UP
global,1766388963790,-1,0.46284885056726055,0.7664583365196314,0.5235707477577347,0.7073100073789595,0.5865882095309026,STEP_UP
global,1766388963942,-1,0.46284885056726055,0.7664583365196314,0.5235707477577347,0.7073100073789595,0.5873231665693875,STEP_UP
global,1766388964098,-1,0.46284885056726055,0.7664583365196314,0.5235707477577347,0.7073100073789595,0.5880581236078725,STEP_UP
global,1766388964243,-1,0.46284885056726055,0.7664583365196314,0.5235707477577347,0.7216925279988686,0.5882054781992908,ALLOW
global,1766388964388,-1,0.46284885056726055,0.7664583365196314,0.5235707477577347,0.7216925279988686,0.5883528327907093,ALLOW
global,1766388964541,-1,0.46284885056726055,0.7664583365196314,0.5235707477577347,0.7216925279988686,0.5885001873821277,ALLOW
global,1766388964699,-1,0.46284885056726055,0.7664583365196314,0.5235707477577347,0.7205957037067992,0.5892882872059239,ALLOW
global,1766388964839,-1,0.46284885056726055,0.7664583365196314,0.5235707477577347,0.7205957037067992,0.5900763870297202,ALLOW
global,1766388964989,-1,0.46284885056726055,0.7664583365196314,0.5235707477577347,0.7205957037067992,0.5908644868535164,ALLOW
global,1766388965142,-1,0.46284885056726055,0.7664583365196314,0.5235707477577347,0.7205957037067992,0.5916525866773127,ALLOW
global,1766388965297,-1,0.46284885056726055,0.7664583365196314,0.5235707477577347,0.6993660511507953,0.5916460379037913,STEP_UP
global,1766388965443,-1,0.46284885056726055,0.7664583365196314,0.5235707477577347,0.6993660511507953,0.5916394891302699,STEP_UP
global,1766388965590,-1,0.46284885056726055,0.7664583365196314,0.5235707477577347,0.6993660511507953,0.5916329403567484,STEP_UP
global,1766388965739,-1,0.46284885056726055,0.7664583365196314,0.5235707477577347,0.6993660511507953,0.5916263915832269,STEP_UP
global,1766388965903,-1,0.46284885056726055,0.7664583365196314,0.5235707477577347,0.701719661488628,0.5916829948668221,STEP_UP
global,1766388966040,-1,0.46284885056726055,0.7664583365196314,0.5235707477577347,0.701719661488628,0.5917395981504171,STEP_UP
global,1766388966190,-1,0.46284885056726055,0.7664583365196314,0.5235707477577347,0.701719661488628,0.5917962014340122,STEP_UP
global,1766388966340,-1,0.46284885056726055,0.7664583365196314,0.5235707477577347,0.701719661488628,0.5918528047176073,STEP_UP
global,1766388966508,-1,0.46284885056726055,0.7664583365196314,0.5235707477577347,0.6876408692262223,0.5918626718337289,STEP_UP
global,1766388966636,-1,0.46284885056726055,0.7664583365196314,0.5235707477577347,0.6876408692262223,0.5918725389498505,STEP_UP
global,1766388966789,-1,0.46284885056726055,0.7664583365196314,0.5235707477577347,0.6876408692262223,0.5918824060659722,STEP_UP
global,1766388966943,-1,0.46284885056726055,0.7664583365196314,0.5235707477577347,0.6876408692262223,0.5918922731820938,STEP_UP
global,1766388967098,-1,0.46284885056726055,0.7664583365196314,0.5235707477577347,0.6876408692262223,0.5916825315387237,STEP_UP
global,1766388967242,-1,0.46284885056726055,0.7664583365196314,0.5235707477577347,0.6975781530830867,0.591512539030781,STEP_UP
global,1766388967392,-1,0.46284885056726055,0.7664583365196314,0.5235707477577347,0.6975781530830867,0.5913425465228385,STEP_UP
global,1766388967542,-1,0.46284885056726055,0.7664583365196314,0.5235707477577347,0.6975781530830867,0.5911725540148958,STEP_UP
global,1766388967707,-1,0.46284885056726055,0.7664583365196314,0.5235707477577347,0.6988014047592215,0.5910074545136577,STEP_UP
global,1766388967842,-1,0.46284885056726055,0.7664583365196314,0.5235707477577347,0.6988014047592215,0.5908988475195988,STEP_UP
global,1766388967993,-1,0.46284885056726055,0.7664583365196314,0.5235707477577347,0.6988014047592215,0.5907902405255397,STEP_UP
global,1766388968142,-1,0.46284885056726055,0.7664583365196314,0.5235707477577347,0.6988014047592215,0.5906816335314808,STEP_UP
global,1766388968300,-1,0.46284885056726055,0.7664583365196314,0.5235707477577347,0.0,0.5899088939095689,STEP_UP
global,1766388968443,-1,0.46284885056726055,0.7664583365196314,0.5235707477577347,0.0,0.5892116163907286,STEP_UP
global,1766388968595,-1,0.46284885056726055,0.7664583365196314,0.5235707477577347,0.0,0.5885482445360293,STEP_UP
global,1766388968752,-1,0.46284885056726055,0.7664583365196314,0.5235707477577347,0.0,0.5879174221189052,STEP_UP
global,1766388968900,-1,0.46284885056726055,0.7664583365196314,0.5235707477577347,0.0,0.5871558048601804,STEP_UP
global,1766388969039,-1,0.46284885056726055,0.7664583365196314,0.5235707477577347,0.0,0.5863941876014556,STEP_UP
global,1766388969191,-1,0.46284885056726055,0.7664583365196314,0.5235707477577347,0.0,0.5856325703427308,STEP_UP
global,1766388969339,-1,0.46284885056726055,0.7664583365196314,0.5235707477577347,0.0,0.5848709530840059,STEP_UP
global,1766388969497,-1,0.46284885056726055,0.7664583365196314,0.5235707477577347,0.0,0.5841093358252811,STEP_UP
global,1766388969639,-1,0.46284885056726055,0.7664583365196314,0.5235707477577347,0.6989865161638955,0.584148438565871,STEP_UP
global,1766388969791,-1,0.46284885056726055,0.7664583365196314,0.5235707477577347,0.6989865161638955,0.5841875413064606,STEP_UP
global,1766388969947,-1,0.46284885056726055,0.7664583365196314,0.5235707477577347,0.6989865161638955,0.5842266440470503,STEP_UP
global,1766388970102,-1,0.46284885056726055,0.7358000030588461,0.5174390810655777,0.0,0.583490285767782,STEP_UP
global,1766388970240,-1,0.46284885056726055,0.7063680029364922,0.5115526810411068,0.0,0.582695063488269,STEP_UP
global,1766388970382,-1,0.46284885056726055,0.6781132828190325,0.505901737017615,0.0,0.5818433317685212,STEP_UP
global,1766388970534,-1,0.46284885056726055,0.6509887515062712,0.5004768307550627,0.0,0.5809373509861477,STEP_UP
global,1766388970691,-1,0.46284885056726055,0.6249492014460204,0.49526892074301254,0.0,0.5798742646691292,STEP_UP
global,1766388970838,-1,0.46284885056726055,0.5999512333881796,0.4902693271314444,0.7540732781720801,0.5798163982201572,STEP_UP
global,1766388970993,-1,0.46284885056726055,0.5759531840526524,0.48546971726433896,0.7540732781720801,0.5797297341119827,STEP_UP
global,1766388971143,-1,0.46284885056726055,0.5529150566905463,0.48086209179191775,0.7540732781720801,0.5796154242509736,STEP_UP
global,1766388971293,-1,0.46284885056726055,0.5307984544229244,0.47643877133839335,0.7540732781720801,0.5794745744672433,STEP_UP
global,1766388971437,-1,0.46284885056726055,0.5095665162460074,0.47219238370301,0.7229856647368956,0.5792983810884532,STEP_UP
global,1766388971587,-1,0.46284885056726055,0.48918385559616706,0.4681158515730419,0.7229856647368956,0.5791330469170302,STEP_UP
global,1766388971738,-1,0.46284885056726055,0.46961650137232036,0.4642023807282726,0.7229856647368956,0.5789781375846793,STEP_UP
global,1766388971898,-1,0.46284885056726055,0.45083184131742754,0.46284885056726055,0.7229856647368956,0.5788476565089379,STEP_UP
global,1766388972036,-1,0.46284885056726055,0.4327985676647304,0.46284885056726055,0.0,0.577716880721251,STEP_UP
global,1766388972194,-1,0.46284885056726055,0.41548662495814115,0.46284885056726055,0.0,0.5766161024952338,STEP_UP
global,1766388972335,-1,0.46284885056726055,0.3988671599598155,0.46284885056726055,0.0,0.5755441219284191,STEP_UP
global,1766388972495,-1,0.46284885056726055,0.38291247356142283,0.46284885056726055,0.0,0.5744997871144389,STEP_UP
global,1766388972636,-1,0.46284885056726055,0.3675959746189659,0.46284885056726055,0.6976256636645423,0.5743906716527729,STEP_UP
global,1766388972792,-1,0.46284885056726055,0.7664583365196314,0.5235707477577347,0.6976256636645423,0.5746713659000621,STEP_UP
global,1766388972948,-1,0.46284885056726055,0.7664583365196314,0.5235707477577347,0.6976256636645423,0.574976519340131,STEP_UP
global,1766388973098,-1,0.46284885056726055,0.7664583365196314,0.5235707477577347,0.0,0.5746089339416415,STEP_UP
global,1766388973245,-1,0.46284885056726055,0.7664583365196314,0.5235707477577347,0.0,0.5742079605013669,STEP_UP
global,1766388973393,-1,0.46284885056726055,0.7664583365196314,0.5235707477577347,0.0,0.5738069870610922,STEP_UP
global,1766388973542,-1,0.46284885056726055,0.7664583365196314,0.5235707477577347,0.0,0.5734060136208178,STEP_UP
global,1766388973697,-1,0.46284885056726055,0.7664583365196314,0.5235707477577347,0.0,0.5730143611894603,STEP_UP
global,1766388973849,-1,0.46284885056726055,0.7664583365196314,0.5235707477577347,0.0,0.5726227087581027,STEP_UP
global,1766388973989,-1,0.46284885056726055,0.7664583365196314,0.5235707477577347,0.0,0.5722310563267452,STEP_UP
global,1766388974140,-1,0.46284885056726055,0.7664583365196314,0.5235707477577347,0.0,0.5718394038953876,STEP_UP
global,1766388974298,-1,0.46284885056726055,0.7664583365196314,0.5235707477577347,0.0,0.5710834200808873,STEP_UP
global,1766388974456,-1,0.46284885056726055,0.7664583365196314,0.5235707477577347,0.7022786189149743,0.5710867787091156,STEP_UP
global,1766388974588,-1,0.46284885056726055,0.7664583365196314,0.5235707477577347,0.7022786189149743,0.5710901373373438,STEP_UP
global,1766388974750,-1,0.46284885056726055,0.7664583365196314,0.5235707477577347,0.7022786189149743,0.5710934959655722,STEP_UP
global,1766388974897,-1,0.46284885056726055,0.7664583365196314,0.5235707477577347,0.0,0.5703820231091715,STEP_UP
global,1766388975041,-1,0.46284885056726055,0.7664583365196314,0.5235707477577347,0.0,0.569696199525426,STEP_UP
global,1766388975188,-1,0.46284885056726055,0.7664583365196314,0.5235707477577347,0.0,0.5690103759416807,STEP_UP
global,1766388975339,-1,0.46284885056726055,0.7664583365196314,0.5235707477577347,0.0,0.5683245523579353,STEP_UP
global,1766388975500,-1,0.46284885056726055,0.7664583365196314,0.5235707477577347,0.0,0.5676387287741899,STEP_UP
global,1766388975640,-1,0.46284885056726055,0.7664583365196314,0.5235707477577347,0.7044324626122865,0.56767377418866,STEP_UP
global,1766388975789,-1,0.46284885056726055,0.7664583365196314,0.5235707477577347,0.7044324626122865,0.5677088196031304,STEP_UP
global,1766388975941,-1,0.46284885056726055,0.7664583365196314,0.5235707477577347,0.7044324626122865,0.5677438650176005,STEP_UP
global,1766388976095,-1,0.46284885056726055,0.7664583365196314,0.5235707477577347,0.7044324626122865,0.5677789104320707,STEP_UP
global,1766388976239,-1,0.46284885056726055,0.7664583365196314,0.5235707477577347,0.7395517856820608,0.5679878402531939,ALLOW
global,1766388976392,-1,0.46284885056726055,0.7664583365196314,0.5235707477577347,0.7395517856820608,0.5681967700743171,ALLOW
global,1766388976541,-1,0.46284885056726055,0.7664583365196314,0.5235707477577347,0.7395517856820608,0.5684056998954403,ALLOW
global,1766388976706,-1,0.46284885056726055,0.7664583365196314,0.5235707477577347,0.6995626351500619,0.5683368491723154,STEP_UP
global,1766388976839,-1,0.46284885056726055,0.7664583365196314,0.5235707477577347,0.6995626351500619,0.5682679984491904,STEP_UP
global,1766388976989,-1,0.46284885056726055,0.7664583365196314,0.5235707477577347,0.6995626351500619,0.5681991477260655,STEP_UP
global,1766388977140,-1,0.46284885056726055,0.7664583365196314,0.5235707477577347,0.6995626351500619,0.5681302970029407,STEP_UP
global,1766388977305,-1,0.46284885056726055,0.7664583365196314,0.5235707477577347,0.7016293666113571,0.568085404992494,STEP_UP
global,1766388977438,-1,0.46284885056726055,0.7664583365196314,0.5235707477577347,0.7016293666113571,0.5680405129820474,STEP_UP
global,1766388977599,-1,0.46284885056726055,0.7664583365196314,0.5235707477577347,0.7016293666113571,0.5679956209716007,STEP_UP
global,1766388977754,-1,0.46284885056726055,0.7664583365196314,0.5235707477577347,0.7016293666113571,0.5679507289611542,STEP_UP
global,1766388977897,-1,0.46284885056726055,0.7664583365196314,0.5235707477577347,0.7016293666113571,0.5679058369507075,STEP_UP
global,1766388978036,-1,0.46284885056726055,0.7664583365196314,0.5235707477577347,0.6922117943989499,0.5678440406134905,STEP_UP
global,1766388978189,-1,0.46284885056726055,0.7664583365196314,0.5235707477577347,0.6922117943989499,0.5677822442762736,STEP_UP
global,1766388978339,-1,0.46284885056726055,0.7664583365196314,0.5235707477577347,0.6922117943989499,0.5677204479390565,STEP_UP
global,1766388978497,-1,0.46284885056726055,0.7664583365196314,0.5235707477577347,0.6988793345164281,0.5676867252476063,STEP_UP
global,1766388978640,-1,0.46284885056726055,0.7664583365196314,0.5235707477577347,0.6988793345164281,0.5676530025561562,STEP_UP
global,1766388978788,-1,0.46284885056726055,0.7664583365196314,0.5235707477577347,0.6988793345164281,0.5676192798647062,STEP_UP
global,1766388978950,-1,0.46284885056726055,0.7664583365196314,0.5235707477577347,0.6988793345164281,0.567585557173256,STEP_UP
global,1766388979097,-1,0.46284885056726055,0.7664583365196314,0.5235707477577347,0.6988793345164281,0.5675518344818059,STEP_UP
global,1766388979239,-1,0.46284885056726055,0.7664583365196314,0.5235707477577347,0.6935883310505877,0.5674394176940127,STEP_UP
global,1766388979397,-1,0.46284885056726055,0.7664583365196314,0.5235707477577347,0.6935883310505877,0.5673270009062196,STEP_UP
global,1766388979540,-1,0.46284885056726055,0.7664583365196314,0.5235707477577347,0.6935883310505877,0.5672145841184264,STEP_UP
global,1766388979697,-1,0.46284885056726055,0.7664583365196314,0.5235707477577347,0.6935883310505877,0.5671065546278016,STEP_UP
global,1766388979839,-1,0.46284885056726055,0.7664583365196314,0.5235707477577347,0.6894761438835271,0.5669820763885085,STEP_UP
global,1766388979999,-1,0.46284885056726055,0.7664583365196314,0.5235707477577347,0.6894761438835271,0.5668575981492153,STEP_UP
global,1766388980140,-1,0.46284885056726055,0.7664583365196314,0.5235707477577347,0.6894761438835271,0.5667331199099223,STEP_UP
global,1766388980307,-1,0.46284885056726055,0.7664583365196314,0.5235707477577347,0.6894761438835271,0.5666935602808532,STEP_UP
global,1766388980441,-1,0.46284885056726055,0.7664583365196314,0.5235707477577347,0.7237119925495032,0.566790944046448,ALLOW
global,1766388980592,-1,0.46284885056726055,0.7664583365196314,0.5235707477577347,0.7237119925495032,0.566888327812043,ALLOW
global,1766388980739,-1,0.46284885056726055,0.7664583365196314,0.5235707477577347,0.7237119925495032,0.5669857115776378,ALLOW
global,1766388980901,-1,0.46284885056726055,0.7664583365196314,0.5235707477577347,0.7164164485974223,0.5670444987260731,ALLOW
global,1766388981050,-1,0.46284885056726055,0.7664583365196314,0.5235707477577347,0.7164164485974223,0.5671032858745082,ALLOW
global,1766388981196,-1,0.46284885056726055,0.7664583365196314,0.5235707477577347,0.7164164485974223,0.5671620730229434,ALLOW
global,1766388981340,-1,0.46284885056726055,0.7664583365196314,0.5235707477577347,0.7164164485974223,0.5672208601713785,ALLOW
global,1766388981498,-1,0.46284885056726055,0.7664583365196314,0.5235707477577347,0.7164164485974223,0.5673359624888633,ALLOW
global,1766388981638,-1,0.46284885056726055,0.7664583365196314,0.5235707477577347,0.6904469691948524,0.5673471868887379,STEP_UP
global,1766388981792,-1,0.46284885056726055,0.7664583365196314,0.5235707477577347,0.6904469691948524,0.5673584112886124,STEP_UP
global,1766388981944,-1,0.46284885056726055,0.7664583365196314,0.5235707477577347,0.6904469691948524,0.567369635688487,STEP_UP
global,1766388982101,-1,0.46284885056726055,0.7664583365196314,0.5235707477577347,0.6904469691948524,0.5673808600883615,STEP_UP
global,1766388982247,-1,0.46284885056726055,0.7664583365196314,0.5235707477577347,0.7087690408102397,0.5674256236392701,STEP_UP
global,1766388982414,-1,0.46284885056726055,0.7664583365196314,0.5235707477577347,0.7087690408102397,0.5674703871901786,STEP_UP
global,1766388982546,-1,0.46284885056726055,0.7664583365196314,0.5235707477577347,0.7087690408102397,0.5675151507410872,STEP_UP
global,1766388982698,-1,0.46284885056726055,0.7664583365196314,0.5235707477577347,0.7087690408102397,0.5675550212852913,STEP_UP
global,1766388982841,-1,0.46284885056726055,0.7664583365196314,0.5235707477577347,0.7061837406542235,0.5675845506288713,STEP_UP
global,1766388982989,-1,0.46284885056726055,0.7664583365196314,0.5235707477577347,0.7061837406542235,0.5676140799724513,STEP_UP
global,1766388983142,-1,0.46284885056726055,0.7664583365196314,0.5235707477577347,0.7061837406542235,0.5676436093160313,STEP_UP
global,1766388983299,-1,0.46284885056726055,0.7664583365196314,0.5235707477577347,0.7061837406542235,0.5683740612876172,STEP_UP
global,1766388983452,-1,0.46284885056726055,0.7664583365196314,0.5235707477577347,0.7036385474287956,0.5690943324863015,STEP_UP
global,1766388983593,-1,0.46284885056726055,0.7664583365196314,0.5235707477577347,0.7036385474287956,0.5698146036849857,STEP_UP
global,1766388983741,-1,0.46284885056726055,0.7664583365196314,0.5235707477577347,0.7036385474287956,0.57053487488367,STEP_UP
global,1766388983897,-1,0.46284885056726055,0.7664583365196314,0.5235707477577347,0.7036385474287956,0.5712551460823544,STEP_UP
global,1766388984040,-1,0.46284885056726055,0.7664583365196314,0.5235707477577347,0.6914815997908492,0.5719267894904868,STEP_UP
global,1766388984188,-1,0.46284885056726055,0.7664583365196314,0.5235707477577347,0.6914815997908492,0.5725984328986192,STEP_UP
global,1766388984341,-1,0.46284885056726055,0.7664583365196314,0.5235707477577347,0.6914815997908492,0.5732700763067516,STEP_UP
global,1766388984504,-1,0.46284885056726055,0.7664583365196314,0.5235707477577347,0.6937674112145071,0.5739508629605787,STEP_UP
global,1766388984641,-1,0.46284885056726055,0.7664583365196314,0.5235707477577347,0.6937674112145071,0.5739299865407812,STEP_UP
global,1766388984790,-1,0.46284885056726055,0.7664583365196314,0.5235707477577347,0.6937674112145071,0.5739091101209837,STEP_UP
global,1766388984941,-1,0.46284885056726055,0.7664583365196314,0.5235707477577347,0.6937674112145071,0.5738882337011861,STEP_UP
global,1766388985097,-1,0.46284885056726055,0.7664583365196314,0.5235707477577347,0.0,0.5739495503681077,STEP_UP
global,1766388985237,-1,0.46284885056726055,0.7664583365196314,0.5235707477577347,0.0,0.574069731035274,STEP_UP
global,1766388985388,-1,0.46284885056726055,0.7664583365196314,0.5235707477577347,0.0,0.5742464211426752,STEP_UP
global,1766388985541,-1,0.46284885056726055,0.7664583365196314,0.5235707477577347,0.0,0.5744773603127019,STEP_UP
global,1766388985718,-1,0.46284885056726055,0.7664583365196314,0.5235707477577347,0.0,0.5747603785828491,STEP_UP
global,1766388985840,-1,0.46284885056726055,0.7664583365196314,0.5235707477577347,0.0,0.5740381769849495,STEP_UP
global,1766388985991,-1,0.46284885056726055,0.7664583365196314,0.5235707477577347,0.0,0.5733447730462524,STEP_UP
global,1766388986141,-1,0.46284885056726055,0.7664583365196314,0.5235707477577347,0.0,0.57267901486039,STEP_UP
global,1766388986299,-1,0.46284885056726055,0.7664583365196314,0.5235707477577347,0.0,0.5720397965972487,STEP_UP
global,1766388986440,-1,0.46284885056726055,0.7664583365196314,0.5235707477577347,0.0,0.5715504071136603,STEP_UP
global,1766388986589,-1,0.46284885056726055,0.7664583365196314,0.5235707477577347,0.0,0.5710854768228518,STEP_UP
global,1766388986741,-1,0.46284885056726055,0.7664583365196314,0.5235707477577347,0.0,0.570644027357112,STEP_UP
global,1766388986897,-1,0.46284885056726055,0.7664583365196314,0.5235707477577347,0.0,0.5702106990723382,STEP_UP
global,1766388987040,-1,0.46284885056726055,0.7664583365196314,0.5235707477577347,0.0,0.570817918044243,STEP_UP
global,1766388987191,-1,0.46284885056726055,0.7664583365196314,0.5235707477577347,0.0,0.5714251370161477,STEP_UP
global,1766388987338,-1,0.46284885056726055,0.7664583365196314,0.5235707477577347,0.0,0.5720323559880525,STEP_UP
global,1766388987496,-1,0.46284885056726055,0.7664583365196314,0.5235707477577347,0.0,0.5726395749599571,STEP_UP
global,1766417570133,-1,0.0,0.7664583365196314,0.1532916673039263,0.0,0.1532916673039263,LOCK
global,1766417570278,-1,0.0,0.7664583365196314,0.1532916673039263,0.0,0.1532916673039263,LOCK
global,1766417570427,-1,0.0,0.7664583365196314,0.1532916673039263,0.0,0.1532916673039263,LOCK
global,1766417570576,-1,0.0,0.7664583365196314,0.1532916673039263,0.0,0.1532916673039263,LOCK
global,1766417570722,-1,0.0,0.7664583365196314,0.1532916673039263,0.0,0.1532916673039263,LOCK
global,1766417570876,-1,0.0,0.7664583365196314,0.1532916673039263,0.0,0.1532916673039263,LOCK
global,1766417571028,-1,0.0,0.7664583365196314,0.1532916673039263,0.0,0.15329166730392632,LOCK
global,1766417571177,-1,0.0,0.7664583365196314,0.1532916673039263,0.0,0.1532916673039263,LOCK
global,1766417571323,-1,0.0,0.7664583365196314,0.1532916673039263,0.0,0.1532916673039263,LOCK
global,1766417571478,-1,0.0,0.7664583365196314,0.1532916673039263,0.0,0.15329166730392627,LOCK
global,1766417571626,-1,0.0,0.7664583365196314,0.1532916673039263,0.0,0.15329166730392627,LOCK
global,1766417571775,-1,0.0,0.7664583365196314,0.1532916673039263,0.0,0.15329166730392627,LOCK
global,1766417571922,-1,0.0,0.7664583365196314,0.1532916673039263,0.0,0.15329166730392624,LOCK
global,1766417572075,-1,0.0,0.7664583365196314,0.1532916673039263,0.0,0.15329166730392624,LOCK
global,1766417572235,-1,0.0,0.7664583365196314,0.1532916673039263,0.0,0.15329166730392624,LOCK
global,1766417572375,-1,0.0,0.7664583365196314,0.1532916673039263,0.0,0.1532916673039263,LOCK
global,1766417572523,-1,0.0,0.7664583365196314,0.1532916673039263,0.0,0.1532916673039263,LOCK
global,1766417572678,-1,0.0,0.7664583365196314,0.1532916673039263,0.0,0.1532916673039263,LOCK
global,1766417572830,-1,0.0,0.7664583365196314,0.1532916673039263,0.0,0.15329166730392627,LOCK
global,1766417572978,-1,0.0,0.7664583365196314,0.1532916673039263,0.0,0.15329166730392627,LOCK
global,1766417573125,-1,0.0,0.7664583365196314,0.1532916673039263,0.0,0.15329166730392627,LOCK
global,1766417573275,-1,0.0,0.7664583365196314,0.1532916673039263,0.0,0.15329166730392627,LOCK
global,1766417573425,-1,0.0,0.7664583365196314,0.1532916673039263,0.0,0.15329166730392627,LOCK
global,1766417573577,-1,0.0,0.7664583365196314,0.1532916673039263,0.0,0.1532916673039263,LOCK
global,1766417573727,-1,0.0,0.7664583365196314,0.1532916673039263,0.0,0.1532916673039263,LOCK
global,1766417573875,-1,0.0,0.7664583365196314,0.1532916673039263,0.0,0.1532916673039263,LOCK
global,1766417574025,-1,0.0,0.7664583365196314,0.1532916673039263,0.0,0.1532916673039263,LOCK
global,1766417574188,-1,0.0,0.7664583365196314,0.1532916673039263,0.0,0.15329166730392627,LOCK
global,1766417574326,-1,0.0,0.7664583365196314,0.1532916673039263,0.0,0.15329166730392627,LOCK
global,1766417574476,-1,0.0,0.7664583365196314,0.1532916673039263,0.0,0.15329166730392627,LOCK
global,1766417574624,-1,0.0,0.7664583365196314,0.1532916673039263,0.0,0.15329166730392627,LOCK
global,1766417574775,-1,0.0,0.7664583365196314,0.1532916673039263,0.0,0.1532916673039263,LOCK
global,1766417574924,-1,0.0,0.7664583365196314,0.1532916673039263,0.0,0.1532916673039263,LOCK
global,1766417575075,-1,0.0,0.7664583365196314,0.1532916673039263,0.0,0.1532916673039263,LOCK
global,1766417575224,-1,0.0,0.7664583365196314,0.1532916673039263,0.0,0.1532916673039263,LOCK
global,1766417575376,-1,0.0,0.7664583365196314,0.1532916673039263,0.0,0.1532916673039263,LOCK
global,1766417575525,-1,0.0,0.7664583365196314,0.1532916673039263,0.0,0.15329166730392627,LOCK
global,1766417575671,-1,0.0,0.7664583365196314,0.1532916673039263,0.0,0.15329166730392627,LOCK
global,1766417575826,-1,0.0,0.7664583365196314,0.1532916673039263,0.0,0.15329166730392627,LOCK
global,1766417575976,-1,0.0,0.7664583365196314,0.1532916673039263,0.0,0.1532916673039263,LOCK
global,1766417576122,-1,0.0,0.7664583365196314,0.1532916673039263,0.0,0.1532916673039263,LOCK
global,1766417576283,-1,0.0,0.7664583365196314,0.1532916673039263,0.0,0.1532916673039263,LOCK
global,1766417576426,-1,0.0,0.7664583365196314,0.1532916673039263,0.0,0.1532916673039263,LOCK
global,1766417576572,-1,0.0,0.7664583365196314,0.1532916673039263,0.0,0.1532916673039263,LOCK
global,1766417576726,-1,0.0,0.7664583365196314,0.1532916673039263,0.0,0.1532916673039263,LOCK
global,1766417576887,-1,0.0,0.7664583365196314,0.1532916673039263,0.0,0.15329166730392627,LOCK
global,1766417577025,-1,0.0,0.7664583365196314,0.1532916673039263,0.0,0.15329166730392627,LOCK
global,1766417577176,-1,0.0,0.7664583365196314,0.1532916673039263,0.0,0.1532916673039263,LOCK
global,1766417577325,-1,0.0,0.7664583365196314,0.1532916673039263,0.0,0.1532916673039263,LOCK
global,1766417577476,-1,0.0,0.7664583365196314,0.1532916673039263,0.0,0.1532916673039263,LOCK
global,1766417577632,-1,0.0,0.7664583365196314,0.1532916673039263,0.0,0.1532916673039263,LOCK
global,1766417577777,-1,0.0,0.7664583365196314,0.1532916673039263,0.0,0.1532916673039263,LOCK
global,1766417577924,-1,0.0,0.7664583365196314,0.1532916673039263,0.0,0.1532916673039263,LOCK
global,1766417578107,-1,0.0,0.7664583365196314,0.1532916673039263,0.0,0.15329166730392632,LOCK
global,1766417578224,-1,0.0,0.7664583365196314,0.1532916673039263,0.0,0.15329166730392632,LOCK
global,1766417578378,-1,0.0,0.7664583365196314,0.1532916673039263,0.0,0.15329166730392632,LOCK
global,1766417578523,-1,0.0,0.7664583365196314,0.1532916673039263,0.0,0.15329166730392632,LOCK
global,1766417578677,-1,0.0,0.7664583365196314,0.1532916673039263,0.0,0.15329166730392635,LOCK
global,1766417578825,-1,0.0,0.7664583365196314,0.1532916673039263,0.0,0.15329166730392635,LOCK
global,1766417578979,-1,0.0,0.7664583365196314,0.1532916673039263,0.0,0.15329166730392635,LOCK
global,1766417579128,-1,0.0,0.7664583365196314,0.1532916673039263,0.0,0.15329166730392638,LOCK
global,1766417579276,-1,0.0,0.7664583365196314,0.1532916673039263,0.0,0.15329166730392638,LOCK
global,1766417579423,-1,0.0,0.7664583365196314,0.1532916673039263,0.0,0.1532916673039264,LOCK
global,1766417579576,-1,0.0,0.7664583365196314,0.1532916673039263,0.0,0.1532916673039263,LOCK
global,1766417579724,-1,0.0,0.7664583365196314,0.1532916673039263,0.0,0.1532916673039263,LOCK
global,1766417579874,-1,0.0,0.7664583365196314,0.1532916673039263,0.0,0.15329166730392632,LOCK
global,1766417580025,-1,0.0,0.7664583365196314,0.1532916673039263,0.0,0.15329166730392632,LOCK
global,1766417580177,-1,0.0,0.7664583365196314,0.1532916673039263,0.0,0.15329166730392635,LOCK
global,1766417580328,-1,0.0,0.7664583365196314,0.1532916673039263,0.0,0.15329166730392635,LOCK
global,1766417580474,-1,0.0,0.7664583365196314,0.1532916673039263,0.0,0.15329166730392635,LOCK
global,1766417580626,-1,0.0,0.7664583365196314,0.1532916673039263,0.0,0.15329166730392638,LOCK
global,1766417580787,-1,0.0,0.7664583365196314,0.1532916673039263,0.0,0.1532916673039263,LOCK
global,1766417580925,-1,0.0,0.7664583365196314,0.1532916673039263,0.0,0.1532916673039263,LOCK
global,1766417581074,-1,0.0,0.7664583365196314,0.1532916673039263,0.0,0.1532916673039263,LOCK
global,1766417581225,-1,0.0,0.7664583365196314,0.1532916673039263,0.0,0.15329166730392632,LOCK
global,1766417581376,-1,0.0,0.7664583365196314,0.1532916673039263,0.0,0.15329166730392632,LOCK
global,1766417594429,-1,0.0,0.7664583365196314,0.1532916673039263,0.0,0.15329166730392632,LOCK
global,1766417594576,-1,0.0,0.7664583365196314,0.1532916673039263,0.0,0.15329166730392635,LOCK
global,1766417594723,-1,0.0,0.7664583365196314,0.1532916673039263,0.0,0.15329166730392635,LOCK
global,1766417594875,-1,0.0,0.7664583365196314,0.1532916673039263,0.0,0.15329166730392627,LOCK
global,1766417595026,-1,0.0,0.7664583365196314,0.1532916673039263,0.0,0.1532916673039263,LOCK
global,1766417595176,-1,0.0,0.7664583365196314,0.1532916673039263,0.0,0.1532916673039263,LOCK
global,1766417595324,-1,0.0,0.7664583365196314,0.1532916673039263,0.0,0.1532916673039263,LOCK
global,1766417595475,-1,0.0,0.7664583365196314,0.1532916673039263,0.0,0.15329166730392632,LOCK
global,1766417595626,-1,0.0,0.7664583365196314,0.1532916673039263,0.0,0.15329166730392632,LOCK
global,1766417595831,-1,0.0,0.7664583365196314,0.1532916673039263,0.0,0.15329166730392632,LOCK
global,1766417595924,-1,0.0,0.7664583365196314,0.1532916673039263,0.0,0.15329166730392635,LOCK
global,1766417596074,-1,0.0,0.7664583365196314,0.1532916673039263,0.0,0.15329166730392627,LOCK
global,1766417596226,-1,0.0,0.7664583365196314,0.1532916673039263,0.0,0.15329166730392627,LOCK
global,1766417596376,-1,0.0,0.7664583365196314,0.1532916673039263,0.0,0.1532916673039263,LOCK
global,1766417596524,-1,0.0,0.7664583365196314,0.1532916673039263,0.0,0.1532916673039263,LOCK
global,1766417596674,-1,0.0,0.7664583365196314,0.1532916673039263,0.0,0.1532916673039263,LOCK
global,1766417596825,-1,0.0,0.7664583365196314,0.1532916673039263,0.0,0.1532916673039263,LOCK
global,1766417596976,-1,0.0,0.7664583365196314,0.1532916673039263,0.0,0.15329166730392632,LOCK
global,1766417597124,-1,0.0,0.7664583365196314,0.1532916673039263,0.0,0.15329166730392632,LOCK
global,1766417597275,-1,0.0,0.7664583365196314,0.1532916673039263,0.0,0.15329166730392627,LOCK
global,1766417606272,-1,0.0,0.7664583365196314,0.1532916673039263,0.0,0.15329166730392627,LOCK
global,1766417606426,-1,0.0,0.7664583365196314,0.1532916673039263,0.0,0.15329166730392627,LOCK
global,1766417606578,-1,0.0,0.7664583365196314,0.1532916673039263,0.0,0.1532916673039263,LOCK
global,1766417606726,-1,0.0,0.7664583365196314,0.1532916673039263,0.0,0.1532916673039263,LOCK
global,1766417606876,-1,0.0,0.7664583365196314,0.1532916673039263,0.0,0.1532916673039263,LOCK
global,1766417607025,-1,0.0,0.7664583365196314,0.1532916673039263,0.0,0.1532916673039263,LOCK
global,1766417607176,-1,0.0,0.7664583365196314,0.1532916673039263,0.0,0.1532916673039263,LOCK
global,1766417607323,-1,0.0,0.7664583365196314,0.1532916673039263,0.0,0.1532916673039263,LOCK
global,1766417607476,-1,0.0,0.7664583365196314,0.1532916673039263,0.0,0.1532916673039263,LOCK
global,1766417607624,-1,0.0,0.7664583365196314,0.1532916673039263,0.0,0.1532916673039263,LOCK
global,1766417607772,-1,0.0,0.7664583365196314,0.1532916673039263,0.0,0.1532916673039263,LOCK
global,1766417607923,-1,0.0,0.7664583365196314,0.1532916673039263,0.0,0.1532916673039263,LOCK
global,1766417608074,-1,0.0,0.7664583365196314,0.1532916673039263,0.0,0.1532916673039263,LOCK
global,1766417608225,-1,0.0,0.7664583365196314,0.1532916673039263,0.0,0.1532916673039263,LOCK
global,1766417608377,-1,0.0,0.7664583365196314,0.1532916673039263,0.0,0.1532916673039263,LOCK
global,1766417608533,-1,0.0,0.7664583365196314,0.1532916673039263,0.0,0.1532916673039263,LOCK
global,1766417608701,-1,0.0,0.7664583365196314,0.1532916673039263,0.0,0.1532916673039263,LOCK
global,1766417608822,-1,0.0,0.7664583365196314,0.1532916673039263,0.0,0.1532916673039263,LOCK
global,1766417608973,-1,0.0,0.7664583365196314,0.1532916673039263,0.0,0.1532916673039263,LOCK
global,1766417609139,-1,0.0,0.7664583365196314,0.1532916673039263,0.0,0.1532916673039263,LOCK
global,1766417609274,-1,0.0,0.7664583365196314,0.1532916673039263,0.7030312167840789,0.1554906255018469,STEP_UP
global,1766417609428,-1,0.0,0.7664583365196314,0.1532916673039263,0.7030312167840789,0.15768958369976752,STEP_UP
global,1766417609574,-1,0.0,0.7664583365196314,0.1532916673039263,0.7030312167840789,0.1598885418976881,STEP_UP
global,1766417609727,-1,0.0,0.7664583365196314,0.1532916673039263,0.7030312167840789,0.16208750009560874,STEP_UP
global,1766417609875,-1,0.0,0.7664583365196314,0.1532916673039263,0.7041636028654379,0.16429098783785473,STEP_UP
global,1766417610026,-1,0.0,0.7664583365196314,0.1532916673039263,0.7041636028654379,0.16649447558010078,STEP_UP
global,1766417610200,-1,0.4628488510336648,0.7664583365196314,0.5235707481308581,0.7041636028654379,0.17091963780730843,STEP_UP
global,1766417610387,-1,0.4628488510336648,0.7664583365196314,0.5235707481308581,0.7070636735487785,0.17535640031724944,STEP_UP
global,1766417610496,-1,0.46284885056726055,0.7664583365196314,0.5235707477577347,0.7070636735487785,0.1797931628249517,STEP_UP
global,1766417610645,-1,0.46284885056726055,0.7664583365196314,0.5235707477577347,0.7070636735487785,0.18422992533265398,STEP_UP
global,1766417610797,-1,0.46284885056726055,0.7664583365196314,0.5235707477577347,0.7070636735487785,0.18866668784035626,STEP_UP
global,1766417610953,-1,0.46284885056726055,0.7664583365196314,0.5235707477577347,0.7070636735487785,0.19310345034805848,STEP_UP
global,1766417611094,-1,0.46284885056726055,0.7664583365196314,0.5235707477577347,0.7156585845639665,0.1975745924998215,ALLOW
global,1766417611245,-1,0.46284885056726055,0.7664583365196314,0.5235707477577347,0.7156585845639665,0.20204573465158454,ALLOW
global,1766417611395,-1,0.46284885056726055,0.7664583365196314,0.5235707477577347,0.7156585845639665,0.20651687680334752,ALLOW
global,1766417611553,-1,0.46284885056726055,0.7664583365196314,0.5235707477577347,0.7156585845639665,0.21098801895511052,ALLOW
global,1766417611695,-1,0.46284885056726055,0.7664583365196314,0.5235707477577347,0.7105114630619453,0.21543857262086552,STEP_UP
global,1766417611887,-1,0.46284885056726055,0.7664583365196314,0.5235707477577347,0.7105114630619453,0.2198891262866204,STEP_UP
global,1766417611998,-1,0.46284885056726055,0.7664583365196314,0.5235707477577347,0.7105114630619453,0.22433967995237533,STEP_UP
global,1766417612153,-1,0.46284885056726055,0.7664583365196314,0.5235707477577347,0.7105114630619453,0.2287902336181303,STEP_UP
global,1766417612294,-1,0.46284885056726055,0.7664583365196314,0.5235707477577347,0.7341431084749925,0.23333531386553738,ALLOW
global,1766417612451,-1,0.46284885056726055,0.7664583365196314,0.5235707477577347,0.7341431084749925,0.23788039411294448,ALLOW
global,1766417612597,-1,0.46284885056726055,0.7664583365196314,0.5235707477577347,0.7341431084749925,0.24242547436035156,ALLOW
global,1766417612762,-1,0.46284885056726055,0.7664583365196314,0.5235707477577347,0.7094624415282426,0.24687183193997164,STEP_UP
global,1766417612894,-1,0.46284885056726055,0.7664583365196314,0.5235707477577347,0.7094624415282426,0.25131818951959173,STEP_UP
global,1766417613046,-1,0.46284885056726055,0.7664583365196314,0.5235707477577347,0.7094624415282426,0.25576454709921187,STEP_UP
global,1766417613197,-1,0.46284885056726055,0.7664583365196314,0.5235707477577347,0.7094624415282426,0.26021090467883196,STEP_UP
global,1766417613354,-1,0.46284885056726055,0.7664583365196314,0.5235707477577347,0.7094624415282426,0.2646572622584521,STEP_UP
global,1766417613495,-1,0.46284885056726055,0.7664583365196314,0.5235707477577347,0.7063135127015644,0.2690910241227655,STEP_UP
global,1766417613649,-1,0.46284885056726055,0.7664583365196314,0.5235707477577347,0.7063135127015644,0.2735247859870789,STEP_UP
global,1766417613795,-1,0.46284885056726055,0.7664583365196314,0.5235707477577347,0.7063135127015644,0.27795854785139235,STEP_UP
global,1766417613950,-1,0.46284885056726055,0.7664583365196314,0.5235707477577347,0.7063135127015644,0.2823923097157057,STEP_UP
global,1766417614099,-1,0.46284885056726055,0.7664583365196314,0.5235707477577347,0.707204015989329,0.2868296335931702,STEP_UP
global,1766417614243,-1,0.46284885056726055,0.7664583365196314,0.5235707477577347,0.707204015989329,0.2912669574706347,STEP_UP
global,1766417614392,-1,0.46284885056726055,0.7664583365196314,0.5235707477577347,0.707204015989329,0.2957042813480992,STEP_UP
global,1766417614522,-1,0.0,0.7664583365196314,0.1532916673039263,0.707204015989329,0.2979199307428408,STEP_UP
global,1766417614676,-1,0.0,0.7664583365196314,0.1532916673039263,0.7081579153213332,0.30013939573491044,STEP_UP
global,1766417614824,-1,0.0,0.7664583365196314,0.1532916673039263,0.7081579153213332,0.3023588607269801,STEP_UP
global,1766417614972,-1,0.0,0.7664583365196314,0.1532916673039263,0.7081579153213332,0.3045783257190497,STEP_UP
global,1766417615122,-1,0.0,0.7664583365196314,0.1532916673039263,0.7081579153213332,0.3067977907111193,STEP_UP
global,1766417615275,-1,0.0,0.7664583365196314,0.1532916673039263,0.7303767425815172,0.30910613101222967,STEP_UP
global,1766417615425,-1,0.0,0.7664583365196314,0.1532916673039263,0.7303767425815172,0.31141447131334005,STEP_UP
global,1766417615575,-1,0.0,0.7664583365196314,0.1532916673039263,0.7303767425815172,0.31372281161445037,STEP_UP
global,1766417615723,-1,0.0,0.7664583365196314,0.1532916673039263,0.7303767425815172,0.3160311519155607,STEP_UP
global,1766417615876,-1,0.0,0.7664583365196314,0.1532916673039263,0.7044173174288356,0.3182356545160604,STEP_UP
global,1766417616027,-1,0.0,0.7664583365196314,0.1532916673039263,0.7044173174288356,0.32044015711656004,STEP_UP
global,1766417616173,-1,0.0,0.7664583365196314,0.1532916673039263,0.7044173174288356,0.3226446597170597,STEP_UP
global,1766417616325,-1,0.0,0.7664583365196314,0.1532916673039263,0.7044173174288356,0.32484916231755934,STEP_UP
global,1766417616475,-1,0.0,0.7664583365196314,0.1532916673039263,0.7249589554455129,0.3271358314701257,STEP_UP
global,1766417616625,-1,0.0,0.7664583365196314,0.1532916673039263,0.7249589554455129,0.32942250062269207,STEP_UP
global,1766417616777,-1,0.0,0.7664583365196314,0.1532916673039263,0.7249589554455129,0.33170916977525844,STEP_UP
global,1766417616925,-1,0.0,0.7664583365196314,0.1532916673039263,0.7249589554455129,0.3339958389278248,STEP_UP
global,1766417617073,-1,0.0,0.7664583365196314,0.1532916673039263,0.7104785132617308,0.33622458631165597,STEP_UP
global,1766417617226,-1,0.0,0.7664583365196314,0.1532916673039263,0.7104785132617308,0.33845333369548725,STEP_UP
global,1766417617372,-1,0.0,0.7664583365196314,0.1532916673039263,0.7104785132617308,0.34068208107931847,STEP_UP
global,1766417617524,-1,0.0,0.7664583365196314,0.1532916673039263,0.7104785132617308,0.34291082846314963,STEP_UP
global,1766417617676,-1,0.0,0.7664583365196314,0.1532916673039263,0.7287675803024604,0.34521273211514375,STEP_UP
global,1766417617826,-1,0.0,0.7664583365196314,0.1532916673039263,0.7287675803024604,0.34751463576713787,STEP_UP
global,1766417617971,-1,0.0,0.7664583365196314,0.1532916673039263,0.7287675803024604,0.3498165394191319,STEP_UP
global,1766417618125,-1,0.0,0.7664583365196314,0.1532916673039263,0.7287675803024604,0.352118443071126,STEP_UP
global,1766417618274,-1,0.0,0.7664583365196314,0.1532916673039263,0.7007312312352266,0.3543082013268512,STEP_UP
global,1766417618496,-1,0.0,0.7664583365196314,0.1532916673039263,0.7007312312352266,0.35649795958257646,STEP_UP
global,1766417619342,-1,0.0,0.7664583365196314,0.1532916673039263,0.7007312312352266,0.35868771783830167,STEP_UP
global,1775838048257,-1,0.0,0.7664583365196314,0.1532916673039263,0.0,0.1532916673039263,LOCK
global,1775838048402,-1,0.0,0.7664583365196314,0.1532916673039263,0.0,0.1532916673039263,LOCK
global,1775838048554,-1,0.0,0.7664583365196314,0.1532916673039263,0.0,0.1532916673039263,LOCK
global,1775838048708,-1,0.0,0.7664583365196314,0.1532916673039263,0.0,0.1532916673039263,LOCK
global,1775838048854,-1,0.0,0.7664583365196314,0.1532916673039263,0.0,0.1532916673039263,LOCK
global,1775838049005,-1,0.0,0.7664583365196314,0.1532916673039263,0.0,0.1532916673039263,LOCK
global,1775838049154,-1,0.0,0.7664583365196314,0.1532916673039263,0.0,0.15329166730392632,LOCK
global,1775838049304,-1,0.0,0.7664583365196314,0.1532916673039263,0.0,0.1532916673039263,LOCK
global,1775838049453,-1,0.0,0.7664583365196314,0.1532916673039263,0.0,0.1532916673039263,LOCK
global,1775838049607,-1,0.0,0.7664583365196314,0.1532916673039263,0.0,0.15329166730392627,LOCK
global,1775838049753,-1,0.0,0.7664583365196314,0.1532916673039263,0.0,0.15329166730392627,LOCK
global,1775838049904,-1,0.0,0.7664583365196314,0.1532916673039263,0.0,0.15329166730392627,LOCK
global,1775838050054,-1,0.0,0.7664583365196314,0.1532916673039263,0.0,0.15329166730392624,LOCK
global,1775838050207,-1,0.0,0.7664583365196314,0.1532916673039263,0.0,0.15329166730392624,LOCK
global,1775838050352,-1,0.0,0.7664583365196314,0.1532916673039263,0.0,0.15329166730392624,LOCK
global,1775838050505,-1,0.0,0.7664583365196314,0.1532916673039263,0.0,0.1532916673039263,LOCK
global,1775838050658,-1,0.0,0.7664583365196314,0.1532916673039263,0.0,0.1532916673039263,LOCK
global,1775838050805,-1,0.0,0.7664583365196314,0.1532916673039263,0.0,0.1532916673039263,LOCK
global,1775838050954,-1,0.0,0.7664583365196314,0.1532916673039263,0.0,0.15329166730392627,LOCK
global,1775838051106,-1,0.0,0.7664583365196314,0.1532916673039263,0.0,0.15329166730392627,LOCK
global,1775838051255,-1,0.0,0.7664583365196314,0.1532916673039263,0.0,0.15329166730392627,LOCK
global,1775838051414,-1,0.0,0.7664583365196314,0.1532916673039263,0.0,0.15329166730392627,LOCK
global,1775838051554,-1,0.0,0.7664583365196314,0.1532916673039263,0.0,0.15329166730392627,LOCK
global,1775838051707,-1,0.0,0.7664583365196314,0.1532916673039263,0.0,0.1532916673039263,LOCK
global,1775838051854,-1,0.0,0.7664583365196314,0.1532916673039263,0.0,0.1532916673039263,LOCK
global,1775838052007,-1,0.0,0.7664583365196314,0.1532916673039263,0.0,0.1532916673039263,LOCK
global,1775838052155,-1,0.0,0.7664583365196314,0.1532916673039263,0.0,0.1532916673039263,LOCK
global,1775838052308,-1,0.0,0.7664583365196314,0.1532916673039263,0.0,0.15329166730392627,LOCK
global,1775838052453,-1,0.0,0.7664583365196314,0.1532916673039263,0.0,0.15329166730392627,LOCK
global,1775838052605,-1,0.0,0.7664583365196314,0.1532916673039263,0.0,0.15329166730392627,LOCK
global,1775838052753,-1,0.0,0.7664583365196314,0.1532916673039263,0.0,0.15329166730392627,LOCK
global,1775838052908,-1,0.0,0.7664583365196314,0.1532916673039263,0.0,0.1532916673039263,LOCK
global,1775838053055,-1,0.0,0.7664583365196314,0.1532916673039263,0.0,0.1532916673039263,LOCK
global,1775838053249,-1,0.4628488510336648,0.7664583365196314,0.5235707481308581,0.0,0.1641822285047184,STEP_UP
global,1775838053389,-1,0.46284885056726055,0.7664583365196314,0.5235707477577347,0.0,0.17445047191194746,STEP_UP
global,1775838053519,-1,0.46284885056726055,0.7664583365196314,0.5235707477577347,0.0,0.18414825735210819,STEP_UP
global,1775838053680,-1,0.46284885056726055,0.7664583365196314,0.5235707477577347,0.0,0.19332183817388188,STEP_UP
global,1775838053836,-1,0.46284885056726055,0.7664583365196314,0.5235707477577347,0.0,0.2020125989524043,STEP_UP
global,1775838053986,-1,0.46284885056726055,0.7664583365196314,0.5235707477577347,0.0,0.2102576796910025,STEP_UP
global,1775838054138,-1,0.46284885056726055,0.7664583365196314,0.5235707477577347,0.0,0.21809050639267086,STEP_UP
global,1775838054283,-1,0.46284885056726055,0.7664583365196314,0.5235707477577347,0.0,0.2255412439869407,STEP_UP
global,1775838054420,-1,0.46284885056726055,0.7664583365196314,0.5235707477577347,0.0,0.23263718455291196,STEP_UP
global,1775838054574,-1,0.46284885056726055,0.7664583365196314,0.5235707477577347,0.0,0.23940308137162877,STEP_UP
global,1775838054718,-1,0.46284885056726055,0.7664583365196314,0.5235707477577347,0.0,0.24586143742585842,STEP_UP
global,1775838054883,-1,0.46284885056726055,0.7664583365196314,0.5235707477577347,0.0,0.25203275543323345,STEP_UP
global,1775838055039,-1,0.46284885056726055,0.7664583365196314,0.5235707477577347,0.0,0.25793575526637474,STEP_UP
global,1775838055187,-1,0.46284885056726055,0.7664583365196314,0.5235707477577347,0.0,0.26358756361725477,STEP_UP
global,1775838055339,-1,0.46284885056726055,0.7664583365196314,0.5235707477577347,0.0,0.2690038799535148,STEP_UP
global,1775838055490,-1,0.46284885056726055,0.7664583365196314,0.5235707477577347,0.0,0.2741991221536009,STEP_UP
global,1775838055628,-1,0.46284885056726055,0.7664583365196314,0.5235707477577347,0.0,0.2791865546656836,STEP_UP
global,1775838055782,-1,0.46284885056726055,0.7664583365196314,0.5235707477577347,0.0,0.28397840158905713,STEP_UP
global,1775838055937,-1,0.46284885056726055,0.7664583365196314,0.5235707477577347,0.0,0.28858594670768556,STEP_UP
global,1775838056083,-1,0.46284885056726055,0.7664583365196314,0.5235707477577347,0.0,0.2930196221991959,STEP_UP
global,1775838056239,-1,0.46284885056726055,0.7664583365196314,0.5235707477577347,0.0,0.29728908748731697,STEP_UP
global,1775838056384,-1,0.46284885056726055,0.7664583365196314,0.5235707477577347,0.0,0.30140329949223366,STEP_UP
global,1775838056515,-1,0.46284885056726055,0.7664583365196314,0.5235707477577347,0.0,0.30537057535411766,STEP_UP
global,1775838056650,-1,0.0,0.7664583365196314,0.1532916673039263,0.0,0.3027025243356932,LOCK
global,1775838056806,-1,0.0,0.7664583365196314,0.1532916673039263,0.0,0.30012647507652485,LOCK
global,1775838056960,-1,0.0,0.7664583365196314,0.1532916673039263,0.0,0.29763774952105704,LOCK
global,1775838057111,-1,0.0,0.7664583365196314,0.1532916673039263,0.0,0.29523198148410484,LOCK
global,1775838057260,-1,0.0,0.7664583365196314,0.1532916673039263,0.7074547678600606,0.29653894748479787,STEP_UP
global,1775838057409,-1,0.0,0.7664583365196314,0.1532916673039263,0.7074547678600606,0.2978037532919201,STEP_UP
global,1775838057557,-1,0.0,0.7664583365196314,0.1532916673039263,0.7074547678600606,0.2990284065337369,STEP_UP
global,1775838057711,-1,0.0,0.7664583365196314,0.1532916673039263,0.7074547678600606,0.30021478936174706,STEP_UP
global,1775838057858,-1,0.0,0.7664583365196314,0.1532916673039263,0.7197707461400873,0.3014404587383108,STEP_UP
global,1775838058009,-1,0.0,0.7664583365196314,0.1532916673039263,0.7197707461400873,0.30262898661861504,STEP_UP
global,1775838058157,-1,0.0,0.7664583365196314,0.1532916673039263,0.7197707461400873,0.3037820360547311,STEP_UP
global,1775838058311,-1,0.0,0.7664583365196314,0.1532916673039263,0.7197707461400873,0.3049011722721378,STEP_UP
global,1775838058460,-1,0.0,0.7664583365196314,0.1532916673039263,0.7250263266350427,0.3060183368919094,STEP_UP
global,1775838058611,-1,0.0,0.7664583365196314,0.1532916673039263,0.7250263266350427,0.30710358252254455,STEP_UP
global,1775838058757,-1,0.0,0.7664583365196314,0.1532916673039263,0.7250263266350427,0.30815825785372525,STEP_UP
global,1775838058915,-1,0.0,0.7664583365196314,0.1532916673039263,0.7250263266350427,0.30918363664792875,STEP_UP
global,1775838059057,-1,0.0,0.7664583365196314,0.1532916673039263,0.7221076768817808,0.3101649302710402,STEP_UP
global,1775838059207,-1,0.0,0.7664583365196314,0.1532916673039263,0.7221076768817808,0.3111197024448784,STEP_UP
global,1775838059350,-1,0.0,0.7664583365196314,0.1532916673039263,0.7221076768817808,0.31204901402741425,STEP_UP
global,1775838059509,-1,0.0,0.7664583365196314,0.1532916673039263,0.7221076768817808,0.31295387004198866,STEP_UP
global,1775838059661,-1,0.0,0.7664583365196314,0.1532916673039263,0.7119633006606959,0.3137825252446464,STEP_UP
global,1775838059811,-1,0.0,0.7664583365196314,0.1532916673039263,0.7119633006606959,0.31458993287800524,STEP_UP
global,1775838059957,-1,0.0,0.7664583365196314,0.1532916673039263,0.7119633006606959,0.31537689981178535,STEP_UP
global,1775838060110,-1,0.0,0.7664583365196314,0.1532916673039263,0.7119633006606959,0.316144192572221,STEP_UP
global,1775838060284,-1,0.46284885056726055,0.7664583365196314,0.5235707477577347,0.7071593456267747,0.31961162460102505,STEP_UP
global,1775838060432,-1,0.46284885056726055,0.7664583365196314,0.5235707477577347,0.7071593456267747,0.32299448511693146,STEP_UP
global,1775838060582,-1,0.46284885056726055,0.7664583365196314,0.5235707477577347,0.7071593456267747,0.3262958309216112,STEP_UP
global,1775838060746,-1,0.46284885056726055,0.7664583365196314,0.5235707477577347,0.7071593456267747,0.329518573254751,STEP_UP
global,1775838060877,-1,0.46284885056726055,0.7664583365196314,0.5235707477577347,0.7109449117296532,0.33268330078524216,STEP_UP
global,1775838061035,-1,0.46284885056726055,0.7664583365196314,0.5235707477577347,0.7109449117296532,0.33577443000107077,STEP_UP
global,1775838061183,-1,0.46284885056726055,0.7664583365196314,0.5235707477577347,0.7109449117296532,0.33879449877515616,STEP_UP
global,1775838061340,-1,0.46284885056726055,0.7664583365196314,0.5235707477577347,0.7109449117296532,0.34174592962255784,STEP_UP
global,1775838061480,-1,0.46284885056726055,0.7664583365196314,0.5235707477577347,0.7279179023653388,0.34470731928523446,ALLOW
global,1775838061635,-1,0.46284885056726055,0.7664583365196314,0.5235707477577347,0.7279179023653388,0.3476029002887405,ALLOW
global,1775838061788,-1,0.46284885056726055,0.7664583365196314,0.5235707477577347,0.7279179023653388,0.3504348421493123,ALLOW
global,1775838061935,-1,0.46284885056726055,0.7664583365196314,0.5235707477577347,0.7279179023653388,0.3532052200563935,ALLOW
global,1775838062079,-1,0.46284885056726055,0.7664583365196314,0.5235707477577347,0.7271213116405527,0.3559125937473017,ALLOW
global,1775838062238,-1,0.46284885056726055,0.7664583365196314,0.5235707477577347,0.7271213116405527,0.35856236374265876,ALLOW
global,1775838062383,-1,0.46284885056726055,0.7664583365196314,0.5235707477577347,0.7271213116405527,0.3611563491065346,ALLOW
global,1775838062542,-1,0.46284885056726055,0.7664583365196314,0.5235707477577347,0.7271213116405527,0.3636962931086629,ALLOW
global,1775838062677,-1,0.46284885056726055,0.7358000030588461,0.5174390810655777,0.7084947455605919,0.36606912871438374,STEP_UP
global,1775838062839,-1,0.46284885056726055,0.7063680029364922,0.5115526810411068,0.7084947455605919,0.368357499919838,STEP_UP
global,1775838062975,-1,0.46284885056726055,0.6781132828190325,0.505901737017615,0.7084947455605919,0.37056539325837307,STEP_UP
global,1775838063139,-1,0.46284885056726055,0.6509887515062712,0.5004768307550627,0.7084947455605919,0.37269657929256206,STEP_UP
global,1775838063275,-1,0.46284885056726055,0.6249492014460204,0.49526892074301254,0.7203211820628086,0.3770165608722321,STEP_UP
global,1775838063434,-1,0.46284885056726055,0.5999512333881796,0.4902693271314444,0.7203211820628086,0.3813065448902328,STEP_UP
global,1775838063583,-1,0.46284885056726055,0.5759531840526524,0.48546971726433896,0.7203211820628086,0.38556773124903077,STEP_UP
global,1775838063741,-1,0.46284885056726055,0.5529150566905463,0.48086209179191775,0.7203211820628086,0.38980127185499425,STEP_UP
global,1775838063875,-1,0.46284885056726055,0.5307984544229244,0.47643877133839335,0.717876009223786,0.3939984918468805,STEP_UP
global,1775838064024,-1,0.46284885056726055,0.5095665162460074,0.47219238370301,0.717876009223786,0.3981702335129544,STEP_UP
global,1775838064180,-1,0.46284885056726055,0.48918385559616706,0.4681158515730419,0.717876009223786,0.40231751598624854,STEP_UP
global,1775838064756,-1,0.0,0.7664583365196314,0.1532916673039263,0.7029028171502019,0.40451596058563366,STEP_UP
global,1775838064908,-1,0.0,0.7664583365196314,0.1532916673039263,0.7029028171502019,0.4067144051850189,STEP_UP
global,1775838065058,-1,0.0,0.7664583365196314,0.1532916673039263,0.6989288062432176,0.40889695374077595,STEP_UP
global,1775838065207,-1,0.0,0.7664583365196314,0.1532916673039263,0.6989288062432176,0.4110795022965331,STEP_UP
global,1775838065357,-1,0.0,0.7664583365196314,0.1532916673039263,0.6989288062432176,0.4132620508522902,STEP_UP
global,1775838065545,-1,0.4628488510336648,0.7664583365196314,0.5235707481308581,0.6989288062432176,0.41766627389300903,STEP_UP
global,1775838065679,-1,0.4628488510336648,0.7664583365196314,0.5235707481308581,0.7156627547306176,0.4221374327276773,ALLOW
global,1775838065833,-1,0.46284885056726055,0.7664583365196314,0.5235707477577347,0.7156627547306176,0.426608591560107,ALLOW
global,1775838065992,-1,0.46284885056726055,0.7664583365196314,0.5235707477577347,0.7156627547306176,0.4310797503925366,ALLOW
global,1775838066131,-1,0.46284885056726055,0.7664583365196314,0.5235707477577347,0.7156627547306176,0.43555090922496636,ALLOW
global,1775838066280,-1,0.46284885056726055,0.7664583365196314,0.5235707477577347,0.7277871785672124,0.4400705657527423,ALLOW
global,1775838066443,-1,0.46284885056726055,0.7664583365196314,0.5235707477577347,0.7277871785672124,0.44459022228051837,ALLOW
global,1775838066581,-1,0.46284885056726055,0.7664583365196314,0.5235707477577347,0.7277871785672124,0.44910987880829434,ALLOW
global,1775838066744,-1,0.46284885056726055,0.7664583365196314,0.5235707477577347,0.7277871785672124,0.45362953533607026,ALLOW
global,1775838066877,-1,0.46284885056726055,0.7664583365196314,0.5235707477577347,0.7285031461321552,0.458152055734106,ALLOW
global,1775838067044,-1,0.46284885056726055,0.7664583365196314,0.5235707477577347,0.7285031461321552,0.4626745761321417,ALLOW
global,1775838067178,-1,0.46284885056726055,0.7664583365196314,0.5235707477577347,0.7285031461321552,0.4671970965301774,ALLOW
global,1775838067348,-1,0.46284885056726055,0.7664583365196314,0.5235707477577347,0.7285031461321552,0.4717196169282131,ALLOW
global,1775838067479,-1,0.46284885056726055,0.7664583365196314,0.5235707477577347,0.6963173060484485,0.4761133939659142,STEP_UP
global,1775838067635,-1,0.46284885056726055,0.7664583365196314,0.5235707477577347,0.6963173060484485,0.4805071710036151,STEP_UP
global,1775838067789,-1,0.46284885056726055,0.7664583365196314,0.5235707477577347,0.6963173060484485,0.48490094804131617,STEP_UP
global,1775838067949,-1,0.46284885056726055,0.7664583365196314,0.5235707477577347,0.6963173060484485,0.4892947250790172,STEP_UP
global,1775838068079,-1,0.46284885056726055,0.7664583365196314,0.5235707477577347,0.6949473208126314,0.4936830221757748,STEP_UP
global,1775838068232,-1,0.46284885056726055,0.7664583365196314,0.5235707477577347,0.6949473208126314,0.4980713192725324,STEP_UP
global,1775838068384,-1,0.46284885056726055,0.7664583365196314,0.5235707477577347,0.6949473208126314,0.5024596163692899,STEP_UP
global,1775838068543,-1,0.46284885056726055,0.7664583365196314,0.5235707477577347,0.6949473208126314,0.5068479134660476,STEP_UP
global,1775838068682,-1,0.46284885056726055,0.7664583365196314,0.5235707477577347,0.6921032599241612,0.5075220435109821,STEP_UP
global,1775838068820,-1,0.46284885056726055,0.7664583365196314,0.5235707477577347,0.6921032599241612,0.5081961735596479,STEP_UP
global,1775838068981,-1,0.46284885056726055,0.7664583365196314,0.5235707477577347,0.6921032599241612,0.5088703036083135,STEP_UP
global,1775838069148,-1,0.46284885056726055,0.7664583365196314,0.5235707477577347,0.7231616112261101,0.509668667062187,ALLOW
global,1775838069281,-1,0.46284885056726055,0.7664583365196314,0.5235707477577347,0.7231616112261101,0.5104670305160606,ALLOW
global,1775838069417,-1,0.46284885056726055,0.7664583365196314,0.5235707477577347,0.7231616112261101,0.5112653939699341,ALLOW
global,1775838069582,-1,0.46284885056726055,0.7664583365196314,0.5235707477577347,0.7231616112261101,0.5120637574238077,ALLOW
global,1775838069742,-1,0.46284885056726055,0.7664583365196314,0.5235707477577347,0.7231616112261101,0.5128621208776811,ALLOW
global,1775838069879,-1,0.46284885056726055,0.7664583365196314,0.5235707477577347,0.7188083102705171,0.5136430711277323,ALLOW
global,1775838070034,-1,0.46284885056726055,0.7664583365196314,0.5235707477577347,0.7188083102705171,0.5144240213777834,ALLOW
global,1775838070188,-1,0.46284885056726055,0.7664583365196314,0.5235707477577347,0.7188083102705171,0.5152049716278345,ALLOW
global,1775838070333,-1,0.46284885056726055,0.7664583365196314,0.5235707477577347,0.7188083102705171,0.5159859218778857,ALLOW
global,1775838070479,-1,0.46284885056726055,0.7664583365196314,0.5235707477577347,0.7542409873754744,0.5169086028363565,ALLOW
global,1775838070636,-1,0.46284885056726055,0.7664583365196314,0.5235707477577347,0.7542409873754744,0.5178312837948276,ALLOW
global,1775838070787,-1,0.46284885056726055,0.7664583365196314,0.5235707477577347,0.7542409873754744,0.5187539647532985,ALLOW
global,1775838070949,-1,0.46284885056726055,0.7664583365196314,0.5235707477577347,0.7542409873754744,0.5196766457117695,ALLOW
global,1775838071080,-1,0.46284885056726055,0.7664583365196314,0.5235707477577347,0.7427466219380711,0.520553349208491,ALLOW
global,1775838071242,-1,0.46284885056726055,0.7664583365196314,0.5235707477577347,0.7427466219380711,0.5214300527052121,ALLOW
global,1775838071375,-1,0.46284885056726055,0.7664583365196314,0.5235707477577347,0.7427466219380711,0.5223067562019336,ALLOW
global,1775838071543,-1,0.46284885056726055,0.7664583365196314,0.5235707477577347,0.7427466219380711,0.5231834596986549,ALLOW
global,1775838071679,-1,0.46284885056726055,0.7664583365196314,0.5235707477577347,0.7245746788244446,0.5239874754229217,ALLOW
global,1775838071836,-1,0.46284885056726055,0.7664583365196314,0.5235707477577347,0.7245746788244446,0.5247914911471885,ALLOW
global,1775838071983,-1,0.46284885056726055,0.7664583365196314,0.5235707477577347,0.7245746788244446,0.5255955068714554,ALLOW
global,1775838072141,-1,0.46284885056726055,0.7664583365196314,0.5235707477577347,0.7245746788244446,0.5301023134002603,ALLOW
global,1775838072279,-1,0.46284885056726055,0.7664583365196314,0.5235707477577347,0.7239059585170371,0.5346064450478355,ALLOW
global,1775838072431,-1,0.46284885056726055,0.7664583365196314,0.5235707477577347,0.7239059585170371,0.5391105766954108,ALLOW
global,1775838072585,-1,0.46284885056726055,0.7664583365196314,0.5235707477577347,0.7239059585170371,0.5436147083429861,ALLOW
global,1775838072744,-1,0.46284885056726055,0.7664583365196314,0.5235707477577347,0.7239059585170371,0.5459021875883368,ALLOW
global,1775838072881,-1,0.46284885056726055,0.7664583365196314,0.5235707477577347,0.6945282746689889,0.5480721560982954,STEP_UP
global,1775838073034,-1,0.46284885056726055,0.7664583365196314,0.5235707477577347,0.6945282746689889,0.550242124608254,STEP_UP
global,1775838073186,-1,0.46284885056726055,0.7664583365196314,0.5235707477577347,0.6945282746689889,0.5524120931182126,STEP_UP
global,1775838073350,-1,0.46284885056726055,0.7664583365196314,0.5235707477577347,0.7001957753074467,0.5545554677176048,STEP_UP
global,1775838073474,-1,0.46284885056726055,0.7664583365196314,0.5235707477577347,0.7001957753074467,0.5566988423169971,STEP_UP
global,1775838073633,-1,0.46284885056726055,0.7664583365196314,0.5235707477577347,0.7001957753074467,0.5588422169163894,STEP_UP
global,1775838073788,-1,0.46284885056726055,0.7664583365196314,0.5235707477577347,0.7001957753074467,0.5609855915157815,STEP_UP
global,1775838073939,-1,0.46284885056726055,0.7664583365196314,0.5235707477577347,0.7001957753074467,0.5631079437931941,STEP_UP
global,1775838074077,-1,0.46284885056726055,0.7664583365196314,0.5235707477577347,0.6903628369755483,0.565190964317279,STEP_UP
global,1775838074235,-1,0.46284885056726055,0.7664583365196314,0.5235707477577347,0.6903628369755483,0.5672739848413638,STEP_UP
global,1775838074365,-1,0.46284885056726055,0.7664583365196314,0.5235707477577347,0.6903628369755483,0.5693570053654489,STEP_UP
global,1775838074527,-1,0.46284885056726055,0.7664583365196314,0.5235707477577347,0.6903628369755483,0.5714517004885468,STEP_UP
global,1775838074676,-1,0.46284885056726055,0.7664583365196314,0.5235707477577347,0.6934704394142961,0.5735588260213997,STEP_UP
global,1775838074836,-1,0.46284885056726055,0.7664583365196314,0.5235707477577347,0.6934704394142961,0.5756659515542526,STEP_UP
global,1775838074981,-1,0.46284885056726055,0.7664583365196314,0.5235707477577347,0.6934704394142961,0.5777730770871055,STEP_UP
global,1775838075142,-1,0.46284885056726055,0.7664583365196314,0.5235707477577347,0.6934704394142961,0.5799207801248427,STEP_UP
global,1775838075280,-1,0.46284885056726055,0.7664583365196314,0.5235707477577347,0.7471039489268224,0.58228301720063,ALLOW
global,1775838075435,-1,0.46284885056726055,0.7664583365196314,0.5235707477577347,0.7471039489268224,0.5846452542764173,ALLOW
global,1775838075577,-1,0.46284885056726055,0.7664583365196314,0.5235707477577347,0.7471039489268224,0.5870074913522048,ALLOW
global,1775838075748,-1,0.46284885056726055,0.7664583365196314,0.5235707477577347,0.7471039489268224,0.587167269765405,ALLOW
global,1775838075881,-1,0.46284885056726055,0.7664583365196314,0.5235707477577347,0.7453247200932477,0.5873199312632709,ALLOW
global,1775838076036,-1,0.46284885056726055,0.7664583365196314,0.5235707477577347,0.7453247200932477,0.5874725927611367,ALLOW
global,1775838076189,-1,0.46284885056726055,0.7664583365196314,0.5235707477577347,0.7453247200932477,0.5876252542590026,ALLOW
global,1775838076344,-1,0.46284885056726055,0.7664583365196314,0.5235707477577347,0.7453247200932477,0.5877627734924569,ALLOW
global,1775838076483,-1,0.46284885056726055,0.7664583365196314,0.5235707477577347,0.7896046650199005,0.588077412505618,ALLOW
global,1775838076627,-1,0.46284885056726055,0.7664583365196314,0.5235707477577347,0.7896046650199005,0.5883920515187789,ALLOW
global,1775838076785,-1,0.46284885056726055,0.7664583365196314,0.5235707477577347,0.7896046650199005,0.5887066905319399,ALLOW
global,1775838076942,-1,0.46284885056726055,0.7664583365196314,0.5235707477577347,0.7896046650199005,0.5889534375825582,ALLOW
global,1775838077067,-1,0.46284885056726055,0.7664583365196314,0.5235707477577347,0.7226193855275223,0.5889322435152069,ALLOW
global,1775838077229,-1,0.46284885056726055,0.7664583365196314,0.5235707477577347,0.7226193855275223,0.5889110494478557,ALLOW
global,1775838077384,-1,0.46284885056726055,0.7664583365196314,0.5235707477577347,0.7226193855275223,0.5888898553805044,ALLOW
global,1775838077549,-1,0.46284885056726055,0.7664583365196314,0.5235707477577347,0.7304868376660478,0.5889033174846063,ALLOW
global,1775838077676,-1,0.46284885056726055,0.7664583365196314,0.5235707477577347,0.7304868376660478,0.5889167795887085,ALLOW
global,1775838077836,-1,0.46284885056726055,0.7664583365196314,0.5235707477577347,0.7304868376660478,0.5889302416928104,ALLOW
global,1775838077988,-1,0.46284885056726055,0.7664583365196314,0.5235707477577347,0.7304868376660478,0.5889437037969124,ALLOW
global,1775838078143,-1,0.46284885056726055,0.7664583365196314,0.5235707477577347,0.7304868376660478,0.5890684621654871,ALLOW
global,1775838078281,-1,0.46284885056726055,0.7664583365196314,0.5235707477577347,0.7154482510970696,0.5891683845879327,ALLOW
global,1775838078430,-1,0.46284885056726055,0.7664583365196314,0.5235707477577347,0.7154482510970696,0.5893022126745194,ALLOW
global,1775838078592,-1,0.46284885056726055,0.7664583365196314,0.5235707477577347,0.7154482510970696,0.5894685901986814,ALLOW
global,1775838078734,-1,0.46284885056726055,0.7664583365196314,0.5235707477577347,0.7154482510970696,0.5896189094369068,ALLOW
global,1775838078879,-1,0.46284885056726055,0.7664583365196314,0.5235707477577347,0.727610720977214,0.5898478761163222,ALLOW
global,1775838079034,-1,0.46284885056726055,0.7664583365196314,0.5235707477577347,0.727610720977214,0.5901056404549402,ALLOW
global,1775838079187,-1,0.46284885056726055,0.7664583365196314,0.5235707477577347,0.727610720977214,0.5903910505463927,ALLOW
global,1775838079335,-1,0.46284885056726055,0.7664583365196314,0.5235707477577347,0.727610720977214,0.5907127812519225,ALLOW
global,1775838079473,-1,0.46284885056726055,0.7664583365196314,0.5235707477577347,0.7090142516333132,0.5909856044058891,STEP_UP
global,1775838079637,-1,0.46284885056726055,0.7664583365196314,0.5235707477577347,0.7090142516333132,0.5912828867526353,STEP_UP
global,1775838079776,-1,0.46284885056726055,0.7664583365196314,0.5235707477577347,0.7090142516333132,0.5935290069732906,STEP_UP
global,1775838079941,-1,0.46284885056726055,0.7664583365196314,0.5235707477577347,0.7090142516333132,0.5957751271939459,STEP_UP
global,1775838080078,-1,0.46284885056726055,0.7664583365196314,0.5235707477577347,0.7350738035693408,0.5981413816659732,ALLOW
global,1775838080236,-1,0.46284885056726055,0.7664583365196314,0.5235707477577347,0.7350738035693408,0.6005076361380004,ALLOW
global,1775838080388,-1,0.46284885056726055,0.7664583365196314,0.5235707477577347,0.7350738035693408,0.6028738906100277,ALLOW
global,1775838080540,-1,0.46284885056726055,0.7664583365196314,0.5235707477577347,0.7350738035693408,0.6030184705970935,ALLOW
global,1775838080688,-1,0.46284885056726055,0.7664583365196314,0.5235707477577347,0.7173238006954805,0.6030251147787142,ALLOW
global,1775838080829,-1,0.46284885056726055,0.7664583365196314,0.5235707477577347,0.7173238006954805,0.6030317589625738,ALLOW
global,1775838080985,-1,0.46284885056726055,0.7664583365196314,0.5235707477577347,0.7173238006954805,0.6030384031464331,ALLOW
global,1775838081144,-1,0.46284885056726055,0.7664583365196314,0.5235707477577347,0.7173238006954805,0.6030450473302926,ALLOW
global,1775838081281,-1,0.46284885056726055,0.7664583365196314,0.5235707477577347,0.7097553446383794,0.6029729199945772,STEP_UP
global,1775838081436,-1,0.46284885056726055,0.7664583365196314,0.5235707477577347,0.7097553446383794,0.6029007926588619,STEP_UP
global,1775838081587,-1,0.46284885056726055,0.7664583365196314,0.5235707477577347,0.7097553446383794,0.6028286653231466,STEP_UP
global,1775838081746,-1,0.46284885056726055,0.7664583365196314,0.5235707477577347,0.7097553446383794,0.6027565379874312,STEP_UP
global,1775838081877,-1,0.46284885056726055,0.7664583365196314,0.5235707477577347,0.7476061694235167,0.6028329500805966,ALLOW
global,1775838082032,-1,0.46284885056726055,0.7664583365196314,0.5235707477577347,0.7476061694235167,0.6029093621737621,ALLOW
global,1775838082188,-1,0.46284885056726055,0.7664583365196314,0.5235707477577347,0.7476061694235167,0.6029857742669276,ALLOW
global,1775838082342,-1,0.46284885056726055,0.7664583365196314,0.5235707477577347,0.7476061694235167,0.603062186360093,ALLOW
global,1775838082480,-1,0.46284885056726055,0.7664583365196314,0.5235707477577347,0.7412916265779548,0.6032420836422111,ALLOW
global,1775838082636,-1,0.46284885056726055,0.7664583365196314,0.5235707477577347,0.7412916265779548,0.6034219809243291,ALLOW
global,1775838082793,-1,0.46284885056726055,0.7664583365196314,0.5235707477577347,0.7412916265779548,0.6036018782064472,ALLOW
global,1775838082932,-1,0.46284885056726055,0.7664583365196314,0.5235707477577347,0.7412916265779548,0.6037817754885653,ALLOW
global,1775838083076,-1,0.46284885056726055,0.7664583365196314,0.5235707477577347,0.719263339925691,0.6038790395650174,ALLOW
global,1775838083220,-1,0.46284885056726055,0.7664583365196314,0.5235707477577347,0.719263339925691,0.6039763036414696,ALLOW
global,1775838083382,-1,0.46284885056726055,0.7664583365196314,0.5235707477577347,0.719263339925691,0.6040735677179219,ALLOW
global,1775838083543,-1,0.46284885056726055,0.7664583365196314,0.5235707477577347,0.719263339925691,0.604170831794374,ALLOW
global,1775838083681,-1,0.46284885056726055,0.7664583365196314,0.5235707477577347,0.69941457211553,0.6042000770431395,STEP_UP
global,1775838083820,-1,0.46284885056726055,0.7664583365196314,0.5235707477577347,0.69941457211553,0.604229322291905,STEP_UP
global,1775838083977,-1,0.46284885056726055,0.7664583365196314,0.5235707477577347,0.69941457211553,0.6042585675406705,STEP_UP
global,1775838084142,-1,0.46284885056726055,0.7664583365196314,0.5235707477577347,0.69941457211553,0.6041635793842282,STEP_UP
global,1775838084276,-1,0.46284885056726055,0.7664583365196314,0.5235707477577347,0.6984688533979246,0.6040648083529154,STEP_UP
global,1775838084421,-1,0.46284885056726055,0.7664583365196314,0.5235707477577347,0.6984688533979246,0.6039660373216027,STEP_UP
global,1775838084582,-1,0.46284885056726055,0.7664583365196314,0.5235707477577347,0.6984688533979246,0.6038672662902901,STEP_UP
global,1775838084745,-1,0.46284885056726055,0.7664583365196314,0.5235707477577347,0.6984688533979246,0.6037684952589774,STEP_UP
global,1775838084879,-1,0.46284885056726055,0.7664583365196314,0.5235707477577347,0.7132446768811154,0.6037462407254196,STEP_UP
global,1775838085030,-1,0.46284885056726055,0.7664583365196314,0.5235707477577347,0.7132446768811154,0.6037239861918621,STEP_UP
global,1775838085184,-1,0.46284885056726055,0.7664583365196314,0.5235707477577347,0.7132446768811154,0.6037017316583044,STEP_UP
global,1775838085341,-1,0.46284885056726055,0.7664583365196314,0.5235707477577347,0.7132446768811154,0.6036794771247468,STEP_UP
global,1775838085480,-1,0.46284885056726055,0.7664583365196314,0.5235707477577347,0.7005505692509439,0.6034647154522487,STEP_UP
global,1775838085636,-1,0.46284885056726055,0.7664583365196314,0.5235707477577347,0.7005505692509439,0.6032499537797505,STEP_UP
global,1775838085787,-1,0.46284885056726055,0.7664583365196314,0.5235707477577347,0.7005505692509439,0.6030351921072525,STEP_UP
global,1775838085947,-1,0.46284885056726055,0.7664583365196314,0.5235707477577347,0.6938634181854882,0.6027936818304924,STEP_UP
global,1775840898460,-1,0.0,0.7664583365196314,0.1532916673039263,0.0,0.1532916673039263,LOCK
global,1775840898579,-1,0.0,0.7664583365196314,0.1532916673039263,0.0,0.1532916673039263,LOCK
global,1775840898728,-1,0.0,0.7664583365196314,0.1532916673039263,0.0,0.1532916673039263,LOCK
global,1775840898878,-1,0.0,0.7664583365196314,0.1532916673039263,0.0,0.1532916673039263,LOCK
global,1775840899028,-1,0.0,0.7664583365196314,0.1532916673039263,0.0,0.1532916673039263,LOCK
global,1775840899175,-1,0.0,0.7664583365196314,0.1532916673039263,0.0,0.1532916673039263,LOCK
global,1775840899329,-1,0.0,0.7664583365196314,0.1532916673039263,0.0,0.15329166730392632,LOCK
global,1775840899480,-1,0.0,0.7664583365196314,0.1532916673039263,0.0,0.1532916673039263,LOCK
global,1775840899631,-1,0.0,0.7664583365196314,0.1532916673039263,0.0,0.1532916673039263,LOCK
global,1775840899778,-1,0.0,0.7664583365196314,0.1532916673039263,0.0,0.15329166730392627,LOCK
global,1775840899931,-1,0.0,0.7664583365196314,0.1532916673039263,0.0,0.15329166730392627,LOCK
global,1775840900079,-1,0.0,0.7664583365196314,0.1532916673039263,0.0,0.15329166730392627,LOCK
global,1775840900230,-1,0.0,0.7664583365196314,0.1532916673039263,0.0,0.15329166730392624,LOCK
global,1775840900383,-1,0.0,0.7664583365196314,0.1532916673039263,0.0,0.15329166730392624,LOCK
global,1775840900537,-1,0.0,0.7664583365196314,0.1532916673039263,0.0,0.15329166730392624,LOCK
global,1775840900682,-1,0.0,0.7664583365196314,0.1532916673039263,0.0,0.1532916673039263,LOCK
global,1775840900836,-1,0.0,0.7664583365196314,0.1532916673039263,0.0,0.1532916673039263,LOCK
global,1775840901005,-1,0.0,0.7664583365196314,0.1532916673039263,0.0,0.1532916673039263,LOCK
global,1775840901126,-1,0.0,0.7664583365196314,0.1532916673039263,0.0,0.15329166730392627,LOCK
global,1775840901278,-1,0.0,0.7664583365196314,0.1532916673039263,0.0,0.15329166730392627,LOCK
global,1775840901435,-1,0.0,0.7664583365196314,0.1532916673039263,0.0,0.15329166730392627,LOCK
global,1775840901581,-1,0.0,0.7664583365196314,0.1532916673039263,0.0,0.15329166730392627,LOCK
global,1775840901734,-1,0.0,0.7664583365196314,0.1532916673039263,0.0,0.15329166730392627,LOCK
global,1775840901882,-1,0.0,0.7664583365196314,0.1532916673039263,0.0,0.1532916673039263,LOCK
global,1775840902037,-1,0.0,0.7664583365196314,0.1532916673039263,0.0,0.1532916673039263,LOCK
global,1775840902181,-1,0.0,0.7664583365196314,0.1532916673039263,0.0,0.1532916673039263,LOCK
global,1775840902333,-1,0.0,0.7664583365196314,0.1532916673039263,0.0,0.1532916673039263,LOCK
global,1775840905333,-1,0.0,0.7664583365196314,0.1532916673039263,0.0,0.15329166730392627,LOCK
global,1775840905477,-1,0.0,0.7664583365196314,0.1532916673039263,0.0,0.15329166730392627,LOCK
global,1775840905628,-1,0.0,0.7664583365196314,0.1532916673039263,0.7038950540850539,0.16063304579434132,STEP_UP
global,1775840905781,-1,0.0,0.7664583365196314,0.1532916673039263,0.7038950540850539,0.16750078696279408,STEP_UP
global,1775840905929,-1,0.0,0.7664583365196314,0.1532916673039263,0.7038950540850539,0.17393929430821858,STEP_UP
global,1775840906082,-1,0.0,0.7664583365196314,0.1532916673039263,0.7038950540850539,0.1799875890872537,STEP_UP
global,1775840906228,-1,0.0,0.7664583365196314,0.1532916673039263,0.7014935312306323,0.1856518486104112,STEP_UP
global,1775840906382,-1,0.0,0.7664583365196314,0.1532916673039263,0.7014935312306323,0.19099243616081685,STEP_UP
global,1775840906530,-1,0.0,0.7664583365196314,0.1532916673039263,0.7014935312306323,0.19603632440286664,STEP_UP
global,1775840906684,-1,0.0,0.7664583365196314,0.1532916673039263,0.7014935312306323,0.20080757003723806,STEP_UP
global,1775840906833,-1,0.0,0.7664583365196314,0.1532916673039263,0.705976305191677,0.20537488457465355,STEP_UP
global,1775840906982,-1,0.0,0.7664583365196314,0.1532916673039263,0.705976305191677,0.20970797785374004,STEP_UP
global,1775840907133,-1,0.0,0.7664583365196314,0.1532916673039263,0.705976305191677,0.21382441646887215,STEP_UP
global,1775840907284,-1,0.0,0.7664583365196314,0.1532916673039263,0.705976305191677,0.21774005320033935,STEP_UP
global,1775840907432,-1,0.0,0.7664583365196314,0.1532916673039263,0.6989597753053862,0.22140240694567676,STEP_UP
global,1775840907578,-1,0.0,0.7664583365196314,0.1532916673039263,0.6989597753053862,0.22489441865634732,STEP_UP
global,1775840907737,-1,0.0,0.7664583365196314,0.1532916673039263,0.6989597753053862,0.2282277025619874,STEP_UP
global,1775840907885,-1,0.0,0.7664583365196314,0.1532916673039263,0.6989597753053862,0.2314128405162657,STEP_UP
global,1775840908035,-1,0.0,0.7664583365196314,0.1532916673039263,0.6827990263085334,0.2343189659595158,STEP_UP
global,1775840908178,-1,0.0,0.7664583365196314,0.1532916673039263,0.6827990263085334,0.23710142649028715,STEP_UP
global,1775840908335,-1,0.0,0.7664583365196314,0.1532916673039263,0.6827990263085334,0.2397679511656096,STEP_UP
global,1775840908483,-1,0.0,0.7664583365196314,0.1532916673039263,0.6827990263085334,0.24232563809908225,STEP_UP
global,1775840908628,-1,0.0,0.7664583365196314,0.1532916673039263,0.73159836698534,0.24517141228063044,STEP_UP
global,1775840908776,-1,0.0,0.7664583365196314,0.1532916673039263,0.73159836698534,0.2479055874746669,STEP_UP
global,1775840908934,-1,0.0,0.7664583365196314,0.1532916673039263,0.73159836698534,0.2505346020843174,STEP_UP
global,1775840909083,-1,0.0,0.7664583365196314,0.1532916673039263,0.73159836698534,0.25306440859549045,STEP_UP
global,1775840909233,-1,0.0,0.7664583365196314,0.1532916673039263,0.6912742639742862,0.2552018215098716,STEP_UP
global,1775840909415,-1,0.4628488510336648,0.7664583365196314,0.5235707481308581,0.6912742639742862,0.2613009184727508,STEP_UP
global,1775840909558,-1,0.46284885056726055,0.7664583365196314,0.5235707477577347,0.6912742639742862,0.26718219054010095,STEP_UP
global,1775840909705,-1,0.46284885056726055,0.7664583365196314,0.5235707477577347,0.6912742639742862,0.2728571021840352,STEP_UP
global,1775840909855,-1,0.46284885056726055,0.7664583365196314,0.5235707477577347,0.6807959283048953,0.27826406283563115,STEP_UP
global,1775840910009,-1,0.46284885056726055,0.7664583365196314,0.5235707477577347,0.6807959283048953,0.28348773668547805,STEP_UP
global,1775840910161,-1,0.46284885056726055,0.7664583365196314,0.5235707477577347,0.6807959283048953,0.28853728807366336,STEP_UP
global,1775840910314,-1,0.46284885056726055,0.7664583365196314,0.5235707477577347,0.6807959283048953,0.293421280399941,STEP_UP
global,1775840910455,-1,0.46284885056726055,0.7664583365196314,0.5235707477577347,0.6758875839533187,0.29811605784890916,STEP_UP
global,1775840910608,-1,0.46284885056726055,0.7664583365196314,0.5235707477577347,0.6758875839533187,0.3026617947439418,STEP_UP
global,1775840910745,-1,0.46284885056726055,0.7664583365196314,0.5235707477577347,0.6758875839533187,0.30706547736100487,STEP_UP
global,1775840910915,-1,0.46284885056726055,0.7664583365196314,0.5235707477577347,0.6758875839533187,0.3113336620513889,STEP_UP
global,1775840911059,-1,0.46284885056726055,0.7664583365196314,0.5235707477577347,0.6726462406191283,0.31545286330670563,STEP_UP
global,1775840911193,-1,0.46284885056726055,0.7664583365196314,0.5235707477577347,0.6726462406191283,0.31944910333052035,STEP_UP
global,1775840911356,-1,0.46284885056726055,0.7358000030588461,0.5174390810655777,0.6726462406191283,0.323273703941645,STEP_UP
global,1775840911512,-1,0.46284885056726055,0.7063680029364922,0.5115526810411068,0.6726462406191283,0.3269362604768721,STEP_UP
global,1775840911647,-1,0.46284885056726055,0.6781132828190325,0.505901737017615,0.685571182201872,0.3305195926856499,STEP_UP
global,1775840911797,-1,0.46284885056726055,0.6509887515062712,0.5004768307550627,0.685571182201872,0.3339561416806941,STEP_UP
global,1775840911955,-1,0.46284885056726055,0.6249492014460204,0.49526892074301254,0.685571182201872,0.3372538317313311,STEP_UP
global,1775840912110,-1,0.46284885056726055,0.5999512333881796,0.4902693271314444,0.685571182201872,0.3404200815591158,STEP_UP
global,1775840912251,-1,0.46284885056726055,0.5759531840526524,0.48546971726433896,0.7190783464856101,0.3436429611184906,STEP_UP
global,1775840912404,-1,0.46284885056726055,0.5529150566905463,0.48086209179191775,0.7190783464856101,0.3467430362191693,STEP_UP
global,1775840912558,-1,0.46284885056726055,0.5307984544229244,0.47643877133839335,0.7190783464856101,0.34972660944519707,STEP_UP
global,1775840913158,-1,0.46284885056726055,0.5095665162460074,0.47219238370301,0.7029983703719263,0.35251606618448766,STEP_UP
global,1775840913312,-1,0.46284885056726055,0.48918385559616706,0.4681158515730419,0.7029983703719263,0.35520264045254035,STEP_UP
global,1775840913452,-1,0.46284885056726055,0.46961650137232036,0.4642023807282726,0.6836981229028641,0.35769375484678806,STEP_UP
global,1775840913608,-1,0.46284885056726055,0.7664583365196314,0.5235707477577347,0.6836981229028641,0.36056785413390047,STEP_UP
global,1775840913766,-1,0.46284885056726055,0.7664583365196314,0.5235707477577347,0.6836981229028641,0.3633709880065164,STEP_UP
global,1775840913903,-1,0.46284885056726055,0.7664583365196314,0.5235707477577347,0.6836981229028641,0.366105752760288,STEP_UP
global,1775840914052,-1,0.46284885056726055,0.7664583365196314,0.5235707477577347,0.6839502878350128,0.3687758348208706,STEP_UP
global,1775840914209,-1,0.46284885056726055,0.7664583365196314,0.5235707477577347,0.6839502878350128,0.3713823434990584,STEP_UP
global,1775840914360,-1,0.46284885056726055,0.7664583365196314,0.5235707477577347,0.6839502878350128,0.37392752256128886,STEP_UP
global,1775840914519,-1,0.46284885056726055,0.7664583365196314,0.5235707477577347,0.6839502878350128,0.37641351141276974,STEP_UP
global,1775840914649,-1,0.46284885056726055,0.7664583365196314,0.5235707477577347,0.6729893450936949,0.3787919559562105,STEP_UP
global,1775840914814,-1,0.46284885056726055,0.7664583365196314,0.5235707477577347,0.6729893450936949,0.3811163449418459,STEP_UP
global,1775840914951,-1,0.46284885056726055,0.7664583365196314,0.5235707477577347,0.6729893450936949,0.38338850046712986,STEP_UP
global,1775840915115,-1,0.46284885056726055,0.7664583365196314,0.5235707477577347,0.6729893450936949,0.38561016364740747,STEP_UP
global,1775840915255,-1,0.46284885056726055,0.7664583365196314,0.5235707477577347,0.6765408237821634,0.3877986099608151,STEP_UP
global,1775840915409,-1,0.46284885056726055,0.7664583365196314,0.5235707477577347,0.6765408237821634,0.3899394813543661,STEP_UP
global,1775840915556,-1,0.46284885056726055,0.7664583365196314,0.5235707477577347,0.6765408237821634,0.3920343125028945,STEP_UP
global,1778520923321,-1,0.0,0.7664583365196314,0.1532916673039263,0.0,0.1532916673039263,LOCK
global,1778520923456,-1,0.0,0.7664583365196314,0.1532916673039263,0.0,0.1532916673039263,LOCK
global,1778520923612,-1,0.0,0.7664583365196314,0.1532916673039263,0.0,0.1532916673039263,LOCK
global,1778520923765,-1,0.0,0.7664583365196314,0.1532916673039263,0.0,0.1532916673039263,LOCK
global,1778520923905,-1,0.0,0.7664583365196314,0.1532916673039263,0.0,0.1532916673039263,LOCK
global,1778520924055,-1,0.0,0.7664583365196314,0.1532916673039263,0.0,0.1532916673039263,LOCK
global,1778520924206,-1,0.0,0.7664583365196314,0.1532916673039263,0.0,0.15329166730392632,LOCK
global,1778520924361,-1,0.0,0.7664583365196314,0.1532916673039263,0.0,0.1532916673039263,LOCK
global,1778520924511,-1,0.0,0.7664583365196314,0.1532916673039263,0.0,0.1532916673039263,LOCK
global,1778520924660,-1,0.0,0.7664583365196314,0.1532916673039263,0.0,0.15329166730392627,LOCK
global,1778520924813,-1,0.0,0.7664583365196314,0.1532916673039263,0.0,0.15329166730392627,LOCK
global,1778520924966,-1,0.0,0.7664583365196314,0.1532916673039263,0.0,0.15329166730392627,LOCK
global,1778520925114,-1,0.0,0.7664583365196314,0.1532916673039263,0.0,0.15329166730392624,LOCK
global,1778520925259,-1,0.0,0.7664583365196314,0.1532916673039263,0.0,0.15329166730392624,LOCK
global,1778520925418,-1,0.0,0.7664583365196314,0.1532916673039263,0.0,0.15329166730392624,LOCK
global,1778520925561,-1,0.0,0.7664583365196314,0.1532916673039263,0.0,0.1532916673039263,LOCK
global,1778520925715,-1,0.0,0.7664583365196314,0.1532916673039263,0.0,0.1532916673039263,LOCK
global,1778520925865,-1,0.0,0.7664583365196314,0.1532916673039263,0.0,0.1532916673039263,LOCK
global,1778520926015,-1,0.0,0.7664583365196314,0.1532916673039263,0.0,0.15329166730392627,LOCK
global,1778520926166,-1,0.0,0.7664583365196314,0.1532916673039263,0.0,0.15329166730392627,LOCK
global,1778520926309,-1,0.0,0.7664583365196314,0.1532916673039263,0.0,0.15329166730392627,LOCK
global,1778520926477,-1,0.0,0.7664583365196314,0.1532916673039263,0.0,0.15329166730392627,LOCK
global,1778520926615,-1,0.0,0.7664583365196314,0.1532916673039263,0.0,0.15329166730392627,LOCK
global,1778520926764,-1,0.0,0.7664583365196314,0.1532916673039263,0.0,0.1532916673039263,LOCK
global,1778520926916,-1,0.0,0.7664583365196314,0.1532916673039263,0.0,0.1532916673039263,LOCK
global,1778520927066,-1,0.0,0.7664583365196314,0.1532916673039263,0.0,0.1532916673039263,LOCK
global,1778520927215,-1,0.0,0.7664583365196314,0.1532916673039263,0.0,0.1532916673039263,LOCK
global,1778520927355,-1,0.0,0.7664583365196314,0.1532916673039263,0.0,0.15329166730392627,LOCK
global,1778520927516,-1,0.0,0.7664583365196314,0.1532916673039263,0.0,0.15329166730392627,LOCK
global,1778520927662,-1,0.0,0.7664583365196314,0.1532916673039263,0.0,0.15329166730392627,LOCK
global,1778520927813,-1,0.0,0.7664583365196314,0.1532916673039263,0.0,0.15329166730392627,LOCK
global,1778520927963,-1,0.0,0.7664583365196314,0.1532916673039263,0.0,0.1532916673039263,LOCK
global,1778520928115,-1,0.0,0.7664583365196314,0.1532916673039263,0.0,0.1532916673039263,LOCK
global,1778520928265,-1,0.0,0.7664583365196314,0.1532916673039263,0.0,0.1532916673039263,LOCK
global,1778520928410,-1,0.0,0.7664583365196314,0.1532916673039263,0.0,0.1532916673039263,LOCK
global,1778520928572,-1,0.0,0.7664583365196314,0.1532916673039263,0.0,0.1532916673039263,LOCK
global,1778520928708,-1,0.0,0.7664583365196314,0.1532916673039263,0.0,0.15329166730392627,LOCK
global,1778520928864,-1,0.0,0.7664583365196314,0.1532916673039263,0.0,0.15329166730392627,LOCK
global,1778520929017,-1,0.0,0.7664583365196314,0.1532916673039263,0.0,0.15329166730392627,LOCK
global,1778520929165,-1,0.0,0.7664583365196314,0.1532916673039263,0.0,0.1532916673039263,LOCK
global,1778520929317,-1,0.0,0.7664583365196314,0.1532916673039263,0.0,0.1532916673039263,LOCK
global,1778520929460,-1,0.0,0.7664583365196314,0.1532916673039263,0.0,0.1532916673039263,LOCK
global,1778520929610,-1,0.0,0.7664583365196314,0.1532916673039263,0.0,0.1532916673039263,LOCK
global,1778520929767,-1,0.0,0.7664583365196314,0.1532916673039263,0.0,0.1532916673039263,LOCK
global,1778520929916,-1,0.0,0.7664583365196314,0.1532916673039263,0.0,0.1532916673039263,LOCK
global,1778520930064,-1,0.0,0.7664583365196314,0.1532916673039263,0.0,0.15329166730392627,LOCK
global,1778520930217,-1,0.0,0.7664583365196314,0.1532916673039263,0.0,0.15329166730392627,LOCK
global,1778520930364,-1,0.0,0.7664583365196314,0.1532916673039263,0.0,0.1532916673039263,LOCK
global,1778520930511,-1,0.0,0.7664583365196314,0.1532916673039263,0.0,0.1532916673039263,LOCK
global,1778520930661,-1,0.0,0.7664583365196314,0.1532916673039263,0.0,0.1532916673039263,LOCK
global,1778520930810,-1,0.0,0.7664583365196314,0.1532916673039263,0.0,0.1532916673039263,LOCK
global,1778520930965,-1,0.0,0.7664583365196314,0.1532916673039263,0.0,0.1532916673039263,LOCK
global,1778520931116,-1,0.0,0.7664583365196314,0.1532916673039263,0.0,0.1532916673039263,LOCK
global,1778520931266,-1,0.0,0.7664583365196314,0.1532916673039263,0.0,0.15329166730392632,LOCK
global,1778520931440,-1,0.0,0.7664583365196314,0.1532916673039263,0.0,0.15329166730392632,LOCK
global,1778520931558,-1,0.0,0.7664583365196314,0.1532916673039263,0.0,0.15329166730392632,LOCK
global,1778520931706,-1,0.0,0.7664583365196314,0.1532916673039263,0.0,0.15329166730392632,LOCK
global,1778520931866,-1,0.0,0.7664583365196314,0.1532916673039263,0.0,0.15329166730392635,LOCK
global,1778520932016,-1,0.0,0.7664583365196314,0.1532916673039263,0.0,0.15329166730392635,LOCK
global,1778520955973,-1,0.0,0.7664583365196314,0.1532916673039263,0.0,0.15329166730392635,LOCK
global,1778520956098,-1,0.0,0.7664583365196314,0.1532916673039263,0.0,0.15329166730392638,LOCK
global,1778520956251,-1,0.0,0.7664583365196314,0.1532916673039263,0.0,0.15329166730392638,LOCK
global,1778520956403,-1,0.0,0.7664583365196314,0.1532916673039263,0.0,0.1532916673039264,LOCK
global,1778520956551,-1,0.0,0.7664583365196314,0.1532916673039263,0.0,0.1532916673039263,LOCK
global,1778520956699,-1,0.0,0.7664583365196314,0.1532916673039263,0.0,0.1532916673039263,LOCK
global,1778520956855,-1,0.0,0.7664583365196314,0.1532916673039263,0.0,0.15329166730392632,LOCK
global,1778520957020,-1,0.0,0.7664583365196314,0.1532916673039263,0.0,0.15329166730392632,LOCK
global,1778520957151,-1,0.0,0.7664583365196314,0.1532916673039263,0.0,0.15329166730392635,LOCK
global,1778520957298,-1,0.0,0.7664583365196314,0.1532916673039263,0.0,0.15329166730392635,LOCK
global,1778520957450,-1,0.0,0.7664583365196314,0.1532916673039263,0.0,0.15329166730392635,LOCK
global,1778520957601,-1,0.0,0.7664583365196314,0.1532916673039263,0.0,0.15329166730392638,LOCK
global,1778520957752,-1,0.0,0.7664583365196314,0.1532916673039263,0.0,0.1532916673039263,LOCK
global,1778520957900,-1,0.0,0.7664583365196314,0.1532916673039263,0.0,0.1532916673039263,LOCK
global,1778520958054,-1,0.0,0.7664583365196314,0.1532916673039263,0.0,0.1532916673039263,LOCK
global,1778520958203,-1,0.0,0.7664583365196314,0.1532916673039263,0.0,0.15329166730392632,LOCK
global,1778520958351,-1,0.0,0.7664583365196314,0.1532916673039263,0.0,0.15329166730392632,LOCK
global,1778520958498,-1,0.0,0.7664583365196314,0.1532916673039263,0.0,0.15329166730392632,LOCK
global,1778520958649,-1,0.0,0.7664583365196314,0.1532916673039263,0.0,0.15329166730392635,LOCK
global,1778520958803,-1,0.0,0.7664583365196314,0.1532916673039263,0.0,0.15329166730392635,LOCK
global,1778520958949,-1,0.0,0.7664583365196314,0.1532916673039263,0.0,0.15329166730392627,LOCK
global,1778520959099,-1,0.0,0.7664583365196314,0.1532916673039263,0.0,0.1532916673039263,LOCK
global,1778520959249,-1,0.0,0.7664583365196314,0.1532916673039263,0.0,0.1532916673039263,LOCK
global,1778520959396,-1,0.0,0.7664583365196314,0.1532916673039263,0.0,0.1532916673039263,LOCK
global,1778520959546,-1,0.0,0.7664583365196314,0.1532916673039263,0.0,0.15329166730392632,LOCK
global,1778520959707,-1,0.0,0.7664583365196314,0.1532916673039263,0.0,0.15329166730392632,LOCK
global,1778520959849,-1,0.0,0.7664583365196314,0.1532916673039263,0.0,0.15329166730392632,LOCK
global,1778520960011,-1,0.0,0.7664583365196314,0.1532916673039263,0.0,0.15329166730392635,LOCK
global,1778520960151,-1,0.0,0.7664583365196314,0.1532916673039263,0.0,0.15329166730392627,LOCK
global,1778520960300,-1,0.0,0.7664583365196314,0.1532916673039263,0.0,0.15329166730392627,LOCK
global,1778520960451,-1,0.0,0.7664583365196314,0.1532916673039263,0.0,0.1532916673039263,LOCK
global,1778520960597,-1,0.0,0.7664583365196314,0.1532916673039263,0.0,0.1532916673039263,LOCK
global,1778520960755,-1,0.0,0.7664583365196314,0.1532916673039263,0.0,0.1532916673039263,LOCK
global,1778520960898,-1,0.0,0.7664583365196314,0.1532916673039263,0.0,0.1532916673039263,LOCK
global,1778520961048,-1,0.0,0.7664583365196314,0.1532916673039263,0.0,0.15329166730392632,LOCK
global,1778520961200,-1,0.0,0.7664583365196314,0.1532916673039263,0.0,0.15329166730392632,LOCK
global,1778520961349,-1,0.0,0.7664583365196314,0.1532916673039263,0.0,0.15329166730392627,LOCK
global,1778520961502,-1,0.0,0.7664583365196314,0.1532916673039263,0.0,0.15329166730392627,LOCK
global,1778520961652,-1,0.0,0.7664583365196314,0.1532916673039263,0.0,0.15329166730392627,LOCK
global,1778520961805,-1,0.0,0.7664583365196314,0.1532916673039263,0.0,0.1532916673039263,LOCK
global,1778520961955,-1,0.0,0.7664583365196314,0.1532916673039263,0.0,0.1532916673039263,LOCK
global,1778520962101,-1,0.0,0.7664583365196314,0.1532916673039263,0.0,0.1532916673039263,LOCK
global,1778520962252,-1,0.0,0.7664583365196314,0.1532916673039263,0.0,0.1532916673039263,LOCK
global,1778520962402,-1,0.0,0.7664583365196314,0.1532916673039263,0.0,0.1532916673039263,LOCK
global,1778520962553,-1,0.0,0.7664583365196314,0.1532916673039263,0.0,0.1532916673039263,LOCK
global,1778520962693,-1,0.0,0.7664583365196314,0.1532916673039263,0.0,0.1532916673039263,LOCK
global,1778520962852,-1,0.0,0.7664583365196314,0.1532916673039263,0.0,0.1532916673039263,LOCK
global,1778520962999,-1,0.0,0.7664583365196314,0.1532916673039263,0.0,0.1532916673039263,LOCK
global,1778520963148,-1,0.0,0.7664583365196314,0.1532916673039263,0.0,0.1532916673039263,LOCK
global,1778520963296,-1,0.0,0.7664583365196314,0.1532916673039263,0.0,0.1532916673039263,LOCK
global,1778520963449,-1,0.0,0.7664583365196314,0.1532916673039263,0.0,0.1532916673039263,LOCK
global,1778520963599,-1,0.0,0.7664583365196314,0.1532916673039263,0.0,0.1532916673039263,LOCK
global,1778520963749,-1,0.0,0.7664583365196314,0.1532916673039263,0.0,0.1532916673039263,LOCK
global,1778520963900,-1,0.0,0.7664583365196314,0.1532916673039263,0.0,0.1532916673039263,LOCK
global,1778520964053,-1,0.0,0.7664583365196314,0.1532916673039263,0.0,0.1532916673039263,LOCK
global,1778520964204,-1,0.0,0.7664583365196314,0.1532916673039263,0.0,0.1532916673039263,LOCK
global,1778520964343,-1,0.0,0.7664583365196314,0.1532916673039263,0.0,0.1532916673039263,LOCK
global,1778520964504,-1,0.0,0.7664583365196314,0.1532916673039263,0.0,0.1532916673039263,LOCK
global,1778520964741,-1,0.0,0.7664583365196314,0.1532916673039263,0.0,0.1532916673039263,LOCK
global,1778520965766,-1,0.0,0.7664583365196314,0.1532916673039263,0.0,0.1532916673039263,LOCK
global,1778520981310,-1,0.0,0.7664583365196314,0.1532916673039263,0.0,0.1532916673039263,LOCK
global,1778520981440,-1,0.0,0.7664583365196314,0.1532916673039263,0.0,0.1532916673039263,LOCK
global,1778520981596,-1,0.0,0.7664583365196314,0.1532916673039263,0.0,0.1532916673039263,LOCK
global,1778520983262,-1,0.0,0.7664583365196314,0.1532916673039263,0.0,0.1532916673039263,LOCK
global,1778520983405,-1,0.0,0.7664583365196314,0.1532916673039263,0.0,0.1532916673039263,LOCK
global,1778520983559,-1,0.0,0.7664583365196314,0.1532916673039263,0.0,0.1532916673039263,LOCK
global,1778520983712,-1,0.0,0.7664583365196314,0.1532916673039263,0.0,0.1532916673039263,LOCK
global,1778520983863,-1,0.0,0.7664583365196314,0.1532916673039263,0.0,0.1532916673039263,LOCK
global,1778520984013,-1,0.0,0.7664583365196314,0.1532916673039263,0.0,0.1532916673039263,LOCK
global,1778520984162,-1,0.0,0.7664583365196314,0.1532916673039263,0.0,0.1532916673039263,LOCK
global,1778520984308,-1,0.0,0.7664583365196314,0.1532916673039263,0.0,0.1532916673039263,LOCK
global,1778520984461,-1,0.0,0.7664583365196314,0.1532916673039263,0.0,0.1532916673039263,LOCK
global,1778520984614,-1,0.0,0.7664583365196314,0.1532916673039263,0.0,0.1532916673039263,LOCK
global,1778520984763,-1,0.0,0.7664583365196314,0.1532916673039263,0.0,0.1532916673039263,LOCK
global,1778520984913,-1,0.0,0.7664583365196314,0.1532916673039263,0.0,0.1532916673039263,LOCK
global,1778520985061,-1,0.0,0.7664583365196314,0.1532916673039263,0.0,0.1532916673039263,LOCK
global,1778520985213,-1,0.0,0.7664583365196314,0.1532916673039263,0.0,0.1532916673039263,LOCK
global,1778520985355,-1,0.0,0.7664583365196314,0.1532916673039263,0.0,0.1532916673039263,LOCK
global,1778520985510,-1,0.0,0.7664583365196314,0.1532916673039263,0.0,0.1532916673039263,LOCK
global,1778520985662,-1,0.0,0.7664583365196314,0.1532916673039263,0.0,0.1532916673039263,LOCK
global,1778520985813,-1,0.0,0.7664583365196314,0.1532916673039263,0.0,0.1532916673039263,LOCK
global,1778520985961,-1,0.0,0.7664583365196314,0.1532916673039263,0.0,0.1532916673039263,LOCK
global,1778520986114,-1,0.0,0.7664583365196314,0.1532916673039263,0.0,0.1532916673039263,LOCK
global,1778520986260,-1,0.0,0.7664583365196314,0.1532916673039263,0.0,0.1532916673039263,LOCK
global,1778520986407,-1,0.0,0.7664583365196314,0.1532916673039263,0.0,0.1532916673039263,LOCK
global,1778520986558,-1,0.0,0.7664583365196314,0.1532916673039263,0.0,0.1532916673039263,LOCK
global,1778520986706,-1,0.0,0.7664583365196314,0.1532916673039263,0.0,0.1532916673039263,LOCK
global,1778520986857,-1,0.0,0.7664583365196314,0.1532916673039263,0.0,0.1532916673039263,LOCK
global,1778520987005,-1,0.0,0.7664583365196314,0.1532916673039263,0.0,0.1532916673039263,LOCK
global,1778520987160,-1,0.0,0.7664583365196314,0.1532916673039263,0.0,0.1532916673039263,LOCK
global,1778520987311,-1,0.0,0.7664583365196314,0.1532916673039263,0.7057105938301511,0.15550134301003118,STEP_UP
global,1778520987455,-1,0.0,0.7664583365196314,0.1532916673039263,0.7057105938301511,0.15771101871613605,STEP_UP
global,1778520987612,-1,0.0,0.7664583365196314,0.1532916673039263,0.7057105938301511,0.15992069442224094,STEP_UP
global,1778520987761,-1,0.0,0.7664583365196314,0.1532916673039263,0.7057105938301511,0.16213037012834583,STEP_UP
global,1778520987912,-1,0.0,0.7664583365196314,0.1532916673039263,0.710936630226139,0.1643609499800347,STEP_UP
global,1778520988061,-1,0.0,0.7664583365196314,0.1532916673039263,0.710936630226139,0.16659152983172354,STEP_UP
global,1778520988212,-1,0.0,0.7664583365196314,0.1532916673039263,0.710936630226139,0.1688221096834124,STEP_UP
global,1778520988362,-1,0.0,0.7664583365196314,0.1532916673039263,0.710936630226139,0.17105268953510128,STEP_UP
global,1778520988508,-1,0.0,0.7664583365196314,0.1532916673039263,0.7103123280566673,0.1732807721781122,STEP_UP
global,1778520988661,-1,0.0,0.7664583365196314,0.1532916673039263,0.7103123280566673,0.17550885482112316,STEP_UP
global,1778520988815,-1,0.0,0.7664583365196314,0.1532916673039263,0.7103123280566673,0.1777369374641341,STEP_UP
global,1778520988960,-1,0.0,0.7664583365196314,0.1532916673039263,0.7103123280566673,0.17996502010714507,STEP_UP
global,1778520989114,-1,0.0,0.7664583365196314,0.1532916673039263,0.7049687291822373,0.18217172835465834,STEP_UP
global,1778520989259,-1,0.0,0.7664583365196314,0.1532916673039263,0.7049687291822373,0.18437843660217162,STEP_UP
global,1778520989410,-1,0.0,0.7664583365196314,0.1532916673039263,0.7049687291822373,0.1865851448496849,STEP_UP
global,1778520989559,-1,0.0,0.7664583365196314,0.1532916673039263,0.7049687291822373,0.18879185309719815,STEP_UP
global,1778520989710,-1,0.0,0.7664583365196314,0.1532916673039263,0.7153933287705473,0.19104025974306463,STEP_UP
global,1778520989861,-1,0.0,0.7664583365196314,0.1532916673039263,0.7153933287705473,0.19328866638893114,STEP_UP
global,1778520990014,-1,0.0,0.7664583365196314,0.1532916673039263,0.7153933287705473,0.19553707303479761,STEP_UP
global,1778520990159,-1,0.0,0.7664583365196314,0.1532916673039263,0.7153933287705473,0.19778547968066412,STEP_UP
global,1778520990314,-1,0.0,0.7664583365196314,0.1532916673039263,0.7314071142881242,0.20009794146860085,STEP_UP
global,1778520990460,-1,0.0,0.7664583365196314,0.1532916673039263,0.7314071142881242,0.20241040325653764,STEP_UP
global,1778520990612,-1,0.0,0.7664583365196314,0.1532916673039263,0.7314071142881242,0.2047228650444744,STEP_UP
global,1778520990760,-1,0.0,0.7664583365196314,0.1532916673039263,0.7314071142881242,0.20703532683241113,STEP_UP
global,1778520990915,-1,0.0,0.7664583365196314,0.1532916673039263,0.7061450495761814,0.20924674036150015,STEP_UP
global,1778520991059,-1,0.0,0.7664583365196314,0.1532916673039263,0.7061450495761814,0.21145815389058917,STEP_UP
global,1778520991216,-1,0.0,0.7664583365196314,0.1532916673039263,0.7061450495761814,0.2136695674196782,STEP_UP
global,1778521223669,-1,0.0,0.7664583365196314,0.1532916673039263,0.0,0.1532916673039263,LOCK
global,1778521223807,-1,0.0,0.7664583365196314,0.1532916673039263,0.0,0.1532916673039263,LOCK
global,1778521223955,-1,0.0,0.7664583365196314,0.1532916673039263,0.0,0.1532916673039263,LOCK
global,1778521224111,-1,0.0,0.7664583365196314,0.1532916673039263,0.0,0.1532916673039263,LOCK
global,1778521224261,-1,0.0,0.7664583365196314,0.1532916673039263,0.0,0.1532916673039263,LOCK
global,1778521224411,-1,0.0,0.7664583365196314,0.1532916673039263,0.0,0.1532916673039263,LOCK
global,1778521224565,-1,0.0,0.7664583365196314,0.1532916673039263,0.0,0.15329166730392632,LOCK
global,1778521224714,-1,0.0,0.7664583365196314,0.1532916673039263,0.0,0.1532916673039263,LOCK
global,1778521224866,-1,0.0,0.7664583365196314,0.1532916673039263,0.0,0.1532916673039263,LOCK
global,1778521225014,-1,0.0,0.7664583365196314,0.1532916673039263,0.0,0.15329166730392627,LOCK
global,1778521225166,-1,0.0,0.7664583365196314,0.1532916673039263,0.0,0.15329166730392627,LOCK
global,1778521225313,-1,0.0,0.7664583365196314,0.1532916673039263,0.0,0.15329166730392627,LOCK
global,1778521225456,-1,0.0,0.7664583365196314,0.1532916673039263,0.0,0.15329166730392624,LOCK
global,1778521225608,-1,0.0,0.7664583365196314,0.1532916673039263,0.0,0.15329166730392624,LOCK
global,1778521225767,-1,0.0,0.7664583365196314,0.1532916673039263,0.0,0.15329166730392624,LOCK
global,1778521225909,-1,0.0,0.7664583365196314,0.1532916673039263,0.7097890593234518,0.16720410210441444,STEP_UP
global,1778521226061,-1,0.0,0.7664583365196314,0.1532916673039263,0.7097890593234518,0.17947977986955105,STEP_UP
global,1778521226213,-1,0.0,0.7664583365196314,0.1532916673039263,0.7097890593234518,0.19039149343856135,STEP_UP
global,1778521226363,-1,0.0,0.7664583365196314,0.1532916673039263,0.7097890593234518,0.20015460557925477,STEP_UP
global,1778521226515,-1,0.0,0.7664583365196314,0.1532916673039263,0.705515890501885,0.20885594312944752,STEP_UP
global,1778521226664,-1,0.0,0.7664583365196314,0.1532916673039263,0.705515890501885,0.21672858186533622,STEP_UP
global,1778521226814,-1,0.0,0.7664583365196314,0.1532916673039263,0.705515890501885,0.22388552617068955,STEP_UP
global,1778521226965,-1,0.0,0.7664583365196314,0.1532916673039263,0.705515890501885,0.2304201274929687,STEP_UP
global,1778521227115,-1,0.0,0.7664583365196314,0.1532916673039263,0.7076849486996033,0.23644632967501988,STEP_UP
global,1778521227263,-1,0.0,0.7664583365196314,0.1532916673039263,0.7076849486996033,0.24199043568250697,STEP_UP
global,1778521227414,-1,0.0,0.7664583365196314,0.1532916673039263,0.7076849486996033,0.24710807199711043,STEP_UP
global,1778521227569,-1,0.0,0.7664583365196314,0.1532916673039263,0.7076849486996033,0.2518466241402618,STEP_UP
global,1778521227714,-1,0.0,0.7664583365196314,0.1532916673039263,0.7087799036965046,0.2562623504874295,STEP_UP
global,1778521227864,-1,0.0,0.7664583365196314,0.1532916673039263,0.7087799036965046,0.2603735439830684,STEP_UP
global,1778521228014,-1,0.0,0.7664583365196314,0.1532916673039263,0.7087799036965046,0.2642106579123314,STEP_UP
global,1778521228170,-1,0.0,0.7664583365196314,0.1532916673039263,0.7087799036965046,0.26780021610422255,STEP_UP
global,1778521228315,-1,0.0,0.7664583365196314,0.1532916673039263,0.7025995058522504,0.2710881719360674,STEP_UP
global,1778521228462,-1,0.0,0.7664583365196314,0.1532916673039263,0.7025995058522504,0.27417685771749734,STEP_UP
global,1778521228617,-1,0.0,0.7664583365196314,0.1532916673039263,0.7025995058522504,0.2770838561000197,STEP_UP
global,1778521228763,-1,0.0,0.7664583365196314,0.1532916673039263,0.7025995058522504,0.279824740289255,STEP_UP
global,1778521228908,-1,0.0,0.7664583365196314,0.1532916673039263,0.7049811634540502,0.2824398159968861,STEP_UP
global,1778521229057,-1,0.0,0.7664583365196314,0.1532916673039263,0.7049811634540502,0.2849135362608615,STEP_UP
global,1778521229213,-1,0.0,0.7664583365196314,0.1532916673039263,0.7049811634540502,0.2872570607214698,STEP_UP
global,1778521229364,-1,0.0,0.7664583365196314,0.1532916673039263,0.7049811634540502,0.2894804044405084,STEP_UP
global,1778521229514,-1,0.0,0.7664583365196314,0.1532916673039263,0.7042115269212105,0.2915848846082666,STEP_UP
global,1778521229668,-1,0.0,0.7664583365196314,0.1532916673039263,0.7042115269212105,0.29358670720686597,STEP_UP
global,1778521229815,-1,0.0,0.7664583365196314,0.1532916673039263,0.7042115269212105,0.29549320491981773,STEP_UP
global,1778521229963,-1,0.0,0.7664583365196314,0.1532916673039263,0.7042115269212105,0.2973110283205392,STEP_UP
global,1778521230112,-1,0.0,0.7664583365065382,0.15329166730130764,0.7044862280583961,0.29904872066789384,STEP_UP
global,1778521230264,-1,0.0,0.7664583365196314,0.1532916673039263,0.7044862280583961,0.30070918224428983,STEP_UP
global,1778521230415,-1,0.0,0.7664583365196314,0.1532916673039263,0.7044862280583961,0.3022974498391034,STEP_UP
global,1778521230568,-1,0.0,0.7664583365196314,0.1532916673039263,0.7044862280583961,0.3038181315788185,STEP_UP
global,1778521230716,-1,0.0,0.7664583365196314,0.1532916673039263,0.7051348353474859,0.3052808566401213,STEP_UP
global,1778521230867,-1,0.0,0.7664583236312297,0.15329166472624595,0.7051348353474859,0.30668387860613394,STEP_UP
global,1778521231015,-1,0.0,0.7664583365196314,0.1532916673039263,0.7051348353474859,0.30803077972443826,STEP_UP
global,1778521231170,-1,0.0,0.7664583365196314,0.1532916673039263,0.7051348353474859,0.3093248611910444,STEP_UP
global,1778521231313,-1,0.0,0.7664583365196314,0.1532916673039263,0.7104242708611977,0.3106098582590403,STEP_UP
global,1778521231463,-1,0.0,0.7664583365196314,0.1532916673039263,0.7104242708611977,0.3118463648716402,STEP_UP
global,1778521231613,-1,0.0,0.7664583365196314,0.1532916673039263,0.7104242708611977,0.3130370749430327,STEP_UP
global,1778521231770,-1,0.0,0.7664583365196314,0.1532916673039263,0.7104242708611977,0.31418448646637454,STEP_UP
global,1778521231912,-1,0.0,0.7664583365196314,0.1532916673039263,0.7339271409689325,0.31545879665036664,STEP_UP
global,1778521232095,-1,0.46284885062418724,0.7664583365196314,0.5235707478032761,0.7339271409689325,0.32058606872789597,ALLOW
global,1778521232219,-1,0.46284886760147215,0.7664583365196314,0.523570761385104,0.7339271409689325,0.3255365384604949,ALLOW
global,1778521232388,-1,0.4628427433175313,0.7664583365196314,0.5235658619579513,0.7339271409689325,0.3303191458351025,ALLOW
global,1778521232540,-1,0.46284612116412904,0.7664583365196314,0.5235685642352296,0.7000095845600174,0.33471624294393654,STEP_UP
global,1778521232692,-1,0.46284612116412904,0.7664583365196314,0.5235685642352296,0.7000095845600174,0.3389691729344481,STEP_UP
global,1778521232840,-1,0.46284885056726055,0.7664583365196314,0.5235707477577347,0.7000095845600174,0.3430849327658062,STEP_UP
global,1778521233000,-1,0.46284885056726055,0.7664583365196314,0.5235707477577347,0.7000095845600174,0.3470700335548989,STEP_UP
global,1778521233148,-1,0.46284885056726055,0.7664583365196314,0.5235707477577347,0.7440983821463111,0.3512061549292469,ALLOW
global,1778521233284,-1,0.46284885056726055,0.7664583365196314,0.5235707477577347,0.7440983821463111,0.35521501103053793,ALLOW
global,1778521233440,-1,0.46284885056726055,0.7664583365196314,0.5235707477577347,0.7440983821463111,0.35910238664391103,ALLOW
global,1778521233598,-1,0.46284885056726055,0.7664583365196314,0.5235707477577347,0.7440983821463111,0.3628737211941984,ALLOW
global,1778521233737,-1,0.46284885056726055,0.7664583365196314,0.5235707477577347,0.7118756111241663,0.3663445884281706,STEP_UP
global,1778521233882,-1,0.46284885056726055,0.7664583365196314,0.5235707477577347,0.7118756111241663,0.3697148508147813,STEP_UP
global,1778521234030,-1,0.46284885107144924,0.7664583365196314,0.5235707481610857,0.7118756111241663,0.37298881999380323,STEP_UP
global,1778521234200,-1,0.46284885107144924,0.7664583365196314,0.5235707481610857,0.7118756111241663,0.3761705646889091,STEP_UP
global,1778521234331,-1,0.46284885107144924,0.7664583365196314,0.5235707481610857,0.6993939367217709,0.3791945849513598,STEP_UP
global,1778521234490,-1,0.46284885107144924,0.7664583365196314,0.5235707481610857,0.6993939367217709,0.3821357553436064,STEP_UP
global,1778521234639,-1,0.46284885107144924,0.7664583365196314,0.5235707481610857,0.6993939367217709,0.38499743464417063,STEP_UP
global,1778521234783,-1,0.46284885107144924,0.7664583365196314,0.5235707481610857,0.6993939367217709,0.3877828024967198,STEP_UP
global,1778521234991,-1,0.46284885107144924,0.7664583365196314,0.5235707481610857,0.6947226461435282,0.39047028545536905,STEP_UP
global,1778521235069,-1,0.4628488508913786,0.7664583365196314,0.5235707480170292,0.6947226461435282,0.393087963660723,STEP_UP
global,1778521235244,-1,0.462848788565388,0.7664583365196314,0.5235706981562367,0.6947226461435282,0.39563852152854906,STEP_UP
global,1778521235388,-1,0.46284892186991766,0.7664583365196314,0.5235708047998604,0.6947226461435282,0.39812450912106523,STEP_UP
global,1778521235531,-1,0.4628489335496382,0.7664583365196314,0.5235708141436368,0.691544796580804,0.4005324578460333,STEP_UP
global,1778521235689,-1,0.4628489335496382,0.7664583365196314,0.5235708141436368,0.691544796580804,0.40288095104692795,STEP_UP
global,1778521235842,-1,0.46284878121986983,0.7664583365196314,0.5235706922798222,0.691544796580804,0.40517216303416315,STEP_UP
global,1778521235999,-1,0.46284875936355263,0.7664583365196314,0.5235706747947684,0.691544796580804,0.40740816496759713,STEP_UP
global,1778521236138,-1,0.4628488288389241,0.7664583365196314,0.5235707303750656,0.7012833212246418,0.40963730308363633,STEP_UP
global,1778521236298,-1,0.4628488288389241,0.7664583365196314,0.5235707303750656,0.7012833212246418,0.4118139908910629,STEP_UP
global,1778521236435,-1,0.4628488288389241,0.7664583365196314,0.5235707303750656,0.7012833212246418,0.4139400580518051,STEP_UP
global,1778521236598,-1,0.46284879901556963,0.7664583365196314,0.523570706516382,0.7012833212246418,0.41601724994086126,STEP_UP
global,1778521236751,-1,0.462848986877324,0.7664583365196314,0.5235708568057855,0.6952631246079488,0.4180198694179726,STEP_UP
global,1778521240767,-1,0.0,0.7664583365196314,0.1532916673039263,0.7004953035808189,0.41750473742243,STEP_UP
global,1778521240913,-1,0.0,0.7664583365196314,0.1532916673039263,0.6978423842883689,0.4169892620521553,STEP_UP
global,1778521241062,-1,0.0,0.7664583365196314,0.1532916673039263,0.6978423842883689,0.41648511581089764,STEP_UP
global,1778521241215,-1,0.0,0.7664583365196314,0.1532916673039263,0.6978423842883689,0.41599192927053685,STEP_UP
global,1778521241368,-1,0.0,0.7664583365196314,0.1532916673039263,0.6978423842883689,0.4155093488923344,STEP_UP
global,1778521241512,-1,0.0,0.7664583365196314,0.1532916673039263,0.6975713949992447,0.41503588303584205,STEP_UP
global,1778521241667,-1,0.0,0.7664583365196314,0.1532916673039263,0.6975713949992447,0.4145723848815917,STEP_UP
global,1778521241816,-1,0.0,0.7664583365196314,0.1532916673039263,0.6975713949992447,0.414118542938888,STEP_UP
global,1778521241967,-1,0.0,0.7664583365196314,0.1532916673039263,0.6975713949992447,0.41367405856201345,STEP_UP
global,1778521242117,-1,0.0,0.7664583365196314,0.1532916673039263,0.6970169782512272,0.4132363823693689,STEP_UP
global,1778521242265,-1,0.0,0.7664583365196314,0.1532916673039263,0.6970169782512272,0.41280754812001,STEP_UP
global,1778521242417,-1,0.0,0.7664583365196314,0.1532916673039263,0.6970169782512272,0.4123872905556384,STEP_UP
global,1778521242564,-1,0.0,0.7664583365196314,0.1532916673039263,0.6970169782512272,0.4145621917994275,STEP_UP
global,1778521242716,-1,0.0,0.7664583365196314,0.1532916673039263,0.6963814694899041,0.4167345510081715,STEP_UP
global,1778521242863,-1,0.0,0.7664583365196314,0.1532916673039263,0.6963814694899041,0.4189069102169154,STEP_UP
global,1778521243017,-1,0.0,0.7664583365196314,0.1532916673039263,0.6963814694899041,0.4210792694256594,STEP_UP
global,1778521243165,-1,0.0,0.7664583365196314,0.1532916673039263,0.6963814694899041,0.42325162863440324,STEP_UP
global,1778521243316,-1,0.0,0.7664583365196314,0.1532916673039263,0.6957206125623983,0.4254213444154372,STEP_UP
global,1778521243463,-1,0.0,0.7664583365196314,0.1532916673039263,0.6957206125623983,0.4275910601964711,STEP_UP
global,1778521243612,-1,0.0,0.7664583365196314,0.1532916673039263,0.6957206125623983,0.42976077597750495,STEP_UP
global,1778521243767,-1,0.0,0.7664583365196314,0.1532916673039263,0.6957206125623983,0.4319304917585388,STEP_UP
global,1778521243908,-1,0.0,0.7664583365196314,0.1532916673039263,0.6989545591218911,0.43411314332581064,STEP_UP
global,1778521246332,-1,0.0,0.7664583365196314,0.1532916673039263,0.7094875038441489,0.43633792667197163,STEP_UP
global,1778521246462,-1,0.0,0.7664583365196314,0.1532916673039263,0.7094875038441489,0.43856271001813246,STEP_UP
global,1778521246613,-1,0.0,0.7664583365196314,0.1532916673039263,0.7094875038441489,0.44078749336429335,STEP_UP
global,1778521246762,-1,0.0,0.7664583365196314,0.1532916673039263,0.7094875038441489,0.4430122767104543,STEP_UP
global,1778521246914,-1,0.0,0.7664583365196314,0.1532916673039263,0.7067586933269364,0.44522614481454637,STEP_UP
global,1778521247061,-1,0.0,0.7664583365196314,0.1532916673039263,0.7067586933269364,0.44521402335056026,STEP_UP
global,1778521247215,-1,0.0,0.7664583365196314,0.1532916673039263,0.7067586933269364,0.4452019018865742,STEP_UP
global,1778521247362,-1,0.0,0.7664583365196314,0.1532916673039263,0.7067586933269364,0.4451897804225882,STEP_UP
global,1778521247513,-1,0.0,0.7664583365196314,0.1532916673039263,0.6970614116139343,0.44513886983175005,STEP_UP
global,1778521247661,-1,0.0,0.7664583365196314,0.1532916673039263,0.6970614116139343,0.44510505191619826,STEP_UP
global,1778521247813,-1,0.0,0.7664583365196314,0.1532916673039263,0.6970614116139343,0.4450712340006465,STEP_UP
global,1778521247962,-1,0.0,0.7664583365196314,0.1532916673039263,0.6970614116139343,0.44503741608509473,STEP_UP
global,1778521248113,-1,0.0,0.7664583365196314,0.1532916673039263,0.6985437387315738,0.4450095274780134,STEP_UP
global,1778521248264,-1,0.0,0.7664583365196314,0.1532916673039263,0.6985437387315738,0.44497296263814134,STEP_UP
global,1778521248417,-1,0.0,0.7664583365196314,0.1532916673039263,0.6985437387315738,0.44493639779826916,STEP_UP
global,1778521248563,-1,0.0,0.7664583365196314,0.1532916673039263,0.6985437387315738,0.4448998329583971,STEP_UP
global,1778521332446,-1,0.0,0.7664583365196314,0.1532916673039263,0.0,0.1532916673039263,LOCK
global,1778521332593,-1,0.0,0.7664583365196314,0.1532916673039263,0.0,0.1532916673039263,LOCK
global,1778521332739,-1,0.0,0.7664583365196314,0.1532916673039263,0.0,0.1532916673039263,LOCK
global,1778521332893,-1,0.0,0.7664583365196314,0.1532916673039263,0.0,0.1532916673039263,LOCK
global,1778521333046,-1,0.0,0.7664583365196314,0.1532916673039263,0.0,0.1532916673039263,LOCK
global,1778521333193,-1,0.0,0.7664583365196314,0.1532916673039263,0.0,0.1532916673039263,LOCK
global,1778521333344,-1,0.0,0.7664583365196314,0.1532916673039263,0.0,0.15329166730392632,LOCK
global,1778521333495,-1,0.0,0.7664583365196314,0.1532916673039263,0.0,0.1532916673039263,LOCK
global,1778521333648,-1,0.0,0.7664583365196314,0.1532916673039263,0.0,0.1532916673039263,LOCK
global,1778521333793,-1,0.0,0.7664583365196314,0.1532916673039263,0.0,0.15329166730392627,LOCK
global,1778521333949,-1,0.0,0.7664583365196314,0.1532916673039263,0.0,0.15329166730392627,LOCK
global,1778521334095,-1,0.0,0.7664583365196314,0.1532916673039263,0.0,0.15329166730392627,LOCK
global,1778521334248,-1,0.0,0.7664583365196314,0.1532916673039263,0.0,0.15329166730392624,LOCK
global,1778521334396,-1,0.0,0.7664583365196314,0.1532916673039263,0.0,0.15329166730392624,LOCK
global,1778521334549,-1,0.0,0.7664583365196314,0.1532916673039263,0.0,0.15329166730392624,LOCK
global,1778521334696,-1,0.0,0.7664583365196314,0.1532916673039263,0.0,0.1532916673039263,LOCK
global,1778521334843,-1,0.0,0.7664583365196314,0.1532916673039263,0.0,0.1532916673039263,LOCK
global,1778521334995,-1,0.0,0.7664583365196314,0.1532916673039263,0.0,0.1532916673039263,LOCK
global,1778521335142,-1,0.0,0.7664583365196314,0.1532916673039263,0.0,0.15329166730392627,LOCK
global,1778521335291,-1,0.0,0.7664583365196314,0.1532916673039263,0.0,0.15329166730392627,LOCK
global,1778521335441,-1,0.0,0.7664583365196314,0.1532916673039263,0.0,0.15329166730392627,LOCK
global,1778521335591,-1,0.0,0.7664583365196314,0.1532916673039263,0.0,0.15329166730392627,LOCK
global,1778521335748,-1,0.0,0.7664583365196314,0.1532916673039263,0.0,0.15329166730392627,LOCK
global,1778521335892,-1,0.0,0.7664583365196314,0.1532916673039263,0.0,0.1532916673039263,LOCK
global,1778521336045,-1,0.0,0.7664583365196314,0.1532916673039263,0.0,0.1532916673039263,LOCK
global,1778521336194,-1,0.0,0.7664583365196314,0.1532916673039263,0.714362055583919,0.1619235194313108,STEP_UP
global,1778521336348,-1,0.0,0.7664583365196314,0.1532916673039263,0.714362055583919,0.169915975104815,STEP_UP
global,1778521336496,-1,0.0,0.7664583365196314,0.1532916673039263,0.714362055583919,0.17733754108735458,STEP_UP
global,1778521336649,-1,0.0,0.7664583365196314,0.1532916673039263,0.714362055583919,0.1842472749331673,STEP_UP
global,1778521336796,-1,0.0,0.7664583365196314,0.1532916673039263,0.7078608447214532,0.1906096770444263,STEP_UP
global,1778521336946,-1,0.0,0.7664583365196314,0.1532916673039263,0.7078608447214532,0.1965616016001202,STEP_UP
global,1778521337096,-1,0.0,0.7664583365196314,0.1532916673039263,0.7078608447214532,0.20214153087108322,STEP_UP
global,1778521337246,-1,0.0,0.7664583365196314,0.1532916673039263,0.7078608447214532,0.20738328261047273,STEP_UP
global,1778521337397,-1,0.0,0.7664583365196314,0.1532916673039263,0.7123439777458703,0.21236943875371483,STEP_UP
global,1778521337547,-1,0.0,0.7664583365196314,0.1532916673039263,0.7123439777458703,0.21707067168877167,STEP_UP
global,1778521337695,-1,0.0,0.7664583365196314,0.1532916673039263,0.7123439777458703,0.22151072501632538,STEP_UP
global,1778521337850,-1,0.0,0.7664583365196314,0.1532916673039263,0.7123439777458703,0.22571077546130855,STEP_UP
global,1778521337992,-1,0.0,0.7664583365196314,0.1532916673039263,0.7058204036380842,0.2296211014185791,STEP_UP
global,1778521338143,-1,0.0,0.7664583365196314,0.1532916673039263,0.7058204036380842,0.2333308978395794,STEP_UP
global,1778521338327,-1,0.4628488512867752,0.7664583365196314,0.5235707483333465,0.7058204036380842,0.2424093906549709,STEP_UP
global,1778521338484,-1,0.4628488505675621,0.7664583365196314,0.523570747757976,0.7058204036380842,0.2510450301538745,STEP_UP
global,1778521338624,-1,0.46284885057155667,0.7664583365196314,0.5235707477611716,0.7088308866066427,0.2592981199906718,STEP_UP
global,1778521338773,-1,0.46284885238741835,0.7664583365196314,0.523570749213861,0.7088308866066427,0.2671673452041672,STEP_UP
global,1778521338914,-1,0.46284885931670305,0.7664583365196314,0.5235707547572888,0.7088308866066427,0.2746788784380959,STEP_UP
global,1778521339080,-1,0.4628488556883992,0.7664583365196314,0.5235707518546456,0.7058935225114502,0.2818304558087464,STEP_UP
global,1778521339220,-1,0.46284885543049836,0.7664583365196314,0.523570751648325,0.7058935225114502,0.2886710950301557,STEP_UP
global,1778521339373,-1,0.4628488588917461,0.7664583365196314,0.5235707544173231,0.7058935225114502,0.29522064325621566,STEP_UP
global,1778521339513,-1,0.4628488637594057,0.7664583365196314,0.5235707583114508,0.7058935225114502,0.3014972936881997,STEP_UP
global,1778521339682,-1,0.4628488626711684,0.7664583365196314,0.523570757440861,0.7058935225114502,0.3075177542959731,STEP_UP
global,1778521339822,-1,0.4628488626711684,0.7664583365196314,0.523570757440861,0.7083113547834807,0.3133167391376118,STEP_UP
global,1778521339977,-1,0.4628488626711684,0.7664583365196314,0.523570757440861,0.7083113547834807,0.3188883128089902,STEP_UP
global,1778521340130,-1,0.4628488626711684,0.7664583365196314,0.523570757440861,0.7083113547834807,0.3242455951853156,STEP_UP
global,1778521340265,-1,0.4628488626711684,0.7664583365196314,0.523570757440861,0.7083113547834807,0.3294007159625344,STEP_UP
global,1778521340416,-1,0.4628488626711684,0.7664583365196314,0.523570757440861,0.7039127518233075,0.3343323240964474,STEP_UP
global,1778521340556,-1,0.4628488626711684,0.7664583365196314,0.523570757440861,0.7039127518233075,0.33908460102549093,STEP_UP
global,1778521340721,-1,0.4628488626711684,0.7664583365196314,0.523570757440861,0.7039127518233075,0.3436671537784971,STEP_UP
global,1778521340881,-1,0.4628488626711684,0.7664583365196314,0.523570757440861,0.7039127518233075,0.3480889152068365,STEP_UP
global,1778521341019,-1,0.4628488626711684,0.7664583365196314,0.523570757440861,0.7130238691719055,0.3524210373952234,STEP_UP
global,1778521341183,-1,0.4628488626711684,0.7664583365196314,0.523570757440861,0.7130238691719055,0.35660630798400406,STEP_UP
global,1778521341316,-1,0.4628488509844262,0.7664583365196314,0.5235707480914673,0.7130238691719055,0.36065206945966466,STEP_UP
global,1778521341482,-1,0.462848850985216,0.7664583365196314,0.5235707480920991,0.7130238691719055,0.3645651830180967,STEP_UP
global,1778521341618,-1,0.46284885646733365,0.7664583365196314,0.5235707524777933,0.7034605904694937,0.3682903685770706,STEP_UP
global,1778521341774,-1,0.46284887909704686,0.7664583365196314,0.5235707705815638,0.7034605904694937,0.37189729444944625,STEP_UP
global,1778521341925,-1,0.46284888104319055,0.7664583365196314,0.5235707721384788,0.7034605904694937,0.3753915039029061,STEP_UP
global,1778521342081,-1,0.46284902015725393,0.7664583365196314,0.5235708834297295,0.7034605904694937,0.3787782002466404,STEP_UP
global,1778521342225,-1,0.4628490489625898,0.7664583365196314,0.5235709064739982,0.7022573731497334,0.38205497741175626,STEP_UP
global,1778521342367,-1,0.4628488730566753,0.7664583365196314,0.5235707657492665,0.7022573731497334,0.3852339390729159,STEP_UP
global,1778521342496,-1,0.0,0.7664583365196314,0.1532916673039263,0.7022573731497334,0.38505223334599437,STEP_UP
global,1778521342648,-1,0.0,0.7664583365196314,0.1532916673039263,0.7022573731497334,0.38487579445173714,STEP_UP
global,1778521342798,-1,0.0,0.7664583365196314,0.1532916673039263,0.7078200638775843,0.3847361834729036,STEP_UP
global,1778521342948,-1,0.0,0.7664583365196314,0.1532916673039263,0.7078200638775843,0.38460050519769917,STEP_UP
global,1778521343097,-1,0.0,0.7664583365196314,0.1532916673039263,0.7078200638775843,0.38446859576347275,STEP_UP
global,1778521343286,-1,0.46284885121608577,0.7664583365196314,0.523570748276795,0.702607847005136,0.3873551299005229,STEP_UP
global,1778521343412,-1,0.46284887195603774,0.7664583365196314,0.5235707648687565,0.702607847005136,0.3901636497359659,STEP_UP
global,1778521343573,-1,0.462848872702458,0.7664583365196314,0.5235707654658928,0.702607847005136,0.39289727571390753,STEP_UP
global,1778521343724,-1,0.46284885240710794,0.7664583365196314,0.5235707492296127,0.702607847005136,0.3955589640379328,STEP_UP
global,1778521343881,-1,0.4628488498861054,0.7664583365196314,0.5235707472128106,0.702607847005136,0.3981515175845796,STEP_UP
global,1778521344018,-1,0.4628488498861054,0.7664583365196314,0.5235707472128106,0.706424532831356,0.40069716814708795,STEP_UP
global,1778521344174,-1,0.46284884224508915,0.7664583365196314,0.5235707410999977,0.706424532831356,0.4031783718134861,STEP_UP
global,1778521344328,-1,0.46284883706436886,0.7664583365196314,0.5235707369554214,0.706424532831356,0.40559754535713993,STEP_UP
global,1778521344473,-1,0.46284883706436886,0.7664583365196314,0.5235707369554214,0.706424532831356,0.4079569862207036,STEP_UP
global,1778521344618,-1,0.462848830150022,0.7664583365196314,0.523570731423944,0.7104458791941949,0.41027849602937844,STEP_UP
global,1778521344778,-1,0.46284882626635193,0.7664583365196314,0.5235707283170079,0.7104458791941949,0.4125440658202038,STEP_UP
global,1778521344924,-1,0.46284881112603826,0.7664583365196314,0.5235707162047569,0.7104458791941949,0.41475569338663626,STEP_UP
global,1778521345078,-1,0.4628488236314823,0.7664583365196314,0.5235707262091122,0.7104458791941949,0.416915282728007,STEP_UP
global,1778521345208,-1,0.46284878884573377,0.7664583365196314,0.5235706983805133,0.7038302560404347,0.41899387852703573,STEP_UP
global,1778521345373,-1,0.4628488447110297,0.7664583365196314,0.5235707430727501,0.7038302560404347,0.4210246908228149,STEP_UP
global,1778521345516,-1,0.46284884647668134,0.7664583365196314,0.5235707444852714,0.7038302560404347,0.4230093483033208,STEP_UP
global,1778521345683,-1,0.4628488464079348,0.7664583365196314,0.5235707444302742,0.7038302560404347,0.4249494067389502,STEP_UP
global,1778521345821,-1,0.4628488435624234,0.7664583365196314,0.523570742153865,0.7040267423265064,0.4268472260221055,STEP_UP
global,1778521345974,-1,0.46284884127170733,0.7664583365196314,0.5235707403212921,0.7040267423265064,0.42870333497926233,STEP_UP
global,1778521346121,-1,0.46284884262818005,0.7664583365196314,0.5235707414064703,0.7040267423265064,0.4305190937487756,STEP_UP
global,1778521346286,-1,0.46284883558005907,0.7664583365196314,0.5235707357679735,0.7040267423265064,0.4322958039062231,STEP_UP
global,1778521346408,-1,0.46284883653918407,0.7664583365196314,0.5235707365352735,0.7091383684102515,0.4340564633251491,STEP_UP
global,1778521346566,-1,0.46284885492702976,0.7664583365196314,0.5235707512455501,0.7091383684102515,0.4357800563228994,STEP_UP
global,1778521346724,-1,0.4628488557024384,0.7664583365196314,0.523570751865877,0.7091383684102515,0.4374677411370736,STEP_UP
global,1778521346879,-1,0.4628488564171318,0.7664583365196314,0.5235707524376317,0.7091383684102515,0.43912062832975,STEP_UP
global,1778521347018,-1,0.46284885662742203,0.7664583365196314,0.5235707526058639,0.7168160268832178,0.4407711205132914,ALLOW
global,1778521347175,-1,0.462848855765152,0.7664583365196314,0.523570751916048,0.7168160268832178,0.44238826941621695,ALLOW
global,1778521347325,-1,0.46284885580680024,0.7664583365196314,0.5235707519493665,0.7168160268832178,0.44397307534128383,ALLOW
global,1778521347482,-1,0.4628488547724299,0.7664583365196314,0.5235707511218702,0.7066668694204346,0.44840825065265755,STEP_UP
global,1778521347612,-1,0.4628488525742531,0.7664583365196314,0.5235707493633288,0.7066668694204346,0.45284342595348,STEP_UP
global,1778521347775,-1,0.4628488529721928,0.7664583365196314,0.5235707496816806,0.7066668694204346,0.4572786012562125,STEP_UP
global,1778521347924,-1,0.46284885305760826,0.7664583365196314,0.5235707497500129,0.7066668694204346,0.461713776559355,STEP_UP
global,1778521348079,-1,0.46284885129417863,0.7664583365196314,0.5235707483392692,0.7066668694204346,0.46614895185403316,STEP_UP
global,1778521348222,-1,0.46284885127781705,0.7664583365196314,0.52357074832618,0.7010794717395402,0.47056177755790907,STEP_UP
global,1778521348374,-1,0.46284885129427367,0.7664583365196314,0.5235707483393452,0.7010794717395402,0.47497460326186414,STEP_UP
global,1778521348530,-1,0.46284885114688157,0.7664583365196314,0.5235707482214316,0.7010794717395402,0.47938742896511166,STEP_UP
global,1778521348672,-1,0.46284885143496,0.7664583365196314,0.5235707484518943,0.7010794717395402,0.48380025466974197,STEP_UP
global,1778521348814,-1,0.46284885140994136,0.7664583365196314,0.5235707484318795,0.6994074531846403,0.48820639230003243,STEP_UP
global,1778521348974,-1,0.46284885071586945,0.7664583365196314,0.5235707478766218,0.6994074531846403,0.4926125299269914,STEP_UP
global,1778521349126,-1,0.46284885082910865,0.7664583365196314,0.5235707479672133,0.6994074531846403,0.49701866755449403,STEP_UP
global,1778521349281,-1,0.46284886230824407,0.7664583365196314,0.5235707571505216,0.6994074531846403,0.5014248052370963,STEP_UP
global,1778521349419,-1,0.46284886230824407,0.7664583365196314,0.5235707571505216,0.702226459856583,0.5058422189463867,STEP_UP
global,1778521349583,-1,0.46284883697705514,0.7664583365196314,0.5235707368855704,0.702226459856583,0.5102596325340872,STEP_UP
global,1778521349718,-1,0.46284883697705514,0.7664583365196314,0.5235707368855704,0.702226459856583,0.5146770461217877,STEP_UP
global,1778521349882,-1,0.46284883697705514,0.7664583365196314,0.5235707368855704,0.702226459856583,0.5190944597094882,STEP_UP
global,1778521350022,-1,0.46284887689688525,0.7664583365196314,0.5235707688214345,0.704900470997245,0.5235225695333665,STEP_UP
global,1778521350159,-1,0.4628488778794877,0.7664583365196314,0.5235707696075165,0.704900470997245,0.5279506793619614,STEP_UP
global,1778521350316,-1,0.4628488438191296,0.7664583365196314,0.52357074235923,0.704900470997245,0.5323787890270664,STEP_UP
global,1778521350482,-1,0.4628488645699218,0.7664583365196314,0.5235707589598637,0.704900470997245,0.5368068987917752,STEP_UP
global,1778521350596,-1,0.0,0.7664583365196314,0.1532916673039263,0.6992542956944846,0.5389907493053374,STEP_UP
global,1778521350748,-1,0.0,0.7664583365196314,0.1532916673039263,0.6992542956944846,0.5411745998188997,STEP_UP
global,1778521350891,-1,0.0,0.7664583365196314,0.1532916673039263,0.6992542956944846,0.5433584503324619,STEP_UP
global,1778521351049,-1,0.0,0.7664583365196314,0.1532916673039263,0.6992542956944846,0.5455423008460241,STEP_UP
global,1778521351197,-1,0.0,0.7664583365196314,0.1532916673039263,0.7020878659013511,0.5454932040872937,STEP_UP
global,1778521351345,-1,0.0,0.7664583365196314,0.1532916673039263,0.7020878659013511,0.5454441073285635,STEP_UP
global,1778521351497,-1,0.0,0.7664583365196314,0.1532916673039263,0.7020878659013511,0.5453950105698333,STEP_UP
global,1778521351656,-1,0.0,0.7664583365196314,0.1532916673039263,0.7020878659013511,0.545345913811103,STEP_UP
global,1778521351797,-1,0.0,0.7664583365196314,0.1532916673039263,0.71935342679751,0.5453918841394073,STEP_UP
global,1778521351948,-1,0.0,0.7664583365196314,0.1532916673039263,0.71935342679751,0.5454378544677114,STEP_UP
global,1778521352095,-1,0.0,0.7664583365196314,0.1532916673039263,0.71935342679751,0.5454838247960158,STEP_UP
global,1778521352252,-1,0.0,0.7664583365196314,0.1532916673039263,0.71935342679751,0.54552979512432,STEP_UP
global,1778521352398,-1,0.0,0.7664583365196314,0.1532916673039263,0.7066698308664546,0.5455070985368023,STEP_UP
global,1778521352548,-1,0.0,0.7664583365196314,0.1532916673039263,0.7066698308664546,0.5454844019492847,STEP_UP
global,1778521352699,-1,0.0,0.7664583365196314,0.1532916673039263,0.7066698308664546,0.5454617053617671,STEP_UP
global,1778521352852,-1,0.0,0.7664583365196314,0.1532916673039263,0.7066698308664546,0.5454390087742494,STEP_UP
global,1778521352999,-1,0.0,0.7664583365196314,0.1532916673039263,0.7053260706013549,0.5454370314421024,STEP_UP
global,1778521353147,-1,0.0,0.7664583365196314,0.1532916673039263,0.7053260706013549,0.5454350541099555,STEP_UP
global,1778521353297,-1,0.0,0.7664583365196314,0.1532916673039263,0.7053260706013549,0.543211402291632,STEP_UP
global,1778521353449,-1,0.0,0.7664583365196314,0.1532916673039263,0.7053260706013549,0.5409877504767608,STEP_UP
global,1778521353623,-1,0.0,0.7664583365196314,0.1532916673039263,0.7026847442003001,0.538741491424392,STEP_UP
global,1778521353740,-1,0.0,0.7664583365196314,0.1532916673039263,0.7026847442003001,0.5364952323633071,STEP_UP
global,1778521353893,-1,0.0,0.7664583365196314,0.1532916673039263,0.7026847442003001,0.5342489732689616,STEP_UP
global,1778521356592,-1,0.0,0.7664583365196314,0.1532916673039263,0.7026845127028721,0.5320144627224229,STEP_UP
global,1778521356747,-1,0.0,0.7664583365196314,0.1532916673039263,0.7026845127028721,0.5297799521771221,STEP_UP
global,1778521356891,-1,0.0,0.7664583365196314,0.1532916673039263,0.7026845127028721,0.5275454416152074,STEP_UP
global,1778521357045,-1,0.0,0.7664583365196314,0.1532916673039263,0.7026845127028721,0.525310931029928,STEP_UP
global,1778521357191,-1,0.0,0.7664583365196314,0.1532916673039263,0.700503393918283,0.5230676959747337,STEP_UP
global,1778521357343,-1,0.0,0.7664583365196314,0.1532916673039263,0.700503393918283,0.5208147895904514,STEP_UP
global,1778521357498,-1,0.0,0.7664583365196314,0.1532916673039263,0.700503393918283,0.5185618832061689,STEP_UP
global,1778521357649,-1,0.0,0.7664583365196314,0.1532916673039263,0.700503393918283,0.5163089768218866,STEP_UP
global,1778521357795,-1,0.0,0.7664583365196314,0.1532916673039263,0.711329612396386,0.5140993753115165,STEP_UP
global,1778521357941,-1,0.0,0.7664583365196314,0.1532916673039263,0.711329612396386,0.5119073682129873,STEP_UP
global,1778521358095,-1,0.0,0.7664583365196314,0.1532916673039263,0.711329612396386,0.509715361114458,STEP_UP
global,1778521358246,-1,0.0,0.7664583365196314,0.1532916673039263,0.711329612396386,0.5075233540159287,STEP_UP
global,1778521358396,-1,0.0,0.7664583365196314,0.1532916673039263,0.7039875811583999,0.5053019787924474,STEP_UP
global,1778521358547,-1,0.0,0.7664583365196314,0.1532916673039263,0.7039875811583999,0.5030441590995719,STEP_UP
global,1778521358697,-1,0.0,0.7664583365196314,0.1532916673039263,0.7039875811583999,0.5007863394066961,STEP_UP
global,1778521358849,-1,0.0,0.7664583365196314,0.1532916673039263,0.7039875811583999,0.4985285197699168,STEP_UP
global,1778521358996,-1,0.0,0.7664583365196314,0.1532916673039263,0.705337668899242,0.49627610048409715,STEP_UP
global,1778531447673,-1,0.0,0.6777076778871265,0.1355415355774253,0.0,0.1355415355774253,LOCK
global,1778531447814,-1,0.0,0.6777076778871265,0.1355415355774253,0.0,0.1355415355774253,LOCK
global,1778531447960,-1,0.0,0.6777076778871265,0.1355415355774253,0.0,0.1355415355774253,LOCK
global,1778531448108,-1,0.0,0.6777076778871265,0.1355415355774253,0.0,0.1355415355774253,LOCK
global,1778531448258,-1,0.0,0.6777076778871265,0.1355415355774253,0.0,0.1355415355774253,LOCK
global,1778531448415,-1,0.0,0.6777076778871265,0.1355415355774253,0.0,0.1355415355774253,LOCK
global,1778531448565,-1,0.0,0.6777076778871265,0.1355415355774253,0.0,0.1355415355774253,LOCK
global,1778531448714,-1,0.0,0.6777076778871265,0.1355415355774253,0.0,0.1355415355774253,LOCK
global,1778531448865,-1,0.0,0.6777076778871265,0.1355415355774253,0.0,0.1355415355774253,LOCK
global,1778531449019,-1,0.0,0.6777076778871265,0.1355415355774253,0.0,0.13554153557742527,LOCK
global,1778531449166,-1,0.0,0.6777076778871265,0.1355415355774253,0.0,0.13554153557742527,LOCK
global,1778531449323,-1,0.0,0.6777076778871265,0.1355415355774253,0.0,0.13554153557742527,LOCK
global,1778531449462,-1,0.0,0.6777076778871265,0.1355415355774253,0.0,0.13554153557742527,LOCK
global,1778531449623,-1,0.0,0.6777076778871265,0.1355415355774253,0.0,0.13554153557742527,LOCK
global,1778531449770,-1,0.0,0.6777076778871265,0.1355415355774253,0.0,0.13554153557742527,LOCK
global,1778531449922,-1,0.0,0.6777076778871265,0.1355415355774253,0.0,0.1355415355774253,LOCK
global,1778531450071,-1,0.0,0.6777076778871265,0.1355415355774253,0.0,0.1355415355774253,LOCK
global,1778531450220,-1,0.0,0.6777076778871265,0.1355415355774253,0.0,0.13554153557742532,LOCK
global,1778531450366,-1,0.0,0.6777076778871265,0.1355415355774253,0.0,0.13554153557742532,LOCK
global,1778531450516,-1,0.0,0.6777076778871265,0.1355415355774253,0.0,0.13554153557742532,LOCK
global,1778531450670,-1,0.0,0.6777076778871265,0.1355415355774253,0.0,0.13554153557742532,LOCK
global,1778531450822,-1,0.0,0.6777076778871265,0.1355415355774253,0.0,0.13554153557742532,LOCK
global,1778531450964,-1,0.0,0.6777076778871265,0.1355415355774253,0.0,0.13554153557742535,LOCK
global,1778531451121,-1,0.0,0.6777076778871265,0.1355415355774253,0.0,0.1355415355774253,LOCK
global,1778531451269,-1,0.0,0.6777076778871265,0.1355415355774253,0.0,0.1355415355774253,LOCK
global,1778531451420,-1,0.0,0.6777076778871265,0.1355415355774253,0.0,0.1355415355774253,LOCK
global,1778531451565,-1,0.0,0.6777076778871265,0.1355415355774253,0.0,0.1355415355774253,LOCK
global,1778531451722,-1,0.0,0.6777076778871265,0.1355415355774253,0.0,0.1355415355774253,LOCK
global,1778531451867,-1,0.0,0.6777076778871265,0.1355415355774253,0.0,0.13554153557742532,LOCK
global,1778531452019,-1,0.0,0.6777076778871265,0.1355415355774253,0.0,0.13554153557742532,LOCK
global,1778531452167,-1,0.0,0.6777076778871265,0.1355415355774253,0.0,0.1355415355774253,LOCK
global,1778531452318,-1,0.0,0.6777076778871265,0.1355415355774253,0.0,0.1355415355774253,LOCK
global,1778531452467,-1,0.0,0.6777076778871265,0.1355415355774253,0.0,0.1355415355774253,LOCK
global,1778531452620,-1,0.0,0.6777076778871265,0.1355415355774253,0.0,0.13554153557742527,LOCK
global,1778531452767,-1,0.0,0.6777076778871265,0.1355415355774253,0.0,0.13554153557742527,LOCK
global,1778531452917,-1,0.0,0.6777076778871265,0.1355415355774253,0.0,0.13554153557742527,LOCK
global,1778531453067,-1,0.0,0.6777076778871265,0.1355415355774253,0.0,0.13554153557742527,LOCK
global,1778531453224,-1,0.0,0.6777076778871265,0.1355415355774253,0.0,0.13554153557742524,LOCK
global,1778531453366,-1,0.0,0.6777076778871265,0.1355415355774253,0.0,0.13554153557742524,LOCK
global,1778531453523,-1,0.0,0.6777076778871265,0.1355415355774253,0.0,0.1355415355774253,LOCK
global,1778531453665,-1,0.0,0.6777076778871265,0.1355415355774253,0.0,0.1355415355774253,LOCK
global,1778531453820,-1,0.0,0.6777076778871265,0.1355415355774253,0.0,0.1355415355774253,LOCK
global,1778531453967,-1,0.0,0.6777076778871265,0.1355415355774253,0.0,0.13554153557742527,LOCK
global,1778531454118,-1,0.0,0.6777076778871265,0.1355415355774253,0.0,0.13554153557742527,LOCK
global,1778531456067,-1,0.0,0.6777076778871265,0.1355415355774253,0.0,0.13554153557742527,LOCK
global,1778531456217,-1,0.0,0.6777076778871265,0.1355415355774253,0.0,0.13554153557742527,LOCK
global,1778531456368,-1,0.0,0.6777076778871265,0.1355415355774253,0.0,0.13554153557742527,LOCK
global,1778531456519,-1,0.0,0.6777076778871265,0.1355415355774253,0.0,0.1355415355774253,LOCK
global,1778531456668,-1,0.0,0.6777076778871265,0.1355415355774253,0.0,0.1355415355774253,LOCK
global,1778531456822,-1,0.0,0.6777076778871265,0.1355415355774253,0.0,0.1355415355774253,LOCK
global,1778531456967,-1,0.0,0.6777076778871265,0.1355415355774253,0.0,0.1355415355774253,LOCK
global,1778531457122,-1,0.0,0.6777076778871265,0.1355415355774253,0.0,0.13554153557742527,LOCK
global,1778531457267,-1,0.0,0.6777076778871265,0.1355415355774253,0.0,0.13554153557742527,LOCK
global,1778531457422,-1,0.0,0.6777076778871265,0.1355415355774253,0.0,0.13554153557742527,LOCK
global,1778531457568,-1,0.0,0.6777076778871265,0.1355415355774253,0.0,0.13554153557742527,LOCK
global,1778531457722,-1,0.0,0.6777076778871265,0.1355415355774253,0.0,0.1355415355774253,LOCK
global,1778531457869,-1,0.0,0.6777076778871265,0.1355415355774253,0.0,0.1355415355774253,LOCK
global,1778531458021,-1,0.0,0.6777076778871265,0.1355415355774253,0.0,0.1355415355774253,LOCK
global,1778531458168,-1,0.0,0.6777076778871265,0.1355415355774253,0.0,0.1355415355774253,LOCK
global,1778531458322,-1,0.0,0.6777076778871265,0.1355415355774253,0.0,0.1355415355774253,LOCK
global,1778531458467,-1,0.0,0.6777076778871265,0.1355415355774253,0.0,0.1355415355774253,LOCK
global,1778531458621,-1,0.0,0.6777076778871265,0.1355415355774253,0.0,0.1355415355774253,LOCK
global,1778531458769,-1,0.0,0.6777076778871265,0.1355415355774253,0.0,0.13554153557742532,LOCK
global,1778531458923,-1,0.0,0.6777076778871265,0.1355415355774253,0.0,0.1355415355774253,LOCK
global,1778531466873,-1,0.0,0.6777076778871265,0.1355415355774253,0.0,0.1355415355774253,LOCK
global,1778531467018,-1,0.0,0.6777076778871265,0.1355415355774253,0.0,0.13554153557742532,LOCK
global,1778531467168,-1,0.0,0.6777076778871265,0.1355415355774253,0.0,0.13554153557742532,LOCK
global,1778531467321,-1,0.0,0.6777076778871265,0.1355415355774253,0.0,0.13554153557742532,LOCK
global,1778531467472,-1,0.0,0.6777076778871265,0.1355415355774253,0.0,0.13554153557742535,LOCK
global,1778531467623,-1,0.0,0.6777076778871265,0.1355415355774253,0.0,0.13554153557742535,LOCK
global,1778531467772,-1,0.0,0.6777076778871265,0.1355415355774253,0.0,0.13554153557742535,LOCK
global,1778531467922,-1,0.0,0.6777076778871265,0.1355415355774253,0.0,0.1355415355774253,LOCK
global,1778531468069,-1,0.0,0.6777076778871265,0.1355415355774253,0.0,0.1355415355774253,LOCK
global,1778531468220,-1,0.0,0.6777076778871265,0.1355415355774253,0.0,0.1355415355774253,LOCK
global,1778531468370,-1,0.0,0.6777076778871265,0.1355415355774253,0.0,0.13554153557742532,LOCK
global,1778531468523,-1,0.0,0.6777076778871265,0.1355415355774253,0.0,0.13554153557742532,LOCK
global,1778531468670,-1,0.0,0.6777076778871265,0.1355415355774253,0.0,0.13554153557742532,LOCK
global,1778531468823,-1,0.0,0.6777076778871265,0.1355415355774253,0.0,0.13554153557742532,LOCK
global,1778531468966,-1,0.0,0.6777076778871265,0.1355415355774253,0.0,0.13554153557742535,LOCK
global,1778531469123,-1,0.0,0.6777076778871265,0.1355415355774253,0.0,0.13554153557742527,LOCK
global,1778531469267,-1,0.0,0.6777076778871265,0.1355415355774253,0.0,0.1355415355774253,LOCK
global,1778531469418,-1,0.0,0.6777076778871265,0.1355415355774253,0.0,0.1355415355774253,LOCK
global,1778531469573,-1,0.0,0.6777076778871265,0.1355415355774253,0.0,0.1355415355774253,LOCK
global,1778531469720,-1,0.0,0.6777076778871265,0.1355415355774253,0.0,0.1355415355774253,LOCK
global,1778531469870,-1,0.0,0.6777076778871265,0.1355415355774253,0.0,0.13554153557742532,LOCK
global,1778531470020,-1,0.0,0.6777076778871265,0.1355415355774253,0.0,0.13554153557742532,LOCK
global,1778531470168,-1,0.0,0.6777076778871265,0.1355415355774253,0.0,0.13554153557742532,LOCK
global,1778531470321,-1,0.0,0.6777076778871265,0.1355415355774253,0.0,0.13554153557742527,LOCK
global,1778531470470,-1,0.0,0.6777076778871265,0.1355415355774253,0.0,0.13554153557742527,LOCK
global,1778531470620,-1,0.0,0.6777076778871265,0.1355415355774253,0.0,0.1355415355774253,LOCK
global,1778531470773,-1,0.0,0.6777076778871265,0.1355415355774253,0.0,0.1355415355774253,LOCK
global,1778531470937,-1,0.0,0.6777076778871265,0.1355415355774253,0.0,0.1355415355774253,LOCK
global,1778531471068,-1,0.0,0.6777076778871265,0.1355415355774253,0.0,0.1355415355774253,LOCK
global,1778531471217,-1,0.0,0.6777076778871265,0.1355415355774253,0.0,0.13554153557742532,LOCK
global,1778531471369,-1,0.0,0.6777076778871265,0.1355415355774253,0.0,0.13554153557742532,LOCK
global,1778531471518,-1,0.0,0.6777076778871265,0.1355415355774253,0.0,0.13554153557742527,LOCK
global,1778531471665,-1,0.0,0.6777076778871265,0.1355415355774253,0.0,0.13554153557742527,LOCK
global,1778531471818,-1,0.0,0.6777076778871265,0.1355415355774253,0.0,0.13554153557742527,LOCK
global,1778531471968,-1,0.0,0.6777076778871265,0.1355415355774253,0.0,0.1355415355774253,LOCK
global,1778531472116,-1,0.0,0.6777076778871265,0.1355415355774253,0.0,0.1355415355774253,LOCK
global,1778531472274,-1,0.0,0.6777076778871265,0.1355415355774253,0.0,0.1355415355774253,LOCK
global,1778531472416,-1,0.0,0.6777076778871265,0.1355415355774253,0.0,0.1355415355774253,LOCK
global,1778531472569,-1,0.0,0.6777076778871265,0.1355415355774253,0.0,0.1355415355774253,LOCK
global,1778531472719,-1,0.0,0.6777076778871265,0.1355415355774253,0.0,0.1355415355774253,LOCK
global,1778531472871,-1,0.0,0.6777076778871265,0.1355415355774253,0.0,0.1355415355774253,LOCK
global,1778531473018,-1,0.0,0.6777076778871265,0.1355415355774253,0.0,0.1355415355774253,LOCK
global,1778531473169,-1,0.0,0.6777076778871265,0.1355415355774253,0.0,0.1355415355774253,LOCK
global,1778531473325,-1,0.0,0.6777076778871265,0.1355415355774253,0.0,0.1355415355774253,LOCK
global,1778531473463,-1,0.0,0.6777076778871265,0.1355415355774253,0.0,0.1355415355774253,LOCK
global,1778531473619,-1,0.0,0.6777076778871265,0.1355415355774253,0.0,0.1355415355774253,LOCK
global,1778531473771,-1,0.0,0.6777076778871265,0.1355415355774253,0.0,0.1355415355774253,LOCK
global,1778531473921,-1,0.0,0.6777076778871265,0.1355415355774253,0.0,0.1355415355774253,LOCK
global,1778531474069,-1,0.0,0.6777076778871265,0.1355415355774253,0.0,0.1355415355774253,LOCK
global,1778531474219,-1,0.0,0.6777076778871265,0.1355415355774253,0.0,0.1355415355774253,LOCK
global,1778531474365,-1,0.0,0.6777076778871265,0.1355415355774253,0.0,0.1355415355774253,LOCK
global,1778531474516,-1,0.0,0.6777076778871265,0.1355415355774253,0.0,0.1355415355774253,LOCK
global,1778531474669,-1,0.0,0.6777076778871265,0.1355415355774253,0.0,0.1355415355774253,LOCK
global,1778531474818,-1,0.0,0.6777076778871265,0.1355415355774253,0.0,0.1355415355774253,LOCK
global,1778531474969,-1,0.0,0.6777076778871265,0.1355415355774253,0.0,0.1355415355774253,LOCK
global,1778531475121,-1,0.0,0.6777076778871265,0.1355415355774253,0.0,0.1355415355774253,LOCK
global,1778531475271,-1,0.0,0.6777076778871265,0.1355415355774253,0.0,0.1355415355774253,LOCK
global,1778531475417,-1,0.0,0.6777076778871265,0.1355415355774253,0.0,0.1355415355774253,LOCK
global,1778531475569,-1,0.0,0.6777076778871265,0.1355415355774253,0.0,0.1355415355774253,LOCK
global,1778531475722,-1,0.0,0.6777076778871265,0.1355415355774253,0.0,0.1355415355774253,LOCK
global,1778531475872,-1,0.0,0.6777076778871265,0.1355415355774253,0.0,0.1355415355774253,LOCK
global,1778531476020,-1,0.0,0.6777076778871265,0.1355415355774253,0.0,0.1355415355774253,LOCK
global,1778531476172,-1,0.0,0.6777076778871265,0.1355415355774253,0.0,0.1355415355774253,LOCK
global,1778531476324,-1,0.0,0.6777076778871265,0.1355415355774253,0.0,0.1355415355774253,LOCK
global,1778531476467,-1,0.0,0.6777076778871265,0.1355415355774253,0.0,0.1355415355774253,LOCK
global,1778531476611,-1,0.0,0.6777076778871265,0.1355415355774253,0.0,0.1355415355774253,LOCK
global,1778531476764,-1,0.0,0.6777076778871265,0.1355415355774253,0.0,0.1355415355774253,LOCK
global,1778531476921,-1,0.0,0.6777076778871265,0.1355415355774253,0.0,0.1355415355774253,LOCK
global,1778531477071,-1,0.0,0.6777076778871265,0.1355415355774253,0.7094174077118031,0.13783703906596279,STEP_UP
global,1778531477217,-1,0.0,0.6777076778871265,0.1355415355774253,0.7094174077118031,0.1401325425545003,STEP_UP
global,1778531477373,-1,0.0,0.6777076778871265,0.1355415355774253,0.7094174077118031,0.14242804604303783,STEP_UP
global,1778531477517,-1,0.0,0.6777076778871265,0.1355415355774253,0.7094174077118031,0.14472354953157532,STEP_UP
global,1778531477662,-1,0.0,0.6777076778871265,0.1355415355774253,0.71058524794093,0.14702372438102934,STEP_UP
global,1778531477814,-1,0.0,0.6777076778871265,0.1355415355774253,0.71058524794093,0.14932389923048336,STEP_UP
global,1778531478264,-1,0.0,0.6777076778871265,0.1355415355774253,0.7035434333941459,0.15159590682175023,STEP_UP
global,1778531478418,-1,0.0,0.6777076778871265,0.1355415355774253,0.7035434333941459,0.15386791441301714,STEP_UP
global,1778531478568,-1,0.0,0.6777076778871265,0.1355415355774253,0.7035434333941459,0.15613992200428403,STEP_UP
global,1778531478719,-1,0.0,0.6777076778871265,0.1355415355774253,0.7035434333941459,0.15841192959555092,STEP_UP
global,1778531478873,-1,0.0,0.6777076778871265,0.1355415355774253,0.7075643369842809,0.16070002080117832,STEP_UP
global,1778531479018,-1,0.0,0.6777076778871265,0.1355415355774253,0.7075643369842809,0.16298811200680574,STEP_UP
global,1778531479172,-1,0.0,0.6777076778871265,0.1355415355774253,0.7075643369842809,0.16527620321243316,STEP_UP
global,1778531479322,-1,0.0,0.6777076778871265,0.1355415355774253,0.7075643369842809,0.1675642944180606,STEP_UP
global,1778531479465,-1,0.0,0.6777076778871265,0.1355415355774253,0.7244980956748626,0.1699201206584503,STEP_UP
global,1778531479622,-1,0.0,0.6777076778871265,0.1355415355774253,0.7244980956748626,0.17227594689884007,STEP_UP
global,1778531479772,-1,0.0,0.6777076778871265,0.1355415355774253,0.7244980956748626,0.17463177313922984,STEP_UP
global,1778531479923,-1,0.0,0.6777076778871265,0.1355415355774253,0.7244980956748626,0.1769875993796196,STEP_UP
global,1778531480070,-1,0.0,0.6777076778871265,0.1355415355774253,0.7061502156607401,0.17927003409995287,STEP_UP
global,1778531480217,-1,0.0,0.6777076778871265,0.1355415355774253,0.7061502156607401,0.1815524688202861,STEP_UP
global,1778531480372,-1,0.0,0.6777076778871265,0.1355415355774253,0.7061502156607401,0.18383490354061938,STEP_UP
global,1778531480555,-1,0.46297328262807946,0.6777076778871265,0.5059201616798888,0.7159622207693588,0.18837885803800186,STEP_UP
global,1778531480699,-1,0.46297329909977947,0.6777076778871265,0.5059201748572489,0.7159622207693588,0.19292281261444855,STEP_UP
global,1778531480839,-1,0.46297328171333607,0.6777076778871265,0.5059201609480942,0.7159622207693588,0.19746676710744032,STEP_UP
global,1778531480997,-1,0.46297328171333607,0.6777076778871265,0.5059201609480942,0.7159622207693588,0.2020107216004321,STEP_UP
global,1778531481156,-1,0.4629732817058192,0.6777076778871265,0.5059201609420807,0.7159622207693588,0.20655467609338773,STEP_UP
global,1778531481290,-1,0.4629732817059784,0.6777076778871265,0.505920160942208,0.7156587698171644,0.21109741678253538,STEP_UP
global,1778531481453,-1,0.4629732817059784,0.6777076778871265,0.505920160942208,0.7156587698171644,0.21564015747168305,STEP_UP
global,1778531481598,-1,0.462973281758827,0.6777076778871265,0.5059201609844869,0.7156587698171644,0.22018289816108436,STEP_UP
global,1778531481759,-1,0.4629732817688561,0.6777076778871265,0.5059201609925102,0.7156587698171644,0.2247256388505338,STEP_UP
global,1778531481889,-1,0.4629732827147719,0.6777076778871265,0.5059201617492428,0.702228006113804,0.22921465648971026,STEP_UP
global,1778531482042,-1,0.46297328252519865,0.6777076778871265,0.5059201615975842,0.702228006113804,0.23370367412797668,STEP_UP
global,1778531482197,-1,0.4629732824011292,0.6777076778871265,0.5059201614983287,0.702228006113804,0.23819269176564759,STEP_UP
global,1778531482359,-1,0.4629732826654429,0.6777076778871265,0.5059201617097796,0.702228006113804,0.24268170940458725,STEP_UP
global,1778531482490,-1,0.46297328302617324,0.6777076778871265,0.5059201619983639,0.7136921180679404,0.24721658349307496,STEP_UP
global,1778531482646,-1,0.4629732831385083,0.6777076778871265,0.505920162088232,0.7136921180679404,0.2517514575821018,STEP_UP
global,1778531482804,-1,0.4629732831385083,0.6777076778871265,0.505920162088232,0.7136921180679404,0.2562863316711288,STEP_UP
global,1778531482943,-1,0.46297328174707064,0.6777076778871265,0.5059201609750819,0.7136921180679404,0.2608212057534768,STEP_UP
global,1778531483100,-1,0.46297328174707064,0.6777076778871265,0.5059201609750819,0.6914840559855524,0.2652672475874952,STEP_UP
global,1778531483246,-1,0.46297328174707064,0.6777076778871265,0.5059201609750819,0.6914840559855524,0.2697132894215137,STEP_UP
global,1778531483397,-1,0.46297328174707064,0.6777076778871265,0.5059201609750819,0.6914840559855524,0.27415933125553216,STEP_UP
global,1778531483537,-1,0.46297328171409524,0.6777076778871265,0.5059201609487015,0.6914840559855524,0.2786053730893923,STEP_UP
global,1778531483700,-1,0.4629732817163561,0.6777076778871265,0.5059201609505102,0.6775122106900032,0.2829955275420811,STEP_UP
global,1778531483869,-1,0.46297328171719343,0.6777076778871265,0.5059201609511801,0.6775122106900032,0.28738568199477393,STEP_UP
global,1778531483990,-1,0.4629732817157113,0.6777076778871265,0.5059201609499944,0.6775122106900032,0.29177583644745964,STEP_UP
global,1778531484157,-1,0.46297328171649843,0.6777076778871265,0.5059201609506241,0.6775122106900032,0.2961659909001491,STEP_UP
global,1778531484293,-1,0.4629732817177572,0.6777076778871265,0.5059201609516311,0.67537024119852,0.30054757747487876,STEP_UP
global,1778531484423,-1,0.46297328172544994,0.6777076778871265,0.5059201609577852,0.67537024119852,0.30492916404964526,STEP_UP
global,1778531484587,-1,0.4629732817413039,0.6777076778871265,0.5059201609704684,0.67537024119852,0.30931075062448793,STEP_UP
global,1778531484758,-1,0.46297328174290064,0.6777076778871265,0.5059201609717459,0.67537024119852,0.3136923371993383,STEP_UP
global,1778531484892,-1,0.4629732817212351,0.6777076778871265,0.5059201609544134,0.756749245597995,0.31839943979168256,ALLOW
global,1778531485040,-1,0.4629732817214891,0.6777076778871265,0.5059201609546166,0.756749245597995,0.3231065423840279,ALLOW
global,1778531485200,-1,0.46297328171464525,0.6777076778871265,0.5059201609491415,0.756749245597995,0.3278136449763405,ALLOW
global,1778531485353,-1,0.46297328171071506,0.6777076778871265,0.5059201609459973,0.756749245597995,0.3325207475686342,ALLOW
global,1778531485487,-1,0.4629732818811714,0.6505993707716414,0.5004984996592654,0.7226971630151353,0.337059111862876,STEP_UP
global,1778531485645,-1,0.4629732826926236,0.6777076778871265,0.5059201617315242,0.7226971630151353,0.34163000612955147,STEP_UP
global,1778531485792,-1,0.4629732826926236,0.6777076778871265,0.5059201617315242,0.7226971630151353,0.34620090039622686,STEP_UP
global,1778531485960,-1,0.46297328324581355,0.6777076778871265,0.5059201621740762,0.7226971630151353,0.35077179466555763,STEP_UP
global,1778531486084,-1,0.4629732817537249,0.6777076778871265,0.5059201609804053,0.7732180763294367,0.3555447725809836,ALLOW
global,1778531486229,-1,0.4629732817537249,0.6777076778871265,0.5059201609804053,0.7732180763294367,0.3603177504964096,ALLOW
global,1778531486393,-1,0.4629732817058163,0.6777076778871265,0.5059201609420784,0.7732180763294367,0.3650907284116055,ALLOW
global,1778531486554,-1,0.4629732817058163,0.6777076778871265,0.5059201609420784,0.7732180763294367,0.3698637063268015,ALLOW
global,1778531486690,-1,0.4629732817058163,0.6777076778871265,0.5059201609420784,0.7329504580459221,0.3744756137688634,STEP_UP
global,1778531486845,-1,0.4629732817058163,0.6777076778871265,0.5059201609420784,0.7329504580459221,0.37908752121092526,STEP_UP
global,1778531487104,-1,0.4629732817058163,0.6777076778871265,0.5059201609420784,0.7329504580459221,0.3836994286529872,STEP_UP
global,1778531487295,-1,0.4629732817058163,0.6777076778871265,0.5059201609420784,0.7246992518383335,0.38827833127021877,STEP_UP
global,1778531487445,-1,0.46297328223853573,0.6777076778871265,0.5059201613682539,0.7246992518383335,0.3928572338900074,STEP_UP
global,1778531487601,-1,0.4629732828638755,0.6777076778871265,0.5059201618685257,0.7246992518383335,0.3974361365127975,STEP_UP
global,1778531487753,-1,0.4629732827182831,0.6777076778871265,0.5059201617520518,0.7246992518383335,0.4020150391348889,STEP_UP
global,1778531487893,-1,0.4629732817267951,0.6777076778871265,0.5059201609588614,0.7321507346252306,0.40662374768336873,STEP_UP
global,1778531488052,-1,0.4629732817058163,0.6777076778871265,0.5059201609420784,0.7321507346252306,0.41123245623174787,STEP_UP
global,1778531488194,-1,0.4629732817058163,0.6777076778871265,0.5059201609420784,0.7321507346252306,0.4158411647801271,STEP_UP
global,1778531488352,-1,0.4629732817058163,0.6777076778871265,0.5059201609420784,0.7321507346252306,0.4204498733285062,STEP_UP
global,1778531488492,-1,0.462973281708273,0.6777076778871265,0.5059201609440437,0.7250776393821876,0.425030289495925,STEP_UP
global,1778531488645,-1,0.4629732817092804,0.6777076778871265,0.5059201609448497,0.7250776393821876,0.42961070566334864,STEP_UP
global,1778531488800,-1,0.46297328170995566,0.6777076778871265,0.5059201609453898,0.7250776393821876,0.43419112183077546,STEP_UP
global,1778531488955,-1,0.462973281709939,0.6777076778871265,0.5059201609453765,0.7250776393821876,0.43877153799820223,STEP_UP
global,1778531489100,-1,0.4629732817073182,0.6777076778871265,0.5059201609432799,0.7137612226988507,0.443306688498883,STEP_UP
global,1778531489235,-1,0.46297328171012064,0.6777076778871265,0.5059201609455218,0.7137612226988507,0.44784183899957725,STEP_UP
global,1778531489384,-1,0.46297328170990015,0.6777076778871265,0.5059201609453454,0.7137612226988507,0.4523769895002705,STEP_UP
global,1778531489545,-1,0.4629732817104528,0.6777076778871265,0.5059201609457876,0.7137612226988507,0.4569121400009663,STEP_UP
global,1778531489699,-1,0.46297328170955687,0.6777076778871265,0.5059201609450709,0.7194485954273544,0.46147003999257197,STEP_UP
global,1778531489843,-1,0.46297328170955687,0.6777076778871265,0.5059201609450709,0.7194485954273544,0.4660279399841775,STEP_UP
global,1778531489999,-1,0.46297328170955687,0.6777076778871265,0.5059201609450709,0.7194485954273544,0.4705858399757832,STEP_UP
global,1778531490161,-1,0.4629732817370278,0.6777076778871265,0.5059201609670475,0.7194485954273544,0.47514373996752046,STEP_UP
global,1778531490285,-1,0.4629732828086208,0.6777076778871265,0.505920161824322,0.7098042093494441,0.47966306242009005,STEP_UP
global,1778531490443,-1,0.4629732828086208,0.6777076778871265,0.505920161824322,0.7098042093494441,0.4841823848726595,STEP_UP
global,1778531490599,-1,0.4629732831320075,0.6777076778871265,0.5059201620830313,0.7098042093494441,0.48870170732678125,STEP_UP
global,1778531490756,-1,0.4629732828743258,0.6777076778871265,0.5059201618768859,0.7098042093494441,0.4932210297796661,STEP_UP
global,1778531490891,-1,0.46297328281518846,0.6777076778871265,0.5059201618295761,0.7176938609435808,0.4977719108386435,STEP_UP
global,1778531491044,-1,0.4629732828139128,0.6777076778871265,0.5059201618285556,0.7176938609435808,0.502322791897615,STEP_UP
global,1778531491204,-1,0.4629732837075049,0.6777076778871265,0.5059201625434292,0.7176938609435808,0.5068736729608755,STEP_UP
global,1778531491342,-1,0.46297328358905143,0.6777076778871265,0.5059201624486664,0.7176938609435808,0.5114245540235676,STEP_UP
global,1778531491493,-1,0.4629732844897414,0.6777076778871265,0.5059201631692184,0.6993942730110633,0.5159022367388529,STEP_UP
global,1778531491635,-1,0.46297328177556873,0.6777076778871265,0.5059201609978803,0.6993942730110633,0.5203799194411103,STEP_UP
global,1778531491795,-1,0.4629732818014014,0.6777076778871265,0.5059201610185464,0.6993942730110633,0.5248576021434915,STEP_UP
global,1778531491951,-1,0.46297328178233754,0.6777076778871265,0.5059201610032954,0.6993942730110633,0.5293352848457813,STEP_UP
global,1778531492066,-1,0.0,0.6777076778871265,0.1355415355774253,0.6963154741349661,0.5315783806000114,STEP_UP
global,1778531492216,-1,0.0,0.6777076778871265,0.1355415355774253,0.6963154741349661,0.5338214763542416,STEP_UP
global,1778531492370,-1,0.0,0.6777076778871265,0.1355415355774253,0.6963154741349661,0.5360645721084718,STEP_UP
global,1778531492519,-1,0.0,0.6777076778871265,0.1355415355774253,0.6963154741349661,0.5360121643741644,STEP_UP
global,1778531492673,-1,0.0,0.6777076778871265,0.1355415355774253,0.7463450973650034,0.5361598751327773,STEP_UP
global,1778531492816,-1,0.0,0.6777076778871265,0.1355415355774253,0.7463450973650034,0.53630758589139,STEP_UP
global,1778531492974,-1,0.0,0.6777076778871265,0.1355415355774253,0.7463450973650034,0.5364552966500029,STEP_UP
global,1778531493117,-1,0.0,0.6777076778871265,0.1355415355774253,0.7463450973650034,0.5365983360476992,STEP_UP
global,1778531493269,-1,0.0,0.6777076778871265,0.1355415355774253,0.6956543434780241,0.5365386124298476,STEP_UP
global,1778531493446,-1,0.46297319420790206,0.6777076778871265,0.505920090943747,0.6956543434780241,0.538729327402381,STEP_UP
global,1778531493597,-1,0.4629732732556797,0.6777076778871265,0.5059201541819691,0.6956543434780241,0.5409200427543438,STEP_UP
global,1778531493752,-1,0.4629732809192033,0.6777076778871265,0.505920160312788,0.6956543434780241,0.5431107581430915,STEP_UP
global,1778531493893,-1,0.4629732862355398,0.6777076778871265,0.5059201645658572,0.767598597870021,0.5455892505749255,ALLOW
global,1778531494046,-1,0.4629732842063554,0.6777076778871265,0.5059201629425096,0.767598597870021,0.5480516593826591,ALLOW
global,1778531494205,-1,0.4629732900407655,0.6777076778871265,0.5059201676100377,0.767598597870021,0.5505140682183977,ALLOW
global,1778531494359,-1,0.4629733016902595,0.6777076778871265,0.505920176929633,0.767598597870021,0.5529764771100539,ALLOW
global,1778531494480,-1,0.4629732863299665,0.6777076778871265,0.5059201646413986,0.7553497815976502,0.5553898906628912,ALLOW
global,1778531494641,-1,0.46297331641465034,0.6777076778871265,0.5059201887091456,0.7553497815976502,0.5577355693253726,ALLOW
global,1778531494787,-1,0.4629733020169873,0.6777076778871265,0.5059201771910151,0.7553497815976502,0.5600812479187453,ALLOW
global,1778531494946,-1,0.462973302833779,0.6777076778871265,0.5059201778444485,0.7553497815976502,0.5624269265160386,ALLOW
global,1778531495093,-1,0.46297330463574493,0.6777076778871265,0.5059201792860213,0.7456394813821933,0.5647337639211196,ALLOW
global,1778531495256,-1,0.46297329412189114,0.6777076778871265,0.5059201708749382,0.7456394813821933,0.5671139927957904,ALLOW
global,1778531495400,-1,0.46297330026112915,0.6777076778871265,0.5059201757863286,0.7456394813821933,0.5694942216999297,ALLOW
global,1778531495546,-1,0.46297330101724854,0.6777076778871265,0.5059201763912241,0.7456394813821933,0.5718744506076984,ALLOW
global,1778531495693,-1,0.4629733005435188,0.6777076778871265,0.5059201760122404,0.758346439986836,0.5720439875705623,ALLOW
global,1778531495855,-1,0.46297329676216625,0.6777076778871265,0.5059201729871583,0.758346439986836,0.5722135244362117,ALLOW
global,1778531496005,-1,0.46297330134293535,0.6777076778871265,0.5059201766517736,0.758346439986836,0.5723830614073036,ALLOW
global,1778531496151,-1,0.4629733325101475,0.6777076778871265,0.5059202015855433,0.758346439986836,0.5725525985279982,ALLOW
global,1778531496298,-1,0.462973320903608,0.6777076778871265,0.5059201923003117,0.746421586960007,0.5726744361809102,ALLOW
global,1778531496455,-1,0.4629733305544892,0.6777076778871265,0.5059202000210167,0.746421586960007,0.5727974876839544,ALLOW
global,1778531496586,-1,0.46297325704087977,0.6777076778871265,0.5059201412101292,0.746421586960007,0.5729205388341334,ALLOW
global,1778531496750,-1,0.4629730480728689,0.6777076778871265,0.5059199740357204,0.746421586960007,0.5730435889810122,ALLOW
global,1778531496896,-1,0.4629731608044172,0.6777076778871265,0.505920064220959,0.739102022879915,0.5731373614126338,STEP_UP
global,1778531497045,-1,0.4629732547406462,0.6777076778871265,0.5059201393699423,0.739102022879915,0.5732848573454224,STEP_UP
global,1778531497204,-1,0.4629732093305363,0.6777076778871265,0.5059201030418544,0.739102022879915,0.5734323530611525,STEP_UP
global,1778531497351,-1,0.4629731878096863,0.6777076778871265,0.5059200858251743,0.739102022879915,0.573579848674178,STEP_UP
global,1778531497505,-1,0.4629731335709242,0.6777076778871265,0.5059200424341647,0.6975407889053495,0.5735610990896904,STEP_UP
global,1778531497638,-1,0.4629731146894074,0.6777076778871265,0.5059200273289512,0.6975407889053495,0.5734964929650236,STEP_UP
global,1778531497796,-1,0.4629728399440125,0.6777076778871265,0.5059198075326353,0.6975407889053495,0.5734318855210397,STEP_UP
global,1778531497951,-1,0.46297271823898,0.6777076778871265,0.5059197101686094,0.6975407889053495,0.5733672774928716,STEP_UP
global,1778531498096,-1,0.46297267367346473,0.6777076778871265,0.5059196745161971,0.7033818999844347,0.5733260337017844,STEP_UP
global,1778531498245,-1,0.46297288784203494,0.6777076778871265,0.5059198458510533,0.7033818999844347,0.5733736231870357,STEP_UP
global,1778531498397,-1,0.46297336663255173,0.6777076778871265,0.5059202288834667,0.7033818999844347,0.5734212149704815,STEP_UP
global,1778531498571,-1,0.4629733314408908,0.6777076778871265,0.505920200730138,0.75222019591163,0.5736641597687161,ALLOW
global,1778531498685,-1,0.4629733195583481,0.6777076778871265,0.5059201912241038,0.75222019591163,0.5739071045100729,ALLOW
global,1778531498845,-1,0.46297330961703853,0.6777076778871265,0.5059201832710561,0.75222019591163,0.5742059365848826,ALLOW
global,1778531499002,-1,0.46297330081429666,0.6777076778871265,0.5059201762288627,0.75222019591163,0.5745047686174353,ALLOW
global,1778531499149,-1,0.4629733048455351,0.6777076778871265,0.5059201794538534,0.75222019591163,0.574803600669345,ALLOW
global,1778531499298,-1,0.46297328754939593,0.6777076778871265,0.5059201656169421,0.7495184710889022,0.5750916257389385,ALLOW
global,1778531499424,-1,0.46297328659688985,0.6777076778871265,0.5059201648549372,0.7495184710889022,0.5753882186819198,ALLOW
global,1778531499585,-1,0.46297328623125256,0.6505993707716414,0.5004985031393303,0.7495184710889022,0.5756522816545706,ALLOW
global,1778531499739,-1,0.46297328510194014,0.6245753959407757,0.4952937072697073,0.7495184710889022,0.5758851158519276,STEP_UP
global,1778531499890,-1,0.46297328343068367,0.5995923801031446,0.4902971027651759,0.7445295210435978,0.5760680146220685,STEP_UP
global,1778531500043,-1,0.462973281889294,0.5756086848990188,0.48550036249123896,0.7445295210435978,0.5758966169330718,STEP_UP
global,1778531500191,-1,0.46297328186369024,0.552584337503058,0.48089549299156387,0.7445295210435978,0.5756975900270759,STEP_UP
global,1778531500347,-1,0.4629732819160699,0.5304809640029357,0.4764748183334431,0.7445295210435978,0.5754720390731641,STEP_UP
global,1778531500489,-1,0.46297328191825815,0.5092617254428182,0.4722309706231702,0.7075902931899741,0.575073268121595,STEP_UP
global,1778531500650,-1,0.4629732818018313,0.4888912564251055,0.46815687672648615,0.7075902931899741,0.5748187909046978,STEP_UP
global,1778531500773,-1,0.46297328532835214,0.46933560616810127,0.46424574949630204,0.7075902931899741,0.5745083169519858,STEP_UP
global,1778531500946,-1,0.4629732854248245,0.4505621819213772,0.4629732854248245,0.7075902931899741,0.5741902082148449,STEP_UP
global,1778531501088,-1,0.4629732847458432,0.6777076778871265,0.5059201633740998,0.740099037651827,0.5742598157205918,STEP_UP
global,1778531501250,-1,0.4629732854199651,0.6777076778871265,0.5059201639133973,0.740099037651827,0.5741273395834794,STEP_UP
global,1778531501388,-1,0.4629732855743245,0.6777076778871265,0.5059201640368849,0.740099037651827,0.5739948634471077,STEP_UP
global,1778531501548,-1,0.4629732866319365,0.6777076778871265,0.5059201648829745,0.740099037651827,0.5738623873160427,STEP_UP
global,1778531501693,-1,0.46297328652374614,0.6777076778871265,0.5059201647964222,0.7066473133390065,0.573596104287207,STEP_UP
global,1778531501839,-1,0.4629732853122188,0.6777076778871265,0.5059201638272004,0.7066473133390065,0.5734908917256901,STEP_UP
global,1778531501998,-1,0.4629732879970305,0.6777076778871265,0.5059201659750497,0.7066473133390065,0.5733856791770603,STEP_UP
global,1778531502152,-1,0.46297328834263807,0.6777076778871265,0.5059201662515358,0.7066473133390065,0.5732804666300894,STEP_UP
global,1778531502294,-1,0.4629732880108077,0.6777076778871265,0.5059201659860715,0.6855890609059567,0.5731240258966238,STEP_UP
global,1778531502446,-1,0.46297322986146083,0.6777076778871265,0.505920119466594,0.6855890609059567,0.5729675848814844,STEP_UP
global,1778531502596,-1,0.4629732325422953,0.6777076778871265,0.5059201216112615,0.6855890609059567,0.5728111438762115,STEP_UP
global,1778531502759,-1,0.4629732353125042,0.6777076778871265,0.5059201238274287,0.6922865805018772,0.5726814929633177,STEP_UP
global,1778531502885,-1,0.4629732391360153,0.6777076778871265,0.5059201268862376,0.6922865805018772,0.5725220361423886,STEP_UP
global,1778531503045,-1,0.4629732439760237,0.6777076778871265,0.5059201307582443,0.6922865805018772,0.5723625793447922,STEP_UP
global,1778531503197,-1,0.46297324065508416,0.6777076778871265,0.5059201281014927,0.6922865805018772,0.5722031225312552,STEP_UP
global,1778531503357,-1,0.46297324217981606,0.6777076778871265,0.5059201293212782,0.6922865805018772,0.5720436657250371,STEP_UP
global,1778531503494,-1,0.46297323669840695,0.6777076778871265,0.5059201249361509,0.0,0.5711670354512056,STEP_UP
global,1778531503645,-1,0.4629732375717208,0.6777076778871265,0.5059201256348019,0.0,0.5702904051843557,STEP_UP
global,1778531503804,-1,0.4629732582758084,0.6777076778871265,0.505920142198072,0.0,0.5694137750831354,STEP_UP
global,1778531503955,-1,0.4629732639783315,0.6777076778871265,0.5059201467600906,0.0,0.5685371450275352,STEP_UP
global,1778531504097,-1,0.4629732614838493,0.6777076778871265,0.5059201447645048,0.6904646699969302,0.5684439587196548,STEP_UP
global,1778531504246,-1,0.46297326674602557,0.6777076778871265,0.5059201489742458,0.6904646699969302,0.5683507724370195,STEP_UP
global,1778531504392,-1,0.4629733332451176,0.6777076778871265,0.5059202021735194,0.6904646699969302,0.5682575864735809,STEP_UP
global,1778531504544,-1,0.4629733739347077,0.6777076778871265,0.5059202347251915,0.6904646699969302,0.5681644007054496,STEP_UP
global,1778531504699,-1,0.4629734497409117,0.6777076778871265,0.5059202953701547,0.7122031920489118,0.5681354198984864,STEP_UP
global,1778531504855,-1,0.46297353658667006,0.6777076778871265,0.5059203648467614,0.7122031920489118,0.5681064395083827,STEP_UP
global,1778531504987,-1,0.4629735829625601,0.6777076778871265,0.5059204019474733,0.7122031920489118,0.5680774593408833,STEP_UP
global,1778531505155,-1,0.4629735004387703,0.6777076778871265,0.5059203359284415,0.7122031920489118,0.5680484787771379,STEP_UP
global,1778531505291,-1,0.46297358352650697,0.6777076778871265,0.5059204023986309,0.7594905483053993,0.5682472255764077,ALLOW
global,1778531505445,-1,0.4629736366170012,0.6777076778871265,0.5059204448710263,0.7594905483053993,0.5684459726305117,ALLOW
global,1778531505600,-1,0.46297366182111066,0.6777076778871265,0.5059204650343139,0.7594905483053993,0.5686447198040431,ALLOW
global,1778531505753,-1,0.4629733423957052,0.6777076778871265,0.5059202094939895,0.7594905483053993,0.5688434654455695,ALLOW
global,1778531505896,-1,0.46297335370006265,0.6777076778871265,0.5059202185374755,0.7362506344712494,0.5689176928799277,STEP_UP
global,1778531506038,-1,0.46297335464282985,0.6777076778871265,0.5059202192916892,0.7362506344712494,0.5689919203188172,STEP_UP
global,1778531506200,-1,0.462973363685135,0.6777076778871265,0.5059202265255333,0.7362506344712494,0.5690661477968204,STEP_UP
global,1778531506353,-1,0.46297335417869623,0.6777076778871265,0.5059202189203823,0.7362506344712494,0.5691403752297615,STEP_UP
global,1778531506492,-1,0.462973392733655,0.6777076778871265,0.5059202497643494,0.6880705356341343,0.5690950807998244,STEP_UP
global,1778531506649,-1,0.462973380827435,0.6777076778871265,0.5059202402393733,0.6880705356341343,0.5690497863257656,STEP_UP
global,1778531506802,-1,0.46297339754795264,0.6777076778871265,0.5059202536157874,0.6880705356341343,0.5690044919318414,STEP_UP
global,1778531506963,-1,0.46297335361902525,0.6777076778871265,0.5059202184726456,0.6880705356341343,0.5689591973271498,STEP_UP
global,1778531507088,-1,0.4629733381132666,0.6777076778871265,0.5059202060680386,0.71606144465374,0.5712604532321686,STEP_UP
global,1778531507245,-1,0.46297333117473527,0.6777076778871265,0.5059202005172135,0.71606144465374,0.5735617091038825,STEP_UP
global,1778531507395,-1,0.46297333031969545,0.6777076778871265,0.5059201998331817,0.71606144465374,0.5758629649714921,STEP_UP
global,1778531507559,-1,0.4629733295210774,0.6777076778871265,0.5059201991942872,0.71606144465374,0.5781642208352684,STEP_UP
global,1778531507687,-1,0.46297333281650244,0.6777076778871265,0.5059202018306272,0.7393777723462678,0.5803586235327127,STEP_UP
global,1778531507830,-1,0.46297333282938946,0.6777076778871265,0.5059202018409369,0.7393777723462678,0.5825530262302189,STEP_UP
global,1778531507985,-1,0.46297333146208164,0.6777076778871265,0.5059202007470907,0.7393777723462678,0.5847474289211619,STEP_UP
global,1778531508148,-1,0.46297331663386654,0.6777076778871265,0.5059201888845185,0.7393777723462678,0.5869418315409295,STEP_UP
global,1778531508305,-1,0.46297328738801924,0.6777076778871265,0.5059201654878407,0.743865601445497,0.5893569483522618,ALLOW
global,1778531508446,-1,0.462973294139702,0.6777076778871265,0.505920170889187,0.743865601445497,0.5895497938638045,ALLOW
global,1778531508598,-1,0.46297329099170303,0.6777076778871265,0.5059201683707878,0.743865601445497,0.5897426389808071,ALLOW
global,1778531508755,-1,0.46297328971140006,0.6777076778871265,0.5059201673465453,0.743865601445497,0.5899354840548796,ALLOW
global,1778531508892,-1,0.46297328195029586,0.6777076778871265,0.505920161137662,0.704388217512631,0.5896826425128807,STEP_UP
global,1778531509052,-1,0.4629732886980653,0.6777076778871265,0.5059201665358776,0.704388217512631,0.5894298010130116,STEP_UP
global,1778531509188,-1,0.46297328193704046,0.6777076778871265,0.5059201611270577,0.704388217512631,0.5891769594526841,STEP_UP
global,1778531509355,-1,0.462973289846623,0.6777076778871265,0.5059201674547237,0.704388217512631,0.5889241178744051,STEP_UP
global,1778531509477,-1,0.46297328193985954,0.6777076778871265,0.5059201611293129,0.699037531700231,0.588698868853743,STEP_UP
global,1778531509637,-1,0.4629732869228167,0.6777076778871265,0.5059201651156787,0.699037531700231,0.5884736197125925,STEP_UP
global,1778531509799,-1,0.46297328196367693,0.6777076778871265,0.5059201611483669,0.699037531700231,0.588248370616747,STEP_UP
global,1778531509955,-1,0.4629732842411953,0.6777076778871265,0.5059201629703816,0.699037531700231,0.5880231215279128,STEP_UP
global,1778531510097,-1,0.4629733316549014,0.6777076778871265,0.5059202009013465,0.7083334280025354,0.5878738974440861,STEP_UP
global,1778531510237,-1,0.4629732827223836,0.6777076778871265,0.5059201617553322,0.7083334280025354,0.5877246731758499,STEP_UP
global,1778531510397,-1,0.46297328328021803,0.6777076778871265,0.5059201622015997,0.7083334280025354,0.5875754488808229,STEP_UP
global,1778531510557,-1,0.4629732984201058,0.6777076778871265,0.50592017431351,0.7083334280025354,0.587426224654838,STEP_UP
global,1778531510691,-1,0.4629732824924744,0.6777076778871265,0.5059201615714048,0.7022478320038719,0.5872018301362609,STEP_UP
global,1778531510846,-1,0.4629732914468374,0.6777076778871265,0.5059201687348952,0.7022478320038719,0.5869774356788156,STEP_UP
global,1778531510996,-1,0.4629732594655589,0.6777076778871265,0.5059201431498724,0.7022478320038719,0.5867530410458722,STEP_UP
global,1778531511159,-1,0.4629732611762274,0.6777076778871265,0.5059201445184073,0.7022478320038719,0.5865286462715376,STEP_UP
global,1778531511289,-1,0.4629732617613209,0.6777076778871265,0.5059201449864821,0.6987690149132357,0.5863380356994675,STEP_UP
global,1778531511444,-1,0.46297327622092155,0.6777076778871265,0.5059201565541626,0.6987690149132357,0.5861474251504795,STEP_UP
global,1778531511599,-1,0.4629732525749799,0.6777076778871265,0.5059201376374093,0.6987690149132357,0.585956814840856,STEP_UP
global,1778531511756,-1,0.4629732623411138,0.6777076778871265,0.5059201454503164,0.6987690149132357,0.5857662055811566,STEP_UP
global,1778531511891,-1,0.4629732623411138,0.6777076778871265,0.5059201454503164,0.7397093188387722,0.5857686352523682,STEP_UP
global,1778531512047,-1,0.4629732590822728,0.6777076778871265,0.5059201428432436,0.7397093188387722,0.5857710644570434,STEP_UP
global,1778531512205,-1,0.46297325964381963,0.6777076778871265,0.505920143292481,0.7397093188387722,0.5857734938823825,STEP_UP
global,1778531512343,-1,0.46297326007208905,0.6777076778871265,0.5059201436350965,0.7397093188387722,0.5857759234130775,STEP_UP
global,1778531512499,-1,0.46297326007208905,0.6777076778871265,0.5059201436350965,0.7176857859170844,0.58585650400833,STEP_UP
global,1778531512644,-1,0.4629732678286129,0.6777076778871265,0.5059201498403156,0.7176857859170844,0.5859370847314451,STEP_UP
global,1778531512801,-1,0.4629732678286129,0.6777076778871265,0.5059201498403156,0.7176857859170844,0.5860176667733381,STEP_UP
global,1778531512955,-1,0.4629732618559428,0.6777076778871265,0.5059201450621795,0.7176857859170844,0.5860982493707464,STEP_UP
global,1778531513094,-1,0.4629732612250459,0.6777076778871265,0.505920144557462,0.6808841819373747,0.5860082613188058,STEP_UP
global,1778531513252,-1,0.4629732612250459,0.6777076778871265,0.505920144557462,0.6808841819373747,0.585918272238856,STEP_UP
global,1778531513391,-1,0.4629732604877588,0.6777076778871265,0.5059201439676323,0.6808841819373747,0.5858282808571729,STEP_UP
global,1778531513556,-1,0.4629732654718157,0.6777076778871265,0.5059201479548779,0.6808841819373747,0.5855429364846242,STEP_UP
global,1778531513695,-1,0.4629732661494881,0.6777076778871265,0.5059201484970158,0.6807021573589395,0.5852568640740509,STEP_UP
global,1778531513844,-1,0.4629732769833741,0.6777076778871265,0.5059201571641246,0.6807021573589395,0.5849707917631985,STEP_UP
global,1778531513999,-1,0.46297328104070457,0.6777076778871265,0.505920160409989,0.6807021573589395,0.5846847195140746,STEP_UP
global,1778531514154,-1,0.46297329928411646,0.6777076778871265,0.5059201750047185,0.6807021573589395,0.5843986473331689,STEP_UP
global,1778531514295,-1,0.46297329928411646,0.6505993707716414,0.5004985135816216,0.6887519287473677,0.5841230512515908,STEP_UP
global,1778534631291,-1,0.0,0.6862744391940863,0.13725488783881726,0.0,0.13725488783881726,LOCK
global,1778534631422,-1,0.0,0.6862744391940863,0.13725488783881726,0.0,0.13725488783881726,LOCK
global,1778534631565,-1,0.0,0.6862744391940863,0.13725488783881726,0.0,0.13725488783881726,LOCK
global,1778534631715,-1,0.0,0.6862744391940863,0.13725488783881726,0.0,0.13725488783881726,LOCK
global,1778534631865,-1,0.0,0.6862744391940863,0.13725488783881726,0.0,0.13725488783881726,LOCK
global,1778534632014,-1,0.0,0.6862744391940863,0.13725488783881726,0.0,0.13725488783881726,LOCK
global,1778534632163,-1,0.0,0.6862744391940863,0.13725488783881726,0.0,0.13725488783881726,LOCK
global,1778534632314,-1,0.0,0.6862744391940863,0.13725488783881726,0.0,0.13725488783881726,LOCK
global,1778534632465,-1,0.0,0.6862744391940863,0.13725488783881726,0.0,0.13725488783881726,LOCK
global,1778534632615,-1,0.0,0.6862744391940863,0.13725488783881726,0.0,0.13725488783881729,LOCK
global,1778534632765,-1,0.0,0.6862744391940863,0.13725488783881726,0.0,0.13725488783881729,LOCK
global,1778534632917,-1,0.0,0.6862744391940863,0.13725488783881726,0.0,0.13725488783881729,LOCK
global,1778534633069,-1,0.0,0.6862744391940863,0.13725488783881726,0.0,0.13725488783881729,LOCK
global,1778534633218,-1,0.0,0.6862744391940863,0.13725488783881726,0.0,0.13725488783881729,LOCK
global,1778534633369,-1,0.0,0.6862744391940863,0.13725488783881726,0.0,0.13725488783881729,LOCK
global,1778534633519,-1,0.0,0.6862744391940863,0.13725488783881726,0.0,0.13725488783881726,LOCK
global,1778534633671,-1,0.0,0.6862744391940863,0.13725488783881726,0.0,0.13725488783881726,LOCK
global,1778534633819,-1,0.0,0.6862744391940863,0.13725488783881726,0.0,0.13725488783881723,LOCK
global,1778534633971,-1,0.0,0.6862744391940863,0.13725488783881726,0.0,0.13725488783881723,LOCK
global,1778534634123,-1,0.0,0.6862744391940863,0.13725488783881726,0.0,0.13725488783881723,LOCK
global,1778534634273,-1,0.0,0.6862744391940863,0.13725488783881726,0.0,0.13725488783881723,LOCK
global,1778534634418,-1,0.0,0.6862744391940863,0.13725488783881726,0.0,0.13725488783881723,LOCK
global,1778534634569,-1,0.0,0.6862744391940863,0.13725488783881726,0.0,0.1372548878388172,LOCK
global,1778534634721,-1,0.0,0.6862744391940863,0.13725488783881726,0.0,0.13725488783881726,LOCK
global,1778534634869,-1,0.0,0.6862744391940863,0.13725488783881726,0.0,0.13725488783881726,LOCK
global,1778534635019,-1,0.0,0.6862744391940863,0.13725488783881726,0.0,0.13725488783881726,LOCK
global,1778534635173,-1,0.0,0.6862744391940863,0.13725488783881726,0.0,0.13725488783881726,LOCK
global,1778534635320,-1,0.0,0.6862744391940863,0.13725488783881726,0.0,0.13725488783881726,LOCK
global,1778534635471,-1,0.0,0.6862744391940863,0.13725488783881726,0.0,0.13725488783881723,LOCK
global,1778534635619,-1,0.0,0.6862744391940863,0.13725488783881726,0.0,0.13725488783881723,LOCK
global,1778534635771,-1,0.0,0.6862744391940863,0.13725488783881726,0.0,0.13725488783881723,LOCK
global,1778534635921,-1,0.0,0.6862744391940863,0.13725488783881726,0.0,0.13725488783881726,LOCK
global,1778534637269,-1,0.0,0.6862744391940863,0.13725488783881726,0.0,0.13725488783881726,LOCK
global,1778534637418,-1,0.0,0.6862744391940863,0.13725488783881726,0.0,0.13725488783881726,LOCK
global,1778534637568,-1,0.0,0.6862744391940863,0.13725488783881726,0.0,0.13725488783881726,LOCK
global,1778534637718,-1,0.0,0.6862744391940863,0.13725488783881726,0.0,0.13725488783881723,LOCK
global,1778534637870,-1,0.0,0.6862744391940863,0.13725488783881726,0.0,0.13725488783881723,LOCK
global,1778534638021,-1,0.0,0.6862744391940863,0.13725488783881726,0.0,0.13725488783881723,LOCK
global,1778534638169,-1,0.0,0.6862744391940863,0.13725488783881726,0.0,0.13725488783881723,LOCK
global,1778534638321,-1,0.0,0.6862744391940863,0.13725488783881726,0.0,0.13725488783881726,LOCK
global,1778534638471,-1,0.0,0.6862744391940863,0.13725488783881726,0.0,0.13725488783881726,LOCK
global,1778534638618,-1,0.0,0.6862744391940863,0.13725488783881726,0.0,0.13725488783881726,LOCK
global,1778534638772,-1,0.0,0.6862744391940863,0.13725488783881726,0.0,0.13725488783881723,LOCK
global,1778534638913,-1,0.0,0.6862744391940863,0.13725488783881726,0.0,0.13725488783881723,LOCK
global,1778534639066,-1,0.0,0.6862744391940863,0.13725488783881726,0.0,0.13725488783881723,LOCK
global,1778534639218,-1,0.0,0.6862744391940863,0.13725488783881726,0.0,0.13725488783881723,LOCK
global,1778534639369,-1,0.0,0.6862744391940863,0.13725488783881726,0.0,0.13725488783881723,LOCK
global,1778534639519,-1,0.0,0.6862744391940863,0.13725488783881726,0.0,0.13725488783881726,LOCK
global,1778534639671,-1,0.0,0.6862744391940863,0.13725488783881726,0.0,0.13725488783881726,LOCK
global,1778534639818,-1,0.0,0.6862744391940863,0.13725488783881726,0.0,0.13725488783881723,LOCK
global,1778534639970,-1,0.0,0.6862744391940863,0.13725488783881726,0.0,0.13725488783881723,LOCK
global,1778534640121,-1,0.0,0.6862744391940863,0.13725488783881726,0.0,0.13725488783881723,LOCK
global,1778534640269,-1,0.0,0.6862744391940863,0.13725488783881726,0.0,0.13725488783881723,LOCK
global,1778534640419,-1,0.0,0.6862744391940863,0.13725488783881726,0.0,0.13725488783881723,LOCK
global,1778534640572,-1,0.0,0.6862744391940863,0.13725488783881726,0.0,0.13725488783881723,LOCK
global,1778534640718,-1,0.0,0.6862744391940863,0.13725488783881726,0.0,0.13725488783881726,LOCK
global,1778534640871,-1,0.0,0.6862744391940863,0.13725488783881726,0.0,0.13725488783881723,LOCK
global,1778534641018,-1,0.0,0.6862744391940863,0.13725488783881726,0.0,0.13725488783881723,LOCK
global,1778534641173,-1,0.0,0.6862744391940863,0.13725488783881726,0.0,0.13725488783881726,LOCK
global,1778534641318,-1,0.0,0.6862744391940863,0.13725488783881726,0.0,0.13725488783881726,LOCK
global,1778534641471,-1,0.0,0.6862744391940863,0.13725488783881726,0.0,0.13725488783881729,LOCK
global,1778534641618,-1,0.0,0.6862744391940863,0.13725488783881726,0.0,0.13725488783881729,LOCK
global,1778534641772,-1,0.0,0.6862744391940863,0.13725488783881726,0.0,0.1372548878388173,LOCK
global,1778534641919,-1,0.0,0.6862744391940863,0.13725488783881726,0.0,0.13725488783881726,LOCK
global,1778534642072,-1,0.0,0.6862744391940863,0.13725488783881726,0.0,0.13725488783881726,LOCK
global,1778534642217,-1,0.0,0.6862744391940863,0.13725488783881726,0.0,0.13725488783881729,LOCK
global,1778534642372,-1,0.0,0.6862744391940863,0.13725488783881726,0.0,0.13725488783881729,LOCK
global,1778534642517,-1,0.0,0.6862744391940863,0.13725488783881726,0.0,0.1372548878388173,LOCK
global,1778534642685,-1,0.0,0.6862744391940863,0.13725488783881726,0.0,0.1372548878388173,LOCK
global,1778534642812,-1,0.0,0.6862744391940863,0.13725488783881726,0.0,0.1372548878388173,LOCK
global,1778534642966,-1,0.0,0.6862744391940863,0.13725488783881726,0.0,0.13725488783881734,LOCK
global,1778534643120,-1,0.0,0.6862744391940863,0.13725488783881726,0.0,0.13725488783881726,LOCK
global,1778534643271,-1,0.0,0.6862744391940863,0.13725488783881726,0.7036182090271994,0.1403582485028632,STEP_UP
global,1778534643413,-1,0.0,0.6862744391940863,0.13725488783881726,0.7036182090271994,0.14337773455436734,STEP_UP
global,1778534643569,-1,0.0,0.6862744391940863,0.13725488783881726,0.7036182090271994,0.14631670097783137,STEP_UP
global,1778534643732,-1,0.0,0.6862744391940863,0.13725488783881726,0.7036182090271994,0.1491783261796253,STEP_UP
global,1778534643872,-1,0.0,0.6862744391940863,0.13725488783881726,0.7040969799069741,0.15196811057555326,STEP_UP
global,1778534644017,-1,0.0,0.6862744391940863,0.13725488783881726,0.7040969799069741,0.15468636203825234,STEP_UP
global,1778534644171,-1,0.0,0.6862744391940863,0.13725488783881726,0.7040969799069741,0.15733579700822484,STEP_UP
global,1778534644319,-1,0.0,0.6862744391940863,0.13725488783881726,0.7040969799069741,0.15991899610394805,STEP_UP
global,1778534644471,-1,0.0,0.6862744391940863,0.13725488783881726,0.7285515598824013,0.16255917586385302,STEP_UP
global,1778534644614,-1,0.0,0.6862744391940863,0.13725488783881726,0.7285515598824013,0.16513496099546765,STEP_UP
global,1778534644769,-1,0.0,0.6862744391940863,0.13725488783881726,0.7285515598824013,0.1676486790154771,STEP_UP
global,1778534644918,-1,0.0,0.6862744391940863,0.13725488783881726,0.7285515598824013,0.1701025466064387,STEP_UP
global,1778534645068,-1,0.0,0.6862744391940863,0.13725488783881726,0.7025591133881176,0.17237635874116924,STEP_UP
global,1778534645216,-1,0.0,0.6862744391940863,0.13725488783881726,0.7025591133881176,0.17459729152392933,STEP_UP
global,1778534645370,-1,0.0,0.6862744391940863,0.13725488783881726,0.7025591133881176,0.17676716838064896,STEP_UP
global,1778534645519,-1,0.0,0.6862744391940863,0.13725488783881726,0.7025591133881176,0.17888772985426132,STEP_UP
global,1778534645668,-1,0.0,0.6862744391940863,0.13725488783881726,0.69132375664332,0.18091014227568109,STEP_UP
global,1778534645817,-1,0.0,0.6862744391940863,0.13725488783881726,0.69132375664332,0.18288761219884708,STEP_UP
global,1778534645973,-1,0.0,0.6862744391940863,0.13725488783881726,0.69132375664332,0.18482162124458085,STEP_UP
global,1778534646120,-1,0.0,0.6862744391940863,0.13725488783881726,0.69132375664332,0.18671358661540735,STEP_UP
global,1778534646309,-1,0.4629732817871217,0.6862744391940863,0.5076335132685147,0.6845553804449948,0.19092529278232886,STEP_UP
global,1778534646454,-1,0.4629732819548147,0.6862744391940863,0.507633513402669,0.6845553804449948,0.19504738818059772,STEP_UP
global,1778534646596,-1,0.4629732819548147,0.6862744391940863,0.507633513402669,0.6845553804449948,0.1990827026231135,STEP_UP
global,1778534646746,-1,0.4629732819548147,0.6862744391940863,0.507633513402669,0.6845553804449948,0.20303394801474348,STEP_UP
global,1778534646894,-1,0.46297328170651153,0.6862744391940863,0.5076335132040265,0.693937037407954,0.20694241167320587,STEP_UP
global,1778534647049,-1,0.46297328170651153,0.6862744391940863,0.5076335132040265,0.693937037407954,0.21077111076720986,STEP_UP
global,1778534647204,-1,0.4629732817061738,0.6862744391940863,0.5076335132037563,0.693937037407954,0.2145224624047677,STEP_UP
global,1778534647360,-1,0.4629732817061738,0.6862744391940863,0.5076335132037563,0.693937037407954,0.2181987870095744,STEP_UP
global,1778534647499,-1,0.4629732817061738,0.6862744391940863,0.5076335132037563,0.7012162291974336,0.22267690412719848,STEP_UP
global,1778534647651,-1,0.4629732817062797,0.6862744391940863,0.5076335132038411,0.7012162291974336,0.22715502124482312,STEP_UP
global,1778534647807,-1,0.4629732817062797,0.6862744391940863,0.5076335132038411,0.7012162291974336,0.23163313836244767,STEP_UP
global,1778534647957,-1,0.4629732817061796,0.6862744391940863,0.5076335132037609,0.7012162291974336,0.2361112554800718,STEP_UP
global,1778534648108,-1,0.4629732817061796,0.6862744391940863,0.5076335132037609,0.6900848767347111,0.24054484718784505,STEP_UP
global,1778534648249,-1,0.4629732817115886,0.6862744391940863,0.5076335132080881,0.6900848767347111,0.2449784388956443,STEP_UP
global,1778534648406,-1,0.4629732817115886,0.6862744391940863,0.5076335132080881,0.6900848767347111,0.24941203060344352,STEP_UP
global,1778534648561,-1,0.4629732817074381,0.6862744391940863,0.5076335132047678,0.6900848767347111,0.2538456223112228,STEP_UP
global,1778534648693,-1,0.4629732817074381,0.6862744391940863,0.5076335132047678,0.6982254031187403,0.25831177612453815,STEP_UP
global,1778534648851,-1,0.4629732817074381,0.6862744391940863,0.5076335132047678,0.6982254031187403,0.2627779299378536,STEP_UP
global,1778534649007,-1,0.4629732817074381,0.6862744391940863,0.5076335132047678,0.6982254031187403,0.267244083751169,STEP_UP
global,1778534649162,-1,0.4629732817074381,0.6862744391940863,0.5076335132047678,0.6982254031187403,0.27171023756448437,STEP_UP
global,1778534649284,-1,0.46297328170599217,0.6862744391940863,0.507633513203611,0.7005432355200913,0.27618566270739825,STEP_UP
global,1778534649443,-1,0.4629732817068799,0.6862744391940863,0.5076335132043212,0.7005432355200913,0.28066108785031635,STEP_UP
global,1778534649603,-1,0.462973281712147,0.6862744391940863,0.5076335132085349,0.7005432355200913,0.28513651299325976,STEP_UP
global,1778534649756,-1,0.462973281712147,0.6862744391940863,0.5076335132085349,0.7005432355200913,0.2896119381362031,STEP_UP
global,1778534649904,-1,0.4629732817074774,0.6862744391940863,0.5076335132047992,0.6775617191515549,0.29399543721364996,STEP_UP
global,1778534650053,-1,0.4629732817074774,0.6862744391940863,0.5076335132047992,0.6775617191515549,0.29837893629109685,STEP_UP
global,1778534650209,-1,0.4629732817070724,0.6862744391940863,0.5076335132044753,0.6775617191515549,0.3027624353685417,STEP_UP
global,1778534650346,-1,0.4629732817070724,0.6862744391940863,0.5076335132044753,0.6775617191515549,0.30714593444598653,STEP_UP
global,1778534650497,-1,0.4629732817070724,0.6862744391940863,0.5076335132044753,0.7961666363250715,0.31200385319212554,ALLOW
global,1778534650656,-1,0.4629732817058163,0.6862744391940863,0.5076335132034703,0.7961666363250715,0.3168617719382585,ALLOW
global,1778534650808,-1,0.4629732817058163,0.6862744391940863,0.5076335132034703,0.7961666363250715,0.3217196906843915,ALLOW
global,1778534650956,-1,0.4629732817058163,0.6862744391940863,0.5076335132034703,0.7961666363250715,0.3265776094305244,ALLOW
global,1778534651108,-1,0.4629732817058163,0.6862744391940863,0.5076335132034703,0.7376333126159049,0.3312013948818207,STEP_UP
global,1778534651255,-1,0.4629732817058163,0.6862744391940863,0.5076335132034703,0.7376333126159049,0.3358251803331169,STEP_UP
global,1778534651392,-1,0.4629732817058163,0.6862744391940863,0.5076335132034703,0.7376333126159049,0.34044896578441325,STEP_UP
global,1778534651562,-1,0.46297328187539377,0.6862744391940863,0.5076335133391323,0.7376333126159049,0.3450727512365235,STEP_UP
global,1778534651699,-1,0.46297328187539377,0.6862744391940863,0.5076335133391323,0.7578089138586455,0.34977723909360464,ALLOW
global,1778534651842,-1,0.46297328187539377,0.6862744391940863,0.5076335133391323,0.7578089138586455,0.3544817269506858,ALLOW
global,1778534651999,-1,0.46297328187539377,0.6862744391940863,0.5076335133391323,0.7578089138586455,0.359186214807767,ALLOW
global,1778534652155,-1,0.46297328187539377,0.6862744391940863,0.5076335133391323,0.7578089138586455,0.36389070266484824,ALLOW
global,1778534652317,-1,0.46297328187539377,0.6862744391940863,0.5076335133391323,0.7442150597327052,0.3685408151054257,ALLOW
global,1778534652416,-1,0.0,0.6862744391940863,0.13725488783881726,0.7442150597327052,0.3709686557930013,STEP_UP
global,1778534652568,-1,0.0,0.6862744391940863,0.13725488783881726,0.7442150597327052,0.3733964964805768,STEP_UP
global,1778534652719,-1,0.0,0.6862744391940863,0.13725488783881726,0.7442150597327052,0.3758243371681524,STEP_UP
global,1778534652871,-1,0.0,0.6862744391940863,0.13725488783881726,0.7216586628474139,0.3781619522681868,STEP_UP
global,1778534653017,-1,0.0,0.6862744391940863,0.13725488783881726,0.7216586628474139,0.3804995673682211,STEP_UP
global,1778534653171,-1,0.0,0.6862744391940863,0.13725488783881726,0.7216586628474139,0.3828371824682555,STEP_UP
global,1778534653321,-1,0.0,0.6862744391940863,0.13725488783881726,0.7216586628474139,0.3851747975682898,STEP_UP
global,1778534653469,-1,0.0,0.6862744391940863,0.13725488783881726,0.7108993118824106,0.38746937526446423,STEP_UP
global,1778534653618,-1,0.0,0.6862744391940863,0.13725488783881726,0.7108993118824106,0.38976395296063865,STEP_UP
global,1778534653771,-1,0.0,0.6862744391940863,0.13725488783881726,0.7108993118824106,0.39205853065681295,STEP_UP
global,1778534653918,-1,0.0,0.6862744391940863,0.13725488783881726,0.7108993118824106,0.39435310835298737,STEP_UP
global,1778534654070,-1,0.0,0.6862744391940863,0.13725488783881726,0.7040845550873643,0.3966204270219816,STEP_UP
global,1778534654218,-1,0.0,0.6862744391940863,0.13725488783881726,0.7040845550873643,0.3988877456909758,STEP_UP
global,1778534654371,-1,0.0,0.6862744391940863,0.13725488783881726,0.7040845550873643,0.4011550643599699,STEP_UP
global,1778534654517,-1,0.0,0.6862744391940863,0.13725488783881726,0.7040845550873643,0.40342238302896405,STEP_UP
global,1778534654707,-1,0.4629732817871217,0.6862744391940863,0.5076335132685147,0.713412436491138,0.4079492849761516,STEP_UP
global,1778534654850,-1,0.46297328291739137,0.6862744391940863,0.5076335141727304,0.713412436491138,0.4124761869287643,STEP_UP
global,1778534655003,-1,0.46297327979899583,0.6862744391940863,0.507633511678014,0.713412436491138,0.41700308886640874,STEP_UP
global,1778534655156,-1,0.4629732804982163,0.6862744391940863,0.5076335122373903,0.713412436491138,0.4215299908074095,STEP_UP
global,1778534655301,-1,0.46297328053360043,0.6862744391940863,0.5076335122656976,0.7076972399191168,0.42603403196229195,STEP_UP
global,1778534655460,-1,0.4629732805412399,0.6862744391940863,0.5076335122718092,0.7076972399191168,0.43053807311721115,STEP_UP
global,1778534655595,-1,0.4629732803974844,0.6862744391940863,0.5076335121568049,0.7076972399191168,0.4350421142714403,STEP_UP
global,1778534655768,-1,0.4629732795840642,0.6862744391940863,0.5076335115060686,0.7076972399191168,0.43954615542176506,STEP_UP
global,1778534655897,-1,0.46297328620005795,0.6862744391940863,0.5076335167988636,0.7019571299230237,0.4440272361638622,STEP_UP
global,1778534656053,-1,0.46297328634050583,0.6862744391940863,0.5076335169112219,0.7019571299230237,0.44850831690663334,STEP_UP
global,1778534656203,-1,0.46297328655302605,0.6862744391940863,0.5076335170812382,0.7019571299230237,0.4529893976504247,STEP_UP
global,1778534656348,-1,0.46297328823639616,0.6862744391940863,0.5076335184279342,0.7019571299230237,0.4574704784022962,STEP_UP
global,1778534656513,-1,0.4629732977871712,0.6862744391940863,0.5076335260685543,0.7009966362284791,0.46194771722523337,STEP_UP
global,1778534656640,-1,0.46297324957667874,0.6862744391940863,0.5076334875001602,0.7009966362284791,0.46642495581676,STEP_UP
global,1778534656804,-1,0.46297330801355274,0.6862744391940863,0.5076335342496595,0.7009966362284791,0.47090219468878375,STEP_UP
global,1778534656961,-1,0.46297331082955107,0.6862744391940863,0.5076335365024581,0.7009966362284791,0.47537943357432416,STEP_UP
global,1778534657103,-1,0.46297332257447077,0.6862744391940863,0.5076335458983939,0.7140658909557437,0.47990894953514945,STEP_UP
global,1778534657261,-1,0.46297335230431536,0.6862744391940863,0.5076335696822696,0.7140658909557437,0.4844384656386778,STEP_UP
global,1778534657411,-1,0.46297323299303095,0.6862744391940863,0.507633474233242,0.7140658909557437,0.4889679811695121,STEP_UP
global,1778534657570,-1,0.46297378552415824,0.6862744391940863,0.5076339162581439,0.7140658909557437,0.49349749935249576,STEP_UP
global,1778534657690,-1,0.46297336807078393,0.6862744391940863,0.5076335822954444,0.7022490559502192,0.4979797481916811,STEP_UP
global,1778534657853,-1,0.4629728877761765,0.6862744391940863,0.5076331980597585,0.7022490559502192,0.5024619947254524,STEP_UP
global,1778534658006,-1,0.4629733686707238,0.6862744391940863,0.5076335827753963,0.7022490559502192,0.5069442435675174,STEP_UP
global,1778534658162,-1,0.462973361495816,0.6862744391940863,0.5076335770354701,0.7022490559502192,0.511426492375143,STEP_UP
global,1778534658309,-1,0.4629734560339054,0.6862744391940863,0.5076336526659416,0.7016996349201915,0.5136410906676777,STEP_UP
global,1778534658457,-1,0.46297343883835307,0.6862744391940863,0.5076336389094998,0.7016996349201915,0.5158556888776737,STEP_UP
global,1778534658610,-1,0.4629733459976748,0.6862744391940863,0.5076335646369571,0.7016996349201915,0.5180702866420346,STEP_UP
global,1778534658746,-1,0.46297356822185054,0.6862744391940863,0.5076337424162977,0.7016996349201915,0.5202848854730715,STEP_UP
global,1778534658898,-1,0.46297355018014286,0.6862744391940863,0.5076337279829316,0.7090351039862028,0.522526911010253,STEP_UP
global,1778534659053,-1,0.4629736682350456,0.6862744391940863,0.5076338224268537,0.7090351039862028,0.5247689371140981,STEP_UP
global,1778534659209,-1,0.46297366689078,0.6862744391940863,0.5076338213514413,0.7090351039862028,0.5270109632114908,STEP_UP
global,1778534659359,-1,0.46297330157228345,0.6862744391940863,0.507633529096644,0.7090351039862028,0.5292529875553548,STEP_UP
global,1778534659506,-1,0.462973144171023,0.6862744391940863,0.5076334031756357,0.7099234695174945,0.5314007462859159,STEP_UP
global,1778534659663,-1,0.4629732819696333,0.6862744391940863,0.5076335134145239,0.7099234695174945,0.5335485056779106,STEP_UP
global,1778534659794,-1,0.4629732772489883,0.6588234616263228,0.5021433141244552,0.7099234695174945,0.5356633238741647,STEP_UP
global,1778534659959,-1,0.4629732828663373,0.6324705231612698,0.49687273092532386,0.7099234695174945,0.5377465185712242,STEP_UP
global,1778534660102,-1,0.46297327560601254,0.607171702234819,0.49181296093177385,0.7044086212631164,0.5398812650412819,STEP_UP
global,1778534660257,-1,0.46297328556988093,0.5828848341454262,0.48695559528499,0.7044086212631164,0.541986867317459,STEP_UP
global,1778534660401,-1,0.46297328458490195,0.5595694407796091,0.4822925158238434,0.7044086212631164,0.544064491116869,STEP_UP
global,1778534660554,-1,0.4629732846678092,0.5371866631484248,0.4778159603639323,0.7044086212631164,0.5461152555835197,STEP_UP
global,1778534660706,-1,0.4629732822025039,0.5156991966224878,0.4735184650865007,0.7038385504161497,0.5481828962220971,STEP_UP
global,1778534660839,-1,0.46297328222113254,0.49507122875758824,0.4693928715284237,0.7038385504161497,0.5502257832993261,STEP_UP
global,1778534661009,-1,0.4629732819342631,0.4752683796072847,0.4654323014688675,0.7038385504161497,0.5522449069561977,STEP_UP
global,1778534661154,-1,0.4629732819342631,0.45625764442299327,0.4629732819342631,0.7038385504161497,0.5542492764958618,STEP_UP
global,1778534661302,-1,0.46297328264753435,0.6862744391940863,0.5076335139568448,0.701790588917391,0.5543182173338813,STEP_UP
global,1778534661452,-1,0.46297328264753435,0.6862744391940863,0.5076335139568448,0.701790588917391,0.5543871581710959,STEP_UP
global,1778534661607,-1,0.4629732827817441,0.6862744391940863,0.5076335140642125,0.701790588917391,0.5544560990089548,STEP_UP
global,1778534661765,-1,0.462973289736599,0.6862744391940863,0.5076335196280964,0.701790588917391,0.5545250398801969,STEP_UP
global,1778534661886,-1,0.4629732901616863,0.6862744391940863,0.5076335199681663,0.6984771199682324,0.5545432002510229,STEP_UP
global,1778534662043,-1,0.46297329311942814,0.6862744391940863,0.5076335223343598,0.6984771199682324,0.554561360636046,STEP_UP
global,1778534662202,-1,0.46297329185891223,0.6862744391940863,0.5076335213259471,0.6984771199682324,0.5545795210150203,STEP_UP
global,1778534662362,-1,0.4629732706571916,0.6862744391940863,0.5076335043645706,0.6984771199682324,0.5545976812922263,STEP_UP
global,1778534662501,-1,0.4629732912503195,0.6862744391940863,0.5076335208390729,0.7063627530837391,0.5546182674335834,STEP_UP
global,1778534662652,-1,0.4629732847563186,0.6862744391940863,0.5076335156438722,0.7063627530837391,0.5546388535437689,STEP_UP
global,1778534662802,-1,0.46297328668863424,0.6862744391940863,0.5076335171897247,0.7063627530837391,0.5546594396632293,STEP_UP
global,1778534662950,-1,0.46297328778189795,0.6862744391940863,0.5076335180643357,0.7063627530837391,0.554680025787938,STEP_UP
global,1778534663097,-1,0.4629732888751117,0.6862744391940863,0.5076335189389066,0.7078657212011863,0.5547511492002147,STEP_UP
global,1778534663266,-1,0.4629733104820737,0.6862744391940863,0.5076335362244763,0.7078657212011863,0.5548222727161789,STEP_UP
global,1778534663404,-1,0.46297330907187617,0.6862744391940863,0.5076335350963183,0.7078657212011863,0.5548933962253743,STEP_UP
global,1778534663560,-1,0.46297330890564026,0.6862744391940863,0.5076335349633295,0.7078657212011863,0.5549645197337915,STEP_UP
global,1778534663704,-1,0.4629733082044074,0.6862744391940863,0.5076335344023432,0.6993200416074367,0.5549688984149317,STEP_UP
global,1778534663859,-1,0.4629733062599417,0.6862744391940863,0.5076335328467706,0.6993200416074367,0.5549732770867385,STEP_UP
global,1778534663999,-1,0.4629733107526284,0.6862744391940863,0.50763353644092,0.6993200416074367,0.5549776557801102,STEP_UP
global,1778534664161,-1,0.4629733107526284,0.6862744391940863,0.50763353644092,0.6993200416074367,0.5549820344734819,STEP_UP
global,1778534664300,-1,0.4629733026421512,0.6862744391940863,0.5076335299525382,0.6998915442620403,0.5549794278089433,STEP_UP
global,1778534664452,-1,0.4629733026421512,0.6862744391940863,0.5076335299525382,0.6998915442620403,0.5549768211444004,STEP_UP
global,1778534664607,-1,0.46297330122910685,0.6862744391940863,0.5076335288221028,0.6998915442620403,0.5549742144730496,STEP_UP
global,1778534664766,-1,0.4629733009655246,0.6862744391940863,0.5076335286112369,0.6998915442620403,0.5549716078004336,STEP_UP
global,1778534664890,-1,0.46297330062474007,0.6862744391940863,0.5076335283386093,0.7037809960091075,0.5550764849986667,STEP_UP
global,1778534665048,-1,0.46297330057751873,0.6862744391940863,0.5076335283008323,0.7037809960091075,0.5551813621966731,STEP_UP
global,1778534665205,-1,0.46297330029064065,0.6862744391940863,0.5076335280713298,0.7037809960091075,0.5552862393933046,STEP_UP
global,1778534665361,-1,0.46297329248162855,0.6862744391940863,0.5076335218241201,0.7037809960091075,0.5553911165524527,STEP_UP
global,1778534665496,-1,0.46297329027518797,0.6862744391940863,0.5076335200589677,0.7017516142234481,0.5550134565051732,STEP_UP
global,1778534665654,-1,0.46297332682229286,0.6862744391940863,0.5076335492966516,0.7017516142234481,0.5546357966333256,STEP_UP
global,1778534665806,-1,0.4629736024025648,0.6862744391940863,0.5076337697608692,0.7017516142234481,0.5542581380842636,STEP_UP
global,1778534665968,-1,0.4629736835110623,0.6862744391940863,0.5076338346476671,0.7017516142234481,0.5538804799245223,STEP_UP
global,1778534666087,-1,0.4629735919769087,0.6862744391940863,0.5076337614203442,0.703069790130058,0.5537422273238801,STEP_UP
global,1778534666254,-1,0.46297363421092896,0.6862744391940863,0.5076337952075605,0.703069790130058,0.5536039749259613,STEP_UP
global,1778534666404,-1,0.46297362934314745,0.6862744391940863,0.5076337913133352,0.703069790130058,0.5534657225046771,STEP_UP
global,1778534666556,-1,0.46297364411019637,0.6862744391940863,0.5076338031269744,0.703069790130058,0.5533274701534607,STEP_UP
global,1778534666713,-1,0.46297363748993514,0.6862744391940863,0.5076337978307653,0.7122530428373849,0.5531452483763255,STEP_UP
global,1778534666851,-1,0.4629736864704579,0.6862744391940863,0.5076338370151836,0.7122530428373849,0.5529630268342968,STEP_UP
global,1778534667003,-1,0.4629732860772755,0.6862744391940863,0.5076335167006377,0.7122530428373849,0.5527808033703806,STEP_UP
global,1778534667152,-1,0.46297306331292076,0.6862744391940863,0.5076333384891539,0.7122530428373849,0.5525985788371957,STEP_UP
