signal,mean,std,min,max
kb_trust,0.7043767393158531,1.1976942906304179e-11,0.7043767392880875,0.7043767395303856
mouse_trust,0.76345533520114,0.04788891899211787,0.0,0.7664583365196314
behavioural_trust,0.7167444113326411,0.0007757813927522282,0.704376739317661,0.7167930589282347
face_trust,0.6071523558878589,0.24227302315942922,0.0,0.8864732021937947
fused_trust,0.712039987184602,0.003722598583824518,0.7038893085165363,0.7236375990453606
