claimed_user,user_id,session_id,window_id,trust,residual,score,label,best_tau
s002,s002,5,13,0.9841211136084649,0.4415135085582733,-0.4415135085582733,1,0.7517373830080031
s002,s002,6,46,0.996948205988336,0.31655892729759216,-0.31655892729759216,1,0.7517373830080031
s002,s002,8,15,0.9702059152451251,0.4898923337459564,-0.4898923337459564,1,0.7517373830080031
s002,s002,6,2,0.9427171792933124,0.5411933660507202,-0.5411933660507202,1,0.7517373830080031
s002,s002,8,41,0.00668770122736784,1.12766432762146,-1.12766432762146,1,0.7517373830080031
s002,s002,8,16,0.0010682263721083186,1.265977382659912,-1.265977382659912,1,0.7517373830080031
s002,s002,7,4,0.9979538144586715,0.28643226623535156,-0.28643226623535156,1,0.7517373830080031
s002,s002,6,20,0.9479173319987533,0.5336256623268127,-0.5336256623268127,1,0.7517373830080031
s002,s002,5,2,0.9153017326501026,0.5728119611740112,-0.5728119611740112,1,0.7517373830080031
s002,s002,4,12,0.9998492548401406,0.09022584557533264,-0.09022584557533264,1,0.7517373830080031
s002,s002,1,44,5.04773236909678e-14,3.0533506870269775,-3.0533506870269775,1,0.7517373830080031
s002,s002,5,18,0.9997141332332173,0.13834232091903687,-0.13834232091903687,1,0.7517373830080031
s002,s002,4,41,0.9928605726491223,0.3807581663131714,-0.3807581663131714,1,0.7517373830080031
s002,s002,7,10,0.9982228814743555,0.2758136987686157,-0.2758136987686157,1,0.7517373830080031
s002,s002,6,10,0.8756744202850892,0.6049914360046387,-0.6049914360046387,1,0.7517373830080031
s002,s002,3,6,0.9996524264866085,0.15303969383239746,-0.15303969383239746,1,0.7517373830080031
s002,s002,2,4,0.9750056786433483,0.4763162434101105,-0.4763162434101105,1,0.7517373830080031
s002,s002,1,2,1.0904821154678223e-13,2.9954469203948975,-2.9954469203948975,1,0.7517373830080031
s002,s002,1,50,1.1404345916542656e-08,2.126610279083252,-2.126610279083252,1,0.7517373830080031
s002,s002,2,31,0.9997418998506092,0.13065911829471588,-0.13065911829471588,1,0.7517373830080031
s002,s002,5,6,0.9690863148451856,0.49275222420692444,-0.49275222420692444,1,0.7517373830080031
s002,s002,1,35,0.9935526594005148,0.37304070591926575,-0.37304070591926575,1,0.7517373830080031
s002,s002,6,14,0.996052035782935,0.335981547832489,-0.335981547832489,1,0.7517373830080031
s002,s002,2,42,0.9996353410412129,0.15664829313755035,-0.15664829313755035,1,0.7517373830080031
s002,s002,7,40,0.9993003555936147,0.20565742254257202,-0.20565742254257202,1,0.7517373830080031
s002,s002,2,3,0.07641005529045836,0.9390819072723389,-0.9390819072723389,1,0.7517373830080031
s002,s002,7,46,0.999672295609279,0.14861315488815308,-0.14861315488815308,1,0.7517373830080031
s002,s002,6,15,0.8026505152748675,0.6462728977203369,-0.6462728977203369,1,0.7517373830080031
s002,s002,5,42,0.9976257788696087,0.29763472080230713,-0.29763472080230713,1,0.7517373830080031
s002,s002,1,14,8.675206604072539e-18,3.705017566680908,-3.705017566680908,1,0.7517373830080031
s002,s002,7,16,0.9982169274228778,0.2760655879974365,-0.2760655879974365,1,0.7517373830080031
s002,s002,2,39,0.999731792876905,0.13354744017124176,-0.13354744017124176,1,0.7517373830080031
s002,s002,6,24,0.9964876887986739,0.32715892791748047,-0.32715892791748047,1,0.7517373830080031
s002,s002,4,17,0.9997819490514247,0.11798039078712463,-0.11798039078712463,1,0.7517373830080031
s002,s002,7,29,0.9901208271122847,0.40538203716278076,-0.40538203716278076,1,0.7517373830080031
s002,s002,8,44,2.6391296051223702e-05,1.5442527532577515,-1.5442527532577515,1,0.7517373830080031
s002,s002,3,35,0.9998463791857017,0.09164658933877945,-0.09164658933877945,1,0.7517373830080031
s002,s002,7,7,0.9957150218233853,0.34216487407684326,-0.34216487407684326,1,0.7517373830080031
s002,s002,8,34,3.413410114552184e-06,1.6980090141296387,-1.6980090141296387,1,0.7517373830080031
s002,s002,7,20,0.965490515750874,0.5013034343719482,-0.5013034343719482,1,0.7517373830080031
s002,s002,5,44,0.28679430228742087,0.8202210068702698,-0.8202210068702698,1,0.7517373830080031
s002,s002,2,5,0.9996615601628394,0.15103714168071747,-0.15103714168071747,1,0.7517373830080031
s002,s002,2,1,1.333549663401875e-19,4.01888370513916,-4.01888370513916,1,0.7517373830080031
s002,s002,4,25,0.9933567688591801,0.37530553340911865,-0.37530553340911865,1,0.7517373830080031
s002,s002,4,40,0.9996525518130673,0.15301257371902466,-0.15301257371902466,1,0.7517373830080031
s002,s002,8,48,0.0034313156646875132,1.1780757904052734,-1.1780757904052734,1,0.7517373830080031
s002,s002,4,38,0.9947740252367908,0.35715988278388977,-0.35715988278388977,1,0.7517373830080031
s002,s002,4,20,0.9996051292490647,0.16263408958911896,-0.16263408958911896,1,0.7517373830080031
s002,s002,2,9,0.9993709305237837,0.19765885174274445,-0.19765885174274445,1,0.7517373830080031
s002,s002,1,49,0.9993385700144681,0.20143218338489532,-0.20143218338489532,1,0.7517373830080031
s002,s002,7,45,0.9981802944537278,0.2775971293449402,-0.2775971293449402,1,0.7517373830080031
s002,s002,5,36,0.9995283540406588,0.17599599063396454,-0.17599599063396454,1,0.7517373830080031
s002,s002,6,3,0.9884413375746934,0.4173124134540558,-0.4173124134540558,1,0.7517373830080031
s002,s002,1,22,0.9975292793368129,0.3006369471549988,-0.3006369471549988,1,0.7517373830080031
s002,s002,7,14,0.9995428677789246,0.1736452728509903,-0.1736452728509903,1,0.7517373830080031
s002,s002,4,11,0.9997723760108401,0.12121105194091797,-0.12121105194091797,1,0.7517373830080031
s002,s002,6,27,0.9479208549470686,0.533620297908783,-0.533620297908783,1,0.7517373830080031
s002,s002,4,42,0.9996190758268779,0.15992993116378784,-0.15992993116378784,1,0.7517373830080031
s002,s002,6,44,0.9894368427790432,0.41046637296676636,-0.41046637296676636,1,0.7517373830080031
s002,s002,7,44,0.9987296012242817,0.250542551279068,-0.250542551279068,1,0.7517373830080031
s002,s002,6,8,0.5711712825944331,0.7301902174949646,-0.7301902174949646,1,0.7517373830080031
s002,s002,7,9,0.9993760815842581,0.1970403790473938,-0.1970403790473938,1,0.7517373830080031
s002,s002,3,50,0.9995463107356419,0.17307668924331665,-0.17307668924331665,1,0.7517373830080031
s002,s002,3,31,0.9993302321133546,0.20237451791763306,-0.20237451791763306,1,0.7517373830080031
s002,s002,4,2,0.9994367107468761,0.18935108184814453,-0.18935108184814453,1,0.7517373830080031
s002,s002,8,10,0.00010833302575512741,1.438088059425354,-1.438088059425354,1,0.7517373830080031
s002,s002,2,50,0.9999038471636502,0.056419737637043,-0.056419737637043,1,0.7517373830080031
s002,s002,8,23,0.003431521731689658,1.1780712604522705,-1.1780712604522705,1,0.7517373830080031
s002,s002,2,38,0.9998894770589285,0.06689132750034332,-0.06689132750034332,1,0.7517373830080031
s002,s002,7,31,0.9990792309440764,0.2263195514678955,-0.2263195514678955,1,0.7517373830080031
s002,s002,5,15,0.9972618048205687,0.30838415026664734,-0.30838415026664734,1,0.7517373830080031
s002,s002,3,22,0.9995874320189874,0.16593122482299805,-0.16593122482299805,1,0.7517373830080031
s002,s002,8,50,9.291695580758925e-07,1.7958234548568726,-1.7958234548568726,1,0.7517373830080031
s002,s002,1,21,0.8267108858875278,0.6342788934707642,-0.6342788934707642,1,0.7517373830080031
s002,s002,4,39,0.9997000908539999,0.14194823801517487,-0.14194823801517487,1,0.7517373830080031
s002,s002,2,22,0.9998685315650344,0.07993882894515991,-0.07993882894515991,1,0.7517373830080031
s002,s002,3,7,4.453282164536771e-13,2.8896758556365967,-2.8896758556365967,1,0.7517373830080031
s002,s002,6,21,0.9981574250571541,0.27853772044181824,-0.27853772044181824,1,0.7517373830080031
s002,s002,7,49,0.9801556135665405,0.458575576543808,-0.458575576543808,1,0.7517373830080031
s002,s002,3,3,0.9992444638833968,0.2114391326904297,-0.2114391326904297,1,0.7517373830080031
s002,s021,6,2,0.9454758632796623,0.5372633337974548,-0.5372633337974548,0,0.7517373830080031
s002,s042,6,15,0.06322430672034333,0.954387366771698,-0.954387366771698,0,0.7517373830080031
s002,s036,8,16,5.115490986087411e-120,21.400304794311523,-21.400304794311523,0,0.7517373830080031
s002,s056,3,7,0.2988011281052735,0.8158615827560425,-0.8158615827560425,0,0.7517373830080031
s002,s055,7,9,2.5549648755267533e-07,1.8928790092468262,-1.8928790092468262,0,0.7517373830080031
s002,s033,7,10,3.3118718272802643e-12,2.7388429641723633,-2.7388429641723633,0,0.7517373830080031
s002,s016,7,9,6.870424719899178e-05,1.472325086593628,-1.472325086593628,0,0.7517373830080031
s002,s049,7,44,0.018147247138807405,1.0517499446868896,-1.0517499446868896,0,0.7517373830080031
s002,s015,2,4,0.03613605683126171,0.9985823035240173,-0.9985823035240173,0,0.7517373830080031
s002,s056,5,2,0.9130338941146033,0.5749847888946533,-0.5749847888946533,0,0.7517373830080031
s002,s048,2,42,0.9982955187917326,0.27267104387283325,-0.27267104387283325,0,0.7517373830080031
s002,s010,6,21,0.004880449287858797,1.151483178138733,-1.151483178138733,0,0.7517373830080031
s002,s050,4,11,0.9980414748741131,0.2831341326236725,-0.2831341326236725,0,0.7517373830080031
s002,s016,6,27,1.565954181868644e-36,6.949403762817383,-6.949403762817383,0,0.7517373830080031
s002,s039,6,3,0.988569908768673,0.4164617657661438,-0.4164617657661438,0,0.7517373830080031
s002,s021,1,21,0.002409152659553815,1.2047394514083862,-1.2047394514083862,0,0.7517373830080031
s002,s004,2,38,0.9753137266145465,0.475360244512558,-0.475360244512558,0,0.7517373830080031
s002,s028,6,27,5.1618471750790565e-05,1.4938209056854248,-1.4938209056854248,0,0.7517373830080031
s002,s025,1,50,0.0990195554998422,0.9177334904670715,-0.9177334904670715,0,0.7517373830080031
s002,s010,7,31,0.0266661402120795,1.0221623182296753,-1.0221623182296753,0,0.7517373830080031
s002,s042,2,1,3.3918314793724124e-37,7.064397811889648,-7.064397811889648,0,0.7517373830080031
s002,s051,1,50,0.9607667012896048,0.5113162994384766,-0.5113162994384766,0,0.7517373830080031
s002,s032,7,31,0.7521929255514705,0.6682687997817993,-0.6682687997817993,0,0.7517373830080031
s002,s012,2,4,0.01492812850275685,1.0666753053665161,-1.0666753053665161,0,0.7517373830080031
s002,s050,2,39,0.981143241960733,0.4546622633934021,-0.4546622633934021,0,0.7517373830080031
s002,s041,7,29,0.0012822830064239924,1.2522313594818115,-1.2522313594818115,0,0.7517373830080031
s002,s005,8,34,0.0005559291878079232,1.3151129484176636,-1.3151129484176636,0,0.7517373830080031
s002,s046,8,41,0.9996545224264799,0.15258485078811646,-0.15258485078811646,0,0.7517373830080031
s002,s054,4,2,0.06861761319919618,0.947799563407898,-0.947799563407898,0,0.7517373830080031
s002,s034,7,49,2.9354846185537728e-06,1.709348201751709,-1.709348201751709,0,0.7517373830080031
s002,s029,7,7,0.00012406147954755278,1.4278957843780518,-1.4278957843780518,0,0.7517373830080031
s002,s027,7,49,0.9880979095923433,0.41953954100608826,-0.41953954100608826,0,0.7517373830080031
s002,s039,5,15,0.9171650200251669,0.5709868669509888,-0.5709868669509888,0,0.7517373830080031
s002,s013,2,39,5.329293228289117e-07,1.8376127481460571,-1.8376127481460571,0,0.7517373830080031
s002,s049,6,2,1.4865492740526055e-51,9.549724578857422,-9.549724578857422,0,0.7517373830080031
s002,s003,8,50,5.0306640240827366e-23,4.611450672149658,-4.611450672149658,0,0.7517373830080031
s002,s053,4,40,7.709870776127048e-07,1.8098523616790771,-1.8098523616790771,0,0.7517373830080031
s002,s004,8,41,0.06725972180897064,0.9494116306304932,-0.9494116306304932,0,0.7517373830080031
s002,s033,1,49,2.5931227317078247e-50,9.334803581237793,-9.334803581237793,0,0.7517373830080031
s002,s016,3,7,5.921620194882386e-56,10.31129264831543,-10.31129264831543,0,0.7517373830080031
s002,s043,6,8,4.956571448763822e-17,3.574002504348755,-3.574002504348755,0,0.7517373830080031
s002,s046,4,25,0.9237754489105753,0.5641950368881226,-0.5641950368881226,0,0.7517373830080031
s002,s047,6,24,0.883482858985371,0.5994479060173035,-0.5994479060173035,0,0.7517373830080031
s002,s054,7,16,0.09158930462270737,0.9242146611213684,-0.9242146611213684,0,0.7517373830080031
s002,s010,4,42,0.031860047025715085,1.0083823204040527,-1.0083823204040527,0,0.7517373830080031
s002,s028,5,44,9.404505940770025e-05,1.4487214088439941,-1.4487214088439941,0,0.7517373830080031
s002,s043,3,35,5.152312818795477e-10,2.35943341255188,-2.35943341255188,0,0.7517373830080031
s002,s010,3,22,1.6709938024943353e-05,1.5786101818084717,-1.5786101818084717,0,0.7517373830080031
s002,s010,3,31,0.00024517071972824186,1.3766800165176392,-1.3766800165176392,0,0.7517373830080031
s002,s022,4,2,1.6736480622263803e-184,32.56230545043945,-32.56230545043945,0,0.7517373830080031
s002,s028,2,5,1.1257645930792101e-13,2.9930531978607178,-2.9930531978607178,0,0.7517373830080031
s002,s037,2,1,1.646511198452463e-37,7.11872673034668,-7.11872673034668,0,0.7517373830080031
s002,s050,8,48,0.9803690500960633,0.457746297121048,-0.457746297121048,0,0.7517373830080031
s002,s015,7,10,3.1976830056560134e-05,1.5298206806182861,-1.5298206806182861,0,0.7517373830080031
s002,s012,5,18,0.0002049371092749973,1.3901580572128296,-1.3901580572128296,0,0.7517373830080031
s002,s033,7,44,7.430884438709873e-21,4.23593807220459,-4.23593807220459,0,0.7517373830080031
s002,s030,7,46,3.315205720879494e-16,3.431143045425415,-3.431143045425415,0,0.7517373830080031
s002,s051,6,3,1.740320995913678e-07,1.921743392944336,-1.921743392944336,0,0.7517373830080031
s002,s040,4,11,0.49787435894425497,0.7523765563964844,-0.7523765563964844,0,0.7517373830080031
s002,s008,6,8,0.1117070906930904,0.9076042175292969,-0.9076042175292969,0,0.7517373830080031
s002,s008,7,4,2.6340288670333495e-05,1.5443981885910034,-1.5443981885910034,0,0.7517373830080031
s002,s015,6,21,7.153863006320019e-07,1.815479040145874,-1.815479040145874,0,0.7517373830080031
s002,s037,5,6,0.9989070759692921,0.23921748995780945,-0.23921748995780945,0,0.7517373830080031
s002,s003,4,25,0.004584381785382133,1.1562100648880005,-1.1562100648880005,0,0.7517373830080031
s002,s022,4,17,5.835471620711913e-119,21.21731185913086,-21.21731185913086,0,0.7517373830080031
s002,s057,4,38,0.016817857593729446,1.0575706958770752,-1.0575706958770752,0,0.7517373830080031
s002,s030,4,25,3.969632285899882e-12,2.725224494934082,-2.725224494934082,0,0.7517373830080031
s002,s053,8,34,1.1476940836105458e-05,1.6068506240844727,-1.6068506240844727,0,0.7517373830080031
s002,s016,8,34,0.6458811793401016,0.7065592408180237,-0.7065592408180237,0,0.7517373830080031
s002,s005,1,14,3.314374072418744e-05,1.5271261930465698,-1.5271261930465698,0,0.7517373830080031
s002,s027,7,44,0.9992472938705242,0.21115681529045105,-0.21115681529045105,0,0.7517373830080031
s002,s053,2,1,5.384246037634777e-05,1.490649700164795,-1.490649700164795,0,0.7517373830080031
s002,s007,3,3,0.9716599769410009,0.48601844906806946,-0.48601844906806946,0,0.7517373830080031
s002,s057,1,22,4.7878818310562925e-14,3.057323694229126,-3.057323694229126,0,0.7517373830080031
s002,s019,3,31,0.6935039577942271,0.6903541088104248,-0.6903541088104248,0,0.7517373830080031
s002,s035,2,3,0.8775601366762358,0.6036807894706726,-0.6036807894706726,0,0.7517373830080031
s002,s022,7,4,1.879562110067486e-40,7.62805700302124,-7.62805700302124,0,0.7517373830080031
s002,s011,3,3,7.371901157824068e-06,1.6401276588439941,-1.6401276588439941,0,0.7517373830080031
s002,s044,3,6,4.161552546265015e-10,2.3754873275756836,-2.3754873275756836,0,0.7517373830080031
s002,s032,7,16,0.812803274114068,0.6413576006889343,-0.6413576006889343,0,0.7517373830080031
s003,s003,5,13,0.9852375693065901,0.43071097135543823,-0.43071097135543823,1,0.7427072212551579
s003,s003,6,46,0.9966880882152308,0.31885072588920593,-0.31885072588920593,1,0.7427072212551579
s003,s003,8,15,0.09726552545899442,0.9081811904907227,-0.9081811904907227,1,0.7427072212551579
s003,s003,6,2,0.2083899231195699,0.841833233833313,-0.841833233833313,1,0.7427072212551579
s003,s003,8,41,0.9879225676347554,0.4155992269515991,-0.4155992269515991,1,0.7427072212551579
s003,s003,8,16,0.9810986602539451,0.44937944412231445,-0.44937944412231445,1,0.7427072212551579
s003,s003,7,4,0.9939848986626103,0.3633733093738556,-0.3633733093738556,1,0.7427072212551579
s003,s003,6,20,0.9993749763831712,0.19480498135089874,-0.19480498135089874,1,0.7427072212551579
s003,s003,5,2,0.6758330236117973,0.6881414651870728,-0.6881414651870728,1,0.7427072212551579
s003,s003,4,12,0.9972763993919673,0.30428171157836914,-0.30428171157836914,1,0.7427072212551579
s003,s003,1,44,0.9997612407188291,0.12330307066440582,-0.12330307066440582,1,0.7427072212551579
s003,s003,5,18,0.997389892266236,0.3011120557785034,-0.3011120557785034,1,0.7427072212551579
s003,s003,4,41,0.999443908036509,0.1861208975315094,-0.1861208975315094,1,0.7427072212551579
s003,s003,7,10,0.9957178183778385,0.3380059599876404,-0.3380059599876404,1,0.7427072212551579
s003,s003,6,10,0.9989680571863867,0.23207524418830872,-0.23207524418830872,1,0.7427072212551579
s003,s003,3,6,1.2386276837467538e-06,1.7529008388519287,-1.7529008388519287,1,0.7427072212551579
s003,s003,2,4,6.30883842075452e-06,1.6319916248321533,-1.6319916248321533,1,0.7427072212551579
s003,s003,1,2,7.089261236925073e-12,2.6494178771972656,-2.6494178771972656,1,0.7427072212551579
s003,s003,1,50,0.9653855870176324,0.4955151379108429,-0.4955151379108429,1,0.7427072212551579
s003,s003,2,31,0.9986789866121843,0.2504383325576782,-0.2504383325576782,1,0.7427072212551579
s003,s003,5,6,1.8688205213679342e-09,2.2353971004486084,-2.2353971004486084,1,0.7427072212551579
s003,s003,1,35,0.6826955942790558,0.6858019232749939,-0.6858019232749939,1,0.7427072212551579
s003,s003,6,14,0.9985205683714565,0.2588619291782379,-0.2588619291782379,1,0.7427072212551579
s003,s003,2,42,0.9996527915723981,0.15112324059009552,-0.15112324059009552,1,0.7427072212551579
s003,s003,7,40,0.8984309808471691,0.580803632736206,-0.580803632736206,1,0.7427072212551579
s003,s003,2,3,0.09882391482083255,0.9068723320960999,-0.9068723320960999,1,0.7427072212551579
s003,s003,7,46,0.5051812583910024,0.7411679029464722,-0.7411679029464722,1,0.7427072212551579
s003,s003,6,15,0.9989814565819093,0.2311035543680191,-0.2311035543680191,1,0.7427072212551579
s003,s003,5,42,0.8393352767716595,0.6199161410331726,-0.6199161410331726,1,0.7427072212551579
s003,s003,1,14,0.9742508957464663,0.47286170721054077,-0.47286170721054077,1,0.7427072212551579
s003,s003,7,16,0.28098984553137996,0.8124887943267822,-0.8124887943267822,1,0.7427072212551579
s003,s003,2,39,5.400807855032773e-06,1.6435335874557495,-1.6435335874557495,1,0.7427072212551579
s003,s003,6,24,0.9990688290641684,0.22443601489067078,-0.22443601489067078,1,0.7427072212551579
s003,s003,4,17,0.9710433997771251,0.48182588815689087,-0.48182588815689087,1,0.7427072212551579
s003,s003,7,29,0.023198440779702525,1.0204944610595703,-1.0204944610595703,1,0.7427072212551579
s003,s003,8,44,0.1265508030208515,0.8861838579177856,-0.8861838579177856,1,0.7427072212551579
s003,s003,3,35,0.9386729588179898,0.5400784015655518,-0.5400784015655518,1,0.7427072212551579
s003,s003,7,7,0.9800667830898829,0.4534054398536682,-0.4534054398536682,1,0.7427072212551579
s003,s003,8,34,0.8090314900424025,0.6354804039001465,-0.6354804039001465,1,0.7427072212551579
s003,s003,7,20,0.8986749534947558,0.5806048512458801,-0.5806048512458801,1,0.7427072212551579
s003,s003,5,44,0.9980702548212929,0.27863138914108276,-0.27863138914108276,1,0.7427072212551579
s003,s003,2,5,8.733982818205227e-15,3.146965980529785,-3.146965980529785,1,0.7427072212551579
s003,s003,2,1,0.9543220181238418,0.5169699192047119,-0.5169699192047119,1,0.7427072212551579
s003,s003,4,25,0.0007782365439877793,1.2743148803710938,-1.2743148803710938,1,0.7427072212551579
s003,s003,4,40,0.9971266587769275,0.30826789140701294,-0.30826789140701294,1,0.7427072212551579
s003,s003,8,48,0.9832505623916817,0.4402397572994232,-0.4402397572994232,1,0.7427072212551579
s003,s003,4,38,0.9941213002427796,0.36165952682495117,-0.36165952682495117,1,0.7427072212551579
s003,s003,4,20,0.9993677914440733,0.19565442204475403,-0.19565442204475403,1,0.7427072212551579
s003,s003,2,9,0.8912647354866875,0.5864620208740234,-0.5864620208740234,1,0.7427072212551579
s003,s003,1,49,0.9993683164000202,0.19559268653392792,-0.19559268653392792,1,0.7427072212551579
s003,s003,7,45,0.9491138522957855,0.5253956913948059,-0.5253956913948059,1,0.7427072212551579
s003,s003,5,36,0.9941606128203551,0.36115825176239014,-0.36115825176239014,1,0.7427072212551579
s003,s003,6,3,0.9946858886669933,0.3541182577610016,-0.3541182577610016,1,0.7427072212551579
s003,s003,1,22,0.005642597747328234,1.126816987991333,-1.126816987991333,1,0.7427072212551579
s003,s003,7,14,0.9869902682340271,0.4211920499801636,-0.4211920499801636,1,0.7427072212551579
s003,s003,4,11,0.998982119430368,0.2310551553964615,-0.2310551553964615,1,0.7427072212551579
s003,s003,6,27,0.9963432631636525,0.3262326121330261,-0.3262326121330261,1,0.7427072212551579
s003,s003,4,42,0.9992080081376867,0.2124018520116806,-0.2124018520116806,1,0.7427072212551579
s003,s003,6,44,0.9974642003494114,0.2989614009857178,-0.2989614009857178,1,0.7427072212551579
s003,s003,7,44,0.8380362777687931,0.6206292510032654,-0.6206292510032654,1,0.7427072212551579
s003,s003,6,8,0.9991971281495762,0.21341601014137268,-0.21341601014137268,1,0.7427072212551579
s003,s003,7,9,0.6807892763438358,0.6864544749259949,-0.6864544749259949,1,0.7427072212551579
s003,s003,3,50,0.9961379454924679,0.33030518889427185,-0.33030518889427185,1,0.7427072212551579
s003,s003,3,31,0.9943905625562932,0.358157217502594,-0.358157217502594,1,0.7427072212551579
s003,s003,4,2,0.9966994216177562,0.318595290184021,-0.318595290184021,1,0.7427072212551579
s003,s003,8,10,0.9725159344179959,0.4778370261192322,-0.4778370261192322,1,0.7427072212551579
s003,s003,2,50,0.9951241320408297,0.34769323468208313,-0.34769323468208313,1,0.7427072212551579
s003,s003,8,23,0.37451329969057723,0.7808008790016174,-0.7808008790016174,1,0.7427072212551579
s003,s003,2,38,6.247109752053949e-32,6.079103469848633,-6.079103469848633,1,0.7427072212551579
s003,s003,7,31,1.24701797987212e-05,1.5813839435577393,-1.5813839435577393,1,0.7427072212551579
s003,s003,5,15,0.8341097575949642,0.6227571368217468,-0.6227571368217468,1,0.7427072212551579
s003,s003,3,22,0.9991605820767342,0.21672478318214417,-0.21672478318214417,1,0.7427072212551579
s003,s003,8,50,0.9940642909422228,0.3623805642127991,-0.3623805642127991,1,0.7427072212551579
s003,s003,1,21,0.3392967811465359,0.792203426361084,-0.792203426361084,1,0.7427072212551579
s003,s003,4,39,0.9960001933630157,0.3329184055328369,-0.3329184055328369,1,0.7427072212551579
s003,s003,2,22,0.9996330394550438,0.15523403882980347,-0.15523403882980347,1,0.7427072212551579
s003,s003,3,7,0.9996820242564686,0.14458894729614258,-0.14458894729614258,1,0.7427072212551579
s003,s003,6,21,0.9978045672839363,0.28823143243789673,-0.28823143243789673,1,0.7427072212551579
s003,s003,7,49,0.0030488092298649318,1.1727310419082642,-1.1727310419082642,1,0.7427072212551579
s003,s003,3,3,0.9538212573678159,0.5178186893463135,-0.5178186893463135,1,0.7427072212551579
s003,s021,6,2,1.6429626064002102e-09,2.2449636459350586,-2.2449636459350586,0,0.7427072212551579
s003,s042,6,15,0.0014274439086142958,1.2292132377624512,-1.2292132377624512,0,0.7427072212551579
s003,s036,8,16,5.771130432018869e-106,18.740074157714844,-18.740074157714844,0,0.7427072212551579
s003,s056,3,7,0.034404576122362786,0.99036705493927,-0.99036705493927,0,0.7427072212551579
s003,s055,7,9,1.407179361414158e-06,1.7434251308441162,-1.7434251308441162,0,0.7427072212551579
s003,s033,7,10,4.076236778044057e-12,2.6905198097229004,-2.6905198097229004,0,0.7427072212551579
s003,s016,7,9,2.6065402740534224e-15,3.23677396774292,-3.23677396774292,0,0.7427072212551579
s003,s049,7,44,1.7287287574139808e-10,2.412199020385742,-2.412199020385742,0,0.7427072212551579
s003,s015,2,4,7.364522765578321e-11,2.475574016571045,-2.475574016571045,0,0.7427072212551579
s003,s056,5,2,1.988422492749768e-06,1.7177456617355347,-1.7177456617355347,0,0.7427072212551579
s003,s048,2,42,0.0003213179468112766,1.3400486707687378,-1.3400486707687378,0,0.7427072212551579
s003,s010,6,21,1.7390034403696702e-10,2.4117588996887207,-2.4117588996887207,0,0.7427072212551579
s003,s050,4,11,2.6130475819560547e-05,1.5264402627944946,-1.5264402627944946,0,0.7427072212551579
s003,s016,6,27,3.515141039407926e-26,5.095724105834961,-5.095724105834961,0,0.7427072212551579
s003,s039,6,3,3.945670459444261e-07,1.8378643989562988,-1.8378643989562988,0,0.7427072212551579
s003,s021,1,21,4.374612842796056e-11,2.51425838470459,-2.51425838470459,0,0.7427072212551579
s003,s004,2,38,0.2704733512069283,0.8164002895355225,-0.8164002895355225,0,0.7427072212551579
s003,s028,6,27,2.7189616218041873e-13,2.891608476638794,-2.891608476638794,0,0.7427072212551579
s003,s025,1,50,1.8014226642952306e-13,2.9221837520599365,-2.9221837520599365,0,0.7427072212551579
s003,s010,7,31,6.2298342970264705e-09,2.1459720134735107,-2.1459720134735107,0,0.7427072212551579
s003,s042,2,1,1.4715404821680783e-39,7.38358736038208,-7.38358736038208,0,0.7427072212551579
s003,s051,1,50,6.615207580571262e-08,1.9704995155334473,-1.9704995155334473,0,0.7427072212551579
s003,s032,7,31,0.9994673255283162,0.1829237937927246,-0.1829237937927246,0,0.7427072212551579
s003,s012,2,4,2.0404616534170904e-05,1.5448108911514282,-1.5448108911514282,0,0.7427072212551579
s003,s050,2,39,0.0005411978035947886,1.3013110160827637,-1.3013110160827637,0,0.7427072212551579
s003,s041,7,29,0.9710559774998035,0.4817926585674286,-0.4817926585674286,0,0.7427072212551579
s003,s005,8,34,0.6434653965005019,0.6988550424575806,-0.6988550424575806,0,0.7427072212551579
s003,s046,8,41,0.6880353678638433,0.6839627623558044,-0.6839627623558044,0,0.7427072212551579
s003,s054,4,2,4.429673716341666e-14,3.0263733863830566,-3.0263733863830566,0,0.7427072212551579
s003,s034,7,49,0.003934278230775276,1.1537277698516846,-1.1537277698516846,0,0.7427072212551579
s003,s029,7,7,1.0474287041040198e-09,2.278397560119629,-2.278397560119629,0,0.7427072212551579
s003,s027,7,49,0.9972884695732873,0.3039509356021881,-0.3039509356021881,0,0.7427072212551579
s003,s039,5,15,1.914785403228104e-05,1.549532413482666,-1.549532413482666,0,0.7427072212551579
s003,s013,2,39,1.5924432909606434e-11,2.5893125534057617,-2.5893125534057617,0,0.7427072212551579
s003,s049,6,2,7.276215989371328e-48,8.804012298583984,-8.804012298583984,0,0.7427072212551579
s003,s002,8,50,0.0007881406310717344,1.2733749151229858,-1.2733749151229858,0,0.7427072212551579
s003,s053,4,40,7.62831648368995e-08,1.9599162340164185,-1.9599162340164185,0,0.7427072212551579
s003,s004,8,41,0.9908775784124075,0.3945367932319641,-0.3945367932319641,0,0.7427072212551579
s003,s033,1,49,3.964985553137838e-31,5.9418535232543945,-5.9418535232543945,0,0.7427072212551579
s003,s016,3,7,8.617520244071813e-63,11.356666564941406,-11.356666564941406,0,0.7427072212551579
s003,s043,6,8,6.414016480896379e-29,5.564101219177246,-5.564101219177246,0,0.7427072212551579
s003,s046,4,25,3.7693289332053257e-06,1.6702452898025513,-1.6702452898025513,0,0.7427072212551579
s003,s047,6,24,1.1027837473479923e-06,1.7615286111831665,-1.7615286111831665,0,0.7427072212551579
s003,s054,7,16,2.517940134479248e-05,1.5291939973831177,-1.5291939973831177,0,0.7427072212551579
s003,s010,4,42,4.0499560756561887e-10,2.348970890045166,-2.348970890045166,0,0.7427072212551579
s003,s028,5,44,3.5041769565913837e-17,3.556824207305908,-3.556824207305908,0,0.7427072212551579
s003,s043,3,35,8.183416464377111e-21,4.177889823913574,-4.177889823913574,0,0.7427072212551579
s003,s010,3,22,4.226711306911965e-15,3.200871467590332,-3.200871467590332,0,0.7427072212551579
s003,s010,3,31,3.8519067252450524e-13,2.8657386302948,-2.8657386302948,0,0.7427072212551579
s003,s022,4,2,4.277088314602913e-151,26.457984924316406,-26.457984924316406,0,0.7427072212551579
s003,s028,2,5,2.4833308641183218e-27,5.292546272277832,-5.292546272277832,0,0.7427072212551579
s003,s037,2,1,2.4460095172724947e-59,10.76613998413086,-10.76613998413086,0,0.7427072212551579
s003,s050,8,48,0.0008640578872583136,1.2665390968322754,-1.2665390968322754,0,0.7427072212551579
s003,s015,7,10,1.077868517766232e-09,2.2762699127197266,-2.2762699127197266,0,0.7427072212551579
s003,s012,5,18,0.21449032562931686,0.8391156792640686,-0.8391156792640686,0,0.7427072212551579
s003,s033,7,44,1.535601949800565e-14,3.105056047439575,-3.105056047439575,0,0.7427072212551579
s003,s030,7,46,6.8566805443549825e-09,2.1388514041900635,-2.1388514041900635,0,0.7427072212551579
s003,s051,6,3,1.5837481141444377e-14,3.1027631759643555,-3.1027631759643555,0,0.7427072212551579
s003,s040,4,11,0.9063857243104455,0.5740917325019836,-0.5740917325019836,0,0.7427072212551579
s003,s008,6,8,0.9823315133530711,0.4442766010761261,-0.4442766010761261,0,0.7427072212551579
s003,s008,7,4,6.1591625846625e-05,1.4627561569213867,-1.4627561569213867,0,0.7427072212551579
s003,s015,6,21,1.2859844843845445e-12,2.7762022018432617,-2.7762022018432617,0,0.7427072212551579
s003,s037,5,6,0.0012763381536990018,1.2375346422195435,-1.2375346422195435,0,0.7427072212551579
s003,s002,4,25,0.00013311853853668199,1.405509352684021,-1.405509352684021,0,0.7427072212551579
s003,s022,4,17,1.3199792803824135e-109,19.362686157226562,-19.362686157226562,0,0.7427072212551579
s003,s057,4,38,0.06622815921097529,0.9392369389533997,-0.9392369389533997,0,0.7427072212551579
s003,s030,4,25,7.341829038580949e-08,1.962759256362915,-1.962759256362915,0,0.7427072212551579
s003,s053,8,34,0.0020280446566514555,1.2030856609344482,-1.2030856609344482,0,0.7427072212551579
s003,s016,8,34,6.169631800796132e-08,1.975678563117981,-1.975678563117981,0,0.7427072212551579
s003,s005,1,14,5.8686800795719715e-12,2.6634514331817627,-2.6634514331817627,0,0.7427072212551579
s003,s027,7,44,0.18288576940431667,0.8538843393325806,-0.8538843393325806,0,0.7427072212551579
s003,s053,2,1,2.336619085975312e-10,2.389819860458374,-2.389819860458374,0,0.7427072212551579
s003,s007,3,3,0.07573142932228517,0.9285184144973755,-0.9285184144973755,0,0.7427072212551579
s003,s057,1,22,1.9558936207707625e-29,5.652307987213135,-5.652307987213135,0,0.7427072212551579
s003,s019,3,31,6.6206988757109615e-09,2.1414525508880615,-2.1414525508880615,0,0.7427072212551579
s003,s035,2,3,6.8115838137016225e-12,2.6523854732513428,-2.6523854732513428,0,0.7427072212551579
s003,s022,7,4,1.0384868009946771e-44,8.264547348022461,-8.264547348022461,0,0.7427072212551579
s003,s011,3,3,0.09990882963647509,0.9059719443321228,-0.9059719443321228,0,0.7427072212551579
s003,s044,3,6,2.49080060312913e-24,4.7792792320251465,-4.7792792320251465,0,0.7427072212551579
s003,s032,7,16,0.998974841936196,0.2315848171710968,-0.2315848171710968,0,0.7427072212551579
s004,s004,5,13,0.9989890934841591,0.27139249444007874,-0.27139249444007874,1,0.8743023067170926
s004,s004,6,46,0.9705131177935914,0.5688316226005554,-0.5688316226005554,1,0.8743023067170926
s004,s004,8,15,0.9984960479745983,0.30616721510887146,-0.30616721510887146,1,0.8743023067170926
s004,s004,6,2,0.9984278495793601,0.3100505471229553,-0.3100505471229553,1,0.8743023067170926
s004,s004,8,41,0.9841085597174745,0.5135690569877625,-0.5135690569877625,1,0.8743023067170926
s004,s004,8,16,0.9917556120629406,0.45551639795303345,-0.45551639795303345,1,0.8743023067170926
s004,s004,7,4,0.9974012216191268,0.3540826737880707,-0.3540826737880707,1,0.8743023067170926
s004,s004,6,20,0.5821870830125503,0.8452966213226318,-0.8452966213226318,1,0.8743023067170926
s004,s004,5,2,0.9964832591081992,0.38061022758483887,-0.38061022758483887,1,0.8743023067170926
s004,s004,4,12,0.9996247474510122,0.18469321727752686,-0.18469321727752686,1,0.8743023067170926
s004,s004,1,44,0.9992635693547641,0.24367165565490723,-0.24367165565490723,1,0.8743023067170926
s004,s004,5,18,0.9978585861388302,0.3371182680130005,-0.3371182680130005,1,0.8743023067170926
s004,s004,4,41,0.9972177133990492,0.3600642681121826,-0.3600642681121826,1,0.8743023067170926
s004,s004,7,10,0.994820170258923,0.4146125316619873,-0.4146125316619873,1,0.8743023067170926
s004,s004,6,10,0.8996247839998666,0.6825623512268066,-0.6825623512268066,1,0.8743023067170926
s004,s004,3,6,0.9702101169572328,0.5697527527809143,-0.5697527527809143,1,0.8743023067170926
s004,s004,2,4,1.5409347741949122e-05,1.8430747985839844,-1.8430747985839844,1,0.8743023067170926
s004,s004,1,2,4.1894885662822846e-23,5.379309177398682,-5.379309177398682,1,0.8743023067170926
s004,s004,1,50,0.8253163869296992,0.7385414838790894,-0.7385414838790894,1,0.8743023067170926
s004,s004,2,31,0.9996750543795053,0.17210398614406586,-0.17210398614406586,1,0.8743023067170926
s004,s004,5,6,4.3542438740897304e-11,2.9601502418518066,-2.9601502418518066,1,0.8743023067170926
s004,s004,1,35,0.999421424102818,0.22256571054458618,-0.22256571054458618,1,0.8743023067170926
s004,s004,6,14,0.9998875296623096,0.07932469993829727,-0.07932469993829727,1,0.8743023067170926
s004,s004,2,42,0.9997011701071115,0.1647765040397644,-0.1647765040397644,1,0.8743023067170926
s004,s004,7,40,0.9896450406745733,0.47563087940216064,-0.47563087940216064,1,0.8743023067170926
s004,s004,2,3,0.698894715002707,0.800682544708252,-0.800682544708252,1,0.8743023067170926
s004,s004,7,46,0.4191967968973201,0.90281081199646,-0.90281081199646,1,0.8743023067170926
s004,s004,6,15,0.99681361046891,0.37195658683776855,-0.37195658683776855,1,0.8743023067170926
s004,s004,5,42,0.9975054636427061,0.35049426555633545,-0.35049426555633545,1,0.8743023067170926
s004,s004,1,14,0.9536651051027492,0.609876811504364,-0.609876811504364,1,0.8743023067170926
s004,s004,7,16,0.9975994336081525,0.34712886810302734,-0.34712886810302734,1,0.8743023067170926
s004,s004,2,39,0.9958034759744915,0.39612072706222534,-0.39612072706222534,1,0.8743023067170926
s004,s004,6,24,0.9153491077503598,0.6661510467529297,-0.6661510467529297,1,0.8743023067170926
s004,s004,4,17,0.9356403558315743,0.640273928642273,-0.640273928642273,1,0.8743023067170926
s004,s004,7,29,0.9951407732727496,0.40899819135665894,-0.40899819135665894,1,0.8743023067170926
s004,s004,8,44,0.9112319105129869,0.6706973910331726,-0.6706973910331726,1,0.8743023067170926
s004,s004,3,35,0.8660174636160097,0.7111403942108154,-0.7111403942108154,1,0.8743023067170926
s004,s004,7,7,0.999022157897203,0.26848214864730835,-0.26848214864730835,1,0.8743023067170926
s004,s004,8,34,0.9892059456488259,0.4793006479740143,-0.4793006479740143,1,0.8743023067170926
s004,s004,7,20,0.9990916841000401,0.2620275616645813,-0.2620275616645813,1,0.8743023067170926
s004,s004,5,44,0.999453883520292,0.21751487255096436,-0.21751487255096436,1,0.8743023067170926
s004,s004,2,5,0.8128884174593175,0.7458770275115967,-0.7458770275115967,1,0.8743023067170926
s004,s004,2,1,5.05213794797421e-06,1.9405746459960938,-1.9405746459960938,1,0.8743023067170926
s004,s004,4,25,0.9993303312901121,0.2353571504354477,-0.2353571504354477,1,0.8743023067170926
s004,s004,4,40,0.9417022490914807,0.6310604214668274,-0.6310604214668274,1,0.8743023067170926
s004,s004,8,48,0.9901570825909877,0.47115176916122437,-0.47115176916122437,1,0.8743023067170926
s004,s004,4,38,0.997590221852373,0.34746453166007996,-0.34746453166007996,1,0.8743023067170926
s004,s004,4,20,0.5172457084457777,0.8682687282562256,-0.8682687282562256,1,0.8743023067170926
s004,s004,2,9,0.9998066760636724,0.12669077515602112,-0.12669077515602112,1,0.8743023067170926
s004,s004,1,49,0.9947170321192249,0.41634535789489746,-0.41634535789489746,1,0.8743023067170926
s004,s004,7,45,0.2929042371916432,0.9513563513755798,-0.9513563513755798,1,0.8743023067170926
s004,s004,5,36,0.9995144461231813,0.20723284780979156,-0.20723284780979156,1,0.8743023067170926
s004,s004,6,3,0.9997262424021611,0.15711267292499542,-0.15711267292499542,1,0.8743023067170926
s004,s004,1,22,0.9991938621582734,0.2515849173069,-0.2515849173069,1,0.8743023067170926
s004,s004,7,14,0.010351657416611605,1.2730019092559814,-1.2730019092559814,1,0.8743023067170926
s004,s004,4,11,0.6508156331824748,0.8198659420013428,-0.8198659420013428,1,0.8743023067170926
s004,s004,6,27,0.9942570897727759,0.423684298992157,-0.423684298992157,1,0.8743023067170926
s004,s004,4,42,0.9996872532952339,0.16875746846199036,-0.16875746846199036,1,0.8743023067170926
s004,s004,6,44,0.9909613074310428,0.4636284410953522,-0.4636284410953522,1,0.8743023067170926
s004,s004,7,44,0.96734315622307,0.5780450701713562,-0.5780450701713562,1,0.8743023067170926
s004,s004,6,8,0.9941768326960831,0.4249047338962555,-0.4249047338962555,1,0.8743023067170926
s004,s004,7,9,0.9985771104406663,0.30131590366363525,-0.30131590366363525,1,0.8743023067170926
s004,s004,3,50,0.9313966202813672,0.6462542414665222,-0.6462542414665222,1,0.8743023067170926
s004,s004,3,31,0.3158727499962835,0.941868782043457,-0.941868782043457,1,0.8743023067170926
s004,s004,4,2,0.9248274561805203,0.6548680663108826,-0.6548680663108826,1,0.8743023067170926
s004,s004,8,10,0.9986599544973374,0.2960640490055084,-0.2960640490055084,1,0.8743023067170926
s004,s004,2,50,0.9969754723375795,0.3673843443393707,-0.3673843443393707,1,0.8743023067170926
s004,s004,8,23,0.9976652942367388,0.34469088912010193,-0.34469088912010193,1,0.8743023067170926
s004,s004,2,38,0.9995800455664523,0.19453713297843933,-0.19453713297843933,1,0.8743023067170926
s004,s004,7,31,0.9866372812840332,0.4981919825077057,-0.4981919825077057,1,0.8743023067170926
s004,s004,5,15,0.9984219185775451,0.3103802800178528,-0.3103802800178528,1,0.8743023067170926
s004,s004,3,22,0.9223599383046897,0.6579254269599915,-0.6579254269599915,1,0.8743023067170926
s004,s004,8,50,0.9677408574390522,0.5769378542900085,-0.5769378542900085,1,0.8743023067170926
s004,s004,1,21,0.9342060083345315,0.6423351764678955,-0.6423351764678955,1,0.8743023067170926
s004,s004,4,39,0.9986199912808676,0.298636794090271,-0.298636794090271,1,0.8743023067170926
s004,s004,2,22,0.9551018586539546,0.6069912314414978,-0.6069912314414978,1,0.8743023067170926
s004,s004,3,7,0.14237778926045316,1.0312989950180054,-1.0312989950180054,1,0.8743023067170926
s004,s004,6,21,0.9978021720186687,0.3393966853618622,-0.3393966853618622,1,0.8743023067170926
s004,s004,7,49,0.3779554784044122,0.917863130569458,-0.917863130569458,1,0.8743023067170926
s004,s004,3,3,0.9329476729041444,0.6441093683242798,-0.6441093683242798,1,0.8743023067170926
s004,s021,6,2,0.23465931074930102,0.9776611328125,-0.9776611328125,0,0.8743023067170926
s004,s042,6,15,0.46070319566652973,0.8880736231803894,-0.8880736231803894,0,0.8743023067170926
s004,s036,8,16,2.8138504087514294e-121,25.14303207397461,-25.14303207397461,0,0.8743023067170926
s004,s056,3,7,0.7613193416910691,0.7728896737098694,-0.7728896737098694,0,0.8743023067170926
s004,s055,7,9,7.599366470748809e-07,2.106196880340576,-2.106196880340576,0,0.8743023067170926
s004,s033,7,10,2.224456507097887e-18,4.4280805587768555,-4.4280805587768555,0,0.8743023067170926
s004,s016,7,9,1.981501842172984e-07,2.223721504211426,-2.223721504211426,0,0.8743023067170926
s004,s049,7,44,6.448788433492267e-05,1.7179138660430908,-1.7179138660430908,0,0.8743023067170926
s004,s015,2,4,4.90579259200061e-09,2.5470917224884033,-2.5470917224884033,0,0.8743023067170926
s004,s056,5,2,0.005738459872187772,1.3249884843826294,-1.3249884843826294,0,0.8743023067170926
s004,s048,2,42,0.12857861298036857,1.0416074991226196,-1.0416074991226196,0,0.8743023067170926
s004,s010,6,21,1.2316072173800598e-07,2.2652976512908936,-2.2652976512908936,0,0.8743023067170926
s004,s050,4,11,0.48554750995218054,0.8793580532073975,-0.8793580532073975,0,0.8743023067170926
s004,s016,6,27,1.35478906394297e-40,8.900376319885254,-8.900376319885254,0,0.8743023067170926
s004,s039,6,3,0.005764024878758851,1.3245975971221924,-1.3245975971221924,0,0.8743023067170926
s004,s021,1,21,4.880200781955442e-09,2.54754900932312,-2.54754900932312,0,0.8743023067170926
s004,s003,2,38,1.0454385462890547e-16,4.091465950012207,-4.091465950012207,0,0.8743023067170926
s004,s028,6,27,3.051244758331721e-14,3.595187187194824,-3.595187187194824,0,0.8743023067170926
s004,s025,1,50,0.00029836311489747056,1.5839648246765137,-1.5839648246765137,0,0.8743023067170926
s004,s010,7,31,7.2735370564398384e-06,1.9087121486663818,-1.9087121486663818,0,0.8743023067170926
s004,s042,2,1,2.348861262308808e-44,9.657526969909668,-9.657526969909668,0,0.8743023067170926
s004,s051,1,50,0.0013191699867555432,1.4539151191711426,-1.4539151191711426,0,0.8743023067170926
s004,s032,7,31,0.4734961049554253,0.8835799694061279,-0.8835799694061279,0,0.8743023067170926
s004,s012,2,4,7.469140247365244e-06,1.906391978263855,-1.906391978263855,0,0.8743023067170926
s004,s050,2,39,0.8884136607537996,0.6929161548614502,-0.6929161548614502,0,0.8743023067170926
s004,s041,7,29,3.1914755341660523e-10,2.785996437072754,-2.785996437072754,0,0.8743023067170926
s004,s005,8,34,2.2512828450325445e-05,1.8099284172058105,-1.8099284172058105,0,0.8743023067170926
s004,s046,8,41,0.9973937175067916,0.3543354272842407,-0.3543354272842407,0,0.8743023067170926
s004,s054,4,2,5.477089168580439e-07,2.134829521179199,-2.134829521179199,0,0.8743023067170926
s004,s034,7,49,0.010801487580786296,1.2692431211471558,-1.2692431211471558,0,0.8743023067170926
s004,s029,7,7,7.01732249524547e-09,2.5157947540283203,-2.5157947540283203,0,0.8743023067170926
s004,s027,7,49,0.999268235110483,0.24311555922031403,-0.24311555922031403,0,0.8743023067170926
s004,s039,5,15,0.0178592077213671,1.2246540784835815,-1.2246540784835815,0,0.8743023067170926
s004,s013,2,39,3.3927409107284165e-10,2.7806496620178223,-2.7806496620178223,0,0.8743023067170926
s004,s049,6,2,6.682430910375864e-49,10.572691917419434,-10.572691917419434,0,0.8743023067170926
s004,s002,8,50,4.4785857846604354e-08,2.3537418842315674,-2.3537418842315674,0,0.8743023067170926
s004,s053,4,40,5.139710281180565e-06,1.9390721321105957,-1.9390721321105957,0,0.8743023067170926
s004,s003,8,41,4.2736116791747566e-17,4.169677734375,-4.169677734375,0,0.8743023067170926
s004,s033,1,49,9.253512151858907e-55,11.752124786376953,-11.752124786376953,0,0.8743023067170926
s004,s016,3,7,1.1212345031334865e-45,9.923497200012207,-9.923497200012207,0,0.8743023067170926
s004,s043,6,8,7.579817787143501e-29,6.535364151000977,-6.535364151000977,0,0.8743023067170926
s004,s046,4,25,0.003153377590101936,1.3775614500045776,-1.3775614500045776,0,0.8743023067170926
s004,s047,6,24,0.016858745993016313,1.2297834157943726,-1.2297834157943726,0,0.8743023067170926
s004,s054,7,16,0.1451583640411833,1.0293240547180176,-1.0293240547180176,0,0.8743023067170926
s004,s010,4,42,1.3540471770803553e-06,2.0556955337524414,-2.0556955337524414,0,0.8743023067170926
s004,s028,5,44,3.1579116255192907e-15,3.7934985160827637,-3.7934985160827637,0,0.8743023067170926
s004,s043,3,35,9.323518035045397e-18,4.302790641784668,-4.302790641784668,0,0.8743023067170926
s004,s010,3,22,1.283557035303161e-13,3.469578742980957,-3.469578742980957,0,0.8743023067170926
s004,s010,3,31,1.9416154298979393e-12,3.232077121734619,-3.232077121734619,0,0.8743023067170926
s004,s022,4,2,3.222899658579303e-172,35.398258209228516,-35.398258209228516,0,0.8743023067170926
s004,s028,2,5,3.1360899734416775e-27,6.209891319274902,-6.209891319274902,0,0.8743023067170926
s004,s037,2,1,3.1840150788748217e-43,9.429614067077637,-9.429614067077637,0,0.8743023067170926
s004,s050,8,48,0.915734142007589,0.6657156944274902,-0.6657156944274902,0,0.8743023067170926
s004,s015,7,10,1.9725753185711465e-09,2.6267473697662354,-2.6267473697662354,0,0.8743023067170926
s004,s012,5,18,3.665831804610447e-05,1.7673001289367676,-1.7673001289367676,0,0.8743023067170926
s004,s033,7,44,8.691877720121135e-33,7.328657150268555,-7.328657150268555,0,0.8743023067170926
s004,s030,7,46,9.435314870136791e-23,5.308326244354248,-5.308326244354248,0,0.8743023067170926
s004,s051,6,3,1.6531493157494845e-14,3.648770332336426,-3.648770332336426,0,0.8743023067170926
s004,s040,4,11,0.01160560495166639,1.2628941535949707,-1.2628941535949707,0,0.8743023067170926
s004,s008,6,8,0.67423359901705,0.8107059001922607,-0.8107059001922607,0,0.8743023067170926
s004,s008,7,4,1.0058554096776961e-05,1.880368709564209,-1.880368709564209,0,0.8743023067170926
s004,s015,6,21,2.419923255090057e-12,3.2128236293792725,-3.2128236293792725,0,0.8743023067170926
s004,s037,5,6,0.7245920665911811,0.789726197719574,-0.789726197719574,0,0.8743023067170926
s004,s002,4,25,0.29005911094010633,0.9525608420372009,-0.9525608420372009,0,0.8743023067170926
s004,s022,4,17,7.5403123681601e-92,19.218700408935547,-19.218700408935547,0,0.8743023067170926
s004,s057,4,38,0.6465038836923147,0.8215200901031494,-0.8215200901031494,0,0.8743023067170926
s004,s030,4,25,3.4832766844782596e-19,4.590187072753906,-4.590187072753906,0,0.8743023067170926
s004,s053,8,34,0.09017353565271033,1.0763988494873047,-1.0763988494873047,0,0.8743023067170926
s004,s016,8,34,0.29961252867049853,0.948543131351471,-0.948543131351471,0,0.8743023067170926
s004,s005,1,14,1.3185875705192765e-08,2.460646867752075,-2.460646867752075,0,0.8743023067170926
s004,s027,7,44,0.9989989410966891,0.27053576707839966,-0.27053576707839966,0,0.8743023067170926
s004,s053,2,1,0.0008960240141800139,1.487769365310669,-1.487769365310669,0,0.8743023067170926
s004,s007,3,3,0.9957057267747309,0.3981424570083618,-0.3981424570083618,0,0.8743023067170926
s004,s057,1,22,7.643311581962307e-14,3.514901638031006,-3.514901638031006,0,0.8743023067170926
s004,s019,3,31,2.1480594128154532e-05,1.8140320777893066,-1.8140320777893066,0,0.8743023067170926
s004,s035,2,3,0.0004758866897697096,1.543130874633789,-1.543130874633789,0,0.8743023067170926
s004,s022,7,4,3.8201455603910944e-47,10.218951225280762,-10.218951225280762,0,0.8743023067170926
s004,s011,3,3,0.00029278167512099615,1.5856163501739502,-1.5856163501739502,0,0.8743023067170926
s004,s044,3,6,8.222453992238237e-20,4.716409206390381,-4.716409206390381,0,0.8743023067170926
s004,s032,7,16,0.9385506040433175,0.6359567642211914,-0.6359567642211914,0,0.8743023067170926
s005,s005,5,13,0.9991076037929186,0.413999080657959,-0.413999080657959,1,1.389588594436645
s005,s005,6,46,0.9407130534174928,1.0054717063903809,-1.0054717063903809,1,1.389588594436645
s005,s005,8,15,0.9955008035023482,0.6393014788627625,-0.6393014788627625,1,1.389588594436645
s005,s005,6,2,0.9997412985588134,0.2418471723794937,-0.2418471723794937,1,1.389588594436645
s005,s005,8,41,0.9992551255178022,0.3888694643974304,-0.3888694643974304,1,1.389588594436645
s005,s005,8,16,0.9991045129276099,0.41447997093200684,-0.41447997093200684,1,1.389588594436645
s005,s005,7,4,0.999675019222269,0.27355170249938965,-0.27355170249938965,1,1.389588594436645
s005,s005,6,20,0.9999053473029845,0.10210675746202469,-0.10210675746202469,1,1.389588594436645
s005,s005,5,2,0.9863406949499115,0.7949029207229614,-0.7949029207229614,1,1.389588594436645
s005,s005,4,12,0.9989572884881548,0.43565165996551514,-0.43565165996551514,1,1.389588594436645
s005,s005,1,44,0.997257951109992,0.5702449083328247,-0.5702449083328247,1,1.389588594436645
s005,s005,5,18,0.967532363742519,0.9178920388221741,-0.9178920388221741,1,1.389588594436645
s005,s005,4,41,0.9999135779457738,0.08946432173252106,-0.08946432173252106,1,1.389588594436645
s005,s005,7,10,0.9997237511744128,0.2509691119194031,-0.2509691119194031,1,1.389588594436645
s005,s005,6,10,0.9998565465767429,0.15989208221435547,-0.15989208221435547,1,1.389588594436645
s005,s005,3,6,0.9988135483121325,0.4536171555519104,-0.4536171555519104,1,1.389588594436645
s005,s005,2,4,0.9981856652860385,0.5127275586128235,-0.5127275586128235,1,1.389588594436645
s005,s005,1,2,1.4298319673540933e-10,4.539548873901367,-4.539548873901367,1,1.389588594436645
s005,s005,1,50,0.9998198262414993,0.19156748056411743,-0.19156748056411743,1,1.389588594436645
s005,s005,2,31,0.9998376612241667,0.177080437541008,-0.177080437541008,1,1.389588594436645
s005,s005,5,6,0.9063294503658366,1.074204921722412,-1.074204921722412,1,1.389588594436645
s005,s005,1,35,0.9999298144640986,0.060544636100530624,-0.060544636100530624,1,1.389588594436645
s005,s005,6,14,0.9998267705011404,0.18610481917858124,-0.18610481917858124,1,1.389588594436645
s005,s005,2,42,0.9937665560433713,0.6848485469818115,-0.6848485469818115,1,1.389588594436645
s005,s005,7,40,0.9981325060122533,0.5167478919029236,-0.5167478919029236,1,1.389588594436645
s005,s005,2,3,0.9966819193342724,0.5968220233917236,-0.5968220233917236,1,1.389588594436645
s005,s005,7,46,0.6427452406069634,1.3079781532287598,-1.3079781532287598,1,1.389588594436645
s005,s005,6,15,0.9972945382302004,0.5683732032775879,-0.5683732032775879,1,1.389588594436645
s005,s005,5,42,0.9998498873577467,0.16619834303855896,-0.16619834303855896,1,1.389588594436645
s005,s005,1,14,0.9980355820654426,0.5237925052642822,-0.5237925052642822,1,1.389588594436645
s005,s005,7,16,0.9807397492760177,0.8434436321258545,-0.8434436321258545,1,1.389588594436645
s005,s005,2,39,0.992362761060305,0.713268518447876,-0.713268518447876,1,1.389588594436645
s005,s005,6,24,0.9998160355549569,0.19446124136447906,-0.19446124136447906,1,1.389588594436645
s005,s005,4,17,0.9992482861342233,0.39014050364494324,-0.39014050364494324,1,1.389588594436645
s005,s005,7,29,0.9991891240505602,0.4006761610507965,-0.4006761610507965,1,1.389588594436645
s005,s005,8,44,0.9966922104073623,0.5963889360427856,-0.5963889360427856,1,1.389588594436645
s005,s005,3,35,0.9995696953439781,0.31257590651512146,-0.31257590651512146,1,1.389588594436645
s005,s005,7,7,0.9986414041174462,0.47246789932250977,-0.47246789932250977,1,1.389588594436645
s005,s005,8,34,0.7590627824332774,1.2301266193389893,-1.2301266193389893,1,1.389588594436645
s005,s005,7,20,0.9994016518412501,0.35841113328933716,-0.35841113328933716,1,1.389588594436645
s005,s005,5,44,0.9993935336951028,0.3602849245071411,-0.3602849245071411,1,1.389588594436645
s005,s005,2,5,0.9975220306251583,0.5561363101005554,-0.5561363101005554,1,1.389588594436645
s005,s005,2,1,0.00016204991092027453,2.602344274520874,-2.602344274520874,1,1.389588594436645
s005,s005,4,25,0.9990398543864986,0.42417678236961365,-0.42417678236961365,1,1.389588594436645
s005,s005,4,40,0.8891404069461603,1.1002775430679321,-1.1002775430679321,1,1.389588594436645
s005,s005,8,48,0.9875643001747185,0.7816894054412842,-0.7816894054412842,1,1.389588594436645
s005,s005,4,38,0.9990775203938494,0.41861045360565186,-0.41861045360565186,1,1.389588594436645
s005,s005,4,20,0.9738469049838913,0.8869345784187317,-0.8869345784187317,1,1.389588594436645
s005,s005,2,9,0.9997803216600755,0.2191205471754074,-0.2191205471754074,1,1.389588594436645
s005,s005,1,49,0.416126527549807,1.4366532564163208,-1.4366532564163208,1,1.389588594436645
s005,s005,7,45,0.9601065655091289,0.9475837349891663,-0.9475837349891663,1,1.389588594436645
s005,s005,5,36,0.9855113694224664,0.8032104969024658,-0.8032104969024658,1,1.389588594436645
s005,s005,6,3,0.9968172721225552,0.5910158157348633,-0.5910158157348633,1,1.389588594436645
s005,s005,1,22,0.9997076545692904,0.2588411569595337,-0.2588411569595337,1,1.389588594436645
s005,s005,7,14,0.9997057195759429,0.2597581446170807,-0.2597581446170807,1,1.389588594436645
s005,s005,4,11,0.9998551720392578,0.16121740639209747,-0.16121740639209747,1,1.389588594436645
s005,s005,6,27,0.9998917520197733,0.12075836211442947,-0.12075836211442947,1,1.389588594436645
s005,s005,4,42,0.997966268722198,0.528620719909668,-0.528620719909668,1,1.389588594436645
s005,s005,6,44,0.9998410920785834,0.1741117388010025,-0.1741117388010025,1,1.389588594436645
s005,s005,7,44,0.9907054499043121,0.7407912015914917,-0.7407912015914917,1,1.389588594436645
s005,s005,6,8,0.9999294399853538,0.061284139752388,-0.061284139752388,1,1.389588594436645
s005,s005,7,9,0.47631509044772596,1.4027633666992188,-1.4027633666992188,1,1.389588594436645
s005,s005,3,50,0.766124020152232,1.2247065305709839,-1.2247065305709839,1,1.389588594436645
s005,s005,3,31,0.9992844843375845,0.3832775354385376,-0.3832775354385376,1,1.389588594436645
s005,s005,4,2,0.04982370128755884,1.7992610931396484,-1.7992610931396484,1,1.389588594436645
s005,s005,8,10,0.9991247749135227,0.4112968444824219,-0.4112968444824219,1,1.389588594436645
s005,s005,2,50,0.99971414487306,0.25572049617767334,-0.25572049617767334,1,1.389588594436645
s005,s005,8,23,0.999647679051074,0.2847801148891449,-0.2847801148891449,1,1.389588594436645
s005,s005,2,38,0.934728118605017,1.019722580909729,-1.019722580909729,1,1.389588594436645
s005,s005,7,31,0.8216081711774615,1.1773593425750732,-1.1773593425750732,1,1.389588594436645
s005,s005,5,15,0.999532813034033,0.3240084648132324,-0.3240084648132324,1,1.389588594436645
s005,s005,3,22,0.9998997576198255,0.1100805327296257,-0.1100805327296257,1,1.389588594436645
s005,s005,8,50,0.9792203337557163,0.8542104363441467,-0.8542104363441467,1,1.389588594436645
s005,s005,1,21,0.9977063609388612,0.5453691482543945,-0.5453691482543945,1,1.389588594436645
s005,s005,4,39,0.9987833060571902,0.4571189880371094,-0.4571189880371094,1,1.389588594436645
s005,s005,2,22,0.9998539489748633,0.16238614916801453,-0.16238614916801453,1,1.389588594436645
s005,s005,3,7,0.9997776019631293,0.22083072364330292,-0.22083072364330292,1,1.389588594436645
s005,s005,6,21,0.9997349417000908,0.2452213019132614,-0.2452213019132614,1,1.389588594436645
s005,s005,7,49,0.9925460479296043,0.7098672986030579,-0.7098672986030579,1,1.389588594436645
s005,s005,3,3,0.9997434705442153,0.24067528545856476,-0.24067528545856476,1,1.389588594436645
s005,s021,6,2,0.009195113278373628,2.0398945808410645,-2.0398945808410645,0,1.389588594436645
s005,s042,6,15,0.08975586929245358,1.7115033864974976,-1.7115033864974976,0,1.389588594436645
s005,s036,8,16,5.235512569733134e-44,15.23798942565918,-15.23798942565918,0,1.389588594436645
s005,s056,3,7,6.792936129385637e-07,3.363111734390259,-3.363111734390259,0,1.389588594436645
s005,s055,7,9,4.77108145857314e-13,5.331995010375977,-5.331995010375977,0,1.389588594436645
s005,s033,7,10,0.01547220029627132,1.9667010307312012,-1.9667010307312012,0,1.389588594436645
s005,s016,7,9,0.051671976376835294,1.7939289808273315,-1.7939289808273315,0,1.389588594436645
s005,s049,7,44,0.8637551944994181,1.1329543590545654,-1.1329543590545654,0,1.389588594436645
s005,s015,2,4,7.148567272716641e-17,6.555666923522949,-6.555666923522949,0,1.389588594436645
s005,s056,5,2,1.6522165473662504e-09,4.199496269226074,-4.199496269226074,0,1.389588594436645
s005,s048,2,42,0.0030150933495729348,2.1957035064697266,-2.1957035064697266,0,1.389588594436645
s005,s010,6,21,1.1337607801563359e-13,5.531683444976807,-5.531683444976807,0,1.389588594436645
s005,s050,4,11,0.04494211979662479,1.8143019676208496,-1.8143019676208496,0,1.389588594436645
s005,s016,6,27,4.508784806710874e-05,2.7801294326782227,-2.7801294326782227,0,1.389588594436645
s005,s039,6,3,0.007245112108636605,2.0732879638671875,-2.0732879638671875,0,1.389588594436645
s005,s021,1,21,0.19255685735691372,1.5887835025787354,-1.5887835025787354,0,1.389588594436645
s005,s003,2,38,3.900540783293234e-12,5.040024757385254,-5.040024757385254,0,1.389588594436645
s005,s028,6,27,5.863268276954408e-21,7.863067626953125,-7.863067626953125,0,1.389588594436645
s005,s025,1,50,4.990829039589604e-06,3.085984945297241,-3.085984945297241,0,1.389588594436645
s005,s010,7,31,2.4276256027267614e-10,4.46599006652832,-4.46599006652832,0,1.389588594436645
s005,s042,2,1,3.702167425117617e-05,2.807520627975464,-2.807520627975464,0,1.389588594436645
s005,s051,1,50,7.012383853955385e-05,2.718754768371582,-2.718754768371582,0,1.389588594436645
s005,s032,7,31,3.424090020079211e-05,2.818371295928955,-2.818371295928955,0,1.389588594436645
s005,s012,2,4,7.295346125025294e-05,2.713257312774658,-2.713257312774658,0,1.389588594436645
s005,s050,2,39,0.6809601871985255,1.2842316627502441,-1.2842316627502441,0,1.389588594436645
s005,s041,7,29,9.64416253010435e-13,5.234198570251465,-5.234198570251465,0,1.389588594436645
s005,s004,8,34,0.13389415410123276,1.6490188837051392,-1.6490188837051392,0,1.389588594436645
s005,s046,8,41,0.6464655260356746,1.3057215213775635,-1.3057215213775635,0,1.389588594436645
s005,s054,4,2,1.8296225726630768e-06,3.2254295349121094,-3.2254295349121094,0,1.389588594436645
s005,s034,7,49,7.4964791679823e-11,4.629275798797607,-4.629275798797607,0,1.389588594436645
s005,s029,7,7,1.6864557445934412e-15,6.116433620452881,-6.116433620452881,0,1.389588594436645
s005,s027,7,49,0.0057925720961068536,2.104583263397217,-2.104583263397217,0,1.389588594436645
s005,s039,5,15,4.458998360397593e-06,3.101642608642578,-3.101642608642578,0,1.389588594436645
s005,s013,2,39,1.6370219346404865e-18,7.080461502075195,-7.080461502075195,0,1.389588594436645
s005,s049,6,2,0.00014455496715547623,2.6182219982147217,-2.6182219982147217,0,1.389588594436645
s005,s002,8,50,0.003864721417057234,2.1610872745513916,-2.1610872745513916,0,1.389588594436645
s005,s053,4,40,1.3656376725024873e-14,5.8257904052734375,-5.8257904052734375,0,1.389588594436645
s005,s003,8,41,1.1278757124033943e-19,7.4521942138671875,-7.4521942138671875,0,1.389588594436645
s005,s033,1,49,3.148383464259975e-06,3.150005340576172,-3.150005340576172,0,1.389588594436645
s005,s016,3,7,2.1907182203125366e-15,6.080081939697266,-6.080081939697266,0,1.389588594436645
s005,s043,6,8,3.277152224647214e-18,6.984010696411133,-6.984010696411133,0,1.389588594436645
s005,s046,4,25,0.7498717915720315,1.2370216846466064,-1.2370216846466064,0,1.389588594436645
s005,s047,6,24,0.9858285909370192,0.8000895380973816,-0.8000895380973816,0,1.389588594436645
s005,s054,7,16,2.0062730816393678e-09,4.172515869140625,-4.172515869140625,0,1.389588594436645
s005,s010,4,42,6.227019614047738e-10,4.335093021392822,-4.335093021392822,0,1.389588594436645
s005,s028,5,44,6.104699436930768e-19,7.217531204223633,-7.217531204223633,0,1.389588594436645
s005,s043,3,35,1.7196936797230868e-09,4.193933963775635,-4.193933963775635,0,1.389588594436645
s005,s010,3,22,2.7732788943348386e-19,7.327173709869385,-7.327173709869385,0,1.389588594436645
s005,s010,3,31,6.932058387142373e-18,6.8799052238464355,-6.8799052238464355,0,1.389588594436645
s005,s022,4,2,2.6307692815317406e-43,15.013654708862305,-15.013654708862305,0,1.389588594436645
s005,s028,2,5,3.007421143493426e-27,9.875627517700195,-9.875627517700195,0,1.389588594436645
s005,s037,2,1,1.007389968659554e-18,7.147928237915039,-7.147928237915039,0,1.389588594436645
s005,s050,8,48,0.0014193744562925306,2.30061936378479,-2.30061936378479,0,1.389588594436645
s005,s015,7,10,9.846527287620126e-17,6.511171340942383,-6.511171340942383,0,1.389588594436645
s005,s012,5,18,3.890126685829428e-08,3.76053786277771,-3.76053786277771,0,1.389588594436645
s005,s033,7,44,9.142204582237605e-07,3.32183837890625,-3.32183837890625,0,1.389588594436645
s005,s030,7,46,7.490083998210268e-05,2.7095963954925537,-2.7095963954925537,0,1.389588594436645
s005,s051,6,3,1.3234378819626866e-21,8.069904327392578,-8.069904327392578,0,1.389588594436645
s005,s040,4,11,0.00046058091851267373,2.457148551940918,-2.457148551940918,0,1.389588594436645
s005,s008,6,8,5.713310206853378e-07,3.3871634006500244,-3.3871634006500244,0,1.389588594436645
s005,s008,7,4,3.143593531733608e-12,5.070004940032959,-5.070004940032959,0,1.389588594436645
s005,s015,6,21,3.5870332892154073e-20,7.611384868621826,-7.611384868621826,0,1.389588594436645
s005,s037,5,6,0.0017155134328500953,2.2742459774017334,-2.2742459774017334,0,1.389588594436645
s005,s002,4,25,9.80682991715161e-07,3.312086582183838,-3.312086582183838,0,1.389588594436645
s005,s022,4,17,2.1181843742946725e-45,15.683698654174805,-15.683698654174805,0,1.389588594436645
s005,s057,4,38,1.049476794295038e-06,3.3026654720306396,-3.3026654720306396,0,1.389588594436645
s005,s030,4,25,0.051572815771921146,1.794210433959961,-1.794210433959961,0,1.389588594436645
s005,s053,8,34,4.4367586711166554e-10,4.382196426391602,-4.382196426391602,0,1.389588594436645
s005,s016,8,34,0.6180050564219051,1.3227369785308838,-1.3227369785308838,0,1.389588594436645
s005,s004,1,14,0.138613217802578,1.643446445465088,-1.643446445465088,0,1.389588594436645
s005,s027,7,44,0.04635588724316282,1.809792160987854,-1.809792160987854,0,1.389588594436645
s005,s053,2,1,1.7073288566645136e-08,3.874972105026245,-3.874972105026245,0,1.389588594436645
s005,s007,3,3,0.00048633616797881367,2.4495840072631836,-2.4495840072631836,0,1.389588594436645
s005,s057,1,22,1.591312727836002e-11,4.844644546508789,-4.844644546508789,0,1.389588594436645
s005,s019,3,31,0.16986209458408735,1.6100614070892334,-1.6100614070892334,0,1.389588594436645
s005,s035,2,3,2.0139685035759968e-07,3.5320546627044678,-3.5320546627044678,0,1.389588594436645
s005,s022,7,4,3.095234387099554e-25,9.231698989868164,-9.231698989868164,0,1.389588594436645
s005,s011,3,3,2.0736031878079825e-10,4.487893581390381,-4.487893581390381,0,1.389588594436645
s005,s044,3,6,1.0473282349165886e-16,6.502596378326416,-6.502596378326416,0,1.389588594436645
s005,s032,7,16,0.00022018569069850438,2.5597360134124756,-2.5597360134124756,0,1.389588594436645
s007,s007,5,13,0.9876719106179231,0.4186856150627136,-0.4186856150627136,1,0.7454524972944548
s007,s007,6,46,0.9985570417690188,0.2579551935195923,-0.2579551935195923,1,0.7454524972944548
s007,s007,8,15,0.9993636454323787,0.19686520099639893,-0.19686520099639893,1,0.7454524972944548
s007,s007,6,2,0.9990032702331704,0.2303423136472702,-0.2303423136472702,1,0.7454524972944548
s007,s007,8,41,0.5413989514088097,0.7330797910690308,-0.7330797910690308,1,0.7454524972944548
s007,s007,8,16,0.9867291140531285,0.42425021529197693,-0.42425021529197693,1,0.7454524972944548
s007,s007,7,4,0.9997844750861848,0.1161252111196518,-0.1161252111196518,1,0.7454524972944548
s007,s007,6,20,0.998290600355068,0.27060654759407043,-0.27060654759407043,1,0.7454524972944548
s007,s007,5,2,0.9998096687196155,0.1068565845489502,-0.1068565845489502,1,0.7454524972944548
s007,s007,4,12,0.9933710504852887,0.37200629711151123,-0.37200629711151123,1,0.7454524972944548
s007,s007,1,44,4.153024946734661e-08,2.012486457824707,-2.012486457824707,1,0.7454524972944548
s007,s007,5,18,0.9989748988055791,0.23243668675422668,-0.23243668675422668,1,0.7454524972944548
s007,s007,4,41,0.8845189832145285,0.5936830043792725,-0.5936830043792725,1,0.7454524972944548
s007,s007,7,10,0.9894085148097117,0.4072364568710327,-0.4072364568710327,1,0.7454524972944548
s007,s007,6,10,0.9985413532986647,0.2587624788284302,-0.2587624788284302,1,0.7454524972944548
s007,s007,3,6,0.9828855922196548,0.4435015916824341,-0.4435015916824341,1,0.7454524972944548
s007,s007,2,4,0.0037809922186678507,1.1609662771224976,-1.1609662771224976,1,0.7454524972944548
s007,s007,1,2,1.453049573022582e-20,4.150533199310303,-4.150533199310303,1,0.7454524972944548
s007,s007,1,50,0.8784569244722973,0.5980095863342285,-0.5980095863342285,1,0.7454524972944548
s007,s007,2,31,0.9985618167679549,0.25770774483680725,-0.25770774483680725,1,0.7454524972944548
s007,s007,5,6,0.9995495948009075,0.17108787596225739,-0.17108787596225739,1,0.7454524972944548
s007,s007,1,35,0.998743914193162,0.2476021945476532,-0.2476021945476532,1,0.7454524972944548
s007,s007,6,14,0.9848269942146821,0.43437904119491577,-0.43437904119491577,1,0.7454524972944548
s007,s007,2,42,0.9968706280544034,0.31578943133354187,-0.31578943133354187,1,0.7454524972944548
s007,s007,7,40,0.9307479738154608,0.5517663359642029,-0.5517663359642029,1,0.7454524972944548
s007,s007,2,3,0.681503464809099,0.6887466907501221,-0.6887466907501221,1,0.7454524972944548
s007,s007,7,46,0.9706855036165929,0.4845500588417053,-0.4845500588417053,1,0.7454524972944548
s007,s007,6,15,0.058142714444096355,0.9530575275421143,-0.9530575275421143,1,0.7454524972944548
s007,s007,5,42,0.17352528100681214,0.8618061542510986,-0.8618061542510986,1,0.7454524972944548
s007,s007,1,14,0.06793857414168723,0.9406712055206299,-0.9406712055206299,1,0.7454524972944548
s007,s007,7,16,0.7442350769232757,0.6658308506011963,-0.6658308506011963,1,0.7454524972944548
s007,s007,2,39,0.9987567269646036,0.24683693051338196,-0.24683693051338196,1,0.7454524972944548
s007,s007,6,24,4.778551015658618e-07,1.830380916595459,-1.830380916595459,1,0.7454524972944548
s007,s007,4,17,0.9947525859181032,0.35448065400123596,-0.35448065400123596,1,0.7454524972944548
s007,s007,7,29,0.07250027479336159,0.9354610443115234,-0.9354610443115234,1,0.7454524972944548
s007,s007,8,44,0.392394607231964,0.7780479788780212,-0.7780479788780212,1,0.7454524972944548
s007,s007,3,35,0.9658614932571988,0.49627795815467834,-0.49627795815467834,1,0.7454524972944548
s007,s007,7,7,0.9987869421261542,0.24500063061714172,-0.24500063061714172,1,0.7454524972944548
s007,s007,8,34,0.9982688945561938,0.2715487778186798,-0.2715487778186798,1,0.7454524972944548
s007,s007,7,20,0.9359444044229157,0.5455366969108582,-0.5455366969108582,1,0.7454524972944548
s007,s007,5,44,0.9348262611030884,0.5469158291816711,-0.5469158291816711,1,0.7454524972944548
s007,s007,2,5,0.03879968591990524,0.9847256541252136,-0.9847256541252136,1,0.7454524972944548
s007,s007,2,1,3.1211590247243095e-10,2.37707257270813,-2.37707257270813,1,0.7454524972944548
s007,s007,4,25,0.9339347066892495,0.5479997992515564,-0.5479997992515564,1,0.7454524972944548
s007,s007,4,40,0.9369113679730761,0.5443258285522461,-0.5443258285522461,1,0.7454524972944548
s007,s007,8,48,0.9791293507910684,0.45857852697372437,-0.45857852697372437,1,0.7454524972944548
s007,s007,4,38,0.8461471138425853,0.6183754801750183,-0.6183754801750183,1,0.7454524972944548
s007,s007,4,20,0.5279379771901423,0.7371132373809814,-0.7371132373809814,1,0.7454524972944548
s007,s007,2,9,0.0868516852520569,0.9208348393440247,-0.9208348393440247,1,0.7454524972944548
s007,s007,1,49,0.8532735261883063,0.6142148375511169,-0.6142148375511169,1,0.7454524972944548
s007,s007,7,45,0.9255118791110916,0.5576202869415283,-0.5576202869415283,1,0.7454524972944548
s007,s007,5,36,0.9980548972958524,0.2802533507347107,-0.2802533507347107,1,0.7454524972944548
s007,s007,6,3,0.9998660763494638,0.08065000176429749,-0.08065000176429749,1,0.7454524972944548
s007,s007,1,22,0.006578307652431431,1.119474172592163,-1.119474172592163,1,0.7454524972944548
s007,s007,7,14,0.9965358487355678,0.3233909010887146,-0.3233909010887146,1,0.7454524972944548
s007,s007,4,11,0.9976008549606733,0.29592669010162354,-0.29592669010162354,1,0.7454524972944548
s007,s007,6,27,0.994670160947261,0.3556486666202545,-0.3556486666202545,1,0.7454524972944548
s007,s007,4,42,0.9711041498777586,0.4834456443786621,-0.4834456443786621,1,0.7454524972944548
s007,s007,6,44,0.9995374809969156,0.17306721210479736,-0.17306721210479736,1,0.7454524972944548
s007,s007,7,44,0.9981867281171861,0.2750117778778076,-0.2750117778778076,1,0.7454524972944548
s007,s007,6,8,0.9763353178473428,0.46815741062164307,-0.46815741062164307,1,0.7454524972944548
s007,s007,7,9,0.9998379557701911,0.09486038237810135,-0.09486038237810135,1,0.7454524972944548
s007,s007,3,50,0.9922461359747408,0.38377535343170166,-0.38377535343170166,1,0.7454524972944548
s007,s007,3,31,0.9986920045936623,0.25062480568885803,-0.25062480568885803,1,0.7454524972944548
s007,s007,4,2,0.007328849323467968,1.1113638877868652,-1.1113638877868652,1,0.7454524972944548
s007,s007,8,10,0.9973587036392145,0.30311286449432373,-0.30311286449432373,1,0.7454524972944548
s007,s007,2,50,0.004311193401015581,1.1511441469192505,-1.1511441469192505,1,0.7454524972944548
s007,s007,8,23,0.9919987641641097,0.3861350119113922,-0.3861350119113922,1,0.7454524972944548
s007,s007,2,38,0.078502868778001,0.9290473461151123,-0.9290473461151123,1,0.7454524972944548
s007,s007,7,31,0.9902362653151874,0.4011079668998718,-0.4011079668998718,1,0.7454524972944548
s007,s007,5,15,0.9815512013498758,0.4491996169090271,-0.4491996169090271,1,0.7454524972944548
s007,s007,3,22,0.9938293868375088,0.366630882024765,-0.366630882024765,1,0.7454524972944548
s007,s007,8,50,0.9990929802173252,0.2233048528432846,-0.2233048528432846,1,0.7454524972944548
s007,s007,1,21,0.3680497494946505,0.7857511043548584,-0.7857511043548584,1,0.7454524972944548
s007,s007,4,39,0.9928792221901805,0.3773784637451172,-0.3773784637451172,1,0.7454524972944548
s007,s007,2,22,0.9953640118330049,0.34519973397254944,-0.34519973397254944,1,0.7454524972944548
s007,s007,3,7,0.9998725991103393,0.07692738622426987,-0.07692738622426987,1,0.7454524972944548
s007,s007,6,21,0.8676287095953504,0.6052960157394409,-0.6052960157394409,1,0.7454524972944548
s007,s007,7,49,0.9757158320481903,0.4701310396194458,-0.4701310396194458,1,0.7454524972944548
s007,s007,3,3,0.9998080293196563,0.10749604552984238,-0.10749604552984238,1,0.7454524972944548
s007,s021,6,2,7.690877456043227e-09,2.1381986141204834,-2.1381986141204834,0,0.7454524972944548
s007,s042,6,15,0.0002138347403699647,1.3753668069839478,-1.3753668069839478,0,0.7454524972944548
s007,s036,8,16,1.366054572676124e-139,24.58110237121582,-24.58110237121582,0,0.7454524972944548
s007,s056,3,7,0.9995336512965903,0.17368219792842865,-0.17368219792842865,0,0.7454524972944548
s007,s055,7,9,0.8638017001712793,0.6077501773834229,-0.6077501773834229,0,0.7454524972944548
s007,s033,7,10,3.4316874691696715e-39,7.347758769989014,-7.347758769989014,0,0.7454524972944548
s007,s016,7,9,2.0564811487253234e-17,3.609700918197632,-3.609700918197632,0,0.7454524972944548
s007,s049,7,44,9.9137878248491e-07,1.7759785652160645,-1.7759785652160645,0,0.7454524972944548
s007,s015,2,4,0.000504713273105535,1.3113266229629517,-1.3113266229629517,0,0.7454524972944548
s007,s056,5,2,0.2799535105126562,0.8158748149871826,-0.8158748149871826,0,0.7454524972944548
s007,s048,2,42,0.883056652913819,0.5947443842887878,-0.5947443842887878,0,0.7454524972944548
s007,s010,6,21,0.6012968859373985,0.7148239612579346,-0.7148239612579346,0,0.7454524972944548
s007,s050,4,11,0.8165061552434545,0.6341673731803894,-0.6341673731803894,0,0.7454524972944548
s007,s016,6,27,7.5314288132132325e-56,10.207159042358398,-10.207159042358398,0,0.7454524972944548
s007,s039,6,3,0.1870191116256799,0.8549965023994446,-0.8549965023994446,0,0.7454524972944548
s007,s021,1,21,1.8893158899584693e-05,1.556258201599121,-1.556258201599121,0,0.7454524972944548
s007,s003,2,38,1.323057996853649e-50,9.306922912597656,-9.306922912597656,0,0.7454524972944548
s007,s028,6,27,2.569667213600958e-06,1.7049789428710938,-1.7049789428710938,0,0.7454524972944548
s007,s025,1,50,1.1112936807657335e-11,2.6257007122039795,-2.6257007122039795,0,0.7454524972944548
s007,s010,7,31,0.7834333687078284,0.6496031284332275,-0.6496031284332275,0,0.7454524972944548
s007,s042,2,1,3.665556866073512e-46,8.544371604919434,-8.544371604919434,0,0.7454524972944548
s007,s051,1,50,0.3924516088441235,0.7780301570892334,-0.7780301570892334,0,0.7454524972944548
s007,s032,7,31,0.030475180909349312,1.0033711194992065,-1.0033711194992065,0,0.7454524972944548
s007,s012,2,4,2.916523048584299e-17,3.5836551189422607,-3.5836551189422607,0,0.7454524972944548
s007,s050,2,39,0.24029556477006772,0.8312585353851318,-0.8312585353851318,0,0.7454524972944548
s007,s041,7,29,1.9842176246456505e-15,3.269073963165283,-3.269073963165283,0,0.7454524972944548
s007,s004,8,34,0.9012149254687538,0.5806480646133423,-0.5806480646133423,0,0.7454524972944548
s007,s046,8,41,0.948589278336329,0.5281434655189514,-0.5281434655189514,0,0.7454524972944548
s007,s054,4,2,1.9256556075110704e-10,2.4130733013153076,-2.4130733013153076,0,0.7454524972944548
s007,s034,7,49,0.9787778107487032,0.4598504602909088,-0.4598504602909088,0,0.7454524972944548
s007,s029,7,7,0.6142113608473695,0.7107852697372437,-0.7107852697372437,0,0.7454524972944548
s007,s027,7,49,0.935713827189115,0.5458229184150696,-0.5458229184150696,0,0.7454524972944548
s007,s039,5,15,0.9598029766386471,0.5089252591133118,-0.5089252591133118,0,0.7454524972944548
s007,s013,2,39,0.13078251357589013,0.886645495891571,-0.886645495891571,0,0.7454524972944548
s007,s049,6,2,4.2366161485435284e-68,12.309807777404785,-12.309807777404785,0,0.7454524972944548
s007,s002,8,50,1.1993946057028412e-25,5.023068428039551,-5.023068428039551,0,0.7454524972944548
s007,s053,4,40,0.7617727910224424,0.6587993502616882,-0.6587993502616882,0,0.7454524972944548
s007,s003,8,41,3.486077110803423e-27,5.286825180053711,-5.286825180053711,0,0.7454524972944548
s007,s033,1,49,2.1599334965203925e-67,12.18838119506836,-12.18838119506836,0,0.7454524972944548
s007,s016,3,7,1.3308198972678564e-82,14.79918384552002,-14.79918384552002,0,0.7454524972944548
s007,s043,6,8,2.0212207990410087e-19,3.9542837142944336,-3.9542837142944336,0,0.7454524972944548
s007,s046,4,25,0.08734363257676328,0.9203736186027527,-0.9203736186027527,0,0.7454524972944548
s007,s047,6,24,2.9414281810234965e-07,1.8665534257888794,-1.8665534257888794,0,0.7454524972944548
s007,s054,7,16,0.9992980673055613,0.20418161153793335,-0.20418161153793335,0,0.7454524972944548
s007,s010,4,42,0.07923191530543217,0.9282992482185364,-0.9282992482185364,0,0.7454524972944548
s007,s028,5,44,5.728138116587051e-14,3.0183968544006348,-3.0183968544006348,0,0.7454524972944548
s007,s043,3,35,6.954736419434237e-13,2.8322858810424805,-2.8322858810424805,0,0.7454524972944548
s007,s010,3,22,5.040153865532661e-05,1.4831104278564453,-1.4831104278564453,0,0.7454524972944548
s007,s010,3,31,0.0004055693627223034,1.327636957168579,-1.327636957168579,0,0.7454524972944548
s007,s022,4,2,5.788481643742658e-179,31.33933448791504,-31.33933448791504,0,0.7454524972944548
s007,s028,2,5,4.128598511007144e-28,5.44586181640625,-5.44586181640625,0,0.7454524972944548
s007,s037,2,1,3.2721500238725478e-77,13.873885154724121,-13.873885154724121,0,0.7454524972944548
s007,s050,8,48,0.9981081023024815,0.27818191051483154,-0.27818191051483154,0,0.7454524972944548
s007,s015,7,10,0.4563607914889192,0.7584980726242065,-0.7584980726242065,0,0.7454524972944548
s007,s012,5,18,1.868744362166552e-14,3.1018967628479004,-3.1018967628479004,0,0.7454524972944548
s007,s033,7,44,1.3674683853979295e-51,9.47610855102539,-9.47610855102539,0,0.7454524972944548
s007,s030,7,46,1.275504949143433e-44,8.279770851135254,-8.279770851135254,0,0.7454524972944548
s007,s051,6,3,9.011403772045013e-05,1.4397926330566406,-1.4397926330566406,0,0.7454524972944548
s007,s040,4,11,2.175599541068978e-10,2.4039759635925293,-2.4039759635925293,0,0.7454524972944548
s007,s008,6,8,0.9756193264943133,0.4704340696334839,-0.4704340696334839,0,0.7454524972944548
s007,s008,7,4,0.7302280048489345,0.6712218523025513,-0.6712218523025513,0,0.7454524972944548
s007,s015,6,21,0.01664544735032952,1.04951012134552,-1.04951012134552,0,0.7454524972944548
s007,s037,5,6,0.3969150760341411,0.7766374349594116,-0.7766374349594116,0,0.7454524972944548
s007,s002,4,25,0.992485932703184,0.38141554594039917,-0.38141554594039917,0,0.7454524972944548
s007,s022,4,17,3.4200684911696187e-136,23.99774932861328,-23.99774932861328,0,0.7454524972944548
s007,s057,4,38,0.9993804784111996,0.19486550986766815,-0.19486550986766815,0,0.7454524972944548
s007,s030,4,25,1.7292644950827607e-35,6.71226167678833,-6.71226167678833,0,0.7454524972944548
s007,s053,8,34,0.11123409425510081,0.9003722071647644,-0.9003722071647644,0,0.7454524972944548
s007,s016,8,34,5.159660912023459e-08,1.996307611465454,-1.996307611465454,0,0.7454524972944548
s007,s004,1,14,4.52678577734101e-08,2.0060625076293945,-2.0060625076293945,0,0.7454524972944548
s007,s027,7,44,0.3394580368853112,0.7950780391693115,-0.7950780391693115,0,0.7454524972944548
s007,s053,2,1,4.316957070481349e-15,3.211127996444702,-3.211127996444702,0,0.7454524972944548
s007,s005,3,3,2.8867664091332984e-19,3.92771315574646,-3.92771315574646,0,0.7454524972944548
s007,s057,1,22,4.908869044739688e-41,7.664365768432617,-7.664365768432617,0,0.7454524972944548
s007,s019,3,31,0.00043056058360764693,1.3231775760650635,-1.3231775760650635,0,0.7454524972944548
s007,s035,2,3,1.2042768528176503e-05,1.5898290872573853,-1.5898290872573853,0,0.7454524972944548
s007,s022,7,4,1.5689671725901114e-38,7.2344536781311035,-7.2344536781311035,0,0.7454524972944548
s007,s011,3,3,0.6655523536250343,0.6941551566123962,-0.6941551566123962,0,0.7454524972944548
s007,s044,3,6,6.19407000051976e-23,4.5573883056640625,-4.5573883056640625,0,0.7454524972944548
s007,s032,7,16,0.8068623497291685,0.638871431350708,-0.638871431350708,0,0.7454524972944548
s008,s008,5,13,0.8331407062497381,1.0294009447097778,-1.0294009447097778,1,1.2266530968926166
s008,s008,6,46,0.9993890493598097,0.31894412636756897,-0.31894412636756897,1,1.2266530968926166
s008,s008,8,15,0.1879751035159064,1.406139612197876,-1.406139612197876,1,1.2266530968926166
s008,s008,6,2,0.999794168265674,0.1854398101568222,-0.1854398101568222,1,1.2266530968926166
s008,s008,8,41,0.9887443542519122,0.6776564121246338,-0.6776564121246338,1,1.2266530968926166
s008,s008,8,16,0.9987760402312578,0.40425097942352295,-0.40425097942352295,1,1.2266530968926166
s008,s008,7,4,0.9967977009107087,0.5224709510803223,-0.5224709510803223,1,1.2266530968926166
s008,s008,6,20,0.9975916277113197,0.48742374777793884,-0.48742374777793884,1,1.2266530968926166
s008,s008,5,2,0.9193454540293633,0.9281486868858337,-0.9281486868858337,1,1.2266530968926166
s008,s008,4,12,0.9993365991830612,0.329053670167923,-0.329053670167923,1,1.2266530968926166
s008,s008,1,44,3.447778202158536e-13,4.746641635894775,-4.746641635894775,1,1.2266530968926166
s008,s008,5,18,0.9997652156970622,0.20158712565898895,-0.20158712565898895,1,1.2266530968926166
s008,s008,4,41,0.9067969412398718,0.9475725889205933,-0.9475725889205933,1,1.2266530968926166
s008,s008,7,10,0.9978836171948714,0.47153425216674805,-0.47153425216674805,1,1.2266530968926166
s008,s008,6,10,0.9975014661401955,0.4919431507587433,-0.4919431507587433,1,1.2266530968926166
s008,s008,3,6,0.9999178450428045,0.07276245951652527,-0.07276245951652527,1,1.2266530968926166
s008,s008,2,4,0.6392010073718449,1.156501054763794,-1.156501054763794,1,1.2266530968926166
s008,s008,1,2,0.28480285008104755,1.339598536491394,-1.339598536491394,1,1.2266530968926166
s008,s008,1,50,0.5978380396923432,1.1780205965042114,-1.1780205965042114,1,1.2266530968926166
s008,s008,2,31,0.9998950196142383,0.1028386652469635,-0.1028386652469635,1,1.2266530968926166
s008,s008,5,6,0.9882805609083521,0.682667076587677,-0.682667076587677,1,1.2266530968926166
s008,s008,1,35,0.7735078023028722,1.075992465019226,-1.075992465019226,1,1.2266530968926166
s008,s008,6,14,0.9986125297644596,0.41965216398239136,-0.41965216398239136,1,1.2266530968926166
s008,s008,2,42,0.999695212741261,0.23360483348369598,-0.23360483348369598,1,1.2266530968926166
s008,s008,7,40,0.12592644750982343,1.46431303024292,-1.46431303024292,1,1.2266530968926166
s008,s008,2,3,0.9900270096409564,0.6626561880111694,-0.6626561880111694,1,1.2266530968926166
s008,s008,7,46,0.740935585944978,1.0977518558502197,-1.0977518558502197,1,1.2266530968926166
s008,s008,6,15,0.9992176590406141,0.3492971658706665,-0.3492971658706665,1,1.2266530968926166
s008,s008,5,42,0.9997686908495773,0.19975750148296356,-0.19975750148296356,1,1.2266530968926166
s008,s008,1,14,0.8027765266609308,1.0544630289077759,-1.0544630289077759,1,1.2266530968926166
s008,s008,7,16,0.9982008379656249,0.45157596468925476,-0.45157596468925476,1,1.2266530968926166
s008,s008,2,39,0.9905065105229806,0.6565525531768799,-0.6565525531768799,1,1.2266530968926166
s008,s008,6,24,0.9998406897253123,0.15400660037994385,-0.15400660037994385,1,1.2266530968926166
s008,s008,4,17,0.9977354411513623,0.47985342144966125,-0.47985342144966125,1,1.2266530968926166
s008,s008,7,29,0.9965585094701508,0.5313366651535034,-0.5313366651535034,1,1.2266530968926166
s008,s008,8,44,0.9972130827454838,0.5053775906562805,-0.5053775906562805,1,1.2266530968926166
s008,s008,3,35,0.9995869209910208,0.27091142535209656,-0.27091142535209656,1,1.2266530968926166
s008,s008,7,7,0.999817879083305,0.17042411863803864,-0.17042411863803864,1,1.2266530968926166
s008,s008,8,34,0.9929966539383664,0.618927538394928,-0.618927538394928,1,1.2266530968926166
s008,s008,7,20,0.9979794820704452,0.46583637595176697,-0.46583637595176697,1,1.2266530968926166
s008,s008,5,44,0.9992126302418423,0.35008373856544495,-0.35008373856544495,1,1.2266530968926166
s008,s008,2,5,8.391095066889267e-18,6.049774646759033,-6.049774646759033,1,1.2266530968926166
s008,s008,2,1,1.617303259679153e-10,3.9921536445617676,-3.9921536445617676,1,1.2266530968926166
s008,s008,4,25,0.9994426133223938,0.3076821565628052,-0.3076821565628052,1,1.2266530968926166
s008,s008,4,40,0.9958306113423965,0.5549614429473877,-0.5549614429473877,1,1.2266530968926166
s008,s008,8,48,0.9993940034374955,0.31794479489326477,-0.31794479489326477,1,1.2266530968926166
s008,s008,4,38,0.9998352850663215,0.1580996960401535,-0.1580996960401535,1,1.2266530968926166
s008,s008,4,20,0.9998679181910554,0.13101182878017426,-0.13101182878017426,1,1.2266530968926166
s008,s008,2,9,0.9967523237319742,0.5242025256156921,-0.5242025256156921,1,1.2266530968926166
s008,s008,1,49,0.999745788936433,0.21134111285209656,-0.21134111285209656,1,1.2266530968926166
s008,s008,7,45,0.9982957001033463,0.4449199438095093,-0.4449199438095093,1,1.2266530968926166
s008,s008,5,36,0.9910202096369732,0.649665117263794,-0.649665117263794,1,1.2266530968926166
s008,s008,6,3,0.0003357235554417858,2.207839012145996,-2.207839012145996,1,1.2266530968926166
s008,s008,1,22,0.9911835455351498,0.6473931670188904,-0.6473931670188904,1,1.2266530968926166
s008,s008,7,14,0.9968021880789989,0.5222983956336975,-0.5222983956336975,1,1.2266530968926166
s008,s008,4,11,0.9972223084408,0.5049697160720825,-0.5049697160720825,1,1.2266530968926166
s008,s008,6,27,0.9989258824471594,0.38821348547935486,-0.38821348547935486,1,1.2266530968926166
s008,s008,4,42,0.9992159501230725,0.3495650291442871,-0.3495650291442871,1,1.2266530968926166
s008,s008,6,44,0.9989794189895499,0.38193535804748535,-0.38193535804748535,1,1.2266530968926166
s008,s008,7,44,0.992323282708164,0.6302719116210938,-0.6302719116210938,1,1.2266530968926166
s008,s008,6,8,0.9976632207397016,0.48371320962905884,-0.48371320962905884,1,1.2266530968926166
s008,s008,7,9,0.9996556526769478,0.24857936799526215,-0.24857936799526215,1,1.2266530968926166
s008,s008,3,50,0.9982330417081419,0.4493564963340759,-0.4493564963340759,1,1.2266530968926166
s008,s008,3,31,0.9997914974035903,0.18702159821987152,-0.18702159821987152,1,1.2266530968926166
s008,s008,4,2,0.9971409599731422,0.5085205435752869,-0.5085205435752869,1,1.2266530968926166
s008,s008,8,10,0.9944546129720753,0.5901148319244385,-0.5901148319244385,1,1.2266530968926166
s008,s008,2,50,0.9975916446391478,0.4874228835105896,-0.4874228835105896,1,1.2266530968926166
s008,s008,8,23,0.9978307366361719,0.47456803917884827,-0.47456803917884827,1,1.2266530968926166
s008,s008,2,38,0.9993010125247025,0.33546772599220276,-0.33546772599220276,1,1.2266530968926166
s008,s008,7,31,0.9996722745404175,0.24250851571559906,-0.24250851571559906,1,1.2266530968926166
s008,s008,5,15,0.9995354164921603,0.28533121943473816,-0.28533121943473816,1,1.2266530968926166
s008,s008,3,22,0.9996144656193928,0.26244309544563293,-0.26244309544563293,1,1.2266530968926166
s008,s008,8,50,0.9994853888174702,0.2978823781013489,-0.2978823781013489,1,1.2266530968926166
s008,s008,1,21,0.035313113255109836,1.63237464427948,-1.63237464427948,1,1.2266530968926166
s008,s008,4,39,0.9973252452354162,0.5003249049186707,-0.5003249049186707,1,1.2266530968926166
s008,s008,2,22,0.8460995908808754,1.0175907611846924,-1.0175907611846924,1,1.2266530968926166
s008,s008,3,7,0.998253286470798,0.447940468788147,-0.447940468788147,1,1.2266530968926166
s008,s008,6,21,0.995192597277104,0.5725060701370239,-0.5725060701370239,1,1.2266530968926166
s008,s008,7,49,0.9182659082765314,0.9299237728118896,-0.9299237728118896,1,1.2266530968926166
s008,s008,3,3,0.9996402915447804,0.25393474102020264,-0.25393474102020264,1,1.2266530968926166
s008,s021,6,2,1.8687559353498293e-07,3.127084970474243,-3.127084970474243,0,1.2266530968926166
s008,s042,6,15,0.005828123555969487,1.8570564985275269,-1.8570564985275269,0,1.2266530968926166
s008,s036,8,16,1.3761989005781104e-141,41.01255416870117,-41.01255416870117,0,1.2266530968926166
s008,s056,3,7,0.9997623844152163,0.20305785536766052,-0.20305785536766052,0,1.2266530968926166
s008,s055,7,9,0.9665899148305755,0.8138945698738098,-0.8138945698738098,0,1.2266530968926166
s008,s033,7,10,2.6435333658304208e-23,7.603696346282959,-7.603696346282959,0,1.2266530968926166
s008,s016,7,9,5.563250140259265e-16,5.535294055938721,-5.535294055938721,0,1.2266530968926166
s008,s049,7,44,1.4744821394484381e-08,3.4385998249053955,-3.4385998249053955,0,1.2266530968926166
s008,s015,2,4,6.32733160409822e-05,2.412579298019409,-2.412579298019409,0,1.2266530968926166
s008,s056,5,2,0.56880972770978,1.192675232887268,-1.192675232887268,0,1.2266530968926166
s008,s048,2,42,0.9179323963203101,0.9304678440093994,-0.9304678440093994,0,1.2266530968926166
s008,s010,6,21,0.0009850431375144659,2.0757226943969727,-2.0757226943969727,0,1.2266530968926166
s008,s050,4,11,0.48402740440244024,1.2344928979873657,-1.2344928979873657,0,1.2266530968926166
s008,s016,6,27,2.4125415393177987e-35,11.004280090332031,-11.004280090332031,0,1.2266530968926166
s008,s039,6,3,0.013623737547724172,1.7519334554672241,-1.7519334554672241,0,1.2266530968926166
s008,s021,1,21,9.523264295284063e-08,3.2097761631011963,-3.2097761631011963,0,1.2266530968926166
s008,s003,2,38,1.2223444993398199e-42,13.064812660217285,-13.064812660217285,0,1.2266530968926166
s008,s028,6,27,6.20003076472319e-08,3.2624220848083496,-3.2624220848083496,0,1.2266530968926166
s008,s025,1,50,5.5134159848987935e-11,4.124161243438721,-4.124161243438721,0,1.2266530968926166
s008,s010,7,31,0.010828680296523124,1.7804464101791382,-1.7804464101791382,0,1.2266530968926166
s008,s042,2,1,3.2113103752323065e-46,14.076118469238281,-14.076118469238281,0,1.2266530968926166
s008,s051,1,50,0.022179645552629,1.69108247756958,-1.69108247756958,0,1.2266530968926166
s008,s032,7,31,0.24441640835313305,1.3650952577590942,-1.3650952577590942,0,1.2266530968926166
s008,s012,2,4,6.169109150188962e-12,4.392824649810791,-4.392824649810791,0,1.2266530968926166
s008,s050,2,39,0.5765101166287568,1.1888153553009033,-1.1888153553009033,0,1.2266530968926166
s008,s041,7,29,1.7004720831364077e-12,4.550897121429443,-4.550897121429443,0,1.2266530968926166
s008,s004,8,34,0.9891172382784486,0.6734775900840759,-0.6734775900840759,0,1.2266530968926166
s008,s046,8,41,0.9941849197872661,0.5959732532501221,-0.5959732532501221,0,1.2266530968926166
s008,s054,4,2,5.4785704587854844e-11,4.12493896484375,-4.12493896484375,0,1.2266530968926166
s008,s034,7,49,0.9600890415257604,0.836531400680542,-0.836531400680542,0,1.2266530968926166
s008,s029,7,7,0.1961771291148662,1.3996554613113403,-1.3996554613113403,0,1.2266530968926166
s008,s027,7,49,0.9698398760844238,0.800929605960846,-0.800929605960846,0,1.2266530968926166
s008,s039,5,15,0.4832731034513202,1.2348634004592896,-1.2348634004592896,0,1.2266530968926166
s008,s013,2,39,0.0219180649507269,1.6925705671310425,-1.6925705671310425,0,1.2266530968926166
s008,s049,6,2,1.732423257709887e-56,16.976295471191406,-16.976295471191406,0,1.2266530968926166
s008,s002,8,50,7.346885082388081e-15,5.218734264373779,-5.218734264373779,0,1.2266530968926166
s008,s053,4,40,0.6550718461954858,1.1479744911193848,-1.1479744911193848,0,1.2266530968926166
s008,s003,8,41,1.3014915019817774e-27,8.820406913757324,-8.820406913757324,0,1.2266530968926166
s008,s033,1,49,2.7715444556036867e-46,14.094183921813965,-14.094183921813965,0,1.2266530968926166
s008,s016,3,7,2.1430909834532658e-79,23.446489334106445,-23.446489334106445,0,1.2266530968926166
s008,s043,6,8,2.299279109031943e-31,9.880389213562012,-9.880389213562012,0,1.2266530968926166
s008,s046,4,25,0.008325626982085482,1.813000202178955,-1.813000202178955,0,1.2266530968926166
s008,s047,6,24,1.486676935830731e-05,2.5902457237243652,-2.5902457237243652,0,1.2266530968926166
s008,s054,7,16,0.9986104910030993,0.4198325276374817,-0.4198325276374817,0,1.2266530968926166
s008,s010,4,42,8.197873096466638e-05,2.3808071613311768,-2.3808071613311768,0,1.2266530968926166
s008,s028,5,44,2.4893656034933703e-16,5.633935928344727,-5.633935928344727,0,1.2266530968926166
s008,s043,3,35,3.1161689147706944e-20,6.736177444458008,-6.736177444458008,0,1.2266530968926166
s008,s010,3,22,7.081654924437112e-09,3.5285606384277344,-3.5285606384277344,0,1.2266530968926166
s008,s010,3,31,1.0748402787625585e-07,3.1949312686920166,-3.1949312686920166,0,1.2266530968926166
s008,s022,4,2,7.520337443452458e-194,55.77394104003906,-55.77394104003906,0,1.2266530968926166
s008,s028,2,5,4.8429671763346374e-29,9.224117279052734,-9.224117279052734,0,1.2266530968926166
s008,s037,2,1,2.7969975599206677e-71,21.154245376586914,-21.154245376586914,0,1.2266530968926166
s008,s050,8,48,0.9811931002581651,0.7415675520896912,-0.7415675520896912,0,1.2266530968926166
s008,s015,7,10,0.16255335595008563,1.4277446269989014,-1.4277446269989014,0,1.2266530968926166
s008,s012,5,18,2.863467737574601e-14,5.051867485046387,-5.051867485046387,0,1.2266530968926166
s008,s033,7,44,1.2339824422592879e-29,9.39183521270752,-9.39183521270752,0,1.2266530968926166
s008,s030,7,46,1.855788176362018e-24,7.929543495178223,-7.929543495178223,0,1.2266530968926166
s008,s051,6,3,2.859476402637493e-06,2.792459726333618,-2.792459726333618,0,1.2266530968926166
s008,s040,4,11,6.971417752561997e-08,3.248037815093994,-3.248037815093994,0,1.2266530968926166
s008,s007,6,8,0.8455636648397196,1.0180948972702026,-1.0180948972702026,0,1.2266530968926166
s008,s007,7,4,0.9995137281983423,0.2909306585788727,-0.2909306585788727,0,1.2266530968926166
s008,s015,6,21,0.003361687927277685,1.924857258796692,-1.924857258796692,0,1.2266530968926166
s008,s037,5,6,0.970133125138404,0.7996940016746521,-0.7996940016746521,0,1.2266530968926166
s008,s002,4,25,0.9911257453386864,0.6482018828392029,-0.6482018828392029,0,1.2266530968926166
s008,s022,4,17,9.071410362385566e-150,43.32325744628906,-43.32325744628906,0,1.2266530968926166
s008,s057,4,38,0.9994665414256508,0.3022969365119934,-0.3022969365119934,0,1.2266530968926166
s008,s030,4,25,6.992248131029105e-18,6.072144985198975,-6.072144985198975,0,1.2266530968926166
s008,s053,8,34,0.12043406946139171,1.4705517292022705,-1.4705517292022705,0,1.2266530968926166
s008,s016,8,34,5.96775548761699e-07,2.9846584796905518,-2.9846584796905518,0,1.2266530968926166
s008,s004,1,14,4.373839960903801e-05,2.457874298095703,-2.457874298095703,0,1.2266530968926166
s008,s027,7,44,0.8558356092029036,1.0081709623336792,-1.0081709623336792,0,1.2266530968926166
s008,s053,2,1,8.891786870959316e-12,4.3479814529418945,-4.3479814529418945,0,1.2266530968926166
s008,s005,3,3,8.145372059872038e-12,4.358736515045166,-4.358736515045166,0,1.2266530968926166
s008,s057,1,22,2.1383332687188717e-35,11.01908016204834,-11.01908016204834,0,1.2266530968926166
s008,s019,3,31,6.356592956263998e-05,2.412013292312622,-2.412013292312622,0,1.2266530968926166
s008,s035,2,3,3.8983601434184105e-07,3.036891222000122,-3.036891222000122,0,1.2266530968926166
s008,s022,7,4,2.8340084333206586e-58,17.480817794799805,-17.480817794799805,0,1.2266530968926166
s008,s011,3,3,0.9670780063016854,0.8120273947715759,-0.8120273947715759,0,1.2266530968926166
s008,s044,3,6,4.3566532208725264e-26,8.389756202697754,-8.389756202697754,0,1.2266530968926166
s008,s032,7,16,0.8627048810287657,1.0012016296386719,-1.0012016296386719,0,1.2266530968926166
s010,s010,5,13,0.9959195867028845,0.5417390465736389,-0.5417390465736389,1,1.2031876176053822
s010,s010,6,46,0.9997667154446573,0.19695961475372314,-0.19695961475372314,1,1.2031876176053822
s010,s010,8,15,0.9997472550153271,0.20660214126110077,-0.20660214126110077,1,1.2031876176053822
s010,s010,6,2,0.9978151350836875,0.4663538336753845,-0.4663538336753845,1,1.2031876176053822
s010,s010,8,41,0.9160911011818791,0.9155795574188232,-0.9155795574188232,1,1.2031876176053822
s010,s010,8,16,0.8927500024796156,0.9482148289680481,-0.9482148289680481,1,1.2031876176053822
s010,s010,7,4,0.999585045200624,0.2662743330001831,-0.2662743330001831,1,1.2031876176053822
s010,s010,6,20,0.9996339385341358,0.25118428468704224,-0.25118428468704224,1,1.2031876176053822
s010,s010,5,2,0.9982754746957377,0.4378306567668915,-0.4378306567668915,1,1.2031876176053822
s010,s010,4,12,0.8842627055728233,0.958527684211731,-0.958527684211731,1,1.2031876176053822
s010,s010,1,44,0.003514392277538758,1.8826719522476196,-1.8826719522476196,1,1.2031876176053822
s010,s010,5,18,0.9996608097361032,0.24200794100761414,-0.24200794100761414,1,1.2031876176053822
s010,s010,4,41,0.9994871824997612,0.29176366329193115,-0.29176366329193115,1,1.2031876176053822
s010,s010,7,10,0.9997234183605092,0.21744874119758606,-0.21744874119758606,1,1.2031876176053822
s010,s010,6,10,0.9961761183413791,0.5338954925537109,-0.5338954925537109,1,1.2031876176053822
s010,s010,3,6,0.9366188365865965,0.8791559934616089,-0.8791559934616089,1,1.2031876176053822
s010,s010,2,4,1.905939621534826e-06,2.7878499031066895,-2.7878499031066895,1,1.2031876176053822
s010,s010,1,2,3.714391491936307e-15,5.2009663581848145,-5.2009663581848145,1,1.2031876176053822
s010,s010,1,50,0.9996314272576688,0.2520071864128113,-0.2520071864128113,1,1.2031876176053822
s010,s010,2,31,1.8983041266620034e-12,4.450598239898682,-4.450598239898682,1,1.2031876176053822
s010,s010,5,6,0.9979080550814275,0.4611136019229889,-0.4611136019229889,1,1.2031876176053822
s010,s010,1,35,0.9995066052859213,0.28711575269699097,-0.28711575269699097,1,1.2031876176053822
s010,s010,6,14,0.9996526556151432,0.24486716091632843,-0.24486716091632843,1,1.2031876176053822
s010,s010,2,42,0.9984785299154546,0.42273327708244324,-0.42273327708244324,1,1.2031876176053822
s010,s010,7,40,0.8952363006657985,0.9450581073760986,-0.9450581073760986,1,1.2031876176053822
s010,s010,2,3,0.9883652428850028,0.6687250137329102,-0.6687250137329102,1,1.2031876176053822
s010,s010,7,46,0.9996479563455816,0.24648462235927582,-0.24648462235927582,1,1.2031876176053822
s010,s010,6,15,0.9991548518271863,0.3519139587879181,-0.3519139587879181,1,1.2031876176053822
s010,s010,5,42,0.9949592469924111,0.5672853589057922,-0.5672853589057922,1,1.2031876176053822
s010,s010,1,14,0.21353377280450206,1.3600537776947021,-1.3600537776947021,1,1.2031876176053822
s010,s010,7,16,0.9989004605058682,0.38360464572906494,-0.38360464572906494,1,1.2031876176053822
s010,s010,2,39,0.9979088408953257,0.4610683023929596,-0.4610683023929596,1,1.2031876176053822
s010,s010,6,24,0.9980517522842137,0.45253393054008484,-0.45253393054008484,1,1.2031876176053822
s010,s010,4,17,0.9575679134181206,0.8282151818275452,-0.8282151818275452,1,1.2031876176053822
s010,s010,7,29,0.9937380052276209,0.5935354828834534,-0.5935354828834534,1,1.2031876176053822
s010,s010,8,44,0.9978245447766343,0.4658333957195282,-0.4658333957195282,1,1.2031876176053822
s010,s010,3,35,0.9993062478263605,0.3281451463699341,-0.3281451463699341,1,1.2031876176053822
s010,s010,7,7,0.9990803256214055,0.3620907962322235,-0.3620907962322235,1,1.2031876176053822
s010,s010,8,34,0.9987048206602576,0.40333133935928345,-0.40333133935928345,1,1.2031876176053822
s010,s010,7,20,0.9992403030696985,0.3390786051750183,-0.3390786051750183,1,1.2031876176053822
s010,s010,5,44,0.9973737377747719,0.4885466396808624,-0.4885466396808624,1,1.2031876176053822
s010,s010,2,5,0.9996490106382422,0.24612362682819366,-0.24612362682819366,1,1.2031876176053822
s010,s010,2,1,1.5886029061754742e-07,3.0868067741394043,-3.0868067741394043,1,1.2031876176053822
s010,s010,4,25,0.8497118683112397,0.9947542548179626,-0.9947542548179626,1,1.2031876176053822
s010,s010,4,40,0.998143774756946,0.44670116901397705,-0.44670116901397705,1,1.2031876176053822
s010,s010,8,48,0.4133138760092254,1.245333194732666,-1.245333194732666,1,1.2031876176053822
s010,s010,4,38,0.9997907765369107,0.18385928869247437,-0.18385928869247437,1,1.2031876176053822
s010,s010,4,20,0.999782576743951,0.18848569691181183,-0.18848569691181183,1,1.2031876176053822
s010,s010,2,9,0.9993290651137228,0.32411861419677734,-0.32411861419677734,1,1.2031876176053822
s010,s010,1,49,0.9999276945134441,0.05600378289818764,-0.05600378289818764,1,1.2031876176053822
s010,s010,7,45,0.9812661411460644,0.7269044518470764,-0.7269044518470764,1,1.2031876176053822
s010,s010,5,36,0.9809815338651712,0.7287535071372986,-0.7287535071372986,1,1.2031876176053822
s010,s010,6,3,0.9979109760962903,0.46094512939453125,-0.46094512939453125,1,1.2031876176053822
s010,s010,1,22,8.144747849805057e-13,4.552408695220947,-4.552408695220947,1,1.2031876176053822
s010,s010,7,14,0.9939165687844728,0.5900330543518066,-0.5900330543518066,1,1.2031876176053822
s010,s010,4,11,0.8136438538663711,1.025854229927063,-1.025854229927063,1,1.2031876176053822
s010,s010,6,27,0.9963271003911968,0.5290302634239197,-0.5290302634239197,1,1.2031876176053822
s010,s010,4,42,0.9989008869986753,0.38355791568756104,-0.38355791568756104,1,1.2031876176053822
s010,s010,6,44,0.9993699348047745,0.3165518045425415,-0.3165518045425415,1,1.2031876176053822
s010,s010,7,44,0.999346308629038,0.3209838271141052,-0.3209838271141052,1,1.2031876176053822
s010,s010,6,8,0.9999293821317996,0.05316203460097313,-0.05316203460097313,1,1.2031876176053822
s010,s010,7,9,0.9989602204930628,0.3768737018108368,-0.3768737018108368,1,1.2031876176053822
s010,s010,3,50,3.743181515656568e-14,4.922993183135986,-4.922993183135986,1,1.2031876176053822
s010,s010,3,31,0.9989682379488751,0.3759413957595825,-0.3759413957595825,1,1.2031876176053822
s010,s010,4,2,0.9998008345403566,0.1779303401708603,-0.1779303401708603,1,1.2031876176053822
s010,s010,8,10,0.9986230495433106,0.41070735454559326,-0.41070735454559326,1,1.2031876176053822
s010,s010,2,50,0.9627817878175144,0.8117872476577759,-0.8117872476577759,1,1.2031876176053822
s010,s010,8,23,0.9968476209545202,0.5105798244476318,-0.5105798244476318,1,1.2031876176053822
s010,s010,2,38,0.9966308333994307,0.5186081528663635,-0.5186081528663635,1,1.2031876176053822
s010,s010,7,31,0.9996730731947505,0.2375757396221161,-0.2375757396221161,1,1.2031876176053822
s010,s010,5,15,0.9996110620812647,0.25848057866096497,-0.25848057866096497,1,1.2031876176053822
s010,s010,3,22,0.9882730763871467,0.6696856021881104,-0.6696856021881104,1,1.2031876176053822
s010,s010,8,50,0.45249402012551476,1.2261202335357666,-1.2261202335357666,1,1.2031876176053822
s010,s010,1,21,0.9063329459063341,0.9301049113273621,-0.9301049113273621,1,1.2031876176053822
s010,s010,4,39,0.9994970598060002,0.2894224226474762,-0.2894224226474762,1,1.2031876176053822
s010,s010,2,22,0.9998409476008777,0.1508655548095703,-0.1508655548095703,1,1.2031876176053822
s010,s010,3,7,2.0180781581404214e-14,4.9973249435424805,-4.9973249435424805,1,1.2031876176053822
s010,s010,6,21,0.9969211853665205,0.5077298879623413,-0.5077298879623413,1,1.2031876176053822
s010,s010,7,49,0.9995444122350804,0.27751925587654114,-0.27751925587654114,1,1.2031876176053822
s010,s010,3,3,0.019219020912061492,1.6763349771499634,-1.6763349771499634,1,1.2031876176053822
s010,s021,6,2,1.0708136574779526e-15,5.350618362426758,-5.350618362426758,0,1.2031876176053822
s010,s042,6,15,4.5423322266508375e-21,6.839020252227783,-6.839020252227783,0,1.2031876176053822
s010,s036,8,16,1.8160955905788338e-152,43.24211120605469,-43.24211120605469,0,1.2031876176053822
s010,s056,3,7,0.00012508040670359906,2.284423589706421,-2.284423589706421,0,1.2031876176053822
s010,s055,7,9,2.193456583657753e-09,3.6020774841308594,-3.6020774841308594,0,1.2031876176053822
s010,s033,7,10,1.6274278496253882e-105,30.23423194885254,-30.23423194885254,0,1.2031876176053822
s010,s016,7,9,6.001612205295964e-25,7.91367769241333,-7.91367769241333,0,1.2031876176053822
s010,s049,7,44,4.993979581029555e-18,5.9964823722839355,-5.9964823722839355,0,1.2031876176053822
s010,s015,2,4,0.007836936072629665,1.7856554985046387,-1.7856554985046387,0,1.2031876176053822
s010,s056,5,2,0.00029231023718561154,2.182269811630249,-2.182269811630249,0,1.2031876176053822
s010,s048,2,42,0.06106555093286109,1.5319944620132446,-1.5319944620132446,0,1.2031876176053822
s010,s008,6,21,4.121838971371774e-18,6.019575595855713,-6.019575595855713,0,1.2031876176053822
s010,s050,4,11,4.045248733106574e-05,2.420253038406372,-2.420253038406372,0,1.2031876176053822
s010,s016,6,27,2.617710707707302e-93,26.852514266967773,-26.852514266967773,0,1.2031876176053822
s010,s039,6,3,0.005963305995435115,1.818756341934204,-1.818756341934204,0,1.2031876176053822
s010,s021,1,21,3.705695815789726e-08,3.26193904876709,-3.26193904876709,0,1.2031876176053822
s010,s003,2,38,3.0763139665039496e-121,34.590328216552734,-34.590328216552734,0,1.2031876176053822
s010,s028,6,27,0.5199492084582384,1.193581461906433,-1.193581461906433,0,1.2031876176053822
s010,s025,1,50,2.89627398875345e-12,4.399767875671387,-4.399767875671387,0,1.2031876176053822
s010,s008,7,31,6.460375201030384e-11,4.026196479797363,-4.026196479797363,0,1.2031876176053822
s010,s042,2,1,9.541216903803264e-78,22.541240692138672,-22.541240692138672,0,1.2031876176053822
s010,s051,1,50,0.5665385874894202,1.1709731817245483,-1.1709731817245483,0,1.2031876176053822
s010,s032,7,31,1.161223023956077e-31,9.77357292175293,-9.77357292175293,0,1.2031876176053822
s010,s012,2,4,1.919054113116446e-55,16.36219024658203,-16.36219024658203,0,1.2031876176053822
s010,s050,2,39,1.546846398365894e-10,3.9211442470550537,-3.9211442470550537,0,1.2031876176053822
s010,s041,7,29,2.257931736630777e-70,20.498287200927734,-20.498287200927734,0,1.2031876176053822
s010,s004,8,34,7.195019319827854e-11,4.013237953186035,-4.013237953186035,0,1.2031876176053822
s010,s046,8,41,3.441753030072606e-10,3.824917793273926,-3.824917793273926,0,1.2031876176053822
s010,s054,4,2,3.6020906864809594e-13,4.650571823120117,-4.650571823120117,0,1.2031876176053822
s010,s034,7,49,8.478191076533495e-16,5.378713607788086,-5.378713607788086,0,1.2031876176053822
s010,s029,7,7,0.9396143697741811,0.8729465007781982,-0.8729465007781982,0,1.2031876176053822
s010,s027,7,49,3.2672092321975975e-20,6.601621627807617,-6.601621627807617,0,1.2031876176053822
s010,s039,5,15,0.9779739503235274,0.7467876076698303,-0.7467876076698303,0,1.2031876176053822
s010,s013,2,39,0.009074877313476136,1.7678591012954712,-1.7678591012954712,0,1.2031876176053822
s010,s049,6,2,4.041119408837166e-138,39.26725769042969,-39.26725769042969,0,1.2031876176053822
s010,s002,8,50,7.035930948165798e-80,23.131977081298828,-23.131977081298828,0,1.2031876176053822
s010,s053,4,40,3.94365441603557e-08,3.254450798034668,-3.254450798034668,0,1.2031876176053822
s010,s003,8,41,1.0996042595740663e-91,26.40278434753418,-26.40278434753418,0,1.2031876176053822
s010,s033,1,49,1.8420125626195847e-137,39.08474349975586,-39.08474349975586,0,1.2031876176053822
s010,s016,3,7,1.7444677472075698e-106,30.502920150756836,-30.502920150756836,0,1.2031876176053822
s010,s043,6,8,2.3660216955458383e-22,7.194540023803711,-7.194540023803711,0,1.2031876176053822
s010,s046,4,25,2.7385293112235475e-06,2.7442407608032227,-2.7442407608032227,0,1.2031876176053822
s010,s047,6,24,3.5702182845954506e-20,6.5909504890441895,-6.5909504890441895,0,1.2031876176053822
s010,s054,7,16,6.0859879056791214e-05,2.3711068630218506,-2.3711068630218506,0,1.2031876176053822
s010,s008,4,42,4.251798777003898e-07,2.9683544635772705,-2.9683544635772705,0,1.2031876176053822
s010,s028,5,44,1.1846424167865137e-08,3.3991541862487793,-3.3991541862487793,0,1.2031876176053822
s010,s043,3,35,4.51161442731582e-13,4.623483180999756,-4.623483180999756,0,1.2031876176053822
s010,s008,3,22,4.343853664802773e-15,5.182130813598633,-5.182130813598633,0,1.2031876176053822
s010,s008,3,31,1.0782672685202262e-06,2.8563859462738037,-2.8563859462738037,0,1.2031876176053822
s010,s022,4,2,1.2007304739992045e-285,80.1387710571289,-80.1387710571289,0,1.2031876176053822
s010,s028,2,5,5.4486610307040384e-27,8.479395866394043,-8.479395866394043,0,1.2031876176053822
s010,s037,2,1,2.4709923481238328e-138,39.32644271850586,-39.32644271850586,0,1.2031876176053822
s010,s050,8,48,0.08167497103542148,1.494335412979126,-1.494335412979126,0,1.2031876176053822
s010,s015,7,10,0.5614266085836997,1.1734744310379028,-1.1734744310379028,0,1.2031876176053822
s010,s012,5,18,3.0825583576843705e-70,20.460830688476562,-20.460830688476562,0,1.2031876176053822
s010,s033,7,44,3.5565314946844116e-117,33.464698791503906,-33.464698791503906,0,1.2031876176053822
s010,s030,7,46,2.829545994625379e-97,27.95132827758789,-27.95132827758789,0,1.2031876176053822
s010,s051,6,3,0.5907162997596057,1.1590393781661987,-1.1590393781661987,0,1.2031876176053822
s010,s040,4,11,3.897950267194173e-49,14.614665031433105,-14.614665031433105,0,1.2031876176053822
s010,s007,6,8,1.519010115433011e-17,5.862638473510742,-5.862638473510742,0,1.2031876176053822
s010,s007,7,4,0.007075579310961947,1.798044204711914,-1.798044204711914,0,1.2031876176053822
s010,s015,6,21,0.016159117320809106,1.6975749731063843,-1.6975749731063843,0,1.2031876176053822
s010,s037,5,6,1.0715293849794855e-08,3.411228656768799,-3.411228656768799,0,1.2031876176053822
s010,s002,4,25,0.2697047818645832,1.3230396509170532,-1.3230396509170532,0,1.2031876176053822
s010,s022,4,17,5.368358654923638e-169,47.82145690917969,-47.82145690917969,0,1.2031876176053822
s010,s057,4,38,1.454288140440218e-10,3.928568124771118,-3.928568124771118,0,1.2031876176053822
s010,s030,4,25,2.2955521067113064e-81,23.543785095214844,-23.543785095214844,0,1.2031876176053822
s010,s053,8,34,7.226859804973382e-19,6.229060173034668,-6.229060173034668,0,1.2031876176053822
s010,s016,8,34,6.083175489857239e-29,9.020230293273926,-9.020230293273926,0,1.2031876176053822
s010,s004,1,14,8.32259376015255e-33,10.090693473815918,-10.090693473815918,0,1.2031876176053822
s010,s027,7,44,3.1708751808371317e-19,6.328178405761719,-6.328178405761719,0,1.2031876176053822
s010,s053,2,1,2.059258999129158e-44,13.306220054626465,-13.306220054626465,0,1.2031876176053822
s010,s005,3,3,1.7305241066451056e-49,14.712367057800293,-14.712367057800293,0,1.2031876176053822
s010,s057,1,22,4.1525337328060084e-92,26.51995277404785,-26.51995277404785,0,1.2031876176053822
s010,s019,3,31,1.1012048462891713e-10,3.9620301723480225,-3.9620301723480225,0,1.2031876176053822
s010,s035,2,3,1.2635738365996624e-13,4.776614189147949,-4.776614189147949,0,1.2031876176053822
s010,s022,7,4,3.770778117732229e-47,14.064567565917969,-14.064567565917969,0,1.2031876176053822
s010,s011,3,3,2.0634211689220247e-20,6.656916618347168,-6.656916618347168,0,1.2031876176053822
s010,s044,3,6,1.7821143931549193e-21,6.951595306396484,-6.951595306396484,0,1.2031876176053822
s010,s032,7,16,2.3819405837567995e-22,7.193733215332031,-7.193733215332031,0,1.2031876176053822
s011,s011,5,13,0.9994272245212755,0.19265444576740265,-0.19265444576740265,1,0.7598113848404451
s011,s011,6,46,0.9991631907651813,0.2214791476726532,-0.2214791476726532,1,0.7598113848404451
s011,s011,8,15,0.11476112749337722,0.9150412082672119,-0.9150412082672119,1,0.7598113848404451
s011,s011,6,2,0.97311438098343,0.48712190985679626,-0.48712190985679626,1,0.7598113848404451
s011,s011,8,41,0.9228664450910742,0.5712302923202515,-0.5712302923202515,1,0.7598113848404451
s011,s011,8,16,0.9050150913316193,0.5885321497917175,-0.5885321497917175,1,0.7598113848404451
s011,s011,7,4,0.9772595592861175,0.47407615184783936,-0.47407615184783936,1,0.7598113848404451
s011,s011,6,20,0.9966209841464031,0.3277229070663452,-0.3277229070663452,1,0.7598113848404451
s011,s011,5,2,0.9861947848460688,0.4354625344276428,-0.4354625344276428,1,0.7598113848404451
s011,s011,4,12,0.9984552458293003,0.2681112587451935,-0.2681112587451935,1,0.7598113848404451
s011,s011,1,44,0.33270404580325347,0.8126927614212036,-0.8126927614212036,1,0.7598113848404451
s011,s011,5,18,0.996429411333698,0.3319275677204132,-0.3319275677204132,1,0.7598113848404451
s011,s011,4,41,0.3561821896689885,0.804790198802948,-0.804790198802948,1,0.7598113848404451
s011,s011,7,10,0.9533429488373489,0.5305648446083069,-0.5305648446083069,1,0.7598113848404451
s011,s011,6,10,0.9998187191910844,0.10521245002746582,-0.10521245002746582,1,0.7598113848404451
s011,s011,3,6,0.9997879081708215,0.1171417087316513,-0.1171417087316513,1,0.7598113848404451
s011,s011,2,4,0.9988919637321915,0.24283136427402496,-0.24283136427402496,1,0.7598113848404451
s011,s011,1,2,2.04988854828393e-12,2.8047096729278564,-2.8047096729278564,1,0.7598113848404451
s011,s011,1,50,0.33704824775465086,0.8112108111381531,-0.8112108111381531,1,0.7598113848404451
s011,s011,2,31,0.994160300569725,0.36947962641716003,-0.36947962641716003,1,0.7598113848404451
s011,s011,5,6,0.9979985649823293,0.2878251075744629,-0.2878251075744629,1,0.7598113848404451
s011,s011,1,35,0.9970304835977278,0.31787604093551636,-0.31787604093551636,1,0.7598113848404451
s011,s011,6,14,0.9930761299613408,0.3825017809867859,-0.3825017809867859,1,0.7598113848404451
s011,s011,2,42,0.2851837286335437,0.8296298384666443,-0.8296298384666443,1,0.7598113848404451
s011,s011,7,40,0.9990285410284366,0.23282599449157715,-0.23282599449157715,1,0.7598113848404451
s011,s011,2,3,0.9995283141310297,0.17789269983768463,-0.17789269983768463,1,0.7598113848404451
s011,s011,7,46,0.9746993045377996,0.482381671667099,-0.482381671667099,1,0.7598113848404451
s011,s011,6,15,0.9568417714121752,0.5243636965751648,-0.5243636965751648,1,0.7598113848404451
s011,s011,5,42,0.9989158929300211,0.24117067456245422,-0.24117067456245422,1,0.7598113848404451
s011,s011,1,14,1.4253471363038704e-27,5.4566144943237305,-5.4566144943237305,1,0.7598113848404451
s011,s011,7,16,0.4209404320271403,0.7840428352355957,-0.7840428352355957,1,0.7598113848404451
s011,s011,2,39,0.9996307193694981,0.15928804874420166,-0.15928804874420166,1,0.7598113848404451
s011,s011,6,24,0.9985743569854452,0.2620053291320801,-0.2620053291320801,1,0.7598113848404451
s011,s011,4,17,0.9991194639153634,0.22535255551338196,-0.22535255551338196,1,0.7598113848404451
s011,s011,7,29,0.9794550136270895,0.46619144082069397,-0.46619144082069397,1,0.7598113848404451
s011,s011,8,44,0.0009735621092601407,1.2866322994232178,-1.2866322994232178,1,0.7598113848404451
s011,s011,3,35,0.9979996850143958,0.2877824902534485,-0.2877824902534485,1,0.7598113848404451
s011,s011,7,7,0.9908392995738251,0.40394386649131775,-0.40394386649131775,1,0.7598113848404451
s011,s011,8,34,0.11079708829395286,0.9180516004562378,-0.9180516004562378,1,0.7598113848404451
s011,s011,7,20,0.9853126793044805,0.4402366578578949,-0.4402366578578949,1,0.7598113848404451
s011,s011,5,44,0.9709117868985101,0.4932769536972046,-0.4932769536972046,1,0.7598113848404451
s011,s011,2,5,0.9945137887024151,0.3647082448005676,-0.3647082448005676,1,0.7598113848404451
s011,s011,2,1,1.6503174218164507e-20,4.220808029174805,-4.220808029174805,1,0.7598113848404451
s011,s011,4,25,0.9531048550413996,0.530970573425293,-0.530970573425293,1,0.7598113848404451
s011,s011,4,40,0.9992193867592031,0.21619294583797455,-0.21619294583797455,1,0.7598113848404451
s011,s011,8,48,0.804451673359599,0.652347207069397,-0.652347207069397,1,0.7598113848404451
s011,s011,4,38,0.998375839450258,0.2719259560108185,-0.2719259560108185,1,0.7598113848404451
s011,s011,4,20,0.23084324297421324,0.8512589335441589,-0.8512589335441589,1,0.7598113848404451
s011,s011,2,9,0.9895926501933882,0.41373392939567566,-0.41373392939567566,1,0.7598113848404451
s011,s011,1,49,0.5302537375779943,0.7506052851676941,-0.7506052851676941,1,0.7598113848404451
s011,s011,7,45,0.991913237122697,0.3943871557712555,-0.3943871557712555,1,0.7598113848404451
s011,s011,5,36,0.23136848875244825,0.8510343432426453,-0.8510343432426453,1,0.7598113848404451
s011,s011,6,3,0.9893948431649908,0.41517969965934753,-0.41517969965934753,1,0.7598113848404451
s011,s011,1,22,0.060751596321886224,0.9678695201873779,-0.9678695201873779,1,0.7598113848404451
s011,s011,7,14,0.9928814209323001,0.3846238851547241,-0.3846238851547241,1,0.7598113848404451
s011,s011,4,11,0.0011046199201386736,1.2770262956619263,-1.2770262956619263,1,0.7598113848404451
s011,s011,6,27,0.9997936274009225,0.11506424844264984,-0.11506424844264984,1,0.7598113848404451
s011,s011,4,42,0.9948389244779414,0.3600414991378784,-0.3600414991378784,1,0.7598113848404451
s011,s011,6,44,0.9971587218229693,0.31451207399368286,-0.31451207399368286,1,0.7598113848404451
s011,s011,7,44,0.9982016918552344,0.2796782851219177,-0.2796782851219177,1,0.7598113848404451
s011,s011,6,8,0.9974968608643329,0.30485886335372925,-0.30485886335372925,1,0.7598113848404451
s011,s011,7,9,0.9971067887824437,0.3158922791481018,-0.3158922791481018,1,0.7598113848404451
s011,s011,3,50,0.947472198129232,0.5400393605232239,-0.5400393605232239,1,0.7598113848404451
s011,s011,3,31,0.9863824382113546,0.43440818786621094,-0.43440818786621094,1,0.7598113848404451
s011,s011,4,2,0.028253892029973107,1.0286222696304321,-1.0286222696304321,1,0.7598113848404451
s011,s011,8,10,0.9771044188355924,0.4746048152446747,-0.4746048152446747,1,0.7598113848404451
s011,s011,2,50,0.0315251681659472,1.0200419425964355,-1.0200419425964355,1,0.7598113848404451
s011,s011,8,23,0.0007109697651844807,1.3105355501174927,-1.3105355501174927,1,0.7598113848404451
s011,s011,2,38,0.18612070645371975,0.8719152212142944,-0.8719152212142944,1,0.7598113848404451
s011,s011,7,31,0.9978200417611935,0.2943306267261505,-0.2943306267261505,1,0.7598113848404451
s011,s011,5,15,0.798302852445115,0.6552825570106506,-0.6552825570106506,1,0.7598113848404451
s011,s011,3,22,0.9985315839460631,0.26425468921661377,-0.26425468921661377,1,0.7598113848404451
s011,s011,8,50,0.22878493839397554,0.8521425127983093,-0.8521425127983093,1,0.7598113848404451
s011,s011,1,21,1.566964127360549e-05,1.6004492044448853,-1.6004492044448853,1,0.7598113848404451
s011,s011,4,39,0.9934795399249385,0.377909779548645,-0.377909779548645,1,0.7598113848404451
s011,s011,2,22,0.999856908142855,0.08723541349172592,-0.08723541349172592,1,0.7598113848404451
s011,s011,3,7,0.9967541992902398,0.32465660572052,-0.32465660572052,1,0.7598113848404451
s011,s011,6,21,0.9043092070761638,0.5891540050506592,-0.5891540050506592,1,0.7598113848404451
s011,s011,7,49,0.43207122673074194,0.7805850505828857,-0.7805850505828857,1,0.7598113848404451
s011,s011,3,3,0.9081509003007328,0.58571857213974,-0.58571857213974,1,0.7598113848404451
s011,s021,6,2,1.7579215575396412e-19,4.041055679321289,-4.041055679321289,0,0.7598113848404451
s011,s042,6,15,1.2633630967626477e-05,1.6168129444122314,-1.6168129444122314,0,0.7598113848404451
s011,s036,8,16,3.0438206700705973e-225,40.039669036865234,-40.039669036865234,0,0.7598113848404451
s011,s056,3,7,0.27921325946541925,0.8318694233894348,-0.8318694233894348,0,0.7598113848404451
s011,s055,7,9,0.0019143375060194675,1.235184907913208,-1.235184907913208,0,0.7598113848404451
s011,s033,7,10,5.672728544400481e-42,7.975960731506348,-7.975960731506348,0,0.7598113848404451
s011,s016,7,9,1.3667842707690792e-34,6.684473514556885,-6.684473514556885,0,0.7598113848404451
s011,s049,7,44,7.484939696657243e-22,4.455836296081543,-4.455836296081543,0,0.7598113848404451
s011,s015,2,4,6.892210485829323e-17,3.5873396396636963,-3.5873396396636963,0,0.7598113848404451
s011,s056,5,2,5.3248583707557494e-11,2.557224988937378,-2.557224988937378,0,0.7598113848404451
s011,s048,2,42,3.2188675395013216e-08,2.0706114768981934,-2.0706114768981934,0,0.7598113848404451
s011,s008,6,21,0.910302087138832,0.5837380886077881,-0.5837380886077881,0,0.7598113848404451
s011,s050,4,11,4.625055112156742e-09,2.218024492263794,-2.218024492263794,0,0.7598113848404451
s011,s016,6,27,4.1781934678904844e-78,14.297504425048828,-14.297504425048828,0,0.7598113848404451
s011,s039,6,3,1.6588395295845524e-13,2.9957454204559326,-2.9957454204559326,0,0.7598113848404451
s011,s021,1,21,1.0403956080321408e-20,4.255863189697266,-4.255863189697266,0,0.7598113848404451
s011,s003,2,38,5.079735547591629e-57,10.60864543914795,-10.60864543914795,0,0.7598113848404451
s011,s028,6,27,2.2462657915478748e-20,4.197382926940918,-4.197382926940918,0,0.7598113848404451
s011,s025,1,50,8.391769601066303e-25,4.972006320953369,-4.972006320953369,0,0.7598113848404451
s011,s008,7,31,0.9660033390649322,0.5055097341537476,-0.5055097341537476,0,0.7598113848404451
s011,s042,2,1,3.7315398694064596e-86,15.705718994140625,-15.705718994140625,0,0.7598113848404451
s011,s051,1,50,1.696050461252494e-12,2.8191068172454834,-2.8191068172454834,0,0.7598113848404451
s011,s032,7,31,0.9823504142355965,0.45442527532577515,-0.45442527532577515,0,0.7598113848404451
s011,s012,2,4,8.446413536168011e-18,3.7468419075012207,-3.7468419075012207,0,0.7598113848404451
s011,s050,2,39,6.623845608090648e-07,1.8408268690109253,-1.8408268690109253,0,0.7598113848404451
s011,s041,7,29,1.9575192091815397e-08,2.108400821685791,-2.108400821685791,0,0.7598113848404451
s011,s004,8,34,0.0920171719974262,0.9337512254714966,-0.9337512254714966,0,0.7598113848404451
s011,s046,8,41,0.02507211521356413,1.037948489189148,-1.037948489189148,0,0.7598113848404451
s011,s054,4,2,3.0319602753628607e-26,5.224311351776123,-5.224311351776123,0,0.7598113848404451
s011,s034,7,49,0.9450632084259147,0.5436398386955261,-0.5436398386955261,0,0.7598113848404451
s011,s029,7,7,5.522540544523108e-10,2.379502296447754,-2.379502296447754,0,0.7598113848404451
s011,s027,7,49,0.995510963378861,0.34939029812812805,-0.34939029812812805,0,0.7598113848404451
s011,s039,5,15,6.655897673136795e-10,2.36531925201416,-2.36531925201416,0,0.7598113848404451
s011,s013,2,39,1.6275712449799815e-11,2.647285223007202,-2.647285223007202,0,0.7598113848404451
s011,s049,6,2,3.75978963810202e-120,21.653549194335938,-21.653549194335938,0,0.7598113848404451
s011,s002,8,50,1.7749156009582604e-19,4.040324687957764,-4.040324687957764,0,0.7598113848404451
s011,s053,4,40,2.8932448371633038e-05,1.5538536310195923,-1.5538536310195923,0,0.7598113848404451
s011,s003,8,41,1.8820860265830238e-10,2.4612927436828613,-2.4612927436828613,0,0.7598113848404451
s011,s033,1,49,6.725027094077122e-95,17.23554229736328,-17.23554229736328,0,0.7598113848404451
s011,s016,3,7,1.026341772733756e-136,24.551448822021484,-24.551448822021484,0,0.7598113848404451
s011,s043,6,8,4.356120646176134e-52,9.745556831359863,-9.745556831359863,0,0.7598113848404451
s011,s046,4,25,3.8401772303221765e-12,2.7570137977600098,-2.7570137977600098,0,0.7598113848404451
s011,s047,6,24,4.2269780961558196e-17,3.6244871616363525,-3.6244871616363525,0,0.7598113848404451
s011,s054,7,16,0.007607762370135604,1.1299116611480713,-1.1299116611480713,0,0.7598113848404451
s011,s008,4,42,0.07351924455431735,0.9523358941078186,-0.9523358941078186,0,0.7598113848404451
s011,s028,5,44,1.043548920506375e-31,6.180116653442383,-6.180116653442383,0,0.7598113848404451
s011,s043,3,35,3.9460101454436806e-39,7.47868013381958,-7.47868013381958,0,0.7598113848404451
s011,s008,3,22,0.8259603328363104,0.6414887309074402,-0.6414887309074402,0,0.7598113848404451
s011,s008,3,31,0.27623902925279376,0.8329960107803345,-0.8329960107803345,0,0.7598113848404451
s011,s022,4,2,0.0,57.61845397949219,-57.61845397949219,0,0.7598113848404451
s011,s028,2,5,3.3886680021376054e-48,9.064826965332031,-9.064826965332031,0,0.7598113848404451
s011,s037,2,1,1.9429478961120875e-111,20.129131317138672,-20.129131317138672,0,0.7598113848404451
s011,s050,8,48,0.00014663516925064062,1.4305285215377808,-1.4305285215377808,0,0.7598113848404451
s011,s015,7,10,1.8927107877092553e-10,2.460865020751953,-2.460865020751953,0,0.7598113848404451
s011,s012,5,18,1.3165213037716414e-09,2.3134944438934326,-2.3134944438934326,0,0.7598113848404451
s011,s033,7,44,2.766889741201923e-47,8.90527629852295,-8.90527629852295,0,0.7598113848404451
s011,s030,7,46,1.878557699600496e-37,7.18516731262207,-7.18516731262207,0,0.7598113848404451
s011,s051,6,3,2.5012543067958278e-17,3.664354085922241,-3.664354085922241,0,0.7598113848404451
s011,s040,4,11,9.980011747983397e-06,1.6347278356552124,-1.6347278356552124,0,0.7598113848404451
s011,s007,6,8,0.994498397300407,0.36492228507995605,-0.36492228507995605,0,0.7598113848404451
s011,s007,7,4,0.07158716658764908,0.954517662525177,-0.954517662525177,0,0.7598113848404451
s011,s015,6,21,1.56730476453778e-13,3.000058174133301,-3.000058174133301,0,0.7598113848404451
s011,s037,5,6,1.3657996820738162e-06,1.7858431339263916,-1.7858431339263916,0,0.7598113848404451
s011,s002,4,25,2.6756678731559327e-06,1.7347488403320312,-1.7347488403320312,0,0.7598113848404451
s011,s022,4,17,2.2587273871429786e-223,39.71242904663086,-39.71242904663086,0,0.7598113848404451
s011,s057,4,38,0.9320124280969091,0.5608911514282227,-0.5608911514282227,0,0.7598113848404451
s011,s030,4,25,2.034837513466192e-32,6.304330348968506,-6.304330348968506,0,0.7598113848404451
s011,s053,8,34,0.11275275961765527,0.916554868221283,-0.916554868221283,0,0.7598113848404451
s011,s016,8,34,3.636915113338346e-16,3.4609580039978027,-3.4609580039978027,0,0.7598113848404451
s011,s004,1,14,4.098340585694852e-12,2.752070188522339,-2.752070188522339,0,0.7598113848404451
s011,s027,7,44,0.010519648260940253,1.1050647497177124,-1.1050647497177124,0,0.7598113848404451
s011,s053,2,1,8.072367678268382e-18,3.7502834796905518,-3.7502834796905518,0,0.7598113848404451
s011,s005,3,3,8.126645767276318e-30,5.849210739135742,-5.849210739135742,0,0.7598113848404451
s011,s057,1,22,4.216523018897468e-52,9.748031616210938,-9.748031616210938,0,0.7598113848404451
s011,s019,3,31,1.5365420841784334e-16,3.526423454284668,-3.526423454284668,0,0.7598113848404451
s011,s035,2,3,4.49166994423626e-18,3.794825315475464,-3.794825315475464,0,0.7598113848404451
s011,s022,7,4,3.1077839977057145e-88,16.069522857666016,-16.069522857666016,0,0.7598113848404451
s011,s010,3,3,4.6674205530164825e-31,6.066298484802246,-6.066298484802246,0,0.7598113848404451
s011,s044,3,6,6.889425952877141e-45,8.486055374145508,-8.486055374145508,0,0.7598113848404451
s011,s032,7,16,0.9976965977990664,0.2985251843929291,-0.2985251843929291,0,0.7598113848404451
s012,s012,5,13,0.9997830838653469,0.2175416648387909,-0.2175416648387909,1,1.3907382365067789
s012,s012,6,46,0.999594484947364,0.3045790493488312,-0.3045790493488312,1,1.3907382365067789
s012,s012,8,15,0.9986462878762146,0.47235727310180664,-0.47235727310180664,1,1.3907382365067789
s012,s012,6,2,0.999133825159942,0.41019028425216675,-0.41019028425216675,1,1.3907382365067789
s012,s012,8,41,0.9996700191342565,0.2759021818637848,-0.2759021818637848,1,1.3907382365067789
s012,s012,8,16,0.9991877883042942,0.40123674273490906,-0.40123674273490906,1,1.3907382365067789
s012,s012,7,4,0.9997625581534113,0.23011845350265503,-0.23011845350265503,1,1.3907382365067789
s012,s012,6,20,0.9991009165068796,0.4153808057308197,-0.4153808057308197,1,1.3907382365067789
s012,s012,5,2,0.9997830038005319,0.2175929993391037,-0.2175929993391037,1,1.3907382365067789
s012,s012,4,12,0.9996711206724749,0.27543699741363525,-0.27543699741363525,1,1.3907382365067789
s012,s012,1,44,0.9950258439817035,0.6538537740707397,-0.6538537740707397,1,1.3907382365067789
s012,s012,5,18,0.5683191537787868,1.352493405342102,-1.352493405342102,1,1.3907382365067789
s012,s012,4,41,0.9997860372816354,0.21563468873500824,-0.21563468873500824,1,1.3907382365067789
s012,s012,7,10,0.999874131626169,0.14183472096920013,-0.14183472096920013,1,1.3907382365067789
s012,s012,6,10,0.9996919149887876,0.26635047793388367,-0.26635047793388367,1,1.3907382365067789
s012,s012,3,6,0.9998523111721814,0.16407160460948944,-0.16407160460948944,1,1.3907382365067789
s012,s012,2,4,9.4466856791903e-06,2.9997997283935547,-2.9997997283935547,1,1.3907382365067789
s012,s012,1,2,5.906772118680629e-08,3.70556378364563,-3.70556378364563,1,1.3907382365067789
s012,s012,1,50,0.8325148076837985,1.1677255630493164,-1.1677255630493164,1,1.3907382365067789
s012,s012,2,31,0.9891452736635867,0.7632036805152893,-0.7632036805152893,1,1.3907382365067789
s012,s012,5,6,0.9988027824907828,0.45525020360946655,-0.45525020360946655,1,1.3907382365067789
s012,s012,1,35,0.9997197402653089,0.2531820237636566,-0.2531820237636566,1,1.3907382365067789
s012,s012,6,14,0.9663033938767801,0.9239952564239502,-0.9239952564239502,1,1.3907382365067789
s012,s012,2,42,0.9996518359564994,0.28336450457572937,-0.28336450457572937,1,1.3907382365067789
s012,s012,7,40,0.9997780640841104,0.22072407603263855,-0.22072407603263855,1,1.3907382365067789
s012,s012,2,3,0.2562645929705687,1.538917899131775,-1.538917899131775,1,1.3907382365067789
s012,s012,7,46,0.9994391735613722,0.3496958315372467,-0.3496958315372467,1,1.3907382365067789
s012,s012,6,15,0.9992010705965481,0.3989417850971222,-0.3989417850971222,1,1.3907382365067789
s012,s012,5,42,0.9977986473873479,0.5400960445404053,-0.5400960445404053,1,1.3907382365067789
s012,s012,1,14,0.9943178923864784,0.672458827495575,-0.672458827495575,1,1.3907382365067789
s012,s012,7,16,0.9994015877208595,0.3587225675582886,-0.3587225675582886,1,1.3907382365067789
s012,s012,2,39,0.9996740659351295,0.27418550848960876,-0.27418550848960876,1,1.3907382365067789
s012,s012,6,24,0.9993888463951174,0.3616544008255005,-0.3616544008255005,1,1.3907382365067789
s012,s012,4,17,0.9997671454385351,0.2274046689271927,-0.2274046689271927,1,1.3907382365067789
s012,s012,7,29,0.9998301413093234,0.1835254579782486,-0.1835254579782486,1,1.3907382365067789
s012,s012,8,44,0.9997491742397596,0.23774653673171997,-0.23774653673171997,1,1.3907382365067789
s012,s012,3,35,0.9990879635461922,0.417371928691864,-0.417371928691864,1,1.3907382365067789
s012,s012,7,7,0.9990257882447258,0.42655232548713684,-0.42655232548713684,1,1.3907382365067789
s012,s012,8,34,0.9976694978041242,0.548042893409729,-0.548042893409729,1,1.3907382365067789
s012,s012,7,20,0.9982701701437641,0.5065067410469055,-0.5065067410469055,1,1.3907382365067789
s012,s012,5,44,0.9400679514670743,1.007904052734375,-1.007904052734375,1,1.3907382365067789
s012,s012,2,5,0.9977642664653528,0.5422561168670654,-0.5422561168670654,1,1.3907382365067789
s012,s012,2,1,1.8672975865386986e-05,2.905031681060791,-2.905031681060791,1,1.3907382365067789
s012,s012,4,25,0.9998527883472607,0.1636214703321457,-0.1636214703321457,1,1.3907382365067789
s012,s012,4,40,0.8435935959961451,1.1563692092895508,-1.1563692092895508,1,1.3907382365067789
s012,s012,8,48,0.9989428083449843,0.4379321336746216,-0.4379321336746216,1,1.3907382365067789
s012,s012,4,38,0.9993998315665563,0.3591303527355194,-0.3591303527355194,1,1.3907382365067789
s012,s012,4,20,0.9998608201644332,0.1558176875114441,-0.1558176875114441,1,1.3907382365067789
s012,s012,2,9,0.008857301479951963,2.04683518409729,-2.04683518409729,1,1.3907382365067789
s012,s012,1,49,0.5643987203944694,1.3547134399414062,-1.3547134399414062,1,1.3907382365067789
s012,s012,7,45,0.9993239762842662,0.3756931722164154,-0.3756931722164154,1,1.3907382365067789
s012,s012,5,36,0.9995458675365452,0.3203332722187042,-0.3203332722187042,1,1.3907382365067789
s012,s012,6,3,0.9933146978916763,0.6952111124992371,-0.6952111124992371,1,1.3907382365067789
s012,s012,1,22,0.997539874356468,0.5555888414382935,-0.5555888414382935,1,1.3907382365067789
s012,s012,7,14,0.9951969614986184,0.6489613056182861,-0.6489613056182861,1,1.3907382365067789
s012,s012,4,11,0.9989494827449338,0.43705040216445923,-0.43705040216445923,1,1.3907382365067789
s012,s012,6,27,0.9998967806991288,0.11424198746681213,-0.11424198746681213,1,1.3907382365067789
s012,s012,4,42,0.9840260479536271,0.8176577091217041,-0.8176577091217041,1,1.3907382365067789
s012,s012,6,44,0.9993489007398098,0.3704652488231659,-0.3704652488231659,1,1.3907382365067789
s012,s012,7,44,0.987503170100453,0.7830266952514648,-0.7830266952514648,1,1.3907382365067789
s012,s012,6,8,0.9995383328815618,0.32262280583381653,-0.32262280583381653,1,1.3907382365067789
s012,s012,7,9,0.9998079166991855,0.20062938332557678,-0.20062938332557678,1,1.3907382365067789
s012,s012,3,50,0.9998282923786443,0.18503136932849884,-0.18503136932849884,1,1.3907382365067789
s012,s012,3,31,0.8953728378036138,1.0921694040298462,-1.0921694040298462,1,1.3907382365067789
s012,s012,4,2,0.9997065875963137,0.25956210494041443,-0.25956210494041443,1,1.3907382365067789
s012,s012,8,10,0.997086703573617,0.5791656374931335,-0.5791656374931335,1,1.3907382365067789
s012,s012,2,50,0.9996720833377793,0.27502918243408203,-0.27502918243408203,1,1.3907382365067789
s012,s012,8,23,0.999464160754134,0.3433537483215332,-0.3433537483215332,1,1.3907382365067789
s012,s012,2,38,0.9995985008601996,0.3031943440437317,-0.3031943440437317,1,1.3907382365067789
s012,s012,7,31,0.9950394078052798,0.6534721255302429,-0.6534721255302429,1,1.3907382365067789
s012,s012,5,15,0.999900436368336,0.10922662913799286,-0.10922662913799286,1,1.3907382365067789
s012,s012,3,22,0.9991385444727974,0.4094298183917999,-0.4094298183917999,1,1.3907382365067789
s012,s012,8,50,0.9938395959264535,0.683765709400177,-0.683765709400177,1,1.3907382365067789
s012,s012,1,21,0.9989908996376843,0.43145060539245605,-0.43145060539245605,1,1.3907382365067789
s012,s012,4,39,0.9944176573958643,0.6699813604354858,-0.6699813604354858,1,1.3907382365067789
s012,s012,2,22,0.9953455988937512,0.644568681716919,-0.644568681716919,1,1.3907382365067789
s012,s012,3,7,0.9998836173862825,0.13093647360801697,-0.13093647360801697,1,1.3907382365067789
s012,s012,6,21,0.9992664267576608,0.3870634138584137,-0.3870634138584137,1,1.3907382365067789
s012,s012,7,49,0.9994237597335026,0.35346871614456177,-0.35346871614456177,1,1.3907382365067789
s012,s012,3,3,0.9854301328683708,0.8046640753746033,-0.8046640753746033,1,1.3907382365067789
s012,s021,6,2,7.84293384020989e-13,5.2672810554504395,-5.2672810554504395,0,1.3907382365067789
s012,s042,6,15,6.258398626680106e-05,2.7368252277374268,-2.7368252277374268,0,1.3907382365067789
s012,s036,8,16,2.1411064352608177e-81,27.223432540893555,-27.223432540893555,0,1.3907382365067789
s012,s056,3,7,1.1708978602440572e-05,2.9699413776397705,-2.9699413776397705,0,1.3907382365067789
s012,s055,7,9,6.827467634164061e-09,4.005647659301758,-4.005647659301758,0,1.3907382365067789
s012,s033,7,10,2.1634076980285388e-07,3.525022268295288,-3.525022268295288,0,1.3907382365067789
s012,s016,7,9,1.2274749938646117e-16,6.485902786254883,-6.485902786254883,0,1.3907382365067789
s012,s049,7,44,8.428277700784931e-12,4.937041282653809,-4.937041282653809,0,1.3907382365067789
s012,s015,2,4,7.983656375424171e-18,6.865954399108887,-6.865954399108887,0,1.3907382365067789
s012,s056,5,2,5.951081387177801e-12,4.9854416847229,-4.9854416847229,0,1.3907382365067789
s012,s048,2,42,1.134666473376953e-08,3.935002326965332,-3.935002326965332,0,1.3907382365067789
s012,s008,6,21,0.000995933293114603,2.3518543243408203,-2.3518543243408203,0,1.3907382365067789
s012,s050,4,11,1.619616362037205e-08,3.8855128288269043,-3.8855128288269043,0,1.3907382365067789
s012,s016,6,27,6.679878640622789e-22,8.17166805267334,-8.17166805267334,0,1.3907382365067789
s012,s039,6,3,3.4859511256961504e-11,4.739593505859375,-4.739593505859375,0,1.3907382365067789
s012,s021,1,21,8.721415064688857e-13,5.25251579284668,-5.25251579284668,0,1.3907382365067789
s012,s003,2,38,6.367847902789424e-23,8.498550415039062,-8.498550415039062,0,1.3907382365067789
s012,s028,6,27,3.1364394702312122e-21,7.95658016204834,-7.95658016204834,0,1.3907382365067789
s012,s025,1,50,1.61158079458148e-16,6.4480390548706055,-6.4480390548706055,0,1.3907382365067789
s012,s008,7,31,0.0003923211572816616,2.481499433517456,-2.481499433517456,0,1.3907382365067789
s012,s042,2,1,1.8978693290415223e-27,9.947820663452148,-9.947820663452148,0,1.3907382365067789
s012,s051,1,50,1.1119462172665473e-11,4.898503303527832,-4.898503303527832,0,1.3907382365067789
s012,s032,7,31,0.9933047635431039,0.6954190135002136,-0.6954190135002136,0,1.3907382365067789
s012,s011,2,4,0.9788546525704986,0.8573952317237854,-0.8573952317237854,0,1.3907382365067789
s012,s050,2,39,2.586436620360423e-06,3.1799545288085938,-3.1799545288085938,0,1.3907382365067789
s012,s041,7,29,0.9990066030250094,0.42926716804504395,-0.42926716804504395,0,1.3907382365067789
s012,s004,8,34,0.005096222074928179,2.1242339611053467,-2.1242339611053467,0,1.3907382365067789
s012,s046,8,41,0.0017447448149127344,2.273773670196533,-2.273773670196533,0,1.3907382365067789
s012,s054,4,2,2.51488852331764e-16,6.3861494064331055,-6.3861494064331055,0,1.3907382365067789
s012,s034,7,49,1.1611849807196797e-05,2.971099853515625,-2.971099853515625,0,1.3907382365067789
s012,s029,7,7,4.885957774635546e-15,5.973556041717529,-5.973556041717529,0,1.3907382365067789
s012,s027,7,49,0.8198634022540823,1.1799826622009277,-1.1799826622009277,0,1.3907382365067789
s012,s039,5,15,8.767073441886196e-11,4.611330986022949,-4.611330986022949,0,1.3907382365067789
s012,s013,2,39,4.301903257109883e-16,6.311490535736084,-6.311490535736084,0,1.3907382365067789
s012,s049,6,2,2.7715395014429063e-34,12.136762619018555,-12.136762619018555,0,1.3907382365067789
s012,s002,8,50,0.11636719972963504,1.6726813316345215,-1.6726813316345215,0,1.3907382365067789
s012,s053,4,40,2.3381020234104804e-11,4.795139789581299,-4.795139789581299,0,1.3907382365067789
s012,s003,8,41,0.9567845443872836,0.9599737524986267,-0.9599737524986267,0,1.3907382365067789
s012,s033,1,49,5.307755484480929e-25,9.16433334350586,-9.16433334350586,0,1.3907382365067789
s012,s016,3,7,2.3052963494446608e-51,17.606277465820312,-17.606277465820312,0,1.3907382365067789
s012,s043,6,8,2.6555635565620737e-28,10.221331596374512,-10.221331596374512,0,1.3907382365067789
s012,s046,4,25,3.823293427775218e-09,4.0862884521484375,-4.0862884521484375,0,1.3907382365067789
s012,s047,6,24,1.410833288151563e-08,3.9047062397003174,-3.9047062397003174,0,1.3907382365067789
s012,s054,7,16,8.977029849180145e-09,3.967581033706665,-3.967581033706665,0,1.3907382365067789
s012,s008,4,42,8.990812013183431e-08,3.6471383571624756,-3.6471383571624756,0,1.3907382365067789
s012,s028,5,44,2.279080876105748e-24,8.961676597595215,-8.961676597595215,0,1.3907382365067789
s012,s043,3,35,1.3074785363218022e-21,8.078268051147461,-8.078268051147461,0,1.3907382365067789
s012,s008,3,22,0.0016170681982229376,2.28436017036438,-2.28436017036438,0,1.3907382365067789
s012,s008,3,31,2.21391134645121e-06,3.2015833854675293,-3.2015833854675293,0,1.3907382365067789
s012,s022,4,2,5.18490415620038e-104,34.46570587158203,-34.46570587158203,0,1.3907382365067789
s012,s028,2,5,2.217115475295999e-32,11.527344703674316,-11.527344703674316,0,1.3907382365067789
s012,s037,2,1,1.3423020923426336e-42,14.79942798614502,-14.79942798614502,0,1.3907382365067789
s012,s050,8,48,2.5565544269570705e-07,3.501800298690796,-3.501800298690796,0,1.3907382365067789
s012,s015,7,10,3.695406311332523e-15,6.012395858764648,-6.012395858764648,0,1.3907382365067789
s012,s011,5,18,0.865306471936727,1.132049560546875,-1.132049560546875,0,1.3907382365067789
s012,s033,7,44,3.1672152880271274e-06,3.1517820358276367,-3.1517820358276367,0,1.3907382365067789
s012,s030,7,46,1.3961196207185631e-05,2.94547438621521,-2.94547438621521,0,1.3907382365067789
s012,s051,6,3,1.5091920344897837e-20,7.7380852699279785,-7.7380852699279785,0,1.3907382365067789
s012,s040,4,11,0.8285722553039426,1.171621561050415,-1.171621561050415,0,1.3907382365067789
s012,s007,6,8,0.0005079876055265036,2.445549964904785,-2.445549964904785,0,1.3907382365067789
s012,s007,7,4,8.12560469519948e-06,3.0207505226135254,-3.0207505226135254,0,1.3907382365067789
s012,s015,6,21,5.870288550241082e-18,6.908718585968018,-6.908718585968018,0,1.3907382365067789
s012,s037,5,6,2.951244784672744e-07,3.4818339347839355,-3.4818339347839355,0,1.3907382365067789
s012,s002,4,25,1.363766884479161e-09,4.229654312133789,-4.229654312133789,0,1.3907382365067789
s012,s022,4,17,2.004550328978577e-88,29.47420310974121,-29.47420310974121,0,1.3907382365067789
s012,s057,4,38,0.00020571801079730267,2.571307897567749,-2.571307897567749,0,1.3907382365067789
s012,s030,4,25,0.0006185637119393607,2.418144941329956,-2.418144941329956,0,1.3907382365067789
s012,s053,8,34,1.072700528249339e-06,3.302353858947754,-3.302353858947754,0,1.3907382365067789
s012,s016,8,34,7.73000198070333e-09,3.9883809089660645,-3.9883809089660645,0,1.3907382365067789
s012,s004,1,14,1.2922164110292673e-06,3.276461124420166,-3.276461124420166,0,1.3907382365067789
s012,s027,7,44,0.002146625028190123,2.244889259338379,-2.244889259338379,0,1.3907382365067789
s012,s053,2,1,4.463731987680243e-11,4.7052083015441895,-4.7052083015441895,0,1.3907382365067789
s012,s005,3,3,2.528140341713892e-06,3.1831250190734863,-3.1831250190734863,0,1.3907382365067789
s012,s057,1,22,1.2867128929676007e-24,9.041182518005371,-9.041182518005371,0,1.3907382365067789
s012,s019,3,31,3.940470046534046e-10,4.402319431304932,-4.402319431304932,0,1.3907382365067789
s012,s035,2,3,1.523832628042794e-14,5.815366744995117,-5.815366744995117,0,1.3907382365067789
s012,s022,7,4,5.173196700588587e-41,14.291573524475098,-14.291573524475098,0,1.3907382365067789
s012,s010,3,3,4.3141104290392274e-26,9.513389587402344,-9.513389587402344,0,1.3907382365067789
s012,s044,3,6,1.6239914912757576e-26,9.64926528930664,-9.64926528930664,0,1.3907382365067789
s012,s032,7,16,0.9468806395263238,0.9901177883148193,-0.9901177883148193,0,1.3907382365067789
s013,s013,5,13,0.9988074542651224,0.2997315526008606,-0.2997315526008606,1,0.9167425008253617
s013,s013,6,46,0.4151758359550301,0.9481509327888489,-0.9481509327888489,1,0.9167425008253617
s013,s013,8,15,0.9984458058620133,0.32404622435569763,-0.32404622435569763,1,0.9167425008253617
s013,s013,6,2,0.9923865432330011,0.4702709913253784,-0.4702709913253784,1,0.9167425008253617
s013,s013,8,41,0.9946123451894661,0.4383639991283417,-0.4383639991283417,1,0.9167425008253617
s013,s013,8,16,0.9996609603277409,0.18435193598270416,-0.18435193598270416,1,0.9167425008253617
s013,s013,7,4,0.9970541720797738,0.3827936053276062,-0.3827936053276062,1,0.9167425008253617
s013,s013,6,20,0.9973855504805014,0.3718230724334717,-0.3718230724334717,1,0.9167425008253617
s013,s013,5,2,0.9996881849309535,0.1766756772994995,-0.1766756772994995,1,0.9167425008253617
s013,s013,4,12,0.9972055208152814,0.3779444098472595,-0.3779444098472595,1,0.9167425008253617
s013,s013,1,44,0.9992108920110574,0.2618383467197418,-0.2618383467197418,1,0.9167425008253617
s013,s013,5,18,0.9997755830605822,0.14651557803153992,-0.14651557803153992,1,0.9167425008253617
s013,s013,4,41,0.9994715256347932,0.22506141662597656,-0.22506141662597656,1,0.9167425008253617
s013,s013,7,10,0.9878202754499837,0.513767421245575,-0.513767421245575,1,0.9167425008253617
s013,s013,6,10,0.9978899804000928,0.35212576389312744,-0.35212576389312744,1,0.9167425008253617
s013,s013,3,6,1.443586563696795e-27,6.582455635070801,-6.582455635070801,1,0.9167425008253617
s013,s013,2,4,0.9996021327942096,0.19902531802654266,-0.19902531802654266,1,0.9167425008253617
s013,s013,1,2,0.9996031681000795,0.19878636300563812,-0.19878636300563812,1,0.9167425008253617
s013,s013,1,50,0.7829572817581811,0.7991259098052979,-0.7991259098052979,1,0.9167425008253617
s013,s013,2,31,0.999083578439844,0.275562047958374,-0.275562047958374,1,0.9167425008253617
s013,s013,5,6,0.9988727673065058,0.29456204175949097,-0.29456204175949097,1,0.9167425008253617
s013,s013,1,35,0.9996870604590351,0.17700578272342682,-0.17700578272342682,1,0.9167425008253617
s013,s013,6,14,0.9956788355650034,0.41804376244544983,-0.41804376244544983,1,0.9167425008253617
s013,s013,2,42,0.9985875723709012,0.31526482105255127,-0.31526482105255127,1,0.9167425008253617
s013,s013,7,40,0.9992160572321541,0.2612358331680298,-0.2612358331680298,1,0.9167425008253617
s013,s013,2,3,0.9998300138228619,0.12104453146457672,-0.12104453146457672,1,0.9167425008253617
s013,s013,7,46,0.8994538670665769,0.7158685326576233,-0.7158685326576233,1,0.9167425008253617
s013,s013,6,15,0.9983912984026729,0.32721126079559326,-0.32721126079559326,1,0.9167425008253617
s013,s013,5,42,0.9994277417401655,0.23236234486103058,-0.23236234486103058,1,0.9167425008253617
s013,s013,1,14,0.9726380009086978,0.5893868803977966,-0.5893868803977966,1,0.9167425008253617
s013,s013,7,16,0.9991465377064123,0.2690313458442688,-0.2690313458442688,1,0.9167425008253617
s013,s013,2,39,0.9772570338248929,0.5720020532608032,-0.5720020532608032,1,0.9167425008253617
s013,s013,6,24,0.8850878341905143,0.7295877933502197,-0.7295877933502197,1,0.9167425008253617
s013,s013,4,17,0.9918878966683794,0.476132869720459,-0.476132869720459,1,0.9167425008253617
s013,s013,7,29,1.741445703517178e-06,2.132415771484375,-2.132415771484375,1,0.9167425008253617
s013,s013,8,44,0.5758344647281491,0.8887180089950562,-0.8887180089950562,1,0.9167425008253617
s013,s013,3,35,0.9993185058643487,0.24838760495185852,-0.24838760495185852,1,0.9167425008253617
s013,s013,7,7,0.9928139709997829,0.46493470668792725,-0.46493470668792725,1,0.9167425008253617
s013,s013,8,34,0.6795003384106991,0.8478514552116394,-0.8478514552116394,1,0.9167425008253617
s013,s013,7,20,0.9993147403065655,0.24889309704303741,-0.24889309704303741,1,0.9167425008253617
s013,s013,5,44,0.6187923137791621,0.8723331689834595,-0.8723331689834595,1,0.9167425008253617
s013,s013,2,5,0.9996612702899268,0.184268057346344,-0.184268057346344,1,0.9167425008253617
s013,s013,2,1,2.9787403089050597e-05,1.8721160888671875,-1.8721160888671875,1,0.9167425008253617
s013,s013,4,25,0.998582810472477,0.3155738115310669,-0.3155738115310669,1,0.9167425008253617
s013,s013,4,40,0.9987921339663592,0.30090317130088806,-0.30090317130088806,1,0.9167425008253617
s013,s013,8,48,0.9121556447812277,0.7022023797035217,-0.7022023797035217,1,0.9167425008253617
s013,s013,4,38,0.9972759215450314,0.37559881806373596,-0.37559881806373596,1,0.9167425008253617
s013,s013,4,20,0.9854228976926159,0.5304621458053589,-0.5304621458053589,1,0.9167425008253617
s013,s013,2,9,0.9821192541403997,0.5494965314865112,-0.5494965314865112,1,0.9167425008253617
s013,s013,1,49,0.999667217020122,0.18264378607273102,-0.18264378607273102,1,0.9167425008253617
s013,s013,7,45,0.9998749914872833,0.09286567568778992,-0.09286567568778992,1,0.9167425008253617
s013,s013,5,36,0.9993132985660907,0.2490859031677246,-0.2490859031677246,1,0.9167425008253617
s013,s013,6,3,0.9987609659009756,0.3032416105270386,-0.3032416105270386,1,0.9167425008253617
s013,s013,1,22,0.9980314104975317,0.34575241804122925,-0.34575241804122925,1,0.9167425008253617
s013,s013,7,14,0.996490782438255,0.3988887071609497,-0.3988887071609497,1,0.9167425008253617
s013,s013,4,11,0.8708461567834241,0.7417857646942139,-0.7417857646942139,1,0.9167425008253617
s013,s013,6,27,0.0062299208121446925,1.3817273378372192,-1.3817273378372192,1,0.9167425008253617
s013,s013,4,42,0.9896742623181358,0.49845707416534424,-0.49845707416534424,1,0.9167425008253617
s013,s013,6,44,0.9757800475341161,0.5779089331626892,-0.5779089331626892,1,0.9167425008253617
s013,s013,7,44,0.9998212515762405,0.12565308809280396,-0.12565308809280396,1,0.9167425008253617
s013,s013,6,8,0.9669552714831167,0.607223629951477,-0.607223629951477,1,0.9167425008253617
s013,s013,7,9,0.9946290880698478,0.4380771219730377,-0.4380771219730377,1,0.9167425008253617
s013,s013,3,50,0.9996265429679472,0.19321869313716888,-0.19321869313716888,1,0.9167425008253617
s013,s013,3,31,0.9998159741781915,0.12832099199295044,-0.12832099199295044,1,0.9167425008253617
s013,s013,4,2,0.4982516689162552,0.91738361120224,-0.91738361120224,1,0.9167425008253617
s013,s013,8,10,0.6495048679065523,0.8601920008659363,-0.8601920008659363,1,0.9167425008253617
s013,s013,2,50,0.5959259238981434,0.8811253905296326,-0.8811253905296326,1,0.9167425008253617
s013,s013,8,23,0.9969964289946078,0.38457849621772766,-0.38457849621772766,1,0.9167425008253617
s013,s013,2,38,0.9997992311291196,0.13630536198616028,-0.13630536198616028,1,0.9167425008253617
s013,s013,7,31,0.9962814335859638,0.4042200446128845,-0.4042200446128845,1,0.9167425008253617
s013,s013,5,15,0.9898429598458196,0.4969313442707062,-0.4969313442707062,1,0.9167425008253617
s013,s013,3,22,0.9992239302537919,0.26030978560447693,-0.26030978560447693,1,0.9167425008253617
s013,s013,8,50,0.005223672351204606,1.3979697227478027,-1.3979697227478027,1,0.9167425008253617
s013,s013,1,21,0.020985859372930613,1.2690188884735107,-1.2690188884735107,1,0.9167425008253617
s013,s013,4,39,0.999608584940567,0.19752587378025055,-0.19752587378025055,1,0.9167425008253617
s013,s013,2,22,0.9910186445833283,0.4855450987815857,-0.4855450987815857,1,0.9167425008253617
s013,s013,3,7,0.9998764087675789,0.09182025492191315,-0.09182025492191315,1,0.9167425008253617
s013,s013,6,21,0.9876597774913644,0.5149824619293213,-0.5149824619293213,1,0.9167425008253617
s013,s013,7,49,0.9987669368706321,0.30279821157455444,-0.30279821157455444,1,0.9167425008253617
s013,s013,3,3,0.9992910724407734,0.2520081102848053,-0.2520081102848053,1,0.9167425008253617
s013,s021,6,2,3.1451971404106624e-16,4.189099311828613,-4.189099311828613,0,0.9167425008253617
s013,s042,6,15,1.4923784561602216e-24,5.946145057678223,-5.946145057678223,0,0.9167425008253617
s013,s036,8,16,4.923738218505278e-238,51.00949478149414,-51.00949478149414,0,0.9167425008253617
s013,s056,3,7,0.3240290277206637,0.9841521382331848,-0.9841521382331848,0,0.9167425008253617
s013,s055,7,9,0.05940326782746094,1.169961929321289,-1.169961929321289,0,0.9167425008253617
s013,s033,7,10,2.414887288813347e-112,24.477746963500977,-24.477746963500977,0,0.9167425008253617
s013,s016,7,9,7.16090504693544e-37,8.546516418457031,-8.546516418457031,0,0.9167425008253617
s013,s049,7,44,3.17000684254621e-29,6.932519912719727,-6.932519912719727,0,0.9167425008253617
s013,s015,2,4,0.7422952241089195,0.819757342338562,-0.819757342338562,0,0.9167425008253617
s013,s056,5,2,0.9787280657906268,0.5657341480255127,-0.5657341480255127,0,0.9167425008253617
s013,s048,2,42,0.0004769045178455024,1.6178412437438965,-1.6178412437438965,0,0.9167425008253617
s013,s008,6,21,3.311255039488367e-06,2.073504686355591,-2.073504686355591,0,0.9167425008253617
s013,s050,4,11,2.9492694979020784e-07,2.29520583152771,-2.29520583152771,0,0.9167425008253617
s013,s016,6,27,4.0752416658235924e-150,32.45111083984375,-32.45111083984375,0,0.9167425008253617
s013,s039,6,3,1.2243795721484358e-09,2.7979743480682373,-2.7979743480682373,0,0.9167425008253617
s013,s021,1,21,7.686017333959587e-22,5.373712539672852,-5.373712539672852,0,0.9167425008253617
s013,s003,2,38,1.6430754785448744e-87,19.235855102539062,-19.235855102539062,0,0.9167425008253617
s013,s028,6,27,0.0785098229041229,1.142514944076538,-1.142514944076538,0,0.9167425008253617
s013,s025,1,50,4.3028836211644e-19,4.793631076812744,-4.793631076812744,0,0.9167425008253617
s013,s008,7,31,0.002239354477708765,1.4758936166763306,-1.4758936166763306,0,0.9167425008253617
s013,s042,2,1,1.9744498748796177e-104,22.807504653930664,-22.807504653930664,0,0.9167425008253617
s013,s051,1,50,2.691364152866566e-05,1.881416916847229,-1.881416916847229,0,0.9167425008253617
s013,s032,7,31,3.1857308050681074e-23,5.665539741516113,-5.665539741516113,0,0.9167425008253617
s013,s011,2,4,1.2126588197978648e-19,4.909733772277832,-4.909733772277832,0,0.9167425008253617
s013,s050,2,39,3.750845847979026e-16,4.17295503616333,-4.17295503616333,0,0.9167425008253617
s013,s041,7,29,1.4416318409104074e-64,14.392827033996582,-14.392827033996582,0,0.9167425008253617
s013,s004,8,34,5.33226215897607e-13,3.507441282272339,-3.507441282272339,0,0.9167425008253617
s013,s046,8,41,1.0114987893597327e-10,3.0265719890594482,-3.0265719890594482,0,0.9167425008253617
s013,s054,4,2,2.125047324883588e-18,4.647218704223633,-4.647218704223633,0,0.9167425008253617
s013,s034,7,49,4.0240683151099624e-07,2.266719341278076,-2.266719341278076,0,0.9167425008253617
s013,s029,7,7,0.9980387356130973,0.34540998935699463,-0.34540998935699463,0,0.9167425008253617
s013,s027,7,49,1.660804728362717e-16,4.247640132904053,-4.247640132904053,0,0.9167425008253617
s013,s039,5,15,0.01868513654240892,1.2798793315887451,-1.2798793315887451,0,0.9167425008253617
s013,s012,2,39,8.115426317413453e-61,13.601151466369629,-13.601151466369629,0,0.9167425008253617
s013,s049,6,2,3.8710494198055244e-185,39.843894958496094,-39.843894958496094,0,0.9167425008253617
s013,s002,8,50,1.563181797859943e-77,17.129547119140625,-17.129547119140625,0,0.9167425008253617
s013,s053,4,40,0.05186688196382887,1.1831308603286743,-1.1831308603286743,0,0.9167425008253617
s013,s003,8,41,5.082427311096832e-94,20.609949111938477,-20.609949111938477,0,0.9167425008253617
s013,s033,1,49,6.928991435167285e-198,42.534664154052734,-42.534664154052734,0,0.9167425008253617
s013,s016,3,7,2.3881630683871747e-166,35.877506256103516,-35.877506256103516,0,0.9167425008253617
s013,s043,6,8,3.4180126865213748e-43,9.880843162536621,-9.880843162536621,0,0.9167425008253617
s013,s046,4,25,6.58539342132626e-16,4.121354103088379,-4.121354103088379,0,0.9167425008253617
s013,s047,6,24,1.284118528640398e-27,6.593186855316162,-6.593186855316162,0,0.9167425008253617
s013,s054,7,16,0.8882275164496035,0.7267235517501831,-0.7267235517501831,0,0.9167425008253617
s013,s008,4,42,0.9269271778722131,0.6838515400886536,-0.6838515400886536,0,0.9167425008253617
s013,s028,5,44,8.557642855395598e-13,3.4640748500823975,-3.4640748500823975,0,0.9167425008253617
s013,s043,3,35,2.538761110044388e-32,7.586140155792236,-7.586140155792236,0,0.9167425008253617
s013,s008,3,22,7.827492854914906e-05,1.7835413217544556,-1.7835413217544556,0,0.9167425008253617
s013,s008,3,31,0.5609461664862639,0.8942820429801941,-0.8942820429801941,0,0.9167425008253617
s013,s022,4,2,0.0,86.95580291748047,-86.95580291748047,0,0.9167425008253617
s013,s028,2,5,5.050644878444542e-28,6.678731918334961,-6.678731918334961,0,0.9167425008253617
s013,s037,2,1,9.99046591053566e-110,23.925395965576172,-23.925395965576172,0,0.9167425008253617
s013,s050,8,48,0.00015897389420851455,1.7185815572738647,-1.7185815572738647,0,0.9167425008253617
s013,s015,7,10,0.9988951686338323,0.2927198112010956,-0.2927198112010956,0,0.9167425008253617
s013,s011,5,18,3.827237389295648e-26,6.281984329223633,-6.281984329223633,0,0.9167425008253617
s013,s033,7,44,1.1077812821273213e-129,28.137680053710938,-28.137680053710938,0,0.9167425008253617
s013,s030,7,46,1.008262994843737e-121,26.45760726928711,-26.45760726928711,0,0.9167425008253617
s013,s051,6,3,0.6271769306221228,0.8690604567527771,-0.8690604567527771,0,0.9167425008253617
s013,s040,4,11,1.9514729588307386e-43,9.93222427368164,-9.93222427368164,0,0.9167425008253617
s013,s007,6,8,1.7105349852129487e-10,2.9784088134765625,-2.9784088134765625,0,0.9167425008253617
s013,s007,7,4,0.015382784234606503,1.29801607131958,-1.29801607131958,0,0.9167425008253617
s013,s015,6,21,0.9859612649086744,0.5269622206687927,-0.5269622206687927,0,0.9167425008253617
s013,s037,5,6,0.0006930510209385279,1.583554744720459,-1.583554744720459,0,0.9167425008253617
s013,s002,4,25,0.919298249001962,0.6937127709388733,-0.6937127709388733,0,0.9167425008253617
s013,s022,4,17,7.488360227587025e-287,61.31435775756836,-61.31435775756836,0,0.9167425008253617
s013,s057,4,38,7.364945461445048e-05,1.789125680923462,-1.789125680923462,0,0.9167425008253617
s013,s030,4,25,2.912635588266041e-101,22.138601303100586,-22.138601303100586,0,0.9167425008253617
s013,s053,8,34,6.245460101127034e-13,3.4929494857788086,-3.4929494857788086,0,0.9167425008253617
s013,s016,8,34,6.94625702028137e-29,6.860604286193848,-6.860604286193848,0,0.9167425008253617
s013,s004,1,14,9.250843272460583e-23,5.567811965942383,-5.567811965942383,0,0.9167425008253617
s013,s027,7,44,2.1527086095307918e-13,3.5905942916870117,-3.5905942916870117,0,0.9167425008253617
s013,s053,2,1,3.0518097484517036e-25,6.0916523933410645,-6.0916523933410645,0,0.9167425008253617
s013,s005,3,3,1.1132042557633093e-62,13.994352340698242,-13.994352340698242,0,0.9167425008253617
s013,s057,1,22,6.208603461031917e-63,14.047880172729492,-14.047880172729492,0,0.9167425008253617
s013,s019,3,31,2.2958481995682185e-13,3.5846927165985107,-3.5846927165985107,0,0.9167425008253617
s013,s035,2,3,1.492988260971624e-12,3.4130544662475586,-3.4130544662475586,0,0.9167425008253617
s013,s022,7,4,1.8425320612160453e-102,22.39166831970215,-22.39166831970215,0,0.9167425008253617
s013,s010,3,3,8.406047070753298e-15,3.8878889083862305,-3.8878889083862305,0,0.9167425008253617
s013,s044,3,6,7.184583374512014e-26,6.22424840927124,-6.22424840927124,0,0.9167425008253617
s013,s032,7,16,1.9218760543954414e-17,4.445343494415283,-4.445343494415283,0,0.9167425008253617
s015,s015,5,13,0.9993146149707542,0.4496487081050873,-0.4496487081050873,1,1.6560696197278568
s015,s015,6,46,0.9980093776286837,0.6264389157295227,-0.6264389157295227,1,1.6560696197278568
s015,s015,8,15,0.9968531531026092,0.7024711966514587,-0.7024711966514587,1,1.6560696197278568
s015,s015,6,2,0.9986897085824231,0.5570695996284485,-0.5570695996284485,1,1.6560696197278568
s015,s015,8,41,0.97385983363509,1.0569376945495605,-1.0569376945495605,1,1.6560696197278568
s015,s015,8,16,0.9982690130442987,0.6032513380050659,-0.6032513380050659,1,1.6560696197278568
s015,s015,7,4,0.9990364012556614,0.5061161518096924,-0.5061161518096924,1,1.6560696197278568
s015,s015,6,20,0.9996494096769223,0.3385765552520752,-0.3385765552520752,1,1.6560696197278568
s015,s015,5,2,0.9986807204175709,0.5582032203674316,-0.5582032203674316,1,1.6560696197278568
s015,s015,4,12,0.9992993137746785,0.45330774784088135,-0.45330774784088135,1,1.6560696197278568
s015,s015,1,44,0.9998384193262638,0.21026380360126495,-0.21026380360126495,1,1.6560696197278568
s015,s015,5,18,0.9988186753160528,0.5398891568183899,-0.5398891568183899,1,1.6560696197278568
s015,s015,4,41,0.9514350886707337,1.163377285003662,-1.163377285003662,1,1.6560696197278568
s015,s015,7,10,0.9994887286824123,0.40108370780944824,-0.40108370780944824,1,1.6560696197278568
s015,s015,6,10,0.9990368252548212,0.5060431957244873,-0.5060431957244873,1,1.6560696197278568
s015,s015,3,6,0.9939523033846774,0.8111409544944763,-0.8111409544944763,1,1.6560696197278568
s015,s015,2,4,0.9992971984804494,0.4538072943687439,-0.4538072943687439,1,1.6560696197278568
s015,s015,1,2,0.03950576203720148,2.1845216751098633,-2.1845216751098633,1,1.6560696197278568
s015,s015,1,50,0.9987553709091744,0.5485445261001587,-0.5485445261001587,1,1.6560696197278568
s015,s015,2,31,0.9013222179218262,1.2897465229034424,-1.2897465229034424,1,1.6560696197278568
s015,s015,5,6,0.9596359498702549,1.1313250064849854,-1.1313250064849854,1,1.6560696197278568
s015,s015,1,35,3.102159101214307e-07,4.137855052947998,-4.137855052947998,1,1.6560696197278568
s015,s015,6,14,0.999414107619671,0.4236576557159424,-0.4236576557159424,1,1.6560696197278568
s015,s015,2,42,0.9721259314968123,1.067868709564209,-1.067868709564209,1,1.6560696197278568
s015,s015,7,40,0.9973404375179248,0.6745286583900452,-0.6745286583900452,1,1.6560696197278568
s015,s015,2,3,0.9980510493432946,0.6229283809661865,-0.6229283809661865,1,1.6560696197278568
s015,s015,7,46,0.9898492274838874,0.8975892663002014,-0.8975892663002014,1,1.6560696197278568
s015,s015,6,15,0.9937089648070876,0.8177143931388855,-0.8177143931388855,1,1.6560696197278568
s015,s015,5,42,0.9757668220336103,1.0440689325332642,-1.0440689325332642,1,1.6560696197278568
s015,s015,1,14,5.392854810263187e-09,4.808926582336426,-4.808926582336426,1,1.6560696197278568
s015,s015,7,16,0.998610292876298,0.566827654838562,-0.566827654838562,1,1.6560696197278568
s015,s015,2,39,0.9997922066562295,0.2519281506538391,-0.2519281506538391,1,1.6560696197278568
s015,s015,6,24,0.9992668890160809,0.46080467104911804,-0.46080467104911804,1,1.6560696197278568
s015,s015,4,17,0.9991342888048491,0.4883595108985901,-0.4883595108985901,1,1.6560696197278568
s015,s015,7,29,0.9974847033408744,0.6652686595916748,-0.6652686595916748,1,1.6560696197278568
s015,s015,8,44,0.9968190961999199,0.7042595148086548,-0.7042595148086548,1,1.6560696197278568
s015,s015,3,35,0.9998800050767295,0.1609797179698944,-0.1609797179698944,1,1.6560696197278568
s015,s015,7,7,0.89026838405399,1.3093738555908203,-1.3093738555908203,1,1.6560696197278568
s015,s015,8,34,0.4603305905499994,1.6824030876159668,-1.6824030876159668,1,1.6560696197278568
s015,s015,7,20,0.9985258262061435,0.5766132473945618,-0.5766132473945618,1,1.6560696197278568
s015,s015,5,44,0.9989994954354093,0.5123465657234192,-0.5123465657234192,1,1.6560696197278568
s015,s015,2,5,0.9997871104741697,0.2559415400028229,-0.2559415400028229,1,1.6560696197278568
s015,s015,2,1,0.9588150323732815,1.1348010301589966,-1.1348010301589966,1,1.6560696197278568
s015,s015,4,25,0.9996633826347591,0.3318387567996979,-0.3318387567996979,1,1.6560696197278568
s015,s015,4,40,0.9997579631877377,0.27719646692276,-0.27719646692276,1,1.6560696197278568
s015,s015,8,48,0.9839520809632661,0.9744316935539246,-0.9744316935539246,1,1.6560696197278568
s015,s015,4,38,0.9995594212368497,0.3764278292655945,-0.3764278292655945,1,1.6560696197278568
s015,s015,4,20,0.00566853110675106,2.511784076690674,-2.511784076690674,1,1.6560696197278568
s015,s015,2,9,0.9997686817082017,0.2696934938430786,-0.2696934938430786,1,1.6560696197278568
s015,s015,1,49,0.9994232241060531,0.4210590422153473,-0.4210590422153473,1,1.6560696197278568
s015,s015,7,45,0.998866648396725,0.5330156087875366,-0.5330156087875366,1,1.6560696197278568
s015,s015,5,36,0.9968202440581635,0.7041995525360107,-0.7041995525360107,1,1.6560696197278568
s015,s015,6,3,0.9998216732485732,0.22659757733345032,-0.22659757733345032,1,1.6560696197278568
s015,s015,1,22,0.9974368436291481,0.6683980822563171,-0.6683980822563171,1,1.6560696197278568
s015,s015,7,14,0.999376999836644,0.4338338375091553,-0.4338338375091553,1,1.6560696197278568
s015,s015,4,11,0.9994514980702853,0.41273045539855957,-0.41273045539855957,1,1.6560696197278568
s015,s015,6,27,0.9806462484811193,1.0060083866119385,-1.0060083866119385,1,1.6560696197278568
s015,s015,4,42,0.9991135915354742,0.4922756552696228,-0.4922756552696228,1,1.6560696197278568
s015,s015,6,44,0.9912853473582106,0.8720868229866028,-0.8720868229866028,1,1.6560696197278568
s015,s015,7,44,0.9990261131199397,0.5078766345977783,-0.5078766345977783,1,1.6560696197278568
s015,s015,6,8,0.9905528294095995,0.8855752944946289,-0.8855752944946289,1,1.6560696197278568
s015,s015,7,9,0.9954603861106113,0.76338791847229,-0.76338791847229,1,1.6560696197278568
s015,s015,3,50,0.9998733150182779,0.1699656844139099,-0.1699656844139099,1,1.6560696197278568
s015,s015,3,31,0.9995700851084409,0.37236836552619934,-0.37236836552619934,1,1.6560696197278568
s015,s015,4,2,0.998853263995137,0.5349621176719666,-0.5349621176719666,1,1.6560696197278568
s015,s015,8,10,0.9926939424812471,0.842654824256897,-0.842654824256897,1,1.6560696197278568
s015,s015,2,50,0.9978200756130507,0.6415145397186279,-0.6415145397186279,1,1.6560696197278568
s015,s015,8,23,0.9948821325184384,0.7833397388458252,-0.7833397388458252,1,1.6560696197278568
s015,s015,2,38,0.9881053394321317,0.9241365790367126,-0.9241365790367126,1,1.6560696197278568
s015,s015,7,31,0.9950558379365596,0.7775923609733582,-0.7775923609733582,1,1.6560696197278568
s015,s015,5,15,0.9713736960028725,1.0724068880081177,-1.0724068880081177,1,1.6560696197278568
s015,s015,3,22,0.9856506700313609,0.9556186199188232,-0.9556186199188232,1,1.6560696197278568
s015,s015,8,50,0.9913741827104944,0.8703751564025879,-0.8703751564025879,1,1.6560696197278568
s015,s015,1,21,0.9996654767455646,0.3308049440383911,-0.3308049440383911,1,1.6560696197278568
s015,s015,4,39,0.9970261573666693,0.6930780410766602,-0.6930780410766602,1,1.6560696197278568
s015,s015,2,22,0.9997083840634262,0.30806517601013184,-0.30806517601013184,1,1.6560696197278568
s015,s015,3,7,0.9993205610495585,0.44820472598075867,-0.44820472598075867,1,1.6560696197278568
s015,s015,6,21,0.9993223915157825,0.44775766134262085,-0.44775766134262085,1,1.6560696197278568
s015,s015,7,49,0.999708087809882,0.308233380317688,-0.308233380317688,1,1.6560696197278568
s015,s015,3,3,0.9994839610775392,0.40262162685394287,-0.40262162685394287,1,1.6560696197278568
s015,s021,6,2,0.1229289079006511,1.981484293937683,-1.981484293937683,0,1.6560696197278568
s015,s042,6,15,6.383582403437666e-14,6.68761682510376,-6.68761682510376,0,1.6560696197278568
s015,s036,8,16,3.099711505282919e-64,25.87346076965332,-25.87346076965332,0,1.6560696197278568
s015,s056,3,7,0.07398757843705908,2.074556827545166,-2.074556827545166,0,1.6560696197278568
s015,s055,7,9,0.11415011746811612,1.99540376663208,-1.99540376663208,0,1.6560696197278568
s015,s033,7,10,1.859395964800072e-52,21.382205963134766,-21.382205963134766,0,1.6560696197278568
s015,s016,7,9,4.4339744188581405e-06,3.697375774383545,-3.697375774383545,0,1.6560696197278568
s015,s049,7,44,9.870548067000397e-07,3.946171998977661,-3.946171998977661,0,1.6560696197278568
s015,s013,2,4,0.999683565590205,0.32159578800201416,-0.32159578800201416,0,1.6560696197278568
s015,s056,5,2,0.9996973946525616,0.31419309973716736,-0.31419309973716736,0,1.6560696197278568
s015,s048,2,42,0.826355658260246,1.3977200984954834,-1.3977200984954834,0,1.6560696197278568
s015,s008,6,21,5.425164018227172e-07,4.045289039611816,-4.045289039611816,0,1.6560696197278568
s015,s050,4,11,0.31786518690819715,1.7825270891189575,-1.7825270891189575,0,1.6560696197278568
s015,s016,6,27,2.299299549960974e-47,19.440418243408203,-19.440418243408203,0,1.6560696197278568
s015,s039,6,3,0.6902151532592005,1.52339768409729,-1.52339768409729,0,1.6560696197278568
s015,s021,1,21,0.00029465729061243655,3.0023553371429443,-3.0023553371429443,0,1.6560696197278568
s015,s003,2,38,5.351445128998731e-29,12.436685562133789,-12.436685562133789,0,1.6560696197278568
s015,s028,6,27,0.9511128788596158,1.164528489112854,-1.164528489112854,0,1.6560696197278568
s015,s025,1,50,0.371526831121939,1.7431246042251587,-1.7431246042251587,0,1.6560696197278568
s015,s008,7,31,0.00028318563222674755,3.0089335441589355,-3.0089335441589355,0,1.6560696197278568
s015,s042,2,1,1.1265174791964554e-23,10.406795501708984,-10.406795501708984,0,1.6560696197278568
s015,s051,1,50,0.9414126541218075,1.1962018013000488,-1.1962018013000488,0,1.6560696197278568
s015,s032,7,31,1.359703460498013e-20,9.231666564941406,-9.231666564941406,0,1.6560696197278568
s015,s011,2,4,5.8033417575289145e-18,8.228694915771484,-8.228694915771484,0,1.6560696197278568
s015,s050,2,39,8.663342890456217e-06,3.5864508152008057,-3.5864508152008057,0,1.6560696197278568
s015,s041,7,29,9.194015214801e-50,20.354867935180664,-20.354867935180664,0,1.6560696197278568
s015,s004,8,34,6.102561182077405e-08,4.407127857208252,-4.407127857208252,0,1.6560696197278568
s015,s046,8,41,1.044467641789741e-06,3.9368090629577637,-3.9368090629577637,0,1.6560696197278568
s015,s054,4,2,0.42973728425384566,1.7029236555099487,-1.7029236555099487,0,1.6560696197278568
s015,s034,7,49,5.532856523619776e-06,3.6607089042663574,-3.6607089042663574,0,1.6560696197278568
s015,s029,7,7,0.9995101049973355,0.39400720596313477,-0.39400720596313477,0,1.6560696197278568
s015,s027,7,49,5.058407844572032e-13,6.344825744628906,-6.344825744628906,0,1.6560696197278568
s015,s039,5,15,0.9665831457043979,1.0988507270812988,-1.0988507270812988,0,1.6560696197278568
s015,s012,2,39,1.9899622029750096e-51,20.989643096923828,-20.989643096923828,0,1.6560696197278568
s015,s049,6,2,4.436012843412234e-48,19.712913513183594,-19.712913513183594,0,1.6560696197278568
s015,s002,8,50,1.4778628781600804e-40,16.844348907470703,-16.844348907470703,0,1.6560696197278568
s015,s053,4,40,0.8413533275142873,1.3797821998596191,-1.3797821998596191,0,1.6560696197278568
s015,s003,8,41,7.386041430341484e-69,27.636287689208984,-27.636287689208984,0,1.6560696197278568
s015,s033,1,49,2.6324032100890352e-68,27.425819396972656,-27.425819396972656,0,1.6560696197278568
s015,s016,3,7,4.952551046776436e-33,13.974810600280762,-13.974810600280762,0,1.6560696197278568
s015,s043,6,8,3.857874751095996e-12,6.008370399475098,-6.008370399475098,0,1.6560696197278568
s015,s046,4,25,0.0011944388354814266,2.7704195976257324,-2.7704195976257324,0,1.6560696197278568
s015,s047,6,24,7.782763612890283e-07,3.985527515411377,-3.985527515411377,0,1.6560696197278568
s015,s054,7,16,0.9221952902912847,1.2465972900390625,-1.2465972900390625,0,1.6560696197278568
s015,s008,4,42,0.9144915944367342,1.2636219263076782,-1.2636219263076782,0,1.6560696197278568
s015,s028,5,44,0.02340559870218913,2.2739651203155518,-2.2739651203155518,0,1.6560696197278568
s015,s043,3,35,9.099886252003588e-06,3.5783092975616455,-3.5783092975616455,0,1.6560696197278568
s015,s008,3,22,9.005431591026446e-05,3.198699712753296,-3.198699712753296,0,1.6560696197278568
s015,s008,3,31,0.17741968565324193,1.9100987911224365,-1.9100987911224365,0,1.6560696197278568
s015,s022,4,2,9.075880970306346e-85,33.70335388183594,-33.70335388183594,0,1.6560696197278568
s015,s028,2,5,3.498489366258035e-06,3.736618995666504,-3.736618995666504,0,1.6560696197278568
s015,s037,2,1,3.098952175843335e-22,9.857888221740723,-9.857888221740723,0,1.6560696197278568
s015,s050,8,48,0.2555262490322312,1.8331618309020996,-1.8331618309020996,0,1.6560696197278568
s015,s013,7,10,0.9941780784019636,0.8048024773597717,-0.8048024773597717,0,1.6560696197278568
s015,s011,5,18,3.637354439298559e-21,9.450035095214844,-9.450035095214844,0,1.6560696197278568
s015,s033,7,44,3.624464190523308e-66,26.61020851135254,-26.61020851135254,0,1.6560696197278568
s015,s030,7,46,9.384006137909855e-62,24.927370071411133,-24.927370071411133,0,1.6560696197278568
s015,s051,6,3,0.98740220406501,0.9337656497955322,-0.9337656497955322,0,1.6560696197278568
s015,s040,4,11,2.157423897086114e-29,12.58713150024414,-12.58713150024414,0,1.6560696197278568
s015,s007,6,8,4.0989481909373595e-08,4.47303581237793,-4.47303581237793,0,1.6560696197278568
s015,s007,7,4,0.2260837348667083,1.8598586320877075,-1.8598586320877075,0,1.6560696197278568
s015,s013,6,21,0.9991393581391204,0.4873860776424408,-0.4873860776424408,0,1.6560696197278568
s015,s037,5,6,0.4449426126037347,1.6926896572113037,-1.6926896572113037,0,1.6560696197278568
s015,s002,4,25,0.9962132367679203,0.7332331538200378,-0.7332331538200378,0,1.6560696197278568
s015,s022,4,17,2.2242644603835392e-58,23.640478134155273,-23.640478134155273,0,1.6560696197278568
s015,s057,4,38,0.00018893234041152663,3.075972557067871,-3.075972557067871,0,1.6560696197278568
s015,s030,4,25,9.471565363414861e-52,21.112590789794922,-21.112590789794922,0,1.6560696197278568
s015,s053,8,34,1.946281214492309e-07,4.215057373046875,-4.215057373046875,0,1.6560696197278568
s015,s016,8,34,1.4672403983911485e-07,4.261847496032715,-4.261847496032715,0,1.6560696197278568
s015,s004,1,14,4.358131849899685e-07,4.081557750701904,-4.081557750701904,0,1.6560696197278568
s015,s027,7,44,5.456825750346787e-07,4.044325351715088,-4.044325351715088,0,1.6560696197278568
s015,s053,2,1,9.19095954783954e-09,4.7206339836120605,-4.7206339836120605,0,1.6560696197278568
s015,s005,3,3,2.235736776468168e-25,11.055930137634277,-11.055930137634277,0,1.6560696197278568
s015,s057,1,22,5.2814637296892865e-14,6.719003677368164,-6.719003677368164,0,1.6560696197278568
s015,s019,3,31,0.038767334829545384,2.1877737045288086,-2.1877737045288086,0,1.6560696197278568
s015,s035,2,3,0.471981261242661,1.6746494770050049,-1.6746494770050049,0,1.6560696197278568
s015,s022,7,4,3.6629478412927195e-29,12.499466896057129,-12.499466896057129,0,1.6560696197278568
s015,s010,3,3,0.0003746879847563566,2.962549924850464,-2.962549924850464,0,1.6560696197278568
s015,s044,3,6,0.00010135200460751211,3.1791253089904785,-3.1791253089904785,0,1.6560696197278568
s015,s032,7,16,3.696892166721752e-16,7.5407257080078125,-7.5407257080078125,0,1.6560696197278568
s016,s016,5,13,0.9998917802776233,0.08603984117507935,-0.08603984117507935,1,0.9903737853332
s016,s016,6,46,0.8958834288390516,0.7772157192230225,-0.7772157192230225,1,0.9903737853332
s016,s016,8,15,0.9854636195164491,0.5727868676185608,-0.5727868676185608,1,0.9903737853332
s016,s016,6,2,0.9903106212306932,0.5321289896965027,-0.5321289896965027,1,0.9903737853332
s016,s016,8,41,0.9995073760632077,0.2361772358417511,-0.2361772358417511,1,0.9903737853332
s016,s016,8,16,0.9900547368877648,0.5347360968589783,-0.5347360968589783,1,0.9903737853332
s016,s016,7,4,0.999557793977228,0.2254791557788849,-0.2254791557788849,1,0.9903737853332
s016,s016,6,20,0.8388969845975655,0.8269577622413635,-0.8269577622413635,1,0.9903737853332
s016,s016,5,2,0.9948080962575993,0.4698878526687622,-0.4698878526687622,1,0.9903737853332
s016,s016,4,12,0.9982411726871077,0.36234334111213684,-0.36234334111213684,1,0.9903737853332
s016,s016,1,44,0.9091517297950433,0.7622588872909546,-0.7622588872909546,1,0.9903737853332
s016,s016,5,18,0.06153354520201443,1.2602174282073975,-1.2602174282073975,1,0.9903737853332
s016,s016,4,41,0.9999270535465802,0.04697224497795105,-0.04697224497795105,1,0.9903737853332
s016,s016,7,10,0.9809863563527236,0.5998296141624451,-0.5998296141624451,1,0.9903737853332
s016,s016,6,10,0.9988892544878405,0.3167599141597748,-0.3167599141597748,1,0.9903737853332
s016,s016,3,6,0.9621472803216323,0.6699418425559998,-0.6699418425559998,1,0.9903737853332
s016,s016,2,4,0.9999075911874572,0.07039618492126465,-0.07039618492126465,1,0.9903737853332
s016,s016,1,2,0.9948227817371366,0.46960586309432983,-0.46960586309432983,1,0.9903737853332
s016,s016,1,50,0.9531248644205633,0.6920475959777832,-0.6920475959777832,1,0.9903737853332
s016,s016,2,31,0.9991268313072303,0.29290223121643066,-0.29290223121643066,1,0.9903737853332
s016,s016,5,6,0.9998632280783589,0.10923238098621368,-0.10923238098621368,1,0.9903737853332
s016,s016,1,35,0.9548787190009681,0.6880888938903809,-0.6880888938903809,1,0.9903737853332
s016,s016,6,14,0.9817527966607972,0.595677375793457,-0.595677375793457,1,0.9903737853332
s016,s016,2,42,0.9998090192917483,0.14230214059352875,-0.14230214059352875,1,0.9903737853332
s016,s016,7,40,0.9765806805176795,0.6209152340888977,-0.6209152340888977,1,0.9903737853332
s016,s016,2,3,0.00021988460533393513,1.824485182762146,-1.824485182762146,1,0.9903737853332
s016,s016,7,46,0.9995858534849711,0.21898387372493744,-0.21898387372493744,1,0.9903737853332
s016,s016,6,15,0.9917122769391877,0.5165138244628906,-0.5165138244628906,1,0.9903737853332
s016,s016,5,42,0.9996968243016118,0.18808239698410034,-0.18808239698410034,1,0.9903737853332
s016,s016,1,14,0.9997841587617002,0.15442387759685516,-0.15442387759685516,1,0.9903737853332
s016,s016,7,16,0.9919825934140937,0.5132027268409729,-0.5132027268409729,1,0.9903737853332
s016,s016,2,39,0.9996749987417535,0.1949692964553833,-0.1949692964553833,1,0.9903737853332
s016,s016,6,24,0.9546256901277047,0.688668966293335,-0.688668966293335,1,0.9903737853332
s016,s016,4,17,0.023054237533321545,1.3614253997802734,-1.3614253997802734,1,0.9903737853332
s016,s016,7,29,0.6940072669420299,0.9092699885368347,-0.9092699885368347,1,0.9903737853332
s016,s016,8,44,0.9903585625457534,0.5316329598426819,-0.5316329598426819,1,0.9903737853332
s016,s016,3,35,0.9217578045574173,0.7461007237434387,-0.7461007237434387,1,0.9903737853332
s016,s016,7,7,0.9963151813976036,0.4357800781726837,-0.4357800781726837,1,0.9903737853332
s016,s016,8,34,0.8086183446684231,0.8476552367210388,-0.8476552367210388,1,0.9903737853332
s016,s016,7,20,0.9851518023042543,0.5749201774597168,-0.5749201774597168,1,0.9903737853332
s016,s016,5,44,0.9985717380111295,0.3416920602321625,-0.3416920602321625,1,0.9903737853332
s016,s016,2,5,0.0007839171117984662,1.6985329389572144,-1.6985329389572144,1,0.9903737853332
s016,s016,2,1,0.9996782162305204,0.19398362934589386,-0.19398362934589386,1,0.9903737853332
s016,s016,4,25,0.15931537966281578,1.155105710029602,-1.155105710029602,1,0.9903737853332
s016,s016,4,40,0.9976816773574774,0.38975265622138977,-0.38975265622138977,1,0.9903737853332
s016,s016,8,48,0.7448670943146838,0.8842630386352539,-0.8842630386352539,1,0.9903737853332
s016,s016,4,38,0.9996087367051824,0.21335241198539734,-0.21335241198539734,1,0.9903737853332
s016,s016,4,20,0.99988546624449,0.09165647625923157,-0.09165647625923157,1,0.9903737853332
s016,s016,2,9,0.9887485872118601,0.5470877885818481,-0.5470877885818481,1,0.9903737853332
s016,s016,1,49,0.9960230607883886,0.44336479902267456,-0.44336479902267456,1,0.9903737853332
s016,s016,7,45,0.696891119651974,0.9079214930534363,-0.9079214930534363,1,0.9903737853332
s016,s016,5,36,0.9792031649559485,0.6088879108428955,-0.6088879108428955,1,0.9903737853332
s016,s016,6,3,0.9987740884771856,0.3265416920185089,-0.3265416920185089,1,0.9903737853332
s016,s016,1,22,0.9986137517739114,0.33873090147972107,-0.33873090147972107,1,0.9903737853332
s016,s016,7,14,0.9944441004504049,0.4766348600387573,-0.4766348600387573,1,0.9903737853332
s016,s016,4,11,0.3133034197817261,1.0680904388427734,-1.0680904388427734,1,0.9903737853332
s016,s016,6,27,0.006328420558753392,1.4911420345306396,-1.4911420345306396,1,0.9903737853332
s016,s016,4,42,0.9999113930916538,0.0662349984049797,-0.0662349984049797,1,0.9903737853332
s016,s016,6,44,0.9962865598446182,0.43654921650886536,-0.43654921650886536,1,0.9903737853332
s016,s016,7,44,0.8545034982200845,0.8150411248207092,-0.8150411248207092,1,0.9903737853332
s016,s016,6,8,0.9922973268674428,0.5092051029205322,-0.5092051029205322,1,0.9903737853332
s016,s016,7,9,0.9922839659854013,0.5093780755996704,-0.5093780755996704,1,0.9903737853332
s016,s016,3,50,0.9638518203170918,0.6652032732963562,-0.6652032732963562,1,0.9903737853332
s016,s016,3,31,0.0041322490880727905,1.5335732698440552,-1.5335732698440552,1,0.9903737853332
s016,s016,4,2,0.49019110555655193,0.9942600727081299,-0.9942600727081299,1,0.9903737853332
s016,s016,8,10,0.811902761577284,0.845539391040802,-0.845539391040802,1,0.9903737853332
s016,s016,2,50,0.9997036844981779,0.1858149766921997,-0.1858149766921997,1,0.9903737853332
s016,s016,8,23,0.9709678762993099,0.6427634358406067,-0.6427634358406067,1,0.9903737853332
s016,s016,2,38,0.9994147227787382,0.2532544732093811,-0.2532544732093811,1,0.9903737853332
s016,s016,7,31,0.9365020005721402,0.7238500118255615,-0.7238500118255615,1,0.9903737853332
s016,s016,5,15,0.09104589885615856,1.2182519435882568,-1.2182519435882568,1,0.9903737853332
s016,s016,3,22,0.9969715557132935,0.4162864685058594,-0.4162864685058594,1,0.9903737853332
s016,s016,8,50,0.9912599604271405,0.5218217968940735,-0.5218217968940735,1,0.9903737853332
s016,s016,1,21,0.9994202108571683,0.25232088565826416,-0.25232088565826416,1,0.9903737853332
s016,s016,4,39,0.9993319700819413,0.2663601040840149,-0.2663601040840149,1,0.9903737853332
s016,s016,2,22,0.9989148394851457,0.3144494593143463,-0.3144494593143463,1,0.9903737853332
s016,s016,3,7,0.2503800032971571,1.0989768505096436,-1.0989768505096436,1,0.9903737853332
s016,s016,6,21,0.1007015979517486,1.2072114944458008,-1.2072114944458008,1,0.9903737853332
s016,s016,7,49,0.827895773984138,0.8348071575164795,-0.8348071575164795,1,0.9903737853332
s016,s016,3,3,0.7883296947374097,0.8601508736610413,-0.8601508736610413,1,0.9903737853332
s016,s021,6,2,0.8456891581229958,0.8218930959701538,-0.8218930959701538,0,0.9903737853332
s016,s042,6,15,2.0021542944542685e-05,2.0618276596069336,-2.0618276596069336,0,0.9903737853332
s016,s036,8,16,1.0931431674209711e-16,4.630225658416748,-4.630225658416748,0,0.9903737853332
s016,s056,3,7,0.0013700606822812913,1.643181562423706,-1.643181562423706,0,0.9903737853332
s016,s055,7,9,2.9394837266301338e-05,2.0237953662872314,-2.0237953662872314,0,0.9903737853332
s016,s033,7,10,2.1112111264995915e-08,2.7407028675079346,-2.7407028675079346,0,0.9903737853332
s016,s015,7,9,6.542770275784387e-06,2.1725971698760986,-2.1725971698760986,0,0.9903737853332
s016,s049,7,44,0.852109017017983,0.816935658454895,-0.816935658454895,0,0.9903737853332
s016,s013,2,4,0.0012256649332927263,1.6542258262634277,-1.6542258262634277,0,0.9903737853332
s016,s056,5,2,0.0014932032000051084,1.6346453428268433,-1.6346453428268433,0,0.9903737853332
s016,s048,2,42,0.03227109694482225,1.3271781206130981,-1.3271781206130981,0,0.9903737853332
s016,s008,6,21,2.0086230067085112e-06,2.2895519733428955,-2.2895519733428955,0,0.9903737853332
s016,s050,4,11,0.24039171445609145,1.1043195724487305,-1.1043195724487305,0,0.9903737853332
s016,s015,6,27,6.000001248832842e-08,2.637258529663086,-2.637258529663086,0,0.9903737853332
s016,s039,6,3,0.10298680853716041,1.2047371864318848,-1.2047371864318848,0,0.9903737853332
s016,s021,1,21,0.49366701464735624,0.9928827285766602,-0.9928827285766602,0,0.9903737853332
s016,s003,2,38,1.3239181100298469e-05,2.102792978286743,-2.102792978286743,0,0.9903737853332
s016,s028,6,27,3.038813543652774e-11,3.388758897781372,-3.388758897781372,0,0.9903737853332
s016,s025,1,50,0.14793026162730627,1.1637810468673706,-1.1637810468673706,0,0.9903737853332
s016,s008,7,31,0.0007730299532781338,1.6999191045761108,-1.6999191045761108,0,0.9903737853332
s016,s042,2,1,0.9935582057129212,0.4913753867149353,-0.4913753867149353,0,0.9903737853332
s016,s051,1,50,0.009728187166625244,1.448218822479248,-1.448218822479248,0,0.9903737853332
s016,s032,7,31,3.959367659669074e-07,2.4503839015960693,-2.4503839015960693,0,0.9903737853332
s016,s011,2,4,8.525230911279203e-07,2.374427556991577,-2.374427556991577,0,0.9903737853332
s016,s050,2,39,0.12272288777016152,1.1851698160171509,-1.1851698160171509,0,0.9903737853332
s016,s041,7,29,1.0358515189483381e-16,4.635557174682617,-4.635557174682617,0,0.9903737853332
s016,s004,8,34,0.005817824861300279,1.4995243549346924,-1.4995243549346924,0,0.9903737853332
s016,s046,8,41,0.24204470957617008,1.103425145149231,-1.103425145149231,0,0.9903737853332
s016,s054,4,2,0.17579083721879976,1.1433993577957153,-1.1433993577957153,0,0.9903737853332
s016,s034,7,49,6.56154047861421e-06,2.1723134517669678,-2.1723134517669678,0,0.9903737853332
s016,s029,7,7,1.0227220088889306e-06,2.356400489807129,-2.356400489807129,0,0.9903737853332
s016,s027,7,49,0.0013121187166813375,1.6474668979644775,-1.6474668979644775,0,0.9903737853332
s016,s039,5,15,0.0016417290759760117,1.6252392530441284,-1.6252392530441284,0,0.9903737853332
s016,s012,2,39,6.043662717624421e-19,5.145002365112305,-5.145002365112305,0,0.9903737853332
s016,s049,6,2,0.5426389918031574,0.9734412431716919,-0.9734412431716919,0,0.9903737853332
s016,s002,8,50,1.5053623686720604e-09,3.002242088317871,-3.002242088317871,0,0.9903737853332
s016,s053,4,40,3.720370384061995e-06,2.2285077571868896,-2.2285077571868896,0,0.9903737853332
s016,s003,8,41,2.540942358315283e-29,7.51123571395874,-7.51123571395874,0,0.9903737853332
s016,s033,1,49,9.360856924028537e-06,2.1371240615844727,-2.1371240615844727,0,0.9903737853332
s016,s015,3,7,8.734199347471553e-09,2.828113317489624,-2.828113317489624,0,0.9903737853332
s016,s043,6,8,1.0537136536899872e-09,3.037569999694824,-3.037569999694824,0,0.9903737853332
s016,s046,4,25,0.7545689633471331,0.8791418671607971,-0.8791418671607971,0,0.9903737853332
s016,s047,6,24,0.9614906600293309,0.6717126965522766,-0.6717126965522766,0,0.9903737853332
s016,s054,7,16,0.0015201785767185803,1.6328694820404053,-1.6328694820404053,0,0.9903737853332
s016,s008,4,42,0.0007478893233886905,1.7031960487365723,-1.7031960487365723,0,0.9903737853332
s016,s028,5,44,4.672014678974254e-09,2.8900766372680664,-2.8900766372680664,0,0.9903737853332
s016,s043,3,35,0.0003109259684840436,1.7901644706726074,-1.7901644706726074,0,0.9903737853332
s016,s008,3,22,0.0014001982928991622,1.6410236358642578,-1.6410236358642578,0,0.9903737853332
s016,s008,3,31,0.00040729743348448706,1.7634159326553345,-1.7634159326553345,0,0.9903737853332
s016,s022,4,2,1.743977013235961e-15,4.355922222137451,-4.355922222137451,0,0.9903737853332
s016,s028,2,5,3.4989109476994323e-11,3.374796152114868,-3.374796152114868,0,0.9903737853332
s016,s037,2,1,0.026470397204209888,1.3473937511444092,-1.3473937511444092,0,0.9903737853332
s016,s050,8,48,0.09803858561092822,1.2101585865020752,-1.2101585865020752,0,0.9903737853332
s016,s013,7,10,8.871491974967514e-07,2.3704845905303955,-2.3704845905303955,0,0.9903737853332
s016,s011,5,18,3.0043938467574993e-09,2.933803081512451,-2.933803081512451,0,0.9903737853332
s016,s033,7,44,2.888543413236252e-12,3.62182354927063,-3.62182354927063,0,0.9903737853332
s016,s030,7,46,2.9170778041086393e-15,4.304975986480713,-4.304975986480713,0,0.9903737853332
s016,s051,6,3,9.948042565064253e-11,3.2713096141815186,-3.2713096141815186,0,0.9903737853332
s016,s040,4,11,1.5948666378465084e-05,2.084352493286133,-2.084352493286133,0,0.9903737853332
s016,s007,6,8,4.543371506599744e-06,2.2087154388427734,-2.2087154388427734,0,0.9903737853332
s016,s007,7,4,0.06183318332859725,1.2597047090530396,-1.2597047090530396,0,0.9903737853332
s016,s013,6,21,1.0835008901706082e-05,2.1226401329040527,-2.1226401329040527,0,0.9903737853332
s016,s037,5,6,0.5584227328998087,0.9671234488487244,-0.9671234488487244,0,0.9903737853332
s016,s002,4,25,0.06662314083417159,1.2518084049224854,-1.2518084049224854,0,0.9903737853332
s016,s022,4,17,4.4325630966076983e-14,4.035497188568115,-4.035497188568115,0,0.9903737853332
s016,s057,4,38,0.0002958466063113684,1.7950894832611084,-1.7950894832611084,0,0.9903737853332
s016,s030,4,25,1.425657609854738e-10,3.2356717586517334,-3.2356717586517334,0,0.9903737853332
s016,s053,8,34,3.817013864583988e-07,2.454010248184204,-2.454010248184204,0,0.9903737853332
s016,s015,8,34,6.510721095364188e-05,1.945035696029663,-1.945035696029663,0,0.9903737853332
s016,s004,1,14,0.9325713199407293,0.7302149534225464,-0.7302149534225464,0,0.9903737853332
s016,s027,7,44,0.5956247733838252,0.9520198106765747,-0.9520198106765747,0,0.9903737853332
s016,s053,2,1,0.012986858493637657,1.4192794561386108,-1.4192794561386108,0,0.9903737853332
s016,s005,3,3,0.6044862938912894,0.9483627676963806,-0.9483627676963806,0,0.9903737853332
s016,s057,1,22,0.01674449892141639,1.3937331438064575,-1.3937331438064575,0,0.9903737853332
s016,s019,3,31,0.8952124244735504,0.7779261469841003,-0.7779261469841003,0,0.9903737853332
s016,s035,2,3,0.007437877944283598,1.4750334024429321,-1.4750334024429321,0,0.9903737853332
s016,s022,7,4,1.7047037941724453e-12,3.6740520000457764,-3.6740520000457764,0,0.9903737853332
s016,s010,3,3,6.6949866725437724e-12,3.538572072982788,-3.538572072982788,0,0.9903737853332
s016,s044,3,6,2.0170300887304365e-06,2.2891383171081543,-2.2891383171081543,0,0.9903737853332
s016,s032,7,16,3.354748977813719e-06,2.238752841949463,-2.238752841949463,0,0.9903737853332
s017,s017,5,13,0.9991306179611316,0.5509029626846313,-0.5509029626846313,1,1.865480862603043
s017,s017,6,46,0.9903403633476625,1.0017459392547607,-1.0017459392547607,1,1.865480862603043
s017,s017,8,15,0.9997559938825422,0.3137602210044861,-0.3137602210044861,1,1.865480862603043
s017,s017,6,2,0.995009637433944,0.877663254737854,-0.877663254737854,1,1.865480862603043
s017,s017,8,41,0.9991656604779109,0.5432214140892029,-0.5432214140892029,1,1.865480862603043
s017,s017,8,16,0.9997784702232858,0.2957287132740021,-0.2957287132740021,1,1.865480862603043
s017,s017,7,4,0.9986346367889591,0.6352021098136902,-0.6352021098136902,1,1.865480862603043
s017,s017,6,20,0.9996801890223793,0.3642424941062927,-0.3642424941062927,1,1.865480862603043
s017,s017,5,2,0.9998560346673276,0.21531490981578827,-0.21531490981578827,1,1.865480862603043
s017,s017,4,12,0.99979142253492,0.28448742628097534,-0.28448742628097534,1,1.865480862603043
s017,s017,1,44,0.9990442547337507,0.5685868263244629,-0.5685868263244629,1,1.865480862603043
s017,s017,5,18,0.9996480196531412,0.3821282386779785,-0.3821282386779785,1,1.865480862603043
s017,s017,4,41,0.9994101276800068,0.4784931540489197,-0.4784931540489197,1,1.865480862603043
s017,s017,7,10,0.9986463343722793,0.633594810962677,-0.633594810962677,1,1.865480862603043
s017,s017,6,10,0.9998809133667098,0.17991812527179718,-0.17991812527179718,1,1.865480862603043
s017,s017,3,6,0.9998742822518044,0.19002804160118103,-0.19002804160118103,1,1.865480862603043
s017,s017,2,4,0.9778041811117635,1.1593207120895386,-1.1593207120895386,1,1.865480862603043
s017,s017,1,2,1.0525048985164512e-30,14.742219924926758,-14.742219924926758,1,1.865480862603043
s017,s017,1,50,0.9986774299687026,0.6292537450790405,-0.6292537450790405,1,1.865480862603043
s017,s017,2,31,0.9992764208970375,0.5166305899620056,-0.5166305899620056,1,1.865480862603043
s017,s017,5,6,0.9996527292526302,0.3796144425868988,-0.3796144425868988,1,1.865480862603043
s017,s017,1,35,0.9980576294390164,0.7010660171508789,-0.7010660171508789,1,1.865480862603043
s017,s017,6,14,0.999545439708733,0.4298580288887024,-0.4298580288887024,1,1.865480862603043
s017,s017,2,42,0.6496477200508664,1.7502890825271606,-1.7502890825271606,1,1.865480862603043
s017,s017,7,40,0.9761074664128006,1.1733862161636353,-1.1733862161636353,1,1.865480862603043
s017,s017,2,3,0.9934231425992576,0.9294572472572327,-0.9294572472572327,1,1.865480862603043
s017,s017,7,46,0.9998213055048653,0.2556353807449341,-0.2556353807449341,1,1.865480862603043
s017,s017,6,15,0.9958339912491662,0.843827486038208,-0.843827486038208,1,1.865480862603043
s017,s017,5,42,0.9992982714731112,0.5109063386917114,-0.5109063386917114,1,1.865480862603043
s017,s017,1,14,1.0331544828979682e-06,4.436653137207031,-4.436653137207031,1,1.865480862603043
s017,s017,7,16,0.999505349331982,0.44563278555870056,-0.44563278555870056,1,1.865480862603043
s017,s017,2,39,0.9997019725526043,0.35107848048210144,-0.35107848048210144,1,1.865480862603043
s017,s017,6,24,0.6310682628164964,1.7653414011001587,-1.7653414011001587,1,1.865480862603043
s017,s017,4,17,0.9997134903180402,0.343723863363266,-0.343723863363266,1,1.865480862603043
s017,s017,7,29,0.9998296022744624,0.2467648983001709,-0.2467648983001709,1,1.865480862603043
s017,s017,8,44,0.9996708437918633,0.3696172535419464,-0.3696172535419464,1,1.865480862603043
s017,s017,3,35,0.9997979844598458,0.2785230278968811,-0.2785230278968811,1,1.865480862603043
s017,s017,7,7,0.9993236031384407,0.5040428638458252,-0.5040428638458252,1,1.865480862603043
s017,s017,8,34,0.9956707266548089,0.8510292172431946,-0.8510292172431946,1,1.865480862603043
s017,s017,7,20,0.9986368276905002,0.6349021196365356,-0.6349021196365356,1,1.865480862603043
s017,s017,5,44,0.9985060848018287,0.6520116925239563,-0.6520116925239563,1,1.865480862603043
s017,s017,2,5,0.03302171454318363,2.495455741882324,-2.495455741882324,1,1.865480862603043
s017,s017,2,1,0.0004749832723190715,3.2929012775421143,-3.2929012775421143,1,1.865480862603043
s017,s017,4,25,0.9969637333077609,0.7846052646636963,-0.7846052646636963,1,1.865480862603043
s017,s017,4,40,0.9993159853793773,0.506133496761322,-0.506133496761322,1,1.865480862603043
s017,s017,8,48,0.9962356223711819,0.824840784072876,-0.824840784072876,1,1.865480862603043
s017,s017,4,38,0.9992062991604381,0.5338987708091736,-0.5338987708091736,1,1.865480862603043
s017,s017,4,20,0.9996684488691499,0.37097010016441345,-0.37097010016441345,1,1.865480862603043
s017,s017,2,9,0.9537590274979667,1.30088472366333,-1.30088472366333,1,1.865480862603043
s017,s017,1,49,0.9997752597408633,0.2984134256839752,-0.2984134256839752,1,1.865480862603043
s017,s017,7,45,0.9986901038147514,0.6274551153182983,-0.6274551153182983,1,1.865480862603043
s017,s017,5,36,0.9991981494428177,0.5358060002326965,-0.5358060002326965,1,1.865480862603043
s017,s017,6,3,0.9995870592782444,0.4119367003440857,-0.4119367003440857,1,1.865480862603043
s017,s017,1,22,0.03996420496555853,2.45851469039917,-2.45851469039917,1,1.865480862603043
s017,s017,7,14,0.9980281292831166,0.7038834691047668,-0.7038834691047668,1,1.865480862603043
s017,s017,4,11,0.9998526475157291,0.21965372562408447,-0.21965372562408447,1,1.865480862603043
s017,s017,6,27,0.9987692113164207,0.6158197522163391,-0.6158197522163391,1,1.865480862603043
s017,s017,4,42,0.9997771918044897,0.2968024015426636,-0.2968024015426636,1,1.865480862603043
s017,s017,6,44,0.9404817254613513,1.3505878448486328,-1.3505878448486328,1,1.865480862603043
s017,s017,7,44,0.9998967372917438,0.15331809222698212,-0.15331809222698212,1,1.865480862603043
s017,s017,6,8,0.9992292719139735,0.5284153819084167,-0.5284153819084167,1,1.865480862603043
s017,s017,7,9,0.9990400858875006,0.5693995356559753,-0.5693995356559753,1,1.865480862603043
s017,s017,3,50,0.9997975280793905,0.27894407510757446,-0.27894407510757446,1,1.865480862603043
s017,s017,3,31,0.9992541850538588,0.5222811102867126,-0.5222811102867126,1,1.865480862603043
s017,s017,4,2,0.997965220229511,0.7097537517547607,-0.7097537517547607,1,1.865480862603043
s017,s017,8,10,0.99666455589134,0.8021925091743469,-0.8021925091743469,1,1.865480862603043
s017,s017,2,50,0.9726982703271883,1.1989214420318604,-1.1989214420318604,1,1.865480862603043
s017,s017,8,23,0.9997105647726738,0.3456195890903473,-0.3456195890903473,1,1.865480862603043
s017,s017,2,38,0.9998167930168604,0.2602885365486145,-0.2602885365486145,1,1.865480862603043
s017,s017,7,31,0.987139820095624,1.0557360649108887,-1.0557360649108887,1,1.865480862603043
s017,s017,5,15,0.987349010269287,1.0526371002197266,-1.0526371002197266,1,1.865480862603043
s017,s017,3,22,0.10125994927814087,2.2727718353271484,-2.2727718353271484,1,1.865480862603043
s017,s017,8,50,0.9995977493774836,0.4070417881011963,-0.4070417881011963,1,1.865480862603043
s017,s017,1,21,0.9974666732676017,0.750728189945221,-0.750728189945221,1,1.865480862603043
s017,s017,4,39,0.9996985721063544,0.35319554805755615,-0.35319554805755615,1,1.865480862603043
s017,s017,2,22,0.9997393649302911,0.32606205344200134,-0.32606205344200134,1,1.865480862603043
s017,s017,3,7,0.9998925452396016,0.16074229776859283,-0.16074229776859283,1,1.865480862603043
s017,s017,6,21,0.9996150742588402,0.3988257944583893,-0.3988257944583893,1,1.865480862603043
s017,s017,7,49,0.9995055047494842,0.4455741345882416,-0.4455741345882416,1,1.865480862603043
s017,s017,3,3,0.9988538851091198,0.6025072932243347,-0.6025072932243347,1,1.865480862603043
s017,s021,6,2,4.320586552750646e-23,11.471973419189453,-11.471973419189453,0,1.865480862603043
s017,s042,6,15,8.650054778595316e-59,26.806018829345703,-26.806018829345703,0,1.865480862603043
s017,s036,8,16,3.019363928644807e-163,71.67481994628906,-71.67481994628906,0,1.865480862603043
s017,s056,3,7,5.240082633406738e-33,15.73140811920166,-15.73140811920166,0,1.865480862603043
s017,s055,7,9,3.7013818921523094e-36,17.08488655090332,-17.08488655090332,0,1.865480862603043
s017,s033,7,10,1.6860763125298349e-155,68.34716796875,-68.34716796875,0,1.865480862603043
s017,s015,7,9,2.0190124640119346e-18,9.466181755065918,-9.466181755065918,0,1.865480862603043
s017,s049,7,44,8.669128181015415e-30,14.348865509033203,-14.348865509033203,0,1.865480862603043
s017,s013,2,4,1.2009442339094963e-12,6.985836505889893,-6.985836505889893,0,1.865480862603043
s017,s056,5,2,2.0764839790155223e-11,6.454145908355713,-6.454145908355713,0,1.865480862603043
s017,s048,2,42,1.4268321177136483e-17,9.101399421691895,-9.101399421691895,0,1.865480862603043
s017,s008,6,21,8.709444014109153e-54,24.657028198242188,-24.657028198242188,0,1.865480862603043
s017,s050,4,11,6.546281046375778e-20,10.105833053588867,-10.105833053588867,0,1.865480862603043
s017,s015,6,27,2.9552342726474895e-16,8.536026954650879,-8.536026954650879,0,1.865480862603043
s017,s039,6,3,1.5309506966366163e-13,7.370089054107666,-7.370089054107666,0,1.865480862603043
s017,s021,1,21,5.974411237282726e-20,10.122885704040527,-10.122885704040527,0,1.865480862603043
s017,s003,2,38,6.5366495455788695e-115,50.91267776489258,-50.91267776489258,0,1.865480862603043
s017,s028,6,27,0.9695026424795503,1.220184326171875,-1.220184326171875,0,1.865480862603043
s017,s025,1,50,2.6465601060549968e-14,7.697520732879639,-7.697520732879639,0,1.865480862603043
s017,s008,7,31,8.607336178628379e-45,20.79334259033203,-20.79334259033203,0,1.865480862603043
s017,s042,2,1,5.61745504348274e-90,40.20237731933594,-40.20237731933594,0,1.865480862603043
s017,s051,1,50,1.1895507426318153e-10,6.128529071807861,-6.128529071807861,0,1.865480862603043
s017,s032,7,31,5.473353160824102e-92,41.06631088256836,-41.06631088256836,0,1.865480862603043
s017,s011,2,4,7.093606287422944e-86,38.44068145751953,-38.44068145751953,0,1.865480862603043
s017,s050,2,39,1.770044515387788e-37,17.65204620361328,-17.65204620361328,0,1.865480862603043
s017,s041,7,29,1.7743969775421493e-165,72.63307189941406,-72.63307189941406,0,1.865480862603043
s017,s004,8,34,3.0349683260561316e-50,23.135517120361328,-23.135517120361328,0,1.865480862603043
s017,s046,8,41,1.2398780549613561e-45,21.15479850769043,-21.15479850769043,0,1.865480862603043
s017,s054,4,2,1.98955720068347e-14,7.750751972198486,-7.750751972198486,0,1.865480862603043
s017,s034,7,49,8.229686410984793e-50,22.949426651000977,-22.949426651000977,0,1.865480862603043
s017,s029,7,7,1.0009845062506282e-08,5.301640033721924,-5.301640033721924,0,1.865480862603043
s017,s027,7,49,1.966463408325411e-70,31.807329177856445,-31.807329177856445,0,1.865480862603043
s017,s039,5,15,2.1618980700300176e-13,7.30571174621582,-7.30571174621582,0,1.865480862603043
s017,s012,2,39,2.6320435402671745e-168,73.84814453125,-73.84814453125,0,1.865480862603043
s017,s049,6,2,5.02451008854724e-152,66.85484313964844,-66.85484313964844,0,1.865480862603043
s017,s002,8,50,4.334057491989241e-140,61.7279052734375,-61.7279052734375,0,1.865480862603043
s017,s053,4,40,8.46211846754567e-28,13.494288444519043,-13.494288444519043,0,1.865480862603043
s017,s003,8,41,7.80255777307092e-217,94.69302368164062,-94.69302368164062,0,1.865480862603043
s017,s033,1,49,3.0929181729416162e-176,77.25438690185547,-77.25438690185547,0,1.865480862603043
s017,s015,3,7,0.0023173567272579275,2.996896505355835,-2.996896505355835,0,1.865480862603043
s017,s043,6,8,1.0219986919186206e-16,8.73410701751709,-8.73410701751709,0,1.865480862603043
s017,s046,4,25,1.7881638590217215e-25,12.49563217163086,-12.49563217163086,0,1.865480862603043
s017,s047,6,24,5.637226522055588e-37,17.435951232910156,-17.435951232910156,0,1.865480862603043
s017,s054,7,16,4.799058653201149e-25,12.311466217041016,-12.311466217041016,0,1.865480862603043
s017,s008,4,42,3.1863456307156714e-28,13.676494598388672,-13.676494598388672,0,1.865480862603043
s017,s028,5,44,0.6994050766294174,1.7079472541809082,-1.7079472541809082,0,1.865480862603043
s017,s043,3,35,4.354906488353748e-14,7.604611873626709,-7.604611873626709,0,1.865480862603043
s017,s008,3,22,5.920994650675002e-46,21.292675018310547,-21.292675018310547,0,1.865480862603043
s017,s008,3,31,4.660721964984755e-33,15.753265380859375,-15.753265380859375,0,1.865480862603043
s017,s022,4,2,2.4740790266982213e-286,124.54574584960938,-124.54574584960938,0,1.865480862603043
s017,s028,2,5,1.618507758895637e-06,4.352913856506348,-4.352913856506348,0,1.865480862603043
s017,s037,2,1,2.654105001670772e-107,47.644474029541016,-47.644474029541016,0,1.865480862603043
s017,s050,8,48,6.254305019756777e-26,12.691601753234863,-12.691601753234863,0,1.865480862603043
s017,s013,7,10,1.4629058309441578e-17,9.096741676330566,-9.096741676330566,0,1.865480862603043
s017,s011,5,18,2.5101780093185675e-88,39.493560791015625,-39.493560791015625,0,1.865480862603043
s017,s033,7,44,5.538294532379505e-191,83.58885192871094,-83.58885192871094,0,1.865480862603043
s017,s030,7,46,3.782447121402936e-175,76.78730010986328,-76.78730010986328,0,1.865480862603043
s017,s051,6,3,0.0025922720980572347,2.9759316444396973,-2.9759316444396973,0,1.865480862603043
s017,s040,4,11,2.6377862118953815e-112,49.793338775634766,-49.793338775634766,0,1.865480862603043
s017,s007,6,8,9.30120601491849e-56,25.50385093688965,-25.50385093688965,0,1.865480862603043
s017,s007,7,4,2.883576042133219e-30,14.554205894470215,-14.554205894470215,0,1.865480862603043
s017,s013,6,21,4.7114248745582317e-14,7.589932918548584,-7.589932918548584,0,1.865480862603043
s017,s037,5,6,3.4253694490603796e-26,12.803915023803711,-12.803915023803711,0,1.865480862603043
s017,s002,4,25,6.953893535196575e-16,8.37639331817627,-8.37639331817627,0,1.865480862603043
s017,s022,4,17,4.548528809130922e-165,72.45746612548828,-72.45746612548828,0,1.865480862603043
s017,s057,4,38,1.2419421287830326e-43,20.29540252685547,-20.29540252685547,0,1.865480862603043
s017,s030,4,25,1.751922933847571e-148,65.33322143554688,-65.33322143554688,0,1.865480862603043
s017,s053,8,34,2.6081537259815993e-49,22.7342472076416,-22.7342472076416,0,1.865480862603043
s017,s015,8,34,7.912760293719283e-22,10.929553031921387,-10.929553031921387,0,1.865480862603043
s017,s004,1,14,6.458395586128876e-52,23.85372543334961,-23.85372543334961,0,1.865480862603043
s017,s027,7,44,2.3891287963161016e-50,23.180152893066406,-23.180152893066406,0,1.865480862603043
s017,s053,2,1,2.610245796223352e-58,26.59998321533203,-26.59998321533203,0,1.865480862603043
s017,s005,3,3,1.6943423557430813e-81,36.56008529663086,-36.56008529663086,0,1.865480862603043
s017,s057,1,22,7.266999180573445e-73,32.85211944580078,-32.85211944580078,0,1.865480862603043
s017,s019,3,31,5.4883038380909215e-21,10.568260192871094,-10.568260192871094,0,1.865480862603043
s017,s035,2,3,3.104886875247214e-16,8.526811599731445,-8.526811599731445,0,1.865480862603043
s017,s022,7,4,1.191004542950718e-43,20.30321502685547,-20.30321502685547,0,1.865480862603043
s017,s010,3,3,0.7036436838438173,1.7041709423065186,-1.7041709423065186,0,1.865480862603043
s017,s044,3,6,1.1930591781053666e-15,8.275693893432617,-8.275693893432617,0,1.865480862603043
s017,s032,7,16,5.782405634445436e-81,36.331092834472656,-36.331092834472656,0,1.865480862603043
s018,s018,5,13,0.9566827074665296,0.43767639994621277,-0.43767639994621277,1,0.6338469524997653
s018,s018,6,46,0.9810373297222206,0.383722186088562,-0.383722186088562,1,0.6338469524997653
s018,s018,8,15,0.16668555878389482,0.735852062702179,-0.735852062702179,1,0.6338469524997653
s018,s018,6,2,0.9339477360539745,0.46594253182411194,-0.46594253182411194,1,0.6338469524997653
s018,s018,8,41,0.7864466434981833,0.5512162446975708,-0.5512162446975708,1,0.6338469524997653
s018,s018,8,16,0.9859894812849699,0.3642187714576721,-0.3642187714576721,1,0.6338469524997653
s018,s018,7,4,0.9946511727190335,0.302629292011261,-0.302629292011261,1,0.6338469524997653
s018,s018,6,20,2.1713089343032554e-14,2.627984046936035,-2.627984046936035,1,0.6338469524997653
s018,s018,5,2,0.9262382956148338,0.4734651744365692,-0.4734651744365692,1,0.6338469524997653
s018,s018,4,12,0.9192390435256214,0.4796920418739319,-0.4796920418739319,1,0.6338469524997653
s018,s018,1,44,0.9971839054468808,0.26180514693260193,-0.26180514693260193,1,0.6338469524997653
s018,s018,5,18,0.998522571249794,0.22083395719528198,-0.22083395719528198,1,0.6338469524997653
s018,s018,4,41,0.9989380129108957,0.19988040626049042,-0.19988040626049042,1,0.6338469524997653
s018,s018,7,10,0.34224409207880385,0.6752567887306213,-0.6752567887306213,1,0.6338469524997653
s018,s018,6,10,0.9959007366879012,0.2856849431991577,-0.2856849431991577,1,0.6338469524997653
s018,s018,3,6,0.2586126790562513,0.700603187084198,-0.700603187084198,1,0.6338469524997653
s018,s018,2,4,2.8687631952751383e-06,1.4427387714385986,-1.4427387714385986,1,0.6338469524997653
s018,s018,1,2,2.0173618900280957e-21,3.6542859077453613,-3.6542859077453613,1,0.6338469524997653
s018,s018,1,50,0.02508037975797691,0.8658519983291626,-0.8658519983291626,1,0.6338469524997653
s018,s018,2,31,0.9996287815442206,0.13321253657341003,-0.13321253657341003,1,0.6338469524997653
s018,s018,5,6,0.976407722447532,0.39786821603775024,-0.39786821603775024,1,0.6338469524997653
s018,s018,1,35,0.975950017994291,0.3991158604621887,-0.3991158604621887,1,0.6338469524997653
s018,s018,6,14,0.9918763716814435,0.3292948007583618,-0.3292948007583618,1,0.6338469524997653
s018,s018,2,42,0.9985750459281567,0.21853840351104736,-0.21853840351104736,1,0.6338469524997653
s018,s018,7,40,0.9898103581770737,0.34378960728645325,-0.34378960728645325,1,0.6338469524997653
s018,s018,2,3,8.396599828001614e-06,1.374666690826416,-1.374666690826416,1,0.6338469524997653
s018,s018,7,46,1.1711277813718204e-05,1.3535767793655396,-1.3535767793655396,1,0.6338469524997653
s018,s018,6,15,0.9981147011215388,0.23631197214126587,-0.23631197214126587,1,0.6338469524997653
s018,s018,5,42,0.9927797117612603,0.3217651844024658,-0.3217651844024658,1,0.6338469524997653
s018,s018,1,14,0.0008540177106413022,1.0816410779953003,-1.0816410779953003,1,0.6338469524997653
s018,s018,7,16,0.9668901583938736,0.41997087001800537,-0.41997087001800537,1,0.6338469524997653
s018,s018,2,39,0.999026109825096,0.19438579678535461,-0.19438579678535461,1,0.6338469524997653
s018,s018,6,24,0.9997227507441435,0.11470624804496765,-0.11470624804496765,1,0.6338469524997653
s018,s018,4,17,7.161351098021232e-118,17.731002807617188,-17.731002807617188,1,0.6338469524997653
s018,s018,7,29,0.12987299801726773,0.7544098496437073,-0.7544098496437073,1,0.6338469524997653
s018,s018,8,44,0.009028928468525946,0.9316442012786865,-0.9316442012786865,1,0.6338469524997653
s018,s018,3,35,0.9994270169243307,0.16073843836784363,-0.16073843836784363,1,0.6338469524997653
s018,s018,7,7,0.9392508431931014,0.46027877926826477,-0.46027877926826477,1,0.6338469524997653
s018,s018,8,34,0.8312771764287262,0.5327669978141785,-0.5327669978141785,1,0.6338469524997653
s018,s018,7,20,0.9707049739650369,0.4119621813297272,-0.4119621813297272,1,0.6338469524997653
s018,s018,5,44,0.9916480252416919,0.3310664892196655,-0.3310664892196655,1,0.6338469524997653
s018,s018,2,5,9.028078094601895e-06,1.370070457458496,-1.370070457458496,1,0.6338469524997653
s018,s018,2,1,0.042045428707749175,0.831990659236908,-0.831990659236908,1,0.6338469524997653
s018,s018,4,25,2.0490143013312186e-16,2.923555850982666,-2.923555850982666,1,0.6338469524997653
s018,s018,4,40,0.9997862102895109,0.09822701662778854,-0.09822701662778854,1,0.6338469524997653
s018,s018,8,48,0.9989798559339345,0.1973298192024231,-0.1973298192024231,1,0.6338469524997653
s018,s018,4,38,1.9922252261031487e-06,1.4658507108688354,-1.4658507108688354,1,0.6338469524997653
s018,s018,4,20,0.9944354601113902,0.3051490783691406,-0.3051490783691406,1,0.6338469524997653
s018,s018,2,9,0.9689243056926972,0.4158187806606293,-0.4158187806606293,1,0.6338469524997653
s018,s018,1,49,0.9983084306306838,0.22942689061164856,-0.22942689061164856,1,0.6338469524997653
s018,s018,7,45,0.512173708246699,0.6307598352432251,-0.6307598352432251,1,0.6338469524997653
s018,s018,5,36,0.989680291083704,0.34460189938545227,-0.34460189938545227,1,0.6338469524997653
s018,s018,6,3,0.998830464580326,0.2060016244649887,-0.2060016244649887,1,0.6338469524997653
s018,s018,1,22,0.07306561417993221,0.7948773503303528,-0.7948773503303528,1,0.6338469524997653
s018,s018,7,14,0.9572534572769779,0.4367978870868683,-0.4367978870868683,1,0.6338469524997653
s018,s018,4,11,0.999029402989609,0.19417089223861694,-0.19417089223861694,1,0.6338469524997653
s018,s018,6,27,0.974131602276406,0.40385404229164124,-0.40385404229164124,1,0.6338469524997653
s018,s018,4,42,0.9453978544715024,0.4531034231185913,-0.4531034231185913,1,0.6338469524997653
s018,s018,6,44,0.999279466320446,0.17527151107788086,-0.17527151107788086,1,0.6338469524997653
s018,s018,7,44,4.4558531738010524e-08,1.7067255973815918,-1.7067255973815918,1,0.6338469524997653
s018,s018,6,8,4.693001668367731e-31,5.060257911682129,-5.060257911682129,1,0.6338469524997653
s018,s018,7,9,0.9648056055659899,0.42397770285606384,-0.42397770285606384,1,0.6338469524997653
s018,s018,3,50,0.9507828752169336,0.44616207480430603,-0.44616207480430603,1,0.6338469524997653
s018,s018,3,31,0.9994924040653425,0.15305393934249878,-0.15305393934249878,1,0.6338469524997653
s018,s018,4,2,0.743945640573104,0.5662422180175781,-0.5662422180175781,1,0.6338469524997653
s018,s018,8,10,0.39430200719388664,0.6610557436943054,-0.6610557436943054,1,0.6338469524997653
s018,s018,2,50,0.8525150019640257,0.5226407647132874,-0.5226407647132874,1,0.6338469524997653
s018,s018,8,23,0.9979491349877156,0.24165791273117065,-0.24165791273117065,1,0.6338469524997653
s018,s018,2,38,0.9995896035846069,0.1395745873451233,-0.1395745873451233,1,0.6338469524997653
s018,s018,7,31,0.8189059004500236,0.5382024645805359,-0.5382024645805359,1,0.6338469524997653
s018,s018,5,15,0.9986014744616246,0.2173500955104828,-0.2173500955104828,1,0.6338469524997653
s018,s018,3,22,0.2277958301342842,0.7112269401550293,-0.7112269401550293,1,0.6338469524997653
s018,s018,8,50,0.0038128251015311786,0.9866185784339905,-0.9866185784339905,1,0.6338469524997653
s018,s018,1,21,0.425927136705676,0.6527665257453918,-0.6527665257453918,1,0.6338469524997653
s018,s018,4,39,0.999310447498888,0.17248383164405823,-0.17248383164405823,1,0.6338469524997653
s018,s018,2,22,0.9980639702484464,0.23799824714660645,-0.23799824714660645,1,0.6338469524997653
s018,s018,3,7,0.5248033909086647,0.6275531649589539,-0.6275531649589539,1,0.6338469524997653
s018,s018,6,21,8.600436834215616e-30,4.875914573669434,-4.875914573669434,1,0.6338469524997653
s018,s018,7,49,0.9410329536342891,0.4582713842391968,-0.4582713842391968,1,0.6338469524997653
s018,s018,3,3,1.9453713283971135e-05,1.3214094638824463,-1.3214094638824463,1,0.6338469524997653
s018,s021,6,2,0.00017470960876340088,1.1822646856307983,-1.1822646856307983,0,0.6338469524997653
s018,s042,6,15,0.7048282530480174,0.5786771178245544,-0.5786771178245544,0,0.6338469524997653
s018,s036,8,16,7.631978086027938e-127,19.04050636291504,-19.04050636291504,0,0.6338469524997653
s018,s056,3,7,0.31045256954069816,0.6844282150268555,-0.6844282150268555,0,0.6338469524997653
s018,s055,7,9,1.3337509787588675e-05,1.3453348875045776,-1.3453348875045776,0,0.6338469524997653
s018,s033,7,10,9.084961617301056e-23,3.850800037384033,-3.850800037384033,0,0.6338469524997653
s018,s015,7,9,3.796452093634126e-06,1.4249792098999023,-1.4249792098999023,0,0.6338469524997653
s018,s049,7,44,0.00013142741112005213,1.2003111839294434,-1.2003111839294434,0,0.6338469524997653
s018,s013,2,4,0.0022912980510139953,1.0189940929412842,-1.0189940929412842,0,0.6338469524997653
s018,s056,5,2,0.0006693166715991706,1.0970993041992188,-1.0970993041992188,0,0.6338469524997653
s018,s048,2,42,0.017689457604315187,0.8884593844413757,-0.8884593844413757,0,0.6338469524997653
s018,s008,6,21,0.14106008740028506,0.7483522295951843,-0.7483522295951843,0,0.6338469524997653
s018,s050,4,11,0.2540168118426148,0.702131450176239,-0.702131450176239,0,0.6338469524997653
s018,s015,6,27,4.390833701042126e-11,2.145503282546997,-2.145503282546997,0,0.6338469524997653
s018,s039,6,3,0.0007001563700143529,1.0942420959472656,-1.0942420959472656,0,0.6338469524997653
s018,s021,1,21,6.152349160134646e-07,1.540328025817871,-1.540328025817871,0,0.6338469524997653
s018,s003,2,38,8.265023847784691e-38,6.046025276184082,-6.046025276184082,0,0.6338469524997653
s018,s028,6,27,7.307294107498413e-16,2.842961311340332,-2.842961311340332,0,0.6338469524997653
s018,s025,1,50,1.730328428057617e-12,2.3504762649536133,-2.3504762649536133,0,0.6338469524997653
s018,s008,7,31,0.8171707861615786,0.5389413237571716,-0.5389413237571716,0,0.6338469524997653
s018,s042,2,1,4.723715593207707e-41,6.519330978393555,-6.519330978393555,0,0.6338469524997653
s018,s051,1,50,0.00013448528699120906,1.1988531351089478,-1.1988531351089478,0,0.6338469524997653
s018,s032,7,31,0.4008503332313352,0.6593227386474609,-0.6593227386474609,0,0.6338469524997653
s018,s011,2,4,0.7638253162712452,0.5594480633735657,-0.5594480633735657,0,0.6338469524997653
s018,s050,2,39,0.9488525495923752,0.44872936606407166,-0.44872936606407166,0,0.6338469524997653
s018,s041,7,29,7.306192689499585e-13,2.4051249027252197,-2.4051249027252197,0,0.6338469524997653
s018,s004,8,34,0.9526502848981676,0.44358593225479126,-0.44358593225479126,0,0.6338469524997653
s018,s046,8,41,0.9924733834981895,0.32441842555999756,-0.32441842555999756,0,0.6338469524997653
s018,s054,4,2,3.4378557589526065e-12,2.306960344314575,-2.306960344314575,0,0.6338469524997653
s018,s034,7,49,0.4953853526430469,0.6350169777870178,-0.6350169777870178,0,0.6338469524997653
s018,s029,7,7,3.0220321194774713e-09,1.8772858381271362,-1.8772858381271362,0,0.6338469524997653
s018,s027,7,49,0.9985051933127804,0.2215762585401535,-0.2215762585401535,0,0.6338469524997653
s018,s039,5,15,5.875559512664229e-05,1.2513447999954224,-1.2513447999954224,0,0.6338469524997653
s018,s012,2,39,1.4093378715607608e-10,2.071584939956665,-2.071584939956665,0,0.6338469524997653
s018,s049,6,2,2.9302174611432154e-54,8.446930885314941,-8.446930885314941,0,0.6338469524997653
s018,s002,8,50,1.1003950067395503e-12,2.379166841506958,-2.379166841506958,0,0.6338469524997653
s018,s053,4,40,7.066809008228759e-05,1.2396427392959595,-1.2396427392959595,0,0.6338469524997653
s018,s003,8,41,1.7967085771427575e-18,3.2237820625305176,-3.2237820625305176,0,0.6338469524997653
s018,s033,1,49,2.4394565269439744e-33,5.393627643585205,-5.393627643585205,0,0.6338469524997653
s018,s015,3,7,1.7536085217285566e-12,2.3496291637420654,-2.3496291637420654,0,0.6338469524997653
s018,s043,6,8,1.2987867231400916e-29,4.84978723526001,-4.84978723526001,0,0.6338469524997653
s018,s046,4,25,0.009757907977897677,0.9266760945320129,-0.9266760945320129,0,0.6338469524997653
s018,s047,6,24,0.00012399024079562043,1.204003930091858,-1.204003930091858,0,0.6338469524997653
s018,s054,7,16,0.8152108259041229,0.5397694110870361,-0.5397694110870361,0,0.6338469524997653
s018,s008,4,42,0.19227950191147672,0.7248208522796631,-0.7248208522796631,0,0.6338469524997653
s018,s028,5,44,9.404709879840836e-21,3.5567102432250977,-3.5567102432250977,0,0.6338469524997653
s018,s043,3,35,2.5537577415939447e-19,3.3474440574645996,-3.3474440574645996,0,0.6338469524997653
s018,s008,3,22,0.9897266286014939,0.34431368112564087,-0.34431368112564087,0,0.6338469524997653
s018,s008,3,31,0.19470755601343406,0.7238346338272095,-0.7238346338272095,0,0.6338469524997653
s018,s022,4,2,7.855009752698523e-199,29.54698371887207,-29.54698371887207,0,0.6338469524997653
s018,s028,2,5,1.663505340774071e-33,5.41789436340332,-5.41789436340332,0,0.6338469524997653
s018,s037,2,1,1.142051661581996e-68,10.549936294555664,-10.549936294555664,0,0.6338469524997653
s018,s050,8,48,0.5567225054433734,0.6194034218788147,-0.6194034218788147,0,0.6338469524997653
s018,s013,7,10,5.8163468522135494e-08,1.6898365020751953,-1.6898365020751953,0,0.6338469524997653
s018,s011,5,18,0.9162448642883253,0.4822062849998474,-0.4822062849998474,0,0.6338469524997653
s018,s033,7,44,1.7789365585571037e-27,4.537950038909912,-4.537950038909912,0,0.6338469524997653
s018,s030,7,46,4.6968466401512966e-20,3.454770803451538,-3.454770803451538,0,0.6338469524997653
s018,s051,6,3,8.89000499595887e-17,2.976483106613159,-2.976483106613159,0,0.6338469524997653
s018,s040,4,11,0.00017680856845844764,1.1815075874328613,-1.1815075874328613,0,0.6338469524997653
s018,s007,6,8,0.8660342530112265,0.5155495405197144,-0.5155495405197144,0,0.6338469524997653
s018,s007,7,4,0.9641662842517408,0.42516079545021057,-0.42516079545021057,0,0.6338469524997653
s018,s013,6,21,3.8015392228511907e-06,1.4248943328857422,-1.4248943328857422,0,0.6338469524997653
s018,s037,5,6,0.8694657079350216,0.5136541724205017,-0.5136541724205017,0,0.6338469524997653
s018,s002,4,25,0.3924159553966696,0.6615567207336426,-0.6615567207336426,0,0.6338469524997653
s018,s022,4,17,2.170722777681497e-143,21.45537757873535,-21.45537757873535,0,0.6338469524997653
s018,s057,4,38,0.9674053370848268,0.4189431071281433,-0.4189431071281433,0,0.6338469524997653
s018,s030,4,25,1.0831925720878175e-15,2.818011522293091,-2.818011522293091,0,0.6338469524997653
s018,s053,8,34,0.45068090588246756,0.6463920474052429,-0.6463920474052429,0,0.6338469524997653
s018,s015,8,34,2.1077608413911342e-16,2.9217641353607178,-2.9217641353607178,0,0.6338469524997653
s018,s004,1,14,0.012611923577840039,0.9102308750152588,-0.9102308750152588,0,0.6338469524997653
s018,s027,7,44,0.9968778726833467,0.2683635950088501,-0.2683635950088501,0,0.6338469524997653
s018,s053,2,1,1.0899028003339158e-05,1.3581328392028809,-1.3581328392028809,0,0.6338469524997653
s018,s005,3,3,4.502454675812564e-08,1.7060661315917969,-1.7060661315917969,0,0.6338469524997653
s018,s057,1,22,8.474904470387348e-29,4.730897903442383,-4.730897903442383,0,0.6338469524997653
s018,s019,3,31,0.0010398446367442826,1.069150447845459,-1.069150447845459,0,0.6338469524997653
s018,s035,2,3,2.9288072506193938e-06,1.4414258003234863,-1.4414258003234863,0,0.6338469524997653
s018,s022,7,4,9.180275279109791e-49,7.644803524017334,-7.644803524017334,0,0.6338469524997653
s018,s010,3,3,1.4279787423871975e-23,3.9680845737457275,-3.9680845737457275,0,0.6338469524997653
s018,s044,3,6,5.334074383723103e-24,4.030501365661621,-4.030501365661621,0,0.6338469524997653
s018,s032,7,16,0.7586744276170884,0.5612444877624512,-0.5612444877624512,0,0.6338469524997653
s019,s019,5,13,0.9999283534780415,0.03693845123052597,-0.03693845123052597,1,0.8095110593420087
s019,s019,6,46,0.9990208714450092,0.24869248270988464,-0.24869248270988464,1,0.8095110593420087
s019,s019,8,15,0.9990190659664143,0.2488417625427246,-0.2488417625427246,1,0.8095110593420087
s019,s019,6,2,0.9852575119688377,0.46934080123901367,-0.46934080123901367,1,0.8095110593420087
s019,s019,8,41,0.99694675041999,0.34092631936073303,-0.34092631936073303,1,0.8095110593420087
s019,s019,8,16,0.3501213216661074,0.8595798015594482,-0.8595798015594482,1,0.8095110593420087
s019,s019,7,4,0.9993899015808521,0.2103692591190338,-0.2103692591190338,1,0.8095110593420087
s019,s019,6,20,0.9993362017154878,0.21720248460769653,-0.21720248460769653,1,0.8095110593420087
s019,s019,5,2,0.9991818556225074,0.23413866758346558,-0.23413866758346558,1,0.8095110593420087
s019,s019,4,12,0.9990957736306744,0.24224406480789185,-0.24224406480789185,1,0.8095110593420087
s019,s019,1,44,0.9999005290542293,0.06350246071815491,-0.06350246071815491,1,0.8095110593420087
s019,s019,5,18,0.7171455039180006,0.7341985106468201,-0.7341985106468201,1,0.8095110593420087
s019,s019,4,41,0.6775132197509316,0.7494156360626221,-0.7494156360626221,1,0.8095110593420087
s019,s019,7,10,0.9994803381971474,0.19737397134304047,-0.19737397134304047,1,0.8095110593420087
s019,s019,6,10,0.969073242505344,0.5306572914123535,-0.5306572914123535,1,0.8095110593420087
s019,s019,3,6,0.9934394368194484,0.4031286835670471,-0.4031286835670471,1,0.8095110593420087
s019,s019,2,4,0.9907208938347386,0.4314153492450714,-0.4314153492450714,1,0.8095110593420087
s019,s019,1,2,4.643215825060962e-28,5.9043288230896,-5.9043288230896,1,0.8095110593420087
s019,s019,1,50,5.118263370791713e-08,2.1685073375701904,-2.1685073375701904,1,0.8095110593420087
s019,s019,2,31,0.999301592977819,0.2213195264339447,-0.2213195264339447,1,0.8095110593420087
s019,s019,5,6,0.999534052306949,0.18853746354579926,-0.18853746354579926,1,0.8095110593420087
s019,s019,1,35,0.9999286888950341,0.03655855730175972,-0.03655855730175972,1,0.8095110593420087
s019,s019,6,14,0.9995146495630998,0.19184166193008423,-0.19184166193008423,1,0.8095110593420087
s019,s019,2,42,0.9374553034194822,0.5903531312942505,-0.5903531312942505,1,0.8095110593420087
s019,s019,7,40,0.9926339584627293,0.4125688076019287,-0.4125688076019287,1,0.8095110593420087
s019,s019,2,3,1.1551861955204795e-16,3.780181884765625,-3.780181884765625,1,0.8095110593420087
s019,s019,7,46,0.9295676410118481,0.6006518006324768,-0.6006518006324768,1,0.8095110593420087
s019,s019,6,15,0.9984627129662608,0.28525570034980774,-0.28525570034980774,1,0.8095110593420087
s019,s019,5,42,0.9994651458362896,0.19970788061618805,-0.19970788061618805,1,0.8095110593420087
s019,s019,1,14,0.4820087938565322,0.815339207649231,-0.815339207649231,1,0.8095110593420087
s019,s019,7,16,0.9978422076775156,0.312753826379776,-0.312753826379776,1,0.8095110593420087
s019,s019,2,39,0.999800489170223,0.11985276639461517,-0.11985276639461517,1,0.8095110593420087
s019,s019,6,24,0.9583110416655987,0.5557345151901245,-0.5557345151901245,1,0.8095110593420087
s019,s019,4,17,0.9988953073347981,0.25847017765045166,-0.25847017765045166,1,0.8095110593420087
s019,s019,7,29,0.9997949378642585,0.12207487970590591,-0.12207487970590591,1,0.8095110593420087
s019,s019,8,44,0.9732339306960269,0.5186141133308411,-0.5186141133308411,1,0.8095110593420087
s019,s019,3,35,0.9996486634249637,0.1656733602285385,-0.1656733602285385,1,0.8095110593420087
s019,s019,7,7,0.998532352311991,0.2814972996711731,-0.2814972996711731,1,0.8095110593420087
s019,s019,8,34,0.8601493571448005,0.6624608635902405,-0.6624608635902405,1,0.8095110593420087
s019,s019,7,20,0.9494779481533014,0.5720407962799072,-0.5720407962799072,1,0.8095110593420087
s019,s019,5,44,0.9950323456490855,0.3804841637611389,-0.3804841637611389,1,0.8095110593420087
s019,s019,2,5,0.6947249965264981,0.7429447174072266,-0.7429447174072266,1,0.8095110593420087
s019,s019,2,1,1.3737203765210274e-25,5.443727493286133,-5.443727493286133,1,0.8095110593420087
s019,s019,4,25,0.9994686630902093,0.19917349517345428,-0.19917349517345428,1,0.8095110593420087
s019,s019,4,40,0.9894215606061779,0.442130446434021,-0.442130446434021,1,0.8095110593420087
s019,s019,8,48,2.6258444139995874e-08,2.2225351333618164,-2.2225351333618164,1,0.8095110593420087
s019,s019,4,38,0.9996897747503002,0.15559598803520203,-0.15559598803520203,1,0.8095110593420087
s019,s019,4,20,0.3467039899526871,0.8607983589172363,-0.8607983589172363,1,0.8095110593420087
s019,s019,2,9,0.894746888159928,0.6362617015838623,-0.6362617015838623,1,0.8095110593420087
s019,s019,1,49,0.9995966170996048,0.1768602877855301,-0.1768602877855301,1,0.8095110593420087
s019,s019,7,45,0.9988140262262741,0.2642240524291992,-0.2642240524291992,1,0.8095110593420087
s019,s019,5,36,0.9981828004075692,0.2988196909427643,-0.2988196909427643,1,0.8095110593420087
s019,s019,6,3,0.9990523496448566,0.24604466557502747,-0.24604466557502747,1,0.8095110593420087
s019,s019,1,22,1.1756489109372236e-05,1.728394627571106,-1.728394627571106,1,0.8095110593420087
s019,s019,7,14,0.9970781712088402,0.33735406398773193,-0.33735406398773193,1,0.8095110593420087
s019,s019,4,11,0.9999207678040121,0.045085832476615906,-0.045085832476615906,1,0.8095110593420087
s019,s019,6,27,0.9993362329744688,0.2171986699104309,-0.2171986699104309,1,0.8095110593420087
s019,s019,4,42,0.006865271712455098,1.212193489074707,-1.212193489074707,1,0.8095110593420087
s019,s019,6,44,0.9963325017932628,0.3558148145675659,-0.3558148145675659,1,0.8095110593420087
s019,s019,7,44,0.9877919857426082,0.45386213064193726,-0.45386213064193726,1,0.8095110593420087
s019,s019,6,8,0.6912668046662785,0.7442605495452881,-0.7442605495452881,1,0.8095110593420087
s019,s019,7,9,0.9976598720748396,0.31933537125587463,-0.31933537125587463,1,0.8095110593420087
s019,s019,3,50,0.9999214823418618,0.04435242339968681,-0.04435242339968681,1,0.8095110593420087
s019,s019,3,31,0.9997818402010841,0.1270880103111267,-0.1270880103111267,1,0.8095110593420087
s019,s019,4,2,6.632032862446757e-05,1.5883374214172363,-1.5883374214172363,1,0.8095110593420087
s019,s019,8,10,0.9957952697585064,0.366924524307251,-0.366924524307251,1,0.8095110593420087
s019,s019,2,50,0.23276318140231544,0.906067430973053,-0.906067430973053,1,0.8095110593420087
s019,s019,8,23,0.9894114641085179,0.44220849871635437,-0.44220849871635437,1,0.8095110593420087
s019,s019,2,38,0.9961959844510464,0.3587844669818878,-0.3587844669818878,1,0.8095110593420087
s019,s019,7,31,0.990682194448259,0.4317554235458374,-0.4317554235458374,1,0.8095110593420087
s019,s019,5,15,0.4281132541950357,0.8329507112503052,-0.8329507112503052,1,0.8095110593420087
s019,s019,3,22,0.9999037806514504,0.06081177666783333,-0.06081177666783333,1,0.8095110593420087
s019,s019,8,50,0.8381524385558736,0.6763833165168762,-0.6763833165168762,1,0.8095110593420087
s019,s019,1,21,0.9975066850348869,0.32448071241378784,-0.32448071241378784,1,0.8095110593420087
s019,s019,4,39,0.9471507720413571,0.5758849382400513,-0.5758849382400513,1,0.8095110593420087
s019,s019,2,22,0.9996698529328384,0.16063596308231354,-0.16063596308231354,1,0.8095110593420087
s019,s019,3,7,0.9882083290173437,0.4510190784931183,-0.4510190784931183,1,0.8095110593420087
s019,s019,6,21,0.9986875096288849,0.2724396884441376,-0.2724396884441376,1,0.8095110593420087
s019,s019,7,49,0.9984663337254203,0.2850645184516907,-0.2850645184516907,1,0.8095110593420087
s019,s019,3,3,0.005302638716173379,1.233228087425232,-1.233228087425232,1,0.8095110593420087
s019,s021,6,2,0.48641998056315217,0.8139094114303589,-0.8139094114303589,0,0.8095110593420087
s019,s042,6,15,2.924506634253064e-11,2.773005247116089,-2.773005247116089,0,0.8095110593420087
s019,s036,8,16,4.3054831677606044e-70,13.739108085632324,-13.739108085632324,0,0.8095110593420087
s019,s056,3,7,8.48128508481165e-14,3.246004104614258,-3.246004104614258,0,0.8095110593420087
s019,s055,7,9,1.310883002539476e-21,4.701930522918701,-4.701930522918701,0,0.8095110593420087
s019,s033,7,10,3.734051206616752e-36,7.413143634796143,-7.413143634796143,0,0.8095110593420087
s019,s015,7,9,4.694789227979131e-15,3.480276107788086,-3.480276107788086,0,0.8095110593420087
s019,s049,7,44,0.9389238857137401,0.5883029699325562,-0.5883029699325562,0,0.8095110593420087
s019,s013,2,4,7.740034250572077e-08,2.135026693344116,-2.135026693344116,0,0.8095110593420087
s019,s056,5,2,5.84257476843419e-07,1.9713960886001587,-1.9713960886001587,0,0.8095110593420087
s019,s048,2,42,0.0002514826377111442,1.4804245233535767,-1.4804245233535767,0,0.8095110593420087
s019,s008,6,21,5.479379892602114e-23,4.958940505981445,-4.958940505981445,0,0.8095110593420087
s019,s050,4,11,0.7148709602962835,0.7351040244102478,-0.7351040244102478,0,0.8095110593420087
s019,s015,6,27,1.0229207573653066e-17,3.9764223098754883,-3.9764223098754883,0,0.8095110593420087
s019,s039,6,3,0.21393874690227602,0.9148563742637634,-0.9148563742637634,0,0.8095110593420087
s019,s021,1,21,0.8860465926710074,0.643481969833374,-0.643481969833374,0,0.8095110593420087
s019,s003,2,38,1.0348814931244946e-34,7.144227027893066,-7.144227027893066,0,0.8095110593420087
s019,s028,6,27,9.191806722389948e-17,3.7986819744110107,-3.7986819744110107,0,0.8095110593420087
s019,s025,1,50,0.004786915383905095,1.2415528297424316,-1.2415528297424316,0,0.8095110593420087
s019,s008,7,31,1.1353396780554434e-16,3.7815847396850586,-3.7815847396850586,0,0.8095110593420087
s019,s042,2,1,1.4082604939297211e-12,3.0185587406158447,-3.0185587406158447,0,0.8095110593420087
s019,s051,1,50,0.4173204469042631,0.8365311622619629,-0.8365311622619629,0,0.8095110593420087
s019,s032,7,31,1.6764078552108177e-29,6.173194885253906,-6.173194885253906,0,0.8095110593420087
s019,s011,2,4,7.686780607194319e-27,5.677124977111816,-5.677124977111816,0,0.8095110593420087
s019,s050,2,39,8.947947274300409e-05,1.5640896558761597,-1.5640896558761597,0,0.8095110593420087
s019,s041,7,29,4.32868699136489e-53,10.569927215576172,-10.569927215576172,0,0.8095110593420087
s019,s004,8,34,1.1626864100704853e-13,3.2204675674438477,-3.2204675674438477,0,0.8095110593420087
s019,s046,8,41,1.8330099677562987e-08,2.2516324520111084,-2.2516324520111084,0,0.8095110593420087
s019,s054,4,2,0.9097170910088406,0.6224989891052246,-0.6224989891052246,0,0.8095110593420087
s019,s034,7,49,6.926894688213295e-20,4.380773544311523,-4.380773544311523,0,0.8095110593420087
s019,s029,7,7,6.402741678147973e-14,3.2687623500823975,-3.2687623500823975,0,0.8095110593420087
s019,s027,7,49,3.384053769583064e-16,3.6931746006011963,-3.6931746006011963,0,0.8095110593420087
s019,s039,5,15,5.600971928073672e-07,1.974814772605896,-1.974814772605896,0,0.8095110593420087
s019,s012,2,39,2.5329614580681037e-58,11.54529094696045,-11.54529094696045,0,0.8095110593420087
s019,s049,6,2,1.5367624294845156e-21,4.689061164855957,-4.689061164855957,0,0.8095110593420087
s019,s002,8,50,5.931161705450325e-35,7.18928861618042,-7.18928861618042,0,0.8095110593420087
s019,s053,4,40,6.402772879998404e-17,3.8279523849487305,-3.8279523849487305,0,0.8095110593420087
s019,s003,8,41,1.8648937272152243e-85,16.60279083251953,-16.60279083251953,0,0.8095110593420087
s019,s033,1,49,5.10748183625399e-34,7.014995098114014,-7.014995098114014,0,0.8095110593420087
s019,s015,3,7,1.252653602776682e-15,3.5872278213500977,-3.5872278213500977,0,0.8095110593420087
s019,s043,6,8,9.047429842114836e-12,2.8679795265197754,-2.8679795265197754,0,0.8095110593420087
s019,s046,4,25,0.017021962749831334,1.1378554105758667,-1.1378554105758667,0,0.8095110593420087
s019,s047,6,24,0.0005636834776059774,1.4150620698928833,-1.4150620698928833,0,0.8095110593420087
s019,s054,7,16,1.5749746427005633e-09,2.4503111839294434,-2.4503111839294434,0,0.8095110593420087
s019,s008,4,42,1.7364696096375471e-13,3.1879963874816895,-3.1879963874816895,0,0.8095110593420087
s019,s028,5,44,1.0475494532899077e-08,2.2969250679016113,-2.2969250679016113,0,0.8095110593420087
s019,s043,3,35,0.01815318013920246,1.1325536966323853,-1.1325536966323853,0,0.8095110593420087
s019,s008,3,22,1.8598142787896792e-16,3.7416317462921143,-3.7416317462921143,0,0.8095110593420087
s019,s008,3,31,2.1823620731440454e-16,3.728685140609741,-3.728685140609741,0,0.8095110593420087
s019,s022,4,2,9.788767413662865e-91,17.586952209472656,-17.586952209472656,0,0.8095110593420087
s019,s028,2,5,1.6782503002393064e-12,3.0043601989746094,-3.0043601989746094,0,0.8095110593420087
s019,s037,2,1,4.166930800790034e-18,4.049121856689453,-4.049121856689453,0,0.8095110593420087
s019,s050,8,48,2.101089737834945e-05,1.6813907623291016,-1.6813907623291016,0,0.8095110593420087
s019,s013,7,10,5.859869001667693e-17,3.835124969482422,-3.835124969482422,0,0.8095110593420087
s019,s011,5,18,7.345578612029768e-27,5.680800437927246,-5.680800437927246,0,0.8095110593420087
s019,s033,7,44,4.612535170354454e-45,9.07361125946045,-9.07361125946045,0,0.8095110593420087
s019,s030,7,46,1.38139802784948e-48,9.730402946472168,-9.730402946472168,0,0.8095110593420087
s019,s051,6,3,7.236191813701238e-20,4.377237319946289,-4.377237319946289,0,0.8095110593420087
s019,s040,4,11,1.3743238146232428e-24,5.25729513168335,-5.25729513168335,0,0.8095110593420087
s019,s007,6,8,9.121118339372982e-19,4.17210054397583,-4.17210054397583,0,0.8095110593420087
s019,s007,7,4,8.150937538509567e-08,2.1308393478393555,-2.1308393478393555,0,0.8095110593420087
s019,s013,6,21,2.5420148727962937e-11,2.7843520641326904,-2.7843520641326904,0,0.8095110593420087
s019,s037,5,6,0.05034446822071669,1.0472815036773682,-1.0472815036773682,0,0.8095110593420087
s019,s002,4,25,0.003962165867236753,1.2569273710250854,-1.2569273710250854,0,0.8095110593420087
s019,s022,4,17,7.82355326260852e-68,13.31796646118164,-13.31796646118164,0,0.8095110593420087
s019,s057,4,38,1.8435348091050397e-17,3.9287402629852295,-3.9287402629852295,0,0.8095110593420087
s019,s030,4,25,1.3918548312372369e-35,7.306633949279785,-7.306633949279785,0,0.8095110593420087
s019,s053,8,34,2.588596600411437e-15,3.5284693241119385,-3.5284693241119385,0,0.8095110593420087
s019,s015,8,34,2.665535057275448e-10,2.594114303588867,-2.594114303588867,0,0.8095110593420087
s019,s004,1,14,2.3148011958541757e-07,2.046344518661499,-2.046344518661499,0,0.8095110593420087
s019,s027,7,44,1.054739147734441e-06,1.9235776662826538,-1.9235776662826538,0,0.8095110593420087
s019,s053,2,1,1.1285639130473471e-11,2.8500852584838867,-2.8500852584838867,0,0.8095110593420087
s019,s005,3,3,5.342155318126542e-10,2.537835121154785,-2.537835121154785,0,0.8095110593420087
s019,s057,1,22,3.773002066363135e-15,3.4979705810546875,-3.4979705810546875,0,0.8095110593420087
s019,s018,3,31,5.3408477633305186e-11,2.7242517471313477,-2.7242517471313477,0,0.8095110593420087
s019,s035,2,3,0.07184024615081348,1.0166454315185547,-1.0166454315185547,0,0.8095110593420087
s019,s022,7,4,1.0604823294361104e-24,5.278280735015869,-5.278280735015869,0,0.8095110593420087
s019,s010,3,3,2.0578273246477153e-16,3.7334415912628174,-3.7334415912628174,0,0.8095110593420087
s019,s044,3,6,6.660286563907694e-05,1.5879932641983032,-1.5879932641983032,0,0.8095110593420087
s019,s032,7,16,2.467231349983971e-25,5.396324634552002,-5.396324634552002,0,0.8095110593420087
s020,s020,5,13,0.9610048099270169,0.5489484667778015,-0.5489484667778015,1,0.8078166249304107
s020,s020,6,46,0.9976634907174444,0.31854164600372314,-0.31854164600372314,1,0.8078166249304107
s020,s020,8,15,0.002663467874322065,1.2864850759506226,-1.2864850759506226,1,0.8078166249304107
s020,s020,6,2,0.985750194807001,0.46557220816612244,-0.46557220816612244,1,0.8078166249304107
s020,s020,8,41,0.985495159019978,0.46702611446380615,-0.46702611446380615,1,0.8078166249304107
s020,s020,8,16,3.730360120384138e-06,1.8175067901611328,-1.8175067901611328,1,0.8078166249304107
s020,s020,7,4,0.9578021698750124,0.555594265460968,-0.555594265460968,1,0.8078166249304107
s020,s020,6,20,1.228445860854694e-06,1.9072356224060059,-1.9072356224060059,1,0.8078166249304107
s020,s020,5,2,0.9436145700671413,0.580213725566864,-0.580213725566864,1,0.8078166249304107
s020,s020,4,12,0.993592228266299,0.4003688395023346,-0.4003688395023346,1,0.8078166249304107
s020,s020,1,44,0.999299070076574,0.22114776074886322,-0.22114776074886322,1,0.8078166249304107
s020,s020,5,18,0.1766707612893355,0.9321451187133789,-0.9321451187133789,1,0.8078166249304107
s020,s020,4,41,0.9991598149445076,0.23579780757427216,-0.23579780757427216,1,0.8078166249304107
s020,s020,7,10,0.9886347896790876,0.44706445932388306,-0.44706445932388306,1,0.8078166249304107
s020,s020,6,10,0.007673642691478061,1.200598120689392,-1.200598120689392,1,0.8078166249304107
s020,s020,3,6,0.9993963523081167,0.20906972885131836,-0.20906972885131836,1,0.8078166249304107
s020,s020,2,4,0.012932361717130603,1.1580055952072144,-1.1580055952072144,1,0.8078166249304107
s020,s020,1,2,0.9792432476305292,0.4964914917945862,-0.4964914917945862,1,0.8078166249304107
s020,s020,1,50,0.996150659469001,0.3589939773082733,-0.3589939773082733,1,0.8078166249304107
s020,s020,2,31,0.9904703209453412,0.4326852560043335,-0.4326852560043335,1,0.8078166249304107
s020,s020,5,6,0.010852737341036506,1.1723378896713257,-1.1723378896713257,1,0.8078166249304107
s020,s020,1,35,0.5738741680791296,0.7837699055671692,-0.7837699055671692,1,0.8078166249304107
s020,s020,6,14,0.9891028484508079,0.4436289072036743,-0.4436289072036743,1,0.8078166249304107
s020,s020,2,42,0.9995720031101231,0.18127675354480743,-0.18127675354480743,1,0.8078166249304107
s020,s020,7,40,0.9902445834921658,0.43459489941596985,-0.43459489941596985,1,0.8078166249304107
s020,s020,2,3,0.0016552405384318222,1.3249931335449219,-1.3249931335449219,1,0.8078166249304107
s020,s020,7,46,0.999249231662121,0.22670061886310577,-0.22670061886310577,1,0.8078166249304107
s020,s020,6,15,0.9999249910188093,0.04056631401181221,-0.04056631401181221,1,0.8078166249304107
s020,s020,5,42,0.39674690102984794,0.8416672348976135,-0.8416672348976135,1,0.8078166249304107
s020,s020,1,14,0.9991577615796771,0.23599515855312347,-0.23599515855312347,1,0.8078166249304107
s020,s020,7,16,0.6042608464229692,0.7736257314682007,-0.7736257314682007,1,0.8078166249304107
s020,s020,2,39,0.4733516763122638,0.8164355754852295,-0.8164355754852295,1,0.8078166249304107
s020,s020,6,24,9.021375233890637e-05,1.5601555109024048,-1.5601555109024048,1,0.8078166249304107
s020,s020,4,17,0.9995473067422861,0.18581050634384155,-0.18581050634384155,1,0.8078166249304107
s020,s020,7,29,0.9967167970020783,0.3460971415042877,-0.3460971415042877,1,0.8078166249304107
s020,s020,8,44,0.00016700237816149785,1.5104018449783325,-1.5104018449783325,1,0.8078166249304107
s020,s020,3,35,0.9739585549815554,0.5152513384819031,-0.5152513384819031,1,0.8078166249304107
s020,s020,7,7,0.01099064183697761,1.1713066101074219,-1.1713066101074219,1,0.8078166249304107
s020,s020,8,34,0.9996680771628916,0.1607332080602646,-0.1607332080602646,1,0.8078166249304107
s020,s020,7,20,0.9984365898584181,0.2860219180583954,-0.2860219180583954,1,0.8078166249304107
s020,s020,5,44,0.9956281887068127,0.369317889213562,-0.369317889213562,1,0.8078166249304107
s020,s020,2,5,0.9988384075645171,0.2619909942150116,-0.2619909942150116,1,0.8078166249304107
s020,s020,2,1,3.6643269962651333e-09,2.376969814300537,-2.376969814300537,1,0.8078166249304107
s020,s020,4,25,0.9997760351651963,0.12894389033317566,-0.12894389033317566,1,0.8078166249304107
s020,s020,4,40,0.973063816070833,0.5180544853210449,-0.5180544853210449,1,0.8078166249304107
s020,s020,8,48,0.6676616228705073,0.7514610886573792,-0.7514610886573792,1,0.8078166249304107
s020,s020,4,38,0.9997977565614344,0.12070103734731674,-0.12070103734731674,1,0.8078166249304107
s020,s020,4,20,0.9958263411647721,0.3655548095703125,-0.3655548095703125,1,0.8078166249304107
s020,s020,2,9,0.8174766130159222,0.6866971254348755,-0.6866971254348755,1,0.8078166249304107
s020,s020,1,49,0.9976336788046484,0.3195682466030121,-0.3195682466030121,1,0.8078166249304107
s020,s020,7,45,0.9912393668774434,0.4258253574371338,-0.4258253574371338,1,0.8078166249304107
s020,s020,5,36,0.1770303762787219,0.9319455623626709,-0.9319455623626709,1,0.8078166249304107
s020,s020,6,3,0.9026460472632397,0.6279177069664001,-0.6279177069664001,1,0.8078166249304107
s020,s020,1,22,0.9980616020109385,0.30341970920562744,-0.30341970920562744,1,0.8078166249304107
s020,s020,7,14,0.9970345652092827,0.33784815669059753,-0.33784815669059753,1,0.8078166249304107
s020,s020,4,11,0.9938680372041586,0.39679229259490967,-0.39679229259490967,1,0.8078166249304107
s020,s020,6,27,0.9943578609022456,0.3900272846221924,-0.3900272846221924,1,0.8078166249304107
s020,s020,4,42,0.9979716526253313,0.30709120631217957,-0.30709120631217957,1,0.8078166249304107
s020,s020,6,44,0.9948084568092272,0.38326704502105713,-0.38326704502105713,1,0.8078166249304107
s020,s020,7,44,0.9988523269837344,0.26101601123809814,-0.26101601123809814,1,0.8078166249304107
s020,s020,6,8,0.6884653018255087,0.7437604665756226,-0.7437604665756226,1,0.8078166249304107
s020,s020,7,9,0.9996945960458756,0.15400460362434387,-0.15400460362434387,1,0.8078166249304107
s020,s020,3,50,2.4188627833231122e-20,4.456595420837402,-4.456595420837402,1,0.8078166249304107
s020,s020,3,31,1.1007848623045784e-19,4.33418607711792,-4.33418607711792,1,0.8078166249304107
s020,s020,4,2,0.9984172386547027,0.28701722621917725,-0.28701722621917725,1,0.8078166249304107
s020,s020,8,10,0.9899356098897695,0.43713894486427307,-0.43713894486427307,1,0.8078166249304107
s020,s020,2,50,0.9997542119123983,0.13645678758621216,-0.13645678758621216,1,0.8078166249304107
s020,s020,8,23,0.9992072673319163,0.23109763860702515,-0.23109763860702515,1,0.8078166249304107
s020,s020,2,38,0.9583333821745137,0.5545260906219482,-0.5545260906219482,1,0.8078166249304107
s020,s020,7,31,0.9987088450237419,0.27054375410079956,-0.27054375410079956,1,0.8078166249304107
s020,s020,5,15,0.47546246289396504,0.8157517313957214,-0.8157517313957214,1,0.8078166249304107
s020,s020,3,22,0.9339606203286139,0.5938112139701843,-0.5938112139701843,1,0.8078166249304107
s020,s020,8,50,0.9573610946956264,0.5564714670181274,-0.5564714670181274,1,0.8078166249304107
s020,s020,1,21,0.999737060237458,0.14190731942653656,-0.14190731942653656,1,0.8078166249304107
s020,s020,4,39,0.9761638579010198,0.5079205632209778,-0.5079205632209778,1,0.8078166249304107
s020,s020,2,22,0.007308123363729597,1.2045704126358032,-1.2045704126358032,1,0.8078166249304107
s020,s020,3,7,0.9988983009075616,0.25770971179008484,-0.25770971179008484,1,0.8078166249304107
s020,s020,6,21,0.9995864855596559,0.17849479615688324,-0.17849479615688324,1,0.8078166249304107
s020,s020,7,49,0.9917438370103729,0.42099323868751526,-0.42099323868751526,1,0.8078166249304107
s020,s020,3,3,0.9911416530155174,0.42672935128211975,-0.42672935128211975,1,0.8078166249304107
s020,s021,6,2,0.002559686479419149,1.2897040843963623,-1.2897040843963623,0,0.8078166249304107
s020,s042,6,15,0.7575449304861677,0.7157847881317139,-0.7157847881317139,0,0.8078166249304107
s020,s036,8,16,1.0270249689291645e-60,11.96606159210205,-11.96606159210205,0,0.8078166249304107
s020,s056,3,7,0.8726819323411679,0.6523213982582092,-0.6523213982582092,0,0.8078166249304107
s020,s055,7,9,0.04739075886181982,1.0502244234085083,-1.0502244234085083,0,0.8078166249304107
s020,s033,7,10,0.0004550434243315197,1.4294042587280273,-1.4294042587280273,0,0.8078166249304107
s020,s015,7,9,0.0016282432062735607,1.3263237476348877,-1.3263237476348877,0,0.8078166249304107
s020,s049,7,44,0.002702547315628517,1.2853052616119385,-1.2853052616119385,0,0.8078166249304107
s020,s013,2,4,0.002707244671559391,1.2851645946502686,-1.2851645946502686,0,0.8078166249304107
s020,s056,5,2,0.000822196438349615,1.3815852403640747,-1.3815852403640747,0,0.8078166249304107
s020,s048,2,42,0.057205390541503295,1.0341830253601074,-1.0341830253601074,0,0.8078166249304107
s020,s008,6,21,0.9662559514874463,0.5368244647979736,-0.5368244647979736,0,0.8078166249304107
s020,s050,4,11,0.46601551944066166,0.8188148736953735,-0.8188148736953735,0,0.8078166249304107
s020,s015,6,27,1.2465446723445172e-06,1.906054139137268,-1.906054139137268,0,0.8078166249304107
s020,s039,6,3,0.0072286794174236104,1.2054598331451416,-1.2054598331451416,0,0.8078166249304107
s020,s021,1,21,0.0005218621814653089,1.4183309078216553,-1.4183309078216553,0,0.8078166249304107
s020,s003,2,38,1.5819837491424606e-06,1.8868035078048706,-1.8868035078048706,0,0.8078166249304107
s020,s028,6,27,3.9347928386338096e-13,3.115243673324585,-3.115243673324585,0,0.8078166249304107
s020,s025,1,50,4.7972824604818435e-08,2.1692001819610596,-2.1692001819610596,0,0.8078166249304107
s020,s008,7,31,0.9763824899227944,0.507158100605011,-0.507158100605011,0,0.8078166249304107
s020,s042,2,1,5.113311909033566e-15,3.466093063354492,-3.466093063354492,0,0.8078166249304107
s020,s051,1,50,0.0034668689147846774,1.2651240825653076,-1.2651240825653076,0,0.8078166249304107
s020,s032,7,31,0.999634943667774,0.16842219233512878,-0.16842219233512878,0,0.8078166249304107
s020,s011,2,4,0.999760701157147,0.13429482281208038,-0.13429482281208038,0,0.8078166249304107
s020,s050,2,39,0.9799217046217811,0.49375098943710327,-0.49375098943710327,0,0.8078166249304107
s020,s041,7,29,0.056828752836881706,1.034748911857605,-1.034748911857605,0,0.8078166249304107
s020,s004,8,34,0.998777766903295,0.2661066949367523,-0.2661066949367523,0,0.8078166249304107
s020,s046,8,41,0.9987556838535067,0.26755499839782715,-0.26755499839782715,0,0.8078166249304107
s020,s054,4,2,3.752368782524185e-08,2.1890451908111572,-2.1890451908111572,0,0.8078166249304107
s020,s034,7,49,0.9704658305880332,0.5257086157798767,-0.5257086157798767,0,0.8078166249304107
s020,s029,7,7,5.061298481149866e-06,1.7928587198257446,-1.7928587198257446,0,0.8078166249304107
s020,s027,7,49,0.9999130783220458,0.05247446149587631,-0.05247446149587631,0,0.8078166249304107
s020,s039,5,15,0.0051723726633658455,1.2326666116714478,-1.2326666116714478,0,0.8078166249304107
s020,s012,2,39,0.012700255102161792,1.1594876050949097,-1.1594876050949097,0,0.8078166249304107
s020,s049,6,2,1.4175793851083582e-18,4.127747535705566,-4.127747535705566,0,0.8078166249304107
s020,s002,8,50,0.03486923885478828,1.076064944267273,-1.076064944267273,0,0.8078166249304107
s020,s053,4,40,0.0028405645905784445,1.2812705039978027,-1.2812705039978027,0,0.8078166249304107
s020,s003,8,41,6.251390129485897e-12,2.8918395042419434,-2.8918395042419434,0,0.8078166249304107
s020,s033,1,49,1.264505275073418e-13,3.2069451808929443,-3.2069451808929443,0,0.8078166249304107
s020,s015,3,7,6.395096764356876e-09,2.3319835662841797,-2.3319835662841797,0,0.8078166249304107
s020,s043,6,8,1.353395310974025e-20,4.503503799438477,-4.503503799438477,0,0.8078166249304107
s020,s046,4,25,0.3170890387599026,0.8697908520698547,-0.8697908520698547,0,0.8078166249304107
s020,s047,6,24,0.04332176572585751,1.0578206777572632,-1.0578206777572632,0,0.8078166249304107
s020,s054,7,16,0.6115249433638115,0.771163821220398,-0.771163821220398,0,0.8078166249304107
s020,s008,4,42,0.7213942347846566,0.7309619188308716,-0.7309619188308716,0,0.8078166249304107
s020,s028,5,44,1.0390480746459048e-16,3.7808287143707275,-3.7808287143707275,0,0.8078166249304107
s020,s043,3,35,1.6758603284378693e-13,3.1841933727264404,-3.1841933727264404,0,0.8078166249304107
s020,s008,3,22,0.9961425861336138,0.35916388034820557,-0.35916388034820557,0,0.8078166249304107
s020,s008,3,31,0.8104070647966595,0.6904685497283936,-0.6904685497283936,0,0.8078166249304107
s020,s022,4,2,3.8364569346056374e-71,13.90567398071289,-13.90567398071289,0,0.8078166249304107
s020,s028,2,5,5.812712732090852e-22,4.75778341293335,-4.75778341293335,0,0.8078166249304107
s020,s037,2,1,4.5513533351720335e-18,4.033517837524414,-4.033517837524414,0,0.8078166249304107
s020,s050,8,48,0.8039384901445363,0.6938260793685913,-0.6938260793685913,0,0.8078166249304107
s020,s013,7,10,0.000215525253367004,1.4897929430007935,-1.4897929430007935,0,0.8078166249304107
s020,s011,5,18,0.9972843305363526,0.33072033524513245,-0.33072033524513245,0,0.8078166249304107
s020,s033,7,44,4.523113346200925e-06,1.8019404411315918,-1.8019404411315918,0,0.8078166249304107
s020,s030,7,46,2.632093122934292e-06,1.8456774950027466,-1.8456774950027466,0,0.8078166249304107
s020,s051,6,3,8.378381013006899e-11,2.682175874710083,-2.682175874710083,0,0.8078166249304107
s020,s040,4,11,0.994996070695935,0.38027843832969666,-0.38027843832969666,0,0.8078166249304107
s020,s007,6,8,0.9884276315693806,0.4485405683517456,-0.4485405683517456,0,0.8078166249304107
s020,s007,7,4,0.970021728795315,0.526951253414154,-0.526951253414154,0,0.8078166249304107
s020,s013,6,21,0.0004979018314403583,1.4221296310424805,-1.4221296310424805,0,0.8078166249304107
s020,s037,5,6,0.7151131994492951,0.7334693074226379,-0.7334693074226379,0,0.8078166249304107
s020,s002,4,25,0.10497513058676936,0.9809420704841614,-0.9809420704841614,0,0.8078166249304107
s020,s022,4,17,6.445728127160797e-63,12.37570571899414,-12.37570571899414,0,0.8078166249304107
s020,s057,4,38,0.9965841393570083,0.349307656288147,-0.349307656288147,0,0.8078166249304107
s020,s030,4,25,0.0035124894328596896,1.2640643119812012,-1.2640643119812012,0,0.8078166249304107
s020,s053,8,34,0.3778368257103081,0.8481056690216064,-0.8481056690216064,0,0.8078166249304107
s020,s015,8,34,1.1192819319628905e-08,2.286766767501831,-2.286766767501831,0,0.8078166249304107
s020,s004,1,14,0.9785510336842078,0.49919864535331726,-0.49919864535331726,0,0.8078166249304107
s020,s027,7,44,0.9982041284027162,0.2972387671470642,-0.2972387671470642,0,0.8078166249304107
s020,s053,2,1,0.293976008585715,0.8785935640335083,-0.8785935640335083,0,0.8078166249304107
s020,s005,3,3,0.5887819754051504,0.7788214683532715,-0.7788214683532715,0,0.8078166249304107
s020,s057,1,22,2.5315640559246057e-06,1.8488233089447021,-1.8488233089447021,0,0.8078166249304107
s020,s018,3,31,0.9985192853605099,0.2816251814365387,-0.2816251814365387,0,0.8078166249304107
s020,s035,2,3,5.6152688905569376e-06,1.784468173980713,-1.784468173980713,0,0.8078166249304107
s020,s022,7,4,1.4206210040204792e-32,6.731667518615723,-6.731667518615723,0,0.8078166249304107
s020,s010,3,3,1.4316229756616889e-16,3.7549378871917725,-3.7549378871917725,0,0.8078166249304107
s020,s044,3,6,2.914099039020514e-16,3.6975221633911133,-3.6975221633911133,0,0.8078166249304107
s020,s032,7,16,0.9997114780685997,0.14940965175628662,-0.14940965175628662,0,0.8078166249304107
s021,s021,5,13,0.9829830158876561,0.38531506061553955,-0.38531506061553955,1,0.6482834638971271
s021,s021,6,46,0.925198842819353,0.4852288067340851,-0.4852288067340851,1,0.6482834638971271
s021,s021,8,15,0.28440870000819574,0.7081003785133362,-0.7081003785133362,1,0.6482834638971271
s021,s021,6,2,0.03695295710428876,0.8596534729003906,-0.8596534729003906,1,0.6482834638971271
s021,s021,8,41,0.9993159052196064,0.17589682340621948,-0.17589682340621948,1,0.6482834638971271
s021,s021,8,16,0.0007112576889016171,1.1181440353393555,-1.1181440353393555,1,0.6482834638971271
s021,s021,7,4,0.017120711893422118,0.9108510613441467,-0.9108510613441467,1,0.6482834638971271
s021,s021,6,20,2.996816238969905e-06,1.4727675914764404,-1.4727675914764404,1,0.6482834638971271
s021,s021,5,2,0.999099784464856,0.19370867311954498,-0.19370867311954498,1,0.6482834638971271
s021,s021,4,12,2.9338665836748727e-10,2.071235179901123,-2.071235179901123,1,0.6482834638971271
s021,s021,1,44,0.78723430136355,0.5634663105010986,-0.5634663105010986,1,0.6482834638971271
s021,s021,5,18,0.9983823477873518,0.23175093531608582,-0.23175093531608582,1,0.6482834638971271
s021,s021,4,41,0.9958105435696251,0.29360848665237427,-0.29360848665237427,1,0.6482834638971271
s021,s021,7,10,0.9997698050986369,0.1052582859992981,-0.1052582859992981,1,0.6482834638971271
s021,s021,6,10,0.8997416281690761,0.5060269236564636,-0.5060269236564636,1,0.6482834638971271
s021,s021,3,6,0.22253237986462934,0.7293817400932312,-0.7293817400932312,1,0.6482834638971271
s021,s021,2,4,0.08005929895677745,0.8065645694732666,-0.8065645694732666,1,0.6482834638971271
s021,s021,1,2,5.011544571106786e-37,6.066889762878418,-6.066889762878418,1,0.6482834638971271
s021,s021,1,50,0.9999280714542296,0.029836246743798256,-0.029836246743798256,1,0.6482834638971271
s021,s021,2,31,0.9988898098334555,0.20731371641159058,-0.20731371641159058,1,0.6482834638971271
s021,s021,5,6,0.9992969427209162,0.17767058312892914,-0.17767058312892914,1,0.6482834638971271
s021,s021,1,35,0.09884389200317957,0.7915629744529724,-0.7915629744529724,1,0.6482834638971271
s021,s021,6,14,0.9839424169423829,0.3814897835254669,-0.3814897835254669,1,0.6482834638971271
s021,s021,2,42,0.9985388855543379,0.22514277696609497,-0.22514277696609497,1,0.6482834638971271
s021,s021,7,40,0.9943719026718285,0.3128395676612854,-0.3128395676612854,1,0.6482834638971271
s021,s021,2,3,0.9415948907676608,0.4680495262145996,-0.4680495262145996,1,0.6482834638971271
s021,s021,7,46,0.9643591625127171,0.4344814121723175,-0.4344814121723175,1,0.6482834638971271
s021,s021,6,15,0.9956839278706934,0.2955469787120819,-0.2955469787120819,1,0.6482834638971271
s021,s021,5,42,0.982318287462529,0.3878430724143982,-0.3878430724143982,1,0.6482834638971271
s021,s021,1,14,0.9924133552149501,0.3323262929916382,-0.3323262929916382,1,0.6482834638971271
s021,s021,7,16,0.9979974579918621,0.2456129938364029,-0.2456129938364029,1,0.6482834638971271
s021,s021,2,39,0.9900388497600601,0.35013455152511597,-0.35013455152511597,1,0.6482834638971271
s021,s021,6,24,0.9686288958997775,0.42592260241508484,-0.42592260241508484,1,0.6482834638971271
s021,s021,4,17,0.9984514220462786,0.2289174199104309,-0.2289174199104309,1,0.6482834638971271
s021,s021,7,29,0.9481731450295382,0.45985153317451477,-0.45985153317451477,1,0.6482834638971271
s021,s021,8,44,0.9737669144901582,0.4139840602874756,-0.4139840602874756,1,0.6482834638971271
s021,s021,3,35,0.9989794691846046,0.2018488049507141,-0.2018488049507141,1,0.6482834638971271
s021,s021,7,7,0.5141440018327287,0.6446147561073303,-0.6446147561073303,1,0.6482834638971271
s021,s021,8,34,0.9214572356767033,0.48865577578544617,-0.48865577578544617,1,0.6482834638971271
s021,s021,7,20,0.00016955078397584464,1.2111353874206543,-1.2111353874206543,1,0.6482834638971271
s021,s021,5,44,0.9570127051601339,0.4471268057823181,-0.4471268057823181,1,0.6482834638971271
s021,s021,2,5,0.9998295811129587,0.08576267212629318,-0.08576267212629318,1,0.6482834638971271
s021,s021,2,1,3.129380175376583e-42,6.8437819480896,-6.8437819480896,1,0.6482834638971271
s021,s021,4,25,0.30567307489308976,0.7014703750610352,-0.7014703750610352,1,0.6482834638971271
s021,s021,4,40,0.9994230885627278,0.1648426204919815,-0.1648426204919815,1,0.6482834638971271
s021,s021,8,48,0.10141589128237283,0.7897123694419861,-0.7897123694419861,1,0.6482834638971271
s021,s021,4,38,0.9988002134905151,0.2123510092496872,-0.2123510092496872,1,0.6482834638971271
s021,s021,4,20,0.020824164693566963,0.8979113101959229,-0.8979113101959229,1,0.6482834638971271
s021,s021,2,9,0.9961838469970856,0.28753387928009033,-0.28753387928009033,1,0.6482834638971271
s021,s021,1,49,0.0029452279802135543,1.0258839130401611,-1.0258839130401611,1,0.6482834638971271
s021,s021,7,45,0.9686378210074089,0.4259035587310791,-0.4259035587310791,1,0.6482834638971271
s021,s021,5,36,0.000325875750136059,1.1687687635421753,-1.1687687635421753,1,0.6482834638971271
s021,s021,6,3,0.994582390529078,0.3103547990322113,-0.3103547990322113,1,0.6482834638971271
s021,s021,1,22,0.999813757987583,0.09151964634656906,-0.09151964634656906,1,0.6482834638971271
s021,s021,7,14,0.9976636674817323,0.25562894344329834,-0.25562894344329834,1,0.6482834638971271
s021,s021,4,11,0.9936075035943683,0.32114553451538086,-0.32114553451538086,1,0.6482834638971271
s021,s021,6,27,0.03393332899288942,0.8653829097747803,-0.8653829097747803,1,0.6482834638971271
s021,s021,4,42,0.999613357949556,0.13888666033744812,-0.13888666033744812,1,0.6482834638971271
s021,s021,6,44,0.946880360332642,0.46153724193573,-0.46153724193573,1,0.6482834638971271
s021,s021,7,44,0.9853376613401076,0.37550508975982666,-0.37550508975982666,1,0.6482834638971271
s021,s021,6,8,0.90477066340299,0.5023293495178223,-0.5023293495178223,1,0.6482834638971271
s021,s021,7,9,0.9992118666246966,0.1850813776254654,-0.1850813776254654,1,0.6482834638971271
s021,s021,3,50,0.07831714463633549,0.8081135153770447,-0.8081135153770447,1,0.6482834638971271
s021,s021,3,31,0.9958560313556495,0.2928977906703949,-0.2928977906703949,1,0.6482834638971271
s021,s021,4,2,0.5582991684224569,0.6330966353416443,-0.6330966353416443,1,0.6482834638971271
s021,s021,8,10,0.8335517077140264,0.5438442826271057,-0.5438442826271057,1,0.6482834638971271
s021,s021,2,50,0.8027765675390832,0.5572813749313354,-0.5572813749313354,1,0.6482834638971271
s021,s021,8,23,0.9975748093238563,0.25805461406707764,-0.25805461406707764,1,0.6482834638971271
s021,s021,2,38,0.17537812877052064,0.7486364841461182,-0.7486364841461182,1,0.6482834638971271
s021,s021,7,31,0.9712843416641883,0.42001140117645264,-0.42001140117645264,1,0.6482834638971271
s021,s021,5,15,0.9940732236135568,0.3162112534046173,-0.3162112534046173,1,0.6482834638971271
s021,s021,3,22,0.9943758015995657,0.31279438734054565,-0.31279438734054565,1,0.6482834638971271
s021,s021,8,50,0.990549760354468,0.3466877341270447,-0.3466877341270447,1,0.6482834638971271
s021,s021,1,21,0.9971339809836273,0.2689104974269867,-0.2689104974269867,1,0.6482834638971271
s021,s021,4,39,0.9985316374147646,0.22546404600143433,-0.22546404600143433,1,0.6482834638971271
s021,s021,2,22,0.9894433545757944,0.35393768548965454,-0.35393768548965454,1,0.6482834638971271
s021,s021,3,7,0.9997415348305138,0.1127694845199585,-0.1127694845199585,1,0.6482834638971271
s021,s021,6,21,0.27411672805298465,0.7114155888557434,-0.7114155888557434,1,0.6482834638971271
s021,s021,7,49,0.9631074749716507,0.43680328130722046,-0.43680328130722046,1,0.6482834638971271
s021,s021,3,3,0.9989808840582398,0.20175877213478088,-0.20175877213478088,1,0.6482834638971271
s021,s020,6,2,1.53914980326025e-11,2.2623281478881836,-2.2623281478881836,0,0.6482834638971271
s021,s042,6,15,1.610041295271597e-11,2.259408950805664,-2.259408950805664,0,0.6482834638971271
s021,s036,8,16,5.786291415854943e-132,20.23848533630371,-20.23848533630371,0,0.6482834638971271
s021,s056,3,7,0.0009569959113435336,1.0988893508911133,-1.0988893508911133,0,0.6482834638971271
s021,s055,7,9,6.243528327714818e-12,2.3208208084106445,-2.3208208084106445,0,0.6482834638971271
s021,s033,7,10,4.066328090741323e-55,8.767349243164062,-8.767349243164062,0,0.6482834638971271
s021,s015,7,9,4.984400580734921e-10,2.036876678466797,-2.036876678466797,0,0.6482834638971271
s021,s049,7,44,0.0840793902377961,0.8031044602394104,-0.8031044602394104,0,0.6482834638971271
s021,s013,2,4,0.010388911216184219,0.9436785578727722,-0.9436785578727722,0,0.6482834638971271
s021,s056,5,2,0.01174841141481357,0.9356169104576111,-0.9356169104576111,0,0.6482834638971271
s021,s048,2,42,0.9991377366715726,0.1909138262271881,-0.1909138262271881,0,0.6482834638971271
s021,s008,6,21,1.0625128272848823e-11,2.28635311126709,-2.28635311126709,0,0.6482834638971271
s021,s050,4,11,0.9971671550589707,0.268153578042984,-0.268153578042984,0,0.6482834638971271
s021,s015,6,27,7.417361115474228e-19,3.3545618057250977,-3.3545618057250977,0,0.6482834638971271
s021,s039,6,3,0.9996628943704792,0.12999528646469116,-0.12999528646469116,0,0.6482834638971271
s021,s020,1,21,5.363342881546418e-10,2.0321264266967773,-2.0321264266967773,0,0.6482834638971271
s021,s003,2,38,9.084793435151763e-73,11.402146339416504,-11.402146339416504,0,0.6482834638971271
s021,s028,6,27,9.534561427828933e-11,2.144101142883301,-2.144101142883301,0,0.6482834638971271
s021,s025,1,50,3.5123792830678674e-05,1.313201665878296,-1.313201665878296,0,0.6482834638971271
s021,s008,7,31,7.786340259222088e-07,1.5601410865783691,-1.5601410865783691,0,0.6482834638971271
s021,s042,2,1,2.6193827010851125e-38,6.258223533630371,-6.258223533630371,0,0.6482834638971271
s021,s051,1,50,0.9993993629147108,0.16745688021183014,-0.16745688021183014,0,0.6482834638971271
s021,s032,7,31,1.1302682459219994e-11,2.2823455333709717,-2.2823455333709717,0,0.6482834638971271
s021,s011,2,4,1.646360504961817e-10,2.108690023422241,-2.108690023422241,0,0.6482834638971271
s021,s050,2,39,0.25449451841762555,0.7179598808288574,-0.7179598808288574,0,0.6482834638971271
s021,s041,7,29,1.4960297618736785e-33,5.548171520233154,-5.548171520233154,0,0.6482834638971271
s021,s004,8,34,0.12260254252331781,0.7758664488792419,-0.7758664488792419,0,0.6482834638971271
s021,s046,8,41,0.7991860882441367,0.558741569519043,-0.558741569519043,0,0.6482834638971271
s021,s054,4,2,0.0006565100479975425,1.123340129852295,-1.123340129852295,0,0.6482834638971271
s021,s034,7,49,3.4755382663816595e-15,2.8066153526306152,-2.8066153526306152,0,0.6482834638971271
s021,s029,7,7,5.287967995318451e-07,1.5852255821228027,-1.5852255821228027,0,0.6482834638971271
s021,s027,7,49,5.054754356417683e-08,1.7374224662780762,-1.7374224662780762,0,0.6482834638971271
s021,s039,5,15,0.9734437440212743,0.4147993326187134,-0.4147993326187134,0,0.6482834638971271
s021,s012,2,39,7.813431957270268e-42,6.784463405609131,-6.784463405609131,0,0.6482834638971271
s021,s049,6,2,1.2104400972763475e-77,12.12990665435791,-12.12990665435791,0,0.6482834638971271
s021,s002,8,50,1.1491404364129262e-40,6.610182762145996,-6.610182762145996,0,0.6482834638971271
s021,s053,4,40,2.8804255183005834e-11,2.2216997146606445,-2.2216997146606445,0,0.6482834638971271
s021,s003,8,41,6.343323936732189e-69,10.828341484069824,-10.828341484069824,0,0.6482834638971271
s021,s033,1,49,6.250902750837735e-74,11.57565689086914,-11.57565689086914,0,0.6482834638971271
s021,s015,3,7,3.410856092844484e-09,1.9121965169906616,-1.9121965169906616,0,0.6482834638971271
s021,s043,6,8,3.2524263125716863e-18,3.258734941482544,-3.258734941482544,0,0.6482834638971271
s021,s046,4,25,0.9995543454157392,0.14809902012348175,-0.14809902012348175,0,0.6482834638971271
s021,s047,6,24,0.006100670662250414,0.9784696102142334,-0.9784696102142334,0,0.6482834638971271
s021,s054,7,16,6.564778284370505e-06,1.4219310283660889,-1.4219310283660889,0,0.6482834638971271
s021,s008,4,42,3.520440558382058e-08,1.7608736753463745,-1.7608736753463745,0,0.6482834638971271
s021,s028,5,44,2.584670611448828e-14,2.676541566848755,-2.676541566848755,0,0.6482834638971271
s021,s043,3,35,3.683427493313116e-07,1.6086668968200684,-1.6086668968200684,0,0.6482834638971271
s021,s008,3,22,1.9726277723756023e-07,1.6491507291793823,-1.6491507291793823,0,0.6482834638971271
s021,s008,3,31,2.2182895207156735e-06,1.4922689199447632,-1.4922689199447632,0,0.6482834638971271
s021,s022,4,2,6.408412063956796e-218,33.0693244934082,-33.0693244934082,0,0.6482834638971271
s021,s028,2,5,2.260081988584211e-29,4.924333095550537,-4.924333095550537,0,0.6482834638971271
s021,s037,2,1,5.856406038741755e-70,10.982791900634766,-10.982791900634766,0,0.6482834638971271
s021,s050,8,48,0.9745728519628027,0.41190752387046814,-0.41190752387046814,0,0.6482834638971271
s021,s013,7,10,1.187240212650157e-10,2.129884719848633,-2.129884719848633,0,0.6482834638971271
s021,s011,5,18,1.4081090179174504e-22,3.910097360610962,-3.910097360610962,0,0.6482834638971271
s021,s033,7,44,1.2268221839221395e-64,10.188488960266113,-10.188488960266113,0,0.6482834638971271
s021,s030,7,46,2.3919188419182775e-54,8.652477264404297,-8.652477264404297,0,0.6482834638971271
s021,s051,6,3,1.9682094832066756e-11,2.246387243270874,-2.246387243270874,0,0.6482834638971271
s021,s040,4,11,5.978988329546548e-21,3.6670825481414795,-3.6670825481414795,0,0.6482834638971271
s021,s007,6,8,4.0558523701476765e-15,2.796605110168457,-2.796605110168457,0,0.6482834638971271
s021,s007,7,4,0.47194612342994674,0.6555658578872681,-0.6555658578872681,0,0.6482834638971271
s021,s013,6,21,3.850290977765922e-09,1.9043402671813965,-1.9043402671813965,0,0.6482834638971271
s021,s037,5,6,0.3229588461159013,0.6962698698043823,-0.6962698698043823,0,0.6482834638971271
s021,s002,4,25,0.8785634160005532,0.5199949145317078,-0.5199949145317078,0,0.6482834638971271
s021,s022,4,17,1.1751454671665407e-152,23.32728385925293,-23.32728385925293,0,0.6482834638971271
s021,s057,4,38,2.865777191398459e-07,1.6249390840530396,-1.6249390840530396,0,0.6482834638971271
s021,s030,4,25,1.4844425976620427e-44,7.190676212310791,-7.190676212310791,0,0.6482834638971271
s021,s053,8,34,1.602860748372558e-17,3.1553354263305664,-3.1553354263305664,0,0.6482834638971271
s021,s015,8,34,2.395664909127793e-23,4.024919509887695,-4.024919509887695,0,0.6482834638971271
s021,s004,1,14,1.7890918833569305e-12,2.401845693588257,-2.401845693588257,0,0.6482834638971271
s021,s027,7,44,1.362842880123065e-05,1.3745774030685425,-1.3745774030685425,0,0.6482834638971271
s021,s053,2,1,1.479746452358149e-22,3.9068803787231445,-3.9068803787231445,0,0.6482834638971271
s021,s005,3,3,1.2559719378703956e-16,3.0218729972839355,-3.0218729972839355,0,0.6482834638971271
s021,s057,1,22,3.548439871799558e-46,7.43272590637207,-7.43272590637207,0,0.6482834638971271
s021,s018,3,31,0.0003819277704107981,1.1584758758544922,-1.1584758758544922,0,0.6482834638971271
s021,s035,2,3,6.934155663050708e-05,1.2691054344177246,-1.2691054344177246,0,0.6482834638971271
s021,s022,7,4,1.7141148678548484e-40,6.584259033203125,-6.584259033203125,0,0.6482834638971271
s021,s010,3,3,4.388017391887526e-10,2.045138120651245,-2.045138120651245,0,0.6482834638971271
s021,s044,3,6,2.5267225760066225e-15,2.827284336090088,-2.827284336090088,0,0.6482834638971271
s021,s032,7,16,1.7879194647290227e-08,1.8047970533370972,-1.8047970533370972,0,0.6482834638971271
s022,s022,5,13,0.9936126837624161,0.6817925572395325,-0.6817925572395325,1,1.3765336963263421
s022,s022,6,46,0.9099415174293924,1.0581523180007935,-1.0581523180007935,1,1.3765336963263421
s022,s022,8,15,0.9995288961301597,0.3221142888069153,-0.3221142888069153,1,1.3765336963263421
s022,s022,6,2,0.9965030872553008,0.5984656810760498,-0.5984656810760498,1,1.3765336963263421
s022,s022,8,41,0.9995349951772062,0.3203197121620178,-0.3203197121620178,1,1.3765336963263421
s022,s022,8,16,0.9995918483299172,0.3023606538772583,-0.3023606538772583,1,1.3765336963263421
s022,s022,7,4,0.9904800397188693,0.7371614575386047,-0.7371614575386047,1,1.3765336963263421
s022,s022,6,20,0.9994514166163033,0.3430841565132141,-0.3430841565132141,1,1.3765336963263421
s022,s022,5,2,0.5923455431511289,1.3250967264175415,-1.3250967264175415,1,1.3765336963263421
s022,s022,4,12,1.1790451230625913e-13,5.474323272705078,-5.474323272705078,1,1.3765336963263421
s022,s022,1,44,0.9989875826359164,0.4274961054325104,-0.4274961054325104,1,1.3765336963263421
s022,s022,5,18,0.9952645924481461,0.6403716206550598,-0.6403716206550598,1,1.3765336963263421
s022,s022,4,41,0.999735294018638,0.24273435771465302,-0.24273435771465302,1,1.3765336963263421
s022,s022,7,10,0.9971834394261739,0.5685884952545166,-0.5685884952545166,1,1.3765336963263421
s022,s022,6,10,0.9995200491116725,0.3246765732765198,-0.3246765732765198,1,1.3765336963263421
s022,s022,3,6,0.998662790536927,0.4658420979976654,-0.4658420979976654,1,1.3765336963263421
s022,s022,2,4,0.00011747375248566238,2.6221835613250732,-2.6221835613250732,1,1.3765336963263421
s022,s022,1,2,4.422308377823911e-09,4.024517059326172,-4.024517059326172,1,1.3765336963263421
s022,s022,1,50,0.9999211331517619,0.07602998614311218,-0.07602998614311218,1,1.3765336963263421
s022,s022,2,31,0.9011254121386317,1.0723483562469482,-1.0723483562469482,1,1.3765336963263421
s022,s022,5,6,0.023523182320856397,1.889425277709961,-1.889425277709961,1,1.3765336963263421
s022,s022,1,35,0.04244723710515151,1.8054779767990112,-1.8054779767990112,1,1.3765336963263421
s022,s022,6,14,0.9998206232876908,0.18915733695030212,-0.18915733695030212,1,1.3765336963263421
s022,s022,2,42,0.9776592052352165,0.8563764691352844,-0.8563764691352844,1,1.3765336963263421
s022,s022,7,40,0.9965683299951663,0.5958641767501831,-0.5958641767501831,1,1.3765336963263421
s022,s022,2,3,2.0165297213378692e-05,2.864776849746704,-2.864776849746704,1,1.3765336963263421
s022,s022,7,46,0.9991336855795824,0.40602293610572815,-0.40602293610572815,1,1.3765336963263421
s022,s022,6,15,0.9994988507288359,0.330628901720047,-0.330628901720047,1,1.3765336963263421
s022,s022,5,42,0.580836571374344,1.331629991531372,-1.331629991531372,1,1.3765336963263421
s022,s022,1,14,0.9938458466254445,0.6766413450241089,-0.6766413450241089,1,1.3765336963263421
s022,s022,7,16,0.9879638364038064,0.769794762134552,-0.769794762134552,1,1.3765336963263421
s022,s022,2,39,0.9886120046491089,0.7620845437049866,-0.7620845437049866,1,1.3765336963263421
s022,s022,6,24,0.9995579182497343,0.31335777044296265,-0.31335777044296265,1,1.3765336963263421
s022,s022,4,17,0.9927702067230794,0.6989640593528748,-0.6989640593528748,1,1.3765336963263421
s022,s022,7,29,0.9994539192407557,0.3424544036388397,-0.3424544036388397,1,1.3765336963263421
s022,s022,8,44,0.9772137074243646,0.859157145023346,-0.859157145023346,1,1.3765336963263421
s022,s022,3,35,0.9993295978861403,0.3707057237625122,-0.3707057237625122,1,1.3765336963263421
s022,s022,7,7,0.9998028077188226,0.20219434797763824,-0.20219434797763824,1,1.3765336963263421
s022,s022,8,34,0.9929496167209394,0.6954801678657532,-0.6954801678657532,1,1.3765336963263421
s022,s022,7,20,0.9989896111040988,0.4272197484970093,-0.4272197484970093,1,1.3765336963263421
s022,s022,5,44,0.9987299825584721,0.45873621106147766,-0.45873621106147766,1,1.3765336963263421
s022,s022,2,5,0.9909834119986775,0.7296135425567627,-0.7296135425567627,1,1.3765336963263421
s022,s022,2,1,0.0007407759971511939,2.3686113357543945,-2.3686113357543945,1,1.3765336963263421
s022,s022,4,25,0.9986182008866621,0.47036346793174744,-0.47036346793174744,1,1.3765336963263421
s022,s022,4,40,0.9992208633076702,0.3914112150669098,-0.3914112150669098,1,1.3765336963263421
s022,s022,8,48,0.998856373607483,0.44428908824920654,-0.44428908824920654,1,1.3765336963263421
s022,s022,4,38,0.9989288646375296,0.43526485562324524,-0.43526485562324524,1,1.3765336963263421
s022,s022,4,20,0.9998797876661057,0.13405638933181763,-0.13405638933181763,1,1.3765336963263421
s022,s022,2,9,0.4213339589225288,1.4202110767364502,-1.4202110767364502,1,1.3765336963263421
s022,s022,1,49,0.97293946547423,0.8834255337715149,-0.8834255337715149,1,1.3765336963263421
s022,s022,7,45,0.9985570894615263,0.47632896900177,-0.47632896900177,1,1.3765336963263421
s022,s022,5,36,0.8299381380061384,1.1583271026611328,-1.1583271026611328,1,1.3765336963263421
s022,s022,6,3,0.9989344991586174,0.4345380663871765,-0.4345380663871765,1,1.3765336963263421
s022,s022,1,22,0.9993448667210901,0.36753222346305847,-0.36753222346305847,1,1.3765336963263421
s022,s022,7,14,0.9978288058567751,0.532676637172699,-0.532676637172699,1,1.3765336963263421
s022,s022,4,11,0.9999199306411087,0.07811316102743149,-0.07811316102743149,1,1.3765336963263421
s022,s022,6,27,0.9996928620630817,0.2632061243057251,-0.2632061243057251,1,1.3765336963263421
s022,s022,4,42,0.9998172257209579,0.1917407065629959,-0.1917407065629959,1,1.3765336963263421
s022,s022,6,44,0.9996488293901978,0.28165432810783386,-0.28165432810783386,1,1.3765336963263421
s022,s022,7,44,0.9987954187215009,0.4514455199241638,-0.4514455199241638,1,1.3765336963263421
s022,s022,6,8,0.9951794964119336,0.6428350806236267,-0.6428350806236267,1,1.3765336963263421
s022,s022,7,9,0.9957887891856056,0.6241499781608582,-0.6241499781608582,1,1.3765336963263421
s022,s022,3,50,0.9984621421405545,0.4851144552230835,-0.4851144552230835,1,1.3765336963263421
s022,s022,3,31,0.9988514161107583,0.4448851943016052,-0.4448851943016052,1,1.3765336963263421
s022,s022,4,2,0.06424799291086937,1.745252013206482,-1.745252013206482,1,1.3765336963263421
s022,s022,8,10,0.9998406401301044,0.17286700010299683,-0.17286700010299683,1,1.3765336963263421
s022,s022,2,50,0.9737127734255969,0.8793251514434814,-0.8793251514434814,1,1.3765336963263421
s022,s022,8,23,0.9998186486479165,0.19066466391086578,-0.19066466391086578,1,1.3765336963263421
s022,s022,2,38,0.5134073022377341,1.3691496849060059,-1.3691496849060059,1,1.3765336963263421
s022,s022,7,31,0.9846432157566907,0.8037962913513184,-0.8037962913513184,1,1.3765336963263421
s022,s022,5,15,0.9959348062325806,0.6192721724510193,-0.6192721724510193,1,1.3765336963263421
s022,s022,3,22,0.9998815929807081,0.13197322189807892,-0.13197322189807892,1,1.3765336963263421
s022,s022,8,50,0.9994490115111335,0.34368667006492615,-0.34368667006492615,1,1.3765336963263421
s022,s022,1,21,0.98727584650148,0.7775422930717468,-0.7775422930717468,1,1.3765336963263421
s022,s022,4,39,0.9993029374159899,0.3760775327682495,-0.3760775327682495,1,1.3765336963263421
s022,s022,2,22,0.9661642266508769,0.9151450395584106,-0.9151450395584106,1,1.3765336963263421
s022,s022,3,7,0.999107654595323,0.4101018011569977,-0.4101018011569977,1,1.3765336963263421
s022,s022,6,21,0.9994882210322247,0.3335195481777191,-0.3335195481777191,1,1.3765336963263421
s022,s022,7,49,0.9992158209699609,0.3922998905181885,-0.3922998905181885,1,1.3765336963263421
s022,s022,3,3,0.8916506588197991,1.086399793624878,-1.086399793624878,1,1.3765336963263421
s022,s020,6,2,1.3041411525548248e-48,16.553993225097656,-16.553993225097656,0,1.3765336963263421
s022,s042,6,15,4.2650061736877774e-33,11.63650894165039,-11.63650894165039,0,1.3765336963263421
s022,s036,8,16,0.9539096689977205,0.9594486951828003,-0.9594486951828003,0,1.3765336963263421
s022,s056,3,7,3.8393638793473955e-36,12.60185718536377,-12.60185718536377,0,1.3765336963263421
s022,s055,7,9,2.302989293190015e-36,12.672211647033691,-12.672211647033691,0,1.3765336963263421
s022,s033,7,10,2.6823574007482525e-93,30.71786117553711,-30.71786117553711,0,1.3765336963263421
s022,s015,7,9,3.2907754541895453e-20,7.551743507385254,-7.551743507385254,0,1.3765336963263421
s022,s049,7,44,4.943010704054488e-14,5.593987464904785,-5.593987464904785,0,1.3765336963263421
s022,s013,2,4,2.4892618141833896e-22,8.224084854125977,-8.224084854125977,0,1.3765336963263421
s022,s056,5,2,8.031919567558979e-18,6.7949981689453125,-6.7949981689453125,0,1.3765336963263421
s022,s048,2,42,9.061126776801669e-24,8.680152893066406,-8.680152893066406,0,1.3765336963263421
s022,s008,6,21,1.7700274638317586e-52,17.779781341552734,-17.779781341552734,0,1.3765336963263421
s022,s050,4,11,5.939656071322951e-19,7.153496742248535,-7.153496742248535,0,1.3765336963263421
s022,s015,6,27,6.377389652160864e-20,7.460667133331299,-7.460667133331299,0,1.3765336963263421
s022,s039,6,3,1.0517727582067117e-15,6.123964309692383,-6.123964309692383,0,1.3765336963263421
s022,s020,1,21,1.0624061958233133e-71,23.87226104736328,-23.87226104736328,0,1.3765336963263421
s022,s003,2,38,8.576210622669834e-64,21.36606788635254,-21.36606788635254,0,1.3765336963263421
s022,s028,6,27,1.3523502695713312e-07,3.553694009780884,-3.553694009780884,0,1.3765336963263421
s022,s025,1,50,8.137749820659704e-12,4.891444683074951,-4.891444683074951,0,1.3765336963263421
s022,s008,7,31,2.671788973183002e-49,16.772226333618164,-16.772226333618164,0,1.3765336963263421
s022,s042,2,1,3.101470899945543e-19,7.242940425872803,-7.242940425872803,0,1.3765336963263421
s022,s051,1,50,1.0043081828358964e-13,5.496403694152832,-5.496403694152832,0,1.3765336963263421
s022,s032,7,31,4.15985803155162e-83,27.48787498474121,-27.48787498474121,0,1.3765336963263421
s022,s011,2,4,2.9036858086032424e-76,25.31865119934082,-25.31865119934082,0,1.3765336963263421
s022,s050,2,39,1.01613838331963e-26,9.615253448486328,-9.615253448486328,0,1.3765336963263421
s022,s041,7,29,1.160576082035029e-143,46.681114196777344,-46.681114196777344,0,1.3765336963263421
s022,s004,8,34,5.7892674058123824e-49,16.66578483581543,-16.66578483581543,0,1.3765336963263421
s022,s046,8,41,5.480228035686859e-47,16.039419174194336,-16.039419174194336,0,1.3765336963263421
s022,s054,4,2,7.861969048636675e-10,4.26227331161499,-4.26227331161499,0,1.3765336963263421
s022,s034,7,49,5.429872106464601e-39,13.505021095275879,-13.505021095275879,0,1.3765336963263421
s022,s029,7,7,7.313543407888532e-15,5.857019901275635,-5.857019901275635,0,1.3765336963263421
s022,s027,7,49,3.787025046409532e-63,21.16162872314453,-21.16162872314453,0,1.3765336963263421
s022,s039,5,15,4.177474801650739e-21,7.835860252380371,-7.835860252380371,0,1.3765336963263421
s022,s012,2,39,1.4223196229941823e-125,40.9478645324707,-40.9478645324707,0,1.3765336963263421
s022,s049,6,2,9.324335636203827e-30,10.577962875366211,-10.577962875366211,0,1.3765336963263421
s022,s002,8,50,6.813155075763372e-98,32.174339294433594,-32.174339294433594,0,1.3765336963263421
s022,s053,4,40,1.5206633905183923e-25,9.242801666259766,-9.242801666259766,0,1.3765336963263421
s022,s003,8,41,2.233662469077151e-144,46.9079475402832,-46.9079475402832,0,1.3765336963263421
s022,s033,1,49,2.4163926388107757e-76,25.34393882751465,-25.34393882751465,0,1.3765336963263421
s022,s015,3,7,9.71806971359648e-12,4.8670148849487305,-4.8670148849487305,0,1.3765336963263421
s022,s043,6,8,0.9694955295495576,0.9004040956497192,-0.9004040956497192,0,1.3765336963263421
s022,s046,4,25,1.9537229649848274e-26,9.52526569366455,-9.52526569366455,0,1.3765336963263421
s022,s047,6,24,6.384764111731688e-33,11.58096981048584,-11.58096981048584,0,1.3765336963263421
s022,s054,7,16,6.063519805663677e-25,9.052407264709473,-9.052407264709473,0,1.3765336963263421
s022,s008,4,42,4.14900018354269e-31,11.006387710571289,-11.006387710571289,0,1.3765336963263421
s022,s028,5,44,0.000127202612054998,2.611229658126831,-2.611229658126831,0,1.3765336963263421
s022,s043,3,35,0.4068696979990686,1.4284181594848633,-1.4284181594848633,0,1.3765336963263421
s022,s008,3,22,1.2223285819672435e-46,15.928994178771973,-15.928994178771973,0,1.3765336963263421
s022,s008,3,31,2.3398611952066625e-34,12.036108016967773,-12.036108016967773,0,1.3765336963263421
s022,s021,4,2,3.003502011044647e-08,3.7608141899108887,-3.7608141899108887,0,1.3765336963263421
s022,s028,2,5,0.0001068537910203663,2.635228157043457,-2.635228157043457,0,1.3765336963263421
s022,s037,2,1,1.945855444067601e-18,6.990152359008789,-6.990152359008789,0,1.3765336963263421
s022,s050,8,48,9.029234082143688e-30,10.582389831542969,-10.582389831542969,0,1.3765336963263421
s022,s013,7,10,3.068560203125306e-20,7.561367511749268,-7.561367511749268,0,1.3765336963263421
s022,s011,5,18,1.0215764022837553e-62,21.025028228759766,-21.025028228759766,0,1.3765336963263421
s022,s033,7,44,2.0935354348185493e-124,40.577693939208984,-40.577693939208984,0,1.3765336963263421
s022,s030,7,46,2.784464719408386e-107,35.15013885498047,-35.15013885498047,0,1.3765336963263421
s022,s051,6,3,3.532863423744494e-09,4.055427551269531,-4.055427551269531,0,1.3765336963263421
s022,s040,4,11,2.5721350553053422e-96,31.67451286315918,-31.67451286315918,0,1.3765336963263421
s022,s007,6,8,1.0023281970215205e-42,14.688474655151367,-14.688474655151367,0,1.3765336963263421
s022,s007,7,4,9.565298916364542e-34,11.84228515625,-11.84228515625,0,1.3765336963263421
s022,s013,6,21,1.5101204591464617e-21,7.975924968719482,-7.975924968719482,0,1.3765336963263421
s022,s037,5,6,2.04064340896093e-31,11.104066848754883,-11.104066848754883,0,1.3765336963263421
s022,s002,4,25,6.0143110105603295e-24,8.736570358276367,-8.736570358276367,0,1.3765336963263421
s022,s021,4,17,7.777307386697385e-17,6.482473850250244,-6.482473850250244,0,1.3765336963263421
s022,s057,4,38,1.3175550682219037e-37,13.0660400390625,-13.0660400390625,0,1.3765336963263421
s022,s030,4,25,7.834849866673784e-93,30.5703125,-30.5703125,0,1.3765336963263421
s022,s053,8,34,1.3265321004410243e-32,11.48031234741211,-11.48031234741211,0,1.3765336963263421
s022,s015,8,34,1.9261450960463826e-15,6.040678024291992,-6.040678024291992,0,1.3765336963263421
s022,s004,1,14,6.366724378089496e-42,14.43398666381836,-14.43398666381836,0,1.3765336963263421
s022,s027,7,44,8.522428323558351e-47,15.9786376953125,-15.9786376953125,0,1.3765336963263421
s022,s053,2,1,2.662585463220149e-43,14.870949745178223,-14.870949745178223,0,1.3765336963263421
s022,s005,3,3,2.605281331326757e-52,17.726572036743164,-17.726572036743164,0,1.3765336963263421
s022,s057,1,22,7.77669848989393e-35,12.187739372253418,-12.187739372253418,0,1.3765336963263421
s022,s018,3,31,3.439566184946767e-37,12.933952331542969,-12.933952331542969,0,1.3765336963263421
s022,s035,2,3,6.47426527819768e-08,3.6550886631011963,-3.6550886631011963,0,1.3765336963263421
s022,s021,7,4,1.499301552451126e-08,3.8564529418945312,-3.8564529418945312,0,1.3765336963263421
s022,s010,3,3,0.003887714731370647,2.1399645805358887,-2.1399645805358887,0,1.3765336963263421
s022,s044,3,6,0.04761394296001052,1.78892183303833,-1.78892183303833,0,1.3765336963263421
s022,s032,7,16,5.646373744659356e-75,24.91014862060547,-24.91014862060547,0,1.3765336963263421
s024,s024,5,13,0.9997970234608514,0.34099432826042175,-0.34099432826042175,1,2.2766606677662247
s024,s024,6,46,0.9997939246209835,0.34444454312324524,-0.34444454312324524,1,2.2766606677662247
s024,s024,8,15,0.9996220666417208,0.48255765438079834,-0.48255765438079834,1,2.2766606677662247
s024,s024,6,2,0.9998936417603285,0.19383689761161804,-0.19383689761161804,1,2.2766606677662247
s024,s024,8,41,0.9993342928567369,0.6115122437477112,-0.6115122437477112,1,2.2766606677662247
s024,s024,8,16,0.9992606865978876,0.6354048252105713,-0.6354048252105713,1,2.2766606677662247
s024,s024,7,4,0.9397964666489991,1.6510497331619263,-1.6510497331619263,1,2.2766606677662247
s024,s024,6,20,0.9996093496991505,0.4900951385498047,-0.4900951385498047,1,2.2766606677662247
s024,s024,5,2,0.9998359276358317,0.292542040348053,-0.292542040348053,1,2.2766606677662247
s024,s024,4,12,0.9977823017788308,0.8858337998390198,-0.8858337998390198,1,2.2766606677662247
s024,s024,1,44,0.9976896687139807,0.8951712846755981,-0.8951712846755981,1,2.2766606677662247
s024,s024,5,18,0.9996445928172719,0.468561589717865,-0.468561589717865,1,2.2766606677662247
s024,s024,4,41,0.9998998505183896,0.18014156818389893,-0.18014156818389893,1,2.2766606677662247
s024,s024,7,10,0.9466461701831759,1.6218976974487305,-1.6218976974487305,1,2.2766606677662247
s024,s024,6,10,0.9996604385901366,0.45817428827285767,-0.45817428827285767,1,2.2766606677662247
s024,s024,3,6,0.9659199969205218,1.5152610540390015,-1.5152610540390015,1,2.2766606677662247
s024,s024,2,4,5.2823977754989556e-08,6.091501712799072,-6.091501712799072,1,2.2766606677662247
s024,s024,1,2,3.798423463583105e-05,4.59391450881958,-4.59391450881958,1,2.2766606677662247
s024,s024,1,50,0.9997145846495682,0.4186142385005951,-0.4186142385005951,1,2.2766606677662247
s024,s024,2,31,0.9999133519757764,0.14717024564743042,-0.14717024564743042,1,2.2766606677662247
s024,s024,5,6,0.9998949558669966,0.1910061538219452,-0.1910061538219452,1,2.2766606677662247
s024,s024,1,35,0.9997162847640307,0.41725367307662964,-0.41725367307662964,1,2.2766606677662247
s024,s024,6,14,0.9999103673773989,0.15488086640834808,-0.15488086640834808,1,2.2766606677662247
s024,s024,2,42,0.9946535054029401,1.0868884325027466,-1.0868884325027466,1,2.2766606677662247
s024,s024,7,40,0.9997886414754269,0.3502088487148285,-0.3502088487148285,1,2.2766606677662247
s024,s024,2,3,0.003983161294221485,3.533761739730835,-3.533761739730835,1,2.2766606677662247
s024,s024,7,46,0.9997813297447773,0.3579532206058502,-0.3579532206058502,1,2.2766606677662247
s024,s024,6,15,0.9998852286407455,0.21117079257965088,-0.21117079257965088,1,2.2766606677662247
s024,s024,5,42,0.998517937455284,0.7939085960388184,-0.7939085960388184,1,2.2766606677662247
s024,s024,1,14,0.9995269071870392,0.5337071418762207,-0.5337071418762207,1,2.2766606677662247
s024,s024,7,16,0.9997983484562942,0.3395029902458191,-0.3395029902458191,1,2.2766606677662247
s024,s024,2,39,0.9995354324990064,0.529565155506134,-0.529565155506134,1,2.2766606677662247
s024,s024,6,24,0.9968832110627093,0.963521420955658,-0.963521420955658,1,2.2766606677662247
s024,s024,4,17,0.99984048770803,0.2861238718032837,-0.2861238718032837,1,2.2766606677662247
s024,s024,7,29,0.999859520897143,0.2571917772293091,-0.2571917772293091,1,2.2766606677662247
s024,s024,8,44,0.9998147757309873,0.3201535940170288,-0.3201535940170288,1,2.2766606677662247
s024,s024,3,35,0.9998884635409924,0.20466098189353943,-0.20466098189353943,1,2.2766606677662247
s024,s024,7,7,0.9995901876444069,0.5010016560554504,-0.5010016560554504,1,2.2766606677662247
s024,s024,8,34,0.9999081313906876,0.16049107909202576,-0.16049107909202576,1,2.2766606677662247
s024,s024,7,20,0.99754635994167,0.9089053273200989,-0.9089053273200989,1,2.2766606677662247
s024,s024,5,44,0.999733871581118,0.4026808440685272,-0.4026808440685272,1,2.2766606677662247
s024,s024,2,5,0.9965417393028496,0.9872681498527527,-0.9872681498527527,1,2.2766606677662247
s024,s024,2,1,0.9867189477342,1.2958645820617676,-1.2958645820617676,1,2.2766606677662247
s024,s024,4,25,0.9998018734780576,0.3354872167110443,-0.3354872167110443,1,2.2766606677662247
s024,s024,4,40,0.9997631900774373,0.37610071897506714,-0.37610071897506714,1,2.2766606677662247
s024,s024,8,48,0.9997707098092556,0.3687523603439331,-0.3687523603439331,1,2.2766606677662247
s024,s024,4,38,0.998826522255261,0.7406866550445557,-0.7406866550445557,1,2.2766606677662247
s024,s024,4,20,0.9998112179580957,0.3244859278202057,-0.3244859278202057,1,2.2766606677662247
s024,s024,2,9,0.999816371989124,0.31818270683288574,-0.31818270683288574,1,2.2766606677662247
s024,s024,1,49,0.9965735598304891,0.9851563572883606,-0.9851563572883606,1,2.2766606677662247
s024,s024,7,45,0.9997188116481195,0.415216326713562,-0.415216326713562,1,2.2766606677662247
s024,s024,5,36,0.998630792056844,0.7758511900901794,-0.7758511900901794,1,2.2766606677662247
s024,s024,6,3,0.9999110459782893,0.1531505137681961,-0.1531505137681961,1,2.2766606677662247
s024,s024,1,22,0.9994009148695382,0.5874905586242676,-0.5874905586242676,1,2.2766606677662247
s024,s024,7,14,0.998801898735707,0.7454200387001038,-0.7454200387001038,1,2.2766606677662247
s024,s024,4,11,0.999905605402618,0.16666696965694427,-0.16666696965694427,1,2.2766606677662247
s024,s024,6,27,0.9998346595011474,0.29429522156715393,-0.29429522156715393,1,2.2766606677662247
s024,s024,4,42,0.9996945853917346,0.4340374171733856,-0.4340374171733856,1,2.2766606677662247
s024,s024,6,44,0.9986995612809862,0.7641037106513977,-0.7641037106513977,1,2.2766606677662247
s024,s024,7,44,0.9994853890594092,0.5528677701950073,-0.5528677701950073,1,2.2766606677662247
s024,s024,6,8,0.9984833799685877,0.7991640567779541,-0.7991640567779541,1,2.2766606677662247
s024,s024,7,9,0.998369056512255,0.8157356381416321,-0.8157356381416321,1,2.2766606677662247
s024,s024,3,50,0.9997837626771744,0.35540544986724854,-0.35540544986724854,1,2.2766606677662247
s024,s024,3,31,0.9995039510553895,0.5444998741149902,-0.5444998741149902,1,2.2766606677662247
s024,s024,4,2,0.9995866076125778,0.5029826760292053,-0.5029826760292053,1,2.2766606677662247
s024,s024,8,10,0.9997768678379624,0.3625529408454895,-0.3625529408454895,1,2.2766606677662247
s024,s024,2,50,0.9987061548909171,0.7629449367523193,-0.7629449367523193,1,2.2766606677662247
s024,s024,8,23,0.9995318924419196,0.5312942266464233,-0.5312942266464233,1,2.2766606677662247
s024,s024,2,38,0.9978750098206047,0.8760907053947449,-0.8760907053947449,1,2.2766606677662247
s024,s024,7,31,0.999778807677557,0.36056458950042725,-0.36056458950042725,1,2.2766606677662247
s024,s024,5,15,0.9995311211813023,0.5316691994667053,-0.5316691994667053,1,2.2766606677662247
s024,s024,3,22,0.999752309626142,0.38633033633232117,-0.38633033633232117,1,2.2766606677662247
s024,s024,8,50,0.999803648426141,0.33343803882598877,-0.33343803882598877,1,2.2766606677662247
s024,s024,1,21,0.9997733854405698,0.3660794496536255,-0.3660794496536255,1,2.2766606677662247
s024,s024,4,39,0.9998322415008356,0.2976011335849762,-0.2976011335849762,1,2.2766606677662247
s024,s024,2,22,0.9997838803737092,0.3552814722061157,-0.3552814722061157,1,2.2766606677662247
s024,s024,3,7,0.9998980438653018,0.18421237170696259,-0.18421237170696259,1,2.2766606677662247
s024,s024,6,21,0.9998622825926873,0.25267085433006287,-0.25267085433006287,1,2.2766606677662247
s024,s024,7,49,0.9995550769502154,0.5197242498397827,-0.5197242498397827,1,2.2766606677662247
s024,s024,3,3,0.99968675157448,0.43980515003204346,-0.43980515003204346,1,2.2766606677662247
s024,s020,6,2,1.6333384028097295e-40,23.13378143310547,-23.13378143310547,0,2.2766606677662247
s024,s042,6,15,2.9559328752010885e-39,22.474512100219727,-22.474512100219727,0,2.2766606677662247
s024,s036,8,16,5.296506238105387e-17,10.808878898620605,-10.808878898620605,0,2.2766606677662247
s024,s056,3,7,1.3422857344543672e-28,16.887815475463867,-16.887815475463867,0,2.2766606677662247
s024,s055,7,9,7.732283993256655e-29,17.013385772705078,-17.013385772705078,0,2.2766606677662247
s024,s033,7,10,9.90312990263793e-95,51.55560302734375,-51.55560302734375,0,2.2766606677662247
s024,s015,7,9,1.109208743798691e-15,10.116371154785156,-10.116371154785156,0,2.2766606677662247
s024,s049,7,44,7.820875485019155e-14,9.14748477935791,-9.14748477935791,0,2.2766606677662247
s024,s013,2,4,1.3038180300581835e-12,8.50690746307373,-8.50690746307373,0,2.2766606677662247
s024,s056,5,2,3.833296191189841e-10,7.212944984436035,-7.212944984436035,0,2.2766606677662247
s024,s048,2,42,4.661824035816301e-16,10.31371784210205,-10.31371784210205,0,2.2766606677662247
s024,s008,6,21,6.899454559479362e-45,25.42685890197754,-25.42685890197754,0,2.2766606677662247
s024,s050,4,11,2.1798597006959504e-14,9.438336372375488,-9.438336372375488,0,2.2766606677662247
s024,s015,6,27,1.032015465625546e-14,9.608572959899902,-9.608572959899902,0,2.2766606677662247
s024,s039,6,3,5.795836261413333e-10,7.118824481964111,-7.118824481964111,0,2.2766606677662247
s024,s020,1,21,4.4472329995629573e-60,33.3901481628418,-33.3901481628418,0,2.2766606677662247
s024,s003,2,38,1.718219802531288e-58,32.5582160949707,-32.5582160949707,0,2.2766606677662247
s024,s028,6,27,0.08958433890915,2.8045547008514404,-2.8045547008514404,0,2.2766606677662247
s024,s025,1,50,3.5005931391509864e-05,4.612504959106445,-4.612504959106445,0,2.2766606677662247
s024,s008,7,31,3.3672409540022296e-38,21.920631408691406,-21.920631408691406,0,2.2766606677662247
s024,s042,2,1,5.35919775008393e-19,11.85464096069336,-11.85464096069336,0,2.2766606677662247
s024,s051,1,50,2.750579903281037e-08,6.240069389343262,-6.240069389343262,0,2.2766606677662247
s024,s032,7,31,1.4275503214337286e-71,39.41527557373047,-39.41527557373047,0,2.2766606677662247
s024,s011,2,4,2.2011418100881174e-67,37.219810485839844,-37.219810485839844,0,2.2766606677662247
s024,s050,2,39,2.709065370305091e-25,15.155280113220215,-15.155280113220215,0,2.2766606677662247
s024,s041,7,29,2.1991371925638568e-124,67.1005859375,-67.1005859375,0,2.2766606677662247
s024,s004,8,34,4.857254590119274e-40,22.88566017150879,-22.88566017150879,0,2.2766606677662247
s024,s046,8,41,1.2539894595523886e-36,21.097070693969727,-21.097070693969727,0,2.2766606677662247
s024,s054,4,2,0.0029872150731880803,3.599496603012085,-3.599496603012085,0,2.2766606677662247
s024,s034,7,49,5.499872025653501e-38,21.808931350708008,-21.808931350708008,0,2.2766606677662247
s024,s029,7,7,1.6569664920202216e-09,6.879676342010498,-6.879676342010498,0,2.2766606677662247
s024,s027,7,49,4.486335785076442e-54,30.24283218383789,-30.24283218383789,0,2.2766606677662247
s024,s039,5,15,1.947415546980189e-13,8.939786911010742,-8.939786911010742,0,2.2766606677662247
s024,s012,2,39,1.3507771017675391e-121,65.63888549804688,-65.63888549804688,0,2.2766606677662247
s024,s049,6,2,5.809360813812363e-45,25.46601104736328,-25.46601104736328,0,2.2766606677662247
s024,s002,8,50,6.679268130977405e-91,49.54838562011719,-49.54838562011719,0,2.2766606677662247
s024,s053,4,40,1.176356879843829e-21,13.248312950134277,-13.248312950134277,0,2.2766606677662247
s024,s003,8,41,3.111105015622154e-156,83.79666137695312,-83.79666137695312,0,2.2766606677662247
s024,s033,1,49,3.0700307605084336e-89,48.67691421508789,-48.67691421508789,0,2.2766606677662247
s024,s015,3,7,2.9311997293029983e-05,4.652921676635742,-4.652921676635742,0,2.2766606677662247
s024,s043,6,8,0.9976670783861016,0.8973917365074158,-0.8973917365074158,0,2.2766606677662247
s024,s046,4,25,6.594810055013028e-19,11.80740737915039,-11.80740737915039,0,2.2766606677662247
s024,s047,6,24,2.496606136847149e-24,14.649653434753418,-14.649653434753418,0,2.2766606677662247
s024,s054,7,16,5.450117083136238e-20,12.375031471252441,-12.375031471252441,0,2.2766606677662247
s024,s008,4,42,3.552634228555699e-24,14.569342613220215,-14.569342613220215,0,2.2766606677662247
s024,s028,5,44,0.9942729729370706,1.1026288270950317,-1.1026288270950317,0,2.2766606677662247
s024,s043,3,35,0.9942158266182208,1.1049023866653442,-1.1049023866653442,0,2.2766606677662247
s024,s008,3,22,8.134141715225481e-38,21.71983528137207,-21.71983528137207,0,2.2766606677662247
s024,s008,3,31,7.584175835901978e-28,16.493568420410156,-16.493568420410156,0,2.2766606677662247
s024,s021,4,2,0.036200132152066085,3.023819923400879,-3.023819923400879,0,2.2766606677662247
s024,s028,2,5,0.9677100850705576,1.5025556087493896,-1.5025556087493896,0,2.2766606677662247
s024,s037,2,1,2.142913181012756e-20,12.58755111694336,-12.58755111694336,0,2.2766606677662247
s024,s050,8,48,1.0182663316631556e-21,13.281169891357422,-13.281169891357422,0,2.2766606677662247
s024,s013,7,10,1.0586460255765807e-15,10.126993179321289,-10.126993179321289,0,2.2766606677662247
s024,s011,5,18,1.7237719424555567e-64,35.70280456542969,-35.70280456542969,0,2.2766606677662247
s024,s033,7,44,9.033730433433194e-119,64.1578140258789,-64.1578140258789,0,2.2766606677662247
s024,s030,7,46,2.5117044647992596e-114,61.828125,-61.828125,0,2.2766606677662247
s024,s051,6,3,0.0002143006694275612,4.19996452331543,-4.19996452331543,0,2.2766606677662247
s024,s040,4,11,5.736283370312892e-82,44.86505126953125,-44.86505126953125,0,2.2766606677662247
s024,s007,6,8,9.772113679743657e-43,24.299169540405273,-24.299169540405273,0,2.2766606677662247
s024,s007,7,4,2.600138911794924e-25,15.164623260498047,-15.164623260498047,0,2.2766606677662247
s024,s013,6,21,8.801700260014368e-14,9.120586395263672,-9.120586395263672,0,2.2766606677662247
s024,s037,5,6,8.187557683836528e-21,12.806596755981445,-12.806596755981445,0,2.2766606677662247
s024,s002,4,25,1.3144789881563182e-14,9.553494453430176,-9.553494453430176,0,2.2766606677662247
s024,s021,4,17,1.0803775213827261e-09,6.977044105529785,-6.977044105529785,0,2.2766606677662247
s024,s057,4,38,1.9949707861987107e-34,19.94292449951172,-19.94292449951172,0,2.2766606677662247
s024,s030,4,25,8.188756805550541e-96,52.12310028076172,-52.12310028076172,0,2.2766606677662247
s024,s053,8,34,4.6526645858860816e-35,20.274354934692383,-20.274354934692383,0,2.2766606677662247
s024,s015,8,34,1.811007821605279e-08,6.335217475891113,-6.335217475891113,0,2.2766606677662247
s024,s004,1,14,3.428727381950343e-32,18.771188735961914,-18.771188735961914,0,2.2766606677662247
s024,s027,7,44,4.5581398337757334e-37,21.327468872070312,-21.327468872070312,0,2.2766606677662247
s024,s053,2,1,6.372863036750502e-36,20.72694969177246,-20.72694969177246,0,2.2766606677662247
s024,s005,3,3,1.603967915664908e-48,27.331676483154297,-27.331676483154297,0,2.2766606677662247
s024,s057,1,22,6.916400890577663e-31,18.08721351623535,-18.08721351623535,0,2.2766606677662247
s024,s018,3,31,5.872279637319185e-31,18.12447166442871,-18.12447166442871,0,2.2766606677662247
s024,s035,2,3,7.922778229022503e-06,4.950771808624268,-4.950771808624268,0,2.2766606677662247
s024,s021,7,4,0.00937691238576171,3.3376035690307617,-3.3376035690307617,0,2.2766606677662247
s024,s010,3,3,0.9650979802511949,1.5208810567855835,-1.5208810567855835,0,2.2766606677662247
s024,s044,3,6,0.9946023707740308,1.0890672206878662,-1.0890672206878662,0,2.2766606677662247
s024,s032,7,16,4.4534987316046314e-64,35.48670959472656,-35.48670959472656,0,2.2766606677662247
s025,s025,5,13,0.9677061433566507,0.8430270552635193,-0.8430270552635193,1,1.2773236783706776
s025,s025,6,46,0.9996655870153394,0.25510716438293457,-0.25510716438293457,1,1.2773236783706776
s025,s025,8,15,0.9989134716617603,0.4057188034057617,-0.4057188034057617,1,1.2773236783706776
s025,s025,6,2,0.9832892785277677,0.7568330764770508,-0.7568330764770508,1,1.2773236783706776
s025,s025,8,41,0.9989250366208221,0.4043504595756531,-0.4043504595756531,1,1.2773236783706776
s025,s025,8,16,0.9990330717755787,0.39080753922462463,-0.39080753922462463,1,1.2773236783706776
s025,s025,7,4,0.9072590838938851,0.9860149025917053,-0.9860149025917053,1,1.2773236783706776
s025,s025,6,20,0.999752230935516,0.2167917639017105,-0.2167917639017105,1,1.2773236783706776
s025,s025,5,2,0.3141879724635084,1.3770331144332886,-1.3770331144332886,1,1.2773236783706776
s025,s025,4,12,0.9990014061381145,0.39492762088775635,-0.39492762088775635,1,1.2773236783706776
s025,s025,1,44,0.9997654935900253,0.20976297557353973,-0.20976297557353973,1,1.2773236783706776
s025,s025,5,18,0.9994965423762631,0.30738699436187744,-0.30738699436187744,1,1.2773236783706776
s025,s025,4,41,0.9998683565355102,0.13599899411201477,-0.13599899411201477,1,1.2773236783706776
s025,s025,7,10,0.999870132008871,0.13426432013511658,-0.13426432013511658,1,1.2773236783706776
s025,s025,6,10,0.9991086410057496,0.38040339946746826,-0.38040339946746826,1,1.2773236783706776
s025,s025,3,6,0.9998486596637481,0.1538117378950119,-0.1538117378950119,1,1.2773236783706776
s025,s025,2,4,0.9998398691680805,0.16102463006973267,-0.16102463006973267,1,1.2773236783706776
s025,s025,1,2,8.061389135602144e-13,4.834225654602051,-4.834225654602051,1,1.2773236783706776
s025,s025,1,50,0.9976751095999745,0.5030413866043091,-0.5030413866043091,1,1.2773236783706776
s025,s025,2,31,0.9959637215301721,0.5737242698669434,-0.5737242698669434,1,1.2773236783706776
s025,s025,5,6,0.946939131847827,0.9092251658439636,-0.9092251658439636,1,1.2773236783706776
s025,s025,1,35,0.9836999235524355,0.7536016702651978,-0.7536016702651978,1,1.2773236783706776
s025,s025,6,14,0.9743903823686652,0.8125255107879639,-0.8125255107879639,1,1.2773236783706776
s025,s025,2,42,0.2247668437924447,1.435469150543213,-1.435469150543213,1,1.2773236783706776
s025,s025,7,40,0.9805431050212897,0.7766249179840088,-0.7766249179840088,1,1.2773236783706776
s025,s025,2,3,0.9748633093119358,0.8100826740264893,-0.8100826740264893,1,1.2773236783706776
s025,s025,7,46,0.9951656689925938,0.596872091293335,-0.596872091293335,1,1.2773236783706776
s025,s025,6,15,0.9998953755223619,0.10665290057659149,-0.10665290057659149,1,1.2773236783706776
s025,s025,5,42,0.9938006487719718,0.628814697265625,-0.628814697265625,1,1.2773236783706776
s025,s025,1,14,0.999799222283085,0.18992380797863007,-0.18992380797863007,1,1.2773236783706776
s025,s025,7,16,0.999539748527728,0.2959204912185669,-0.2959204912185669,1,1.2773236783706776
s025,s025,2,39,0.9915079272136136,0.6693056225776672,-0.6693056225776672,1,1.2773236783706776
s025,s025,6,24,0.9983476815532192,0.4593355357646942,-0.4593355357646942,1,1.2773236783706776
s025,s025,4,17,0.9995920241177076,0.2805137634277344,-0.2805137634277344,1,1.2773236783706776
s025,s025,7,29,0.9985324567499049,0.4441641569137573,-0.4441641569137573,1,1.2773236783706776
s025,s025,8,44,0.9893302471794302,0.6987451910972595,-0.6987451910972595,1,1.2773236783706776
s025,s025,3,35,0.9998967702716574,0.10493846982717514,-0.10493846982717514,1,1.2773236783706776
s025,s025,7,7,0.9996143557732825,0.2733204960823059,-0.2733204960823059,1,1.2773236783706776
s025,s025,8,34,0.8938969914870525,1.0051029920578003,-1.0051029920578003,1,1.2773236783706776
s025,s025,7,20,0.9998119653483449,0.18154649436473846,-0.18154649436473846,1,1.2773236783706776
s025,s025,5,44,0.9930655929257168,0.6432217359542847,-0.6432217359542847,1,1.2773236783706776
s025,s025,2,5,0.9075428386295649,0.9855835437774658,-0.9855835437774658,1,1.2773236783706776
s025,s025,2,1,1.2151384920473625e-13,5.075924396514893,-5.075924396514893,1,1.2773236783706776
s025,s025,4,25,0.993592049168863,0.6330687999725342,-0.6330687999725342,1,1.2773236783706776
s025,s025,4,40,0.967620476106851,0.8433767557144165,-0.8433767557144165,1,1.2773236783706776
s025,s025,8,48,0.001984869777370406,2.0718464851379395,-2.0718464851379395,1,1.2773236783706776
s025,s025,4,38,0.3004118412570504,1.385300636291504,-1.385300636291504,1,1.2773236783706776
s025,s025,4,20,0.9994860129216623,0.3100322186946869,-0.3100322186946869,1,1.2773236783706776
s025,s025,2,9,0.9973764379002975,0.5185173749923706,-0.5185173749923706,1,1.2773236783706776
s025,s025,1,49,0.9992185036146887,0.3635878562927246,-0.3635878562927246,1,1.2773236783706776
s025,s025,7,45,0.9957897977375021,0.5791352987289429,-0.5791352987289429,1,1.2773236783706776
s025,s025,5,36,0.9999291719225554,0.056817371398210526,-0.056817371398210526,1,1.2773236783706776
s025,s025,6,3,0.9957129284840429,0.5814562439918518,-0.5814562439918518,1,1.2773236783706776
s025,s025,1,22,0.17482096509573697,1.4755436182022095,-1.4755436182022095,1,1.2773236783706776
s025,s025,7,14,0.99919544411639,0.3673052489757538,-0.3673052489757538,1,1.2773236783706776
s025,s025,4,11,0.9998740775436677,0.13032299280166626,-0.13032299280166626,1,1.2773236783706776
s025,s025,6,27,0.999495098555075,0.30775296688079834,-0.30775296688079834,1,1.2773236783706776
s025,s025,4,42,0.9997310995759473,0.22724859416484833,-0.22724859416484833,1,1.2773236783706776
s025,s025,6,44,0.9997446243996602,0.2206551432609558,-0.2206551432609558,1,1.2773236783706776
s025,s025,7,44,0.9945496735674384,0.6122704744338989,-0.6122704744338989,1,1.2773236783706776
s025,s025,6,8,0.9996469419923274,0.26203975081443787,-0.26203975081443787,1,1.2773236783706776
s025,s025,7,9,0.9994637881849269,0.31544211506843567,-0.31544211506843567,1,1.2773236783706776
s025,s025,3,50,0.9998641701822593,0.13999825716018677,-0.13999825716018677,1,1.2773236783706776
s025,s025,3,31,0.9998079275735218,0.18426084518432617,-0.18426084518432617,1,1.2773236783706776
s025,s025,4,2,0.9946807383751946,0.6091445088386536,-0.6091445088386536,1,1.2773236783706776
s025,s025,8,10,0.9992435245071154,0.35942819714546204,-0.35942819714546204,1,1.2773236783706776
s025,s025,2,50,0.8800563766267241,1.022757649421692,-1.022757649421692,1,1.2773236783706776
s025,s025,8,23,0.9943830231200184,0.6161389350891113,-0.6161389350891113,1,1.2773236783706776
s025,s025,2,38,0.9927221211211757,0.6494410037994385,-0.6494410037994385,1,1.2773236783706776
s025,s025,7,31,0.9952071752937955,0.5957653522491455,-0.5957653522491455,1,1.2773236783706776
s025,s025,5,15,0.9984325472470875,0.45258966088294983,-0.45258966088294983,1,1.2773236783706776
s025,s025,3,22,0.9840417218061143,0.7508503794670105,-0.7508503794670105,1,1.2773236783706776
s025,s025,8,50,0.1892095454595939,1.4631940126419067,-1.4631940126419067,1,1.2773236783706776
s025,s025,1,21,0.9989226787222238,0.4046306312084198,-0.4046306312084198,1,1.2773236783706776
s025,s025,4,39,0.4415900821711979,1.3073039054870605,-1.3073039054870605,1,1.2773236783706776
s025,s025,2,22,0.9991905682460556,0.3680776357650757,-0.3680776357650757,1,1.2773236783706776
s025,s025,3,7,0.9992396564721455,0.36008015275001526,-0.36008015275001526,1,1.2773236783706776
s025,s025,6,21,0.9982829056158581,0.4642556607723236,-0.4642556607723236,1,1.2773236783706776
s025,s025,7,49,0.9834197443957832,0.7558149695396423,-0.7558149695396423,1,1.2773236783706776
s025,s025,3,3,0.9998528307943177,0.15024131536483765,-0.15024131536483765,1,1.2773236783706776
s025,s020,6,2,3.162538814613657e-15,5.541975498199463,-5.541975498199463,0,1.2773236783706776
s025,s042,6,15,1.6338829935992827e-08,3.5675294399261475,-3.5675294399261475,0,1.2773236783706776
s025,s036,8,16,1.50377050404068e-95,29.16610336303711,-29.16610336303711,0,1.2773236783706776
s025,s056,3,7,6.629275568391795e-08,3.3886356353759766,-3.3886356353759766,0,1.2773236783706776
s025,s055,7,9,6.212879708013867e-14,5.161609649658203,-5.161609649658203,0,1.2773236783706776
s025,s033,7,10,6.585108321214252e-36,11.624699592590332,-11.624699592590332,0,1.2773236783706776
s025,s015,7,9,1.161140833465527e-11,4.49350118637085,-4.49350118637085,0,1.2773236783706776
s025,s049,7,44,8.930447711079519e-05,2.468219757080078,-2.468219757080078,0,1.2773236783706776
s025,s013,2,4,0.00040844705032056763,2.2739861011505127,-2.2739861011505127,0,1.2773236783706776
s025,s056,5,2,0.505314707851229,1.2746081352233887,-1.2746081352233887,0,1.2773236783706776
s025,s048,2,42,0.31154860662392597,1.378601312637329,-1.378601312637329,0,1.2773236783706776
s025,s008,6,21,3.856241437657005e-17,6.104873180389404,-6.104873180389404,0,1.2773236783706776
s025,s050,4,11,0.4339156605547179,1.3112868070602417,-1.3112868070602417,0,1.2773236783706776
s025,s015,6,27,1.8419642649964268e-20,7.0815935134887695,-7.0815935134887695,0,1.2773236783706776
s025,s039,6,3,0.13205943193606895,1.5178272724151611,-1.5178272724151611,0,1.2773236783706776
s025,s020,1,21,1.248223589887838e-13,5.072493076324463,-5.072493076324463,0,1.2773236783706776
s025,s003,2,38,5.4257431669075585e-24,8.120059967041016,-8.120059967041016,0,1.2773236783706776
s025,s028,6,27,8.398515759457258e-07,3.0643045902252197,-3.0643045902252197,0,1.2773236783706776
s025,s024,1,50,1.1548866400118267e-09,3.905961751937866,-3.905961751937866,0,1.2773236783706776
s025,s008,7,31,4.7473869416802314e-12,4.607744216918945,-4.607744216918945,0,1.2773236783706776
s025,s042,2,1,1.5271996241551435e-22,7.693759441375732,-7.693759441375732,0,1.2773236783706776
s025,s051,1,50,0.11516027867714879,1.5377804040908813,-1.5377804040908813,0,1.2773236783706776
s025,s032,7,31,1.6441910226683605e-18,6.507872581481934,-6.507872581481934,0,1.2773236783706776
s025,s011,2,4,6.479635280685265e-17,6.038583755493164,-6.038583755493164,0,1.2773236783706776
s025,s050,2,39,4.8924291966791795e-05,2.545091390609741,-2.545091390609741,0,1.2773236783706776
s025,s041,7,29,1.3203233672942631e-43,13.88875961303711,-13.88875961303711,0,1.2773236783706776
s025,s004,8,34,5.134241054164363e-09,3.7153940200805664,-3.7153940200805664,0,1.2773236783706776
s025,s046,8,41,2.7712377772455043e-05,2.617696523666382,-2.617696523666382,0,1.2773236783706776
s025,s054,4,2,0.9961620163887476,0.567264199256897,-0.567264199256897,0,1.2773236783706776
s025,s034,7,49,2.6942323655741195e-15,5.562446117401123,-5.562446117401123,0,1.2773236783706776
s025,s029,7,7,9.514120306908402e-08,3.3424882888793945,-3.3424882888793945,0,1.2773236783706776
s025,s027,7,49,1.6434809602981625e-12,4.743239879608154,-4.743239879608154,0,1.2773236783706776
s025,s039,5,15,0.0018920398005460072,2.0779764652252197,-2.0779764652252197,0,1.2773236783706776
s025,s012,2,39,1.9668830509408777e-39,12.66139030456543,-12.66139030456543,0,1.2773236783706776
s025,s049,6,2,6.28435790383367e-50,15.748275756835938,-15.748275756835938,0,1.2773236783706776
s025,s002,8,50,1.7109992614264577e-28,9.443931579589844,-9.443931579589844,0,1.2773236783706776
s025,s053,4,40,7.683036273617845e-13,4.840365886688232,-4.840365886688232,0,1.2773236783706776
s025,s003,8,41,2.942266555280077e-56,17.60989761352539,-17.60989761352539,0,1.2773236783706776
s025,s033,1,49,1.9905089578529783e-77,23.83622169494629,-23.83622169494629,0,1.2773236783706776
s025,s015,3,7,4.9941255333176715e-09,3.718928337097168,-3.718928337097168,0,1.2773236783706776
s025,s043,6,8,7.692523982373452e-18,6.310781478881836,-6.310781478881836,0,1.2773236783706776
s025,s046,4,25,0.0004517350184552735,2.2611136436462402,-2.2611136436462402,0,1.2773236783706776
s025,s047,6,24,0.0027670247076547966,2.029311180114746,-2.029311180114746,0,1.2773236783706776
s025,s054,7,16,6.066621107325401e-07,3.1058499813079834,-3.1058499813079834,0,1.2773236783706776
s025,s008,4,42,6.401000801004624e-11,4.275455474853516,-4.275455474853516,0,1.2773236783706776
s025,s028,5,44,0.005893745583493477,1.9323291778564453,-1.9323291778564453,0,1.2773236783706776
s025,s043,3,35,4.495245481000525e-08,3.4382565021514893,-3.4382565021514893,0,1.2773236783706776
s025,s008,3,22,5.035180896018155e-10,4.011997222900391,-4.011997222900391,0,1.2773236783706776
s025,s008,3,31,3.2511190190721577e-09,3.773759126663208,-3.773759126663208,0,1.2773236783706776
s025,s021,4,2,0.006868359660746537,1.912656545639038,-1.912656545639038,0,1.2773236783706776
s025,s028,2,5,3.1217694361958117e-09,3.778944969177246,-3.778944969177246,0,1.2773236783706776
s025,s037,2,1,4.899075743662898e-14,5.191956043243408,-5.191956043243408,0,1.2773236783706776
s025,s050,8,48,0.000317521588287422,2.3061628341674805,-2.3061628341674805,0,1.2773236783706776
s025,s013,7,10,3.526709440364299e-12,4.645709991455078,-4.645709991455078,0,1.2773236783706776
s025,s011,5,18,1.271706468973397e-19,6.8348002433776855,-6.8348002433776855,0,1.2773236783706776
s025,s033,7,44,2.395990451213806e-48,15.283214569091797,-15.283214569091797,0,1.2773236783706776
s025,s030,7,46,3.1415194053609497e-46,14.660381317138672,-14.660381317138672,0,1.2773236783706776
s025,s051,6,3,2.603402762349221e-11,4.3903679847717285,-4.3903679847717285,0,1.2773236783706776
s025,s040,4,11,8.051139115343293e-23,7.775534629821777,-7.775534629821777,0,1.2773236783706776
s025,s007,6,8,9.07950714926702e-16,5.701377868652344,-5.701377868652344,0,1.2773236783706776
s025,s007,7,4,3.420924042699092e-05,2.5907931327819824,-2.5907931327819824,0,1.2773236783706776
s025,s013,6,21,7.1604626314759815e-12,4.555248737335205,-4.555248737335205,0,1.2773236783706776
s025,s037,5,6,0.23080892588126367,1.4310814142227173,-1.4310814142227173,0,1.2773236783706776
s025,s002,4,25,0.05886071467794618,1.6313872337341309,-1.6313872337341309,0,1.2773236783706776
s025,s021,4,17,0.0037175760817740908,1.9914700984954834,-1.9914700984954834,0,1.2773236783706776
s025,s057,4,38,9.448239355602286e-09,3.6374905109405518,-3.6374905109405518,0,1.2773236783706776
s025,s030,4,25,1.3573413866056304e-35,11.532310485839844,-11.532310485839844,0,1.2773236783706776
s025,s053,8,34,4.723563343071513e-15,5.4907307624816895,-5.4907307624816895,0,1.2773236783706776
s025,s015,8,34,0.0008224625158242225,2.184528112411499,-2.184528112411499,0,1.2773236783706776
s025,s004,1,14,0.022913857386818233,1.7566819190979004,-1.7566819190979004,0,1.2773236783706776
s025,s027,7,44,1.2311252394056309e-05,2.7213361263275146,-2.7213361263275146,0,1.2773236783706776
s025,s053,2,1,2.935403588205362e-09,3.7868075370788574,-3.7868075370788574,0,1.2773236783706776
s025,s005,3,3,6.400083068374622e-16,5.746047019958496,-5.746047019958496,0,1.2773236783706776
s025,s057,1,22,1.581499099458312e-08,3.5716917514801025,-3.5716917514801025,0,1.2773236783706776
s025,s018,3,31,3.554078810602873e-06,2.8800342082977295,-2.8800342082977295,0,1.2773236783706776
s025,s035,2,3,0.8743346003198037,1.0295432806015015,-1.0295432806015015,0,1.2773236783706776
s025,s021,7,4,0.00030947220974720353,2.309443712234497,-2.309443712234497,0,1.2773236783706776
s025,s010,3,3,9.25100872671145e-13,4.816643714904785,-4.816643714904785,0,1.2773236783706776
s025,s044,3,6,7.601305477484214e-06,2.782928466796875,-2.782928466796875,0,1.2773236783706776
s025,s032,7,16,6.484665704683013e-16,5.744369983673096,-5.744369983673096,0,1.2773236783706776
s026,s026,5,13,0.9939239981810131,0.5400202870368958,-0.5400202870368958,1,1.1014783967625006
s026,s026,6,46,0.9985157245319074,0.38426801562309265,-0.38426801562309265,1,1.1014783967625006
s026,s026,8,15,0.26546892485478824,1.2135796546936035,-1.2135796546936035,1,1.1014783967625006
s026,s026,6,2,0.9987601700898009,0.3644196689128876,-0.3644196689128876,1,1.1014783967625006
s026,s026,8,41,0.9952432053566406,0.5129129886627197,-0.5129129886627197,1,1.1014783967625006
s026,s026,8,16,0.9814164201353776,0.6645529270172119,-0.6645529270172119,1,1.1014783967625006
s026,s026,7,4,0.9998843542006973,0.10300333797931671,-0.10300333797931671,1,1.1014783967625006
s026,s026,6,20,0.9996031697430888,0.23884402215480804,-0.23884402215480804,1,1.1014783967625006
s026,s026,5,2,0.9998026954246733,0.16185513138771057,-0.16185513138771057,1,1.1014783967625006
s026,s026,4,12,0.9991927966409495,0.3171015977859497,-0.3171015977859497,1,1.1014783967625006
s026,s026,1,44,0.9994919424796692,0.26607227325439453,-0.26607227325439453,1,1.1014783967625006
s026,s026,5,18,0.9992733265087581,0.3055163621902466,-0.3055163621902466,1,1.1014783967625006
s026,s026,4,41,0.9936039587771356,0.5457099080085754,-0.5457099080085754,1,1.1014783967625006
s026,s026,7,10,0.9989752008961109,0.3434152603149414,-0.3434152603149414,1,1.1014783967625006
s026,s026,6,10,0.995743669251188,0.5006128549575806,-0.5006128549575806,1,1.1014783967625006
s026,s026,3,6,0.9786521141200456,0.6801382899284363,-0.6801382899284363,1,1.1014783967625006
s026,s026,2,4,0.654462462547059,1.031125545501709,-1.031125545501709,1,1.1014783967625006
s026,s026,1,2,0.1326479220169606,1.3083081245422363,-1.3083081245422363,1,1.1014783967625006
s026,s026,1,50,3.0410874812576653e-05,2.2470908164978027,-2.2470908164978027,1,1.1014783967625006
s026,s026,2,31,0.16638956227762072,1.2789744138717651,-1.2789744138717651,1,1.1014783967625006
s026,s026,5,6,0.9905590961760339,0.5889365077018738,-0.5889365077018738,1,1.1014783967625006
s026,s026,1,35,0.9998984723930843,0.08866038918495178,-0.08866038918495178,1,1.1014783967625006
s026,s026,6,14,0.999813324978303,0.15575404465198517,-0.15575404465198517,1,1.1014783967625006
s026,s026,2,42,0.9996874914480935,0.2125229686498642,-0.2125229686498642,1,1.1014783967625006
s026,s026,7,40,0.6398776758480217,1.0381617546081543,-1.0381617546081543,1,1.1014783967625006
s026,s026,2,3,0.5766280733865997,1.067448616027832,-1.067448616027832,1,1.1014783967625006
s026,s026,7,46,0.904472980177178,0.8538722991943359,-0.8538722991943359,1,1.1014783967625006
s026,s026,6,15,0.9993483572843821,0.29350408911705017,-0.29350408911705017,1,1.1014783967625006
s026,s026,5,42,0.9995077819734423,0.26258182525634766,-0.26258182525634766,1,1.1014783967625006
s026,s026,1,14,0.9996048660513227,0.23837198317050934,-0.23837198317050934,1,1.1014783967625006
s026,s026,7,16,0.997624928414245,0.43614691495895386,-0.43614691495895386,1,1.1014783967625006
s026,s026,2,39,0.9953048793156273,0.5114687085151672,-0.5114687085151672,1,1.1014783967625006
s026,s026,6,24,0.9996618408954626,0.22121477127075195,-0.22121477127075195,1,1.1014783967625006
s026,s026,4,17,0.9988499328617654,0.35613173246383667,-0.35613173246383667,1,1.1014783967625006
s026,s026,7,29,0.9963719811890067,0.48295047879219055,-0.48295047879219055,1,1.1014783967625006
s026,s026,8,44,0.9998005193530891,0.16306354105472565,-0.16306354105472565,1,1.1014783967625006
s026,s026,3,35,0.9906009307902376,0.5884426832199097,-0.5884426832199097,1,1.1014783967625006
s026,s026,7,7,0.999288710916682,0.3031576871871948,-0.3031576871871948,1,1.1014783967625006
s026,s026,8,34,0.9999227670363745,0.05853179469704628,-0.05853179469704628,1,1.1014783967625006
s026,s026,7,20,0.9943800824274514,0.5313749313354492,-0.5313749313354492,1,1.1014783967625006
s026,s026,5,44,0.9997207495996486,0.20012514293193817,-0.20012514293193817,1,1.1014783967625006
s026,s026,2,5,0.9981178974238085,0.4104679226875305,-0.4104679226875305,1,1.1014783967625006
s026,s026,2,1,2.1623214432410965e-05,2.284655809402466,-2.284655809402466,1,1.1014783967625006
s026,s026,4,25,0.9997166606490697,0.2017267495393753,-0.2017267495393753,1,1.1014783967625006
s026,s026,4,40,0.9997676638731555,0.1798611730337143,-0.1798611730337143,1,1.1014783967625006
s026,s026,8,48,0.9995919518267462,0.24191580712795258,-0.24191580712795258,1,1.1014783967625006
s026,s026,4,38,0.9993613812700696,0.2912788987159729,-0.2912788987159729,1,1.1014783967625006
s026,s026,4,20,0.9997995326539544,0.1636071354150772,-0.1636071354150772,1,1.1014783967625006
s026,s026,2,9,0.9970456295944033,0.4602515399456024,-0.4602515399456024,1,1.1014783967625006
s026,s026,1,49,0.9949570848873243,0.5193784236907959,-0.5193784236907959,1,1.1014783967625006
s026,s026,7,45,0.9984656376602568,0.38792914152145386,-0.38792914152145386,1,1.1014783967625006
s026,s026,5,36,0.998271256575401,0.40108901262283325,-0.40108901262283325,1,1.1014783967625006
s026,s026,6,3,0.8622565435780193,0.8994496464729309,-0.8994496464729309,1,1.1014783967625006
s026,s026,1,22,0.9002319168360979,0.8591747283935547,-0.8591747283935547,1,1.1014783967625006
s026,s026,7,14,0.9570243434652982,0.7596681714057922,-0.7596681714057922,1,1.1014783967625006
s026,s026,4,11,0.9994903433191562,0.26641860604286194,-0.26641860604286194,1,1.1014783967625006
s026,s026,6,27,0.999712457209641,0.2033492922782898,-0.2033492922782898,1,1.1014783967625006
s026,s026,4,42,0.983463539277855,0.6514679789543152,-0.6514679789543152,1,1.1014783967625006
s026,s026,6,44,0.9998445772397991,0.1355692744255066,-0.1355692744255066,1,1.1014783967625006
s026,s026,7,44,0.9590995045136452,0.7539781928062439,-0.7539781928062439,1,1.1014783967625006
s026,s026,6,8,0.9994236074780553,0.2799798250198364,-0.2799798250198364,1,1.1014783967625006
s026,s026,7,9,0.9994919463266737,0.2660714387893677,-0.2660714387893677,1,1.1014783967625006
s026,s026,3,50,0.9998728947474759,0.11341174691915512,-0.11341174691915512,1,1.1014783967625006
s026,s026,3,31,0.9992238373505565,0.31277889013290405,-0.31277889013290405,1,1.1014783967625006
s026,s026,4,2,0.9973885494097657,0.44662365317344666,-0.44662365317344666,1,1.1014783967625006
s026,s026,8,10,0.9998913313449762,0.09614821523427963,-0.09614821523427963,1,1.1014783967625006
s026,s026,2,50,0.9721774079158169,0.7100471258163452,-0.7100471258163452,1,1.1014783967625006
s026,s026,8,23,0.99911711126019,0.326981782913208,-0.326981782913208,1,1.1014783967625006
s026,s026,2,38,0.9874345551080315,0.6207756400108337,-0.6207756400108337,1,1.1014783967625006
s026,s026,7,31,0.9976045738766978,0.43708911538124084,-0.43708911538124084,1,1.1014783967625006
s026,s026,5,15,0.9982109428342565,0.4048730731010437,-0.4048730731010437,1,1.1014783967625006
s026,s026,3,22,0.9996058334085115,0.23810188472270966,-0.23810188472270966,1,1.1014783967625006
s026,s026,8,50,0.9916106475788125,0.5758124589920044,-0.5758124589920044,1,1.1014783967625006
s026,s026,1,21,0.9973488423607744,0.44829022884368896,-0.44829022884368896,1,1.1014783967625006
s026,s026,4,39,0.9995927548367046,0.2416987419128418,-0.2416987419128418,1,1.1014783967625006
s026,s026,2,22,0.9905104264492646,0.5895082950592041,-0.5895082950592041,1,1.1014783967625006
s026,s026,3,7,0.9840525912451491,0.647406816482544,-0.647406816482544,1,1.1014783967625006
s026,s026,6,21,0.9645372963806272,0.7376416921615601,-0.7376416921615601,1,1.1014783967625006
s026,s026,7,49,0.9994356892556002,0.27764514088630676,-0.27764514088630676,1,1.1014783967625006
s026,s026,3,3,0.00029162317680461925,1.9980549812316895,-1.9980549812316895,1,1.1014783967625006
s026,s020,6,2,2.075941417839833e-14,4.571771621704102,-4.571771621704102,0,1.1014783967625006
s026,s042,6,15,9.617487241559257e-21,6.178269863128662,-6.178269863128662,0,1.1014783967625006
s026,s036,8,16,9.427843885738794e-66,17.593578338623047,-17.593578338623047,0,1.1014783967625006
s026,s056,3,7,0.009704519088749038,1.6109575033187866,-1.6109575033187866,0,1.1014783967625006
s026,s055,7,9,2.4650613553752963e-10,3.538348913192749,-3.538348913192749,0,1.1014783967625006
s026,s033,7,10,8.030842148314551e-62,16.596744537353516,-16.596744537353516,0,1.1014783967625006
s026,s015,7,9,9.401954629176506e-08,2.8836443424224854,-2.8836443424224854,0,1.1014783967625006
s026,s049,7,44,9.770881215033339e-05,2.1185197830200195,-2.1185197830200195,0,1.1014783967625006
s026,s013,2,4,0.01795545346991313,1.5422617197036743,-1.5422617197036743,0,1.1014783967625006
s026,s056,5,2,0.7805279374583693,0.9617288112640381,-0.9617288112640381,0,1.1014783967625006
s026,s048,2,42,0.9999383272542213,0.033748552203178406,-0.033748552203178406,0,1.1014783967625006
s026,s008,6,21,1.5377549216073596e-11,3.84395170211792,-3.84395170211792,0,1.1014783967625006
s026,s050,4,11,0.9685194498152087,0.7240679860115051,-0.7240679860115051,0,1.1014783967625006
s026,s015,6,27,4.7618133559344974e-15,4.733950138092041,-4.733950138092041,0,1.1014783967625006
s026,s039,6,3,0.9972487262078377,0.45238420367240906,-0.45238420367240906,0,1.1014783967625006
s026,s020,1,21,8.98162043643442e-17,5.171305179595947,-5.171305179595947,0,1.1014783967625006
s026,s003,2,38,1.6979513670136056e-36,10.17365550994873,-10.17365550994873,0,1.1014783967625006
s026,s028,6,27,1.6114475056789904e-15,4.853294849395752,-4.853294849395752,0,1.1014783967625006
s026,s024,1,50,1.2573392900514915e-23,6.9096245765686035,-6.9096245765686035,0,1.1014783967625006
s026,s008,7,31,1.3609556471723779e-08,3.0965304374694824,-3.0965304374694824,0,1.1014783967625006
s026,s042,2,1,2.0965738746241677e-19,5.83880615234375,-5.83880615234375,0,1.1014783967625006
s026,s051,1,50,0.9936979171381273,0.5440694093704224,-0.5440694093704224,0,1.1014783967625006
s026,s032,7,31,1.5984273459167992e-25,7.390436172485352,-7.390436172485352,0,1.1014783967625006
s026,s011,2,4,8.099625890051567e-25,7.21168851852417,-7.21168851852417,0,1.1014783967625006
s026,s050,2,39,0.00013710056100703244,2.0812058448791504,-2.0812058448791504,0,1.1014783967625006
s026,s041,7,29,1.0494643949341096e-64,17.32814598083496,-17.32814598083496,0,1.1014783967625006
s026,s004,8,34,6.427739861949715e-07,2.671908140182495,-2.671908140182495,0,1.1014783967625006
s026,s046,8,41,0.0007462364073071314,1.8945121765136719,-1.8945121765136719,0,1.1014783967625006
s026,s054,4,2,0.013984365190805863,1.5702381134033203,-1.5702381134033203,0,1.1014783967625006
s026,s034,7,49,8.796764096351299e-20,5.934470176696777,-5.934470176696777,0,1.1014783967625006
s026,s029,7,7,1.3322422536889264e-06,2.5916295051574707,-2.5916295051574707,0,1.1014783967625006
s026,s027,7,49,1.5132755899853193e-17,5.367467880249023,-5.367467880249023,0,1.1014783967625006
s026,s039,5,15,0.9964162178403418,0.4815942943096161,-0.4815942943096161,0,1.1014783967625006
s026,s012,2,39,1.3862659147323372e-70,18.819236755371094,-18.819236755371094,0,1.1014783967625006
s026,s049,6,2,1.5633451939980927e-53,14.49437427520752,-14.49437427520752,0,1.1014783967625006
s026,s002,8,50,3.794847449118773e-54,14.650318145751953,-14.650318145751953,0,1.1014783967625006
s026,s053,4,40,1.9678945813529947e-17,5.338533401489258,-5.338533401489258,0,1.1014783967625006
s026,s003,8,41,2.4909632195612926e-127,33.21129608154297,-33.21129608154297,0,1.1014783967625006
s026,s033,1,49,9.607715166865984e-74,19.620494842529297,-19.620494842529297,0,1.1014783967625006
s026,s015,3,7,1.7772089938756557e-11,3.8280110359191895,-3.8280110359191895,0,1.1014783967625006
s026,s043,6,8,1.6324578463648066e-24,7.134490966796875,-7.134490966796875,0,1.1014783967625006
s026,s046,4,25,0.9798586826565676,0.6735942363739014,-0.6735942363739014,0,1.1014783967625006
s026,s047,6,24,0.2740423524862407,1.2087854146957397,-1.2087854146957397,0,1.1014783967625006
s026,s054,7,16,3.704697393156022e-08,2.986226797103882,-2.986226797103882,0,1.1014783967625006
s026,s008,4,42,4.0157261903792885e-06,2.470097064971924,-2.470097064971924,0,1.1014783967625006
s026,s028,5,44,3.2610118738043057e-16,5.029275894165039,-5.029275894165039,0,1.1014783967625006
s026,s043,3,35,1.4165164906084857e-08,3.092123031616211,-3.092123031616211,0,1.1014783967625006
s026,s008,3,22,2.012408473930975e-07,2.7998218536376953,-2.7998218536376953,0,1.1014783967625006
s026,s008,3,31,6.429824170109547e-05,2.1646158695220947,-2.1646158695220947,0,1.1014783967625006
s026,s021,4,2,0.0026947303605645775,1.7528661489486694,-1.7528661489486694,0,1.1014783967625006
s026,s028,2,5,2.979851816290499e-28,8.082704544067383,-8.082704544067383,0,1.1014783967625006
s026,s037,2,1,7.163144899064246e-36,10.015094757080078,-10.015094757080078,0,1.1014783967625006
s026,s050,8,48,0.391632352624109,1.149993658065796,-1.149993658065796,0,1.1014783967625006
s026,s013,7,10,3.524163076630434e-07,2.738104820251465,-2.738104820251465,0,1.1014783967625006
s026,s011,5,18,4.909333433696308e-33,9.295835494995117,-9.295835494995117,0,1.1014783967625006
s026,s033,7,44,2.4976877498661567e-91,24.080507278442383,-24.080507278442383,0,1.1014783967625006
s026,s030,7,46,1.0462310906193061e-80,21.38648223876953,-21.38648223876953,0,1.1014783967625006
s026,s051,6,3,9.605441259351247e-16,4.910284042358398,-4.910284042358398,0,1.1014783967625006
s026,s040,4,11,1.2183884653287778e-37,10.463837623596191,-10.463837623596191,0,1.1014783967625006
s026,s007,6,8,5.141900393816323e-21,6.24724006652832,-6.24724006652832,0,1.1014783967625006
s026,s007,7,4,0.012008567119295674,1.5872362852096558,-1.5872362852096558,0,1.1014783967625006
s026,s013,6,21,3.358910907589006e-06,2.489769697189331,-2.489769697189331,0,1.1014783967625006
s026,s037,5,6,0.9829072588953376,0.6551746726036072,-0.6551746726036072,0,1.1014783967625006
s026,s002,4,25,0.9467586656018612,0.7844498753547668,-0.7844498753547668,0,1.1014783967625006
s026,s021,4,17,0.9991141144708897,0.32735535502433777,-0.32735535502433777,0,1.1014783967625006
s026,s057,4,38,1.5380884553582675e-09,3.3366782665252686,-3.3366782665252686,0,1.1014783967625006
s026,s030,4,25,2.1159091268170935e-64,17.25090980529785,-17.25090980529785,0,1.1014783967625006
s026,s053,8,34,3.123879017733324e-23,6.809381484985352,-6.809381484985352,0,1.1014783967625006
s026,s015,8,34,1.1629409272878022e-14,4.635598182678223,-4.635598182678223,0,1.1014783967625006
s026,s004,1,14,1.4306771708063107e-06,2.583777666091919,-2.583777666091919,0,1.1014783967625006
s026,s027,7,44,4.0944358910673035e-08,2.9752089977264404,-2.9752089977264404,0,1.1014783967625006
s026,s053,2,1,2.11096889214678e-17,5.330802917480469,-5.330802917480469,0,1.1014783967625006
s026,s005,3,3,5.862157310589699e-26,7.500924110412598,-7.500924110412598,0,1.1014783967625006
s026,s057,1,22,5.621947347070897e-22,6.491033554077148,-6.491033554077148,0,1.1014783967625006
s026,s018,3,31,0.0001587453182565635,2.0650572776794434,-2.0650572776794434,0,1.1014783967625006
s026,s035,2,3,2.333744139077045e-08,3.0371291637420654,-3.0371291637420654,0,1.1014783967625006
s026,s021,7,4,0.00018706919628115365,2.0469703674316406,-2.0469703674316406,0,1.1014783967625006
s026,s010,3,3,1.2067021561676467e-18,5.646028518676758,-5.646028518676758,0,1.1014783967625006
s026,s044,3,6,7.061093265865844e-18,5.45142936706543,-5.45142936706543,0,1.1014783967625006
s026,s032,7,16,9.16328221294721e-22,6.437223434448242,-6.437223434448242,0,1.1014783967625006
s027,s027,5,13,0.9994498529958844,0.19871598482131958,-0.19871598482131958,1,0.796384950713678
s027,s027,6,46,0.9643783222399914,0.5336950421333313,-0.5336950421333313,1,0.796384950713678
s027,s027,8,15,0.5816159242654291,0.7701511979103088,-0.7701511979103088,1,0.796384950713678
s027,s027,6,2,2.615858596733927e-09,2.3701748847961426,-2.3701748847961426,1,0.796384950713678
s027,s027,8,41,0.9956048131176642,0.36451810598373413,-0.36451810598373413,1,0.796384950713678
s027,s027,8,16,0.8869685126232186,0.6323182582855225,-0.6323182582855225,1,0.796384950713678
s027,s027,7,4,0.9918539034988814,0.41395795345306396,-0.41395795345306396,1,0.796384950713678
s027,s027,6,20,0.9731117501674936,0.5105775594711304,-0.5105775594711304,1,0.796384950713678
s027,s027,5,2,0.7047987531360078,0.7270791530609131,-0.7270791530609131,1,0.796384950713678
s027,s027,4,12,0.9988525986124465,0.2573034167289734,-0.2573034167289734,1,0.796384950713678
s027,s027,1,44,0.8905552399106342,0.6294288039207458,-0.6294288039207458,1,0.796384950713678
s027,s027,5,18,0.9460388164810474,0.5682988166809082,-0.5682988166809082,1,0.796384950713678
s027,s027,4,41,0.9780815650013469,0.49389684200286865,-0.49389684200286865,1,0.796384950713678
s027,s027,7,10,0.00012485891641843033,1.5121917724609375,-1.5121917724609375,1,0.796384950713678
s027,s027,6,10,0.0027963269519171753,1.264392375946045,-1.264392375946045,1,0.796384950713678
s027,s027,3,6,1.474993863226591e-25,5.349793434143066,-5.349793434143066,1,0.796384950713678
s027,s027,2,4,1.184996156462885e-05,1.6997382640838623,-1.6997382640838623,1,0.796384950713678
s027,s027,1,2,3.184620798048407e-08,2.1711323261260986,-2.1711323261260986,1,0.796384950713678
s027,s027,1,50,2.0940563282663597e-20,4.405012130737305,-4.405012130737305,1,0.796384950713678
s027,s027,2,31,0.9909029436481321,0.4228273928165436,-0.4228273928165436,1,0.796384950713678
s027,s027,5,6,3.624524150380351e-05,1.6107017993927002,-1.6107017993927002,1,0.796384950713678
s027,s027,1,35,0.10379904720537379,0.9680622816085815,-0.9680622816085815,1,0.796384950713678
s027,s027,6,14,0.9954746026422548,0.36685359477996826,-0.36685359477996826,1,0.796384950713678
s027,s027,2,42,0.8135911652466451,0.6790363788604736,-0.6790363788604736,1,0.796384950713678
s027,s027,7,40,0.0008570143856366152,1.3587281703948975,-1.3587281703948975,1,0.796384950713678
s027,s027,2,3,0.0007890955417214886,1.3653091192245483,-1.3653091192245483,1,0.796384950713678
s027,s027,7,46,0.04744789096080196,1.035261631011963,-1.035261631011963,1,0.796384950713678
s027,s027,6,15,0.9945836626372614,0.38123708963394165,-0.38123708963394165,1,0.796384950713678
s027,s027,5,42,0.9955867025641292,0.3648470342159271,-0.3648470342159271,1,0.796384950713678
s027,s027,1,14,0.5200004289787935,0.7900103330612183,-0.7900103330612183,1,0.796384950713678
s027,s027,7,16,0.2995746084348085,0.8640238642692566,-0.8640238642692566,1,0.796384950713678
s027,s027,2,39,0.9139731353665891,0.6081879138946533,-0.6081879138946533,1,0.796384950713678
s027,s027,6,24,0.959964799669424,0.5433624982833862,-0.5433624982833862,1,0.796384950713678
s027,s027,4,17,0.997926533482663,0.30450114607810974,-0.30450114607810974,1,0.796384950713678
s027,s027,7,29,0.9844014989050467,0.46629461646080017,-0.46629461646080017,1,0.796384950713678
s027,s027,8,44,0.46067216724215077,0.8089389204978943,-0.8089389204978943,1,0.796384950713678
s027,s027,3,35,0.9998182369695597,0.11048845946788788,-0.11048845946788788,1,0.796384950713678
s027,s027,7,7,0.9976446373870417,0.31467539072036743,-0.31467539072036743,1,0.796384950713678
s027,s027,8,34,0.9628445751532689,0.5371789932250977,-0.5371789932250977,1,0.796384950713678
s027,s027,7,20,0.1649399903054539,0.9255523681640625,-0.9255523681640625,1,0.796384950713678
s027,s027,5,44,0.9839314752974316,0.4686969220638275,-0.4686969220638275,1,0.796384950713678
s027,s027,2,5,0.9974498843087282,0.3210177421569824,-0.3210177421569824,1,0.796384950713678
s027,s027,2,1,1.751585629224945e-11,2.768864393234253,-2.768864393234253,1,0.796384950713678
s027,s027,4,25,0.9989587690089549,0.2495623677968979,-0.2495623677968979,1,0.796384950713678
s027,s027,4,40,0.99824206958139,0.29132887721061707,-0.29132887721061707,1,0.796384950713678
s027,s027,8,48,3.2516564171250955e-52,10.237947463989258,-10.237947463989258,1,0.796384950713678
s027,s027,4,38,0.9634048438879007,0.535922646522522,-0.535922646522522,1,0.796384950713678
s027,s027,4,20,0.9993498427937741,0.21202586591243744,-0.21202586591243744,1,0.796384950713678
s027,s027,2,9,0.9986079349877371,0.27271613478660583,-0.27271613478660583,1,0.796384950713678
s027,s027,1,49,0.980189198721754,0.4856739044189453,-0.4856739044189453,1,0.796384950713678
s027,s027,7,45,5.797526030701185e-05,1.5732932090759277,-1.5732932090759277,1,0.796384950713678
s027,s027,5,36,0.9917471876567526,0.4150030314922333,-0.4150030314922333,1,0.796384950713678
s027,s027,6,3,0.031842585165381056,1.0683177709579468,-1.0683177709579468,1,0.796384950713678
s027,s027,1,22,0.996670543187788,0.34231722354888916,-0.34231722354888916,1,0.796384950713678
s027,s027,7,14,0.9939872653547132,0.3896038830280304,-0.3896038830280304,1,0.796384950713678
s027,s027,4,11,0.9996971439531402,0.15115784108638763,-0.15115784108638763,1,0.796384950713678
s027,s027,6,27,0.9919820136154446,0.4126852750778198,-0.4126852750778198,1,0.796384950713678
s027,s027,4,42,0.9739519125409812,0.5079807043075562,-0.5079807043075562,1,0.796384950713678
s027,s027,6,44,0.9701659790503916,0.5190982222557068,-0.5190982222557068,1,0.796384950713678
s027,s027,7,44,0.9998176199854771,0.11075837910175323,-0.11075837910175323,1,0.796384950713678
s027,s027,6,8,0.998507266545512,0.27828457951545715,-0.27828457951545715,1,0.796384950713678
s027,s027,7,9,0.9937547346867919,0.39264431595802307,-0.39264431595802307,1,0.796384950713678
s027,s027,3,50,0.9333584557392426,0.5861822366714478,-0.5861822366714478,1,0.796384950713678
s027,s027,3,31,0.5166431498414141,0.7910812497138977,-0.7910812497138977,1,0.796384950713678
s027,s027,4,2,0.9790751857135196,0.49012136459350586,-0.49012136459350586,1,0.796384950713678
s027,s027,8,10,0.07530794377578348,0.99610835313797,-0.99610835313797,1,0.796384950713678
s027,s027,2,50,1.461878400998372e-10,2.599888563156128,-2.599888563156128,1,0.796384950713678
s027,s027,8,23,0.9425119703243665,0.5736383199691772,-0.5736383199691772,1,0.796384950713678
s027,s027,2,38,0.9991361764696717,0.23467251658439636,-0.23467251658439636,1,0.796384950713678
s027,s027,7,31,0.7131922107857467,0.7238391637802124,-0.7238391637802124,1,0.796384950713678
s027,s027,5,15,0.9960821141422277,0.3553248643875122,-0.3553248643875122,1,0.796384950713678
s027,s027,3,22,0.11567141764300656,0.9583756327629089,-0.9583756327629089,1,0.796384950713678
s027,s027,8,50,0.9060385149615776,0.6159084439277649,-0.6159084439277649,1,0.796384950713678
s027,s027,1,21,0.9950544603897338,0.3739575743675232,-0.3739575743675232,1,0.796384950713678
s027,s027,4,39,0.8931507195809031,0.6272856593132019,-0.6272856593132019,1,0.796384950713678
s027,s027,2,22,0.9996616608868789,0.15998390316963196,-0.15998390316963196,1,0.796384950713678
s027,s027,3,7,0.03914661681383942,1.0512685775756836,-1.0512685775756836,1,0.796384950713678
s027,s027,6,21,0.9984291257177728,0.2823542356491089,-0.2823542356491089,1,0.796384950713678
s027,s027,7,49,0.9740835894217178,0.5075663328170776,-0.5075663328170776,1,0.796384950713678
s027,s027,3,3,2.70613984959309e-05,1.6339728832244873,-1.6339728832244873,1,0.796384950713678
s027,s020,6,2,1.5418920285771183e-05,1.6787714958190918,-1.6787714958190918,0,0.796384950713678
s027,s042,6,15,5.648694600862266e-05,1.5753644704818726,-1.5753644704818726,0,0.796384950713678
s027,s036,8,16,1.5297823286151405e-116,22.033960342407227,-22.033960342407227,0,0.796384950713678
s027,s056,3,7,0.001068358687821342,1.341157078742981,-1.341157078742981,0,0.796384950713678
s027,s055,7,9,4.897707911265843e-10,2.5036020278930664,-2.5036020278930664,0,0.796384950713678
s027,s033,7,10,2.672091449798276e-26,5.485846042633057,-5.485846042633057,0,0.796384950713678
s027,s015,7,9,2.7480887982850926e-10,2.549622058868408,-2.549622058868408,0,0.796384950713678
s027,s049,7,44,4.704864419513509e-09,2.3234267234802246,-2.3234267234802246,0,0.796384950713678
s027,s013,2,4,7.848277180648576e-07,1.9159270524978638,-1.9159270524978638,0,0.796384950713678
s027,s056,5,2,1.2876570658713727e-05,1.6931214332580566,-1.6931214332580566,0,0.796384950713678
s027,s048,2,42,0.0004607989006778945,1.4081748723983765,-1.4081748723983765,0,0.796384950713678
s027,s008,6,21,1.8950969665597919e-06,1.8457207679748535,-1.8457207679748535,0,0.796384950713678
s027,s050,4,11,0.07185689447335822,1.0001407861709595,-1.0001407861709595,0,0.796384950713678
s027,s015,6,27,1.1819540253900684e-20,4.450560092926025,-4.450560092926025,0,0.796384950713678
s027,s039,6,3,1.2611907908821193e-06,1.8781507015228271,-1.8781507015228271,0,0.796384950713678
s027,s020,1,21,0.8097348182758974,0.6810454726219177,-0.6810454726219177,0,0.796384950713678
s027,s003,2,38,7.816386135147672e-13,3.016497850418091,-3.016497850418091,0,0.796384950713678
s027,s028,6,27,1.247999393803143e-21,4.629604339599609,-4.629604339599609,0,0.796384950713678
s027,s024,1,50,9.564459481111275e-30,6.117789268493652,-6.117789268493652,0,0.796384950713678
s027,s008,7,31,0.0038347815764031576,1.239159107208252,-1.239159107208252,0,0.796384950713678
s027,s042,2,1,4.677850182276092e-29,5.991373538970947,-5.991373538970947,0,0.796384950713678
s027,s051,1,50,3.516348323356859e-06,1.7964918613433838,-1.7964918613433838,0,0.796384950713678
s027,s032,7,31,0.012048565464953477,1.147326946258545,-1.147326946258545,0,0.796384950713678
s027,s011,2,4,0.0018243888311297082,1.29848051071167,-1.29848051071167,0,0.796384950713678
s027,s050,2,39,0.007381094917912489,1.1867270469665527,-1.1867270469665527,0,0.796384950713678
s027,s041,7,29,6.080724304401848e-15,3.4032437801361084,-3.4032437801361084,0,0.796384950713678
s027,s004,8,34,0.13763120730273962,0.9425299763679504,-0.9425299763679504,0,0.796384950713678
s027,s046,8,41,0.9505743184074773,0.560926079750061,-0.560926079750061,0,0.796384950713678
s027,s054,4,2,6.41513939518358e-09,2.298733711242676,-2.298733711242676,0,0.796384950713678
s027,s034,7,49,1.4942832452750565e-06,1.8646447658538818,-1.8646447658538818,0,0.796384950713678
s027,s029,7,7,5.3641399945844705e-14,3.2298550605773926,-3.2298550605773926,0,0.796384950713678
s027,s026,7,49,5.323900441620992e-08,2.1302082538604736,-2.1302082538604736,0,0.796384950713678
s027,s039,5,15,6.305426041238447e-08,2.1167330741882324,-2.1167330741882324,0,0.796384950713678
s027,s012,2,39,1.6553538771621873e-18,4.056985378265381,-4.056985378265381,0,0.796384950713678
s027,s049,6,2,2.6301123976620232e-51,10.071467399597168,-10.071467399597168,0,0.796384950713678
s027,s002,8,50,3.6855963588191995e-15,3.443118095397949,-3.443118095397949,0,0.796384950713678
s027,s053,4,40,2.0407119958270886e-08,2.2065742015838623,-2.2065742015838623,0,0.796384950713678
s027,s003,8,41,9.518763882503903e-41,8.135289192199707,-8.135289192199707,0,0.796384950713678
s027,s033,1,49,5.770775020373309e-69,13.3096284866333,-13.3096284866333,0,0.796384950713678
s027,s015,3,7,1.7232962668656558e-17,3.8704075813293457,-3.8704075813293457,0,0.796384950713678
s027,s043,6,8,3.229048125065222e-32,6.571014881134033,-6.571014881134033,0,0.796384950713678
s027,s046,4,25,8.43224640000338e-06,1.7268364429473877,-1.7268364429473877,0,0.796384950713678
s027,s047,6,24,6.605425007821112e-05,1.5629029273986816,-1.5629029273986816,0,0.796384950713678
s027,s054,7,16,0.004462924422357134,1.2270283699035645,-1.2270283699035645,0,0.796384950713678
s027,s008,4,42,1.3702790374777657e-05,1.6881686449050903,-1.6881686449050903,0,0.796384950713678
s027,s028,5,44,7.596333959246088e-24,5.035890579223633,-5.035890579223633,0,0.796384950713678
s027,s043,3,35,4.2360986317985606e-21,4.532278060913086,-4.532278060913086,0,0.796384950713678
s027,s008,3,22,0.2523423474382755,0.8828849792480469,-0.8828849792480469,0,0.796384950713678
s027,s008,3,31,8.736016188234004e-05,1.5406372547149658,-1.5406372547149658,0,0.796384950713678
s027,s021,4,2,3.917864448213891e-12,2.8881278038024902,-2.8881278038024902,0,0.796384950713678
s027,s028,2,5,5.2205158739061385e-33,6.716130256652832,-6.716130256652832,0,0.796384950713678
s027,s037,2,1,3.3515721178756516e-29,6.01792573928833,-6.01792573928833,0,0.796384950713678
s027,s050,8,48,0.010835876022494287,1.1558729410171509,-1.1558729410171509,0,0.796384950713678
s027,s013,7,10,1.7584897368603373e-12,2.95192551612854,-2.95192551612854,0,0.796384950713678
s027,s011,5,18,4.603464818001001e-07,1.958413004875183,-1.958413004875183,0,0.796384950713678
s027,s033,7,44,3.2386517682419743e-31,6.387403964996338,-6.387403964996338,0,0.796384950713678
s027,s030,7,46,2.6431180343777448e-39,7.87058162689209,-7.87058162689209,0,0.796384950713678
s027,s051,6,3,1.0254332146160723e-21,4.645247459411621,-4.645247459411621,0,0.796384950713678
s027,s040,4,11,0.002356371747537225,1.2780603170394897,-1.2780603170394897,0,0.796384950713678
s027,s007,6,8,1.5895466271615315e-05,1.6763473749160767,-1.6763473749160767,0,0.796384950713678
s027,s007,7,4,0.28793137368964583,0.8684937953948975,-0.8684937953948975,0,0.796384950713678
s027,s013,6,21,7.400607343049169e-11,2.654102087020874,-2.654102087020874,0,0.796384950713678
s027,s037,5,6,0.9036996826369087,0.6180723309516907,-0.6180723309516907,0,0.796384950713678
s027,s002,4,25,0.0034587242650016485,1.2474088668823242,-1.2474088668823242,0,0.796384950713678
s027,s021,4,17,2.8538586077630285e-10,2.546614408493042,-2.546614408493042,0,0.796384950713678
s027,s057,4,38,0.003694299916494323,1.2421425580978394,-1.2421425580978394,0,0.796384950713678
s027,s030,4,25,2.8636277967006392e-27,5.663707256317139,-5.663707256317139,0,0.796384950713678
s027,s053,8,34,1.2359421083201371e-06,1.8797612190246582,-1.8797612190246582,0,0.796384950713678
s027,s015,8,34,3.8985707464821306e-12,2.8885209560394287,-2.8885209560394287,0,0.796384950713678
s027,s004,1,14,0.9973068439247855,0.32537543773651123,-0.32537543773651123,0,0.796384950713678
s027,s026,7,44,2.1257960697670502e-06,1.8365721702575684,-1.8365721702575684,0,0.796384950713678
s027,s053,2,1,0.00039900512762167844,1.4196467399597168,-1.4196467399597168,0,0.796384950713678
s027,s005,3,3,4.418776260389498e-10,2.5117971897125244,-2.5117971897125244,0,0.796384950713678
s027,s057,1,22,5.4812479365003254e-11,2.678011894226074,-2.678011894226074,0,0.796384950713678
s027,s018,3,31,0.862822684168211,0.6499349474906921,-0.6499349474906921,0,0.796384950713678
s027,s035,2,3,6.727379488355925e-06,1.7448251247406006,-1.7448251247406006,0,0.796384950713678
s027,s021,7,4,3.127461566761053e-16,3.6395699977874756,-3.6395699977874756,0,0.796384950713678
s027,s010,3,3,4.315489537227531e-30,6.181169033050537,-6.181169033050537,0,0.796384950713678
s027,s044,3,6,7.431629821576451e-21,4.487513065338135,-4.487513065338135,0,0.796384950713678
s027,s032,7,16,0.00531543013703865,1.2130385637283325,-1.2130385637283325,0,0.796384950713678
s028,s028,5,13,0.9943281546890055,1.1352343559265137,-1.1352343559265137,1,2.3487053901498944
s028,s028,6,46,0.9998375705218124,0.29943546652793884,-0.29943546652793884,1,2.3487053901498944
s028,s028,8,15,0.9997322828719979,0.4168219566345215,-0.4168219566345215,1,2.3487053901498944
s028,s028,6,2,0.9978770168283659,0.9035921096801758,-0.9035921096801758,1,2.3487053901498944
s028,s028,8,41,0.9999223150056334,0.12617932260036469,-0.12617932260036469,1,2.3487053901498944
s028,s028,8,16,0.9899511379478666,1.2706035375595093,-1.2706035375595093,1,2.3487053901498944
s028,s028,7,4,0.9992860693771421,0.6473007202148438,-0.6473007202148438,1,2.3487053901498944
s028,s028,6,20,0.9995666931248639,0.5299546122550964,-0.5299546122550964,1,2.3487053901498944
s028,s028,5,2,0.992504046443589,1.2011590003967285,-1.2011590003967285,1,2.3487053901498944
s028,s028,4,12,0.999076073135823,0.7079107761383057,-0.7079107761383057,1,2.3487053901498944
s028,s028,1,44,0.9998536504330442,0.2749474048614502,-0.2749474048614502,1,2.3487053901498944
s028,s028,5,18,0.999384310190522,0.6125068068504333,-0.6125068068504333,1,2.3487053901498944
s028,s028,4,41,0.9998778881060563,0.23241598904132843,-0.23241598904132843,1,2.3487053901498944
s028,s028,7,10,0.9989574792274842,0.7363025546073914,-0.7363025546073914,1,2.3487053901498944
s028,s028,6,10,0.9985769115944163,0.8094809055328369,-0.8094809055328369,1,2.3487053901498944
s028,s028,3,6,0.9998839637250898,0.2204279601573944,-0.2204279601573944,1,2.3487053901498944
s028,s028,2,4,0.999635808475264,0.4891257882118225,-0.4891257882118225,1,2.3487053901498944
s028,s028,1,2,0.8187793495093092,1.994497299194336,-1.994497299194336,1,2.3487053901498944
s028,s028,1,50,0.9997397367654641,0.41018807888031006,-0.41018807888031006,1,2.3487053901498944
s028,s028,2,31,0.9975420473214872,0.9380810260772705,-0.9380810260772705,1,2.3487053901498944
s028,s028,5,6,0.9997942435692327,0.35498058795928955,-0.35498058795928955,1,2.3487053901498944
s028,s028,1,35,0.8399267717522575,1.959364414215088,-1.959364414215088,1,2.3487053901498944
s028,s028,6,14,0.9998481815913465,0.2835654020309448,-0.2835654020309448,1,2.3487053901498944
s028,s028,2,42,0.9995338817487562,0.5471062660217285,-0.5471062660217285,1,2.3487053901498944
s028,s028,7,40,0.999679913322016,0.4587964415550232,-0.4587964415550232,1,2.3487053901498944
s028,s028,2,3,0.9999317858986466,0.09564138948917389,-0.09564138948917389,1,2.3487053901498944
s028,s028,7,46,0.999886999956177,0.2141997367143631,-0.2141997367143631,1,2.3487053901498944
s028,s028,6,15,0.9998764162015303,0.2352304756641388,-0.2352304756641388,1,2.3487053901498944
s028,s028,5,42,0.9998555863619998,0.2718193233013153,-0.2718193233013153,1,2.3487053901498944
s028,s028,1,14,0.9998226542559764,0.32007405161857605,-0.32007405161857605,1,2.3487053901498944
s028,s028,7,16,0.9999318849348726,0.09530012309551239,-0.09530012309551239,1,2.3487053901498944
s028,s028,2,39,0.9995975158550109,0.5126161575317383,-0.5126161575317383,1,2.3487053901498944
s028,s028,6,24,0.9973859529432397,0.9525789618492126,-0.9525789618492126,1,2.3487053901498944
s028,s028,4,17,0.9994417993781731,0.5894701480865479,-0.5894701480865479,1,2.3487053901498944
s028,s028,7,29,0.9996276725180127,0.4943169057369232,-0.4943169057369232,1,2.3487053901498944
s028,s028,8,44,0.9999351408090024,0.0837954506278038,-0.0837954506278038,1,2.3487053901498944
s028,s028,3,35,0.9998777747400249,0.23263396322727203,-0.23263396322727203,1,2.3487053901498944
s028,s028,7,7,0.9998440801397528,0.2898273169994354,-0.2898273169994354,1,2.3487053901498944
s028,s028,8,34,0.9999240068743976,0.12100725620985031,-0.12100725620985031,1,2.3487053901498944
s028,s028,7,20,0.9994631013169796,0.5803265571594238,-0.5803265571594238,1,2.3487053901498944
s028,s028,5,44,0.9997278716605971,0.42066144943237305,-0.42066144943237305,1,2.3487053901498944
s028,s028,2,5,0.8926133224022966,1.851315975189209,-1.851315975189209,1,2.3487053901498944
s028,s028,2,1,0.8332495624825246,1.9708374738693237,-1.9708374738693237,1,2.3487053901498944
s028,s028,4,25,0.9996591308688332,0.47357627749443054,-0.47357627749443054,1,2.3487053901498944
s028,s028,4,40,0.9999301189052413,0.10131245851516724,-0.10131245851516724,1,2.3487053901498944
s028,s028,8,48,0.9998359657243734,0.3017449676990509,-0.3017449676990509,1,2.3487053901498944
s028,s028,4,38,0.00019118212014196563,4.359688758850098,-4.359688758850098,1,2.3487053901498944
s028,s028,4,20,0.9999164785831595,0.14319494366645813,-0.14319494366645813,1,2.3487053901498944
s028,s028,2,9,0.9952142436927937,1.0951275825500488,-1.0951275825500488,1,2.3487053901498944
s028,s028,1,49,0.9988659372053447,0.7560919523239136,-0.7560919523239136,1,2.3487053901498944
s028,s028,7,45,0.9998594888335677,0.2653841972351074,-0.2653841972351074,1,2.3487053901498944
s028,s028,5,36,0.9998580806630176,0.2677266299724579,-0.2677266299724579,1,2.3487053901498944
s028,s028,6,3,0.996007932165234,1.0523501634597778,-1.0523501634597778,1,2.3487053901498944
s028,s028,1,22,0.024853828069505455,3.210580587387085,-3.210580587387085,1,2.3487053901498944
s028,s028,7,14,0.999914264186442,0.14934144914150238,-0.14934144914150238,1,2.3487053901498944
s028,s028,4,11,0.9999092138565651,0.16278569400310516,-0.16278569400310516,1,2.3487053901498944
s028,s028,6,27,0.9938936333253581,1.1526745557785034,-1.1526745557785034,1,2.3487053901498944
s028,s028,4,42,0.9997055003844285,0.43922239542007446,-0.43922239542007446,1,2.3487053901498944
s028,s028,6,44,0.9998113431475752,0.3345984220504761,-0.3345984220504761,1,2.3487053901498944
s028,s028,7,44,0.9995261075706455,0.5509930849075317,-0.5509930849075317,1,2.3487053901498944
s028,s028,6,8,0.9238652333259643,1.7624541521072388,-1.7624541521072388,1,2.3487053901498944
s028,s028,7,9,0.9998323094206754,0.3069235682487488,-0.3069235682487488,1,2.3487053901498944
s028,s028,3,50,0.9996297056185468,0.4930303990840912,-0.4930303990840912,1,2.3487053901498944
s028,s028,3,31,0.9998135157259765,0.3318774402141571,-0.3318774402141571,1,2.3487053901498944
s028,s028,4,2,0.9996081041350213,0.5063521265983582,-0.5063521265983582,1,2.3487053901498944
s028,s028,8,10,0.999757213188196,0.3938581645488739,-0.3938581645488739,1,2.3487053901498944
s028,s028,2,50,0.9997467401843121,0.4037797152996063,-0.4037797152996063,1,2.3487053901498944
s028,s028,8,23,0.9998184370568707,0.32559478282928467,-0.32559478282928467,1,2.3487053901498944
s028,s028,2,38,0.9994792859162608,0.5731337666511536,-0.5731337666511536,1,2.3487053901498944
s028,s028,7,31,0.9997463380781525,0.40415242314338684,-0.40415242314338684,1,2.3487053901498944
s028,s028,5,15,0.9996935508539077,0.4485669732093811,-0.4485669732093811,1,2.3487053901498944
s028,s028,3,22,0.9996281187761646,0.49403512477874756,-0.49403512477874756,1,2.3487053901498944
s028,s028,8,50,0.9998649737004225,0.25603097677230835,-0.25603097677230835,1,2.3487053901498944
s028,s028,1,21,0.9999134843794205,0.15146823227405548,-0.15146823227405548,1,2.3487053901498944
s028,s028,4,39,0.9995658366977788,0.5304185748100281,-0.5304185748100281,1,2.3487053901498944
s028,s028,2,22,0.9996193537157579,0.49950873851776123,-0.49950873851776123,1,2.3487053901498944
s028,s028,3,7,0.9998447343364463,0.2888396382331848,-0.2888396382331848,1,2.3487053901498944
s028,s028,6,21,0.9997117504038472,0.434182733297348,-0.434182733297348,1,2.3487053901498944
s028,s028,7,49,0.9998300523655269,0.31006428599357605,-0.31006428599357605,1,2.3487053901498944
s028,s028,3,3,0.9996334200770816,0.49066162109375,-0.49066162109375,1,2.3487053901498944
s028,s020,6,2,5.507994283255552e-32,19.253870010375977,-19.253870010375977,0,2.3487053901498944
s028,s042,6,15,3.0792934614868074e-39,23.17611312866211,-23.17611312866211,0,2.3487053901498944
s028,s036,8,16,7.119912186684456e-54,31.091386795043945,-31.091386795043945,0,2.3487053901498944
s028,s056,3,7,2.5791918829668584e-21,13.483168601989746,-13.483168601989746,0,2.3487053901498944
s028,s055,7,9,2.4263549455000503e-22,14.038325309753418,-14.038325309753418,0,2.3487053901498944
s028,s033,7,10,9.054928180774569e-108,60.23862838745117,-60.23862838745117,0,2.3487053901498944
s028,s015,7,9,1.285055816661979e-11,8.238702774047852,-8.238702774047852,0,2.3487053901498944
s028,s049,7,44,5.594807239261744e-22,13.842103004455566,-13.842103004455566,0,2.3487053901498944
s028,s013,2,4,8.576148110451385e-08,6.17044734954834,-6.17044734954834,0,2.3487053901498944
s028,s056,5,2,1.8474002789054557e-05,4.9085893630981445,-4.9085893630981445,0,2.3487053901498944
s028,s048,2,42,8.010829615679644e-12,8.349700927734375,-8.349700927734375,0,2.3487053901498944
s028,s008,6,21,3.6623964823366952e-34,20.43133544921875,-20.43133544921875,0,2.3487053901498944
s028,s050,4,11,4.1293656332469325e-13,9.046152114868164,-9.046152114868164,0,2.3487053901498944
s028,s015,6,27,5.711946358447804e-11,7.888332843780518,-7.888332843780518,0,2.3487053901498944
s028,s039,6,3,6.03463675100534e-11,7.875425338745117,-7.875425338745117,0,2.3487053901498944
s028,s020,1,21,6.140354663476762e-48,27.88129425048828,-27.88129425048828,0,2.3487053901498944
s028,s003,2,38,3.6934381853357923e-73,41.52091979980469,-41.52091979980469,0,2.3487053901498944
s028,s027,6,27,2.2789349143674515e-19,12.430619239807129,-12.430619239807129,0,2.3487053901498944
s028,s024,1,50,0.14700225646436071,2.7616803646087646,-2.7616803646087646,0,2.3487053901498944
s028,s008,7,31,6.508891369630661e-28,17.051416397094727,-17.051416397094727,0,2.3487053901498944
s028,s042,2,1,8.233874882362041e-31,18.618629455566406,-18.618629455566406,0,2.3487053901498944
s028,s051,1,50,1.2972023116334092e-07,6.07325553894043,-6.07325553894043,0,2.3487053901498944
s028,s032,7,31,1.5109824605666096e-57,33.07789611816406,-33.07789611816406,0,2.3487053901498944
s028,s011,2,4,3.3919529057124655e-53,30.7247314453125,-30.7247314453125,0,2.3487053901498944
s028,s050,2,39,1.7209670803145557e-26,16.282241821289062,-16.282241821289062,0,2.3487053901498944
s028,s041,7,29,6.886341867820596e-107,59.76211929321289,-59.76211929321289,0,2.3487053901498944
s028,s004,8,34,5.889602248262771e-33,19.778945922851562,-19.778945922851562,0,2.3487053901498944
s028,s046,8,41,2.618138221794795e-29,17.806123733520508,-17.806123733520508,0,2.3487053901498944
s028,s054,4,2,0.00043591665232809427,4.166045188903809,-4.166045188903809,0,2.3487053901498944
s028,s034,7,49,1.2138912277985463e-31,19.06827163696289,-19.06827163696289,0,2.3487053901498944
s028,s029,7,7,3.214716753830959e-06,5.31929349899292,-5.31929349899292,0,2.3487053901498944
s028,s026,7,49,1.0150397637063068e-06,5.590055465698242,-5.590055465698242,0,2.3487053901498944
s028,s039,5,15,8.240390596747641e-11,7.802255630493164,-7.802255630493164,0,2.3487053901498944
s028,s012,2,39,4.258852290600636e-104,58.25255584716797,-58.25255584716797,0,2.3487053901498944
s028,s049,6,2,3.1386023362087733e-79,44.80400848388672,-44.80400848388672,0,2.3487053901498944
s028,s002,8,50,1.999950893386078e-92,51.94037628173828,-51.94037628173828,0,2.3487053901498944
s028,s053,4,40,2.916721601139358e-19,12.372664451599121,-12.372664451599121,0,2.3487053901498944
s028,s003,8,41,3.5736679571181865e-134,74.51803588867188,-74.51803588867188,0,2.3487053901498944
s028,s033,1,49,2.0737847725647257e-124,69.23776245117188,-69.23776245117188,0,2.3487053901498944
s028,s015,3,7,0.021744761917708775,3.242716073989868,-3.242716073989868,0,2.3487053901498944
s028,s043,6,8,2.4397536080849635e-06,5.38408088684082,-5.38408088684082,0,2.3487053901498944
s028,s046,4,25,5.897693879833448e-20,12.748101234436035,-12.748101234436035,0,2.3487053901498944
s028,s047,6,24,3.240764529322945e-26,16.133586883544922,-16.133586883544922,0,2.3487053901498944
s028,s054,7,16,5.4153389489898e-16,10.604904174804688,-10.604904174804688,0,2.3487053901498944
s028,s008,4,42,2.288469572511644e-18,11.888829231262207,-11.888829231262207,0,2.3487053901498944
s028,s027,5,44,8.062423285448272e-20,12.674668312072754,-12.674668312072754,0,2.3487053901498944
s028,s043,3,35,0.0003245608600375594,4.235352993011475,-4.235352993011475,0,2.3487053901498944
s028,s008,3,22,9.457436612665092e-28,16.963661193847656,-16.963661193847656,0,2.3487053901498944
s028,s008,3,31,9.291695085756755e-21,13.182147979736328,-13.182147979736328,0,2.3487053901498944
s028,s021,4,2,0.07192775344248102,2.9493744373321533,-2.9493744373321533,0,2.3487053901498944
s028,s027,2,5,1.2715027920534297e-41,24.46547508239746,-24.46547508239746,0,2.3487053901498944
s028,s037,2,1,3.606864329362471e-46,26.924636840820312,-26.924636840820312,0,2.3487053901498944
s028,s050,8,48,4.615289374104129e-18,11.724069595336914,-11.724069595336914,0,2.3487053901498944
s028,s013,7,10,3.6951319597185206e-11,7.990629196166992,-7.990629196166992,0,2.3487053901498944
s028,s011,5,18,4.507667509312597e-55,31.739559173583984,-31.739559173583984,0,2.3487053901498944
s028,s033,7,44,2.8506592102783646e-124,69.16303253173828,-69.16303253173828,0,2.3487053901498944
s028,s030,7,46,3.731844638998973e-124,69.09976959228516,-69.09976959228516,0,2.3487053901498944
s028,s051,6,3,0.003500965470167867,3.6760079860687256,-3.6760079860687256,0,2.3487053901498944
s028,s040,4,11,1.8409185635079841e-68,38.980411529541016,-38.980411529541016,0,2.3487053901498944
s028,s007,6,8,5.506586324158614e-36,21.41716766357422,-21.41716766357422,0,2.3487053901498944
s028,s007,7,4,9.642980147427086e-20,12.632622718811035,-12.632622718811035,0,2.3487053901498944
s028,s013,6,21,3.2477737943931727e-09,6.939319610595703,-6.939319610595703,0,2.3487053901498944
s028,s037,5,6,1.0555687607103404e-14,9.90733528137207,-9.90733528137207,0,2.3487053901498944
s028,s002,4,25,3.0530765827334403e-09,6.953839302062988,-6.953839302062988,0,2.3487053901498944
s028,s021,4,17,1.2780269037792075e-08,6.617562770843506,-6.617562770843506,0,2.3487053901498944
s028,s057,4,38,5.429151150640898e-27,16.55320930480957,-16.55320930480957,0,2.3487053901498944
s028,s030,4,25,1.137067836475087e-103,58.02190399169922,-58.02190399169922,0,2.3487053901498944
s028,s053,8,34,6.566943292551975e-33,19.75337791442871,-19.75337791442871,0,2.3487053901498944
s028,s015,8,34,8.456410153636876e-09,6.714559078216553,-6.714559078216553,0,2.3487053901498944
s028,s004,1,14,1.8723478081530673e-30,18.425678253173828,-18.425678253173828,0,2.3487053901498944
s028,s026,7,44,3.285863634809195e-15,10.181437492370605,-10.181437492370605,0,2.3487053901498944
s028,s053,2,1,6.82249057494042e-33,19.74441146850586,-19.74441146850586,0,2.3487053901498944
s028,s005,3,3,8.566384954982849e-56,32.12956619262695,-32.12956619262695,0,2.3487053901498944
s028,s057,1,22,1.521299244723078e-41,24.42334747314453,-24.42334747314453,0,2.3487053901498944
s028,s018,3,31,4.429444223395113e-23,14.437769889831543,-14.437769889831543,0,2.3487053901498944
s028,s035,2,3,5.691474560072254e-10,7.348366737365723,-7.348366737365723,0,2.3487053901498944
s028,s021,7,4,0.20272937138345046,2.670318841934204,-2.670318841934204,0,2.3487053901498944
s028,s010,3,3,0.0030295817826788366,3.7100846767425537,-3.7100846767425537,0,2.3487053901498944
s028,s044,3,6,0.0003397867833583167,4.224581718444824,-4.224581718444824,0,2.3487053901498944
s028,s032,7,16,1.5150228968717448e-50,29.291603088378906,-29.291603088378906,0,2.3487053901498944
s029,s029,5,13,0.9724840760997555,0.4162202775478363,-0.4162202775478363,1,0.6468158851970326
s029,s029,6,46,0.9988677682854535,0.20811742544174194,-0.20811742544174194,1,0.6468158851970326
s029,s029,8,15,0.09021730638495641,0.7962940335273743,-0.7962940335273743,1,0.6468158851970326
s029,s029,6,2,0.005370029448164338,0.9845532178878784,-0.9845532178878784,1,0.6468158851970326
s029,s029,8,41,0.00028528459413329265,1.1747300624847412,-1.1747300624847412,1,0.6468158851970326
s029,s029,8,16,0.9258599289259822,0.48350995779037476,-0.48350995779037476,1,0.6468158851970326
s029,s029,7,4,0.3575608979979091,0.6847171187400818,-0.6847171187400818,1,0.6468158851970326
s029,s029,6,20,0.9937173069544192,0.3192906975746155,-0.3192906975746155,1,0.6468158851970326
s029,s029,5,2,0.29172241744918614,0.7041906118392944,-0.7041906118392944,1,0.6468158851970326
s029,s029,4,12,0.9968193222382563,0.2750600576400757,-0.2750600576400757,1,0.6468158851970326
s029,s029,1,44,0.9451798268921935,0.4626469016075134,-0.4626469016075134,1,0.6468158851970326
s029,s029,5,18,0.9084603039557635,0.49837303161621094,-0.49837303161621094,1,0.6468158851970326
s029,s029,4,41,0.9938903689714765,0.3174727261066437,-0.3174727261066437,1,0.6468158851970326
s029,s029,7,10,0.9211761183592354,0.48780038952827454,-0.48780038952827454,1,0.6468158851970326
s029,s029,6,10,6.098566244349429e-13,2.4660212993621826,-2.4660212993621826,1,0.6468158851970326
s029,s029,3,6,0.9996285060923502,0.13598614931106567,-0.13598614931106567,1,0.6468158851970326
s029,s029,2,4,0.9761793766622324,0.4066470265388489,-0.4066470265388489,1,0.6468158851970326
s029,s029,1,2,4.930801582576252e-11,2.1818997859954834,-2.1818997859954834,1,0.6468158851970326
s029,s029,1,50,0.021569486937846123,0.8935548067092896,-0.8935548067092896,1,0.6468158851970326
s029,s029,2,31,0.00635468455109749,0.9735994338989258,-0.9735994338989258,1,0.6468158851970326
s029,s029,5,6,0.9920732729699431,0.3344324827194214,-0.3344324827194214,1,0.6468158851970326
s029,s029,1,35,0.9989091948498902,0.2057037651538849,-0.2057037651538849,1,0.6468158851970326
s029,s029,6,14,0.9475830614633448,0.4595830738544464,-0.4595830738544464,1,0.6468158851970326
s029,s029,2,42,0.005376505699914601,0.9844748377799988,-0.9844748377799988,1,0.6468158851970326
s029,s029,7,40,0.21378543413693177,0.7310479283332825,-0.7310479283332825,1,0.6468158851970326
s029,s029,2,3,2.411957903459577e-07,1.6324117183685303,-1.6324117183685303,1,0.6468158851970326
s029,s029,7,46,0.8652662939158808,0.5265251398086548,-0.5265251398086548,1,0.6468158851970326
s029,s029,6,15,0.9505392891904589,0.4556267559528351,-0.4556267559528351,1,0.6468158851970326
s029,s029,5,42,0.6102417573221985,0.6178172826766968,-0.6178172826766968,1,0.6468158851970326
s029,s029,1,14,0.9605797824135146,0.44027087092399597,-0.44027087092399597,1,0.6468158851970326
s029,s029,7,16,0.9418497020193942,0.4666896462440491,-0.4666896462440491,1,0.6468158851970326
s029,s029,2,39,0.6874584304464876,0.5958297252655029,-0.5958297252655029,1,0.6468158851970326
s029,s029,6,24,0.7070425537355551,0.589827299118042,-0.589827299118042,1,0.6468158851970326
s029,s029,4,17,0.7213420835606077,0.5852953791618347,-0.5852953791618347,1,0.6468158851970326
s029,s029,7,29,0.9933761873983956,0.3227327764034271,-0.3227327764034271,1,0.6468158851970326
s029,s029,8,44,0.3641214114819649,0.6828771829605103,-0.6828771829605103,1,0.6468158851970326
s029,s029,3,35,0.9951285421887697,0.3027435541152954,-0.3027435541152954,1,0.6468158851970326
s029,s029,7,7,0.2852972374719919,0.7062152624130249,-0.7062152624130249,1,0.6468158851970326
s029,s029,8,34,0.9054548061193167,0.5006769299507141,-0.5006769299507141,1,0.6468158851970326
s029,s029,7,20,0.03683227626125853,0.8579270839691162,-0.8579270839691162,1,0.6468158851970326
s029,s029,5,44,4.2098041664292553e-50,8.000584602355957,-8.000584602355957,1,0.6468158851970326
s029,s029,2,5,0.0001620653322859262,1.2113146781921387,-1.2113146781921387,1,0.6468158851970326
s029,s029,2,1,2.3295774493732744e-07,1.6346595287322998,-1.6346595287322998,1,0.6468158851970326
s029,s029,4,25,0.9559176102053648,0.44781577587127686,-0.44781577587127686,1,0.6468158851970326
s029,s029,4,40,0.7934331655737047,0.559770941734314,-0.559770941734314,1,0.6468158851970326
s029,s029,8,48,0.5742768724224973,0.6274552345275879,-0.6274552345275879,1,0.6468158851970326
s029,s029,4,38,0.9972223122920013,0.2662711441516876,-0.2662711441516876,1,0.6468158851970326
s029,s029,4,20,0.16022848271335052,0.7539628148078918,-0.7539628148078918,1,0.6468158851970326
s029,s029,2,9,1.3291989394879437e-41,6.734738349914551,-6.734738349914551,1,0.6468158851970326
s029,s029,1,49,0.0661543562349544,0.8180487751960754,-0.8180487751960754,1,0.6468158851970326
s029,s029,7,45,0.754771351988142,0.5740993022918701,-0.5740993022918701,1,0.6468158851970326
s029,s029,5,36,0.758127382599298,0.5729210376739502,-0.5729210376739502,1,0.6468158851970326
s029,s029,6,3,0.9938559153069856,0.3178386986255646,-0.3178386986255646,1,0.6468158851970326
s029,s029,1,22,0.0003422844077445967,1.1629443168640137,-1.1629443168640137,1,0.6468158851970326
s029,s029,7,14,0.9988305647515612,0.21021100878715515,-0.21021100878715515,1,0.6468158851970326
s029,s029,4,11,0.9938862855671223,0.3175162076950073,-0.3175162076950073,1,0.6468158851970326
s029,s029,6,27,0.9916187449702901,0.3380686044692993,-0.3380686044692993,1,0.6468158851970326
s029,s029,4,42,0.9997732424969484,0.10404663532972336,-0.10404663532972336,1,0.6468158851970326
s029,s029,6,44,0.9742490325676845,0.4118150770664215,-0.4118150770664215,1,0.6468158851970326
s029,s029,7,44,0.11304346481246351,0.7800614833831787,-0.7800614833831787,1,0.6468158851970326
s029,s029,6,8,0.9640004627873274,0.43416962027549744,-0.43416962027549744,1,0.6468158851970326
s029,s029,7,9,0.999500370424415,0.15516182780265808,-0.15516182780265808,1,0.6468158851970326
s029,s029,3,50,8.925741535814628e-05,1.2499003410339355,-1.2499003410339355,1,0.6468158851970326
s029,s029,3,31,0.9571624880076658,0.4458787143230438,-0.4458787143230438,1,0.6468158851970326
s029,s029,4,2,0.9070267066823756,0.49948030710220337,-0.49948030710220337,1,0.6468158851970326
s029,s029,8,10,0.8663794463140712,0.5259053707122803,-0.5259053707122803,1,0.6468158851970326
s029,s029,2,50,0.9905245841037321,0.346076637506485,-0.346076637506485,1,0.6468158851970326
s029,s029,8,23,0.9977836171713563,0.2516333758831024,-0.2516333758831024,1,0.6468158851970326
s029,s029,2,38,0.999048173303287,0.19687941670417786,-0.19687941670417786,1,0.6468158851970326
s029,s029,7,31,4.958780074239244e-05,1.28792142868042,-1.28792142868042,1,0.6468158851970326
s029,s029,5,15,0.9935905621312626,0.3205908238887787,-0.3205908238887787,1,0.6468158851970326
s029,s029,3,22,0.013271697955384363,0.9255133867263794,-0.9255133867263794,1,0.6468158851970326
s029,s029,8,50,0.9878971432805943,0.3620786666870117,-0.3620786666870117,1,0.6468158851970326
s029,s029,1,21,0.9526337634503016,0.452685683965683,-0.452685683965683,1,0.6468158851970326
s029,s029,4,39,0.9990518053413514,0.19663189351558685,-0.19663189351558685,1,0.6468158851970326
s029,s029,2,22,0.3955390206573588,0.6742465496063232,-0.6742465496063232,1,0.6468158851970326
s029,s029,3,7,0.0225834161601021,0.8905165195465088,-0.8905165195465088,1,0.6468158851970326
s029,s029,6,21,0.04354353201605941,0.8466479778289795,-0.8466479778289795,1,0.6468158851970326
s029,s029,7,49,0.42007252517801363,0.6676741242408752,-0.6676741242408752,1,0.6468158851970326
s029,s029,3,3,0.981687440554631,0.38927412033081055,-0.38927412033081055,1,0.6468158851970326
s029,s020,6,2,1.936592340360013e-12,2.391284227371216,-2.391284227371216,0,0.6468158851970326
s029,s042,6,15,6.746976182690905e-22,3.7998995780944824,-3.7998995780944824,0,0.6468158851970326
s029,s036,8,16,0.0,50.48024368286133,-50.48024368286133,0,0.6468158851970326
s029,s056,3,7,0.016705336783443138,0.9104050397872925,-0.9104050397872925,0,0.6468158851970326
s029,s055,7,9,8.839222075740428e-08,1.697340726852417,-1.697340726852417,0,0.6468158851970326
s029,s033,7,10,3.9482146479357614e-94,14.557868003845215,-14.557868003845215,0,0.6468158851970326
s029,s015,7,9,0.0014540296467806671,1.0693135261535645,-1.0693135261535645,0,0.6468158851970326
s029,s049,7,44,4.167633807581243e-23,3.979994535446167,-3.979994535446167,0,0.6468158851970326
s029,s013,2,4,0.9986070236246917,0.221539705991745,-0.221539705991745,0,0.6468158851970326
s029,s056,5,2,0.9773477934738073,0.40331652760505676,-0.40331652760505676,0,0.6468158851970326
s029,s048,2,42,0.18590736770827448,0.7423393130302429,-0.7423393130302429,0,0.6468158851970326
s029,s008,6,21,2.0636683316632383e-14,2.6850430965423584,-2.6850430965423584,0,0.6468158851970326
s029,s050,4,11,0.0027245143055334344,1.0286142826080322,-1.0286142826080322,0,0.6468158851970326
s029,s015,6,27,7.384617597419598e-12,2.3047099113464355,-2.3047099113464355,0,0.6468158851970326
s029,s039,6,3,0.00014025606894467588,1.2206645011901855,-1.2206645011901855,0,0.6468158851970326
s029,s020,1,21,2.187919796042812e-20,3.5748705863952637,-3.5748705863952637,0,0.6468158851970326
s029,s003,2,38,6.029548792330286e-98,15.126220703125,-15.126220703125,0,0.6468158851970326
s029,s027,6,27,0.002872777616607568,1.025177240371704,-1.025177240371704,0,0.6468158851970326
s029,s024,1,50,9.91164390472344e-46,7.349458694458008,-7.349458694458008,0,0.6468158851970326
s029,s008,7,31,1.2534283995384622e-06,1.5258145332336426,-1.5258145332336426,0,0.6468158851970326
s029,s042,2,1,1.4372460436219613e-138,21.17636489868164,-21.17636489868164,0,0.6468158851970326
s029,s051,1,50,0.012855928013444987,0.9275993704795837,-0.9275993704795837,0,0.6468158851970326
s029,s032,7,31,4.030593682964827e-27,4.577896595001221,-4.577896595001221,0,0.6468158851970326
s029,s011,2,4,1.0704612832498688e-22,3.918978691101074,-3.918978691101074,0,0.6468158851970326
s029,s050,2,39,1.1623186414103476e-09,1.9775004386901855,-1.9775004386901855,0,0.6468158851970326
s029,s041,7,29,5.1764552495617675e-70,10.965911865234375,-10.965911865234375,0,0.6468158851970326
s029,s004,8,34,1.8159039015505395e-08,1.7997068166732788,-1.7997068166732788,0,0.6468158851970326
s029,s046,8,41,2.4738917325446932e-06,1.4818367958068848,-1.4818367958068848,0,0.6468158851970326
s029,s054,4,2,5.127321641905456e-19,3.3708508014678955,-3.3708508014678955,0,0.6468158851970326
s029,s034,7,49,1.6569237444549876e-12,2.4013724327087402,-2.4013724327087402,0,0.6468158851970326
s029,s028,7,7,5.943880777053817e-08,1.7230087518692017,-1.7230087518692017,0,0.6468158851970326
s029,s026,7,49,0.0007887045619771108,1.1089224815368652,-1.1089224815368652,0,0.6468158851970326
s029,s039,5,15,0.5572133215905583,0.6319481730461121,-0.6319481730461121,0,0.6468158851970326
s029,s012,2,39,1.7479508623023767e-73,11.482939720153809,-11.482939720153809,0,0.6468158851970326
s029,s049,6,2,1.6198531881268172e-192,29.211111068725586,-29.211111068725586,0,0.6468158851970326
s029,s002,8,50,1.618334808460219e-70,11.041118621826172,-11.041118621826172,0,0.6468158851970326
s029,s053,4,40,2.2711670351670123e-07,1.6363019943237305,-1.6363019943237305,0,0.6468158851970326
s029,s003,8,41,3.2831814999382205e-113,17.399560928344727,-17.399560928344727,0,0.6468158851970326
s029,s033,1,49,1.0716043035756924e-157,24.025115966796875,-24.025115966796875,0,0.6468158851970326
s029,s015,3,7,0.004706014177299293,0.9931338429450989,-0.9931338429450989,0,0.6468158851970326
s029,s043,6,8,6.982703981984358e-54,8.563593864440918,-8.563593864440918,0,0.6468158851970326
s029,s046,4,25,9.914063816044571e-08,1.6899181604385376,-1.6899181604385376,0,0.6468158851970326
s029,s047,6,24,6.863764001524864e-20,3.500919818878174,-3.500919818878174,0,0.6468158851970326
s029,s054,7,16,0.22230941340899227,0.7278139591217041,-0.7278139591217041,0,0.6468158851970326
s029,s008,4,42,0.013843651152533559,0.9227467775344849,-0.9227467775344849,0,0.6468158851970326
s029,s027,5,44,7.483596226948673e-05,1.2612998485565186,-1.2612998485565186,0,0.6468158851970326
s029,s043,3,35,1.4083561868707855e-35,5.837387561798096,-5.837387561798096,0,0.6468158851970326
s029,s008,3,22,1.0970159141311456e-08,1.832305669784546,-1.832305669784546,0,0.6468158851970326
s029,s008,3,31,0.0004312578036856384,1.1479929685592651,-1.1479929685592651,0,0.6468158851970326
s029,s021,4,2,0.012403772747532574,0.9299448728561401,-0.9299448728561401,0,0.6468158851970326
s029,s027,2,5,4.493714392652128e-22,3.8261871337890625,-3.8261871337890625,0,0.6468158851970326
s029,s037,2,1,1.2799847944597103e-141,21.630664825439453,-21.630664825439453,0,0.6468158851970326
s029,s050,8,48,0.4748667363000903,0.6533240079879761,-0.6533240079879761,0,0.6468158851970326
s029,s013,7,10,6.58261360932967e-05,1.2695978879928589,-1.2695978879928589,0,0.6468158851970326
s029,s011,5,18,4.2897940699102214e-32,5.318539619445801,-5.318539619445801,0,0.6468158851970326
s029,s033,7,44,6.234799443061485e-114,17.50701332092285,-17.50701332092285,0,0.6468158851970326
s029,s030,7,46,6.591726115589739e-98,15.120454788208008,-15.120454788208008,0,0.6468158851970326
s029,s051,6,3,1.3687646197935073e-06,1.5201208591461182,-1.5201208591461182,0,0.6468158851970326
s029,s040,4,11,3.342648184941074e-41,6.6750898361206055,-6.6750898361206055,0,0.6468158851970326
s029,s007,6,8,1.260280017939001e-13,2.5680060386657715,-2.5680060386657715,0,0.6468158851970326
s029,s007,7,4,0.5842466274505527,0.624809205532074,-0.624809205532074,0,0.6468158851970326
s029,s013,6,21,0.07319609699898175,0.8110165596008301,-0.8110165596008301,0,0.6468158851970326
s029,s037,5,6,0.014297043629493682,0.9206326007843018,-0.9206326007843018,0,0.6468158851970326
s029,s002,4,25,0.9976024122105973,0.25672823190689087,-0.25672823190689087,0,0.6468158851970326
s029,s021,4,17,0.0005840505685208565,1.1283663511276245,-1.1283663511276245,0,0.6468158851970326
s029,s057,4,38,4.385230925135079e-08,1.7426797151565552,-1.7426797151565552,0,0.6468158851970326
s029,s030,4,25,1.3178093663733852e-80,12.543754577636719,-12.543754577636719,0,0.6468158851970326
s029,s053,8,34,1.5674418910998008e-16,3.0007028579711914,-3.0007028579711914,0,0.6468158851970326
s029,s015,8,34,5.675964906374527e-19,3.3642754554748535,-3.3642754554748535,0,0.6468158851970326
s029,s004,1,14,1.508393815387639e-21,3.747860908508301,-3.747860908508301,0,0.6468158851970326
s029,s026,7,44,0.42850367787479365,0.6654415130615234,-0.6654415130615234,0,0.6468158851970326
s029,s053,2,1,3.8872168738856414e-23,3.984499931335449,-3.984499931335449,0,0.6468158851970326
s029,s005,3,3,5.44113242366594e-53,8.430793762207031,-8.430793762207031,0,0.6468158851970326
s029,s057,1,22,4.980144253449396e-62,9.776933670043945,-9.776933670043945,0,0.6468158851970326
s029,s018,3,31,0.000539807911464001,1.1334644556045532,-1.1334644556045532,0,0.6468158851970326
s029,s035,2,3,1.4846741851912313e-09,1.961667776107788,-1.961667776107788,0,0.6468158851970326
s029,s021,7,4,0.007335374262951395,0.9642527103424072,-0.9642527103424072,0,0.6468158851970326
s029,s010,3,3,8.251468734425811e-18,3.1911399364471436,-3.1911399364471436,0,0.6468158851970326
s029,s044,3,6,2.6311259376267673e-33,5.4990925788879395,-5.4990925788879395,0,0.6468158851970326
s029,s032,7,16,7.223295188067553e-20,3.497617483139038,-3.497617483139038,0,0.6468158851970326
s030,s030,5,13,0.9992095880997949,0.24813365936279297,-0.24813365936279297,1,0.8682576641891941
s030,s030,6,46,0.9997179222082686,0.1586267203092575,-0.1586267203092575,1,0.8682576641891941
s030,s030,8,15,0.999655019340916,0.17611068487167358,-0.17611068487167358,1,0.8682576641891941
s030,s030,6,2,0.9910118286180697,0.45993196964263916,-0.45993196964263916,1,0.8682576641891941
s030,s030,8,41,0.9996562732136259,0.17579442262649536,-0.17579442262649536,1,0.8682576641891941
s030,s030,8,16,0.9998688777552615,0.09210048615932465,-0.09210048615932465,1,0.8682576641891941
s030,s030,7,4,0.9894071328022948,0.4743356704711914,-0.4743356704711914,1,0.8682576641891941
s030,s030,6,20,0.998937714501553,0.2738250494003296,-0.2738250494003296,1,0.8682576641891941
s030,s030,5,2,0.9991118712253336,0.2582627832889557,-0.2582627832889557,1,0.8682576641891941
s030,s030,4,12,0.994338933201279,0.4195016622543335,-0.4195016622543335,1,0.8682576641891941
s030,s030,1,44,0.9935499293743352,0.4308995008468628,-0.4308995008468628,1,0.8682576641891941
s030,s030,5,18,0.9939562005871367,0.4252152740955353,-0.4252152740955353,1,0.8682576641891941
s030,s030,4,41,0.9986653211660533,0.293668270111084,-0.293668270111084,1,0.8682576641891941
s030,s030,7,10,0.7911436032523181,0.752620279788971,-0.752620279788971,1,0.8682576641891941
s030,s030,6,10,0.9999156311046212,0.05381223186850548,-0.05381223186850548,1,0.8682576641891941
s030,s030,3,6,0.2897628080244784,0.946100115776062,-0.946100115776062,1,0.8682576641891941
s030,s030,2,4,0.19836428397753844,0.9895141124725342,-0.9895141124725342,1,0.8682576641891941
s030,s030,1,2,0.0007699899707312495,1.4906562566757202,-1.4906562566757202,1,0.8682576641891941
s030,s030,1,50,0.990357090216487,0.46609437465667725,-0.46609437465667725,1,0.8682576641891941
s030,s030,2,31,0.9983959017976616,0.30965644121170044,-0.30965644121170044,1,0.8682576641891941
s030,s030,5,6,0.9950947303875509,0.4069933593273163,-0.4069933593273163,1,0.8682576641891941
s030,s030,1,35,0.9999020134298952,0.06680529564619064,-0.06680529564619064,1,0.8682576641891941
s030,s030,6,14,0.9858842121250391,0.4995741844177246,-0.4995741844177246,1,0.8682576641891941
s030,s030,2,42,0.9982298438660026,0.3182237446308136,-0.3182237446308136,1,0.8682576641891941
s030,s030,7,40,0.9732676287578632,0.5561378002166748,-0.5561378002166748,1,0.8682576641891941
s030,s030,2,3,0.5523684225360354,0.8500030040740967,-0.8500030040740967,1,0.8682576641891941
s030,s030,7,46,0.9712724904901042,0.5625656843185425,-0.5625656843185425,1,0.8682576641891941
s030,s030,6,15,0.9996983615247731,0.1644497662782669,-0.1644497662782669,1,0.8682576641891941
s030,s030,5,42,0.9989363984368758,0.27393266558647156,-0.27393266558647156,1,0.8682576641891941
s030,s030,1,14,0.5177552409421589,0.8620886206626892,-0.8620886206626892,1,0.8682576641891941
s030,s030,7,16,0.9989949692204104,0.269009530544281,-0.269009530544281,1,0.8682576641891941
s030,s030,2,39,0.997445694566388,0.3501320779323578,-0.3501320779323578,1,0.8682576641891941
s030,s030,6,24,0.995643836676585,0.3966376483440399,-0.3966376483440399,1,0.8682576641891941
s030,s030,4,17,0.9971875399326507,0.35851407051086426,-0.35851407051086426,1,0.8682576641891941
s030,s030,7,29,0.023507844774574745,1.1918253898620605,-1.1918253898620605,1,0.8682576641891941
s030,s030,8,44,0.9995160012035661,0.20552144944667816,-0.20552144944667816,1,0.8682576641891941
s030,s030,3,35,0.9946761945241205,0.4141390323638916,-0.4141390323638916,1,0.8682576641891941
s030,s030,7,7,0.9519249778778806,0.609019935131073,-0.609019935131073,1,0.8682576641891941
s030,s030,8,34,0.9997195650804322,0.15811941027641296,-0.15811941027641296,1,0.8682576641891941
s030,s030,7,20,0.08749883564885917,1.0718262195587158,-1.0718262195587158,1,0.8682576641891941
s030,s030,5,44,0.9984565698151608,0.30630365014076233,-0.30630365014076233,1,0.8682576641891941
s030,s030,2,5,0.9975059049815302,0.3480556607246399,-0.3480556607246399,1,0.8682576641891941
s030,s030,2,1,1.4873944499280154e-05,1.8334028720855713,-1.8334028720855713,1,0.8682576641891941
s030,s030,4,25,0.9979767724955413,0.32984796166419983,-0.32984796166419983,1,0.8682576641891941
s030,s030,4,40,0.8741698046077115,0.6999596953392029,-0.6999596953392029,1,0.8682576641891941
s030,s030,8,48,0.9319354327210722,0.6410514116287231,-0.6410514116287231,1,0.8682576641891941
s030,s030,4,38,0.9983812737378411,0.3104459047317505,-0.3104459047317505,1,0.8682576641891941
s030,s030,4,20,0.9990448284832434,0.26458728313446045,-0.26458728313446045,1,0.8682576641891941
s030,s030,2,9,0.0016302773121399936,1.4254510402679443,-1.4254510402679443,1,0.8682576641891941
s030,s030,1,49,0.9858271934960288,0.4999292194843292,-0.4999292194843292,1,0.8682576641891941
s030,s030,7,45,0.00045631540436994833,1.5361101627349854,-1.5361101627349854,1,0.8682576641891941
s030,s030,5,36,0.9989033567119892,0.27659180760383606,-0.27659180760383606,1,0.8682576641891941
s030,s030,6,3,0.08512032714756404,1.074445128440857,-1.074445128440857,1,0.8682576641891941
s030,s030,1,22,0.0654880093261751,1.099054217338562,-1.099054217338562,1,0.8682576641891941
s030,s030,7,14,0.9389789316624143,0.6309130191802979,-0.6309130191802979,1,0.8682576641891941
s030,s030,4,11,0.9857405087451601,0.5004662871360779,-0.5004662871360779,1,0.8682576641891941
s030,s030,6,27,0.999836516391611,0.11125555634498596,-0.11125555634498596,1,0.8682576641891941
s030,s030,4,42,0.6432726084628014,0.8170654773712158,-0.8170654773712158,1,0.8682576641891941
s030,s030,6,44,0.9997600267995105,0.1445871889591217,-0.1445871889591217,1,0.8682576641891941
s030,s030,7,44,0.9991916199108979,0.2500869035720825,-0.2500869035720825,1,0.8682576641891941
s030,s030,6,8,0.9998748164622326,0.0880756750702858,-0.0880756750702858,1,0.8682576641891941
s030,s030,7,9,0.9953139771387501,0.4030040502548218,-0.4030040502548218,1,0.8682576641891941
s030,s030,3,50,0.9996827955287821,0.16881996393203735,-0.16881996393203735,1,0.8682576641891941
s030,s030,3,31,0.9994975818869043,0.20876601338386536,-0.20876601338386536,1,0.8682576641891941
s030,s030,4,2,0.9666479612092379,0.5759400129318237,-0.5759400129318237,1,0.8682576641891941
s030,s030,8,10,0.9991145088667955,0.2580043077468872,-0.2580043077468872,1,0.8682576641891941
s030,s030,2,50,0.9997502755250836,0.14804638922214508,-0.14804638922214508,1,0.8682576641891941
s030,s030,8,23,0.99988438375894,0.08117180317640305,-0.08117180317640305,1,0.8682576641891941
s030,s030,2,38,0.9995827319808606,0.1926347315311432,-0.1926347315311432,1,0.8682576641891941
s030,s030,7,31,0.9835934085037764,0.512833833694458,-0.512833833694458,1,0.8682576641891941
s030,s030,5,15,0.9964530803939442,0.3787233531475067,-0.3787233531475067,1,0.8682576641891941
s030,s030,3,22,0.9972431902813126,0.3567739725112915,-0.3567739725112915,1,0.8682576641891941
s030,s030,8,50,0.7556867692854453,0.7702161073684692,-0.7702161073684692,1,0.8682576641891941
s030,s030,1,21,0.045556099438146126,1.1323976516723633,-1.1323976516723633,1,0.8682576641891941
s030,s030,4,39,0.9973765215454891,0.3524581491947174,-0.3524581491947174,1,0.8682576641891941
s030,s030,2,22,0.9897533383545984,0.47142016887664795,-0.47142016887664795,1,0.8682576641891941
s030,s030,3,7,7.958904566766232e-08,2.2875454425811768,-2.2875454425811768,1,0.8682576641891941
s030,s030,6,21,0.004397370824480373,1.3390566110610962,-1.3390566110610962,1,0.8682576641891941
s030,s030,7,49,0.999687787092732,0.16744236648082733,-0.16744236648082733,1,0.8682576641891941
s030,s030,3,3,0.9910983957637572,0.45908409357070923,-0.45908409357070923,1,0.8682576641891941
s030,s020,6,2,1.0478020891276674e-10,2.86344051361084,-2.86344051361084,0,0.8682576641891941
s030,s042,6,15,0.04666430457520082,1.1302099227905273,-1.1302099227905273,0,0.8682576641891941
s030,s036,8,16,3.814767086281917e-43,9.34872817993164,-9.34872817993164,0,0.8682576641891941
s030,s056,3,7,1.27943945866412e-07,2.2463278770446777,-2.2463278770446777,0,0.8682576641891941
s030,s055,7,9,2.391466661536124e-13,3.391561985015869,-3.391561985015869,0,0.8682576641891941
s030,s033,7,10,0.995233833709174,0.404483437538147,-0.404483437538147,0,0.8682576641891941
s030,s015,7,9,2.5977395317794868e-14,3.5843021869659424,-3.5843021869659424,0,0.8682576641891941
s030,s049,7,44,0.47701111955253134,0.8762474060058594,-0.8762474060058594,0,0.8682576641891941
s030,s013,2,4,4.853217780349966e-10,2.7303411960601807,-2.7303411960601807,0,0.8682576641891941
s030,s056,5,2,7.810060012198879e-09,2.4891083240509033,-2.4891083240509033,0,0.8682576641891941
s030,s048,2,42,0.0007781873086996267,1.4897360801696777,-1.4897360801696777,0,0.8682576641891941
s030,s008,6,21,7.02356233840794e-10,2.6982479095458984,-2.6982479095458984,0,0.8682576641891941
s030,s050,4,11,0.01164101599621482,1.2538952827453613,-1.2538952827453613,0,0.8682576641891941
s030,s015,6,27,2.8874210585494744e-19,4.574741363525391,-4.574741363525391,0,0.8682576641891941
s030,s039,6,3,0.002780651733222308,1.3789916038513184,-1.3789916038513184,0,0.8682576641891941
s030,s020,1,21,0.0004875248313497444,1.5303633213043213,-1.5303633213043213,0,0.8682576641891941
s030,s003,2,38,0.00010996313950508864,1.6596966981887817,-1.6596966981887817,0,0.8682576641891941
s030,s027,6,27,0.004952227405803643,1.3286906480789185,-1.3286906480789185,0,0.8682576641891941
s030,s024,1,50,1.3456450535976273e-13,3.4414896965026855,-3.4414896965026855,0,0.8682576641891941
s030,s008,7,31,4.507641996492514e-08,2.336907386779785,-2.336907386779785,0,0.8682576641891941
s030,s042,2,1,6.23682214059131e-07,2.1087915897369385,-2.1087915897369385,0,0.8682576641891941
s030,s051,1,50,0.00010463425131234999,1.6640101671218872,-1.6640101671218872,0,0.8682576641891941
s030,s032,7,31,6.0119863558945765e-05,1.7121268510818481,-1.7121268510818481,0,0.8682576641891941
s030,s011,2,4,0.0002031946127776805,1.6063759326934814,-1.6063759326934814,0,0.8682576641891941
s030,s050,2,39,0.15521065389203678,1.0153669118881226,-1.0153669118881226,0,0.8682576641891941
s030,s041,7,29,1.6135028735173997e-05,1.8263367414474487,-1.8263367414474487,0,0.8682576641891941
s030,s004,8,34,0.02858299329672211,1.1744004487991333,-1.1744004487991333,0,0.8682576641891941
s030,s046,8,41,0.21521053595550685,0.9805927276611328,-0.9805927276611328,0,0.8682576641891941
s030,s054,4,2,0.0002917124304109158,1.5749716758728027,-1.5749716758728027,0,0.8682576641891941
s030,s034,7,49,5.1942742071259597e-11,2.924368143081665,-2.924368143081665,0,0.8682576641891941
s030,s028,7,7,1.3156432036094852e-15,3.843294858932495,-3.843294858932495,0,0.8682576641891941
s030,s026,7,49,0.00011379029144370568,1.6567258834838867,-1.6567258834838867,0,0.8682576641891941
s030,s039,5,15,5.671096108262658e-06,1.917123556137085,-1.917123556137085,0,0.8682576641891941
s030,s012,2,39,7.3297007597847086e-09,2.494619846343994,-2.494619846343994,0,0.8682576641891941
s030,s049,6,2,1.2390513325376165e-06,2.0491890907287598,-2.0491890907287598,0,0.8682576641891941
s030,s002,8,50,0.8920869438074452,0.6848610043525696,-0.6848610043525696,0,0.8682576641891941
s030,s053,4,40,1.5204476302934144e-13,3.4308855533599854,-3.4308855533599854,0,0.8682576641891941
s030,s003,8,41,3.755762314960792e-11,2.9525227546691895,-2.9525227546691895,0,0.8682576641891941
s030,s033,1,49,0.0007580005180684263,1.4920198917388916,-1.4920198917388916,0,0.8682576641891941
s030,s015,3,7,1.973899064215773e-16,4.007994651794434,-4.007994651794434,0,0.8682576641891941
s030,s043,6,8,1.095700800339856e-14,3.659254312515259,-3.659254312515259,0,0.8682576641891941
s030,s046,4,25,0.3189097287176729,0.9341399073600769,-0.9341399073600769,0,0.8682576641891941
s030,s047,6,24,0.9431278447775784,0.6244165301322937,-0.6244165301322937,0,0.8682576641891941
s030,s054,7,16,6.321440863916337e-10,2.707392692565918,-2.707392692565918,0,0.8682576641891941
s030,s008,4,42,1.3962516713769258e-10,2.838513135910034,-2.838513135910034,0,0.8682576641891941
s030,s027,5,44,8.307570639057623e-05,1.684044361114502,-1.684044361114502,0,0.8682576641891941
s030,s043,3,35,7.170620841356816e-08,2.2966012954711914,-2.2966012954711914,0,0.8682576641891941
s030,s008,3,22,3.274573558802817e-08,2.3646557331085205,-2.3646557331085205,0,0.8682576641891941
s030,s008,3,31,7.646992170259821e-10,2.690864086151123,-2.690864086151123,0,0.8682576641891941
s030,s021,4,2,1.4876882604557306e-08,2.4331581592559814,-2.4331581592559814,0,0.8682576641891941
s030,s027,2,5,0.4274089980757916,0.8936481475830078,-0.8936481475830078,0,0.8682576641891941
s030,s037,2,1,8.620803386497058e-10,2.6804566383361816,-2.6804566383361816,0,0.8682576641891941
s030,s050,8,48,0.0005680625981398462,1.5170814990997314,-1.5170814990997314,0,0.8682576641891941
s030,s013,7,10,6.5372338142587185e-15,3.704096794128418,-3.704096794128418,0,0.8682576641891941
s030,s011,5,18,2.4807724549422272e-05,1.7889868021011353,-1.7889868021011353,0,0.8682576641891941
s030,s033,7,44,0.23574931975209176,0.9703757762908936,-0.9703757762908936,0,0.8682576641891941
s030,s029,7,46,2.4204062441287146e-10,2.7907464504241943,-2.7907464504241943,0,0.8682576641891941
s030,s051,6,3,4.6950235395995365e-18,4.332608222961426,-4.332608222961426,0,0.8682576641891941
s030,s040,4,11,0.36952450810778564,0.9146449565887451,-0.9146449565887451,0,0.8682576641891941
s030,s007,6,8,1.4300223530686024e-08,2.4365906715393066,-2.4365906715393066,0,0.8682576641891941
s030,s007,7,4,5.270483610391712e-05,1.723556637763977,-1.723556637763977,0,0.8682576641891941
s030,s013,6,21,1.069841375563461e-13,3.461404323577881,-3.461404323577881,0,0.8682576641891941
s030,s037,5,6,0.002203862035367518,1.3992265462875366,-1.3992265462875366,0,0.8682576641891941
s030,s002,4,25,1.4009413841111966e-06,2.038527011871338,-2.038527011871338,0,0.8682576641891941
s030,s021,4,17,2.6767605079193672e-05,1.7823846340179443,-1.7823846340179443,0,0.8682576641891941
s030,s057,4,38,2.825930308261545e-08,2.3774495124816895,-2.3774495124816895,0,0.8682576641891941
s030,s029,4,25,6.881154534835998e-07,2.100255250930786,-2.100255250930786,0,0.8682576641891941
s030,s053,8,34,7.072005295874878e-09,2.497727394104004,-2.497727394104004,0,0.8682576641891941
s030,s015,8,34,5.04853202949483e-12,3.126762866973877,-3.126762866973877,0,0.8682576641891941
s030,s004,1,14,0.2711771183738509,0.9540987014770508,-0.9540987014770508,0,0.8682576641891941
s030,s026,7,44,5.0482634288094115e-08,2.3270726203918457,-2.3270726203918457,0,0.8682576641891941
s030,s053,2,1,1.2424276628299213e-06,2.04895281791687,-2.04895281791687,0,0.8682576641891941
s030,s005,3,3,0.9996825267889737,0.16889351606369019,-0.16889351606369019,0,0.8682576641891941
s030,s057,1,22,8.690016970369962e-05,1.6801362037658691,-1.6801362037658691,0,0.8682576641891941
s030,s018,3,31,6.51736681954398e-06,1.905047059059143,-1.905047059059143,0,0.8682576641891941
s030,s035,2,3,1.883448481151864e-06,2.0128300189971924,-2.0128300189971924,0,0.8682576641891941
s030,s021,7,4,1.0193123192331677e-10,2.8658339977264404,-2.8658339977264404,0,0.8682576641891941
s030,s010,3,3,1.4393863175063233e-15,3.8354899883270264,-3.8354899883270264,0,0.8682576641891941
s030,s044,3,6,5.3519312384184045e-11,2.921772003173828,-2.921772003173828,0,0.8682576641891941
s030,s032,7,16,0.00023127623201540435,1.5951340198516846,-1.5951340198516846,0,0.8682576641891941
s031,s031,5,13,0.9997415172670876,0.14493459463119507,-0.14493459463119507,1,0.8331600550449256
s031,s031,6,46,0.05699645449211554,1.0669515132904053,-1.0669515132904053,1,0.8331600550449256
s031,s031,8,15,0.9653618310665448,0.5559221506118774,-0.5559221506118774,1,0.8331600550449256
s031,s031,6,2,0.9985387842066353,0.28935447335243225,-0.28935447335243225,1,0.8331600550449256
s031,s031,8,41,0.9998091944466783,0.11963637918233871,-0.11963637918233871,1,0.8331600550449256
s031,s031,8,16,0.828796772694671,0.7017604112625122,-0.7017604112625122,1,0.8331600550449256
s031,s031,7,4,0.9997845106972901,0.12977436184883118,-0.12977436184883118,1,0.8331600550449256
s031,s031,6,20,0.990977762341525,0.4416581690311432,-0.4416581690311432,1,0.8331600550449256
s031,s031,5,2,0.9989669403332735,0.2604294419288635,-0.2604294419288635,1,0.8331600550449256
s031,s031,4,12,0.999125588041461,0.24652504920959473,-0.24652504920959473,1,0.8331600550449256
s031,s031,1,44,0.3211933782545236,0.8955048322677612,-0.8955048322677612,1,0.8331600550449256
s031,s031,5,18,0.999541951519978,0.1926201581954956,-0.1926201581954956,1,0.8331600550449256
s031,s031,4,41,0.12259021005483503,0.9971365332603455,-0.9971365332603455,1,0.8331600550449256
s031,s031,7,10,0.9619190915610254,0.5641145706176758,-0.5641145706176758,1,0.8331600550449256
s031,s031,6,10,0.9993094469650289,0.2268422394990921,-0.2268422394990921,1,0.8331600550449256
s031,s031,3,6,0.9992121824818775,0.23782920837402344,-0.23782920837402344,1,0.8331600550449256
s031,s031,2,4,0.9772125985102741,0.520017147064209,-0.520017147064209,1,0.8331600550449256
s031,s031,1,2,0.42732712513397175,0.8575520515441895,-0.8575520515441895,1,0.8331600550449256
s031,s031,1,50,0.5897480991810633,0.8029226660728455,-0.8029226660728455,1,0.8331600550449256
s031,s031,2,31,0.9973719806975339,0.3383551836013794,-0.3383551836013794,1,0.8331600550449256
s031,s031,5,6,0.9989110180338253,0.26482638716697693,-0.26482638716697693,1,0.8331600550449256
s031,s031,1,35,9.38583125597115e-09,2.373178482055664,-2.373178482055664,1,0.8331600550449256
s031,s031,6,14,0.9952225642998347,0.38833069801330566,-0.38833069801330566,1,0.8331600550449256
s031,s031,2,42,0.998138247664886,0.30957114696502686,-0.30957114696502686,1,0.8331600550449256
s031,s031,7,40,0.02739033967731891,1.1305809020996094,-1.1305809020996094,1,0.8331600550449256
s031,s031,2,3,0.9986239129508947,0.284346342086792,-0.284346342086792,1,0.8331600550449256
s031,s031,7,46,0.4309846203130524,0.8563081622123718,-0.8563081622123718,1,0.8331600550449256
s031,s031,6,15,0.9972420038435488,0.3423880338668823,-0.3423880338668823,1,0.8331600550449256
s031,s031,5,42,0.44012270745775584,0.8532112240791321,-0.8532112240791321,1,0.8331600550449256
s031,s031,1,14,0.15170550615570721,0.9765707850456238,-0.9765707850456238,1,0.8331600550449256
s031,s031,7,16,0.9888878246399125,0.4591928720474243,-0.4591928720474243,1,0.8331600550449256
s031,s031,2,39,0.9992239048619432,0.23657920956611633,-0.23657920956611633,1,0.8331600550449256
s031,s031,6,24,0.9998943403752104,0.0703868567943573,-0.0703868567943573,1,0.8331600550449256
s031,s031,4,17,0.9795299787790183,0.5108844637870789,-0.5108844637870789,1,0.8331600550449256
s031,s031,7,29,0.613348852797684,0.7947171330451965,-0.7947171330451965,1,0.8331600550449256
s031,s031,8,44,0.7999098122871946,0.7177065014839172,-0.7177065014839172,1,0.8331600550449256
s031,s031,3,35,0.9994024973698725,0.21477581560611725,-0.21477581560611725,1,0.8331600550449256
s031,s031,7,7,0.9812442872763949,0.5034517049789429,-0.5034517049789429,1,0.8331600550449256
s031,s031,8,34,0.9997072911928769,0.15529774129390717,-0.15529774129390717,1,0.8331600550449256
s031,s031,7,20,0.9755364542604981,0.5260736346244812,-0.5260736346244812,1,0.8331600550449256
s031,s031,5,44,0.9960712361008579,0.37196481227874756,-0.37196481227874756,1,0.8331600550449256
s031,s031,2,5,0.9908555538767153,0.4427894055843353,-0.4427894055843353,1,0.8331600550449256
s031,s031,2,1,0.9582233018665852,0.5721524953842163,-0.5721524953842163,1,0.8331600550449256
s031,s031,4,25,0.9986833126157147,0.2806650698184967,-0.2806650698184967,1,0.8331600550449256
s031,s031,4,40,0.9973902793272055,0.3377715051174164,-0.3377715051174164,1,0.8331600550449256
s031,s031,8,48,1.59511220699941e-05,1.7534657716751099,-1.7534657716751099,1,0.8331600550449256
s031,s031,4,38,0.9990760744609684,0.2511182129383087,-0.2511182129383087,1,0.8331600550449256
s031,s031,4,20,0.9989161479763474,0.26443254947662354,-0.26443254947662354,1,0.8331600550449256
s031,s031,2,9,6.644434861877466e-08,2.210115432739258,-2.210115432739258,1,0.8331600550449256
s031,s031,1,49,0.0004325569947624672,1.4784728288650513,-1.4784728288650513,1,0.8331600550449256
s031,s031,7,45,0.7374420842849941,0.7471182942390442,-0.7471182942390442,1,0.8331600550449256
s031,s031,5,36,0.9732769550819651,0.5336271524429321,-0.5336271524429321,1,0.8331600550449256
s031,s031,6,3,0.9886711955427411,0.46081972122192383,-0.46081972122192383,1,0.8331600550449256
s031,s031,1,22,0.08314398942214517,1.0331498384475708,-1.0331498384475708,1,0.8331600550449256
s031,s031,7,14,0.18030186070493637,0.9593257904052734,-0.9593257904052734,1,0.8331600550449256
s031,s031,4,11,0.993404342640505,0.41535308957099915,-0.41535308957099915,1,0.8331600550449256
s031,s031,6,27,0.9996366312363378,0.17331987619400024,-0.17331987619400024,1,0.8331600550449256
s031,s031,4,42,0.9995341731722092,0.1940237581729889,-0.1940237581729889,1,0.8331600550449256
s031,s031,6,44,0.9421927902823823,0.6006170511245728,-0.6006170511245728,1,0.8331600550449256
s031,s031,7,44,0.041775850784802976,1.0941693782806396,-1.0941693782806396,1,0.8331600550449256
s031,s031,6,8,0.03047442068593046,1.1214267015457153,-1.1214267015457153,1,0.8331600550449256
s031,s031,7,9,0.9988672714535938,0.26811152696609497,-0.26811152696609497,1,0.8331600550449256
s031,s031,3,50,0.9989126677657523,0.26469993591308594,-0.26469993591308594,1,0.8331600550449256
s031,s031,3,31,0.9986697524367113,0.2815198600292206,-0.2815198600292206,1,0.8331600550449256
s031,s031,4,2,0.9292303829308205,0.6186274290084839,-0.6186274290084839,1,0.8331600550449256
s031,s031,8,10,0.9772691158771393,0.5198054313659668,-0.5198054313659668,1,0.8331600550449256
s031,s031,2,50,0.9983012083705076,0.3019257187843323,-0.3019257187843323,1,0.8331600550449256
s031,s031,8,23,0.9769340895911086,0.5210530161857605,-0.5210530161857605,1,0.8331600550449256
s031,s031,2,38,0.9855213967159324,0.4815249443054199,-0.4815249443054199,1,0.8331600550449256
s031,s031,7,31,0.9954808208542563,0.3836789131164551,-0.3836789131164551,1,0.8331600550449256
s031,s031,5,15,0.9507104912400619,0.5865864753723145,-0.5865864753723145,1,0.8331600550449256
s031,s031,3,22,0.9872625185542268,0.4707031846046448,-0.4707031846046448,1,0.8331600550449256
s031,s031,8,50,0.0033997889886424604,1.306447982788086,-1.306447982788086,1,0.8331600550449256
s031,s031,1,21,5.627297932903799e-07,2.032116174697876,-2.032116174697876,1,0.8331600550449256
s031,s031,4,39,0.9576461784309388,0.5733457803726196,-0.5733457803726196,1,0.8331600550449256
s031,s031,2,22,0.9998236834884997,0.11305536329746246,-0.11305536329746246,1,0.8331600550449256
s031,s031,3,7,0.9077271564163699,0.6426835060119629,-0.6426835060119629,1,0.8331600550449256
s031,s031,6,21,0.9193486651076439,0.6304080486297607,-0.6304080486297607,1,0.8331600550449256
s031,s031,7,49,0.568704363373278,0.8101176023483276,-0.8101176023483276,1,0.8331600550449256
s031,s031,3,3,0.9724394023947804,0.5362700819969177,-0.5362700819969177,1,0.8331600550449256
s031,s020,6,2,1.1959858540013623e-07,2.161144256591797,-2.161144256591797,0,0.8331600550449256
s031,s042,6,15,0.8129363951126252,0.7107518315315247,-0.7107518315315247,0,0.8331600550449256
s031,s036,8,16,9.284952602876518e-38,7.937502384185791,-7.937502384185791,0,0.8331600550449256
s031,s056,3,7,0.009098349769956576,1.2239556312561035,-1.2239556312561035,0,0.8331600550449256
s031,s055,7,9,1.1758821181886655e-07,2.1625566482543945,-2.1625566482543945,0,0.8331600550449256
s031,s033,7,10,6.919832041231532e-12,2.9741005897521973,-2.9741005897521973,0,0.8331600550449256
s031,s015,7,9,3.8620938025911584e-07,2.0634779930114746,-2.0634779930114746,0,0.8331600550449256
s031,s049,7,44,0.9971587969882721,0.3448714017868042,-0.3448714017868042,0,0.8331600550449256
s031,s013,2,4,0.008582662116526283,1.2288603782653809,-1.2288603782653809,0,0.8331600550449256
s031,s056,5,2,0.21585497913916474,0.9406366348266602,-0.9406366348266602,0,0.8331600550449256
s031,s048,2,42,0.9752820119108128,0.5269574522972107,-0.5269574522972107,0,0.8331600550449256
s031,s008,6,21,3.7304106218602754e-09,2.4500527381896973,-2.4500527381896973,0,0.8331600550449256
s031,s050,4,11,0.9991216620036469,0.2468986213207245,-0.2468986213207245,0,0.8331600550449256
s031,s015,6,27,2.3871252290003954e-14,3.446458339691162,-3.446458339691162,0,0.8331600550449256
s031,s039,6,3,0.9980466937827822,0.31357839703559875,-0.31357839703559875,0,0.8331600550449256
s031,s020,1,21,2.1714900327208124e-05,1.7277648448944092,-1.7277648448944092,0,0.8331600550449256
s031,s003,2,38,2.795805035439773e-10,2.6659231185913086,-2.6659231185913086,0,0.8331600550449256
s031,s027,6,27,0.9967890169298321,0.3550959825515747,-0.3550959825515747,0,0.8331600550449256
s031,s024,1,50,0.0002370145331567363,1.528611421585083,-1.528611421585083,0,0.8331600550449256
s031,s008,7,31,3.590613314034496e-05,1.6858632564544678,-1.6858632564544678,0,0.8331600550449256
s031,s042,2,1,6.82516681573067e-07,2.0160372257232666,-2.0160372257232666,0,0.8331600550449256
s031,s051,1,50,0.9962134076788278,0.36888203024864197,-0.36888203024864197,0,0.8331600550449256
s031,s032,7,31,2.6573347088272093e-08,2.286470890045166,-2.286470890045166,0,0.8331600550449256
s031,s011,2,4,1.7620579411135063e-06,1.9370160102844238,-1.9370160102844238,0,0.8331600550449256
s031,s050,2,39,0.9955832001003905,0.3817611634731293,-0.3817611634731293,0,0.8331600550449256
s031,s041,7,29,3.37252330325801e-20,4.568719863891602,-4.568719863891602,0,0.8331600550449256
s031,s004,8,34,0.2924800929714947,0.9067588448524475,-0.9067588448524475,0,0.8331600550449256
s031,s046,8,41,0.9314863033759293,0.6157262921333313,-0.6157262921333313,0,0.8331600550449256
s031,s054,4,2,0.996039838722361,0.37263062596321106,-0.37263062596321106,0,0.8331600550449256
s031,s034,7,49,1.8519173979597886e-06,1.93287193775177,-1.93287193775177,0,0.8331600550449256
s031,s028,7,7,2.5521768966722575e-05,1.7143062353134155,-1.7143062353134155,0,0.8331600550449256
s031,s026,7,49,0.975049107620438,0.5277587175369263,-0.5277587175369263,0,0.8331600550449256
s031,s039,5,15,0.7761384343380975,0.7295730113983154,-0.7295730113983154,0,0.8331600550449256
s031,s012,2,39,2.1374198812599255e-20,4.606717109680176,-4.606717109680176,0,0.8331600550449256
s031,s049,6,2,2.0866989819748952e-19,4.416875839233398,-4.416875839233398,0,0.8331600550449256
s031,s002,8,50,7.724384553943459e-11,2.773094415664673,-2.773094415664673,0,0.8331600550449256
s031,s053,4,40,4.2887741867570066e-06,1.862904667854309,-1.862904667854309,0,0.8331600550449256
s031,s003,8,41,4.3709634897212205e-26,5.698167324066162,-5.698167324066162,0,0.8331600550449256
s031,s033,1,49,1.4493380792927048e-29,6.365664482116699,-6.365664482116699,0,0.8331600550449256
s031,s015,3,7,5.132359330926202e-07,2.0397865772247314,-2.0397865772247314,0,0.8331600550449256
s031,s043,6,8,1.015015040999443e-06,1.982971429824829,-1.982971429824829,0,0.8331600550449256
s031,s046,4,25,0.9963581348878204,0.3656230568885803,-0.3656230568885803,0,0.8331600550449256
s031,s047,6,24,0.9571334398832558,0.5743929743766785,-0.5743929743766785,0,0.8331600550449256
s031,s054,7,16,0.01084727857156738,1.2091597318649292,-1.2091597318649292,0,0.8331600550449256
s031,s008,4,42,2.4703064788679688e-05,1.7170227766036987,-1.7170227766036987,0,0.8331600550449256
s031,s027,5,44,0.8731173375060949,0.6724595427513123,-0.6724595427513123,0,0.8331600550449256
s031,s043,3,35,0.27464606751895887,0.9140745997428894,-0.9140745997428894,0,0.8331600550449256
s031,s008,3,22,4.88232087125479e-05,1.6602593660354614,-1.6602593660354614,0,0.8331600550449256
s031,s008,3,31,0.0001364459202760745,1.5746263265609741,-1.5746263265609741,0,0.8331600550449256
s031,s021,4,2,0.7514304313806838,0.7409912347793579,-0.7409912347793579,0,0.8331600550449256
s031,s027,2,5,0.018476130071492652,1.164143443107605,-1.164143443107605,0,0.8331600550449256
s031,s037,2,1,5.179419482159706e-08,2.230868339538574,-2.230868339538574,0,0.8331600550449256
s031,s050,8,48,0.9650607147362386,0.556669294834137,-0.556669294834137,0,0.8331600550449256
s031,s013,7,10,4.216078611186693e-08,2.248013734817505,-2.248013734817505,0,0.8331600550449256
s031,s011,5,18,5.739721859257044e-08,2.2223103046417236,-2.2223103046417236,0,0.8331600550449256
s031,s033,7,44,3.110638561971009e-15,3.616243600845337,-3.616243600845337,0,0.8331600550449256
s031,s029,7,46,0.0002936323497541622,1.5107598304748535,-1.5107598304748535,0,0.8331600550449256
s031,s051,6,3,8.164995564574477e-08,2.192945957183838,-2.192945957183838,0,0.8331600550449256
s031,s040,4,11,3.482425077127695e-06,1.8802571296691895,-1.8802571296691895,0,0.8331600550449256
s031,s007,6,8,2.8040001930311186e-05,1.7064659595489502,-1.7064659595489502,0,0.8331600550449256
s031,s007,7,4,0.8295657624965852,0.7013080716133118,-0.7013080716133118,0,0.8331600550449256
s031,s013,6,21,4.296836698839492e-07,2.0545907020568848,-2.0545907020568848,0,0.8331600550449256
s031,s037,5,6,0.9546004698863728,0.5793969035148621,-0.5793969035148621,0,0.8331600550449256
s031,s002,4,25,0.6930048107605721,0.7653237581253052,-0.7653237581253052,0,0.8331600550449256
s031,s021,4,17,0.9315688504330893,0.6156184673309326,-0.6156184673309326,0,0.8331600550449256
s031,s057,4,38,0.0007696839013487612,1.4304325580596924,-1.4304325580596924,0,0.8331600550449256
s031,s029,4,25,0.34476768792615126,0.8866588473320007,-0.8866588473320007,0,0.8331600550449256
s031,s053,8,34,5.369591004984743e-05,1.6523330211639404,-1.6523330211639404,0,0.8331600550449256
s031,s015,8,34,0.00011252898696583453,1.5906847715377808,-1.5906847715377808,0,0.8331600550449256
s031,s004,1,14,0.9452526333150654,0.5958158373832703,-0.5958158373832703,0,0.8331600550449256
s031,s026,7,44,0.00458345919248813,1.281459093093872,-1.281459093093872,0,0.8331600550449256
s031,s053,2,1,0.0028077362281934827,1.3224387168884277,-1.3224387168884277,0,0.8331600550449256
s031,s005,3,3,0.03367679983965163,1.1128259897232056,-1.1128259897232056,0,0.8331600550449256
s031,s057,1,22,3.74681146594813e-05,1.6823153495788574,-1.6823153495788574,0,0.8331600550449256
s031,s018,3,31,0.04039213468731606,1.0970959663391113,-1.0970959663391113,0,0.8331600550449256
s031,s035,2,3,0.9950245742995405,0.39173048734664917,-0.39173048734664917,0,0.8331600550449256
s031,s021,7,4,0.05112777170957518,1.076521635055542,-1.076521635055542,0,0.8331600550449256
s031,s010,3,3,1.7145343201238278e-05,1.7474504709243774,-1.7474504709243774,0,0.8331600550449256
s031,s044,3,6,0.022576015060982193,1.1470974683761597,-1.1470974683761597,0,0.8331600550449256
s031,s032,7,16,3.977112841204568e-06,1.8691904544830322,-1.8691904544830322,0,0.8331600550449256
s032,s032,5,13,0.34665086728472266,0.4532943367958069,-0.4532943367958069,1,0.42627716627987944
s032,s032,6,46,0.8226225469998701,0.36087697744369507,-0.36087697744369507,1,0.42627716627987944
s032,s032,8,15,0.9326771215273306,0.3142277002334595,-0.3142277002334595,1,0.42627716627987944
s032,s032,6,2,0.2276645060200657,0.47834888100624084,-0.47834888100624084,1,0.42627716627987944
s032,s032,8,41,0.8931099408762859,0.33578240871429443,-0.33578240871429443,1,0.42627716627987944
s032,s032,8,16,0.48641176510075973,0.4285946786403656,-0.4285946786403656,1,0.42627716627987944
s032,s032,7,4,0.0005358714197821129,0.7473099231719971,-0.7473099231719971,1,0.42627716627987944
s032,s032,6,20,0.2619842455691989,0.47042587399482727,-0.47042587399482727,1,0.42627716627987944
s032,s032,5,2,0.9073618876492698,0.32900750637054443,-0.32900750637054443,1,0.42627716627987944
s032,s032,4,12,0.8367047520779858,0.3566272556781769,-0.3566272556781769,1,0.42627716627987944
s032,s032,1,44,0.004837051005592909,0.6533380150794983,-0.6533380150794983,1,0.42627716627987944
s032,s032,5,18,0.01965460952523365,0.5929341912269592,-0.5929341912269592,1,0.42627716627987944
s032,s032,4,41,0.994167897380287,0.20723342895507812,-0.20723342895507812,1,0.42627716627987944
s032,s032,7,10,0.16098716536013893,0.4966513216495514,-0.4966513216495514,1,0.42627716627987944
s032,s032,6,10,1.6015667863394572e-06,0.9951238632202148,-0.9951238632202148,1,0.42627716627987944
s032,s032,3,6,0.6903213518683639,0.3921058475971222,-0.3921058475971222,1,0.42627716627987944
s032,s032,2,4,0.9770208583363781,0.26642659306526184,-0.26642659306526184,1,0.42627716627987944
s032,s032,1,2,7.569178417692235e-40,4.266152858734131,-4.266152858734131,1,0.42627716627987944
s032,s032,1,50,0.00393268751043901,0.6621999144554138,-0.6621999144554138,1,0.42627716627987944
s032,s032,2,31,0.9899334084070788,0.23068349063396454,-0.23068349063396454,1,0.42627716627987944
s032,s032,5,6,0.9981695742406267,0.157663956284523,-0.157663956284523,1,0.42627716627987944
s032,s032,1,35,0.787709776865246,0.37038475275039673,-0.37038475275039673,1,0.42627716627987944
s032,s032,6,14,0.7465224890935389,0.3802328109741211,-0.3802328109741211,1,0.42627716627987944
s032,s032,2,42,3.933083958193385e-06,0.9568252563476562,-0.9568252563476562,1,0.42627716627987944
s032,s032,7,40,0.0007741351381397477,0.7316190600395203,-0.7316190600395203,1,0.42627716627987944
s032,s032,2,3,0.9808230889977102,0.2585505247116089,-0.2585505247116089,1,0.42627716627987944
s032,s032,7,46,3.2490516470211325e-14,1.7502014636993408,-1.7502014636993408,1,0.42627716627987944
s032,s032,6,15,0.010680858570322114,0.619319498538971,-0.619319498538971,1,0.42627716627987944
s032,s032,5,42,0.9727692834982365,0.27384892106056213,-0.27384892106056213,1,0.42627716627987944
s032,s032,1,14,7.834643195392263e-06,0.9274489879608154,-0.9274489879608154,1,0.42627716627987944
s032,s032,7,16,0.0006925301784565385,0.7363710403442383,-0.7363710403442383,1,0.42627716627987944
s032,s032,2,39,0.996452783291482,0.1859404593706131,-0.1859404593706131,1,0.42627716627987944
s032,s032,6,24,0.01730995752305888,0.5984510183334351,-0.5984510183334351,1,0.42627716627987944
s032,s032,4,17,0.9104427251381951,0.32742124795913696,-0.32742124795913696,1,0.42627716627987944
s032,s032,7,29,1.4098993295266252e-09,1.295019268989563,-1.295019268989563,1,0.42627716627987944
s032,s032,8,44,0.5999950754176404,0.40899398922920227,-0.40899398922920227,1,0.42627716627987944
s032,s032,3,35,0.9986809573398713,0.14367547631263733,-0.14367547631263733,1,0.42627716627987944
s032,s032,7,7,0.013504846605500439,0.6091973781585693,-0.6091973781585693,1,0.42627716627987944
s032,s032,8,34,0.0005346700564630647,0.7474056482315063,-0.7474056482315063,1,0.42627716627987944
s032,s032,7,20,7.231649859985035e-07,1.0290172100067139,-1.0290172100067139,1,0.42627716627987944
s032,s032,5,44,0.9920960505925049,0.22028054296970367,-0.22028054296970367,1,0.42627716627987944
s032,s032,2,5,0.993782729174388,0.20997613668441772,-0.20997613668441772,1,0.42627716627987944
s032,s032,2,1,5.188503090693379e-09,1.2394784688949585,-1.2394784688949585,1,0.42627716627987944
s032,s032,4,25,0.9776369946060279,0.2652411460876465,-0.2652411460876465,1,0.42627716627987944
s032,s032,4,40,0.9967003291217892,0.18284615874290466,-0.18284615874290466,1,0.42627716627987944
s032,s032,8,48,1.8931793227125653e-09,1.2824552059173584,-1.2824552059173584,1,0.42627716627987944
s032,s032,4,38,0.9317259373574535,0.3148692548274994,-0.3148692548274994,1,0.42627716627987944
s032,s032,4,20,0.8879327972948994,0.33804643154144287,-0.33804643154144287,1,0.42627716627987944
s032,s032,2,9,0.9961673141065897,0.18925216794013977,-0.18925216794013977,1,0.42627716627987944
s032,s032,1,49,7.18676472547494e-05,0.8329716920852661,-0.8329716920852661,1,0.42627716627987944
s032,s032,7,45,7.071007169184467e-13,1.6188985109329224,-1.6188985109329224,1,0.42627716627987944
s032,s032,5,36,0.9945303298582637,0.20448292791843414,-0.20448292791843414,1,0.42627716627987944
s032,s032,6,3,4.773911308464962e-06,0.9485664367675781,-0.9485664367675781,1,0.42627716627987944
s032,s032,1,22,0.00014335589336383174,0.8035340309143066,-0.8035340309143066,1,0.42627716627987944
s032,s032,7,14,0.7708598465159394,0.3745623826980591,-0.3745623826980591,1,0.42627716627987944
s032,s032,4,11,0.9225257241909951,0.320681095123291,-0.320681095123291,1,0.42627716627987944
s032,s032,6,27,0.9966441997831804,0.1835675835609436,-0.1835675835609436,1,0.42627716627987944
s032,s032,4,42,0.3922216274254053,0.44494739174842834,-0.44494739174842834,1,0.42627716627987944
s032,s032,6,44,0.05552884003087734,0.5470722913742065,-0.5470722913742065,1,0.42627716627987944
s032,s032,7,44,1.8240988099508928e-11,1.4803476333618164,-1.4803476333618164,1,0.42627716627987944
s032,s032,6,8,0.015482497082056214,0.6032862663269043,-0.6032862663269043,1,0.42627716627987944
s032,s032,7,9,0.3101691423989995,0.46035072207450867,-0.46035072207450867,1,0.42627716627987944
s032,s032,3,50,0.9686969304613828,0.279968798160553,-0.279968798160553,1,0.42627716627987944
s032,s032,3,31,0.9622375948356587,0.2882508635520935,-0.2882508635520935,1,0.42627716627987944
s032,s032,4,2,0.9792146193188629,0.26205384731292725,-0.26205384731292725,1,0.42627716627987944
s032,s032,8,10,0.12915739800808004,0.5076291561126709,-0.5076291561126709,1,0.42627716627987944
s032,s032,2,50,0.9979280830410779,0.16295693814754486,-0.16295693814754486,1,0.42627716627987944
s032,s032,8,23,0.3419543998253142,0.45418113470077515,-0.45418113470077515,1,0.42627716627987944
s032,s032,2,38,0.9997904803336524,0.06519979983568192,-0.06519979983568192,1,0.42627716627987944
s032,s032,7,31,3.5728654154042763e-06,0.9609199166297913,-0.9609199166297913,1,0.42627716627987944
s032,s032,5,15,0.2522449793784982,0.4725996255874634,-0.4725996255874634,1,0.42627716627987944
s032,s032,3,22,0.8289981786505869,0.3589874505996704,-0.3589874505996704,1,0.42627716627987944
s032,s032,8,50,0.9939919872285842,0.2085077166557312,-0.2085077166557312,1,0.42627716627987944
s032,s032,1,21,3.910143885026752e-07,1.0552287101745605,-1.0552287101745605,1,0.42627716627987944
s032,s032,4,39,0.993446014969868,0.2122388631105423,-0.2122388631105423,1,0.42627716627987944
s032,s032,2,22,0.9451841646174456,0.3048989772796631,-0.3048989772796631,1,0.42627716627987944
s032,s032,3,7,0.932792746371445,0.3141491413116455,-0.3141491413116455,1,0.42627716627987944
s032,s032,6,21,0.45670498054354786,0.4336779713630676,-0.4336779713630676,1,0.42627716627987944
s032,s032,7,49,3.704064042474723e-43,4.591078758239746,-4.591078758239746,1,0.42627716627987944
s032,s032,3,3,0.013836354819239376,0.6081492900848389,-0.6081492900848389,1,0.42627716627987944
s032,s020,6,2,1.1462344596208122e-05,0.9112284779548645,-0.9112284779548645,0,0.42627716627987944
s032,s042,6,15,1.3624179238775882e-08,1.1983256340026855,-1.1983256340026855,0,0.42627716627987944
s032,s036,8,16,3.224211418363612e-117,11.860384941101074,-11.860384941101074,0,0.42627716627987944
s032,s056,3,7,0.8908889536088584,0.33676519989967346,-0.33676519989967346,0,0.42627716627987944
s032,s055,7,9,1.1974352634007673e-07,1.1056740283966064,-1.1056740283966064,0,0.42627716627987944
s032,s033,7,10,1.951912777881505e-37,4.029463291168213,-4.029463291168213,0,0.42627716627987944
s032,s015,7,9,9.872097027055559e-06,0.9175952076911926,-0.9175952076911926,0,0.42627716627987944
s032,s049,7,44,2.8503304485468135e-06,0.9705509543418884,-0.9705509543418884,0,0.42627716627987944
s032,s013,2,4,0.2797759156176151,0.46658480167388916,-0.46658480167388916,0,0.42627716627987944
s032,s056,5,2,0.3070425133577767,0.46097537875175476,-0.46097537875175476,0,0.42627716627987944
s032,s048,2,42,0.990366786545833,0.22878898680210114,-0.22878898680210114,0,0.42627716627987944
s032,s008,6,21,0.0068704125467135965,0.6382919549942017,-0.6382919549942017,0,0.42627716627987944
s032,s050,4,11,0.9770226947249959,0.2664231061935425,-0.2664231061935425,0,0.42627716627987944
s032,s015,6,27,4.875184578820445e-13,1.634749412536621,-1.634749412536621,0,0.42627716627987944
s032,s039,6,3,0.6524023366562791,0.3994380831718445,-0.3994380831718445,0,0.42627716627987944
s032,s020,1,21,0.004614197269716514,0.6553581953048706,-0.6553581953048706,0,0.42627716627987944
s032,s003,2,38,3.113622674500258e-36,3.911403179168701,-3.911403179168701,0,0.42627716627987944
s032,s027,6,27,0.9967167637375494,0.18263261020183563,-0.18263261020183563,0,0.42627716627987944
s032,s024,1,50,6.6028502784794425e-21,2.407050132751465,-2.407050132751465,0,0.42627716627987944
s032,s008,7,31,0.6371976021144994,0.40226832032203674,-0.40226832032203674,0,0.42627716627987944
s032,s042,2,1,4.524010124333006e-41,4.386246681213379,-4.386246681213379,0,0.42627716627987944
s032,s051,1,50,0.5871034055443648,0.4112720489501953,-0.4112720489501953,0,0.42627716627987944
s032,s031,7,31,6.0793889313148274e-05,0.8401053547859192,-0.8401053547859192,0,0.42627716627987944
s032,s011,2,4,0.0001226280227626329,0.8101922869682312,-0.8101922869682312,0,0.42627716627987944
s032,s050,2,39,0.3607209230189341,0.4506703019142151,-0.4506703019142151,0,0.42627716627987944
s032,s041,7,29,1.5815294712657506e-24,2.7624316215515137,-2.7624316215515137,0,0.42627716627987944
s032,s004,8,34,0.9512420002995389,0.29963451623916626,-0.29963451623916626,0,0.42627716627987944
s032,s046,8,41,0.9972014521615683,0.17580300569534302,-0.17580300569534302,0,0.42627716627987944
s032,s054,4,2,2.3015820530194116e-06,0.9796664118766785,-0.9796664118766785,0,0.42627716627987944
s032,s034,7,49,7.325538291192574e-06,0.9303131103515625,-0.9303131103515625,0,0.42627716627987944
s032,s028,7,7,1.0570766881051105e-11,1.5036044120788574,-1.5036044120788574,0,0.42627716627987944
s032,s026,7,49,0.10316240893313443,0.518462598323822,-0.518462598323822,0,0.42627716627987944
s032,s039,5,15,0.7152507920272265,0.3870159983634949,-0.3870159983634949,0,0.42627716627987944
s032,s012,2,39,4.4385623091874805e-28,3.111058235168457,-3.111058235168457,0,0.42627716627987944
s032,s049,6,2,6.672935796271632e-64,6.6272196769714355,-6.6272196769714355,0,0.42627716627987944
s032,s002,8,50,2.414937915640201e-26,2.9406960010528564,-2.9406960010528564,0,0.42627716627987944
s032,s053,4,40,7.844765623648352e-08,1.1237021684646606,-1.1237021684646606,0,0.42627716627987944
s032,s003,8,41,1.9787523820903743e-53,5.599344253540039,-5.599344253540039,0,0.42627716627987944
s032,s033,1,49,5.942480361489797e-72,7.417393207550049,-7.417393207550049,0,0.42627716627987944
s032,s015,3,7,3.196305097905962e-10,1.3582834005355835,-1.3582834005355835,0,0.42627716627987944
s032,s043,6,8,1.3623888873016989e-27,3.063251495361328,-3.063251495361328,0,0.42627716627987944
s032,s046,4,25,0.6048811070809251,0.4081243574619293,-0.4081243574619293,0,0.42627716627987944
s032,s047,6,24,0.004310500656544159,0.658273458480835,-0.658273458480835,0,0.42627716627987944
s032,s054,7,16,0.1233250152028567,0.509883463382721,-0.509883463382721,0,0.42627716627987944
s032,s008,4,42,0.04601109750546264,0.5555145740509033,-0.5555145740509033,0,0.42627716627987944
s032,s027,5,44,0.9610003977147974,0.2896799147129059,-0.2896799147129059,0,0.42627716627987944
s032,s043,3,35,9.055747557504668e-16,1.9028143882751465,-1.9028143882751465,0,0.42627716627987944
s032,s008,3,22,0.5928472454655759,0.410259872674942,-0.410259872674942,0,0.42627716627987944
s032,s008,3,31,0.030081482627932674,0.5743361115455627,-0.5743361115455627,0,0.42627716627987944
s032,s021,4,2,0.0002058398477572571,0.7881100177764893,-0.7881100177764893,0,0.42627716627987944
s032,s027,2,5,0.0257079253150799,0.5812251567840576,-0.5812251567840576,0,0.42627716627987944
s032,s037,2,1,2.631555871042948e-46,4.900113105773926,-4.900113105773926,0,0.42627716627987944
s032,s050,8,48,0.9957488204494275,0.19368761777877808,-0.19368761777877808,0,0.42627716627987944
s032,s013,7,10,2.2827506491076854e-07,1.078170657157898,-1.078170657157898,0,0.42627716627987944
s032,s011,5,18,2.0901537933208956e-09,1.278235912322998,-1.278235912322998,0,0.42627716627987944
s032,s033,7,44,7.242493222052834e-52,5.445880889892578,-5.445880889892578,0,0.42627716627987944
s032,s029,7,46,0.3940001578390908,0.44462960958480835,-0.44462960958480835,0,0.42627716627987944
s032,s051,6,3,3.1947311266688424e-14,1.7509201765060425,-1.7509201765060425,0,0.42627716627987944
s032,s040,4,11,9.708508910770409e-11,1.4090776443481445,-1.4090776443481445,0,0.42627716627987944
s032,s007,6,8,3.361097464132925e-05,0.8653692603111267,-0.8653692603111267,0,0.42627716627987944
s032,s007,7,4,0.9988299621703396,0.13855932652950287,-0.13855932652950287,0,0.42627716627987944
s032,s013,6,21,0.0003316494648615155,0.7677720785140991,-0.7677720785140991,0,0.42627716627987944
s032,s037,5,6,0.9975647563304276,0.16985993087291718,-0.16985993087291718,0,0.42627716627987944
s032,s002,4,25,0.9957228134440698,0.19394871592521667,-0.19394871592521667,0,0.42627716627987944
s032,s021,4,17,0.03556580019511357,0.5669553279876709,-0.5669553279876709,0,0.42627716627987944
s032,s057,4,38,0.013190217289060288,0.6102158427238464,-0.6102158427238464,0,0.42627716627987944
s032,s029,4,25,0.98555899300395,0.24625447392463684,-0.24625447392463684,0,0.42627716627987944
s032,s053,8,34,1.3702968575236148e-07,1.0999258756637573,-1.0999258756637573,0,0.42627716627987944
s032,s015,8,34,9.285112192498117e-10,1.3128244876861572,-1.3128244876861572,0,0.42627716627987944
s032,s004,1,14,0.0016198610099053257,0.7001088261604309,-0.7001088261604309,0,0.42627716627987944
s032,s026,7,44,0.7646913410367767,0.37603724002838135,-0.37603724002838135,0,0.42627716627987944
s032,s053,2,1,7.780466907737116e-08,1.1240530014038086,-1.1240530014038086,0,0.42627716627987944
s032,s005,3,3,3.434171656917979e-19,2.2386090755462646,-2.2386090755462646,0,0.42627716627987944
s032,s057,1,22,2.231720315087573e-24,2.747751474380493,-2.747751474380493,0,0.42627716627987944
s032,s018,3,31,0.9947254667350998,0.20292598009109497,-0.20292598009109497,0,0.42627716627987944
s032,s035,2,3,0.001066904089020747,0.7179328799247742,-0.7179328799247742,0,0.42627716627987944
s032,s021,7,4,1.625599444172058e-06,0.9944889545440674,-0.9944889545440674,0,0.42627716627987944
s032,s010,3,3,1.476937331429138e-17,2.078270673751831,-2.078270673751831,0,0.42627716627987944
s032,s044,3,6,1.043413420980933e-15,1.8967747688293457,-1.8967747688293457,0,0.42627716627987944
s032,s031,7,16,0.9863387947416923,0.24385441839694977,-0.24385441839694977,0,0.42627716627987944
s033,s033,5,13,0.9995440920554312,0.3265926241874695,-0.3265926241874695,1,1.4155143739960399
s033,s033,6,46,0.9999006594583963,0.11085495352745056,-0.11085495352745056,1,1.4155143739960399
s033,s033,8,15,0.9938186712374412,0.6964300274848938,-0.6964300274848938,1,1.4155143739960399
s033,s033,6,2,0.9993191111282415,0.38340193033218384,-0.38340193033218384,1,1.4155143739960399
s033,s033,8,41,0.9980062743316249,0.5356653928756714,-0.5356653928756714,1,1.4155143739960399
s033,s033,8,16,0.43128410722563226,1.45466947555542,-1.45466947555542,1,1.4155143739960399
s033,s033,7,4,0.9997181070029271,0.25851523876190186,-0.25851523876190186,1,1.4155143739960399
s033,s033,6,20,0.9987456314550338,0.4699694812297821,-0.4699694812297821,1,1.4155143739960399
s033,s033,5,2,0.3261630188165354,1.5182228088378906,-1.5182228088378906,1,1.4155143739960399
s033,s033,4,12,0.9997861404001172,0.21940799057483673,-0.21940799057483673,1,1.4155143739960399
s033,s033,1,44,0.9956329633907988,0.6469900012016296,-0.6469900012016296,1,1.4155143739960399
s033,s033,5,18,0.9960924429819374,0.6311880946159363,-0.6311880946159363,1,1.4155143739960399
s033,s033,4,41,0.999898522690168,0.11386767774820328,-0.11386767774820328,1,1.4155143739960399
s033,s033,7,10,0.9998812205974278,0.13615496456623077,-0.13615496456623077,1,1.4155143739960399
s033,s033,6,10,0.9993034241107207,0.3866283595561981,-0.3866283595561981,1,1.4155143739960399
s033,s033,3,6,0.9719791123725091,0.9135186076164246,-0.9135186076164246,1,1.4155143739960399
s033,s033,2,4,1.0448084902008216e-06,3.364914894104004,-3.364914894104004,1,1.4155143739960399
s033,s033,1,2,0.9995795622265168,0.31512272357940674,-0.31512272357940674,1,1.4155143739960399
s033,s033,1,50,0.9989782449532663,0.44090282917022705,-0.44090282917022705,1,1.4155143739960399
s033,s033,2,31,0.9994911993014595,0.34213757514953613,-0.34213757514953613,1,1.4155143739960399
s033,s033,5,6,1.568492117531813e-05,2.981468915939331,-2.981468915939331,1,1.4155143739960399
s033,s033,1,35,0.9840225254373338,0.8322560787200928,-0.8322560787200928,1,1.4155143739960399
s033,s033,6,14,0.9994308268828601,0.35801804065704346,-0.35801804065704346,1,1.4155143739960399
s033,s033,2,42,0.9715720980576672,0.9156191945075989,-0.9156191945075989,1,1.4155143739960399
s033,s033,7,40,0.9979668620357385,0.5384418964385986,-0.5384418964385986,1,1.4155143739960399
s033,s033,2,3,0.996964056401243,0.5953381061553955,-0.5953381061553955,1,1.4155143739960399
s033,s033,7,46,0.9960015277595078,0.6344566941261292,-0.6344566941261292,1,1.4155143739960399
s033,s033,6,15,0.9979426040051635,0.540124237537384,-0.540124237537384,1,1.4155143739960399
s033,s033,5,42,0.9981636407217327,0.5240046977996826,-0.5240046977996826,1,1.4155143739960399
s033,s033,1,14,0.08491835289740116,1.7520278692245483,-1.7520278692245483,1,1.4155143739960399
s033,s033,7,16,0.9998129895621917,0.20041431486606598,-0.20041431486606598,1,1.4155143739960399
s033,s033,2,39,0.9997509650409782,0.2409675121307373,-0.2409675121307373,1,1.4155143739960399
s033,s033,6,24,0.9996716123516423,0.28013208508491516,-0.28013208508491516,1,1.4155143739960399
s033,s033,4,17,0.6933428806424837,1.3000375032424927,-1.3000375032424927,1,1.4155143739960399
s033,s033,7,29,0.9989274068316752,0.4477834105491638,-0.4477834105491638,1,1.4155143739960399
s033,s033,8,44,0.9856501230681335,0.8168140649795532,-0.8168140649795532,1,1.4155143739960399
s033,s033,3,35,0.9998585574235337,0.16087670624256134,-0.16087670624256134,1,1.4155143739960399
s033,s033,7,7,0.9969927785379032,0.5939884781837463,-0.5939884781837463,1,1.4155143739960399
s033,s033,8,34,0.9428055022331302,1.0188302993774414,-1.0188302993774414,1,1.4155143739960399
s033,s033,7,20,0.999875771259136,0.1425052434206009,-0.1425052434206009,1,1.4155143739960399
s033,s033,5,44,0.9997867898330939,0.21897739171981812,-0.21897739171981812,1,1.4155143739960399
s033,s033,2,5,0.9801235432056582,0.8637266755104065,-0.8637266755104065,1,1.4155143739960399
s033,s033,2,1,1.1898479731853825e-26,9.865199089050293,-9.865199089050293,1,1.4155143739960399
s033,s033,4,25,0.9836750685716152,0.8353513479232788,-0.8353513479232788,1,1.4155143739960399
s033,s033,4,40,0.9970252925859682,0.5924450755119324,-0.5924450755119324,1,1.4155143739960399
s033,s033,8,48,0.998828080911364,0.46033376455307007,-0.46033376455307007,1,1.4155143739960399
s033,s033,4,38,0.9986622254301509,0.4790937006473541,-0.4790937006473541,1,1.4155143739960399
s033,s033,4,20,0.999489921334127,0.34249284863471985,-0.34249284863471985,1,1.4155143739960399
s033,s033,2,9,0.9870015272779339,0.8026193380355835,-0.8026193380355835,1,1.4155143739960399
s033,s033,1,49,0.790765991733062,1.227314829826355,-1.227314829826355,1,1.4155143739960399
s033,s033,7,45,0.9992292629336288,0.40095970034599304,-0.40095970034599304,1,1.4155143739960399
s033,s033,5,36,0.998909018474933,0.4501921832561493,-0.4501921832561493,1,1.4155143739960399
s033,s033,6,3,0.9891162152924008,0.7771828174591064,-0.7771828174591064,1,1.4155143739960399
s033,s033,1,22,0.9992356489158082,0.39978107810020447,-0.39978107810020447,1,1.4155143739960399
s033,s033,7,14,0.9936675205587671,0.6998712420463562,-0.6998712420463562,1,1.4155143739960399
s033,s033,4,11,0.9998504529019422,0.16876475512981415,-0.16876475512981415,1,1.4155143739960399
s033,s033,6,27,0.9998589293321064,0.16050396859645844,-0.16050396859645844,1,1.4155143739960399
s033,s033,4,42,0.997770202333263,0.5515393018722534,-0.5515393018722534,1,1.4155143739960399
s033,s033,6,44,0.9976158747409525,0.5610340237617493,-0.5610340237617493,1,1.4155143739960399
s033,s033,7,44,0.9998332727835452,0.18416057527065277,-0.18416057527065277,1,1.4155143739960399
s033,s033,6,8,0.9995407431024446,0.32762908935546875,-0.32762908935546875,1,1.4155143739960399
s033,s033,7,9,0.9994729668352871,0.34712377190589905,-0.34712377190589905,1,1.4155143739960399
s033,s033,3,50,0.9998130660345446,0.2003564089536667,-0.2003564089536667,1,1.4155143739960399
s033,s033,3,31,0.9995302053491848,0.3308418095111847,-0.3308418095111847,1,1.4155143739960399
s033,s033,4,2,0.9989823366303145,0.4403342604637146,-0.4403342604637146,1,1.4155143739960399
s033,s033,8,10,0.999131562973455,0.41786739230155945,-0.41786739230155945,1,1.4155143739960399
s033,s033,2,50,0.9998592259296337,0.16020600497722626,-0.16020600497722626,1,1.4155143739960399
s033,s033,8,23,0.9778668565444864,0.8792754411697388,-0.8792754411697388,1,1.4155143739960399
s033,s033,2,38,0.9931416873114369,0.7112376689910889,-0.7112376689910889,1,1.4155143739960399
s033,s033,7,31,0.999504901221434,0.3382714092731476,-0.3382714092731476,1,1.4155143739960399
s033,s033,5,15,0.9998126727528028,0.20065395534038544,-0.20065395534038544,1,1.4155143739960399
s033,s033,3,22,0.9994580233912551,0.35108357667922974,-0.35108357667922974,1,1.4155143739960399
s033,s033,8,50,0.008921117080942457,2.0822744369506836,-2.0822744369506836,1,1.4155143739960399
s033,s033,1,21,0.9998085877859837,0.20370811223983765,-0.20370811223983765,1,1.4155143739960399
s033,s033,4,39,0.999791990599246,0.21548102796077728,-0.21548102796077728,1,1.4155143739960399
s033,s033,2,22,0.9994397709185477,0.35577476024627686,-0.35577476024627686,1,1.4155143739960399
s033,s033,3,7,0.9932877332751869,0.7081699967384338,-0.7081699967384338,1,1.4155143739960399
s033,s033,6,21,0.9997169292784848,0.2591055631637573,-0.2591055631637573,1,1.4155143739960399
s033,s033,7,49,0.9996728819758589,0.27958357334136963,-0.27958357334136963,1,1.4155143739960399
s033,s033,3,3,0.9768726832069049,0.885638952255249,-0.885638952255249,1,1.4155143739960399
s033,s020,6,2,2.5077996313882743e-07,3.566910743713379,-3.566910743713379,0,1.4155143739960399
s033,s042,6,15,0.04340481747625197,1.8533060550689697,-1.8533060550689697,0,1.4155143739960399
s033,s036,8,16,8.958515028164278e-25,9.253503799438477,-9.253503799438477,0,1.4155143739960399
s033,s056,3,7,3.2816405201248334e-07,3.5288422107696533,-3.5288422107696533,0,1.4155143739960399
s033,s055,7,9,2.6462286616427957e-10,4.537107944488525,-4.537107944488525,0,1.4155143739960399
s033,s032,7,10,0.00024315455125798502,2.593444585800171,-2.593444585800171,0,1.4155143739960399
s033,s015,7,9,2.3160278705848406e-11,4.881908416748047,-4.881908416748047,0,1.4155143739960399
s033,s049,7,44,0.003055589105821888,2.2347748279571533,-2.2347748279571533,0,1.4155143739960399
s033,s013,2,4,4.55483226077809e-10,4.460237979888916,-4.460237979888916,0,1.4155143739960399
s033,s056,5,2,3.973250428270916e-09,4.153640270233154,-4.153640270233154,0,1.4155143739960399
s033,s048,2,42,2.7805119014738694e-06,3.2263638973236084,-3.2263638973236084,0,1.4155143739960399
s033,s008,6,21,7.687305940991135e-07,3.4083497524261475,-3.4083497524261475,0,1.4155143739960399
s033,s050,4,11,5.0468814182431265e-05,2.8160390853881836,-2.8160390853881836,0,1.4155143739960399
s033,s015,6,27,3.4918544369147478e-15,6.127527236938477,-6.127527236938477,0,1.4155143739960399
s033,s039,6,3,2.3077198110751796e-06,3.2527456283569336,-3.2527456283569336,0,1.4155143739960399
s033,s020,1,21,0.06275084105914384,1.798237919807434,-1.798237919807434,0,1.4155143739960399
s033,s003,2,38,0.007994478899670764,2.097930669784546,-2.097930669784546,0,1.4155143739960399
s033,s027,6,27,0.00016448104590966196,2.6487884521484375,-2.6487884521484375,0,1.4155143739960399
s033,s024,1,50,8.073462193125379e-13,5.357017517089844,-5.357017517089844,0,1.4155143739960399
s033,s008,7,31,1.7764837792782622e-06,3.2897789478302,-3.2897789478302,0,1.4155143739960399
s033,s042,2,1,0.00037304563581049254,2.532841682434082,-2.532841682434082,0,1.4155143739960399
s033,s051,1,50,2.3942417858355273e-07,3.573470115661621,-3.573470115661621,0,1.4155143739960399
s033,s031,7,31,0.0030951291053728336,2.2329492568969727,-2.2329492568969727,0,1.4155143739960399
s033,s011,2,4,0.008566906377703982,2.088059902191162,-2.088059902191162,0,1.4155143739960399
s033,s050,2,39,0.0037205371823822897,2.2068095207214355,-2.2068095207214355,0,1.4155143739960399
s033,s041,7,29,0.8292120748296824,1.191855549812317,-1.191855549812317,0,1.4155143739960399
s033,s004,8,34,0.0007411939485689306,2.435605764389038,-2.435605764389038,0,1.4155143739960399
s033,s046,8,41,0.0021126308035970165,2.28714656829834,-2.28714656829834,0,1.4155143739960399
s033,s054,4,2,2.3647145765586114e-06,3.2492921352386475,-3.2492921352386475,0,1.4155143739960399
s033,s034,7,49,3.8209286801822315e-07,3.507305145263672,-3.507305145263672,0,1.4155143739960399
s033,s028,7,7,5.502526511622411e-15,6.063153266906738,-6.063153266906738,0,1.4155143739960399
s033,s026,7,49,5.894149474278913e-08,3.771881580352783,-3.771881580352783,0,1.4155143739960399
s033,s039,5,15,5.789355454763475e-09,4.10035514831543,-4.10035514831543,0,1.4155143739960399
s033,s012,2,39,0.5806876685506703,1.369425654411316,-1.369425654411316,0,1.4155143739960399
s033,s049,6,2,0.08588233299303878,1.7502808570861816,-1.7502808570861816,0,1.4155143739960399
s033,s002,8,50,0.9995471421172675,0.32564201951026917,-0.32564201951026917,0,1.4155143739960399
s033,s053,4,40,2.1022812033847386e-10,4.569680690765381,-4.569680690765381,0,1.4155143739960399
s033,s003,8,41,0.08179553765284023,1.7578136920928955,-1.7578136920928955,0,1.4155143739960399
s033,s032,1,49,2.947018980931718e-10,4.521868705749512,-4.521868705749512,0,1.4155143739960399
s033,s015,3,7,6.041874559263697e-15,6.049917221069336,-6.049917221069336,0,1.4155143739960399
s033,s043,6,8,1.9219306045830362e-12,5.234245300292969,-5.234245300292969,0,1.4155143739960399
s033,s046,4,25,6.921692565803398e-05,2.7713217735290527,-2.7713217735290527,0,1.4155143739960399
s033,s047,6,24,0.02560958959561536,1.9305981397628784,-1.9305981397628784,0,1.4155143739960399
s033,s054,7,16,7.944406002188169e-08,3.7296273708343506,-3.7296273708343506,0,1.4155143739960399
s033,s008,4,42,7.991516120899186e-09,4.05472469329834,-4.05472469329834,0,1.4155143739960399
s033,s027,5,44,6.895895919249422e-05,2.771850347518921,-2.771850347518921,0,1.4155143739960399
s033,s043,3,35,6.7128431087569524e-09,4.079405307769775,-4.079405307769775,0,1.4155143739960399
s033,s008,3,22,1.7111447048079286e-05,2.969146966934204,-2.969146966934204,0,1.4155143739960399
s033,s008,3,31,8.020193677603729e-08,3.728283405303955,-3.728283405303955,0,1.4155143739960399
s033,s021,4,2,6.55687157610157e-11,4.7346014976501465,-4.7346014976501465,0,1.4155143739960399
s033,s027,2,5,0.5388561763268361,1.3934693336486816,-1.3934693336486816,0,1.4155143739960399
s033,s037,2,1,3.97576692260873e-06,3.1757473945617676,-3.1757473945617676,0,1.4155143739960399
s033,s050,8,48,1.92868347926971e-06,3.2781431674957275,-3.2781431674957275,0,1.4155143739960399
s033,s013,7,10,2.8194572050949255e-12,5.1800007820129395,-5.1800007820129395,0,1.4155143739960399
s033,s011,5,18,0.03271065068123173,1.8949203491210938,-1.8949203491210938,0,1.4155143739960399
s033,s032,7,44,0.001157687418979359,2.3724265098571777,-2.3724265098571777,0,1.4155143739960399
s033,s029,7,46,4.886864807234799e-09,4.1243438720703125,-4.1243438720703125,0,1.4155143739960399
s033,s051,6,3,1.309386182655685e-16,6.592305660247803,-6.592305660247803,0,1.4155143739960399
s033,s040,4,11,0.9168941538292803,1.0756667852401733,-1.0756667852401733,0,1.4155143739960399
s033,s007,6,8,8.826415367865528e-06,3.0628550052642822,-3.0628550052642822,0,1.4155143739960399
s033,s007,7,4,3.9351210421587015e-06,3.177201986312866,-3.177201986312866,0,1.4155143739960399
s033,s013,6,21,7.326361434354146e-12,5.044828414916992,-5.044828414916992,0,1.4155143739960399
s033,s037,5,6,4.2102639049491714e-05,2.841695785522461,-2.841695785522461,0,1.4155143739960399
s033,s002,4,25,8.063076169184126e-08,3.7275285720825195,-3.7275285720825195,0,1.4155143739960399
s033,s021,4,17,2.0394031630547265e-08,3.9221105575561523,-3.9221105575561523,0,1.4155143739960399
s033,s057,4,38,3.3913901025034045e-06,3.1982510089874268,-3.1982510089874268,0,1.4155143739960399
s033,s029,4,25,1.0423964883267694e-07,3.691176414489746,-3.691176414489746,0,1.4155143739960399
s033,s053,8,34,6.753013826836195e-06,3.100757122039795,-3.100757122039795,0,1.4155143739960399
s033,s015,8,34,3.9717599789654405e-10,4.47962760925293,-4.47962760925293,0,1.4155143739960399
s033,s004,1,14,0.11713637627629338,1.701424479484558,-1.701424479484558,0,1.4155143739960399
s033,s026,7,44,9.503822947636713e-09,4.030191898345947,-4.030191898345947,0,1.4155143739960399
s033,s053,2,1,0.0006771811324675303,2.4484002590179443,-2.4484002590179443,0,1.4155143739960399
s033,s005,3,3,0.9770933362651085,0.8842499852180481,-0.8842499852180481,0,1.4155143739960399
s033,s057,1,22,0.00052794386980238,2.4836604595184326,-2.4836604595184326,0,1.4155143739960399
s033,s018,3,31,4.787676974331498e-05,2.823502779006958,-2.823502779006958,0,1.4155143739960399
s033,s035,2,3,5.024076928788914e-06,3.142620801925659,-3.142620801925659,0,1.4155143739960399
s033,s021,7,4,3.1953924772668808e-12,5.162283420562744,-5.162283420562744,0,1.4155143739960399
s033,s010,3,3,1.9762225188706376e-16,6.53403902053833,-6.53403902053833,0,1.4155143739960399
s033,s044,3,6,4.814472891737894e-10,4.452390670776367,-4.452390670776367,0,1.4155143739960399
s033,s031,7,16,0.003261947353123219,2.225494861602783,-2.225494861602783,0,1.4155143739960399
s034,s034,5,13,0.9977709112557929,0.25712358951568604,-0.25712358951568604,1,0.6599564294923436
s034,s034,6,46,7.115959994963679e-05,1.2902487516403198,-1.2902487516403198,1,0.6599564294923436
s034,s034,8,15,0.004460824469133702,1.016857624053955,-1.016857624053955,1,0.6599564294923436
s034,s034,6,2,0.9926870908835684,0.3358667194843292,-0.3358667194843292,1,0.6599564294923436
s034,s034,8,41,0.8503814598717747,0.5452826619148254,-0.5452826619148254,1,0.6599564294923436
s034,s034,8,16,1.0274412726573537e-07,1.7218939065933228,-1.7218939065933228,1,0.6599564294923436
s034,s034,7,4,0.9978628616948139,0.2543374300003052,-0.2543374300003052,1,0.6599564294923436
s034,s034,6,20,0.9222929154961911,0.49668872356414795,-0.49668872356414795,1,0.6599564294923436
s034,s034,5,2,0.02656803648824077,0.897614598274231,-0.897614598274231,1,0.6599564294923436
s034,s034,4,12,0.9772941654484059,0.41166988015174866,-0.41166988015174866,1,0.6599564294923436
s034,s034,1,44,0.9969977356582188,0.27682653069496155,-0.27682653069496155,1,0.6599564294923436
s034,s034,5,18,0.9984601914791011,0.23266392946243286,-0.23266392946243286,1,0.6599564294923436
s034,s034,4,41,0.9930417464882245,0.33256232738494873,-0.33256232738494873,1,0.6599564294923436
s034,s034,7,10,0.9815408516513271,0.39771854877471924,-0.39771854877471924,1,0.6599564294923436
s034,s034,6,10,0.9989979102140498,0.2042786180973053,-0.2042786180973053,1,0.6599564294923436
s034,s034,3,6,0.9765800078402747,0.4137618839740753,-0.4137618839740753,1,0.6599564294923436
s034,s034,2,4,0.9953036266340877,0.3064667880535126,-0.3064667880535126,1,0.6599564294923436
s034,s034,1,2,5.88807228101496e-07,1.6066749095916748,-1.6066749095916748,1,0.6599564294923436
s034,s034,1,50,0.003395298651624319,1.0349411964416504,-1.0349411964416504,1,0.6599564294923436
s034,s034,2,31,0.998761327903001,0.21828217804431915,-0.21828217804431915,1,0.6599564294923436
s034,s034,5,6,0.9954081140871116,0.3049749732017517,-0.3049749732017517,1,0.6599564294923436
s034,s034,1,35,0.34279654417255545,0.7029101252555847,-0.7029101252555847,1,0.6599564294923436
s034,s034,6,14,0.9905157668613328,0.35316941142082214,-0.35316941142082214,1,0.6599564294923436
s034,s034,2,42,0.7416662496503487,0.590354323387146,-0.590354323387146,1,0.6599564294923436
s034,s034,7,40,0.8559032092850942,0.5423738360404968,-0.5423738360404968,1,0.6599564294923436
s034,s034,2,3,0.9694800203472972,0.43171852827072144,-0.43171852827072144,1,0.6599564294923436
s034,s034,7,46,0.655632402768935,0.6174624562263489,-0.6174624562263489,1,0.6599564294923436
s034,s034,6,15,0.8500989023859843,0.5454291105270386,-0.5454291105270386,1,0.6599564294923436
s034,s034,5,42,0.1518560873035442,0.7734766602516174,-0.7734766602516174,1,0.6599564294923436
s034,s034,1,14,1.4552946099405932e-09,2.0028395652770996,-2.0028395652770996,1,0.6599564294923436
s034,s034,7,16,0.9739675266971046,0.4209180176258087,-0.4209180176258087,1,0.6599564294923436
s034,s034,2,39,0.993069614889527,0.33229562640190125,-0.33229562640190125,1,0.6599564294923436
s034,s034,6,24,0.02145408562908854,0.9120698571205139,-0.9120698571205139,1,0.6599564294923436
s034,s034,4,17,0.9980333316020797,0.24884015321731567,-0.24884015321731567,1,0.6599564294923436
s034,s034,7,29,0.998056716224365,0.24804918467998505,-0.24804918467998505,1,0.6599564294923436
s034,s034,8,44,0.12214271720399836,0.7901192307472229,-0.7901192307472229,1,0.6599564294923436
s034,s034,3,35,0.9981252662261546,0.24567458033561707,-0.24567458033561707,1,0.6599564294923436
s034,s034,7,7,0.5170621016856278,0.6554505825042725,-0.6554505825042725,1,0.6599564294923436
s034,s034,8,34,0.9006170891771348,0.5144954323768616,-0.5144954323768616,1,0.6599564294923436
s034,s034,7,20,0.9806450358912338,0.4009062647819519,-0.4009062647819519,1,0.6599564294923436
s034,s034,5,44,0.0052962335346128835,1.005473256111145,-1.005473256111145,1,0.6599564294923436
s034,s034,2,5,0.9753376031545767,0.4172571897506714,-0.4172571897506714,1,0.6599564294923436
s034,s034,2,1,1.8322403601648034e-35,5.9386138916015625,-5.9386138916015625,1,0.6599564294923436
s034,s034,4,25,0.3819533136086393,0.6917178630828857,-0.6917178630828857,1,0.6599564294923436
s034,s034,4,40,0.9827883309564899,0.39301684498786926,-0.39301684498786926,1,0.6599564294923436
s034,s034,8,48,0.9846307396326182,0.3854213356971741,-0.3854213356971741,1,0.6599564294923436
s034,s034,4,38,0.0022484664896677913,1.0622167587280273,-1.0622167587280273,1,0.6599564294923436
s034,s034,4,20,0.984694396037915,0.3851431608200073,-0.3851431608200073,1,0.6599564294923436
s034,s034,2,9,0.020096048016869344,0.9164769649505615,-0.9164769649505615,1,0.6599564294923436
s034,s034,1,49,0.9008400606377793,0.5143308639526367,-0.5143308639526367,1,0.6599564294923436
s034,s034,7,45,0.035125259523749314,0.8786051273345947,-0.8786051273345947,1,0.6599564294923436
s034,s034,5,36,0.9860244085859652,0.37905463576316833,-0.37905463576316833,1,0.6599564294923436
s034,s034,6,3,0.9993597663816499,0.17468802630901337,-0.17468802630901337,1,0.6599564294923436
s034,s034,1,22,0.9807259612287286,0.4006243050098419,-0.4006243050098419,1,0.6599564294923436
s034,s034,7,14,0.6462447036347928,0.6201892495155334,-0.6201892495155334,1,0.6599564294923436
s034,s034,4,11,0.9996803390992854,0.12882810831069946,-0.12882810831069946,1,0.6599564294923436
s034,s034,6,27,0.9972914988658375,0.27001142501831055,-0.27001142501831055,1,0.6599564294923436
s034,s034,4,42,0.9935937718088147,0.32707059383392334,-0.32707059383392334,1,0.6599564294923436
s034,s034,6,44,0.8357249636804567,0.5525975227355957,-0.5525975227355957,1,0.6599564294923436
s034,s034,7,44,0.6645920019064822,0.6148269176483154,-0.6148269176483154,1,0.6599564294923436
s034,s034,6,8,0.696051844051838,0.6052746176719666,-0.6052746176719666,1,0.6599564294923436
s034,s034,7,9,0.9983217435886721,0.2383551299571991,-0.2383551299571991,1,0.6599564294923436
s034,s034,3,50,0.9981339071716233,0.24536912143230438,-0.24536912143230438,1,0.6599564294923436
s034,s034,3,31,0.7601744326551109,0.5838214755058289,-0.5838214755058289,1,0.6599564294923436
s034,s034,4,2,1.9697878702063458e-18,3.3505067825317383,-3.3505067825317383,1,0.6599564294923436
s034,s034,8,10,0.06861548712091949,0.8320832252502441,-0.8320832252502441,1,0.6599564294923436
s034,s034,2,50,7.565902757210355e-12,2.349931240081787,-2.349931240081787,1,0.6599564294923436
s034,s034,8,23,0.9929940872620361,0.33301597833633423,-0.33301597833633423,1,0.6599564294923436
s034,s034,2,38,0.9902803155317221,0.3548034727573395,-0.3548034727573395,1,0.6599564294923436
s034,s034,7,31,0.9812085061106569,0.3989185392856598,-0.3989185392856598,1,0.6599564294923436
s034,s034,5,15,0.5846598707358497,0.6373903751373291,-0.6373903751373291,1,0.6599564294923436
s034,s034,3,22,0.9601330600346125,0.4499896764755249,-0.4499896764755249,1,0.6599564294923436
s034,s034,8,50,0.9433803606447638,0.4743031859397888,-0.4743031859397888,1,0.6599564294923436
s034,s034,1,21,0.0252878097541952,0.9009606242179871,-0.9009606242179871,1,0.6599564294923436
s034,s034,4,39,0.9292720563920229,0.48998063802719116,-0.48998063802719116,1,0.6599564294923436
s034,s034,2,22,0.999885489341299,0.06106391176581383,-0.06106391176581383,1,0.6599564294923436
s034,s034,3,7,0.9134335872626509,0.5044509768486023,-0.5044509768486023,1,0.6599564294923436
s034,s034,6,21,0.777322001791961,0.5774534344673157,-0.5774534344673157,1,0.6599564294923436
s034,s034,7,49,0.9930976386655541,0.3320263624191284,-0.3320263624191284,1,0.6599564294923436
s034,s034,3,3,0.9985905018671222,0.2268196940422058,-0.2268196940422058,1,0.6599564294923436
s034,s020,6,2,0.9311691776570761,0.4880516827106476,-0.4880516827106476,0,0.6599564294923436
s034,s042,6,15,0.003221847196492502,1.0384132862091064,-1.0384132862091064,0,0.6599564294923436
s034,s036,8,16,4.484160080477462e-126,19.70796012878418,-19.70796012878418,0,0.6599564294923436
s034,s056,3,7,0.9824758444066712,0.39422526955604553,-0.39422526955604553,0,0.6599564294923436
s034,s055,7,9,0.27352883657005905,0.724420428276062,-0.724420428276062,0,0.6599564294923436
s034,s032,7,10,0.7190959723723468,0.5979217290878296,-0.5979217290878296,0,0.6599564294923436
s034,s015,7,9,0.21347341956737992,0.7460222840309143,-0.7460222840309143,0,0.6599564294923436
s034,s049,7,44,1.530059759033524e-13,2.6073756217956543,-2.6073756217956543,0,0.6599564294923436
s034,s013,2,4,0.8648023053805032,0.5374841690063477,-0.5374841690063477,0,0.6599564294923436
s034,s056,5,2,0.9162624819041477,0.5020542144775391,-0.5020542144775391,0,0.6599564294923436
s034,s048,2,42,0.06255778452237047,0.8386108875274658,-0.8386108875274658,0,0.6599564294923436
s034,s008,6,21,0.17616890289367337,0.761756181716919,-0.761756181716919,0,0.6599564294923436
s034,s050,4,11,0.02487615682146941,0.9020716547966003,-0.9020716547966003,0,0.6599564294923436
s034,s015,6,27,1.759925046668163e-09,1.9902962446212769,-1.9902962446212769,0,0.6599564294923436
s034,s039,6,3,5.485941148605142e-06,1.4593825340270996,-1.4593825340270996,0,0.6599564294923436
s034,s020,1,21,0.10252878168066032,0.8031298518180847,-0.8031298518180847,0,0.6599564294923436
s034,s003,2,38,3.707469378294427e-22,3.916611909866333,-3.916611909866333,0,0.6599564294923436
s034,s027,6,27,0.9746734518362645,0.41905587911605835,-0.41905587911605835,0,0.6599564294923436
s034,s024,1,50,3.0020067243640874e-22,3.930541515350342,-3.930541515350342,0,0.6599564294923436
s034,s008,7,31,0.9741398484138716,0.4204680323600769,-0.4204680323600769,0,0.6599564294923436
s034,s042,2,1,2.3254270893050764e-47,7.746409893035889,-7.746409893035889,0,0.6599564294923436
s034,s051,1,50,0.0005466225331114602,1.155663251876831,-1.155663251876831,0,0.6599564294923436
s034,s031,7,31,7.814746757320634e-05,1.2840663194656372,-1.2840663194656372,0,0.6599564294923436
s034,s011,2,4,0.01443095563279873,0.9387117028236389,-0.9387117028236389,0,0.6599564294923436
s034,s050,2,39,0.00011145893867491929,1.260631799697876,-1.260631799697876,0,0.6599564294923436
s034,s041,7,29,2.0828424403530027e-19,3.498784303665161,-3.498784303665161,0,0.6599564294923436
s034,s004,8,34,0.05023693508717465,0.8539481163024902,-0.8539481163024902,0,0.6599564294923436
s034,s046,8,41,0.43034374440632417,0.6784648299217224,-0.6784648299217224,0,0.6599564294923436
s034,s054,4,2,2.982038249097045e-08,1.8035337924957275,-1.8035337924957275,0,0.6599564294923436
s034,s033,7,49,4.743343850952866e-31,5.267996311187744,-5.267996311187744,0,0.6599564294923436
s034,s028,7,7,3.7663966377298455e-09,1.940083622932434,-1.940083622932434,0,0.6599564294923436
s034,s026,7,49,0.00029471175850580755,1.1964493989944458,-1.1964493989944458,0,0.6599564294923436
s034,s039,5,15,0.006363559580266834,0.9932861328125,-0.9932861328125,0,0.6599564294923436
s034,s012,2,39,1.3607560430645784e-13,2.615114688873291,-2.615114688873291,0,0.6599564294923436
s034,s049,6,2,8.788472263269602e-85,13.433168411254883,-13.433168411254883,0,0.6599564294923436
s034,s002,8,50,3.412259943824706e-21,3.770127296447754,-3.770127296447754,0,0.6599564294923436
s034,s053,4,40,0.5369848288383764,0.6501752138137817,-0.6501752138137817,0,0.6599564294923436
s034,s003,8,41,4.982122182940928e-23,4.049070358276367,-4.049070358276367,0,0.6599564294923436
s034,s032,1,49,2.1458841525446703e-07,1.67328941822052,-1.67328941822052,0,0.6599564294923436
s034,s015,3,7,7.308920446839812e-06,1.4404478073120117,-1.4404478073120117,0,0.6599564294923436
s034,s043,6,8,8.950554168555523e-29,4.9221696853637695,-4.9221696853637695,0,0.6599564294923436
s034,s046,4,25,1.0140225161364903e-07,1.7227615118026733,-1.7227615118026733,0,0.6599564294923436
s034,s047,6,24,1.2818993198909738e-10,2.163172721862793,-2.163172721862793,0,0.6599564294923436
s034,s054,7,16,0.9983559801737931,0.23699262738227844,-0.23699262738227844,0,0.6599564294923436
s034,s008,4,42,0.9911712593624071,0.34839925169944763,-0.34839925169944763,0,0.6599564294923436
s034,s027,5,44,0.9994912953990981,0.15950261056423187,-0.15950261056423187,0,0.6599564294923436
s034,s043,3,35,1.0256575281787776e-20,3.697496175765991,-3.697496175765991,0,0.6599564294923436
s034,s008,3,22,0.9947705328790934,0.3135979175567627,-0.3135979175567627,0,0.6599564294923436
s034,s008,3,31,0.9877402158986193,0.3702952563762665,-0.3702952563762665,0,0.6599564294923436
s034,s021,4,2,1.0461758342124524e-05,1.4167795181274414,-1.4167795181274414,0,0.6599564294923436
s034,s027,2,5,0.00028938589797346406,1.1976532936096191,-1.1976532936096191,0,0.6599564294923436
s034,s037,2,1,4.359733953346391e-43,7.097088813781738,-7.097088813781738,0,0.6599564294923436
s034,s050,8,48,0.6978881900216453,0.6047008037567139,-0.6047008037567139,0,0.6599564294923436
s034,s013,7,10,0.018139658680811483,0.9233680367469788,-0.9233680367469788,0,0.6599564294923436
s034,s011,5,18,0.09182850689909075,0.8111861348152161,-0.8111861348152161,0,0.6599564294923436
s034,s032,7,44,0.00133413287370061,1.0967247486114502,-1.0967247486114502,0,0.6599564294923436
s034,s029,7,46,0.9914575664056433,0.346204549074173,-0.346204549074173,0,0.6599564294923436
s034,s051,6,3,2.2807778765683734e-08,1.8212265968322754,-1.8212265968322754,0,0.6599564294923436
s034,s040,4,11,4.604848841627863e-09,1.926819086074829,-1.926819086074829,0,0.6599564294923436
s034,s007,6,8,0.9947525238745104,0.3138259947299957,-0.3138259947299957,0,0.6599564294923436
s034,s007,7,4,0.993706929271287,0.32588693499565125,-0.32588693499565125,0,0.6599564294923436
s034,s013,6,21,0.029947468418019013,0.8894830346107483,-0.8894830346107483,0,0.6599564294923436
s034,s037,5,6,0.9243791736750793,0.49474355578422546,-0.49474355578422546,0,0.6599564294923436
s034,s002,4,25,0.956891935960627,0.455371230840683,-0.455371230840683,0,0.6599564294923436
s034,s021,4,17,3.5824503602134603e-06,1.4875061511993408,-1.4875061511993408,0,0.6599564294923436
s034,s057,4,38,0.9979304774725813,0.25221121311187744,-0.25221121311187744,0,0.6599564294923436
s034,s029,4,25,0.9011850640942151,0.5140755772590637,-0.5140755772590637,0,0.6599564294923436
s034,s053,8,34,0.9305152128239543,0.4887221157550812,-0.4887221157550812,0,0.6599564294923436
s034,s015,8,34,0.003370888922598558,1.03541898727417,-1.03541898727417,0,0.6599564294923436
s034,s004,1,14,0.01963185204115609,0.9180505275726318,-0.9180505275726318,0,0.6599564294923436
s034,s026,7,44,0.7227455869252563,0.5967245697975159,-0.5967245697975159,0,0.6599564294923436
s034,s053,2,1,0.037791520925499124,0.8735939860343933,-0.8735939860343933,0,0.6599564294923436
s034,s005,3,3,9.270324530647185e-23,4.008089542388916,-4.008089542388916,0,0.6599564294923436
s034,s057,1,22,3.6176849885495916e-13,2.550584554672241,-2.550584554672241,0,0.6599564294923436
s034,s018,3,31,0.9995728910888617,0.14795930683612823,-0.14795930683612823,0,0.6599564294923436
s034,s035,2,3,0.00012905232842768842,1.2509582042694092,-1.2509582042694092,0,0.6599564294923436
s034,s021,7,4,3.6677255452202735e-07,1.6379144191741943,-1.6379144191741943,0,0.6599564294923436
s034,s010,3,3,5.1203921165758294e-18,3.2874608039855957,-3.2874608039855957,0,0.6599564294923436
s034,s044,3,6,1.8005539006510404e-17,3.204474687576294,-3.204474687576294,0,0.6599564294923436
s034,s031,7,16,0.9148402914958883,0.5032681822776794,-0.5032681822776794,0,0.6599564294923436
s035,s035,5,13,0.004964018505690948,1.0328211784362793,-1.0328211784362793,1,0.675021669431166
s035,s035,6,46,0.9997986360228912,0.10056506097316742,-0.10056506097316742,1,0.675021669431166
s035,s035,8,15,0.9966192815069435,0.2911854088306427,-0.2911854088306427,1,0.675021669431166
s035,s035,6,2,0.9971658869279117,0.2792437672615051,-0.2792437672615051,1,0.675021669431166
s035,s035,8,41,0.20842436529299374,0.7650998830795288,-0.7650998830795288,1,0.675021669431166
s035,s035,8,16,0.9960500235497861,0.301728755235672,-0.301728755235672,1,0.675021669431166
s035,s035,7,4,0.9992567953962738,0.18874984979629517,-0.18874984979629517,1,0.675021669431166
s035,s035,6,20,0.8249086021462845,0.5703957080841064,-0.5703957080841064,1,0.675021669431166
s035,s035,5,2,0.9992402923374137,0.19023346900939941,-0.19023346900939941,1,0.675021669431166
s035,s035,4,12,0.9086437752210466,0.5199565887451172,-0.5199565887451172,1,0.675021669431166
s035,s035,1,44,0.9998473311413885,0.08187428116798401,-0.08187428116798401,1,0.675021669431166
s035,s035,5,18,0.979386426365443,0.41439738869667053,-0.41439738869667053,1,0.675021669431166
s035,s035,4,41,0.9241602810352442,0.5062484741210938,-0.5062484741210938,1,0.675021669431166
s035,s035,7,10,0.0002616981721261827,1.231783390045166,-1.231783390045166,1,0.675021669431166
s035,s035,6,10,0.9977993142584987,0.26212555170059204,-0.26212555170059204,1,0.675021669431166
s035,s035,3,6,0.9975766501407544,0.26864659786224365,-0.26864659786224365,1,0.675021669431166
s035,s035,2,4,0.11984338021500925,0.8096151947975159,-0.8096151947975159,1,0.675021669431166
s035,s035,1,2,0.005440805775922176,1.0265980958938599,-1.0265980958938599,1,0.675021669431166
s035,s035,1,50,0.9988097849665757,0.22056803107261658,-0.22056803107261658,1,0.675021669431166
s035,s035,2,31,0.9945660522711844,0.3233596384525299,-0.3233596384525299,1,0.675021669431166
s035,s035,5,6,0.9984005741742316,0.24054330587387085,-0.24054330587387085,1,0.675021669431166
s035,s035,1,35,0.9994950548174971,0.1626427173614502,-0.1626427173614502,1,0.675021669431166
s035,s035,6,14,0.9944971341602296,0.3242150545120239,-0.3242150545120239,1,0.675021669431166
s035,s035,2,42,0.9995036768980357,0.16147956252098083,-0.16147956252098083,1,0.675021669431166
s035,s035,7,40,0.9998622278488717,0.07494282722473145,-0.07494282722473145,1,0.675021669431166
s035,s035,2,3,0.999175694384364,0.1957465261220932,-0.1957465261220932,1,0.675021669431166
s035,s035,7,46,0.003702583796080409,1.0526973009109497,-1.0526973009109497,1,0.675021669431166
s035,s035,6,15,0.9766264672545596,0.4230698347091675,-0.4230698347091675,1,0.675021669431166
s035,s035,5,42,0.9982784244410271,0.24551939964294434,-0.24551939964294434,1,0.675021669431166
s035,s035,1,14,0.9995786623233811,0.15041814744472504,-0.15041814744472504,1,0.675021669431166
s035,s035,7,16,0.06956786956664499,0.8500781655311584,-0.8500781655311584,1,0.675021669431166
s035,s035,2,39,0.9526078452620447,0.47246477007865906,-0.47246477007865906,1,0.675021669431166
s035,s035,6,24,0.8277426697003264,0.5690626502037048,-0.5690626502037048,1,0.675021669431166
s035,s035,4,17,0.9758572383261364,0.4253087639808655,-0.4253087639808655,1,0.675021669431166
s035,s035,7,29,0.9724959077712539,0.43434059619903564,-0.43434059619903564,1,0.675021669431166
s035,s035,8,44,0.9977010976204577,0.265079528093338,-0.265079528093338,1,0.675021669431166
s035,s035,3,35,0.9713066031021728,0.43728071451187134,-0.43728071451187134,1,0.675021669431166
s035,s035,7,7,0.9716511410596301,0.4364413321018219,-0.4364413321018219,1,0.675021669431166
s035,s035,8,34,0.3430900974757856,0.7188679575920105,-0.7188679575920105,1,0.675021669431166
s035,s035,7,20,0.998555517422979,0.23365479707717896,-0.23365479707717896,1,0.675021669431166
s035,s035,5,44,0.9648830128883387,0.45136526226997375,-0.45136526226997375,1,0.675021669431166
s035,s035,2,5,0.9230482311186615,0.5073123574256897,-0.5073123574256897,1,0.675021669431166
s035,s035,2,1,0.02068942336025017,0.9353927969932556,-0.9353927969932556,1,0.675021669431166
s035,s035,4,25,0.9968397279332111,0.28661879897117615,-0.28661879897117615,1,0.675021669431166
s035,s035,4,40,0.9396503613704834,0.4897044003009796,-0.4897044003009796,1,0.675021669431166
s035,s035,8,48,0.9972605980207128,0.27694299817085266,-0.27694299817085266,1,0.675021669431166
s035,s035,4,38,0.029671891482659758,0.9104310274124146,-0.9104310274124146,1,0.675021669431166
s035,s035,4,20,0.9955303082643817,0.31010791659355164,-0.31010791659355164,1,0.675021669431166
s035,s035,2,9,0.9985409209490916,0.23433446884155273,-0.23433446884155273,1,0.675021669431166
s035,s035,1,49,0.9998920827230754,0.05845433473587036,-0.05845433473587036,1,0.675021669431166
s035,s035,7,45,0.9767514128060464,0.4226993918418884,-0.4226993918418884,1,0.675021669431166
s035,s035,5,36,2.9737430916378282e-50,8.372930526733398,-8.372930526733398,1,0.675021669431166
s035,s035,6,3,0.998190811786463,0.24887602031230927,-0.24887602031230927,1,0.675021669431166
s035,s035,1,22,0.0035663130212533517,1.0552377700805664,-1.0552377700805664,1,0.675021669431166
s035,s035,7,14,1.922638785995845e-05,1.4080417156219482,-1.4080417156219482,1,0.675021669431166
s035,s035,4,11,0.9960578602371128,0.30159416794776917,-0.30159416794776917,1,0.675021669431166
s035,s035,6,27,0.9711181741900323,0.4377356469631195,-0.4377356469631195,1,0.675021669431166
s035,s035,4,42,0.9994723475587624,0.16561353206634521,-0.16561353206634521,1,0.675021669431166
s035,s035,6,44,0.9687856192931534,0.4431406259536743,-0.4431406259536743,1,0.675021669431166
s035,s035,7,44,0.3330844611793772,0.7218862175941467,-0.7218862175941467,1,0.675021669431166
s035,s035,6,8,0.9988920393230343,0.21572844684123993,-0.21572844684123993,1,0.675021669431166
s035,s035,7,9,0.5915123039680289,0.6500309705734253,-0.6500309705734253,1,0.675021669431166
s035,s035,3,50,0.9946581916076609,0.3221989870071411,-0.3221989870071411,1,0.675021669431166
s035,s035,3,31,0.03218331081595957,0.9047716856002808,-0.9047716856002808,1,0.675021669431166
s035,s035,4,2,0.9995969623010891,0.1474195122718811,-0.1474195122718811,1,0.675021669431166
s035,s035,8,10,0.9945256676177683,0.3238621950149536,-0.3238621950149536,1,0.675021669431166
s035,s035,2,50,0.99900622235212,0.20837900042533875,-0.20837900042533875,1,0.675021669431166
s035,s035,8,23,0.061996673922732885,0.8584029674530029,-0.8584029674530029,1,0.675021669431166
s035,s035,2,38,0.2336263887725247,0.7552106380462646,-0.7552106380462646,1,0.675021669431166
s035,s035,7,31,0.9834314911925849,0.3993735909461975,-0.3993735909461975,1,0.675021669431166
s035,s035,5,15,0.999502645235147,0.16161979734897614,-0.16161979734897614,1,0.675021669431166
s035,s035,3,22,0.61881343158674,0.6423158645629883,-0.6423158645629883,1,0.675021669431166
s035,s035,8,50,0.9723269603422118,0.43476569652557373,-0.43476569652557373,1,0.675021669431166
s035,s035,1,21,0.9853595710550662,0.3908902108669281,-0.3908902108669281,1,0.675021669431166
s035,s035,4,39,0.9987660063590095,0.22300928831100464,-0.22300928831100464,1,0.675021669431166
s035,s035,2,22,0.9973494227517362,0.2747119665145874,-0.2747119665145874,1,0.675021669431166
s035,s035,3,7,0.9942852642464537,0.3267796039581299,-0.3267796039581299,1,0.675021669431166
s035,s035,6,21,0.9177328069732466,0.5122109055519104,-0.5122109055519104,1,0.675021669431166
s035,s035,7,49,0.9794727882440394,0.4141080379486084,-0.4141080379486084,1,0.675021669431166
s035,s035,3,3,0.0007742792330584455,1.1585264205932617,-1.1585264205932617,1,0.675021669431166
s035,s020,6,2,3.5933524316629594e-08,1.8321164846420288,-1.8321164846420288,0,0.675021669431166
s035,s042,6,15,0.27635817144250524,0.7399991750717163,-0.7399991750717163,0,0.675021669431166
s035,s036,8,16,1.5455065497925327e-53,8.883397102355957,-8.883397102355957,0,0.675021669431166
s035,s056,3,7,0.0008721939213008833,1.1504817008972168,-1.1504817008972168,0,0.675021669431166
s035,s055,7,9,1.4483207065372422e-06,1.5825953483581543,-1.5825953483581543,0,0.675021669431166
s035,s032,7,10,2.0666520606930477e-11,2.3357441425323486,-2.3357441425323486,0,0.675021669431166
s035,s015,7,9,0.0005079338728317369,1.1870020627975464,-1.1870020627975464,0,0.675021669431166
s035,s049,7,44,0.06734934407248327,0.8524266481399536,-0.8524266481399536,0,0.675021669431166
s035,s013,2,4,0.8102711099705461,0.5770238637924194,-0.5770238637924194,0,0.675021669431166
s035,s056,5,2,0.7104492874360053,0.6144339442253113,-0.6144339442253113,0,0.675021669431166
s035,s048,2,42,0.37468684255847995,0.7095937132835388,-0.7095937132835388,0,0.675021669431166
s035,s008,6,21,3.1764369847464967e-12,2.4621591567993164,-2.4621591567993164,0,0.675021669431166
s035,s050,4,11,0.8938271393284629,0.5312120914459229,-0.5312120914459229,0,0.675021669431166
s035,s015,6,27,5.380468189307541e-10,2.115725517272949,-2.115725517272949,0,0.675021669431166
s035,s039,6,3,0.8640344168222045,0.5501959323883057,-0.5501959323883057,0,0.675021669431166
s035,s020,1,21,3.2401591278844604e-15,2.9271068572998047,-2.9271068572998047,0,0.675021669431166
s035,s003,2,38,5.921398849135649e-31,5.3732781410217285,-5.3732781410217285,0,0.675021669431166
s035,s027,6,27,0.9382470287203545,0.4913569688796997,-0.4913569688796997,0,0.675021669431166
s035,s024,1,50,0.00537973142001779,1.0273642539978027,-1.0273642539978027,0,0.675021669431166
s035,s008,7,31,6.833453550518906e-07,1.6333003044128418,-1.6333003044128418,0,0.675021669431166
s035,s042,2,1,3.678784994192477e-22,4.006543159484863,-4.006543159484863,0,0.675021669431166
s035,s051,1,50,0.9924024263615728,0.3461308777332306,-0.3461308777332306,0,0.675021669431166
s035,s031,7,31,0.0005212028700410946,1.1852604150772095,-1.1852604150772095,0,0.675021669431166
s035,s011,2,4,1.1099284450330816e-13,2.6885647773742676,-2.6885647773742676,0,0.675021669431166
s035,s050,2,39,0.13232128032258497,0.8019654750823975,-0.8019654750823975,0,0.675021669431166
s035,s041,7,29,5.145217211531686e-42,7.09248685836792,-7.09248685836792,0,0.675021669431166
s035,s004,8,34,2.6172439582367043e-06,1.5426530838012695,-1.5426530838012695,0,0.675021669431166
s035,s046,8,41,0.0002442356895057302,1.2364461421966553,-1.2364461421966553,0,0.675021669431166
s035,s054,4,2,0.9336009006372991,0.4965887665748596,-0.4965887665748596,0,0.675021669431166
s035,s033,7,49,1.7041800885574904e-38,6.545357704162598,-6.545357704162598,0,0.675021669431166
s035,s028,7,7,0.6656031274520001,0.6285555362701416,-0.6285555362701416,0,0.675021669431166
s035,s026,7,49,0.8860455092729438,0.5365768074989319,-0.5365768074989319,0,0.675021669431166
s035,s039,5,15,0.5251851822473107,0.6682156920433044,-0.6682156920433044,0,0.675021669431166
s035,s012,2,39,4.873155162267882e-36,6.163577079772949,-6.163577079772949,0,0.675021669431166
s035,s049,6,2,4.4718353645055356e-39,6.635666847229004,-6.635666847229004,0,0.675021669431166
s035,s002,8,50,1.9188501434899358e-31,5.449342727661133,-5.449342727661133,0,0.675021669431166
s035,s053,4,40,0.05448806048256982,0.8676556348800659,-0.8676556348800659,0,0.675021669431166
s035,s003,8,41,2.2548161883229893e-27,4.8167338371276855,-4.8167338371276855,0,0.675021669431166
s035,s032,1,49,0.9978855096001505,0.2594226598739624,-0.2594226598739624,0,0.675021669431166
s035,s015,3,7,0.008857158182333425,0.9934720993041992,-0.9934720993041992,0,0.675021669431166
s035,s043,6,8,9.5176339064006e-05,1.3000704050064087,-1.3000704050064087,0,0.675021669431166
s035,s046,4,25,0.08011371023629038,0.8397811651229858,-0.8397811651229858,0,0.675021669431166
s035,s047,6,24,1.7995755607021244e-06,1.5679374933242798,-1.5679374933242798,0,0.675021669431166
s035,s054,7,16,0.8393278267000697,0.5634247064590454,-0.5634247064590454,0,0.675021669431166
s035,s008,4,42,0.0026178456496980204,1.0761723518371582,-1.0761723518371582,0,0.675021669431166
s035,s027,5,44,0.9244341754109069,0.5059842467308044,-0.5059842467308044,0,0.675021669431166
s035,s043,3,35,0.433452569546476,0.6930972933769226,-0.6930972933769226,0,0.675021669431166
s035,s008,3,22,2.0431726323917836e-08,1.8702269792556763,-1.8702269792556763,0,0.675021669431166
s035,s008,3,31,5.9259625698718494e-05,1.3320555686950684,-1.3320555686950684,0,0.675021669431166
s035,s021,4,2,0.9982549560193124,0.24643495678901672,-0.24643495678901672,0,0.675021669431166
s035,s027,2,5,7.523932363733485e-13,2.5593795776367188,-2.5593795776367188,0,0.675021669431166
s035,s037,2,1,1.6133845540036022e-24,4.373040676116943,-4.373040676116943,0,0.675021669431166
s035,s050,8,48,0.9277565637869825,0.5027070045471191,-0.5027070045471191,0,0.675021669431166
s035,s013,7,10,4.11834248690772e-05,1.3566203117370605,-1.3566203117370605,0,0.675021669431166
s035,s011,5,18,9.951891010582386e-12,2.3850715160369873,-2.3850715160369873,0,0.675021669431166
s035,s032,7,44,6.936136685935133e-18,3.342017889022827,-3.342017889022827,0,0.675021669431166
s035,s029,7,46,0.023024069099610626,0.9280145168304443,-0.9280145168304443,0,0.675021669431166
s035,s051,6,3,0.001980819776543447,1.095037817955017,-1.095037817955017,0,0.675021669431166
s035,s040,4,11,3.991420861015998e-18,3.379319429397583,-3.379319429397583,0,0.675021669431166
s035,s007,6,8,0.001691270667611271,1.105724811553955,-1.105724811553955,0,0.675021669431166
s035,s007,7,4,0.7632944046739927,0.5959883332252502,-0.5959883332252502,0,0.675021669431166
s035,s013,6,21,0.0020265212539970524,1.0934950113296509,-1.0934950113296509,0,0.675021669431166
s035,s037,5,6,0.06471885768078538,0.855306088924408,-0.855306088924408,0,0.675021669431166
s035,s002,4,25,0.9773032552698687,0.4210396707057953,-0.4210396707057953,0,0.675021669431166
s035,s021,4,17,0.8241778982609801,0.5707366466522217,-0.5707366466522217,0,0.675021669431166
s035,s057,4,38,0.00021980130924094122,1.243563175201416,-1.243563175201416,0,0.675021669431166
s035,s029,4,25,0.962652544540922,0.455678254365921,-0.455678254365921,0,0.675021669431166
s035,s053,8,34,0.04064477007789967,0.888422429561615,-0.888422429561615,0,0.675021669431166
s035,s015,8,34,5.395787279033386e-06,1.493815302848816,-1.493815302848816,0,0.675021669431166
s035,s004,1,14,2.413880978571974e-07,1.703542709350586,-1.703542709350586,0,0.675021669431166
s035,s026,7,44,0.0015723721869813302,1.1106534004211426,-1.1106534004211426,0,0.675021669431166
s035,s053,2,1,4.882827281697333e-08,1.8114176988601685,-1.8114176988601685,0,0.675021669431166
s035,s005,3,3,2.048042641060495e-17,3.2689316272735596,-3.2689316272735596,0,0.675021669431166
s035,s057,1,22,1.8651950305090445e-16,3.119814872741699,-3.119814872741699,0,0.675021669431166
s035,s018,3,31,0.00038444905667601114,1.2058124542236328,-1.2058124542236328,0,0.675021669431166
s035,s034,2,3,0.009978539081191631,0.9853487014770508,-0.9853487014770508,0,0.675021669431166
s035,s021,7,4,0.9609559581413522,0.4587961435317993,-0.4587961435317993,0,0.675021669431166
s035,s010,3,3,0.047649950849059826,0.8771941065788269,-0.8771941065788269,0,0.675021669431166
s035,s044,3,6,0.021067761209807565,0.9341434836387634,-0.9341434836387634,0,0.675021669431166
s035,s031,7,16,0.14810374126087564,0.7931202054023743,-0.7931202054023743,0,0.675021669431166
s036,s036,5,13,0.9998798636734637,0.25630924105644226,-0.25630924105644226,1,2.63357548114024
s036,s036,6,46,0.9998805565058838,0.2547858655452728,-0.2547858655452728,1,2.63357548114024
s036,s036,8,15,0.9999307806309662,0.11109458655118942,-0.11109458655118942,1,2.63357548114024
s036,s036,6,2,0.9999130600927687,0.1711280345916748,-0.1711280345916748,1,2.63357548114024
s036,s036,8,41,0.9997083282755284,0.48995304107666016,-0.48995304107666016,1,2.63357548114024
s036,s036,8,16,0.9995696284881346,0.5924409031867981,-0.5924409031867981,1,2.63357548114024
s036,s036,7,4,0.9998763722336449,0.26385483145713806,-0.26385483145713806,1,2.63357548114024
s036,s036,6,20,0.9996999156555222,0.4974437355995178,-0.4974437355995178,1,2.63357548114024
s036,s036,5,2,0.9997942714048701,0.3979998826980591,-0.3979998826980591,1,2.63357548114024
s036,s036,4,12,0.9999169028116094,0.1592216044664383,-0.1592216044664383,1,2.63357548114024
s036,s036,1,44,0.016902877886884698,3.7036561965942383,-3.7036561965942383,1,2.63357548114024
s036,s036,5,18,0.9997308864094663,0.4687480330467224,-0.4687480330467224,1,2.63357548114024
s036,s036,4,41,0.999910181318039,0.17970788478851318,-0.17970788478851318,1,2.63357548114024
s036,s036,7,10,0.9997548828338889,0.4441448450088501,-0.4441448450088501,1,2.63357548114024
s036,s036,6,10,0.998051678372251,0.9905307292938232,-0.9905307292938232,1,2.63357548114024
s036,s036,3,6,0.9996782298676127,0.5158249139785767,-0.5158249139785767,1,2.63357548114024
s036,s036,2,4,0.999821604909121,0.3604491949081421,-0.3604491949081421,1,2.63357548114024
s036,s036,1,2,0.17319228011755455,3.045248031616211,-3.045248031616211,1,2.63357548114024
s036,s036,1,50,0.9995650070952697,0.5952550172805786,-0.5952550172805786,1,2.63357548114024
s036,s036,2,31,0.9998957075983881,0.21905876696109772,-0.21905876696109772,1,2.63357548114024
s036,s036,5,6,0.9999197971667656,0.14988428354263306,-0.14988428354263306,1,2.63357548114024
s036,s036,1,35,0.9996738134808237,0.5194161534309387,-0.5194161534309387,1,2.63357548114024
s036,s036,6,14,0.9992663697162842,0.7329842448234558,-0.7329842448234558,1,2.63357548114024
s036,s036,2,42,0.9997472559249152,0.45221641659736633,-0.45221641659736633,1,2.63357548114024
s036,s036,7,40,0.9998428855555117,0.3269902765750885,-0.3269902765750885,1,2.63357548114024
s036,s036,2,3,0.999836372803351,0.3376885652542114,-0.3376885652542114,1,2.63357548114024
s036,s036,7,46,0.9998565707545447,0.302986204624176,-0.302986204624176,1,2.63357548114024
s036,s036,6,15,0.9996862160578823,0.5092039108276367,-0.5092039108276367,1,2.63357548114024
s036,s036,5,42,0.9998856885018802,0.24321883916854858,-0.24321883916854858,1,2.63357548114024
s036,s036,1,14,0.9996788799827445,0.5152921080589294,-0.5152921080589294,1,2.63357548114024
s036,s036,7,16,0.9998190406329539,0.364208459854126,-0.364208459854126,1,2.63357548114024
s036,s036,2,39,0.9998969373697822,0.21593458950519562,-0.21593458950519562,1,2.63357548114024
s036,s036,6,24,0.9995786764314376,0.5868427753448486,-0.5868427753448486,1,2.63357548114024
s036,s036,4,17,0.9997363189776517,0.46337583661079407,-0.46337583661079407,1,2.63357548114024
s036,s036,7,29,0.9997726327726804,0.42434361577033997,-0.42434361577033997,1,2.63357548114024
s036,s036,8,44,0.9993693379163968,0.693128228187561,-0.693128228187561,1,2.63357548114024
s036,s036,3,35,0.9998838378193944,0.2474488914012909,-0.2474488914012909,1,2.63357548114024
s036,s036,7,7,0.9998682699922645,0.2805747091770172,-0.2805747091770172,1,2.63357548114024
s036,s036,8,34,0.9998924709805909,0.2271084189414978,-0.2271084189414978,1,2.63357548114024
s036,s036,7,20,0.9999074453618287,0.1876109540462494,-0.1876109540462494,1,2.63357548114024
s036,s036,5,44,0.9998342166921202,0.34113672375679016,-0.34113672375679016,1,2.63357548114024
s036,s036,2,5,0.9998742462434645,0.26834577322006226,-0.26834577322006226,1,2.63357548114024
s036,s036,2,1,0.9991912496252029,0.7586774826049805,-0.7586774826049805,1,2.63357548114024
s036,s036,4,25,0.9993906481453821,0.6840698719024658,-0.6840698719024658,1,2.63357548114024
s036,s036,4,40,0.9998587618723307,0.298931360244751,-0.298931360244751,1,2.63357548114024
s036,s036,8,48,0.999521728180922,0.6202457547187805,-0.6202457547187805,1,2.63357548114024
s036,s036,4,38,0.9996151880719535,0.5629607439041138,-0.5629607439041138,1,2.63357548114024
s036,s036,4,20,0.9998596784930116,0.29721638560295105,-0.29721638560295105,1,2.63357548114024
s036,s036,2,9,0.9999216217306085,0.14382338523864746,-0.14382338523864746,1,2.63357548114024
s036,s036,1,49,0.9059384651334969,2.037064790725708,-2.037064790725708,1,2.63357548114024
s036,s036,7,45,0.9998224217820133,0.3592402935028076,-0.3592402935028076,1,2.63357548114024
s036,s036,5,36,0.9999074165414659,0.18769295513629913,-0.18769295513629913,1,2.63357548114024
s036,s036,6,3,0.9998489053325018,0.3166998624801636,-0.3166998624801636,1,2.63357548114024
s036,s036,1,22,0.9967830019785942,1.122934341430664,-1.122934341430664,1,2.63357548114024
s036,s036,7,14,0.9998337718644965,0.34184253215789795,-0.34184253215789795,1,2.63357548114024
s036,s036,4,11,0.9997692953077439,0.4281821548938751,-0.4281821548938751,1,2.63357548114024
s036,s036,6,27,0.9997046546384882,0.49325031042099,-0.49325031042099,1,2.63357548114024
s036,s036,4,42,0.9993134558947534,0.7155020833015442,-0.7155020833015442,1,2.63357548114024
s036,s036,6,44,0.999540256357107,0.6098355650901794,-0.6098355650901794,1,2.63357548114024
s036,s036,7,44,0.9996551160129331,0.5341002941131592,-0.5341002941131592,1,2.63357548114024
s036,s036,6,8,0.9998833450242114,0.24856390058994293,-0.24856390058994293,1,2.63357548114024
s036,s036,7,9,0.9994382708410721,0.662626326084137,-0.662626326084137,1,2.63357548114024
s036,s036,3,50,0.9997985708654521,0.39243659377098083,-0.39243659377098083,1,2.63357548114024
s036,s036,3,31,0.9998519010497434,0.3114250898361206,-0.3114250898361206,1,2.63357548114024
s036,s036,4,2,0.9999401484449861,0.07279642671346664,-0.07279642671346664,1,2.63357548114024
s036,s036,8,10,0.9974023905038116,1.0664498805999756,-1.0664498805999756,1,2.63357548114024
s036,s036,2,50,0.9998280855627578,0.3507022559642792,-0.3507022559642792,1,2.63357548114024
s036,s036,8,23,0.9999314224460217,0.1086411252617836,-0.1086411252617836,1,2.63357548114024
s036,s036,2,38,0.9995394861868697,0.6102765798568726,-0.6102765798568726,1,2.63357548114024
s036,s036,7,31,0.9997650880861101,0.4329426884651184,-0.4329426884651184,1,2.63357548114024
s036,s036,5,15,0.9998520464444226,0.311166375875473,-0.311166375875473,1,2.63357548114024
s036,s036,3,22,0.9998391811614677,0.33312854170799255,-0.33312854170799255,1,2.63357548114024
s036,s036,8,50,0.9994366462912722,0.6633872985839844,-0.6633872985839844,1,2.63357548114024
s036,s036,1,21,0.10771289187549078,3.190397262573242,-3.190397262573242,1,2.63357548114024
s036,s036,4,39,0.997606240692994,1.044872760772705,-1.044872760772705,1,2.63357548114024
s036,s036,2,22,0.9998235496103757,0.35756203532218933,-0.35756203532218933,1,2.63357548114024
s036,s036,3,7,0.9998690623344009,0.2789856493473053,-0.2789856493473053,1,2.63357548114024
s036,s036,6,21,0.9997549990008734,0.44401997327804565,-0.44401997327804565,1,2.63357548114024
s036,s036,7,49,0.9999064361775931,0.1904672384262085,-0.1904672384262085,1,2.63357548114024
s036,s036,3,3,0.9998643496143829,0.2882990837097168,-0.2882990837097168,1,2.63357548114024
s036,s020,6,2,5.734278404411506e-71,45.22825622558594,-45.22825622558594,0,2.63357548114024
s036,s042,6,15,6.535377751334224e-93,58.53468704223633,-58.53468704223633,0,2.63357548114024
s036,s035,8,16,6.513394362488649e-34,22.757787704467773,-22.757787704467773,0,2.63357548114024
s036,s056,3,7,5.283821925775211e-53,34.33454513549805,-34.33454513549805,0,2.63357548114024
s036,s055,7,9,2.875844378721549e-49,32.06913375854492,-32.06913375854492,0,2.63357548114024
s036,s032,7,10,6.991664491613415e-88,55.48489761352539,-55.48489761352539,0,2.63357548114024
s036,s015,7,9,9.70846604383485e-34,22.652671813964844,-22.652671813964844,0,2.63357548114024
s036,s049,7,44,1.070741426445203e-45,29.903717041015625,-29.903717041015625,0,2.63357548114024
s036,s013,2,4,5.197933557280041e-31,20.99799156188965,-20.99799156188965,0,2.63357548114024
s036,s056,5,2,8.975060967649476e-30,20.247745513916016,-20.247745513916016,0,2.63357548114024
s036,s048,2,42,1.0841283988086791e-39,26.262025833129883,-26.262025833129883,0,2.63357548114024
s036,s008,6,21,9.740863404588384e-75,47.51432418823242,-47.51432418823242,0,2.63357548114024
s036,s050,4,11,3.375703766129886e-43,28.38850975036621,-28.38850975036621,0,2.63357548114024
s036,s015,6,27,7.502789150634599e-26,17.869319915771484,-17.869319915771484,0,2.63357548114024
s036,s039,6,3,1.7639556293421756e-33,22.49540901184082,-22.49540901184082,0,2.63357548114024
s036,s020,1,21,6.973596895565174e-101,63.36882019042969,-63.36882019042969,0,2.63357548114024
s036,s003,2,38,3.126868461739607e-101,63.58005905151367,-63.58005905151367,0,2.63357548114024
s036,s027,6,27,9.647076923589219e-53,34.176002502441406,-34.176002502441406,0,2.63357548114024
s036,s024,1,50,0.013700018331356865,3.759840726852417,-3.759840726852417,0,2.63357548114024
s036,s008,7,31,3.0296655607549763e-64,41.151458740234375,-41.151458740234375,0,2.63357548114024
s036,s042,2,1,9.858151893471373e-38,25.074254989624023,-25.074254989624023,0,2.63357548114024
s036,s051,1,50,4.9204522825616684e-30,20.406036376953125,-20.406036376953125,0,2.63357548114024
s036,s031,7,31,4.989132689987262e-51,33.1368522644043,-33.1368522644043,0,2.63357548114024
s036,s011,2,4,1.7443362323815772e-108,67.97859191894531,-67.97859191894531,0,2.63357548114024
s036,s050,2,39,3.2118340353747186e-62,39.923274993896484,-39.923274993896484,0,2.63357548114024
s036,s041,7,29,1.095153123928428e-182,112.97501373291016,-112.97501373291016,0,2.63357548114024
s036,s004,8,34,3.4231228152144575e-73,46.57693099975586,-46.57693099975586,0,2.63357548114024
s036,s046,8,41,8.909145180009367e-69,43.899410247802734,-43.899410247802734,0,2.63357548114024
s036,s054,4,2,3.911284953174964e-20,14.402454376220703,-14.402454376220703,0,2.63357548114024
s036,s033,7,49,3.080968212742727e-202,124.83067321777344,-124.83067321777344,0,2.63357548114024
s036,s028,7,7,7.24770626792617e-07,6.35676908493042,-6.35676908493042,0,2.63357548114024
s036,s026,7,49,7.439034969140349e-29,19.690776824951172,-19.690776824951172,0,2.63357548114024
s036,s039,5,15,6.391476000175903e-34,22.76276397705078,-22.76276397705078,0,2.63357548114024
s036,s012,2,39,1.6374384459680772e-190,117.72030639648438,-117.72030639648438,0,2.63357548114024
s036,s049,6,2,1.6381509343487098e-87,55.26066589355469,-55.26066589355469,0,2.63357548114024
s036,s002,8,50,7.7154171417964e-163,100.93919372558594,-100.93919372558594,0,2.63357548114024
s036,s053,4,40,6.437916676958682e-48,31.25050163269043,-31.25050163269043,0,2.63357548114024
s036,s003,8,41,1.420163918642962e-236,145.65234375,-145.65234375,0,2.63357548114024
s036,s032,1,49,1.3049368822333313e-17,12.872335433959961,-12.872335433959961,0,2.63357548114024
s036,s015,3,7,1.1604111748393493e-15,11.690442085266113,-11.690442085266113,0,2.63357548114024
s036,s043,6,8,2.7427460957876462e-06,6.006276607513428,-6.006276607513428,0,2.63357548114024
s036,s046,4,25,4.591947818181536e-45,29.520280838012695,-29.520280838012695,0,2.63357548114024
s036,s047,6,24,5.0710953767723175e-52,33.73896408081055,-33.73896408081055,0,2.63357548114024
s036,s054,7,16,5.490762165716172e-48,31.29241180419922,-31.29241180419922,0,2.63357548114024
s036,s008,4,42,8.972535571298545e-49,31.769479751586914,-31.769479751586914,0,2.63357548114024
s036,s027,5,44,2.7087141267820857e-58,37.54253005981445,-37.54253005981445,0,2.63357548114024
s036,s043,3,35,2.3537793279621093e-11,9.078570365905762,-9.078570365905762,0,2.63357548114024
s036,s008,3,22,1.5248510153191496e-67,43.1514778137207,-43.1514778137207,0,2.63357548114024
s036,s008,3,31,5.537226387489594e-53,34.322208404541016,-34.322208404541016,0,2.63357548114024
s036,s021,4,2,2.4944355471581083e-17,12.701704025268555,-12.701704025268555,0,2.63357548114024
s036,s027,2,5,3.821000835544388e-87,55.03761672973633,-55.03761672973633,0,2.63357548114024
s036,s037,2,1,1.1023419143316403e-45,29.89605712890625,-29.89605712890625,0,2.63357548114024
s036,s050,8,48,8.572838903211134e-49,31.78148078918457,-31.78148078918457,0,2.63357548114024
s036,s013,7,10,7.125778431154502e-32,21.521316528320312,-21.521316528320312,0,2.63357548114024
s036,s011,5,18,4.823950391348664e-121,75.59394073486328,-75.59394073486328,0,2.63357548114024
s036,s032,7,44,2.300863143794791e-124,77.60811614990234,-77.60811614990234,0,2.63357548114024
s036,s029,7,46,1.3096107172474674e-41,27.42506980895996,-27.42506980895996,0,2.63357548114024
s036,s051,6,3,1.345449021477605e-13,10.438671112060547,-10.438671112060547,0,2.63357548114024
s036,s040,4,11,3.5951123282702613e-127,79.3097915649414,-79.3097915649414,0,2.63357548114024
s036,s007,6,8,2.882117813773485e-81,51.47346115112305,-51.47346115112305,0,2.63357548114024
s036,s007,7,4,1.2268631248140485e-52,34.112693786621094,-34.112693786621094,0,2.63357548114024
s036,s013,6,21,4.754613916294355e-29,19.80866241455078,-19.80866241455078,0,2.63357548114024
s036,s037,5,6,8.00516505561629e-47,30.58671760559082,-30.58671760559082,0,2.63357548114024
s036,s002,4,25,5.150884074004537e-36,24.03240203857422,-24.03240203857422,0,2.63357548114024
s036,s021,4,17,5.310040574453944e-28,19.17316246032715,-19.17316246032715,0,2.63357548114024
s036,s057,4,38,3.731298067678252e-68,43.522212982177734,-43.522212982177734,0,2.63357548114024
s036,s029,4,25,7.725701346546077e-41,26.957656860351562,-26.957656860351562,0,2.63357548114024
s036,s053,8,34,1.9348577368708528e-79,50.3656005859375,-50.3656005859375,0,2.63357548114024
s036,s015,8,34,2.0214496212127182e-27,18.82110595703125,-18.82110595703125,0,2.63357548114024
s036,s004,1,14,2.487293789169346e-67,43.02261734008789,-43.02261734008789,0,2.63357548114024
s036,s026,7,44,1.5503006414532456e-42,27.98703956604004,-27.98703956604004,0,2.63357548114024
s036,s053,2,1,3.341507889626403e-72,45.97688293457031,-45.97688293457031,0,2.63357548114024
s036,s005,3,3,6.49206648763067e-94,59.14284133911133,-59.14284133911133,0,2.63357548114024
s036,s057,1,22,9.87002974823402e-66,42.053226470947266,-42.053226470947266,0,2.63357548114024
s036,s018,3,31,1.0787918384616629e-63,40.81700134277344,-40.81700134277344,0,2.63357548114024
s036,s034,2,3,9.930427186412848e-42,27.497943878173828,-27.497943878173828,0,2.63357548114024
s036,s021,7,4,5.185377493415927e-15,11.296177864074707,-11.296177864074707,0,2.63357548114024
s036,s010,3,3,2.4780090604708585e-06,6.033008575439453,-6.033008575439453,0,2.63357548114024
s036,s044,3,6,1.649794444407664e-11,9.172160148620605,-9.172160148620605,0,2.63357548114024
s036,s031,7,16,7.551837038075918e-70,44.54934310913086,-44.54934310913086,0,2.63357548114024
s037,s037,5,13,0.994407230017149,0.2664785087108612,-0.2664785087108612,1,0.5529370805350217
s037,s037,6,46,0.995459266940702,0.2548975944519043,-0.2548975944519043,1,0.5529370805350217
s037,s037,8,15,0.0022678454829686053,0.8894907832145691,-0.8894907832145691,1,0.5529370805350217
s037,s037,6,2,0.891866673288276,0.4362700283527374,-0.4362700283527374,1,0.5529370805350217
s037,s037,8,41,0.9815984934460475,0.3330478370189667,-0.3330478370189667,1,0.5529370805350217
s037,s037,8,16,5.213105789427475e-05,1.0982269048690796,-1.0982269048690796,1,0.5529370805350217
s037,s037,7,4,0.9950452189307324,0.2597457766532898,-0.2597457766532898,1,0.5529370805350217
s037,s037,6,20,0.43221914977192616,0.5680213570594788,-0.5680213570594788,1,0.5529370805350217
s037,s037,5,2,0.982475643839482,0.3302978575229645,-0.3302978575229645,1,0.5529370805350217
s037,s037,4,12,0.9664660476930057,0.3670900762081146,-0.3670900762081146,1,0.5529370805350217
s037,s037,1,44,0.0020830218425607746,0.8942015767097473,-0.8942015767097473,1,0.5529370805350217
s037,s037,5,18,0.9974729406975689,0.22238196432590485,-0.22238196432590485,1,0.5529370805350217
s037,s037,4,41,0.29362370647526675,0.6014766097068787,-0.6014766097068787,1,0.5529370805350217
s037,s037,7,10,0.5240230135806547,0.5476197004318237,-0.5476197004318237,1,0.5529370805350217
s037,s037,6,10,0.9047311437967929,0.4284745454788208,-0.4284745454788208,1,0.5529370805350217
s037,s037,3,6,2.9902663979923245e-16,2.529465913772583,-2.529465913772583,1,0.5529370805350217
s037,s037,2,4,3.517414727968969e-07,1.3746219873428345,-1.3746219873428345,1,0.5529370805350217
s037,s037,1,2,7.036915036165756e-29,4.137285232543945,-4.137285232543945,1,0.5529370805350217
s037,s037,1,50,0.32189017936074404,0.5941363573074341,-0.5941363573074341,1,0.5529370805350217
s037,s037,2,31,0.9921604860972099,0.2852763831615448,-0.2852763831615448,1,0.5529370805350217
s037,s037,5,6,0.9911988374915799,0.29172787070274353,-0.29172787070274353,1,0.5529370805350217
s037,s037,1,35,0.9880576610863789,0.30877935886383057,-0.30877935886383057,1,0.5529370805350217
s037,s037,6,14,0.2356502186069924,0.6179999113082886,-0.6179999113082886,1,0.5529370805350217
s037,s037,2,42,0.9706368930948978,0.35950788855552673,-0.35950788855552673,1,0.5529370805350217
s037,s037,7,40,4.838836119073058e-22,3.266763210296631,-3.266763210296631,1,0.5529370805350217
s037,s037,2,3,2.2986859538553678e-15,2.4166910648345947,-2.4166910648345947,1,0.5529370805350217
s037,s037,7,46,0.93432184081649,0.40612927079200745,-0.40612927079200745,1,0.5529370805350217
s037,s037,6,15,0.3839392864168498,0.5790833234786987,-0.5790833234786987,1,0.5529370805350217
s037,s037,5,42,0.858835041136668,0.4530961215496063,-0.4530961215496063,1,0.5529370805350217
s037,s037,1,14,0.9088919937187937,0.42575156688690186,-0.42575156688690186,1,0.5529370805350217
s037,s037,7,16,0.820111739694266,0.46905073523521423,-0.46905073523521423,1,0.5529370805350217
s037,s037,2,39,0.42781688449926003,0.5690144896507263,-0.5690144896507263,1,0.5529370805350217
s037,s037,6,24,0.2671224967578095,0.60874342918396,-0.60874342918396,1,0.5529370805350217
s037,s037,4,17,0.023835591713057082,0.7582122683525085,-0.7582122683525085,1,0.5529370805350217
s037,s037,7,29,0.05849672103737984,0.7065710425376892,-0.7065710425376892,1,0.5529370805350217
s037,s037,8,44,0.0016314629513914025,0.9077371954917908,-0.9077371954917908,1,0.5529370805350217
s037,s037,3,35,0.9952455847151268,0.2574521601200104,-0.2574521601200104,1,0.5529370805350217
s037,s037,7,7,0.4596938563563457,0.5618711709976196,-0.5618711709976196,1,0.5529370805350217
s037,s037,8,34,0.45483408553092686,0.5629539489746094,-0.5629539489746094,1,0.5529370805350217
s037,s037,7,20,0.9976570913510349,0.2181880623102188,-0.2181880623102188,1,0.5529370805350217
s037,s037,5,44,0.9893987888828238,0.3021176755428314,-0.3021176755428314,1,0.5529370805350217
s037,s037,2,5,0.9616221660198352,0.3748282194137573,-0.3748282194137573,1,0.5529370805350217
s037,s037,2,1,1.8775113831073981e-62,8.411849975585938,-8.411849975585938,1,0.5529370805350217
s037,s037,4,25,0.9958101824230787,0.25043076276779175,-0.25043076276779175,1,0.5529370805350217
s037,s037,4,40,0.9624199224359388,0.373620867729187,-0.373620867729187,1,0.5529370805350217
s037,s037,8,48,0.2706737972726338,0.607744574546814,-0.607744574546814,1,0.5529370805350217
s037,s037,4,38,0.8305257548757676,0.46505558490753174,-0.46505558490753174,1,0.5529370805350217
s037,s037,4,20,0.9365612310974496,0.4040786921977997,-0.4040786921977997,1,0.5529370805350217
s037,s037,2,9,0.4401098915516753,0.5662471652030945,-0.5662471652030945,1,0.5529370805350217
s037,s037,1,49,0.7744783689371215,0.48471716046333313,-0.48471716046333313,1,0.5529370805350217
s037,s037,7,45,0.04644679503014088,0.7200284600257874,-0.7200284600257874,1,0.5529370805350217
s037,s037,5,36,0.9953827228224601,0.2558261752128601,-0.2558261752128601,1,0.5529370805350217
s037,s037,6,3,0.09030327103685785,0.6806620955467224,-0.6806620955467224,1,0.5529370805350217
s037,s037,1,22,0.9997979993996617,0.08255141228437424,-0.08255141228437424,1,0.5529370805350217
s037,s037,7,14,0.0012282209972197618,0.9234579801559448,-0.9234579801559448,1,0.5529370805350217
s037,s037,4,11,0.9972037547331779,0.22799378633499146,-0.22799378633499146,1,0.5529370805350217
s037,s037,6,27,0.7379613904151441,0.49568599462509155,-0.49568599462509155,1,0.5529370805350217
s037,s037,4,42,0.967093476232776,0.36600983142852783,-0.36600983142852783,1,0.5529370805350217
s037,s037,6,44,0.9992000972625893,0.1586807668209076,-0.1586807668209076,1,0.5529370805350217
s037,s037,7,44,1.0424951012362214e-21,3.2243237495422363,-3.2243237495422363,1,0.5529370805350217
s037,s037,6,8,0.8018958522488755,0.4756262004375458,-0.4756262004375458,1,0.5529370805350217
s037,s037,7,9,0.9589741133596259,0.3786700665950775,-0.3786700665950775,1,0.5529370805350217
s037,s037,3,50,0.9972518322556384,0.2270321547985077,-0.2270321547985077,1,0.5529370805350217
s037,s037,3,31,0.9998973507860921,0.045114666223526,-0.045114666223526,1,0.5529370805350217
s037,s037,4,2,0.0792786190225155,0.6885277032852173,-0.6885277032852173,1,0.5529370805350217
s037,s037,8,10,0.04588667264475953,0.720731794834137,-0.720731794834137,1,0.5529370805350217
s037,s037,2,50,0.0019715677261916377,0.897248387336731,-0.897248387336731,1,0.5529370805350217
s037,s037,8,23,0.11205701477655976,0.6673895120620728,-0.6673895120620728,1,0.5529370805350217
s037,s037,2,38,0.935808396070382,0.404775470495224,-0.404775470495224,1,0.5529370805350217
s037,s037,7,31,0.8660074930804533,0.44975295662879944,-0.44975295662879944,1,0.5529370805350217
s037,s037,5,15,0.8990666012413915,0.43201547861099243,-0.43201547861099243,1,0.5529370805350217
s037,s037,3,22,0.99947244626333,0.13565027713775635,-0.13565027713775635,1,0.5529370805350217
s037,s037,8,50,0.10093013834960875,0.6738606691360474,-0.6738606691360474,1,0.5529370805350217
s037,s037,1,21,0.9992752536963964,0.15322086215019226,-0.15322086215019226,1,0.5529370805350217
s037,s037,4,39,0.8423890092843627,0.4602586328983307,-0.4602586328983307,1,0.5529370805350217
s037,s037,2,22,0.8321177464519048,0.4644278287887573,-0.4644278287887573,1,0.5529370805350217
s037,s037,3,7,5.146065388597815e-07,1.3535823822021484,-1.3535823822021484,1,0.5529370805350217
s037,s037,6,21,0.4853373780897502,0.556181013584137,-0.556181013584137,1,0.5529370805350217
s037,s037,7,49,0.9992701408169239,0.15360985696315765,-0.15360985696315765,1,0.5529370805350217
s037,s037,3,3,0.004883949872125879,0.8469284772872925,-0.8469284772872925,1,0.5529370805350217
s037,s020,6,2,3.4810119636774202e-09,1.6298341751098633,-1.6298341751098633,0,0.5529370805350217
s037,s042,6,15,9.446294036661226e-06,1.1926785707473755,-1.1926785707473755,0,0.5529370805350217
s037,s035,8,16,0.25871683806070145,0.6111419200897217,-0.6111419200897217,0,0.5529370805350217
s037,s056,3,7,0.3086023944362513,0.5975403785705566,-0.5975403785705566,0,0.5529370805350217
s037,s055,7,9,2.215129895728346e-09,1.65482759475708,-1.65482759475708,0,0.5529370805350217
s037,s032,7,10,0.00027552834608032454,1.0061544179916382,-1.0061544179916382,0,0.5529370805350217
s037,s015,7,9,7.039968301941022e-06,1.208936095237732,-1.208936095237732,0,0.5529370805350217
s037,s049,7,44,2.631338015847094e-12,2.0272624492645264,-2.0272624492645264,0,0.5529370805350217
s037,s013,2,4,0.7802552447267641,0.482871413230896,-0.482871413230896,0,0.5529370805350217
s037,s056,5,2,0.8247889700406573,0.4672795832157135,-0.4672795832157135,0,0.5529370805350217
s037,s048,2,42,0.937356770225573,0.40333396196365356,-0.40333396196365356,0,0.5529370805350217
s037,s008,6,21,3.753862964014133e-08,1.4983431100845337,-1.4983431100845337,0,0.5529370805350217
s037,s050,4,11,0.8026829941641905,0.47535181045532227,-0.47535181045532227,0,0.5529370805350217
s037,s015,6,27,1.8171449519920947e-14,2.302370548248291,-2.302370548248291,0,0.5529370805350217
s037,s039,6,3,0.0195776066532571,0.7693343758583069,-0.7693343758583069,0,0.5529370805350217
s037,s020,1,21,0.00982015903693576,0.8080317974090576,-0.8080317974090576,0,0.5529370805350217
s037,s003,2,38,3.655660919411533e-21,3.1549489498138428,-3.1549489498138428,0,0.5529370805350217
s037,s027,6,27,0.9973432291604114,0.22515688836574554,-0.22515688836574554,0,0.5529370805350217
s037,s024,1,50,1.1296618797642132e-36,5.129660606384277,-5.129660606384277,0,0.5529370805350217
s037,s008,7,31,0.007843373117350574,0.8205703496932983,-0.8205703496932983,0,0.5529370805350217
s037,s042,2,1,3.607090421996616e-85,11.304070472717285,-11.304070472717285,0,0.5529370805350217
s037,s051,1,50,0.22429213864090228,0.6215469837188721,-0.6215469837188721,0,0.5529370805350217
s037,s031,7,31,0.0005548523121241915,0.9674327373504639,-0.9674327373504639,0,0.5529370805350217
s037,s011,2,4,2.753519654065958e-06,1.2608418464660645,-1.2608418464660645,0,0.5529370805350217
s037,s050,2,39,0.028116105412818893,0.7488368153572083,-0.7488368153572083,0,0.5529370805350217
s037,s041,7,29,5.80260466979501e-22,3.2567200660705566,-3.2567200660705566,0,0.5529370805350217
s037,s004,8,34,0.0900723249621385,0.680817723274231,-0.680817723274231,0,0.5529370805350217
s037,s046,8,41,0.9641906140905658,0.370850533246994,-0.370850533246994,0,0.5529370805350217
s037,s054,4,2,4.5035778980661454e-13,2.1248672008514404,-2.1248672008514404,0,0.5529370805350217
s037,s033,7,49,8.223838777693849e-36,5.019896030426025,-5.019896030426025,0,0.5529370805350217
s037,s028,7,7,7.583390460841747e-09,1.5867804288864136,-1.5867804288864136,0,0.5529370805350217
s037,s026,7,49,0.03803104070872805,0.7315678000450134,-0.7315678000450134,0,0.5529370805350217
s037,s039,5,15,0.6874664318071606,0.50934898853302,-0.50934898853302,0,0.5529370805350217
s037,s012,2,39,2.942027068612722e-22,3.294275999069214,-3.294275999069214,0,0.5529370805350217
s037,s049,6,2,1.3596808734543808e-108,14.28634262084961,-14.28634262084961,0,0.5529370805350217
s037,s002,8,50,2.1951432637747925e-20,3.0558319091796875,-3.0558319091796875,0,0.5529370805350217
s037,s053,4,40,6.311238377547149e-07,1.3422969579696655,-1.3422969579696655,0,0.5529370805350217
s037,s003,8,41,3.838830454814373e-48,6.589844226837158,-6.589844226837158,0,0.5529370805350217
s037,s032,1,49,0.0013786257087855143,0.9170621037483215,-0.9170621037483215,0,0.5529370805350217
s037,s015,3,7,2.975240659113126e-07,1.383878231048584,-1.383878231048584,0,0.5529370805350217
s037,s043,6,8,6.178630356694392e-39,5.417662143707275,-5.417662143707275,0,0.5529370805350217
s037,s046,4,25,0.0003689037309359887,0.9900120496749878,-0.9900120496749878,0,0.5529370805350217
s037,s047,6,24,4.467749087270555e-09,1.616034984588623,-1.616034984588623,0,0.5529370805350217
s037,s054,7,16,0.6444010269306903,0.5200639963150024,-0.5200639963150024,0,0.5529370805350217
s037,s008,4,42,0.005025266950985566,0.8453434109687805,-0.8453434109687805,0,0.5529370805350217
s037,s027,5,44,0.9904141502070711,0.2964939773082733,-0.2964939773082733,0,0.5529370805350217
s037,s043,3,35,1.1026972688346035e-25,3.7304933071136475,-3.7304933071136475,0,0.5529370805350217
s037,s008,3,22,0.008086582234493463,0.8188682794570923,-0.8188682794570923,0,0.5529370805350217
s037,s008,3,31,0.002377075450447294,0.8868836760520935,-0.8868836760520935,0,0.5529370805350217
s037,s021,4,2,0.007109735477320502,0.8260412812232971,-0.8260412812232971,0,0.5529370805350217
s037,s027,2,5,0.006827189157174126,0.8282992839813232,-0.8282992839813232,0,0.5529370805350217
s037,s036,2,1,0.0,47.70566940307617,-47.70566940307617,0,0.5529370805350217
s037,s050,8,48,0.9869764578954997,0.31363213062286377,-0.31363213062286377,0,0.5529370805350217
s037,s013,7,10,1.08854862114992e-07,1.4394749402999878,-1.4394749402999878,0,0.5529370805350217
s037,s011,5,18,7.912715249738218e-09,1.5844298601150513,-1.5844298601150513,0,0.5529370805350217
s037,s032,7,44,4.610598346495434e-15,2.3782055377960205,-2.3782055377960205,0,0.5529370805350217
s037,s029,7,46,0.31387072575005465,0.5961814522743225,-0.5961814522743225,0,0.5529370805350217
s037,s051,6,3,3.9816963311738843e-10,1.7497220039367676,-1.7497220039367676,0,0.5529370805350217
s037,s040,4,11,3.307729596794346e-09,1.632657527923584,-1.632657527923584,0,0.5529370805350217
s037,s007,6,8,2.2229174461766948e-06,1.272678017616272,-1.272678017616272,0,0.5529370805350217
s037,s007,7,4,0.9973410196141057,0.22520297765731812,-0.22520297765731812,0,0.5529370805350217
s037,s013,6,21,0.00016506208420672205,1.0344913005828857,-1.0344913005828857,0,0.5529370805350217
s037,s036,5,6,1.3947486192911986e-235,30.45438003540039,-30.45438003540039,0,0.5529370805350217
s037,s002,4,25,0.9973778285906778,0.2244301438331604,-0.2244301438331604,0,0.5529370805350217
s037,s021,4,17,0.016413736303560297,0.7792590260505676,-0.7792590260505676,0,0.5529370805350217
s037,s057,4,38,0.0016090838017533428,0.9085021615028381,-0.9085021615028381,0,0.5529370805350217
s037,s029,4,25,0.9794945139523052,0.33915257453918457,-0.33915257453918457,0,0.5529370805350217
s037,s053,8,34,4.745063741295748e-07,1.3580682277679443,-1.3580682277679443,0,0.5529370805350217
s037,s015,8,34,1.8975573372228322e-12,2.045339345932007,-2.045339345932007,0,0.5529370805350217
s037,s004,1,14,0.17272314285097073,0.6395518779754639,-0.6395518779754639,0,0.5529370805350217
s037,s026,7,44,0.34273045234529204,0.5889415740966797,-0.5889415740966797,0,0.5529370805350217
s037,s053,2,1,7.288049466656293e-05,1.0796990394592285,-1.0796990394592285,0,0.5529370805350217
s037,s005,3,3,4.526877334546465e-29,4.161677360534668,-4.161677360534668,0,0.5529370805350217
s037,s057,1,22,1.4883368673515313e-15,2.4407260417938232,-2.4407260417938232,0,0.5529370805350217
s037,s018,3,31,0.9842630563357319,0.3242488205432892,-0.3242488205432892,0,0.5529370805350217
s037,s034,2,3,0.8934732200529719,0.43534284830093384,-0.43534284830093384,0,0.5529370805350217
s037,s021,7,4,0.0013620877627723742,0.9177303314208984,-0.9177303314208984,0,0.5529370805350217
s037,s010,3,3,2.476563877602322e-12,2.0306143760681152,-2.0306143760681152,0,0.5529370805350217
s037,s044,3,6,1.2470305225054063e-26,3.851010322570801,-3.851010322570801,0,0.5529370805350217
s037,s031,7,16,0.9821417906813309,0.3313601315021515,-0.3313601315021515,0,0.5529370805350217
s038,s038,5,13,0.9985593459264612,0.21116985380649567,-0.21116985380649567,1,0.6105321282328982
s038,s038,6,46,0.05500477439537558,0.7841528058052063,-0.7841528058052063,1,0.6105321282328982
s038,s038,8,15,0.9997782491694174,0.09684661030769348,-0.09684661030769348,1,0.6105321282328982
s038,s038,6,2,0.9535856395257538,0.4259914457798004,-0.4259914457798004,1,0.6105321282328982
s038,s038,8,41,0.9864724257797669,0.34865015745162964,-0.34865015745162964,1,0.6105321282328982
s038,s038,8,16,0.9963695007915395,0.26773372292518616,-0.26773372292518616,1,0.6105321282328982
s038,s038,7,4,0.998053220796637,0.22958265244960785,-0.22958265244960785,1,0.6105321282328982
s038,s038,6,20,4.219069878272339e-05,1.2255375385284424,-1.2255375385284424,1,0.6105321282328982
s038,s038,5,2,0.9988408797510575,0.19787748157978058,-0.19787748157978058,1,0.6105321282328982
s038,s038,4,12,0.4627764156386348,0.6196394562721252,-0.6196394562721252,1,0.6105321282328982
s038,s038,1,44,0.19810558450228274,0.6958953142166138,-0.6958953142166138,1,0.6105321282328982
s038,s038,5,18,0.999379491751445,0.15969377756118774,-0.15969377756118774,1,0.6105321282328982
s038,s038,4,41,0.05795593633418693,0.780771017074585,-0.780771017074585,1,0.6105321282328982
s038,s038,7,10,0.8261294898474251,0.515384316444397,-0.515384316444397,1,0.6105321282328982
s038,s038,6,10,0.7837648326316522,0.531911313533783,-0.531911313533783,1,0.6105321282328982
s038,s038,3,6,4.156209323824033e-09,1.788777470588684,-1.788777470588684,1,0.6105321282328982
s038,s038,2,4,3.584287238637524e-06,1.3760751485824585,-1.3760751485824585,1,0.6105321282328982
s038,s038,1,2,2.6057017206174902e-23,3.7854063510894775,-3.7854063510894775,1,0.6105321282328982
s038,s038,1,50,0.9971737546552575,0.2523954510688782,-0.2523954510688782,1,0.6105321282328982
s038,s038,2,31,0.038466967477456766,0.8070458769798279,-0.8070458769798279,1,0.6105321282328982
s038,s038,5,6,0.9987788777357873,0.20106269419193268,-0.20106269419193268,1,0.6105321282328982
s038,s038,1,35,0.5242237002613198,0.6046117544174194,-0.6046117544174194,1,0.6105321282328982
s038,s038,6,14,0.9874125487764887,0.34419435262680054,-0.34419435262680054,1,0.6105321282328982
s038,s038,2,42,0.9940764569577444,0.2977638840675354,-0.2977638840675354,1,0.6105321282328982
s038,s038,7,40,0.99956182857949,0.13844047486782074,-0.13844047486782074,1,0.6105321282328982
s038,s038,2,3,0.11126755320338665,0.7373920679092407,-0.7373920679092407,1,0.6105321282328982
s038,s038,7,46,0.9991714810751794,0.177357017993927,-0.177357017993927,1,0.6105321282328982
s038,s038,6,15,0.9968197265405513,0.2596225142478943,-0.2596225142478943,1,0.6105321282328982
s038,s038,5,42,0.8278256040490676,0.5146605968475342,-0.5146605968475342,1,0.6105321282328982
s038,s038,1,14,0.9864512194239575,0.3487471044063568,-0.3487471044063568,1,0.6105321282328982
s038,s038,7,16,0.98325039979076,0.36189356446266174,-0.36189356446266174,1,0.6105321282328982
s038,s038,2,39,0.9995967779522522,0.13336342573165894,-0.13336342573165894,1,0.6105321282328982
s038,s038,6,24,0.9950437720085012,0.28681933879852295,-0.28681933879852295,1,0.6105321282328982
s038,s038,4,17,0.8383868471768581,0.5100218057632446,-0.5100218057632446,1,0.6105321282328982
s038,s038,7,29,0.9911478442903451,0.32247069478034973,-0.32247069478034973,1,0.6105321282328982
s038,s038,8,44,0.8592948500763763,0.5000596642494202,-0.5000596642494202,1,0.6105321282328982
s038,s038,3,35,0.9690714916080948,0.40022456645965576,-0.40022456645965576,1,0.6105321282328982
s038,s038,7,7,1.487004432936445e-10,1.9921106100082397,-1.9921106100082397,1,0.6105321282328982
s038,s038,8,34,0.024740847887163315,0.8348567485809326,-0.8348567485809326,1,0.6105321282328982
s038,s038,7,20,0.9996155726974122,0.13044804334640503,-0.13044804334640503,1,0.6105321282328982
s038,s038,5,44,0.994479084208161,0.2934415638446808,-0.2934415638446808,1,0.6105321282328982
s038,s038,2,5,0.9998440932177302,0.07533378154039383,-0.07533378154039383,1,0.6105321282328982
s038,s038,2,1,6.594023886786204e-32,4.993942737579346,-4.993942737579346,1,0.6105321282328982
s038,s038,4,25,0.9901195271710238,0.3292437791824341,-0.3292437791824341,1,0.6105321282328982
s038,s038,4,40,0.5539538458583063,0.5973044037818909,-0.5973044037818909,1,0.6105321282328982
s038,s038,8,48,0.9954897326743839,0.2810353636741638,-0.2810353636741638,1,0.6105321282328982
s038,s038,4,38,0.14027212690988136,0.7212235331535339,-0.7212235331535339,1,0.6105321282328982
s038,s038,4,20,0.002175541191468939,0.9846845269203186,-0.9846845269203186,1,0.6105321282328982
s038,s038,2,9,0.05341089794453953,0.7860509753227234,-0.7860509753227234,1,0.6105321282328982
s038,s038,1,49,0.999595471893959,0.1335609406232834,-0.1335609406232834,1,0.6105321282328982
s038,s038,7,45,0.9993289642989172,0.16447632014751434,-0.16447632014751434,1,0.6105321282328982
s038,s038,5,36,0.9808116341032563,0.3703441321849823,-0.3703441321849823,1,0.6105321282328982
s038,s038,6,3,0.7850498033587656,0.5314474105834961,-0.5314474105834961,1,0.6105321282328982
s038,s038,1,22,0.9894369199852209,0.3333645164966583,-0.3333645164966583,1,0.6105321282328982
s038,s038,7,14,0.7978932998113929,0.5266951322555542,-0.5266951322555542,1,0.6105321282328982
s038,s038,4,11,0.594557952946353,0.5871585011482239,-0.5871585011482239,1,0.6105321282328982
s038,s038,6,27,0.9856049074861574,0.35249876976013184,-0.35249876976013184,1,0.6105321282328982
s038,s038,4,42,0.9311064236122748,0.4515611231327057,-0.4515611231327057,1,0.6105321282328982
s038,s038,6,44,0.6153289931993385,0.5818512439727783,-0.5818512439727783,1,0.6105321282328982
s038,s038,7,44,0.9987913060013528,0.20043736696243286,-0.20043736696243286,1,0.6105321282328982
s038,s038,6,8,1.5912511808362719e-06,1.4256528615951538,-1.4256528615951538,1,0.6105321282328982
s038,s038,7,9,0.5468145032167478,0.5990658402442932,-0.5990658402442932,1,0.6105321282328982
s038,s038,3,50,0.9927547781858875,0.3101416826248169,-0.3101416826248169,1,0.6105321282328982
s038,s038,3,31,0.9873660755750889,0.34442222118377686,-0.34442222118377686,1,0.6105321282328982
s038,s038,4,2,4.0787055169098943e-16,2.7739882469177246,-2.7739882469177246,1,0.6105321282328982
s038,s038,8,10,0.9977969536489053,0.2371484637260437,-0.2371484637260437,1,0.6105321282328982
s038,s038,2,50,0.6344636802666482,0.5768665075302124,-0.5768665075302124,1,0.6105321282328982
s038,s038,8,23,0.8888586866332889,0.48359420895576477,-0.48359420895576477,1,0.6105321282328982
s038,s038,2,38,0.41596585881526477,0.6312509179115295,-0.6312509179115295,1,0.6105321282328982
s038,s038,7,31,0.9989366427108158,0.19260700047016144,-0.19260700047016144,1,0.6105321282328982
s038,s038,5,15,0.9676562136714999,0.40304553508758545,-0.40304553508758545,1,0.6105321282328982
s038,s038,3,22,0.9932420678970605,0.30586087703704834,-0.30586087703704834,1,0.6105321282328982
s038,s038,8,50,0.9024324012905822,0.47471630573272705,-0.47471630573272705,1,0.6105321282328982
s038,s038,1,21,4.3157621401265016e-09,1.7864775657653809,-1.7864775657653809,1,0.6105321282328982
s038,s038,4,39,0.9576188636665961,0.4201836884021759,-0.4201836884021759,1,0.6105321282328982
s038,s038,2,22,0.8981753984936052,0.47761234641075134,-0.47761234641075134,1,0.6105321282328982
s038,s038,3,7,4.111205137950123e-24,3.8981454372406006,-3.8981454372406006,1,0.6105321282328982
s038,s038,6,21,0.9985661652000365,0.21087975800037384,-0.21087975800037384,1,0.6105321282328982
s038,s038,7,49,0.9976884201599491,0.24009115993976593,-0.24009115993976593,1,0.6105321282328982
s038,s038,3,3,0.9998513513193092,0.07242277264595032,-0.07242277264595032,1,0.6105321282328982
s038,s020,6,2,8.736611353094225e-15,2.5869011878967285,-2.5869011878967285,0,0.6105321282328982
s038,s042,6,15,6.176496169802461e-08,1.6240111589431763,-1.6240111589431763,0,0.6105321282328982
s038,s035,8,16,0.01422642082363589,0.8692955374717712,-0.8692955374717712,0,0.6105321282328982
s038,s056,3,7,1.207395965500663e-06,1.4425069093704224,-1.4425069093704224,0,0.6105321282328982
s038,s055,7,9,9.04000214276545e-13,2.303656578063965,-2.303656578063965,0,0.6105321282328982
s038,s032,7,10,2.9329632997683246e-15,2.653541326522827,-2.653541326522827,0,0.6105321282328982
s038,s015,7,9,1.4582174198194374e-10,1.9933041334152222,-1.9933041334152222,0,0.6105321282328982
s038,s049,7,44,6.535890676929311e-08,1.6205581426620483,-1.6205581426620483,0,0.6105321282328982
s038,s013,2,4,0.00011051650920277747,1.1667412519454956,-1.1667412519454956,0,0.6105321282328982
s038,s056,5,2,0.01212843875115447,0.8791662454605103,-0.8791662454605103,0,0.6105321282328982
s038,s048,2,42,0.09213250462023445,0.7502139806747437,-0.7502139806747437,0,0.6105321282328982
s038,s008,6,21,2.5006028849238127e-19,3.2255990505218506,-3.2255990505218506,0,0.6105321282328982
s038,s050,4,11,0.9542369403354932,0.42508697509765625,-0.42508697509765625,0,0.6105321282328982
s038,s015,6,27,3.6436679948767494e-25,4.046096324920654,-4.046096324920654,0,0.6105321282328982
s038,s039,6,3,0.0368450113095117,0.8097789287567139,-0.8097789287567139,0,0.6105321282328982
s038,s020,1,21,3.906922915782139e-17,2.9171955585479736,-2.9171955585479736,0,0.6105321282328982
s038,s003,2,38,1.7184256037100668e-25,4.091982841491699,-4.091982841491699,0,0.6105321282328982
s038,s027,6,27,0.8499364359175761,0.5046595931053162,-0.5046595931053162,0,0.6105321282328982
s038,s024,1,50,3.742974256737738e-12,2.216911792755127,-2.216911792755127,0,0.6105321282328982
s038,s008,7,31,2.8840830225821078e-11,2.0922465324401855,-2.0922465324401855,0,0.6105321282328982
s038,s042,2,1,6.271591568546463e-32,4.997003555297852,-4.997003555297852,0,0.6105321282328982
s038,s051,1,50,0.9672073711799796,0.40391528606414795,-0.40391528606414795,0,0.6105321282328982
s038,s031,7,31,0.6731655695965177,0.5664188861846924,-0.5664188861846924,0,0.6105321282328982
s038,s011,2,4,1.6022637053446098e-19,3.252774715423584,-3.252774715423584,0,0.6105321282328982
s038,s050,2,39,1.3177470925316291e-05,1.2965863943099976,-1.2965863943099976,0,0.6105321282328982
s038,s041,7,29,9.529482129700428e-55,8.204806327819824,-8.204806327819824,0,0.6105321282328982
s038,s004,8,34,4.585774933596593e-09,1.7827725410461426,-1.7827725410461426,0,0.6105321282328982
s038,s046,8,41,7.384599473248868e-06,1.331943392753601,-1.331943392753601,0,0.6105321282328982
s038,s054,4,2,0.7633325393863388,0.5390365123748779,-0.5390365123748779,0,0.6105321282328982
s038,s033,7,49,4.648703801250177e-57,8.529790878295898,-8.529790878295898,0,0.6105321282328982
s038,s028,7,7,2.902524125437423e-09,1.8106969594955444,-1.8106969594955444,0,0.6105321282328982
s038,s026,7,49,0.41513622513738624,0.6314594745635986,-0.6314594745635986,0,0.6105321282328982
s038,s039,5,15,0.008325588816641813,0.9023702144622803,-0.9023702144622803,0,0.6105321282328982
s038,s012,2,39,1.4147422888045523e-44,6.774879455566406,-6.774879455566406,0,0.6105321282328982
s038,s049,6,2,2.0936629056813968e-76,11.249515533447266,-11.249515533447266,0,0.6105321282328982
s038,s002,8,50,2.6731507065628262e-42,6.454870223999023,-6.454870223999023,0,0.6105321282328982
s038,s053,4,40,1.894482866979722e-10,1.9773246049880981,-1.9773246049880981,0,0.6105321282328982
s038,s003,8,41,3.7196816939187387e-56,8.402822494506836,-8.402822494506836,0,0.6105321282328982
s038,s032,1,49,0.006065775024036794,0.9218429923057556,-0.9218429923057556,0,0.6105321282328982
s038,s015,3,7,1.098148385309475e-11,2.151198387145996,-2.151198387145996,0,0.6105321282328982
s038,s043,6,8,6.347024388852134e-18,3.0281505584716797,-3.0281505584716797,0,0.6105321282328982
s038,s046,4,25,2.396775847855521e-05,1.260063648223877,-1.260063648223877,0,0.6105321282328982
s038,s047,6,24,1.6889364726231153e-10,1.9843363761901855,-1.9843363761901855,0,0.6105321282328982
s038,s054,7,16,0.00015449360059489637,1.1462864875793457,-1.1462864875793457,0,0.6105321282328982
s038,s008,4,42,8.989127980937037e-09,1.7416802644729614,-1.7416802644729614,0,0.6105321282328982
s038,s027,5,44,0.19012174236453602,0.6990116238594055,-0.6990116238594055,0,0.6105321282328982
s038,s043,3,35,3.442478440200705e-08,1.6597003936767578,-1.6597003936767578,0,0.6105321282328982
s038,s008,3,22,1.692773904391628e-11,2.1247780323028564,-2.1247780323028564,0,0.6105321282328982
s038,s008,3,31,1.3361286745979825e-08,1.717482089996338,-1.717482089996338,0,0.6105321282328982
s038,s021,4,2,0.42885907069390944,0.6280243396759033,-0.6280243396759033,0,0.6105321282328982
s038,s027,2,5,3.4574690627423495e-12,2.2217559814453125,-2.2217559814453125,0,0.6105321282328982
s038,s036,2,1,6.420780198048999e-104,15.11734390258789,-15.11734390258789,0,0.6105321282328982
s038,s050,8,48,0.10177740374107937,0.7434834241867065,-0.7434834241867065,0,0.6105321282328982
s038,s013,7,10,3.1064803969033776e-12,2.2282915115356445,-2.2282915115356445,0,0.6105321282328982
s038,s011,5,18,6.15225622193842e-17,2.8894731998443604,-2.8894731998443604,0,0.6105321282328982
s038,s032,7,44,1.9272184126165323e-25,4.084981918334961,-4.084981918334961,0,0.6105321282328982
s038,s029,7,46,4.291419691638183e-07,1.505662441253662,-1.505662441253662,0,0.6105321282328982
s038,s051,6,3,7.109289888667743e-13,2.3183250427246094,-2.3183250427246094,0,0.6105321282328982
s038,s040,4,11,3.699546617253524e-21,3.482846260070801,-3.482846260070801,0,0.6105321282328982
s038,s007,6,8,1.164509712641681e-09,1.8664556741714478,-1.8664556741714478,0,0.6105321282328982
s038,s007,7,4,0.04430302813548629,0.7980502247810364,-0.7980502247810364,0,0.6105321282328982
s038,s013,6,21,6.723973289393235e-11,2.0405666828155518,-2.0405666828155518,0,0.6105321282328982
s038,s036,5,6,2.2727075754534326e-104,15.18075180053711,-15.18075180053711,0,0.6105321282328982
s038,s002,4,25,0.10469072900947764,0.741562008857727,-0.741562008857727,0,0.6105321282328982
s038,s021,4,17,0.008788154896903445,0.8990405201911926,-0.8990405201911926,0,0.6105321282328982
s038,s057,4,38,5.663568355675134e-08,1.62930428981781,-1.62930428981781,0,0.6105321282328982
s038,s029,4,25,0.032002278822740884,0.8186883330345154,-0.8186883330345154,0,0.6105321282328982
s038,s053,8,34,8.604684720979352e-10,1.8849290609359741,-1.8849290609359741,0,0.6105321282328982
s038,s015,8,34,1.6652057911396825e-07,1.5634596347808838,-1.5634596347808838,0,0.6105321282328982
s038,s004,1,14,0.00030608988622769995,1.1045335531234741,-1.1045335531234741,0,0.6105321282328982
s038,s026,7,44,3.0920365000807847e-07,1.5256749391555786,-1.5256749391555786,0,0.6105321282328982
s038,s053,2,1,8.053074691934204e-06,1.3266526460647583,-1.3266526460647583,0,0.6105321282328982
s038,s005,3,3,1.7634428485515798e-25,4.090404033660889,-4.090404033660889,0,0.6105321282328982
s038,s057,1,22,5.099908461668716e-09,1.7762848138809204,-1.7762848138809204,0,0.6105321282328982
s038,s018,3,31,1.279373055127671e-05,1.2983907461166382,-1.2983907461166382,0,0.6105321282328982
s038,s034,2,3,0.06754008776275731,0.7708032131195068,-0.7708032131195068,0,0.6105321282328982
s038,s021,7,4,0.00015580114998721713,1.145771861076355,-1.145771861076355,0,0.6105321282328982
s038,s010,3,3,3.241454312010661e-14,2.5068552494049072,-2.5068552494049072,0,0.6105321282328982
s038,s044,3,6,3.5027041333620236e-06,1.3774808645248413,-1.3774808645248413,0,0.6105321282328982
s038,s031,7,16,0.0033490079815441044,0.9582751393318176,-0.9582751393318176,0,0.6105321282328982
s039,s039,5,13,0.9987114110489048,0.30806905031204224,-0.30806905031204224,1,0.9204108452796924
s039,s039,6,46,0.9991928412288374,0.26496946811676025,-0.26496946811676025,1,0.9204108452796924
s039,s039,8,15,0.9935221363119826,0.4571804404258728,-0.4571804404258728,1,0.9204108452796924
s039,s039,6,2,0.015921871403122182,1.2999893426895142,-1.2999893426895142,1,0.9204108452796924
s039,s039,8,41,0.14593346963808998,1.0830343961715698,-1.0830343961715698,1,0.9204108452796924
s039,s039,8,16,0.9993905941154775,0.2390844076871872,-0.2390844076871872,1,0.9204108452796924
s039,s039,7,4,0.9997921791294809,0.14002889394760132,-0.14002889394760132,1,0.9204108452796924
s039,s039,6,20,0.9997666866301218,0.15068094432353973,-0.15068094432353973,1,0.9204108452796924
s039,s039,5,2,0.9909810062446287,0.48787641525268555,-0.48787641525268555,1,0.9204108452796924
s039,s039,4,12,0.3990883380406792,0.9580800533294678,-0.9580800533294678,1,0.9204108452796924
s039,s039,1,44,0.9997857959360107,0.14281396567821503,-0.14281396567821503,1,0.9204108452796924
s039,s039,5,18,0.9988896496658527,0.294350266456604,-0.294350266456604,1,0.9204108452796924
s039,s039,4,41,0.9995358816011944,0.21400411427021027,-0.21400411427021027,1,0.9204108452796924
s039,s039,7,10,0.5461270206568437,0.9033800959587097,-0.9033800959587097,1,0.9204108452796924
s039,s039,6,10,0.9992674904204346,0.2560305595397949,-0.2560305595397949,1,0.9204108452796924
s039,s039,3,6,0.9981130162403338,0.3432316184043884,-0.3432316184043884,1,0.9204108452796924
s039,s039,2,4,1.0099340485120574e-07,2.4030280113220215,-2.4030280113220215,1,0.9204108452796924
s039,s039,1,2,2.8291881331908324e-11,3.1559457778930664,-3.1559457778930664,1,0.9204108452796924
s039,s039,1,50,0.9997103274142414,0.17060095071792603,-0.17060095071792603,1,0.9204108452796924
s039,s039,2,31,1.0199619948618584e-14,3.885645627975464,-3.885645627975464,1,0.9204108452796924
s039,s039,5,6,0.9987793494848501,0.30307748913764954,-0.30307748913764954,1,0.9204108452796924
s039,s039,1,35,0.9773076395204972,0.5740811228752136,-0.5740811228752136,1,0.9204108452796924
s039,s039,6,14,0.9995181734986825,0.21745216846466064,-0.21745216846466064,1,0.9204108452796924
s039,s039,2,42,0.9997225136920661,0.1666439324617386,-0.1666439324617386,1,0.9204108452796924
s039,s039,7,40,0.8599414515910255,0.7533743381500244,-0.7533743381500244,1,0.9204108452796924
s039,s039,2,3,6.058896416883652e-05,1.8142528533935547,-1.8142528533935547,1,0.9204108452796924
s039,s039,7,46,0.8858657069780417,0.7318012118339539,-0.7318012118339539,1,0.9204108452796924
s039,s039,6,15,0.9996132307996884,0.19721683859825134,-0.19721683859825134,1,0.9204108452796924
s039,s039,5,42,0.9989572674396568,0.28856101632118225,-0.28856101632118225,1,0.9204108452796924
s039,s039,1,14,0.9949759469726341,0.4336532652378082,-0.4336532652378082,1,0.9204108452796924
s039,s039,7,16,0.9996153551567964,0.19670970737934113,-0.19670970737934113,1,0.9204108452796924
s039,s039,2,39,2.086673853263305e-07,2.3362350463867188,-2.3362350463867188,1,0.9204108452796924
s039,s039,6,24,0.9980794773811793,0.34485626220703125,-0.34485626220703125,1,0.9204108452796924
s039,s039,4,17,0.9997336351430192,0.16287800669670105,-0.16287800669670105,1,0.9204108452796924
s039,s039,7,29,0.9774798710144763,0.5733636617660522,-0.5733636617660522,1,0.9204108452796924
s039,s039,8,44,0.0054765271055928115,1.3991894721984863,-1.3991894721984863,1,0.9204108452796924
s039,s039,3,35,0.999056572742212,0.27934032678604126,-0.27934032678604126,1,0.9204108452796924
s039,s039,7,7,0.9995057684867112,0.21979299187660217,-0.21979299187660217,1,0.9204108452796924
s039,s039,8,34,0.9893990664038332,0.5028981566429138,-0.5028981566429138,1,0.9204108452796924
s039,s039,7,20,0.9985533619870788,0.31873226165771484,-0.31873226165771484,1,0.9204108452796924
s039,s039,5,44,0.998365505637433,0.3299869894981384,-0.3299869894981384,1,0.9204108452796924
s039,s039,2,5,0.0003870416035546154,1.6435400247573853,-1.6435400247573853,1,0.9204108452796924
s039,s039,2,1,4.188943728557223e-69,15.411904335021973,-15.411904335021973,1,0.9204108452796924
s039,s039,4,25,3.4729493771142304e-24,5.892197608947754,-5.892197608947754,1,0.9204108452796924
s039,s039,4,40,0.9905775340611864,0.49194198846817017,-0.49194198846817017,1,0.9204108452796924
s039,s039,8,48,0.9453998041650302,0.6579492092132568,-0.6579492092132568,1,0.9204108452796924
s039,s039,4,38,0.9980611206623672,0.34573352336883545,-0.34573352336883545,1,0.9204108452796924
s039,s039,4,20,0.9997913061977284,0.1404147744178772,-0.1404147744178772,1,0.9204108452796924
s039,s039,2,9,0.14119357431609889,1.086582899093628,-1.086582899093628,1,0.9204108452796924
s039,s039,1,49,0.9990981175122182,0.27519142627716064,-0.27519142627716064,1,0.9204108452796924
s039,s039,7,45,0.9962019245562871,0.4077921211719513,-0.4077921211719513,1,0.9204108452796924
s039,s039,5,36,0.9756597433428631,0.5806888341903687,-0.5806888341903687,1,0.9204108452796924
s039,s039,6,3,0.9391088009198472,0.6686009168624878,-0.6686009168624878,1,0.9204108452796924
s039,s039,1,22,0.9997819562842563,0.14444956183433533,-0.14444956183433533,1,0.9204108452796924
s039,s039,7,14,0.9962657256290639,0.4062269628047943,-0.4062269628047943,1,0.9204108452796924
s039,s039,4,11,0.9998206158874986,0.12648269534111023,-0.12648269534111023,1,0.9204108452796924
s039,s039,6,27,0.9706790067596727,0.5982953906059265,-0.5982953906059265,1,0.9204108452796924
s039,s039,4,42,0.9998569129611201,0.10567104816436768,-0.10567104816436768,1,0.9204108452796924
s039,s039,6,44,0.9986854173300124,0.3099096417427063,-0.3099096417427063,1,0.9204108452796924
s039,s039,7,44,0.995970893540978,0.4132485091686249,-0.4132485091686249,1,0.9204108452796924
s039,s039,6,8,0.008256322306991862,1.3611482381820679,-1.3611482381820679,1,0.9204108452796924
s039,s039,7,9,0.9990516335317606,0.27982139587402344,-0.27982139587402344,1,0.9204108452796924
s039,s039,3,50,0.9790553568186914,0.566540002822876,-0.566540002822876,1,0.9204108452796924
s039,s039,3,31,0.9994368556451718,0.23181363940238953,-0.23181363940238953,1,0.9204108452796924
s039,s039,4,2,0.999711721599368,0.17015676200389862,-0.17015676200389862,1,0.9204108452796924
s039,s039,8,10,0.9994065028502623,0.23664826154708862,-0.23664826154708862,1,0.9204108452796924
s039,s039,2,50,0.99895077224878,0.2891331613063812,-0.2891331613063812,1,0.9204108452796924
s039,s039,8,23,0.9750562075489156,0.5830001831054688,-0.5830001831054688,1,0.9204108452796924
s039,s039,2,38,0.999547976087882,0.21157269179821014,-0.21157269179821014,1,0.9204108452796924
s039,s039,7,31,0.998691177890006,0.309504896402359,-0.309504896402359,1,0.9204108452796924
s039,s039,5,15,0.7727591055465015,0.8077565431594849,-0.8077565431594849,1,0.9204108452796924
s039,s039,3,22,0.9921716090995325,0.4747351109981537,-0.4747351109981537,1,0.9204108452796924
s039,s039,8,50,0.9021583827781785,0.7159470915794373,-0.7159470915794373,1,0.9204108452796924
s039,s039,1,21,0.9777087367401774,0.5724019408226013,-0.5724019408226013,1,0.9204108452796924
s039,s039,4,39,0.9947945560401933,0.43693456053733826,-0.43693456053733826,1,0.9204108452796924
s039,s039,2,22,0.9985268329941721,0.32040730118751526,-0.32040730118751526,1,0.9204108452796924
s039,s039,3,7,0.90550741619373,0.7124003767967224,-0.7124003767967224,1,0.9204108452796924
s039,s039,6,21,0.9802330844832365,0.5611026287078857,-0.5611026287078857,1,0.9204108452796924
s039,s039,7,49,0.9996745080167209,0.18133500218391418,-0.18133500218391418,1,0.9204108452796924
s039,s039,3,3,0.9900922611660663,0.49660933017730713,-0.49660933017730713,1,0.9204108452796924
s039,s020,6,2,1.242240257097754e-09,2.80783748626709,-2.80783748626709,0,0.9204108452796924
s039,s042,6,15,9.988187656822798e-07,2.1921141147613525,-2.1921141147613525,0,0.9204108452796924
s039,s035,8,16,5.095479744079381e-09,2.677927255630493,-2.677927255630493,0,0.9204108452796924
s039,s056,3,7,0.03923513003242182,1.2147727012634277,-1.2147727012634277,0,0.9204108452796924
s039,s055,7,9,5.746778222284471e-10,2.878788471221924,-2.878788471221924,0,0.9204108452796924
s039,s032,7,10,1.6012520606522492e-07,2.3606061935424805,-2.3606061935424805,0,0.9204108452796924
s039,s015,7,9,2.081913285537523e-12,3.3961074352264404,-3.3961074352264404,0,0.9204108452796924
s039,s049,7,44,0.003470352281504137,1.4413654804229736,-1.4413654804229736,0,0.9204108452796924
s039,s013,2,4,5.575611514031909e-08,2.4577066898345947,-2.4577066898345947,0,0.9204108452796924
s039,s056,5,2,5.9823099370881425e-06,2.0273611545562744,-2.0273611545562744,0,0.9204108452796924
s039,s048,2,42,0.9657419730150112,0.6130878925323486,-0.6130878925323486,0,0.9204108452796924
s039,s008,6,21,2.218666012877774e-10,2.9663870334625244,-2.9663870334625244,0,0.9204108452796924
s039,s050,4,11,0.9848772284773992,0.5360182523727417,-0.5360182523727417,0,0.9204108452796924
s039,s015,6,27,7.537706701998184e-28,6.668603420257568,-6.668603420257568,0,0.9204108452796924
s039,s038,6,3,2.2898470039110598e-06,2.115750551223755,-2.115750551223755,0,0.9204108452796924
s039,s020,1,21,1.9945106239938686e-10,2.9761900901794434,-2.9761900901794434,0,0.9204108452796924
s039,s003,2,38,2.6996187622567187e-21,5.279584884643555,-5.279584884643555,0,0.9204108452796924
s039,s027,6,27,0.8918348563302224,0.7262389659881592,-0.7262389659881592,0,0.9204108452796924
s039,s024,1,50,1.0309495237211354e-27,6.6397809982299805,-6.6397809982299805,0,0.9204108452796924
s039,s008,7,31,5.766068329422399e-07,2.242682695388794,-2.242682695388794,0,0.9204108452796924
s039,s042,2,1,5.335714025006501e-32,7.54813289642334,-7.54813289642334,0,0.9204108452796924
s039,s051,1,50,0.18645759289838476,1.0560052394866943,-1.0560052394866943,0,0.9204108452796924
s039,s031,7,31,0.5204199464393418,0.912888765335083,-0.912888765335083,0,0.9204108452796924
s039,s011,2,4,1.4159992255786965e-11,3.2196524143218994,-3.2196524143218994,0,0.9204108452796924
s039,s050,2,39,0.8906803490468261,0.7273353934288025,-0.7273353934288025,0,0.9204108452796924
s039,s041,7,29,5.521175047689229e-46,10.512042045593262,-10.512042045593262,0,0.9204108452796924
s039,s004,8,34,0.876429329424381,0.7400984168052673,-0.7400984168052673,0,0.9204108452796924
s039,s046,8,41,0.9502924880027517,0.648833155632019,-0.648833155632019,0,0.9204108452796924
s039,s054,4,2,0.00016321633987072885,1.7230340242385864,-1.7230340242385864,0,0.9204108452796924
s039,s033,7,49,2.3051220635903533e-57,12.92369270324707,-12.92369270324707,0,0.9204108452796924
s039,s028,7,7,4.66743515761439e-24,5.864989757537842,-5.864989757537842,0,0.9204108452796924
s039,s026,7,49,0.08252783997007211,1.1420905590057373,-1.1420905590057373,0,0.9204108452796924
s039,s038,5,15,1.0176483931990054e-06,2.1903951168060303,-2.1903951168060303,0,0.9204108452796924
s039,s012,2,39,8.828526519433784e-48,10.89270305633545,-10.89270305633545,0,0.9204108452796924
s039,s049,6,2,1.7361532094682367e-59,13.373647689819336,-13.373647689819336,0,0.9204108452796924
s039,s002,8,50,1.0091962005702049e-30,7.277541160583496,-7.277541160583496,0,0.9204108452796924
s039,s053,4,40,8.858323732673302e-13,3.4747579097747803,-3.4747579097747803,0,0.9204108452796924
s039,s003,8,41,1.6601256967231347e-68,15.285161018371582,-15.285161018371582,0,0.9204108452796924
s039,s032,1,49,1.8390347887038025e-06,2.135930061340332,-2.135930061340332,0,0.9204108452796924
s039,s015,3,7,3.860648406899095e-20,5.034727096557617,-5.034727096557617,0,0.9204108452796924
s039,s043,6,8,1.2734091985476735e-31,7.468070030212402,-7.468070030212402,0,0.9204108452796924
s039,s046,4,25,0.9960561228141303,0.4112727642059326,-0.4112727642059326,0,0.9204108452796924
s039,s047,6,24,0.37427341481641035,0.9677132368087769,-0.9677132368087769,0,0.9204108452796924
s039,s054,7,16,1.5845453766840687e-07,2.3615715503692627,-2.3615715503692627,0,0.9204108452796924
s039,s008,4,42,1.5449953659145208e-07,2.3638980388641357,-2.3638980388641357,0,0.9204108452796924
s039,s027,5,44,0.007213673993214826,1.3736705780029297,-1.3736705780029297,0,0.9204108452796924
s039,s043,3,35,1.1600934440550197e-14,3.8737967014312744,-3.8737967014312744,0,0.9204108452796924
s039,s008,3,22,2.5078713040611424e-07,2.31931209564209,-2.31931209564209,0,0.9204108452796924
s039,s008,3,31,2.2748278840980985e-05,1.9044219255447388,-1.9044219255447388,0,0.9204108452796924
s039,s021,4,2,1.924113203089272e-08,2.5556325912475586,-2.5556325912475586,0,0.9204108452796924
s039,s027,2,5,3.019432335061824e-06,2.0902934074401855,-2.0902934074401855,0,0.9204108452796924
s039,s036,2,1,1.1258774211243605e-170,36.938011169433594,-36.938011169433594,0,0.9204108452796924
s039,s050,8,48,0.9845475196862605,0.538034200668335,-0.538034200668335,0,0.9204108452796924
s039,s013,7,10,2.9729316168146893e-13,3.575249195098877,-3.575249195098877,0,0.9204108452796924
s039,s011,5,18,3.136116145180891e-16,4.206128120422363,-4.206128120422363,0,0.9204108452796924
s039,s032,7,44,5.216700074500391e-22,5.430884838104248,-5.430884838104248,0,0.9204108452796924
s039,s029,7,46,9.881195228055258e-08,2.4050378799438477,-2.4050378799438477,0,0.9204108452796924
s039,s051,6,3,5.78325182484697e-22,5.421395301818848,-5.421395301818848,0,0.9204108452796924
s039,s040,4,11,4.703419583114857e-21,5.228485584259033,-5.228485584259033,0,0.9204108452796924
s039,s007,6,8,6.317783726612369e-10,2.8700695037841797,-2.8700695037841797,0,0.9204108452796924
s039,s007,7,4,0.8272682579741815,0.7762386798858643,-0.7762386798858643,0,0.9204108452796924
s039,s013,6,21,5.359697555023799e-14,3.732936382293701,-3.732936382293701,0,0.9204108452796924
s039,s036,5,6,1.3921331572062516e-120,26.32185173034668,-26.32185173034668,0,0.9204108452796924
s039,s002,4,25,0.00046558309851290393,1.6265274286270142,-1.6265274286270142,0,0.9204108452796924
s039,s021,4,17,0.058237516351205075,1.1765817403793335,-1.1765817403793335,0,0.9204108452796924
s039,s057,4,38,2.0831524530837545e-05,1.9125237464904785,-1.9125237464904785,0,0.9204108452796924
s039,s029,4,25,1.6298091496962586e-05,1.9351128339767456,-1.9351128339767456,0,0.9204108452796924
s039,s053,8,34,2.2942113860480296e-12,3.3871700763702393,-3.3871700763702393,0,0.9204108452796924
s039,s015,8,34,2.5924805819064247e-16,4.223649978637695,-4.223649978637695,0,0.9204108452796924
s039,s004,1,14,0.26996259475903633,1.0119744539260864,-1.0119744539260864,0,0.9204108452796924
s039,s026,7,44,0.005046057308663215,1.4067641496658325,-1.4067641496658325,0,0.9204108452796924
s039,s053,2,1,6.182473989985781e-12,3.295927047729492,-3.295927047729492,0,0.9204108452796924
s039,s005,3,3,7.39294026865063e-16,4.127199172973633,-4.127199172973633,0,0.9204108452796924
s039,s057,1,22,6.913808756302311e-13,3.4975690841674805,-3.4975690841674805,0,0.9204108452796924
s039,s018,3,31,0.006736973810700972,1.3800073862075806,-1.3800073862075806,0,0.9204108452796924
s039,s034,2,3,0.01042818868713628,1.339451789855957,-1.339451789855957,0,0.9204108452796924
s039,s021,7,4,5.905748642522758e-11,3.088209390640259,-3.088209390640259,0,0.9204108452796924
s039,s010,3,3,2.6172521938905608e-23,5.706301689147949,-5.706301689147949,0,0.9204108452796924
s039,s044,3,6,1.0128722492592432e-20,5.157882213592529,-5.157882213592529,0,0.9204108452796924
s039,s031,7,16,0.9667332586472062,0.6102908849716187,-0.6102908849716187,0,0.9204108452796924
s040,s040,5,13,0.9996498729618777,0.2870011031627655,-0.2870011031627655,1,1.4047089738556833
s040,s040,6,46,0.9935353630502203,0.6974488496780396,-0.6974488496780396,1,1.4047089738556833
s040,s040,8,15,0.9988029254413568,0.4598066508769989,-0.4598066508769989,1,1.4047089738556833
s040,s040,6,2,0.9998315501594198,0.18419891595840454,-0.18419891595840454,1,1.4047089738556833
s040,s040,8,41,0.9852211586997517,0.8147776126861572,-0.8147776126861572,1,1.4047089738556833
s040,s040,8,16,0.998794710552503,0.4607684910297394,-0.4607684910297394,1,1.4047089738556833
s040,s040,7,4,0.9988196959268395,0.45782244205474854,-0.45782244205474854,1,1.4047089738556833
s040,s040,6,20,0.9992330907698147,0.39719903469085693,-0.39719903469085693,1,1.4047089738556833
s040,s040,5,2,0.9984613259820172,0.49511855840682983,-0.49511855840682983,1,1.4047089738556833
s040,s040,4,12,0.9997831799102778,0.2196647673845291,-0.2196647673845291,1,1.4047089738556833
s040,s040,1,44,0.998937518192798,0.4430333077907562,-0.4430333077907562,1,1.4047089738556833
s040,s040,5,18,0.9998323830864959,0.18350249528884888,-0.18350249528884888,1,1.4047089738556833
s040,s040,4,41,0.9995407324153182,0.3251313865184784,-0.3251313865184784,1,1.4047089738556833
s040,s040,7,10,0.9897293375822421,0.7630182504653931,-0.7630182504653931,1,1.4047089738556833
s040,s040,6,10,0.9982012055864096,0.5170961022377014,-0.5170961022377014,1,1.4047089738556833
s040,s040,3,6,0.6877706945046073,1.2937766313552856,-1.2937766313552856,1,1.4047089738556833
s040,s040,2,4,0.6839270776968087,1.2962825298309326,-1.2962825298309326,1,1.4047089738556833
s040,s040,1,2,1.6618758347344094e-05,2.9505858421325684,-2.9505858421325684,1,1.4047089738556833
s040,s040,1,50,0.9940065842790485,0.6867506504058838,-0.6867506504058838,1,1.4047089738556833
s040,s040,2,31,0.9723618944672577,0.9045577645301819,-0.9045577645301819,1,1.4047089738556833
s040,s040,5,6,0.9986148521866784,0.4803314805030823,-0.4803314805030823,1,1.4047089738556833
s040,s040,1,35,0.9978667134624145,0.5411000847816467,-0.5411000847816467,1,1.4047089738556833
s040,s040,6,14,0.9980977316585251,0.5249672532081604,-0.5249672532081604,1,1.4047089738556833
s040,s040,2,42,0.9835923246214191,0.8296966552734375,-0.8296966552734375,1,1.4047089738556833
s040,s040,7,40,0.9871802961586726,0.7945217490196228,-0.7945217490196228,1,1.4047089738556833
s040,s040,2,3,1.210721915080907e-05,2.9950778484344482,-2.9950778484344482,1,1.4047089738556833
s040,s040,7,46,0.9696080472628423,0.9182984232902527,-0.9182984232902527,1,1.4047089738556833
s040,s040,6,15,0.9482652787736048,0.9961486458778381,-0.9961486458778381,1,1.4047089738556833
s040,s040,5,42,0.9884246648688009,0.7800017595291138,-0.7800017595291138,1,1.4047089738556833
s040,s040,1,14,0.9968505725271747,0.5959646105766296,-0.5959646105766296,1,1.4047089738556833
s040,s040,7,16,0.9972733397294216,0.5756571292877197,-0.5756571292877197,1,1.4047089738556833
s040,s040,2,39,0.9942168119285234,0.6817052364349365,-0.6817052364349365,1,1.4047089738556833
s040,s040,6,24,0.999927497140454,0.06576678156852722,-0.06576678156852722,1,1.4047089738556833
s040,s040,4,17,0.9983553733946473,0.5044877529144287,-0.5044877529144287,1,1.4047089738556833
s040,s040,7,29,0.9989009247181471,0.447795033454895,-0.447795033454895,1,1.4047089738556833
s040,s040,8,44,0.9829516390398535,0.8351688981056213,-0.8351688981056213,1,1.4047089738556833
s040,s040,3,35,0.9934258079892176,0.6998249292373657,-0.6998249292373657,1,1.4047089738556833
s040,s040,7,7,0.9947622243994976,0.6677134037017822,-0.6677134037017822,1,1.4047089738556833
s040,s040,8,34,0.9960639475991238,0.6273945569992065,-0.6273945569992065,1,1.4047089738556833
s040,s040,7,20,0.9987055816796319,0.4708024561405182,-0.4708024561405182,1,1.4047089738556833
s040,s040,5,44,0.999856645930587,0.16153456270694733,-0.16153456270694733,1,1.4047089738556833
s040,s040,2,5,0.9956458445034185,0.6416344046592712,-0.6416344046592712,1,1.4047089738556833
s040,s040,2,1,9.875926425111882e-14,5.611263275146484,-5.611263275146484,1,1.4047089738556833
s040,s040,4,25,0.9997262993236095,0.2523978650569916,-0.2523978650569916,1,1.4047089738556833
s040,s040,4,40,0.9998769422350848,0.14008690416812897,-0.14008690416812897,1,1.4047089738556833
s040,s040,8,48,0.999861884175261,0.15630480647087097,-0.15630480647087097,1,1.4047089738556833
s040,s040,4,38,0.997581493422184,0.5587674379348755,-0.5587674379348755,1,1.4047089738556833
s040,s040,4,20,0.9985161134631362,0.4900178909301758,-0.4900178909301758,1,1.4047089738556833
s040,s040,2,9,0.9993253142168085,0.37918874621391296,-0.37918874621391296,1,1.4047089738556833
s040,s040,1,49,0.9818504968447014,0.8441182971000671,-0.8441182971000671,1,1.4047089738556833
s040,s040,7,45,0.9975387796604499,0.5612326860427856,-0.5612326860427856,1,1.4047089738556833
s040,s040,5,36,0.9960521469274495,0.6278167366981506,-0.6278167366981506,1,1.4047089738556833
s040,s040,6,3,0.9998028492867665,0.20630329847335815,-0.20630329847335815,1,1.4047089738556833
s040,s040,1,22,0.9996511125626675,0.2865027189254761,-0.2865027189254761,1,1.4047089738556833
s040,s040,7,14,0.9962661901575588,0.6199563145637512,-0.6199563145637512,1,1.4047089738556833
s040,s040,4,11,0.9989673633171029,0.439026802778244,-0.439026802778244,1,1.4047089738556833
s040,s040,6,27,0.9998534730091927,0.16461020708084106,-0.16461020708084106,1,1.4047089738556833
s040,s040,4,42,0.9997753728882688,0.22463485598564148,-0.22463485598564148,1,1.4047089738556833
s040,s040,6,44,0.999606575972933,0.3033849596977234,-0.3033849596977234,1,1.4047089738556833
s040,s040,7,44,0.9993830666532492,0.36661043763160706,-0.36661043763160706,1,1.4047089738556833
s040,s040,6,8,0.9998131436509585,0.19876863062381744,-0.19876863062381744,1,1.4047089738556833
s040,s040,7,9,0.999577670021601,0.31334826350212097,-0.31334826350212097,1,1.4047089738556833
s040,s040,3,50,0.9997825613299697,0.22006504237651825,-0.22006504237651825,1,1.4047089738556833
s040,s040,3,31,0.9705109348879839,0.9139313101768494,-0.9139313101768494,1,1.4047089738556833
s040,s040,4,2,0.2193578208023067,1.583024501800537,-1.583024501800537,1,1.4047089738556833
s040,s040,8,10,0.9991139829218698,0.4174952507019043,-0.4174952507019043,1,1.4047089738556833
s040,s040,2,50,0.9832882120355408,0.8323198556900024,-0.8323198556900024,1,1.4047089738556833
s040,s040,8,23,0.9993294547748195,0.37832343578338623,-0.37832343578338623,1,1.4047089738556833
s040,s040,2,38,0.9475924930862292,0.998063325881958,-0.998063325881958,1,1.4047089738556833
s040,s040,7,31,0.9988501667289773,0.45414412021636963,-0.45414412021636963,1,1.4047089738556833
s040,s040,5,15,0.9987862377301192,0.4617536962032318,-0.4617536962032318,1,1.4047089738556833
s040,s040,3,22,0.9998475613918333,0.1701669842004776,-0.1701669842004776,1,1.4047089738556833
s040,s040,8,50,0.999185373707922,0.4056847095489502,-0.4056847095489502,1,1.4047089738556833
s040,s040,1,21,0.997146183116538,0.58207768201828,-0.58207768201828,1,1.4047089738556833
s040,s040,4,39,0.9957993731352257,0.6365702748298645,-0.6365702748298645,1,1.4047089738556833
s040,s040,2,22,0.9850114805963275,0.8167864680290222,-0.8167864680290222,1,1.4047089738556833
s040,s040,3,7,0.9997213233181381,0.25492945313453674,-0.25492945313453674,1,1.4047089738556833
s040,s040,6,21,0.9995989882568497,0.30606940388679504,-0.30606940388679504,1,1.4047089738556833
s040,s040,7,49,0.9979132541010652,0.5379950404167175,-0.5379950404167175,1,1.4047089738556833
s040,s040,3,3,0.5465026654070586,1.3785041570663452,-1.3785041570663452,1,1.4047089738556833
s040,s020,6,2,0.001982874239143903,2.2786097526550293,-2.2786097526550293,0,1.4047089738556833
s040,s042,6,15,0.5881284285738694,1.3546684980392456,-1.3546684980392456,0,1.4047089738556833
s040,s035,8,16,3.055437567435389e-07,3.511937141418457,-3.511937141418457,0,1.4047089738556833
s040,s056,3,7,0.0014391676876189124,2.323704719543457,-2.323704719543457,0,1.4047089738556833
s040,s055,7,9,4.0509236966321585e-06,3.148874521255493,-3.148874521255493,0,1.4047089738556833
s040,s032,7,10,0.22686881850908602,1.5769370794296265,-1.5769370794296265,0,1.4047089738556833
s040,s015,7,9,1.4272654734935422e-07,3.6188583374023438,-3.6188583374023438,0,1.4047089738556833
s040,s049,7,44,0.06184817813084276,1.7866815328598022,-1.7866815328598022,0,1.4047089738556833
s040,s013,2,4,1.2902785431290035e-06,3.3095858097076416,-3.3095858097076416,0,1.4047089738556833
s040,s056,5,2,1.20251174305024e-05,2.9960336685180664,-2.9960336685180664,0,1.4047089738556833
s040,s048,2,42,0.003599744379449782,2.1946170330047607,-2.1946170330047607,0,1.4047089738556833
s040,s008,6,21,0.0028750414209523303,2.2262964248657227,-2.2262964248657227,0,1.4047089738556833
s040,s050,4,11,0.03427124604519309,1.8736817836761475,-1.8736817836761475,0,1.4047089738556833
s040,s015,6,27,1.329219345763405e-10,4.599194049835205,-4.599194049835205,0,1.4047089738556833
s040,s038,6,3,1.2323124131517388e-06,3.31604266166687,-3.31604266166687,0,1.4047089738556833
s040,s020,1,21,0.905933840274744,1.0865468978881836,-1.0865468978881836,0,1.4047089738556833
s040,s003,2,38,0.8538190773845755,1.1567955017089844,-1.1567955017089844,0,1.4047089738556833
s040,s027,6,27,0.11559497241590444,1.6905423402786255,-1.6905423402786255,0,1.4047089738556833
s040,s024,1,50,2.8416142177523955e-11,4.815913200378418,-4.815913200378418,0,1.4047089738556833
s040,s008,7,31,0.0052621417781073265,2.1410491466522217,-2.1410491466522217,0,1.4047089738556833
s040,s042,2,1,0.0024538116940289417,2.248609781265259,-2.248609781265259,0,1.4047089738556833
s040,s051,1,50,0.00029143866513580037,2.548196792602539,-2.548196792602539,0,1.4047089738556833
s040,s031,7,31,0.6308939748192781,1.3294090032577515,-1.3294090032577515,0,1.4047089738556833
s040,s011,2,4,0.7077529289268251,1.2804630994796753,-1.2804630994796753,0,1.4047089738556833
s040,s050,2,39,0.34500416059542216,1.4947609901428223,-1.4947609901428223,0,1.4047089738556833
s040,s041,7,29,0.9286532430447464,1.0442348718643188,-1.0442348718643188,0,1.4047089738556833
s040,s004,8,34,0.43456932684157734,1.441685438156128,-1.441685438156128,0,1.4047089738556833
s040,s046,8,41,0.6871668009680436,1.2941714525222778,-1.2941714525222778,0,1.4047089738556833
s040,s054,4,2,0.0003452297820549941,2.5243961811065674,-2.5243961811065674,0,1.4047089738556833
s040,s033,7,49,0.9996658542048155,0.280436247587204,-0.280436247587204,0,1.4047089738556833
s040,s028,7,7,3.1748008076677674e-12,5.123785018920898,-5.123785018920898,0,1.4047089738556833
s040,s026,7,49,0.0002623216094562394,2.5629866123199463,-2.5629866123199463,0,1.4047089738556833
s040,s038,5,15,2.6468316376359923e-06,3.2086565494537354,-3.2086565494537354,0,1.4047089738556833
s040,s012,2,39,0.8557243724622924,1.154639482498169,-1.154639482498169,0,1.4047089738556833
s040,s049,6,2,0.002689184574499788,2.2357101440429688,-2.2357101440429688,0,1.4047089738556833
s040,s002,8,50,0.9997593458131679,0.23431825637817383,-0.23431825637817383,0,1.4047089738556833
s040,s053,4,40,1.1016655897321294e-07,3.655231475830078,-3.655231475830078,0,1.4047089738556833
s040,s003,8,41,0.3346837671071954,1.5012232065200806,-1.5012232065200806,0,1.4047089738556833
s040,s032,1,49,3.248388387679618e-07,3.5033352375030518,-3.5033352375030518,0,1.4047089738556833
s040,s015,3,7,1.2252091651796273e-11,4.934085845947266,-4.934085845947266,0,1.4047089738556833
s040,s043,6,8,4.737379380914062e-12,5.067563056945801,-5.067563056945801,0,1.4047089738556833
s040,s046,4,25,0.05060104528433322,1.81654953956604,-1.81654953956604,0,1.4047089738556833
s040,s047,6,24,0.523875711371008,1.391283392906189,-1.391283392906189,0,1.4047089738556833
s040,s054,7,16,2.2495745798421345e-05,2.9080512523651123,-2.9080512523651123,0,1.4047089738556833
s040,s008,4,42,0.0001233774661128921,2.66896653175354,-2.66896653175354,0,1.4047089738556833
s040,s027,5,44,0.06501402044636778,1.7791943550109863,-1.7791943550109863,0,1.4047089738556833
s040,s043,3,35,1.123248376426759e-07,3.652506113052368,-3.652506113052368,0,1.4047089738556833
s040,s008,3,22,0.02027358864781657,1.9494487047195435,-1.9494487047195435,0,1.4047089738556833
s040,s008,3,31,0.00028739664389030217,2.550159215927124,-2.550159215927124,0,1.4047089738556833
s040,s021,4,2,1.7028205710557361e-07,3.5940616130828857,-3.5940616130828857,0,1.4047089738556833
s040,s027,2,5,0.9962517182084105,0.6205017566680908,-0.6205017566680908,0,1.4047089738556833
s040,s036,2,1,5.474617612886688e-31,11.192723274230957,-11.192723274230957,0,1.4047089738556833
s040,s050,8,48,0.006445690048016308,2.112384080886841,-2.112384080886841,0,1.4047089738556833
s040,s013,7,10,5.870228934410966e-08,3.7436599731445312,-3.7436599731445312,0,1.4047089738556833
s040,s011,5,18,0.874159275109524,1.1324418783187866,-1.1324418783187866,0,1.4047089738556833
s040,s032,7,44,0.13211032821061028,1.6691352128982544,-1.6691352128982544,0,1.4047089738556833
s040,s029,7,46,1.9978327471150017e-05,2.92472243309021,-2.92472243309021,0,1.4047089738556833
s040,s051,6,3,6.229772567515169e-13,5.352540493011475,-5.352540493011475,0,1.4047089738556833
s040,s039,4,11,0.04043335338332985,1.8495559692382812,-1.8495559692382812,0,1.4047089738556833
s040,s007,6,8,0.01097588007267604,2.036971092224121,-2.036971092224121,0,1.4047089738556833
s040,s007,7,4,0.01034703599752105,2.0453481674194336,-2.0453481674194336,0,1.4047089738556833
s040,s013,6,21,9.303396060493579e-08,3.6789751052856445,-3.6789751052856445,0,1.4047089738556833
s040,s036,5,6,7.061831175475865e-25,9.21628475189209,-9.21628475189209,0,1.4047089738556833
s040,s002,4,25,0.00012737641236503815,2.664485216140747,-2.664485216140747,0,1.4047089738556833
s040,s021,4,17,4.299810979878105e-05,2.817047119140625,-2.817047119140625,0,1.4047089738556833
s040,s057,4,38,0.006233676489247506,2.117112159729004,-2.117112159729004,0,1.4047089738556833
s040,s029,4,25,0.00013858611887956177,2.6526355743408203,-2.6526355743408203,0,1.4047089738556833
s040,s053,8,34,0.0013007028694985675,2.3379342555999756,-2.3379342555999756,0,1.4047089738556833
s040,s015,8,34,7.395384703061612e-07,3.387770175933838,-3.387770175933838,0,1.4047089738556833
s040,s004,1,14,0.9690961177594525,0.9207190275192261,-0.9207190275192261,0,1.4047089738556833
s040,s026,7,44,9.996050136817999e-05,2.698535203933716,-2.698535203933716,0,1.4047089738556833
s040,s053,2,1,0.15148941403139574,1.646735668182373,-1.646735668182373,0,1.4047089738556833
s040,s005,3,3,0.9979490516090004,0.535559356212616,-0.535559356212616,0,1.4047089738556833
s040,s057,1,22,0.2920148742574187,1.5291125774383545,-1.5291125774383545,0,1.4047089738556833
s040,s018,3,31,0.06719894868530997,1.774222493171692,-1.774222493171692,0,1.4047089738556833
s040,s034,2,3,0.00830503706990155,2.0765185356140137,-2.0765185356140137,0,1.4047089738556833
s040,s021,7,4,6.030862718449411e-09,4.063313961029053,-4.063313961029053,0,1.4047089738556833
s040,s010,3,3,1.1957595852002932e-13,5.584395885467529,-5.584395885467529,0,1.4047089738556833
s040,s044,3,6,1.8333990645817684e-08,3.9071290493011475,-3.9071290493011475,0,1.4047089738556833
s040,s031,7,16,0.608308290314981,1.3428727388381958,-1.3428727388381958,0,1.4047089738556833
s041,s041,5,13,0.9998308324053439,0.2454271912574768,-0.2454271912574768,1,1.8655882722681218
s041,s041,6,46,0.9983832088395344,0.666818380355835,-0.666818380355835,1,1.8655882722681218
s041,s041,8,15,0.9997745206818972,0.2990432381629944,-0.2990432381629944,1,1.8655882722681218
s041,s041,6,2,0.9998669553008801,0.20060813426971436,-0.20060813426971436,1,1.8655882722681218
s041,s041,8,41,0.9998713432427021,0.19435067474842072,-0.19435067474842072,1,1.8655882722681218
s041,s041,8,16,0.999824887871601,0.25187140703201294,-0.25187140703201294,1,1.8655882722681218
s041,s041,7,4,0.979748025050107,1.1419185400009155,-1.1419185400009155,1,1.8655882722681218
s041,s041,6,20,0.999904274295562,0.1391863226890564,-0.1391863226890564,1,1.8655882722681218
s041,s041,5,2,0.9999117852720553,0.12394065409898758,-0.12394065409898758,1,1.8655882722681218
s041,s041,4,12,0.9999163096384851,0.11411746591329575,-0.11411746591329575,1,1.8655882722681218
s041,s041,1,44,0.9997731466659582,0.3001768887042999,-0.3001768887042999,1,1.8655882722681218
s041,s041,5,18,0.9963254777719587,0.8203642964363098,-0.8203642964363098,1,1.8655882722681218
s041,s041,4,41,0.9999290589810029,0.08328157663345337,-0.08328157663345337,1,1.8655882722681218
s041,s041,7,10,0.9997244779462815,0.33644628524780273,-0.33644628524780273,1,1.8655882722681218
s041,s041,6,10,0.9992663938539758,0.5192297101020813,-0.5192297101020813,1,1.8655882722681218
s041,s041,3,6,0.9998092592897232,0.2678229510784149,-0.2678229510784149,1,1.8655882722681218
s041,s041,2,4,6.807555126725639e-06,4.0851664543151855,-4.0851664543151855,1,1.8655882722681218
s041,s041,1,2,0.9852865573336307,1.0812630653381348,-1.0812630653381348,1,1.8655882722681218
s041,s041,1,50,0.999675061406089,0.3672318458557129,-0.3672318458557129,1,1.8655882722681218
s041,s041,2,31,0.9994854285533493,0.45302799344062805,-0.45302799344062805,1,1.8655882722681218
s041,s041,5,6,0.9998673914042894,0.19999553263187408,-0.19999553263187408,1,1.8655882722681218
s041,s041,1,35,0.967259027281995,1.2339301109313965,-1.2339301109313965,1,1.8655882722681218
s041,s041,6,14,0.9998938254224596,0.15851536393165588,-0.15851536393165588,1,1.8655882722681218
s041,s041,2,42,0.999076231658336,0.5622649788856506,-0.5622649788856506,1,1.8655882722681218
s041,s041,7,40,0.9994407953359428,0.4685544967651367,-0.4685544967651367,1,1.8655882722681218
s041,s041,2,3,2.6871197271386464e-08,5.117721080780029,-5.117721080780029,1,1.8655882722681218
s041,s041,7,46,0.9998215746392621,0.2553688585758209,-0.2553688585758209,1,1.8655882722681218
s041,s041,6,15,0.9992977280810081,0.511080265045166,-0.511080265045166,1,1.8655882722681218
s041,s041,5,42,0.9996539342444704,0.3789876103401184,-0.3789876103401184,1,1.8655882722681218
s041,s041,1,14,0.9909756135637904,0.988993227481842,-0.988993227481842,1,1.8655882722681218
s041,s041,7,16,0.7356306908681044,1.674667477607727,-1.674667477607727,1,1.8655882722681218
s041,s041,2,39,0.9997509374390621,0.3176057040691376,-0.3176057040691376,1,1.8655882722681218
s041,s041,6,24,0.9989006556558331,0.5947604775428772,-0.5947604775428772,1,1.8655882722681218
s041,s041,4,17,0.9994893703396329,0.45159265398979187,-0.45159265398979187,1,1.8655882722681218
s041,s041,7,29,0.9998048432310496,0.2720937728881836,-0.2720937728881836,1,1.8655882722681218
s041,s041,8,44,0.999653814687717,0.379052072763443,-0.379052072763443,1,1.8655882722681218
s041,s041,3,35,0.9527398991590855,1.3052260875701904,-1.3052260875701904,1,1.8655882722681218
s041,s041,7,7,0.9995717141324674,0.4187702238559723,-0.4187702238559723,1,1.8655882722681218
s041,s041,8,34,0.9998707525076239,0.195205420255661,-0.195205420255661,1,1.8655882722681218
s041,s041,7,20,0.9982906527660853,0.6772210597991943,-0.6772210597991943,1,1.8655882722681218
s041,s041,5,44,0.9993189009728513,0.5053651928901672,-0.5053651928901672,1,1.8655882722681218
s041,s041,2,5,0.9999134909932514,0.12029770016670227,-0.12029770016670227,1,1.8655882722681218
s041,s041,2,1,0.9970114211730094,0.7816881537437439,-0.7816881537437439,1,1.8655882722681218
s041,s041,4,25,0.9697534718479777,1.218665599822998,-1.218665599822998,1,1.8655882722681218
s041,s041,4,40,0.9985660643227581,0.6443933248519897,-0.6443933248519897,1,1.8655882722681218
s041,s041,8,48,0.9982715127472839,0.6793019771575928,-0.6793019771575928,1,1.8655882722681218
s041,s041,4,38,0.9997489792268274,0.319067120552063,-0.319067120552063,1,1.8655882722681218
s041,s041,4,20,0.9993011885861467,0.5101580619812012,-0.5101580619812012,1,1.8655882722681218
s041,s041,2,9,0.073178435907345,2.3392350673675537,-2.3392350673675537,1,1.8655882722681218
s041,s041,1,49,0.999834531126181,0.2413022816181183,-0.2413022816181183,1,1.8655882722681218
s041,s041,7,45,0.9998695981149294,0.196864515542984,-0.196864515542984,1,1.8655882722681218
s041,s041,5,36,0.9998775344274377,0.18514879047870636,-0.18514879047870636,1,1.8655882722681218
s041,s041,6,3,0.9999065559949555,0.13468526303768158,-0.13468526303768158,1,1.8655882722681218
s041,s041,1,22,0.9956926924298534,0.8501251339912415,-0.8501251339912415,1,1.8655882722681218
s041,s041,7,14,0.9998917081283503,0.16219943761825562,-0.16219943761825562,1,1.8655882722681218
s041,s041,4,11,0.9996602645064027,0.3755422830581665,-0.3755422830581665,1,1.8655882722681218
s041,s041,6,27,0.999890270222582,0.16466054320335388,-0.16466054320335388,1,1.8655882722681218
s041,s041,4,42,0.9997778875946745,0.2962358593940735,-0.2962358593940735,1,1.8655882722681218
s041,s041,6,44,0.9994813193136372,0.45451265573501587,-0.45451265573501587,1,1.8655882722681218
s041,s041,7,44,0.9998436298828375,0.23074930906295776,-0.23074930906295776,1,1.8655882722681218
s041,s041,6,8,0.9986253892641807,0.6364997029304504,-0.6364997029304504,1,1.8655882722681218
s041,s041,7,9,0.9997966349463964,0.27978143095970154,-0.27978143095970154,1,1.8655882722681218
s041,s041,3,50,0.9999316468094192,0.07634846121072769,-0.07634846121072769,1,1.8655882722681218
s041,s041,3,31,0.998716539615117,0.6236827373504639,-0.6236827373504639,1,1.8655882722681218
s041,s041,4,2,0.9747813417980428,1.1837849617004395,-1.1837849617004395,1,1.8655882722681218
s041,s041,8,10,0.999638820899469,0.38696491718292236,-0.38696491718292236,1,1.8655882722681218
s041,s041,2,50,0.9998171719669667,0.25991716980934143,-0.25991716980934143,1,1.8655882722681218
s041,s041,8,23,0.9986946033787898,0.6268484592437744,-0.6268484592437744,1,1.8655882722681218
s041,s041,2,38,0.9998906663292908,0.16398580372333527,-0.16398580372333527,1,1.8655882722681218
s041,s041,7,31,0.9998866818922986,0.17066434025764465,-0.17066434025764465,1,1.8655882722681218
s041,s041,5,15,0.9999102337248961,0.12719367444515228,-0.12719367444515228,1,1.8655882722681218
s041,s041,3,22,0.9847411639757343,1.0881565809249878,-1.0881565809249878,1,1.8655882722681218
s041,s041,8,50,0.9998807915399429,0.18011926114559174,-0.18011926114559174,1,1.8655882722681218
s041,s041,1,21,0.9996035997466651,0.40433087944984436,-0.40433087944984436,1,1.8655882722681218
s041,s041,4,39,0.999859819352065,0.21035656332969666,-0.21035656332969666,1,1.8655882722681218
s041,s041,2,22,0.9961021329405526,0.8314142823219299,-0.8314142823219299,1,1.8655882722681218
s041,s041,3,7,0.9998691606473097,0.1974894106388092,-0.1974894106388092,1,1.8655882722681218
s041,s041,6,21,0.9998740738965413,0.19034795463085175,-0.19034795463085175,1,1.8655882722681218
s041,s041,7,49,0.9998840331407198,0.17497536540031433,-0.17497536540031433,1,1.8655882722681218
s041,s041,3,3,0.9998804714317291,0.18061961233615875,-0.18061961233615875,1,1.8655882722681218
s041,s020,6,2,0.007991279016403216,2.765059471130371,-2.765059471130371,0,1.8655882722681218
s041,s042,6,15,0.7041197053203002,1.7038429975509644,-1.7038429975509644,0,1.8655882722681218
s041,s035,8,16,3.599693463090922e-05,3.774465799331665,-3.774465799331665,0,1.8655882722681218
s041,s056,3,7,0.0074040608088761055,2.7794084548950195,-2.7794084548950195,0,1.8655882722681218
s041,s055,7,9,5.667815747042898e-05,3.689772605895996,-3.689772605895996,0,1.8655882722681218
s041,s032,7,10,0.5526101810781587,1.8261828422546387,-1.8261828422546387,0,1.8655882722681218
s041,s015,7,9,5.245698119793756e-06,4.133788585662842,-4.133788585662842,0,1.8655882722681218
s041,s049,7,44,0.009788380189042545,2.7268786430358887,-2.7268786430358887,0,1.8655882722681218
s041,s013,2,4,1.8085529207413633e-05,3.902881622314453,-3.902881622314453,0,1.8655882722681218
s041,s056,5,2,4.6111886978852785e-05,3.7282650470733643,-3.7282650470733643,0,1.8655882722681218
s041,s048,2,42,0.0025474592560110715,2.9793646335601807,-2.9793646335601807,0,1.8655882722681218
s041,s008,6,21,0.019991414226921505,2.5917234420776367,-2.5917234420776367,0,1.8655882722681218
s041,s050,4,11,0.009886935369345824,2.7249910831451416,-2.7249910831451416,0,1.8655882722681218
s041,s015,6,27,6.486616832772925e-09,5.382879734039307,-5.382879734039307,0,1.8655882722681218
s041,s038,6,3,4.738448183728978e-06,4.152761459350586,-4.152761459350586,0,1.8655882722681218
s041,s020,1,21,0.9635310286758497,1.2547680139541626,-1.2547680139541626,0,1.8655882722681218
s041,s003,2,38,0.06255134994863788,2.370635509490967,-2.370635509490967,0,1.8655882722681218
s041,s027,6,27,0.055678439776956565,2.3937127590179443,-2.3937127590179443,0,1.8655882722681218
s041,s024,1,50,2.2456279287725545e-10,6.010340690612793,-6.010340690612793,0,1.8655882722681218
s041,s008,7,31,0.023596995367508755,2.560101270675659,-2.560101270675659,0,1.8655882722681218
s041,s042,2,1,1.662459372131141e-09,5.636868953704834,-5.636868953704834,0,1.8655882722681218
s041,s051,1,50,0.00026725230514424445,3.4004170894622803,-3.4004170894622803,0,1.8655882722681218
s041,s031,7,31,0.07304800762758996,2.3395941257476807,-2.3395941257476807,0,1.8655882722681218
s041,s011,2,4,0.9607133213474651,1.2691987752914429,-1.2691987752914429,0,1.8655882722681218
s041,s050,2,39,0.2501326224874979,2.0704121589660645,-2.0704121589660645,0,1.8655882722681218
s041,s040,7,29,0.94805892638825,1.3237642049789429,-1.3237642049789429,0,1.8655882722681218
s041,s004,8,34,0.5447049461068919,1.8321385383605957,-1.8321385383605957,0,1.8655882722681218
s041,s046,8,41,0.45305890724407033,1.9007208347320557,-1.9007208347320557,0,1.8655882722681218
s041,s054,4,2,3.288153121452453e-05,3.791354179382324,-3.791354179382324,0,1.8655882722681218
s041,s033,7,49,0.9969900868818382,0.7830191850662231,-0.7830191850662231,0,1.8655882722681218
s041,s028,7,7,9.177126535240549e-10,5.747716426849365,-5.747716426849365,0,1.8655882722681218
s041,s026,7,49,8.348339571570804e-05,3.617521047592163,-3.617521047592163,0,1.8655882722681218
s041,s038,5,15,3.1626336726010524e-05,3.7986154556274414,-3.7986154556274414,0,1.8655882722681218
s041,s012,2,39,0.9995887856937664,0.41117849946022034,-0.41117849946022034,0,1.8655882722681218
s041,s049,6,2,9.254836304700137e-10,5.746143341064453,-5.746143341064453,0,1.8655882722681218
s041,s002,8,50,0.9991740931739865,0.5413559675216675,-0.5413559675216675,0,1.8655882722681218
s041,s053,4,40,3.542272377944923e-05,3.7774658203125,-3.7774658203125,0,1.8655882722681218
s041,s003,8,41,0.9992238796865681,0.529747486114502,-0.529747486114502,0,1.8655882722681218
s041,s032,1,49,1.0146594620041978e-06,4.44027853012085,-4.44027853012085,0,1.8655882722681218
s041,s015,3,7,9.975624341104615e-09,5.302584171295166,-5.302584171295166,0,1.8655882722681218
s041,s043,6,8,2.2512023823589138e-10,6.009878158569336,-6.009878158569336,0,1.8655882722681218
s041,s046,4,25,0.008377818856434094,2.756174325942993,-2.756174325942993,0,1.8655882722681218
s041,s047,6,24,0.06450687767278993,2.3645029067993164,-2.3645029067993164,0,1.8655882722681218
s041,s054,7,16,0.0007141593979868977,3.2169625759124756,-3.2169625759124756,0,1.8655882722681218
s041,s008,4,42,0.0004122067997016683,3.3195481300354004,-3.3195481300354004,0,1.8655882722681218
s041,s027,5,44,0.04811448581901965,2.422440528869629,-2.422440528869629,0,1.8655882722681218
s041,s043,3,35,1.1181398132848371e-07,4.851728916168213,-4.851728916168213,0,1.8655882722681218
s041,s008,3,22,0.04687809194504231,2.427539348602295,-2.427539348602295,0,1.8655882722681218
s041,s008,3,31,0.0015678003842946845,3.0701076984405518,-3.0701076984405518,0,1.8655882722681218
s041,s021,4,2,1.0327128412751432e-06,4.436988353729248,-4.436988353729248,0,1.8655882722681218
s041,s027,2,5,0.9495591687953899,1.318001389503479,-1.318001389503479,0,1.8655882722681218
s041,s036,2,1,2.119267989017143e-49,22.774280548095703,-22.774280548095703,0,1.8655882722681218
s041,s050,8,48,0.008177583490627131,2.7607250213623047,-2.7607250213623047,0,1.8655882722681218
s041,s013,7,10,1.3989786600364505e-06,4.38035774230957,-4.38035774230957,0,1.8655882722681218
s041,s011,5,18,0.9623283877664923,1.2610539197921753,-1.2610539197921753,0,1.8655882722681218
s041,s032,7,44,0.9076366832201136,1.4392800331115723,-1.4392800331115723,0,1.8655882722681218
s041,s029,7,46,0.0001894881966106458,3.464582920074463,-3.464582920074463,0,1.8655882722681218
s041,s051,6,3,1.1144564288175272e-09,5.711479663848877,-5.711479663848877,0,1.8655882722681218
s041,s039,4,11,0.0166554845717181,2.6264162063598633,-2.6264162063598633,0,1.8655882722681218
s041,s007,6,8,0.10867517267219187,2.2581725120544434,-2.2581725120544434,0,1.8655882722681218
s041,s007,7,4,0.02279025594986376,2.5667450428009033,-2.5667450428009033,0,1.8655882722681218
s041,s013,6,21,2.6432438361144423e-06,4.261656761169434,-4.261656761169434,0,1.8655882722681218
s041,s036,5,6,1.42685931386021e-30,14.686298370361328,-14.686298370361328,0,1.8655882722681218
s041,s002,4,25,0.0004446282966357734,3.305417060852051,-3.305417060852051,0,1.8655882722681218
s041,s021,4,17,5.7723788918028794e-05,3.6863620281219482,-3.6863620281219482,0,1.8655882722681218
s041,s057,4,38,0.02108199333495102,2.581606388092041,-2.581606388092041,0,1.8655882722681218
s041,s029,4,25,0.000584971117881376,3.254213333129883,-3.254213333129883,0,1.8655882722681218
s041,s053,8,34,0.02737034088642768,2.5317046642303467,-2.5317046642303467,0,1.8655882722681218
s041,s015,8,34,5.041983236815617e-07,4.570746421813965,-4.570746421813965,0,1.8655882722681218
s041,s004,1,14,0.5572741613107727,1.8226598501205444,-1.8226598501205444,0,1.8655882722681218
s041,s026,7,44,0.00045221681360632383,3.3022584915161133,-3.3022584915161133,0,1.8655882722681218
s041,s053,2,1,0.07847490613032898,2.325129508972168,-2.325129508972168,0,1.8655882722681218
s041,s005,3,3,0.34284404098951327,1.9869719743728638,-1.9869719743728638,0,1.8655882722681218
s041,s057,1,22,0.0016715006473559794,3.0581395626068115,-3.0581395626068115,0,1.8655882722681218
s041,s018,3,31,0.07537040772214978,2.333287239074707,-2.333287239074707,0,1.8655882722681218
s041,s034,2,3,0.0035944140117099427,2.9149394035339355,-2.9149394035339355,0,1.8655882722681218
s041,s021,7,4,2.047943656786493e-07,4.738829135894775,-4.738829135894775,0,1.8655882722681218
s041,s010,3,3,1.1905119479159853e-10,6.1287312507629395,-6.1287312507629395,0,1.8655882722681218
s041,s044,3,6,4.478961508884272e-08,5.022404193878174,-5.022404193878174,0,1.8655882722681218
s041,s031,7,16,0.49464541856086275,1.8695842027664185,-1.8695842027664185,0,1.8655882722681218
s042,s042,5,13,0.9808996448929619,0.44269827008247375,-0.44269827008247375,1,0.7303761373866688
s042,s042,6,46,0.9511061240594643,0.5136024355888367,-0.5136024355888367,1,0.7303761373866688
s042,s042,8,15,0.911507856562403,0.5600388050079346,-0.5600388050079346,1,0.7303761373866688
s042,s042,6,2,0.9983599462681003,0.2621038854122162,-0.2621038854122162,1,0.7303761373866688
s042,s042,8,41,0.984724113767665,0.4260951578617096,-0.4260951578617096,1,0.7303761373866688
s042,s042,8,16,0.9978194443388897,0.28294825553894043,-0.28294825553894043,1,0.7303761373866688
s042,s042,7,4,0.9991911997888857,0.2104104459285736,-0.2104104459285736,1,0.7303761373866688
s042,s042,6,20,0.9907037197201156,0.38937804102897644,-0.38937804102897644,1,0.7303761373866688
s042,s042,5,2,0.9869918699705487,0.4141899347305298,-0.4141899347305298,1,0.7303761373866688
s042,s042,4,12,0.9985596442994039,0.2526061534881592,-0.2526061534881592,1,0.7303761373866688
s042,s042,1,44,0.999639812456635,0.15129555761814117,-0.15129555761814117,1,0.7303761373866688
s042,s042,5,18,0.9992159375491786,0.20813985168933868,-0.20813985168933868,1,0.7303761373866688
s042,s042,4,41,0.9951472947411788,0.34157103300094604,-0.34157103300094604,1,0.7303761373866688
s042,s042,7,10,0.9908639042895142,0.38809674978256226,-0.38809674978256226,1,0.7303761373866688
s042,s042,6,10,0.001447982233202197,1.2077598571777344,-1.2077598571777344,1,0.7303761373866688
s042,s042,3,6,0.9995859264752326,0.1614823043346405,-0.1614823043346405,1,0.7303761373866688
s042,s042,2,4,0.07937587250078988,0.9093809127807617,-0.9093809127807617,1,0.7303761373866688
s042,s042,1,2,3.236464342441378e-70,12.41686725616455,-12.41686725616455,1,0.7303761373866688
s042,s042,1,50,0.9891488328162098,0.40078863501548767,-0.40078863501548767,1,0.7303761373866688
s042,s042,2,31,0.9490176715468382,0.5168179273605347,-0.5168179273605347,1,0.7303761373866688
s042,s042,5,6,0.9991319860736178,0.21557530760765076,-0.21557530760765076,1,0.7303761373866688
s042,s042,1,35,0.9991285093654639,0.2158675193786621,-0.2158675193786621,1,0.7303761373866688
s042,s042,6,14,0.9989015017154907,0.23279190063476562,-0.23279190063476562,1,0.7303761373866688
s042,s042,2,42,0.08340529677435511,0.9054439067840576,-0.9054439067840576,1,0.7303761373866688
s042,s042,7,40,0.8582189699114228,0.5988664031028748,-0.5988664031028748,1,0.7303761373866688
s042,s042,2,3,2.5436420243919997e-08,2.0075910091400146,-2.0075910091400146,1,0.7303761373866688
s042,s042,7,46,0.9938994492230984,0.35837680101394653,-0.35837680101394653,1,0.7303761373866688
s042,s042,6,15,0.9987267113628634,0.2435893416404724,-0.2435893416404724,1,0.7303761373866688
s042,s042,5,42,0.9997187303580592,0.13322678208351135,-0.13322678208351135,1,0.7303761373866688
s042,s042,1,14,0.046436612156328286,0.9511044025421143,-0.9511044025421143,1,0.7303761373866688
s042,s042,7,16,0.9045199187557926,0.566152036190033,-0.566152036190033,1,0.7303761373866688
s042,s042,2,39,0.7508408028459662,0.6498082280158997,-0.6498082280158997,1,0.7303761373866688
s042,s042,6,24,0.9997768903456974,0.11630333960056305,-0.11630333960056305,1,0.7303761373866688
s042,s042,4,17,0.9961404984415883,0.3247726857662201,-0.3247726857662201,1,0.7303761373866688
s042,s042,7,29,0.9647736293273274,0.48861443996429443,-0.48861443996429443,1,0.7303761373866688
s042,s042,8,44,0.671702162310025,0.6780889630317688,-0.6780889630317688,1,0.7303761373866688
s042,s042,3,35,0.9988114887367214,0.23855073750019073,-0.23855073750019073,1,0.7303761373866688
s042,s042,7,7,0.99920248250751,0.20938357710838318,-0.20938357710838318,1,0.7303761373866688
s042,s042,8,34,0.9957543098294358,0.3317663371562958,-0.3317663371562958,1,0.7303761373866688
s042,s042,7,20,0.3369873993963765,0.7798042297363281,-0.7798042297363281,1,0.7303761373866688
s042,s042,5,44,0.9969076737180144,0.3085302710533142,-0.3085302710533142,1,0.7303761373866688
s042,s042,2,5,0.9998239399137072,0.09900181740522385,-0.09900181740522385,1,0.7303761373866688
s042,s042,2,1,1.2870640761700635e-62,11.138813972473145,-11.138813972473145,1,0.7303761373866688
s042,s042,4,25,0.9996856511921279,0.14135020971298218,-0.14135020971298218,1,0.7303761373866688
s042,s042,4,40,0.9959525146175368,0.32825997471809387,-0.32825997471809387,1,0.7303761373866688
s042,s042,8,48,0.9979385360467211,0.27883750200271606,-0.27883750200271606,1,0.7303761373866688
s042,s042,4,38,0.998369567512852,0.2616734504699707,-0.2616734504699707,1,0.7303761373866688
s042,s042,4,20,0.3840161103672999,0.7648890614509583,-0.7648890614509583,1,0.7303761373866688
s042,s042,2,9,0.9855459191499563,0.4219953417778015,-0.4219953417778015,1,0.7303761373866688
s042,s042,1,49,0.9993535932640416,0.19402916729450226,-0.19402916729450226,1,0.7303761373866688
s042,s042,7,45,0.9574909994552633,0.5028931498527527,-0.5028931498527527,1,0.7303761373866688
s042,s042,5,36,0.99991741457697,0.04370608925819397,-0.04370608925819397,1,0.7303761373866688
s042,s042,6,3,0.9810017714819415,0.44229909777641296,-0.44229909777641296,1,0.7303761373866688
s042,s042,1,22,0.8687003458574591,0.5923703908920288,-0.5923703908920288,1,0.7303761373866688
s042,s042,7,14,0.9902247557186917,0.3930826783180237,-0.3930826783180237,1,0.7303761373866688
s042,s042,4,11,0.9826121895163452,0.4357098937034607,-0.4357098937034607,1,0.7303761373866688
s042,s042,6,27,0.9998590650096946,0.08274643868207932,-0.08274643868207932,1,0.7303761373866688
s042,s042,4,42,0.8293617677136277,0.6148955821990967,-0.6148955821990967,1,0.7303761373866688
s042,s042,6,44,0.13846254673487685,0.8638975620269775,-0.8638975620269775,1,0.7303761373866688
s042,s042,7,44,0.9994441369184178,0.18300066888332367,-0.18300066888332367,1,0.7303761373866688
s042,s042,6,8,0.9994401350217512,0.18352490663528442,-0.18352490663528442,1,0.7303761373866688
s042,s042,7,9,0.9848393475545266,0.42553356289863586,-0.42553356289863586,1,0.7303761373866688
s042,s042,3,50,0.9951454105863281,0.3415995240211487,-0.3415995240211487,1,0.7303761373866688
s042,s042,3,31,0.48035117339714645,0.7361195087432861,-0.7361195087432861,1,0.7303761373866688
s042,s042,4,2,0.9996834931364483,0.1418500691652298,-0.1418500691652298,1,0.7303761373866688
s042,s042,8,10,0.9362045426207308,0.5341860055923462,-0.5341860055923462,1,0.7303761373866688
s042,s042,2,50,0.9490739865851751,0.5167328715324402,-0.5167328715324402,1,0.7303761373866688
s042,s042,8,23,0.9966644402802678,0.31407827138900757,-0.31407827138900757,1,0.7303761373866688
s042,s042,2,38,0.4573465994974521,0.7428677082061768,-0.7428677082061768,1,0.7303761373866688
s042,s042,7,31,0.9935629162336292,0.3623234033584595,-0.3623234033584595,1,0.7303761373866688
s042,s042,5,15,0.8393291385852217,0.6096270680427551,-0.6096270680427551,1,0.7303761373866688
s042,s042,3,22,0.006502446879037903,1.0976861715316772,-1.0976861715316772,1,0.7303761373866688
s042,s042,8,50,0.9251893714901477,0.5466837286949158,-0.5466837286949158,1,0.7303761373866688
s042,s042,1,21,0.028721914728698335,0.9875380992889404,-0.9875380992889404,1,0.7303761373866688
s042,s042,4,39,0.9988529847882036,0.23595206439495087,-0.23595206439495087,1,0.7303761373866688
s042,s042,2,22,0.06581965203286104,0.9241267442703247,-0.9241267442703247,1,0.7303761373866688
s042,s042,3,7,0.973489095312662,0.4671974778175354,-0.4671974778175354,1,0.7303761373866688
s042,s042,6,21,0.8775878483938162,0.5865078568458557,-0.5865078568458557,1,0.7303761373866688
s042,s042,7,49,0.9840116827886073,0.4294772744178772,-0.4294772744178772,1,0.7303761373866688
s042,s042,3,3,3.673143457106798e-19,3.830681800842285,-3.830681800842285,1,0.7303761373866688
s042,s020,6,2,1.2409927211924732e-22,4.414463520050049,-4.414463520050049,0,0.7303761373866688
s042,s041,6,15,3.278546922554112e-69,12.247748374938965,-12.247748374938965,0,0.7303761373866688
s042,s035,8,16,0.006888270567685935,1.0934478044509888,-1.0934478044509888,0,0.7303761373866688
s042,s056,3,7,2.612118321073998e-10,2.342001438140869,-2.342001438140869,0,0.7303761373866688
s042,s055,7,9,8.386699388731696e-23,4.4430832862854,-4.4430832862854,0,0.7303761373866688
s042,s032,7,10,2.635001081788373e-17,3.5185916423797607,-3.5185916423797607,0,0.7303761373866688
s042,s015,7,9,2.546972053324015e-17,3.521073341369629,-3.521073341369629,0,0.7303761373866688
s042,s049,7,44,0.26500028180366286,0.804884672164917,-0.804884672164917,0,0.7303761373866688
s042,s013,2,4,1.2394790407085254e-08,2.060098171234131,-2.060098171234131,0,0.7303761373866688
s042,s056,5,2,3.1227349553100485e-08,1.9926100969314575,-1.9926100969314575,0,0.7303761373866688
s042,s048,2,42,0.014081510879637793,1.04069185256958,-1.04069185256958,0,0.7303761373866688
s042,s008,6,21,1.3178926671239154e-22,4.410072326660156,-4.410072326660156,0,0.7303761373866688
s042,s050,4,11,0.9699256685331777,0.4766765236854553,-0.4766765236854553,0,0.7303761373866688
s042,s015,6,27,3.5527139629204393e-28,5.346694469451904,-5.346694469451904,0,0.7303761373866688
s042,s038,6,3,0.2533620269635114,0.8093123435974121,-0.8093123435974121,0,0.7303761373866688
s042,s020,1,21,9.425279016846023e-18,3.593679666519165,-3.593679666519165,0,0.7303761373866688
s042,s003,2,38,9.620220293013095e-57,10.151021957397461,-10.151021957397461,0,0.7303761373866688
s042,s027,6,27,0.16368885198099836,0.8495029211044312,-0.8495029211044312,0,0.7303761373866688
s042,s024,1,50,9.59039496675475e-16,3.2560606002807617,-3.2560606002807617,0,0.7303761373866688
s042,s008,7,31,1.537505405711092e-14,3.053412675857544,-3.053412675857544,0,0.7303761373866688
s042,s041,2,1,2.927116295683399e-17,3.5109128952026367,-3.5109128952026367,0,0.7303761373866688
s042,s051,1,50,0.7744174546638324,0.6402897238731384,-0.6402897238731384,0,0.7303761373866688
s042,s031,7,31,2.388987609457435e-07,1.8439971208572388,-1.8439971208572388,0,0.7303761373866688
s042,s011,2,4,1.0232773933594374e-18,3.7558512687683105,-3.7558512687683105,0,0.7303761373866688
s042,s050,2,39,0.9729457572590701,0.468720018863678,-0.468720018863678,0,0.7303761373866688
s042,s040,7,29,3.148165119641238e-13,2.8328943252563477,-2.8328943252563477,0,0.7303761373866688
s042,s004,8,34,2.1929472850455746e-07,1.8502508401870728,-1.8502508401870728,0,0.7303761373866688
s042,s046,8,41,7.28844016630307e-05,1.4261735677719116,-1.4261735677719116,0,0.7303761373866688
s042,s054,4,2,1.2741559886492014e-05,1.553555965423584,-1.553555965423584,0,0.7303761373866688
s042,s033,7,49,1.1382494169760924e-36,6.7752299308776855,-6.7752299308776855,0,0.7303761373866688
s042,s028,7,7,7.650885748003545e-11,2.4316861629486084,-2.4316861629486084,0,0.7303761373866688
s042,s026,7,49,0.02197768059622282,1.0075907707214355,-1.0075907707214355,0,0.7303761373866688
s042,s038,5,15,0.340652902304594,0.7786091566085815,-0.7786091566085815,0,0.7303761373866688
s042,s012,2,39,3.984609903329898e-42,7.692769527435303,-7.692769527435303,0,0.7303761373866688
s042,s049,6,2,7.723629856440983e-87,15.212319374084473,-15.212319374084473,0,0.7303761373866688
s042,s002,8,50,4.165193888627061e-28,5.33507776260376,-5.33507776260376,0,0.7303761373866688
s042,s053,4,40,8.10764155161793e-12,2.5956263542175293,-2.5956263542175293,0,0.7303761373866688
s042,s003,8,41,9.538146914760931e-41,7.460842609405518,-7.460842609405518,0,0.7303761373866688
s042,s032,1,49,0.010583532779892726,1.06180739402771,-1.06180739402771,0,0.7303761373866688
s042,s015,3,7,2.45934695663377e-15,3.18727970123291,-3.18727970123291,0,0.7303761373866688
s042,s043,6,8,3.7657190703081414e-17,3.4925131797790527,-3.4925131797790527,0,0.7303761373866688
s042,s046,4,25,0.34146391526581243,0.7783455848693848,-0.7783455848693848,0,0.7303761373866688
s042,s047,6,24,1.4906823662021213e-06,1.7102688550949097,-1.7102688550949097,0,0.7303761373866688
s042,s054,7,16,9.914589192339165e-07,1.7400544881820679,-1.7400544881820679,0,0.7303761373866688
s042,s008,4,42,1.171540859612391e-13,2.9050920009613037,-2.9050920009613037,0,0.7303761373866688
s042,s027,5,44,0.06304429384130064,0.9274899363517761,-0.9274899363517761,0,0.7303761373866688
s042,s043,3,35,8.80809403676676e-09,2.085048198699951,-2.085048198699951,0,0.7303761373866688
s042,s008,3,22,2.0694230958568628e-16,3.36806321144104,-3.36806321144104,0,0.7303761373866688
s042,s008,3,31,4.470758258028903e-15,3.143627882003784,-3.143627882003784,0,0.7303761373866688
s042,s021,4,2,0.004879123767788816,1.1187827587127686,-1.1187827587127686,0,0.7303761373866688
s042,s027,2,5,1.5518950146707002e-11,2.548206329345703,-2.548206329345703,0,0.7303761373866688
s042,s036,2,1,1.6269265651806723e-302,51.4837760925293,-51.4837760925293,0,0.7303761373866688
s042,s050,8,48,0.16465615545066575,0.8489880561828613,-0.8489880561828613,0,0.7303761373866688
s042,s013,7,10,8.156521712304849e-20,3.9405899047851562,-3.9405899047851562,0,0.7303761373866688
s042,s011,5,18,5.961421046484235e-13,2.7862606048583984,-2.7862606048583984,0,0.7303761373866688
s042,s032,7,44,1.9395985721232031e-29,5.559074401855469,-5.559074401855469,0,0.7303761373866688
s042,s029,7,46,1.318711942919733e-11,2.56009840965271,-2.56009840965271,0,0.7303761373866688
s042,s051,6,3,7.967161251045729e-18,3.605954885482788,-3.605954885482788,0,0.7303761373866688
s042,s039,4,11,0.007740759903990608,1.0848630666732788,-1.0848630666732788,0,0.7303761373866688
s042,s007,6,8,2.3731148698925344e-10,2.3490099906921387,-2.3490099906921387,0,0.7303761373866688
s042,s007,7,4,0.002449034836023071,1.1693036556243896,-1.1693036556243896,0,0.7303761373866688
s042,s013,6,21,9.683483828940345e-14,2.919004440307617,-2.919004440307617,0,0.7303761373866688
s042,s036,5,6,3.2521148217182104e-160,27.55229377746582,-27.55229377746582,0,0.7303761373866688
s042,s002,4,25,0.0007417790878115479,1.256664514541626,-1.256664514541626,0,0.7303761373866688
s042,s021,4,17,0.006844229741422762,1.0939195156097412,-1.0939195156097412,0,0.7303761373866688
s042,s057,4,38,2.1095701699061136e-14,3.0303092002868652,-3.0303092002868652,0,0.7303761373866688
s042,s029,4,25,0.005834836810761937,1.1056475639343262,-1.1056475639343262,0,0.7303761373866688
s042,s053,8,34,1.609654293235127e-05,1.5364842414855957,-1.5364842414855957,0,0.7303761373866688
s042,s015,8,34,5.274632445297706e-22,4.308778285980225,-4.308778285980225,0,0.7303761373866688
s042,s004,1,14,3.1443008051499144e-10,2.328458070755005,-2.328458070755005,0,0.7303761373866688
s042,s026,7,44,1.6795473469553707e-10,2.3742575645446777,-2.3742575645446777,0,0.7303761373866688
s042,s053,2,1,4.223747839335906e-15,3.1477789878845215,-3.1477789878845215,0,0.7303761373866688
s042,s005,3,3,6.098315567788254e-18,3.625478982925415,-3.625478982925415,0,0.7303761373866688
s042,s057,1,22,1.5895799999897863e-35,6.5826616287231445,-6.5826616287231445,0,0.7303761373866688
s042,s018,3,31,4.940117941930742e-09,2.127284526824951,-2.127284526824951,0,0.7303761373866688
s042,s034,2,3,1.8592192904263835e-06,1.6941331624984741,-1.6941331624984741,0,0.7303761373866688
s042,s021,7,4,4.038543108720093e-06,1.6374757289886475,-1.6374757289886475,0,0.7303761373866688
s042,s010,3,3,4.111124714353949e-12,2.6452269554138184,-2.6452269554138184,0,0.7303761373866688
s042,s044,3,6,5.502703971491892e-14,2.9602839946746826,-2.9602839946746826,0,0.7303761373866688
s042,s031,7,16,0.09419113770697021,0.8956969380378723,-0.8956969380378723,0,0.7303761373866688
s043,s043,5,13,0.9948858359509636,0.6136510968208313,-0.6136510968208313,1,1.297528054930947
s043,s043,6,46,0.9516085361301236,0.9110164642333984,-0.9110164642333984,1,1.297528054930947
s043,s043,8,15,0.8477862925955602,1.0746979713439941,-1.0746979713439941,1,1.297528054930947
s043,s043,6,2,0.99981675075972,0.18107262253761292,-0.18107262253761292,1,1.297528054930947
s043,s043,8,41,0.9788112901923914,0.8002023696899414,-0.8002023696899414,1,1.297528054930947
s043,s043,8,16,0.99965884924945,0.2617315351963043,-0.2617315351963043,1,1.297528054930947
s043,s043,7,4,0.9956862138296994,0.5914630889892578,-0.5914630889892578,1,1.297528054930947
s043,s043,6,20,0.9987131777517967,0.4341150224208832,-0.4341150224208832,1,1.297528054930947
s043,s043,5,2,0.9995969171884439,0.28338462114334106,-0.28338462114334106,1,1.297528054930947
s043,s043,4,12,0.9973999507111434,0.525547981262207,-0.525547981262207,1,1.297528054930947
s043,s043,1,44,0.9996551921986163,0.2631155252456665,-0.2631155252456665,1,1.297528054930947
s043,s043,5,18,0.9998025706404163,0.19074541330337524,-0.19074541330337524,1,1.297528054930947
s043,s043,4,41,0.9998000152463095,0.19241440296173096,-0.19241440296173096,1,1.297528054930947
s043,s043,7,10,0.9886356253514097,0.7180724740028381,-0.7180724740028381,1,1.297528054930947
s043,s043,6,10,0.9982084576253029,0.4771159589290619,-0.4771159589290619,1,1.297528054930947
s043,s043,3,6,0.8714610357584132,1.0491890907287598,-1.0491890907287598,1,1.297528054930947
s043,s043,2,4,0.032342030951717164,1.7384943962097168,-1.7384943962097168,1,1.297528054930947
s043,s043,1,2,2.0698097433686452e-23,8.074776649475098,-8.074776649475098,1,1.297528054930947
s043,s043,1,50,0.9997507154150573,0.22101235389709473,-0.22101235389709473,1,1.297528054930947
s043,s043,2,31,0.9230999452751347,0.975062370300293,-0.975062370300293,1,1.297528054930947
s043,s043,5,6,0.9998952026252835,0.1085541769862175,-0.1085541769862175,1,1.297528054930947
s043,s043,1,35,0.9968636954496436,0.5499483346939087,-0.5499483346939087,1,1.297528054930947
s043,s043,6,14,0.9985089993045264,0.4532504677772522,-0.4532504677772522,1,1.297528054930947
s043,s043,2,42,0.9991585254497286,0.3789413869380951,-0.3789413869380951,1,1.297528054930947
s043,s043,7,40,0.9411196657501301,0.9379099607467651,-0.9379099607467651,1,1.297528054930947
s043,s043,2,3,0.004454645754282496,1.9994055032730103,-1.9994055032730103,1,1.297528054930947
s043,s043,7,46,0.9989525854713399,0.40737417340278625,-0.40737417340278625,1,1.297528054930947
s043,s043,6,15,0.9990166931207832,0.39917081594467163,-0.39917081594467163,1,1.297528054930947
s043,s043,5,42,0.9997795910317149,0.20503468811511993,-0.20503468811511993,1,1.297528054930947
s043,s043,1,14,0.9970566419441208,0.5416846871376038,-0.5416846871376038,1,1.297528054930947
s043,s043,7,16,0.9480091288232564,0.9208172559738159,-0.9208172559738159,1,1.297528054930947
s043,s043,2,39,0.9869215226420787,0.7365258932113647,-0.7365258932113647,1,1.297528054930947
s043,s043,6,24,0.9980336485663241,0.4892190396785736,-0.4892190396785736,1,1.297528054930947
s043,s043,4,17,0.9985978304081349,0.4452686309814453,-0.4452686309814453,1,1.297528054930947
s043,s043,7,29,0.9971511503467697,0.5374377965927124,-0.5374377965927124,1,1.297528054930947
s043,s043,8,44,0.9958150276900699,0.587512731552124,-0.587512731552124,1,1.297528054930947
s043,s043,3,35,0.9988687564382412,0.4173750877380371,-0.4173750877380371,1,1.297528054930947
s043,s043,7,7,0.9934695918008474,0.6455547213554382,-0.6455547213554382,1,1.297528054930947
s043,s043,8,34,0.9994432472969232,0.3253120183944702,-0.3253120183944702,1,1.297528054930947
s043,s043,7,20,0.9817944725575856,0.7801184058189392,-0.7801184058189392,1,1.297528054930947
s043,s043,5,44,0.9817975103168637,0.7800963521003723,-0.7800963521003723,1,1.297528054930947
s043,s043,2,5,0.19608372239768998,1.4806032180786133,-1.4806032180786133,1,1.297528054930947
s043,s043,2,1,0.9964757349148501,0.5651314854621887,-0.5651314854621887,1,1.297528054930947
s043,s043,4,25,0.997177098171546,0.536247193813324,-0.536247193813324,1,1.297528054930947
s043,s043,4,40,0.9989606493699791,0.4063703119754791,-0.4063703119754791,1,1.297528054930947
s043,s043,8,48,0.9996794610984894,0.25364255905151367,-0.25364255905151367,1,1.297528054930947
s043,s043,4,38,0.9993681037184995,0.34174901247024536,-0.34174901247024536,1,1.297528054930947
s043,s043,4,20,0.9978096365214929,0.5032469034194946,-0.5032469034194946,1,1.297528054930947
s043,s043,2,9,4.935568097756986e-09,3.7792837619781494,-3.7792837619781494,1,1.297528054930947
s043,s043,1,49,0.9650657458868778,0.8669137358665466,-0.8669137358665466,1,1.297528054930947
s043,s043,7,45,0.9977460946569436,0.506965696811676,-0.506965696811676,1,1.297528054930947
s043,s043,5,36,0.9998187367525665,0.17965847253799438,-0.17965847253799438,1,1.297528054930947
s043,s043,6,3,0.9968861675841761,0.5490123629570007,-0.5490123629570007,1,1.297528054930947
s043,s043,1,22,0.9931743719695573,0.651330292224884,-0.651330292224884,1,1.297528054930947
s043,s043,7,14,0.593387722333891,1.2484830617904663,-1.2484830617904663,1,1.297528054930947
s043,s043,4,11,0.9978442254966483,0.5011770725250244,-0.5011770725250244,1,1.297528054930947
s043,s043,6,27,0.9794004444304748,0.7964653968811035,-0.7964653968811035,1,1.297528054930947
s043,s043,4,42,0.9989167822570454,0.4117399752140045,-0.4117399752140045,1,1.297528054930947
s043,s043,6,44,0.9994686252090582,0.3192552924156189,-0.3192552924156189,1,1.297528054930947
s043,s043,7,44,0.9966592475846875,0.5581689476966858,-0.5581689476966858,1,1.297528054930947
s043,s043,6,8,0.9977864483525976,0.5046163201332092,-0.5046163201332092,1,1.297528054930947
s043,s043,7,9,0.9833790041522743,0.7680940628051758,-0.7680940628051758,1,1.297528054930947
s043,s043,3,50,0.9933640955051669,0.6476478576660156,-0.6476478576660156,1,1.297528054930947
s043,s043,3,31,0.9977393419023304,0.507354736328125,-0.507354736328125,1,1.297528054930947
s043,s043,4,2,0.9961927585854582,0.5751895308494568,-0.5751895308494568,1,1.297528054930947
s043,s043,8,10,0.9990949440192993,0.38840097188949585,-0.38840097188949585,1,1.297528054930947
s043,s043,2,50,0.9991115753719472,0.38599228858947754,-0.38599228858947754,1,1.297528054930947
s043,s043,8,23,0.9711268206137729,0.8413763642311096,-0.8413763642311096,1,1.297528054930947
s043,s043,2,38,0.9765500533474728,0.8136593699455261,-0.8136593699455261,1,1.297528054930947
s043,s043,7,31,0.8962009403897525,1.0178189277648926,-1.0178189277648926,1,1.297528054930947
s043,s043,5,15,0.9993608016174236,0.34324076771736145,-0.34324076771736145,1,1.297528054930947
s043,s043,3,22,0.9273220529451961,0.9671432971954346,-0.9671432971954346,1,1.297528054930947
s043,s043,8,50,0.9997260938217895,0.23323702812194824,-0.23323702812194824,1,1.297528054930947
s043,s043,1,21,0.07445076684280412,1.624537467956543,-1.624537467956543,1,1.297528054930947
s043,s043,4,39,0.9997672956079324,0.21207980811595917,-0.21207980811595917,1,1.297528054930947
s043,s043,2,22,0.9996828572655146,0.2522600293159485,-0.2522600293159485,1,1.297528054930947
s043,s043,3,7,0.9930754104775986,0.6532109379768372,-0.6532109379768372,1,1.297528054930947
s043,s043,6,21,0.9917141901541086,0.6766750812530518,-0.6766750812530518,1,1.297528054930947
s043,s043,7,49,0.9994349192455467,0.32723960280418396,-0.32723960280418396,1,1.297528054930947
s043,s043,3,3,0.5311529861938563,1.2813383340835571,-1.2813383340835571,1,1.297528054930947
s043,s020,6,2,4.963277744786329e-47,15.131698608398438,-15.131698608398438,0,1.297528054930947
s043,s041,6,15,4.040986447643775e-234,71.02777862548828,-71.02777862548828,0,1.297528054930947
s043,s035,8,16,4.074226323624897e-11,4.401702404022217,-4.401702404022217,0,1.297528054930947
s043,s056,3,7,7.197788900975391e-34,11.199499130249023,-11.199499130249023,0,1.297528054930947
s043,s055,7,9,3.0412378940137843e-35,11.6100492477417,-11.6100492477417,0,1.297528054930947
s043,s032,7,10,6.47246582684449e-58,18.383686065673828,-18.383686065673828,0,1.297528054930947
s043,s015,7,9,1.0478845332509823e-20,7.266796588897705,-7.266796588897705,0,1.297528054930947
s043,s049,7,44,1.1874136353670968e-11,4.561675071716309,-4.561675071716309,0,1.297528054930947
s043,s013,2,4,3.189813101680679e-17,6.2260565757751465,-6.2260565757751465,0,1.297528054930947
s043,s056,5,2,2.001426758201616e-14,5.390233993530273,-5.390233993530273,0,1.297528054930947
s043,s048,2,42,4.98276188444469e-20,7.064484596252441,-7.064484596252441,0,1.297528054930947
s043,s008,6,21,1.8492876672820813e-52,16.753633499145508,-16.753633499145508,0,1.297528054930947
s043,s050,4,11,4.2107498279416623e-16,5.891260147094727,-5.891260147094727,0,1.297528054930947
s043,s015,6,27,3.1540645478857344e-21,7.422586441040039,-7.422586441040039,0,1.297528054930947
s043,s038,6,3,0.0009446613496366828,2.2010927200317383,-2.2010927200317383,0,1.297528054930947
s043,s020,1,21,8.714122651227352e-70,21.930301666259766,-21.930301666259766,0,1.297528054930947
s043,s003,2,38,2.468918122882326e-64,20.301340103149414,-20.301340103149414,0,1.297528054930947
s043,s027,6,27,1.8736490803149165e-27,9.282763481140137,-9.282763481140137,0,1.297528054930947
s043,s024,1,50,0.9914809673961307,0.6803073287010193,-0.6803073287010193,0,1.297528054930947
s043,s008,7,31,1.160661061694299e-44,14.423938751220703,-14.423938751220703,0,1.297528054930947
s043,s041,2,1,3.596927167630771e-83,25.92908477783203,-25.92908477783203,0,1.297528054930947
s043,s051,1,50,1.3158943229843936e-10,4.249577522277832,-4.249577522277832,0,1.297528054930947
s043,s031,7,31,7.961845775768538e-24,8.198740005493164,-8.198740005493164,0,1.297528054930947
s043,s011,2,4,3.543745279019036e-77,24.138416290283203,-24.138416290283203,0,1.297528054930947
s043,s050,2,39,2.9545661034072914e-25,8.626132011413574,-8.626132011413574,0,1.297528054930947
s043,s040,7,29,9.079253495108887e-67,21.028675079345703,-21.028675079345703,0,1.297528054930947
s043,s004,8,34,6.6424317131902005e-46,14.795120239257812,-14.795120239257812,0,1.297528054930947
s043,s046,8,41,2.130887193332479e-42,13.747573852539062,-13.747573852539062,0,1.297528054930947
s043,s054,4,2,0.0005186066052703615,2.278958320617676,-2.278958320617676,0,1.297528054930947
s043,s033,7,49,9.002825552078282e-130,39.85208511352539,-39.85208511352539,0,1.297528054930947
s043,s028,7,7,3.289737989006899e-05,2.636847496032715,-2.636847496032715,0,1.297528054930947
s043,s026,7,49,4.1507745145831526e-13,4.99682092666626,-4.99682092666626,0,1.297528054930947
s043,s038,5,15,6.116747085372157e-08,3.452676773071289,-3.452676773071289,0,1.297528054930947
s043,s012,2,39,1.714745433136337e-137,42.15861892700195,-42.15861892700195,0,1.297528054930947
s043,s049,6,2,2.8070678584976893e-41,13.413046836853027,-13.413046836853027,0,1.297528054930947
s043,s002,8,50,5.8479131571550154e-102,31.54259490966797,-31.54259490966797,0,1.297528054930947
s043,s053,4,40,4.9314663432118665e-24,8.260894775390625,-8.260894775390625,0,1.297528054930947
s043,s003,8,41,7.059085848249301e-165,50.340484619140625,-50.340484619140625,0,1.297528054930947
s043,s032,1,49,1.0890047023597683e-05,2.7802977561950684,-2.7802977561950684,0,1.297528054930947
s043,s015,3,7,1.3334855189181325e-11,4.546621322631836,-4.546621322631836,0,1.297528054930947
s043,s042,6,8,4.723152373112241e-18,6.473893642425537,-6.473893642425537,0,1.297528054930947
s043,s046,4,25,2.1459791615638933e-21,7.472553730010986,-7.472553730010986,0,1.297528054930947
s043,s047,6,24,7.814892241916764e-27,9.097457885742188,-9.097457885742188,0,1.297528054930947
s043,s054,7,16,1.3190492030003207e-22,7.834469318389893,-7.834469318389893,0,1.297528054930947
s043,s008,4,42,1.4479970946595903e-29,9.913735389709473,-9.913735389709473,0,1.297528054930947
s043,s027,5,44,8.748626645257052e-27,9.082813262939453,-9.082813262939453,0,1.297528054930947
s043,s042,3,35,6.029599360083366e-32,10.624943733215332,-10.624943733215332,0,1.297528054930947
s043,s008,3,22,7.681080120095759e-44,14.178735733032227,-14.178735733032227,0,1.297528054930947
s043,s008,3,31,2.868465377912054e-33,11.02010440826416,-11.02010440826416,0,1.297528054930947
s043,s021,4,2,1.7428743607824286e-05,2.719277858734131,-2.719277858734131,0,1.297528054930947
s043,s027,2,5,1.6978396640026557e-57,18.258554458618164,-18.258554458618164,0,1.297528054930947
s043,s036,2,1,2.209673989938662e-21,7.468758583068848,-7.468758583068848,0,1.297528054930947
s043,s050,8,48,7.495600594551757e-25,8.50533676147461,-8.50533676147461,0,1.297528054930947
s043,s013,7,10,7.154548920867497e-22,7.615078449249268,-7.615078449249268,0,1.297528054930947
s043,s011,5,18,1.416754190000965e-68,21.56847381591797,-21.56847381591797,0,1.297528054930947
s043,s032,7,44,8.976535202906557e-85,26.407955169677734,-26.407955169677734,0,1.297528054930947
s043,s029,7,46,6.425323523398821e-25,8.525327682495117,-8.525327682495117,0,1.297528054930947
s043,s051,6,3,7.501230018343463e-11,4.322503089904785,-4.322503089904785,0,1.297528054930947
s043,s039,4,11,4.4737714375848507e-26,8.87106704711914,-8.87106704711914,0,1.297528054930947
s043,s007,6,8,3.5873309428522716e-45,14.576290130615234,-14.576290130615234,0,1.297528054930947
s043,s007,7,4,4.917924539546579e-29,9.755085945129395,-9.755085945129395,0,1.297528054930947
s043,s013,6,21,3.508357561474368e-19,6.811239719390869,-6.811239719390869,0,1.297528054930947
s043,s036,5,6,2.4296158065801045e-14,5.365078449249268,-5.365078449249268,0,1.297528054930947
s043,s002,4,25,3.894103785052423e-18,6.498937606811523,-6.498937606811523,0,1.297528054930947
s043,s021,4,17,4.776851034067798e-13,4.978592395782471,-4.978592395782471,0,1.297528054930947
s043,s057,4,38,2.0895528549699053e-38,12.555047988891602,-12.555047988891602,0,1.297528054930947
s043,s029,4,25,9.071597715701488e-17,6.09044075012207,-6.09044075012207,0,1.297528054930947
s043,s053,8,34,2.1062040026954035e-34,11.3589506149292,-11.3589506149292,0,1.297528054930947
s043,s015,8,34,2.1798034634153943e-11,4.482855796813965,-4.482855796813965,0,1.297528054930947
s043,s004,1,14,2.474282336038007e-36,11.935585975646973,-11.935585975646973,0,1.297528054930947
s043,s026,7,44,1.5307156565808596e-27,9.308993339538574,-9.308993339538574,0,1.297528054930947
s043,s053,2,1,1.8657744928991366e-36,11.972211837768555,-11.972211837768555,0,1.297528054930947
s043,s005,3,3,7.063932077743234e-52,16.57973861694336,-16.57973861694336,0,1.297528054930947
s043,s057,1,22,5.467551652595728e-32,10.637639999389648,-10.637639999389648,0,1.297528054930947
s043,s018,3,31,2.3065668043183915e-35,11.645926475524902,-11.645926475524902,0,1.297528054930947
s043,s034,2,3,4.055180235065918e-20,7.091212272644043,-7.091212272644043,0,1.297528054930947
s043,s021,7,4,3.47940113922084e-07,3.2271125316619873,-3.2271125316619873,0,1.297528054930947
s043,s010,3,3,0.0019279330939185714,2.1084022521972656,-2.1084022521972656,0,1.297528054930947
s043,s044,3,6,0.9952557402085398,0.6038612127304077,-0.6038612127304077,0,1.297528054930947
s043,s031,7,16,5.081945418714182e-35,11.54343032836914,-11.54343032836914,0,1.297528054930947
s044,s044,5,13,0.9987703542776977,0.26989662647247314,-0.26989662647247314,1,0.8178186977993358
s044,s044,6,46,0.9977199083347547,0.32048213481903076,-0.32048213481903076,1,0.8178186977993358
s044,s044,8,15,0.9995830823831428,0.1813754290342331,-0.1813754290342331,1,0.8178186977993358
s044,s044,6,2,0.9388475709800497,0.5944492220878601,-0.5944492220878601,1,0.8178186977993358
s044,s044,8,41,0.9996453107020423,0.16815058887004852,-0.16815058887004852,1,0.8178186977993358
s044,s044,8,16,0.9983796943199568,0.2924913167953491,-0.2924913167953491,1,0.8178186977993358
s044,s044,7,4,0.9908779305666562,0.4344339072704315,-0.4344339072704315,1,0.8178186977993358
s044,s044,6,20,0.9381840593307901,0.5953896045684814,-0.5953896045684814,1,0.8178186977993358
s044,s044,5,2,0.9953016088264557,0.37980926036834717,-0.37980926036834717,1,0.8178186977993358
s044,s044,4,12,0.9989405902137871,0.2576960325241089,-0.2576960325241089,1,0.8178186977993358
s044,s044,1,44,0.997797612341968,0.317640095949173,-0.317640095949173,1,0.8178186977993358
s044,s044,5,18,0.999769669972157,0.13283281028270721,-0.13283281028270721,1,0.8178186977993358
s044,s044,4,41,0.0008417657366390637,1.396766185760498,-1.396766185760498,1,0.8178186977993358
s044,s044,7,10,0.0005064343194209792,1.438347578048706,-1.438347578048706,1,0.8178186977993358
s044,s044,6,10,0.929302986955306,0.6071460247039795,-0.6071460247039795,1,0.8178186977993358
s044,s044,3,6,0.9977101734489193,0.3208313584327698,-0.3208313584327698,1,0.8178186977993358
s044,s044,2,4,0.9980587772121877,0.30729585886001587,-0.30729585886001587,1,0.8178186977993358
s044,s044,1,2,8.000616572543442e-22,4.790565490722656,-4.790565490722656,1,0.8178186977993358
s044,s044,1,50,2.2331032866193206e-05,1.6936625242233276,-1.6936625242233276,1,0.8178186977993358
s044,s044,2,31,0.9754463143909282,0.5166951417922974,-0.5166951417922974,1,0.8178186977993358
s044,s044,5,6,0.9978243569950501,0.316638708114624,-0.316638708114624,1,0.8178186977993358
s044,s044,1,35,0.992244824529504,0.4210450053215027,-0.4210450053215027,1,0.8178186977993358
s044,s044,6,14,0.9969579623058109,0.34412330389022827,-0.34412330389022827,1,0.8178186977993358
s044,s044,2,42,0.8318892430855572,0.6870432496070862,-0.6870432496070862,1,0.8178186977993358
s044,s044,7,40,0.9994922838843623,0.19749665260314941,-0.19749665260314941,1,0.8178186977993358
s044,s044,2,3,0.001036759626132227,1.3797106742858887,-1.3797106742858887,1,0.8178186977993358
s044,s044,7,46,0.9905383511373643,0.4374510645866394,-0.4374510645866394,1,0.8178186977993358
s044,s044,6,15,0.7286422286866637,0.7370390892028809,-0.7370390892028809,1,0.8178186977993358
s044,s044,5,42,0.44527401563934127,0.8357930779457092,-0.8357930779457092,1,0.8178186977993358
s044,s044,1,14,0.029798263674570048,1.102669358253479,-1.102669358253479,1,0.8178186977993358
s044,s044,7,16,0.9986089830933629,0.27999427914619446,-0.27999427914619446,1,0.8178186977993358
s044,s044,2,39,0.9242110584935167,0.6132832169532776,-0.6132832169532776,1,0.8178186977993358
s044,s044,6,24,0.9264770547486333,0.610600471496582,-0.610600471496582,1,0.8178186977993358
s044,s044,4,17,0.9958977424405133,0.3686639070510864,-0.3686639070510864,1,0.8178186977993358
s044,s044,7,29,0.9922242317052494,0.42126357555389404,-0.42126357555389404,1,0.8178186977993358
s044,s044,8,44,0.9990573170893046,0.24813948571681976,-0.24813948571681976,1,0.8178186977993358
s044,s044,3,35,0.9989080167588231,0.26017534732818604,-0.26017534732818604,1,0.8178186977993358
s044,s044,7,7,0.9977488536573109,0.31943491101264954,-0.31943491101264954,1,0.8178186977993358
s044,s044,8,34,0.3651495425614706,0.8630508184432983,-0.8630508184432983,1,0.8178186977993358
s044,s044,7,20,0.9981997096888124,0.301120400428772,-0.301120400428772,1,0.8178186977993358
s044,s044,5,44,0.0008475327158848791,1.396207332611084,-1.396207332611084,1,0.8178186977993358
s044,s044,2,5,0.9995970874669349,0.17857986688613892,-0.17857986688613892,1,0.8178186977993358
s044,s044,2,1,0.9960385937391617,0.3657950162887573,-0.3657950162887573,1,0.8178186977993358
s044,s044,4,25,0.9943498879318994,0.3949725925922394,-0.3949725925922394,1,0.8178186977993358
s044,s044,4,40,0.9931508805304965,0.4108097553253174,-0.4108097553253174,1,0.8178186977993358
s044,s044,8,48,0.575250895875393,0.7930136322975159,-0.7930136322975159,1,0.8178186977993358
s044,s044,4,38,0.5909163201409797,0.7877430319786072,-0.7877430319786072,1,0.8178186977993358
s044,s044,4,20,0.9665632113797882,0.5426971316337585,-0.5426971316337585,1,0.8178186977993358
s044,s044,2,9,0.9665758108610524,0.5426652431488037,-0.5426652431488037,1,0.8178186977993358
s044,s044,1,49,0.9996692035688752,0.16244524717330933,-0.16244524717330933,1,0.8178186977993358
s044,s044,7,45,0.9996917732885328,0.15666407346725464,-0.15666407346725464,1,0.8178186977993358
s044,s044,5,36,0.9581247193438124,0.5618183612823486,-0.5618183612823486,1,0.8178186977993358
s044,s044,6,3,0.6424415934789237,0.769896388053894,-0.769896388053894,1,0.8178186977993358
s044,s044,1,22,0.9991828677022747,0.23644021153450012,-0.23644021153450012,1,0.8178186977993358
s044,s044,7,14,0.9994672756826848,0.20143090188503265,-0.20143090188503265,1,0.8178186977993358
s044,s044,4,11,0.997901236149367,0.3136902451515198,-0.3136902451515198,1,0.8178186977993358
s044,s044,6,27,0.9200685661618101,0.6180027723312378,-0.6180027723312378,1,0.8178186977993358
s044,s044,4,42,0.9998113792271016,0.11649145185947418,-0.11649145185947418,1,0.8178186977993358
s044,s044,6,44,0.3646946733427431,0.8632113337516785,-0.8632113337516785,1,0.8178186977993358
s044,s044,7,44,0.9926626517146113,0.41648125648498535,-0.41648125648498535,1,0.8178186977993358
s044,s044,6,8,0.9876663565643602,0.4593676030635834,-0.4593676030635834,1,0.8178186977993358
s044,s044,7,9,0.9987730254694648,0.26971855759620667,-0.26971855759620667,1,0.8178186977993358
s044,s044,3,50,0.9800936213903314,0.49914681911468506,-0.49914681911468506,1,0.8178186977993358
s044,s044,3,31,0.0008277759974780979,1.3981379270553589,-1.3981379270553589,1,0.8178186977993358
s044,s044,4,2,0.034237499567627096,1.0909371376037598,-1.0909371376037598,1,0.8178186977993358
s044,s044,8,10,0.001009514867562636,1.3818907737731934,-1.3818907737731934,1,0.8178186977993358
s044,s044,2,50,0.9984623201675917,0.2882040739059448,-0.2882040739059448,1,0.8178186977993358
s044,s044,8,23,0.991491871133248,0.42868512868881226,-0.42868512868881226,1,0.8178186977993358
s044,s044,2,38,0.9645348715367831,0.5476853251457214,-0.5476853251457214,1,0.8178186977993358
s044,s044,7,31,0.9874712415754628,0.4606674015522003,-0.4606674015522003,1,0.8178186977993358
s044,s044,5,15,0.9760631022045148,0.5145628452301025,-0.5145628452301025,1,0.8178186977993358
s044,s044,3,22,0.5223110676722169,0.810515284538269,-0.810515284538269,1,0.8178186977993358
s044,s044,8,50,0.9900450043247293,0.44164860248565674,-0.44164860248565674,1,0.8178186977993358
s044,s044,1,21,0.9993969056631463,0.21158330142498016,-0.21158330142498016,1,0.8178186977993358
s044,s044,4,39,0.988819971059554,0.45124101638793945,-0.45124101638793945,1,0.8178186977993358
s044,s044,2,22,2.513146465323249e-11,2.8138606548309326,-2.8138606548309326,1,0.8178186977993358
s044,s044,3,7,0.9974578211243571,0.32940196990966797,-0.32940196990966797,1,0.8178186977993358
s044,s044,6,21,0.28745127947554555,0.892059862613678,-0.892059862613678,1,0.8178186977993358
s044,s044,7,49,0.9893966108789789,0.4468625485897064,-0.4468625485897064,1,0.8178186977993358
s044,s044,3,3,0.9987319520541053,0.27241477370262146,-0.27241477370262146,1,0.8178186977993358
s044,s020,6,2,6.927386687292104e-49,9.886707305908203,-9.886707305908203,0,0.8178186977993358
s044,s041,6,15,3.1383976998731643e-265,50.62635803222656,-50.62635803222656,0,0.8178186977993358
s044,s035,8,16,6.88852888794832e-09,2.35477876663208,-2.35477876663208,0,0.8178186977993358
s044,s056,3,7,1.4137397792282797e-31,6.627103805541992,-6.627103805541992,0,0.8178186977993358
s044,s055,7,9,5.2903507899650416e-33,6.8958001136779785,-6.8958001136779785,0,0.8178186977993358
s044,s032,7,10,2.3499987982762175e-61,12.234835624694824,-12.234835624694824,0,0.8178186977993358
s044,s015,7,9,1.7145770339106768e-19,4.351609230041504,-4.351609230041504,0,0.8178186977993358
s044,s049,7,44,2.9140641372171916e-12,2.990065574645996,-2.990065574645996,0,0.8178186977993358
s044,s013,2,4,6.738249849228841e-14,3.298131227493286,-3.298131227493286,0,0.8178186977993358
s044,s056,5,2,2.9302485185003414e-11,2.801302909851074,-2.801302909851074,0,0.8178186977993358
s044,s048,2,42,1.9545982685485343e-17,3.9642748832702637,-3.9642748832702637,0,0.8178186977993358
s044,s008,6,21,1.3695886270608975e-56,11.337441444396973,-11.337441444396973,0,0.8178186977993358
s044,s050,4,11,1.4703425156397094e-14,3.422628164291382,-3.422628164291382,0,0.8178186977993358
s044,s015,6,27,2.0501935031550858e-22,4.901918411254883,-4.901918411254883,0,0.8178186977993358
s044,s038,6,3,0.758971761125718,0.7240107655525208,-0.7240107655525208,0,0.8178186977993358
s044,s020,1,21,2.2107681686689115e-73,14.499547004699707,-14.499547004699707,0,0.8178186977993358
s044,s003,2,38,5.115298887066004e-75,14.807559967041016,-14.807559967041016,0,0.8178186977993358
s044,s027,6,27,7.978409305394229e-25,5.355721950531006,-5.355721950531006,0,0.8178186977993358
s044,s024,1,50,0.9960754655165048,0.36502721905708313,-0.36502721905708313,0,0.8178186977993358
s044,s008,7,31,1.428699478887307e-45,9.262578964233398,-9.262578964233398,0,0.8178186977993358
s044,s041,2,1,1.1883214517817395e-89,17.56327247619629,-17.56327247619629,0,0.8178186977993358
s044,s051,1,50,1.8269148022376617e-07,2.086702585220337,-2.086702585220337,0,0.8178186977993358
s044,s031,7,31,2.5677369340471386e-23,5.07181978225708,-5.07181978225708,0,0.8178186977993358
s044,s011,2,4,2.6507072734055245e-79,15.61456298828125,-15.61456298828125,0,0.8178186977993358
s044,s050,2,39,7.812322235670011e-25,5.357442378997803,-5.357442378997803,0,0.8178186977993358
s044,s040,7,29,5.480822391055485e-69,13.672057151794434,-13.672057151794434,0,0.8178186977993358
s044,s004,8,34,2.0865659654721616e-44,9.043293952941895,-9.043293952941895,0,0.8178186977993358
s044,s046,8,41,2.326549718586062e-40,8.28115177154541,-8.28115177154541,0,0.8178186977993358
s044,s054,4,2,0.009280350173514092,1.1997835636138916,-1.1997835636138916,0,0.8178186977993358
s044,s033,7,49,5.488222490741203e-148,28.54841423034668,-28.54841423034668,0,0.8178186977993358
s044,s028,7,7,0.026666755740191908,1.112013339996338,-1.112013339996338,0,0.8178186977993358
s044,s026,7,49,4.4942373815524806e-10,2.578014373779297,-2.578014373779297,0,0.8178186977993358
s044,s038,5,15,7.727948761591453e-05,1.5921298265457153,-1.5921298265457153,0,0.8178186977993358
s044,s012,2,39,5.816458535733802e-153,29.485212326049805,-29.485212326049805,0,0.8178186977993358
s044,s049,6,2,4.356384219093251e-62,12.37266731262207,-12.37266731262207,0,0.8178186977993358
s044,s002,8,50,6.334921238447842e-115,22.322460174560547,-22.322460174560547,0,0.8178186977993358
s044,s053,4,40,8.739492844634186e-22,4.783341407775879,-4.783341407775879,0,0.8178186977993358
s044,s003,8,41,2.6786351866778647e-181,34.82129669189453,-34.82129669189453,0,0.8178186977993358
s044,s032,1,49,0.15347633121609636,0.9574687480926514,-0.9574687480926514,0,0.8178186977993358
s044,s015,3,7,3.069067764911668e-07,2.044278621673584,-2.044278621673584,0,0.8178186977993358
s044,s042,6,8,5.741700549538047e-18,4.064458847045898,-4.064458847045898,0,0.8178186977993358
s044,s046,4,25,1.4149336996092126e-18,4.179008483886719,-4.179008483886719,0,0.8178186977993358
s044,s047,6,24,1.0971758256625821e-27,5.894596576690674,-5.894596576690674,0,0.8178186977993358
s044,s054,7,16,7.951034924379727e-20,4.414454460144043,-4.414454460144043,0,0.8178186977993358
s044,s008,4,42,2.1234405180988766e-28,6.028905868530273,-6.028905868530273,0,0.8178186977993358
s044,s027,5,44,7.681743586563467e-26,5.547130584716797,-5.547130584716797,0,0.8178186977993358
s044,s042,3,35,7.235076920618374e-33,6.870197772979736,-6.870197772979736,0,0.8178186977993358
s044,s008,3,22,6.372319437656988e-46,9.328608512878418,-9.328608512878418,0,0.8178186977993358
s044,s008,3,31,4.4054829696302563e-32,6.722459316253662,-6.722459316253662,0,0.8178186977993358
s044,s021,4,2,0.07032805175337994,1.0289517641067505,-1.0289517641067505,0,0.8178186977993358
s044,s027,2,5,4.959084046160345e-61,12.173760414123535,-12.173760414123535,0,0.8178186977993358
s044,s036,2,1,7.199746652899702e-27,5.740739822387695,-5.740739822387695,0,0.8178186977993358
s044,s050,8,48,1.8570809758748575e-21,4.721699237823486,-4.721699237823486,0,0.8178186977993358
s044,s013,7,10,1.5317918584194973e-20,4.549138069152832,-4.549138069152832,0,0.8178186977993358
s044,s011,5,18,1.466329190450192e-75,14.909744262695312,-14.909744262695312,0,0.8178186977993358
s044,s032,7,44,4.6542360878694785e-92,18.016550064086914,-18.016550064086914,0,0.8178186977993358
s044,s029,7,46,6.773320671407726e-23,4.992494106292725,-4.992494106292725,0,0.8178186977993358
s044,s051,6,3,3.6355079322400192e-06,1.8421168327331543,-1.8421168327331543,0,0.8178186977993358
s044,s039,4,11,2.4968848717140482e-23,5.074108123779297,-5.074108123779297,0,0.8178186977993358
s044,s007,6,8,3.298343326131143e-45,9.1941556930542,-9.1941556930542,0,0.8178186977993358
s044,s007,7,4,6.165821421909965e-26,5.565108299255371,-5.565108299255371,0,0.8178186977993358
s044,s013,6,21,3.4269737784364747e-18,4.106664657592773,-4.106664657592773,0,0.8178186977993358
s044,s036,5,6,4.7284585944727157e-23,5.021885871887207,-5.021885871887207,0,0.8178186977993358
s044,s002,4,25,6.213476016534109e-15,3.4930717945098877,-3.4930717945098877,0,0.8178186977993358
s044,s021,4,17,2.505170429057898e-09,2.4375011920928955,-2.4375011920928955,0,0.8178186977993358
s044,s057,4,38,1.1997607299230347e-37,7.770383834838867,-7.770383834838867,0,0.8178186977993358
s044,s029,4,25,1.4155329737275921e-14,3.4257349967956543,-3.4257349967956543,0,0.8178186977993358
s044,s053,8,34,3.742452406484671e-36,7.48903751373291,-7.48903751373291,0,0.8178186977993358
s044,s015,8,34,2.708244782273392e-10,2.619436502456665,-2.619436502456665,0,0.8178186977993358
s044,s004,1,14,1.5263498612758268e-37,7.750694274902344,-7.750694274902344,0,0.8178186977993358
s044,s026,7,44,2.8893834978941866e-25,5.438787460327148,-5.438787460327148,0,0.8178186977993358
s044,s053,2,1,1.100713571354003e-39,8.15404987335205,-8.15404987335205,0,0.8178186977993358
s044,s005,3,3,5.118888457474304e-57,11.417927742004395,-11.417927742004395,0,0.8178186977993358
s044,s057,1,22,7.115402785739469e-37,7.624800682067871,-7.624800682067871,0,0.8178186977993358
s044,s018,3,31,1.0669432346366814e-35,7.403359413146973,-7.403359413146973,0,0.8178186977993358
s044,s034,2,3,5.0278568535759015e-20,4.451935768127441,-4.451935768127441,0,0.8178186977993358
s044,s021,7,4,0.005695379445472053,1.2400084733963013,-1.2400084733963013,0,0.8178186977993358
s044,s010,3,3,0.5578994793512251,0.798792839050293,-0.798792839050293,0,0.8178186977993358
s044,s043,3,6,5.25161962935872e-09,2.3769679069519043,-2.3769679069519043,0,0.8178186977993358
s044,s031,7,16,3.99022211635165e-33,6.91886568069458,-6.91886568069458,0,0.8178186977993358
s046,s046,5,13,0.9992969069596538,0.20478986203670502,-0.20478986203670502,1,0.7472222646258094
s046,s046,6,46,0.48260125371165946,0.7524246573448181,-0.7524246573448181,1,0.7472222646258094
s046,s046,8,15,0.9674336596418703,0.4938117265701294,-0.4938117265701294,1,0.7472222646258094
s046,s046,6,2,0.3770831545344832,0.7847288846969604,-0.7847288846969604,1,0.7472222646258094
s046,s046,8,41,0.9951248529356217,0.3497958183288574,-0.3497958183288574,1,0.7472222646258094
s046,s046,8,16,0.9728486764172851,0.47980615496635437,-0.47980615496635437,1,0.7472222646258094
s046,s046,7,4,0.9924367494516315,0.3828122615814209,-0.3828122615814209,1,0.7472222646258094
s046,s046,6,20,0.05034825793450798,0.966691255569458,-0.966691255569458,1,0.7472222646258094
s046,s046,5,2,0.2646180062467462,0.8235960602760315,-0.8235960602760315,1,0.7472222646258094
s046,s046,4,12,0.9991626078507122,0.2178615927696228,-0.2178615927696228,1,0.7472222646258094
s046,s046,1,44,4.7096476652411216e-24,4.760734558105469,-4.760734558105469,1,0.7472222646258094
s046,s046,5,18,0.968191997016541,0.49199262261390686,-0.49199262261390686,1,0.7472222646258094
s046,s046,4,41,0.9978608140688984,0.2880401015281677,-0.2880401015281677,1,0.7472222646258094
s046,s046,7,10,0.6334306226242448,0.7063519954681396,-0.7063519954681396,1,0.7472222646258094
s046,s046,6,10,0.9948551367329653,0.3538397550582886,-0.3538397550582886,1,0.7472222646258094
s046,s046,3,6,0.9961966637344958,0.3311639726161957,-0.3311639726161957,1,0.7472222646258094
s046,s046,2,4,0.7849454698517319,0.6504777073860168,-0.6504777073860168,1,0.7472222646258094
s046,s046,1,2,2.6586750919741712e-20,4.1152424812316895,-4.1152424812316895,1,0.7472222646258094
s046,s046,1,50,1.125506294718359e-08,2.1148219108581543,-2.1148219108581543,1,0.7472222646258094
s046,s046,2,31,5.124731173154453e-25,4.926477432250977,-4.926477432250977,1,0.7472222646258094
s046,s046,5,6,0.8891909074527665,0.5916129946708679,-0.5916129946708679,1,0.7472222646258094
s046,s046,1,35,0.974111130873462,0.4761515259742737,-0.4761515259742737,1,0.7472222646258094
s046,s046,6,14,0.00943604963637225,1.0949598550796509,-1.0949598550796509,1,0.7472222646258094
s046,s046,2,42,0.7278326875747612,0.673721432685852,-0.673721432685852,1,0.7472222646258094
s046,s046,7,40,0.9992072903523184,0.21376082301139832,-0.21376082301139832,1,0.7472222646258094
s046,s046,2,3,4.593310459360809e-06,1.665626049041748,-1.665626049041748,1,0.7472222646258094
s046,s046,7,46,0.9906629813947578,0.3986888527870178,-0.3986888527870178,1,0.7472222646258094
s046,s046,6,15,0.9663703855209824,0.4962945580482483,-0.4962945580482483,1,0.7472222646258094
s046,s046,5,42,0.041759641938331496,0.9813395738601685,-0.9813395738601685,1,0.7472222646258094
s046,s046,1,14,0.024045378352420863,1.0239540338516235,-1.0239540338516235,1,0.7472222646258094
s046,s046,7,16,0.9837259581487093,0.44072842597961426,-0.44072842597961426,1,0.7472222646258094
s046,s046,2,39,0.3749435663438066,0.7854102849960327,-0.7854102849960327,1,0.7472222646258094
s046,s046,6,24,0.8926038681794227,0.5889890789985657,-0.5889890789985657,1,0.7472222646258094
s046,s046,4,17,0.7194199102890735,0.6768648624420166,-0.6768648624420166,1,0.7472222646258094
s046,s046,7,29,0.9998056414303712,0.10867515206336975,-0.10867515206336975,1,0.7472222646258094
s046,s046,8,44,0.9859656684004308,0.4294947683811188,-0.4294947683811188,1,0.7472222646258094
s046,s046,3,35,0.998618654569048,0.2553023099899292,-0.2553023099899292,1,0.7472222646258094
s046,s046,7,7,0.9996480898689002,0.1530473530292511,-0.1530473530292511,1,0.7472222646258094
s046,s046,8,34,0.9420702168079406,0.5388333201408386,-0.5388333201408386,1,0.7472222646258094
s046,s046,7,20,0.9976187550118469,0.29606831073760986,-0.29606831073760986,1,0.7472222646258094
s046,s046,5,44,0.9797505479005075,0.45736202597618103,-0.45736202597618103,1,0.7472222646258094
s046,s046,2,5,0.34970063513066774,0.7935765981674194,-0.7935765981674194,1,0.7472222646258094
s046,s046,2,1,0.005884951944852349,1.1305065155029297,-1.1305065155029297,1,0.7472222646258094
s046,s046,4,25,0.9990713299337888,0.2255992591381073,-0.2255992591381073,1,0.7472222646258094
s046,s046,4,40,0.9977225335630732,0.2927309274673462,-0.2927309274673462,1,0.7472222646258094
s046,s046,8,48,0.9942981213149473,0.3615628182888031,-0.3615628182888031,1,0.7472222646258094
s046,s046,4,38,0.9988564683718645,0.24116675555706024,-0.24116675555706024,1,0.7472222646258094
s046,s046,4,20,0.9997880993048974,0.11513343453407288,-0.11513343453407288,1,0.7472222646258094
s046,s046,2,9,0.8517318445909627,0.6165891885757446,-0.6165891885757446,1,0.7472222646258094
s046,s046,1,49,1.4488772697154972e-08,2.0959503650665283,-2.0959503650665283,1,0.7472222646258094
s046,s046,7,45,0.9988816830013245,0.2394988238811493,-0.2394988238811493,1,0.7472222646258094
s046,s046,5,36,0.9895924638695273,0.4068802297115326,-0.4068802297115326,1,0.7472222646258094
s046,s046,6,3,3.1260625266437744e-07,1.8664357662200928,-1.8664357662200928,1,0.7472222646258094
s046,s046,1,22,6.944685460862043e-18,3.6993894577026367,-3.6993894577026367,1,0.7472222646258094
s046,s046,7,14,0.9959341401815978,0.33617112040519714,-0.33617112040519714,1,0.7472222646258094
s046,s046,4,11,0.9973025895158629,0.3054075241088867,-0.3054075241088867,1,0.7472222646258094
s046,s046,6,27,0.851133996044183,0.6169423460960388,-0.6169423460960388,1,0.7472222646258094
s046,s046,4,42,0.981365386687124,0.4510290324687958,-0.4510290324687958,1,0.7472222646258094
s046,s046,6,44,0.023457526647877126,1.0258485078811646,-1.0258485078811646,1,0.7472222646258094
s046,s046,7,44,0.9991765350597148,0.21660734713077545,-0.21660734713077545,1,0.7472222646258094
s046,s046,6,8,0.9825326802471296,0.446106493473053,-0.446106493473053,1,0.7472222646258094
s046,s046,7,9,0.998214802020521,0.2744966447353363,-0.2744966447353363,1,0.7472222646258094
s046,s046,3,50,0.983751612855889,0.44060859084129333,-0.44060859084129333,1,0.7472222646258094
s046,s046,3,31,0.9989411235421205,0.2354133129119873,-0.2354133129119873,1,0.7472222646258094
s046,s046,4,2,0.9981661661445579,0.27650877833366394,-0.27650877833366394,1,0.7472222646258094
s046,s046,8,10,0.3705769326305949,0.7868058085441589,-0.7868058085441589,1,0.7472222646258094
s046,s046,2,50,0.9996920656214,0.14306946098804474,-0.14306946098804474,1,0.7472222646258094
s046,s046,8,23,0.9869442861751608,0.4240196645259857,-0.4240196645259857,1,0.7472222646258094
s046,s046,2,38,0.010768935242333907,1.0849863290786743,-1.0849863290786743,1,0.7472222646258094
s046,s046,7,31,0.9996820333466545,0.14546579122543335,-0.14546579122543335,1,0.7472222646258094
s046,s046,5,15,0.9996134277527261,0.1600695699453354,-0.1600695699453354,1,0.7472222646258094
s046,s046,3,22,0.9793563505719792,0.4588327407836914,-0.4588327407836914,1,0.7472222646258094
s046,s046,8,50,0.994876858728166,0.3535219728946686,-0.3535219728946686,1,0.7472222646258094
s046,s046,1,21,0.0537513942379382,0.9615357518196106,-0.9615357518196106,1,0.7472222646258094
s046,s046,4,39,0.9993314261206646,0.20102559030056,-0.20102559030056,1,0.7472222646258094
s046,s046,2,22,0.9871284700156083,0.4229440689086914,-0.4229440689086914,1,0.7472222646258094
s046,s046,3,7,0.00022024130189006612,1.3764257431030273,-1.3764257431030273,1,0.7472222646258094
s046,s046,6,21,0.8564641619385425,0.6137513518333435,-0.6137513518333435,1,0.7472222646258094
s046,s046,7,49,0.9993341664024846,0.200718492269516,-0.200718492269516,1,0.7472222646258094
s046,s046,3,3,4.446860753298179e-07,1.8401018381118774,-1.8401018381118774,1,0.7472222646258094
s046,s020,6,2,1.193043956597814e-05,1.5943037271499634,-1.5943037271499634,0,0.7472222646258094
s046,s041,6,15,7.676941045931375e-42,7.821201801300049,-7.821201801300049,0,0.7472222646258094
s046,s035,8,16,0.0033783664471881162,1.1721659898757935,-1.1721659898757935,0,0.7472222646258094
s046,s056,3,7,0.033487549651400265,0.9984772801399231,-0.9984772801399231,0,0.7472222646258094
s046,s055,7,9,9.548092964246286e-07,1.783003330230713,-1.783003330230713,0,0.7472222646258094
s046,s032,7,10,0.0009157024942243098,1.2698969841003418,-1.2698969841003418,0,0.7472222646258094
s046,s015,7,9,4.058618399737497e-06,1.6748735904693604,-1.6748735904693604,0,0.7472222646258094
s046,s049,7,44,0.9966122356070102,0.3224868178367615,-0.3224868178367615,0,0.7472222646258094
s046,s013,2,4,0.018198616125886347,1.045217752456665,-1.045217752456665,0,0.7472222646258094
s046,s056,5,2,0.09341041911784581,0.9170424938201904,-0.9170424938201904,0,0.7472222646258094
s046,s048,2,42,0.9796533887997072,0.4577271044254303,-0.4577271044254303,0,0.7472222646258094
s046,s008,6,21,2.2126726299838927e-05,1.5481475591659546,-1.5481475591659546,0,0.7472222646258094
s046,s050,4,11,0.9957127722980829,0.3401491343975067,-0.3401491343975067,0,0.7472222646258094
s046,s015,6,27,1.1608594855772078e-09,2.2845652103424072,-2.2845652103424072,0,0.7472222646258094
s046,s038,6,3,0.24482198245942194,0.8313910365104675,-0.8313910365104675,0,0.7472222646258094
s046,s020,1,21,0.008630641961171552,1.1016871929168701,-1.1016871929168701,0,0.7472222646258094
s046,s003,2,38,1.2174904723627253e-11,2.625114679336548,-2.625114679336548,0,0.7472222646258094
s046,s027,6,27,0.9956097788514786,0.34193071722984314,-0.34193071722984314,0,0.7472222646258094
s046,s024,1,50,1.3220827724700082e-11,2.6189563274383545,-2.6189563274383545,0,0.7472222646258094
s046,s008,7,31,0.005199866682223025,1.1398060321807861,-1.1398060321807861,0,0.7472222646258094
s046,s041,2,1,0.00881126646428824,1.1001259088516235,-1.1001259088516235,0,0.7472222646258094
s046,s051,1,50,0.934350267477354,0.5487960577011108,-0.5487960577011108,0,0.7472222646258094
s046,s031,7,31,0.9530650922121106,0.5222395062446594,-0.5222395062446594,0,0.7472222646258094
s046,s011,2,4,0.0003986009677035158,1.3320844173431396,-1.3320844173431396,0,0.7472222646258094
s046,s050,2,39,0.99498392252206,0.35193583369255066,-0.35193583369255066,0,0.7472222646258094
s046,s040,7,29,0.7463428373207476,0.666581928730011,-0.666581928730011,0,0.7472222646258094
s046,s004,8,34,0.8495675272770873,0.6178621649742126,-0.6178621649742126,0,0.7472222646258094
s046,s044,8,41,1.9928458552189096e-07,1.9000765085220337,-1.9000765085220337,0,0.7472222646258094
s046,s054,4,2,0.4537066876512736,0.7610985636711121,-0.7610985636711121,0,0.7472222646258094
s046,s033,7,49,5.046925439719933e-16,3.379132032394409,-3.379132032394409,0,0.7472222646258094
s046,s028,7,7,2.271106892993754e-08,2.062364339828491,-2.062364339828491,0,0.7472222646258094
s046,s026,7,49,0.8477539589969567,0.6189172863960266,-0.6189172863960266,0,0.7472222646258094
s046,s038,5,15,0.45264360934305187,0.7614191174507141,-0.7614191174507141,0,0.7472222646258094
s046,s012,2,39,9.041439265135076e-17,3.507620334625244,-3.507620334625244,0,0.7472222646258094
s046,s049,6,2,1.1105510273636034e-22,4.524581432342529,-4.524581432342529,0,0.7472222646258094
s046,s002,8,50,4.552301854804792e-09,2.1824593544006348,-2.1824593544006348,0,0.7472222646258094
s046,s053,4,40,1.2293661655775602e-06,1.7641178369522095,-1.7641178369522095,0,0.7472222646258094
s046,s003,8,41,4.303946019883475e-25,4.939519882202148,-4.939519882202148,0,0.7472222646258094
s046,s032,1,49,0.03250830286064304,1.0007705688476562,-1.0007705688476562,0,0.7472222646258094
s046,s015,3,7,1.1122348942165167e-07,1.94365394115448,-1.94365394115448,0,0.7472222646258094
s046,s042,6,8,0.22905339992291868,0.8379099369049072,-0.8379099369049072,0,0.7472222646258094
s046,s044,4,25,2.240283814040396e-06,1.7192766666412354,-1.7192766666412354,0,0.7472222646258094
s046,s047,6,24,0.9982948202658045,0.27106398344039917,-0.27106398344039917,0,0.7472222646258094
s046,s054,7,16,0.009012078376257318,1.0984269380569458,-1.0984269380569458,0,0.7472222646258094
s046,s008,4,42,0.0006328091201533024,1.297529697418213,-1.297529697418213,0,0.7472222646258094
s046,s027,5,44,0.8276653988662911,0.6299703121185303,-0.6299703121185303,0,0.7472222646258094
s046,s042,3,35,0.775974041063286,0.6543905735015869,-0.6543905735015869,0,0.7472222646258094
s046,s008,3,22,0.01625085030021546,1.0538244247436523,-1.0538244247436523,0,0.7472222646258094
s046,s008,3,31,0.001877618801663275,1.2161693572998047,-1.2161693572998047,0,0.7472222646258094
s046,s021,4,2,0.013141518746213044,1.0699288845062256,-1.0699288845062256,0,0.7472222646258094
s046,s027,2,5,0.6799353717526021,0.6909209489822388,-0.6909209489822388,0,0.7472222646258094
s046,s036,2,1,2.1948827410331703e-101,18.065963745117188,-18.065963745117188,0,0.7472222646258094
s046,s050,8,48,0.9539337739060981,0.5207754969596863,-0.5207754969596863,0,0.7472222646258094
s046,s013,7,10,8.220773892166564e-07,1.7941875457763672,-1.7941875457763672,0,0.7472222646258094
s046,s011,5,18,6.334936789838942e-06,1.6416043043136597,-1.6416043043136597,0,0.7472222646258094
s046,s032,7,44,6.467041825728029e-09,2.1562254428863525,-2.1562254428863525,0,0.7472222646258094
s046,s029,7,46,0.005472311719083496,1.135969638824463,-1.135969638824463,0,0.7472222646258094
s046,s051,6,3,7.578321226259143e-10,2.3164308071136475,-2.3164308071136475,0,0.7472222646258094
s046,s039,4,11,0.9911401107454504,0.3947334885597229,-0.3947334885597229,0,0.7472222646258094
s046,s007,6,8,5.0269088248334675e-05,1.486828088760376,-1.486828088760376,0,0.7472222646258094
s046,s007,7,4,0.8370443451505905,0.6249468922615051,-0.6249468922615051,0,0.7472222646258094
s046,s013,6,21,3.2673313539612625e-05,1.5190221071243286,-1.5190221071243286,0,0.7472222646258094
s046,s036,5,6,1.8480627189788396e-70,12.745132446289062,-12.745132446289062,0,0.7472222646258094
s046,s002,4,25,0.8399729089175081,0.62333083152771,-0.62333083152771,0,0.7472222646258094
s046,s021,4,17,0.5689971303529098,0.7264673709869385,-0.7264673709869385,0,0.7472222646258094
s046,s057,4,38,0.0034080280920889034,1.1715105772018433,-1.1715105772018433,0,0.7472222646258094
s046,s029,4,25,0.42316573749377057,0.7703705430030823,-0.7703705430030823,0,0.7472222646258094
s046,s053,8,34,3.940436444953157e-05,1.505024790763855,-1.505024790763855,0,0.7472222646258094
s046,s015,8,34,1.772046719558636e-07,1.9088510274887085,-1.9088510274887085,0,0.7472222646258094
s046,s004,1,14,0.9633921824535335,0.502865731716156,-0.502865731716156,0,0.7472222646258094
s046,s026,7,44,0.024626313139614924,1.0221257209777832,-1.0221257209777832,0,0.7472222646258094
s046,s053,2,1,0.0004910873094460387,1.31648588180542,-1.31648588180542,0,0.7472222646258094
s046,s005,3,3,0.573184686994341,0.7251899242401123,-0.7251899242401123,0,0.7472222646258094
s046,s057,1,22,2.734185913238725e-07,1.8764441013336182,-1.8764441013336182,0,0.7472222646258094
s046,s018,3,31,0.46348465028249736,0.7581557631492615,-0.7581557631492615,0,0.7472222646258094
s046,s034,2,3,0.8325766220797327,0.6273678541183472,-0.6273678541183472,0,0.7472222646258094
s046,s021,7,4,8.141608702425118e-05,1.4507960081100464,-1.4507960081100464,0,0.7472222646258094
s046,s010,3,3,2.697505133044805e-11,2.5656704902648926,-2.5656704902648926,0,0.7472222646258094
s046,s043,3,6,5.120481097724894e-26,5.098593711853027,-5.098593711853027,0,0.7472222646258094
s046,s031,7,16,0.9910168322448635,0.39577531814575195,-0.39577531814575195,0,0.7472222646258094
s047,s047,5,13,0.02173127575723372,1.0008111000061035,-1.0008111000061035,1,0.7248560786247253
s047,s047,6,46,0.9991500007294294,0.21242453157901764,-0.21242453157901764,1,0.7248560786247253
s047,s047,8,15,0.9921690711719977,0.3738943636417389,-0.3738943636417389,1,0.7248560786247253
s047,s047,6,2,0.23109350043408566,0.8119944334030151,-0.8119944334030151,1,0.7248560786247253
s047,s047,8,41,2.1805354150042995e-07,1.836678385734558,-1.836678385734558,1,0.7248560786247253
s047,s047,8,16,0.9997599123144666,0.12074172496795654,-0.12074172496795654,1,0.7248560786247253
s047,s047,7,4,0.993491305106916,0.36039218306541443,-0.36039218306541443,1,0.7248560786247253
s047,s047,6,20,0.00040477304314999246,1.291097640991211,-1.291097640991211,1,0.7248560786247253
s047,s047,5,2,0.9801538706540878,0.4421839118003845,-0.4421839118003845,1,0.7248560786247253
s047,s047,4,12,0.9998705935111177,0.0759342834353447,-0.0759342834353447,1,0.7248560786247253
s047,s047,1,44,1.569366690121432e-09,2.1943273544311523,-2.1943273544311523,1,0.7248560786247253
s047,s047,5,18,0.9995375033715809,0.16828195750713348,-0.16828195750713348,1,0.7248560786247253
s047,s047,4,41,0.9127293173999808,0.554701566696167,-0.554701566696167,1,0.7248560786247253
s047,s047,7,10,0.9989722400610861,0.22620254755020142,-0.22620254755020142,1,0.7248560786247253
s047,s047,6,10,0.6616174019268767,0.6762537360191345,-0.6762537360191345,1,0.7248560786247253
s047,s047,3,6,0.8270235441077531,0.6114394664764404,-0.6114394664764404,1,0.7248560786247253
s047,s047,2,4,0.991084216950074,0.3833780884742737,-0.3833780884742737,1,0.7248560786247253
s047,s047,1,2,5.876269659860698e-27,5.1029052734375,-5.1029052734375,1,0.7248560786247253
s047,s047,1,50,0.9711729432600333,0.4699104130268097,-0.4699104130268097,1,0.7248560786247253
s047,s047,2,31,0.9983897258540733,0.258792519569397,-0.258792519569397,1,0.7248560786247253
s047,s047,5,6,0.9995822454623106,0.16090364754199982,-0.16090364754199982,1,0.7248560786247253
s047,s047,1,35,2.8977289553957155e-26,4.987247943878174,-4.987247943878174,1,0.7248560786247253
s047,s047,6,14,0.96261205461559,0.4894009232521057,-0.4894009232521057,1,0.7248560786247253
s047,s047,2,42,0.00013342538218657902,1.3715606927871704,-1.3715606927871704,1,0.7248560786247253
s047,s047,7,40,0.8823145185877537,0.5788314342498779,-0.5788314342498779,1,0.7248560786247253
s047,s047,2,3,0.7312511363832686,0.6522994637489319,-0.6522994637489319,1,0.7248560786247253
s047,s047,7,46,0.984656322856588,0.4232007563114166,-0.4232007563114166,1,0.7248560786247253
s047,s047,6,15,0.9991188168733995,0.2150384485721588,-0.2150384485721588,1,0.7248560786247253
s047,s047,5,42,0.7570122150506716,0.6424857378005981,-0.6424857378005981,1,0.7248560786247253
s047,s047,1,14,0.7057914544704903,0.6614289283752441,-0.6614289283752441,1,0.7248560786247253
s047,s047,7,16,0.5662471048487088,0.7055346369743347,-0.7055346369743347,1,0.7248560786247253
s047,s047,2,39,0.9968447659786845,0.30766281485557556,-0.30766281485557556,1,0.7248560786247253
s047,s047,6,24,0.995453111868744,0.3342489004135132,-0.3342489004135132,1,0.7248560786247253
s047,s047,4,17,0.9991398944312627,0.2132820188999176,-0.2132820188999176,1,0.7248560786247253
s047,s047,7,29,0.85535028705763,0.5960349440574646,-0.5960349440574646,1,0.7248560786247253
s047,s047,8,44,0.9511163920877947,0.5097047090530396,-0.5097047090530396,1,0.7248560786247253
s047,s047,3,35,0.9993655070756052,0.1912134289741516,-0.1912134289741516,1,0.7248560786247253
s047,s047,7,7,0.4930078539664582,0.7268835306167603,-0.7268835306167603,1,0.7248560786247253
s047,s047,8,34,0.7637955873897415,0.6397867798805237,-0.6397867798805237,1,0.7248560786247253
s047,s047,7,20,0.9317374165352071,0.5354012250900269,-0.5354012250900269,1,0.7248560786247253
s047,s047,5,44,0.9640445832765178,0.48646122217178345,-0.48646122217178345,1,0.7248560786247253
s047,s047,2,5,0.9958069957076311,0.3283499479293823,-0.3283499479293823,1,0.7248560786247253
s047,s047,2,1,8.231258129902933e-10,2.2411036491394043,-2.2411036491394043,1,0.7248560786247253
s047,s047,4,25,0.990765194777068,0.3859497606754303,-0.3859497606754303,1,0.7248560786247253
s047,s047,4,40,0.9513252106667778,0.5093784928321838,-0.5093784928321838,1,0.7248560786247253
s047,s047,8,48,0.9970634852724449,0.3024396002292633,-0.3024396002292633,1,0.7248560786247253
s047,s047,4,38,0.9323562339846814,0.5346930027008057,-0.5346930027008057,1,0.7248560786247253
s047,s047,4,20,0.9932275774588321,0.36329054832458496,-0.36329054832458496,1,0.7248560786247253
s047,s047,2,9,0.1424908942243448,0.8549498915672302,-0.8549498915672302,1,0.7248560786247253
s047,s047,1,49,0.9971317072016825,0.30073076486587524,-0.30073076486587524,1,0.7248560786247253
s047,s047,7,45,0.0003495234524272576,1.3017393350601196,-1.3017393350601196,1,0.7248560786247253
s047,s047,5,36,0.07671090859961771,0.9051929116249084,-0.9051929116249084,1,0.7248560786247253
s047,s047,6,3,0.8472914198113674,0.6006510257720947,-0.6006510257720947,1,0.7248560786247253
s047,s047,1,22,0.8012759184753008,0.6237902641296387,-0.6237902641296387,1,0.7248560786247253
s047,s047,7,14,1.225657114520016e-05,1.5446274280548096,-1.5446274280548096,1,0.7248560786247253
s047,s047,4,11,0.99992456944176,0.03680654987692833,-0.03680654987692833,1,0.7248560786247253
s047,s047,6,27,0.9996420767406108,0.14969481527805328,-0.14969481527805328,1,0.7248560786247253
s047,s047,4,42,0.9727294499924097,0.4657708704471588,-0.4657708704471588,1,0.7248560786247253
s047,s047,6,44,0.9979666535116102,0.2757325768470764,-0.2757325768470764,1,0.7248560786247253
s047,s047,7,44,0.014647944767356324,1.0299261808395386,-1.0299261808395386,1,0.7248560786247253
s047,s047,6,8,0.9788715380423126,0.4468172788619995,-0.4468172788619995,1,0.7248560786247253
s047,s047,7,9,0.9844247043455537,0.4243038296699524,-0.4243038296699524,1,0.7248560786247253
s047,s047,3,50,0.9274217225826377,0.5401813983917236,-0.5401813983917236,1,0.7248560786247253
s047,s047,3,31,0.9973285874680802,0.2955620288848877,-0.2955620288848877,1,0.7248560786247253
s047,s047,4,2,0.8425919667538211,0.6032512187957764,-0.6032512187957764,1,0.7248560786247253
s047,s047,8,10,0.9397635717369532,0.5257126688957214,-0.5257126688957214,1,0.7248560786247253
s047,s047,2,50,5.710473219442066e-06,1.5999895334243774,-1.5999895334243774,1,0.7248560786247253
s047,s047,8,23,0.874555714164304,0.5840995907783508,-0.5840995907783508,1,0.7248560786247253
s047,s047,2,38,0.013349758148848454,1.0367484092712402,-1.0367484092712402,1,0.7248560786247253
s047,s047,7,31,0.03304389079913404,0.969590425491333,-0.969590425491333,1,0.7248560786247253
s047,s047,5,15,0.9962583501599664,0.32006165385246277,-0.32006165385246277,1,0.7248560786247253
s047,s047,3,22,0.9992719610889275,0.2011890411376953,-0.2011890411376953,1,0.7248560786247253
s047,s047,8,50,0.9972051324954323,0.29884570837020874,-0.29884570837020874,1,0.7248560786247253
s047,s047,1,21,0.07590810213866579,0.9060184955596924,-0.9060184955596924,1,0.7248560786247253
s047,s047,4,39,0.9217993756797978,0.5460304617881775,-0.5460304617881775,1,0.7248560786247253
s047,s047,2,22,0.999032220537635,0.22183944284915924,-0.22183944284915924,1,0.7248560786247253
s047,s047,3,7,0.6630671032143387,0.6757838726043701,-0.6757838726043701,1,0.7248560786247253
s047,s047,6,21,0.9986047242562807,0.24838882684707642,-0.24838882684707642,1,0.7248560786247253
s047,s047,7,49,0.9298172780515187,0.5375615358352661,-0.5375615358352661,1,0.7248560786247253
s047,s047,3,3,0.28595403669181546,0.7911888360977173,-0.7911888360977173,1,0.7248560786247253
s047,s020,6,2,1.6632354547935668e-08,2.023212194442749,-2.023212194442749,0,0.7248560786247253
s047,s041,6,15,8.793740692250737e-43,7.7441534996032715,-7.7441534996032715,0,0.7248560786247253
s047,s035,8,16,0.0002876960469491645,1.3158543109893799,-1.3158543109893799,0,0.7248560786247253
s047,s056,3,7,8.36026879425416e-05,1.4054489135742188,-1.4054489135742188,0,0.7248560786247253
s047,s055,7,9,5.2564240348100866e-09,2.106708288192749,-2.106708288192749,0,0.7248560786247253
s047,s032,7,10,4.906398333871637e-07,1.7778947353363037,-1.7778947353363037,0,0.7248560786247253
s047,s015,7,9,1.4143924151812954e-08,2.034959554672241,-2.034959554672241,0,0.7248560786247253
s047,s049,7,44,0.9957892125542395,0.32865801453590393,-0.32865801453590393,0,0.7248560786247253
s047,s013,2,4,0.0002740369422658934,1.3193811178207397,-1.3193811178207397,0,0.7248560786247253
s047,s056,5,2,0.011925330734866658,1.0450317859649658,-1.0450317859649658,0,0.7248560786247253
s047,s048,2,42,0.44635386908101465,0.7404704689979553,-0.7404704689979553,0,0.7248560786247253
s047,s008,6,21,1.190911995687527e-09,2.214329957962036,-2.214329957962036,0,0.7248560786247253
s047,s050,4,11,0.9332608828245975,0.5336467623710632,-0.5336467623710632,0,0.7248560786247253
s047,s015,6,27,2.2030828757701412e-14,3.004262685775757,-3.004262685775757,0,0.7248560786247253
s047,s038,6,3,0.5042131407810082,0.7236344814300537,-0.7236344814300537,0,0.7248560786247253
s047,s020,1,21,1.3091095201211623e-05,1.5398527383804321,-1.5398527383804321,0,0.7248560786247253
s047,s003,2,38,1.780846815874048e-06,1.6844509840011597,-1.6844509840011597,0,0.7248560786247253
s047,s027,6,27,0.8624927071952112,0.5917616486549377,-0.5917616486549377,0,0.7248560786247253
s047,s024,1,50,0.00027456324527131977,1.319242000579834,-1.319242000579834,0,0.7248560786247253
s047,s008,7,31,5.38431000068892e-07,1.7711572647094727,-1.7711572647094727,0,0.7248560786247253
s047,s041,2,1,0.0007434630947403353,1.247002363204956,-1.247002363204956,0,0.7248560786247253
s047,s051,1,50,0.5733458029146627,0.703435480594635,-0.703435480594635,0,0.7248560786247253
s047,s031,7,31,0.994503658379931,0.34806421399116516,-0.34806421399116516,0,0.7248560786247253
s047,s011,2,4,2.6525775459072897e-07,1.8224740028381348,-1.8224740028381348,0,0.7248560786247253
s047,s050,2,39,0.6910804246441228,0.6664924621582031,-0.6664924621582031,0,0.7248560786247253
s047,s040,7,29,0.06775119660209068,0.91489577293396,-0.91489577293396,0,0.7248560786247253
s047,s004,8,34,0.01594566120832281,1.0236775875091553,-1.0236775875091553,0,0.7248560786247253
s047,s044,8,41,0.018820382661565254,1.0114507675170898,-1.0114507675170898,0,0.7248560786247253
s047,s054,4,2,0.9926715296813421,0.3690508306026459,-0.3690508306026459,0,0.7248560786247253
s047,s033,7,49,8.407732977302495e-18,3.5748002529144287,-3.5748002529144287,0,0.7248560786247253
s047,s028,7,7,1.9091431109034012e-07,1.8463128805160522,-1.8463128805160522,0,0.7248560786247253
s047,s026,7,49,0.3044478280732004,0.784744143486023,-0.784744143486023,0,0.7248560786247253
s047,s038,5,15,0.10262275577309042,0.8820350766181946,-0.8820350766181946,0,0.7248560786247253
s047,s012,2,39,1.3254667147283802e-18,3.708709239959717,-3.708709239959717,0,0.7248560786247253
s047,s049,6,2,1.218319678616615e-11,2.5464892387390137,-2.5464892387390137,0,0.7248560786247253
s047,s002,8,50,2.7849604400962335e-09,2.15275239944458,-2.15275239944458,0,0.7248560786247253
s047,s053,4,40,1.5789914702477765e-07,1.86007559299469,-1.86007559299469,0,0.7248560786247253
s047,s003,8,41,5.732502943414132e-28,5.271605014801025,-5.271605014801025,0,0.7248560786247253
s047,s032,1,49,0.05948518047252051,0.9249671101570129,-0.9249671101570129,0,0.7248560786247253
s047,s015,3,7,8.55227829088517e-09,2.0714261531829834,-2.0714261531829834,0,0.7248560786247253
s047,s042,6,8,0.21725007174753364,0.8177655339241028,-0.8177655339241028,0,0.7248560786247253
s047,s044,4,25,0.0005357402864245522,1.2707687616348267,-1.2707687616348267,0,0.7248560786247253
s047,s046,6,24,0.3888566715295527,0.757628321647644,-0.757628321647644,0,0.7248560786247253
s047,s054,7,16,0.00022095337217553293,1.3349919319152832,-1.3349919319152832,0,0.7248560786247253
s047,s008,4,42,5.690848052323721e-07,1.767143726348877,-1.767143726348877,0,0.7248560786247253
s047,s027,5,44,0.034671700105198204,0.9659826755523682,-0.9659826755523682,0,0.7248560786247253
s047,s042,3,35,0.04158795168305437,0.9522773027420044,-0.9522773027420044,0,0.7248560786247253
s047,s008,3,22,5.8794041322367204e-06,1.5978763103485107,-1.5978763103485107,0,0.7248560786247253
s047,s008,3,31,5.186415348328315e-06,1.6069669723510742,-1.6069669723510742,0,0.7248560786247253
s047,s021,4,2,0.007428299987396719,1.0796732902526855,-1.0796732902526855,0,0.7248560786247253
s047,s027,2,5,0.03336851224139506,0.96885746717453,-0.96885746717453,0,0.7248560786247253
s047,s036,2,1,2.0541165361575434e-40,7.348848819732666,-7.348848819732666,0,0.7248560786247253
s047,s050,8,48,0.17597645333437234,0.8367629051208496,-0.8367629051208496,0,0.7248560786247253
s047,s013,7,10,2.6101227548520352e-09,2.15745210647583,-2.15745210647583,0,0.7248560786247253
s047,s011,5,18,8.241634056403101e-10,2.2410123348236084,-2.2410123348236084,0,0.7248560786247253
s047,s032,7,44,2.1774178525754375e-12,2.6713035106658936,-2.6713035106658936,0,0.7248560786247253
s047,s029,7,46,6.7113594186175274e-06,1.5882830619812012,-1.5882830619812012,0,0.7248560786247253
s047,s051,6,3,5.769460693199833e-10,2.266862154006958,-2.266862154006958,0,0.7248560786247253
s047,s039,4,11,0.7430186618101152,0.6478968262672424,-0.6478968262672424,0,0.7248560786247253
s047,s007,6,8,6.718926531470155e-08,1.9220104217529297,-1.9220104217529297,0,0.7248560786247253
s047,s007,7,4,0.02736766531263781,0.9836763739585876,-0.9836763739585876,0,0.7248560786247253
s047,s013,6,21,1.0902823578567143e-08,2.0538249015808105,-2.0538249015808105,0,0.7248560786247253
s047,s036,5,6,1.3073078908705192e-32,6.0463690757751465,-6.0463690757751465,0,0.7248560786247253
s047,s002,4,25,0.06346340489605042,0.9199674129486084,-0.9199674129486084,0,0.7248560786247253
s047,s021,4,17,0.07108883143044527,0.9111500978469849,-0.9111500978469849,0,0.7248560786247253
s047,s057,4,38,2.499196546469292e-05,1.4929810762405396,-1.4929810762405396,0,0.7248560786247253
s047,s029,4,25,0.005131732894059984,1.1066498756408691,-1.1066498756408691,0,0.7248560786247253
s047,s053,8,34,2.281048209000069e-08,2.0003161430358887,-2.0003161430358887,0,0.7248560786247253
s047,s015,8,34,0.0005251522210044413,1.2722164392471313,-1.2722164392471313,0,0.7248560786247253
s047,s004,1,14,0.9802738005061508,0.4417356848716736,-0.4417356848716736,0,0.7248560786247253
s047,s026,7,44,7.197111979390157e-05,1.416308879852295,-1.416308879852295,0,0.7248560786247253
s047,s053,2,1,0.0031964746306768124,1.141105055809021,-1.141105055809021,0,0.7248560786247253
s047,s005,3,3,0.5873425567012246,0.6992693543434143,-0.6992693543434143,0,0.7248560786247253
s047,s057,1,22,0.10042779468708016,0.8837793469429016,-0.8837793469429016,0,0.7248560786247253
s047,s018,3,31,0.0011807963458460914,1.2134369611740112,-1.2134369611740112,0,0.7248560786247253
s047,s034,2,3,0.35041162013779337,0.7695963978767395,-0.7695963978767395,0,0.7248560786247253
s047,s021,7,4,4.115754568385103e-05,1.4568202495574951,-1.4568202495574951,0,0.7248560786247253
s047,s010,3,3,7.146447760485231e-08,1.9175390005111694,-1.9175390005111694,0,0.7248560786247253
s047,s043,3,6,2.3152915797052683e-12,2.666853189468384,-2.666853189468384,0,0.7248560786247253
s047,s031,7,16,0.544609869628529,0.7118873000144958,-0.7118873000144958,0,0.7248560786247253
s048,s048,5,13,0.9841505860742052,0.482381135225296,-0.482381135225296,1,0.821584199847597
s048,s048,6,46,0.9669576230153555,0.5441874861717224,-0.5441874861717224,1,0.821584199847597
s048,s048,8,15,0.990521317949597,0.4396144151687622,-0.4396144151687622,1,0.821584199847597
s048,s048,6,2,0.9819721722503046,0.49314388632774353,-0.49314388632774353,1,0.821584199847597
s048,s048,8,41,0.9811254532739848,0.49698564410209656,-0.49698564410209656,1,0.821584199847597
s048,s048,8,16,0.9979423657144062,0.3135051429271698,-0.3135051429271698,1,0.821584199847597
s048,s048,7,4,0.9949028769181598,0.38828325271606445,-0.38828325271606445,1,0.821584199847597
s048,s048,6,20,0.445436755303505,0.8395872116088867,-0.8395872116088867,1,0.821584199847597
s048,s048,5,2,0.9992678556060631,0.22849896550178528,-0.22849896550178528,1,0.821584199847597
s048,s048,4,12,0.9931753148323833,0.4124056100845337,-0.4124056100845337,1,0.821584199847597
s048,s048,1,44,0.9994737923159023,0.20134660601615906,-0.20134660601615906,1,0.821584199847597
s048,s048,5,18,0.9981985364299536,0.3025604784488678,-0.3025604784488678,1,0.821584199847597
s048,s048,4,41,4.598019365555054e-05,1.6421211957931519,-1.6421211957931519,1,0.821584199847597
s048,s048,7,10,0.9986186805104065,0.2807078957557678,-0.2807078957557678,1,0.821584199847597
s048,s048,6,10,0.9323765021191298,0.6060184836387634,-0.6060184836387634,1,0.821584199847597
s048,s048,3,6,0.202858042758574,0.9340201616287231,-0.9340201616287231,1,0.821584199847597
s048,s048,2,4,0.3769886676380333,0.8628564476966858,-0.8628564476966858,1,0.821584199847597
s048,s048,1,2,2.425660528678276e-15,3.5864346027374268,-3.5864346027374268,1,0.821584199847597
s048,s048,1,50,2.376593241989166e-06,1.8855226039886475,-1.8855226039886475,1,0.821584199847597
s048,s048,2,31,0.9991170125574671,0.24390237033367157,-0.24390237033367157,1,0.821584199847597
s048,s048,5,6,0.003096568965185401,1.2959964275360107,-1.2959964275360107,1,0.821584199847597
s048,s048,1,35,2.1592838756344065e-05,1.704222559928894,-1.704222559928894,1,0.821584199847597
s048,s048,6,14,0.9989226442406387,0.2602640986442566,-0.2602640986442566,1,0.821584199847597
s048,s048,2,42,0.9939059641456256,0.40304192900657654,-0.40304192900657654,1,0.821584199847597
s048,s048,7,40,0.9935418999274103,0.40783923864364624,-0.40783923864364624,1,0.821584199847597
s048,s048,2,3,0.9668453191711587,0.544475793838501,-0.544475793838501,1,0.821584199847597
s048,s048,7,46,0.9972171592405287,0.338369756937027,-0.338369756937027,1,0.821584199847597
s048,s048,6,15,1.1693206208005339e-05,1.7546155452728271,-1.7546155452728271,1,0.821584199847597
s048,s048,5,42,0.8923613309935527,0.6478116512298584,-0.6478116512298584,1,0.821584199847597
s048,s048,1,14,0.0391118157601495,1.0846089124679565,-1.0846089124679565,1,0.821584199847597
s048,s048,7,16,0.9111578864942127,0.63033127784729,-0.63033127784729,1,0.821584199847597
s048,s048,2,39,0.99720116936311,0.3388417959213257,-0.3388417959213257,1,0.821584199847597
s048,s048,6,24,0.9960828747909365,0.36655205488204956,-0.36655205488204956,1,0.821584199847597
s048,s048,4,17,0.6713188982530153,0.7629102468490601,-0.7629102468490601,1,0.821584199847597
s048,s048,7,29,0.9970784498225782,0.34237754344940186,-0.34237754344940186,1,0.821584199847597
s048,s048,8,44,0.9893613758421291,0.44919553399086,-0.44919553399086,1,0.821584199847597
s048,s048,3,35,0.994795718049234,0.39000144600868225,-0.39000144600868225,1,0.821584199847597
s048,s048,7,7,0.9975329280599075,0.3284485638141632,-0.3284485638141632,1,0.821584199847597
s048,s048,8,34,0.992066006959867,0.4248713254928589,-0.4248713254928589,1,0.821584199847597
s048,s048,7,20,0.9929314555320388,0.41531023383140564,-0.41531023383140564,1,0.821584199847597
s048,s048,5,44,0.9994789343385057,0.20053939521312714,-0.20053939521312714,1,0.821584199847597
s048,s048,2,5,0.9941658928291502,0.3994392156600952,-0.3994392156600952,1,0.821584199847597
s048,s048,2,1,0.9393143933841174,0.5965158343315125,-0.5965158343315125,1,0.821584199847597
s048,s048,4,25,0.9953846228513585,0.3800865709781647,-0.3800865709781647,1,0.821584199847597
s048,s048,4,40,0.03255297799222614,1.1002484560012817,-1.1002484560012817,1,0.821584199847597
s048,s048,8,48,0.996060724841324,0.36701714992523193,-0.36701714992523193,1,0.821584199847597
s048,s048,4,38,0.997685517796787,0.32319051027297974,-0.32319051027297974,1,0.821584199847597
s048,s048,4,20,0.009469961684756641,1.2036303281784058,-1.2036303281784058,1,0.821584199847597
s048,s048,2,9,0.001889191147759293,1.3366941213607788,-1.3366941213607788,1,0.821584199847597
s048,s048,1,49,0.9997873135652,0.12689541280269623,-0.12689541280269623,1,0.821584199847597
s048,s048,7,45,0.9939341581284072,0.402658611536026,-0.402658611536026,1,0.821584199847597
s048,s048,5,36,0.9635701197030468,0.5524943470954895,-0.5524943470954895,1,0.821584199847597
s048,s048,6,3,0.7057768504891315,0.74969881772995,-0.74969881772995,1,0.821584199847597
s048,s048,1,22,0.9061165231501799,0.6353217363357544,-0.6353217363357544,1,0.821584199847597
s048,s048,7,14,3.822379491964838e-08,2.2248342037200928,-2.2248342037200928,1,0.821584199847597
s048,s048,4,11,0.9995280026988327,0.1924096643924713,-0.1924096643924713,1,0.821584199847597
s048,s048,6,27,0.8561325109768136,0.6750519871711731,-0.6750519871711731,1,0.821584199847597
s048,s048,4,42,0.0003041262944431491,1.4868836402893066,-1.4868836402893066,1,0.821584199847597
s048,s048,6,44,0.9990919536749298,0.24620358645915985,-0.24620358645915985,1,0.821584199847597
s048,s048,7,44,0.8538935221532931,0.6765359044075012,-0.6765359044075012,1,0.821584199847597
s048,s048,6,8,0.9891419644424518,0.4508909583091736,-0.4508909583091736,1,0.821584199847597
s048,s048,7,9,0.9881727514062805,0.45799610018730164,-0.45799610018730164,1,0.821584199847597
s048,s048,3,50,0.9930322165924383,0.4141223132610321,-0.4141223132610321,1,0.821584199847597
s048,s048,3,31,0.9995759736558447,0.18360017240047455,-0.18360017240047455,1,0.821584199847597
s048,s048,4,2,0.09003017725610861,1.0116385221481323,-1.0116385221481323,1,0.821584199847597
s048,s048,8,10,0.12293759407144407,0.9830173850059509,-0.9830173850059509,1,0.821584199847597
s048,s048,2,50,0.9491817548406757,0.5810781717300415,-0.5810781717300415,1,0.821584199847597
s048,s048,8,23,0.9858160803748377,0.47312068939208984,-0.47312068939208984,1,0.821584199847597
s048,s048,2,38,0.9982096788724315,0.30204981565475464,-0.30204981565475464,1,0.821584199847597
s048,s048,7,31,0.9992808090244119,0.22703130543231964,-0.22703130543231964,1,0.821584199847597
s048,s048,5,15,0.9235052543256032,0.6169313192367554,-0.6169313192367554,1,0.821584199847597
s048,s048,3,22,0.2195051537360531,0.92580646276474,-0.92580646276474,1,0.821584199847597
s048,s048,8,50,0.9990907861456466,0.24630925059318542,-0.24630925059318542,1,0.821584199847597
s048,s048,1,21,0.9996676307897177,0.16358302533626556,-0.16358302533626556,1,0.821584199847597
s048,s048,4,39,0.0675834463211396,1.0372021198272705,-1.0372021198272705,1,0.821584199847597
s048,s048,2,22,0.9931294823772627,0.4129593074321747,-0.4129593074321747,1,0.821584199847597
s048,s048,3,7,0.7550753980364315,0.7290847301483154,-0.7290847301483154,1,0.821584199847597
s048,s048,6,21,0.9978318897835211,0.3178110420703888,-0.3178110420703888,1,0.821584199847597
s048,s048,7,49,0.9885045129181498,0.45563098788261414,-0.45563098788261414,1,0.821584199847597
s048,s048,3,3,0.9428453336600461,0.5912825465202332,-0.5912825465202332,1,0.821584199847597
s048,s020,6,2,3.9132584189810375e-05,1.6553702354431152,-1.6553702354431152,0,0.821584199847597
s048,s041,6,15,1.4312146312426372e-94,18.574743270874023,-18.574743270874023,0,0.821584199847597
s048,s035,8,16,8.330322399529136e-05,1.593293309211731,-1.593293309211731,0,0.821584199847597
s048,s056,3,7,0.9841754852081013,0.4822498857975006,-0.4822498857975006,0,0.821584199847597
s048,s055,7,9,4.329808852121166e-05,1.6470593214035034,-1.6470593214035034,0,0.821584199847597
s048,s032,7,10,0.04822203786039423,1.0666229724884033,-1.0666229724884033,0,0.821584199847597
s048,s015,7,9,6.921883085733985e-06,1.7976932525634766,-1.7976932525634766,0,0.821584199847597
s048,s049,7,44,2.1335821579577125e-17,3.9753291606903076,-3.9753291606903076,0,0.821584199847597
s048,s013,2,4,0.6435343747209914,0.7730501294136047,-0.7730501294136047,0,0.821584199847597
s048,s056,5,2,0.8351419716134906,0.6882807612419128,-0.6882807612419128,0,0.821584199847597
s048,s047,2,42,9.035613615728997e-70,13.883111953735352,-13.883111953735352,0,0.821584199847597
s048,s008,6,21,0.0029766908152207383,1.2992501258850098,-1.2992501258850098,0,0.821584199847597
s048,s050,4,11,0.11761685298330476,0.9871493577957153,-0.9871493577957153,0,0.821584199847597
s048,s015,6,27,4.729466588132348e-17,3.9099302291870117,-3.9099302291870117,0,0.821584199847597
s048,s038,6,3,8.089079271545623e-06,1.7848906517028809,-1.7848906517028809,0,0.821584199847597
s048,s020,1,21,5.283328438439808e-05,1.6307063102722168,-1.6307063102722168,0,0.821584199847597
s048,s003,2,38,1.2285633790989761e-59,11.966100692749023,-11.966100692749023,0,0.821584199847597
s048,s027,6,27,0.9698960718719307,0.5362863540649414,-0.5362863540649414,0,0.821584199847597
s048,s024,1,50,1.822008842137457e-44,9.096071243286133,-9.096071243286133,0,0.821584199847597
s048,s008,7,31,0.43719950330974106,0.842332124710083,-0.842332124710083,0,0.821584199847597
s048,s041,2,1,9.03929203477672e-26,5.559301376342773,-5.559301376342773,0,0.821584199847597
s048,s051,1,50,0.011028554166421357,1.1909830570220947,-1.1909830570220947,0,0.821584199847597
s048,s031,7,31,3.4708116495639287e-10,2.611114740371704,-2.611114740371704,0,0.821584199847597
s048,s011,2,4,6.9239523282866656e-06,1.797668695449829,-1.797668695449829,0,0.821584199847597
s048,s050,2,39,8.653225623440393e-06,1.7793517112731934,-1.7793517112731934,0,0.821584199847597
s048,s040,7,29,9.129355879995155e-29,6.126017093658447,-6.126017093658447,0,0.821584199847597
s048,s004,8,34,0.30528400934479827,0.8891398310661316,-0.8891398310661316,0,0.821584199847597
s048,s044,8,41,4.064628009091818e-23,5.057436943054199,-5.057436943054199,0,0.821584199847597
s048,s054,4,2,1.3204663424155583e-16,3.825573444366455,-3.825573444366455,0,0.821584199847597
s048,s033,7,49,4.091332806037592e-73,14.51573657989502,-14.51573657989502,0,0.821584199847597
s048,s028,7,7,2.4740620346632997e-13,3.2064578533172607,-3.2064578533172607,0,0.821584199847597
s048,s026,7,49,0.04417537532037973,1.0741726160049438,-1.0741726160049438,0,0.821584199847597
s048,s038,5,15,0.05751863578712878,1.0513325929641724,-1.0513325929641724,0,0.821584199847597
s048,s012,2,39,3.3677490589431487e-34,7.153833389282227,-7.153833389282227,0,0.821584199847597
s048,s049,6,2,1.3103389853061118e-155,30.121774673461914,-30.121774673461914,0,0.821584199847597
s048,s002,8,50,3.222212412971405e-45,9.238407135009766,-9.238407135009766,0,0.821584199847597
s048,s053,4,40,1.2378556618877395e-08,2.317467212677002,-2.317467212677002,0,0.821584199847597
s048,s003,8,41,3.8034772969914404e-63,12.629962921142578,-12.629962921142578,0,0.821584199847597
s048,s032,1,49,1.4971864683174485e-06,1.9234864711761475,-1.9234864711761475,0,0.821584199847597
s048,s015,3,7,1.5599802302945814e-09,2.4876413345336914,-2.4876413345336914,0,0.821584199847597
s048,s042,6,8,1.134529057028845e-14,3.459688901901245,-3.459688901901245,0,0.821584199847597
s048,s044,4,25,4.8524885030653624e-17,3.907820463180542,-3.907820463180542,0,0.821584199847597
s048,s046,6,24,0.10364290333754297,0.9988317489624023,-0.9988317489624023,0,0.821584199847597
s048,s054,7,16,0.06526521160446172,1.0402737855911255,-1.0402737855911255,0,0.821584199847597
s048,s008,4,42,0.013882143966220702,1.171839714050293,-1.171839714050293,0,0.821584199847597
s048,s027,5,44,0.2376083073826787,0.9173675179481506,-0.9173675179481506,0,0.821584199847597
s048,s042,3,35,5.459537086765176e-09,2.3847222328186035,-2.3847222328186035,0,0.821584199847597
s048,s008,3,22,0.48398906450312273,0.8268477320671082,-0.8268477320671082,0,0.821584199847597
s048,s008,3,31,0.6372512635482569,0.7752917408943176,-0.7752917408943176,0,0.821584199847597
s048,s021,4,2,1.6114871652984598e-06,1.9174420833587646,-1.9174420833587646,0,0.821584199847597
s048,s027,2,5,1.0283767754608515e-08,2.3326992988586426,-2.3326992988586426,0,0.821584199847597
s048,s036,2,1,0.0,81.99900817871094,-81.99900817871094,0,0.821584199847597
s048,s050,8,48,0.8806032740726992,0.6574189066886902,-0.6574189066886902,0,0.821584199847597
s048,s013,7,10,7.027095385759385e-07,1.9856311082839966,-1.9856311082839966,0,0.821584199847597
s048,s011,5,18,7.516278678415942e-13,3.1151626110076904,-3.1151626110076904,0,0.821584199847597
s048,s032,7,44,1.7209451005993684e-11,2.857926845550537,-2.857926845550537,0,0.821584199847597
s048,s029,7,46,0.531756909299654,0.8111337423324585,-0.8111337423324585,0,0.821584199847597
s048,s051,6,3,6.544746830571662e-14,3.3157107830047607,-3.3157107830047607,0,0.821584199847597
s048,s039,4,11,0.26980328044897134,0.9033828377723694,-0.9033828377723694,0,0.821584199847597
s048,s007,6,8,4.973940659726472e-07,2.014021873474121,-2.014021873474121,0,0.821584199847597
s048,s007,7,4,0.9928529084870832,0.4162246584892273,-0.4162246584892273,0,0.821584199847597
s048,s013,6,21,4.919973070847856e-06,1.8257410526275635,-1.8257410526275635,0,0.821584199847597
s048,s036,5,6,4.671453111562154e-252,48.36748123168945,-48.36748123168945,0,0.821584199847597
s048,s002,4,25,0.9949968372131682,0.3867468535900116,-0.3867468535900116,0,0.821584199847597
s048,s021,4,17,0.004280839549982117,1.2692914009094238,-1.2692914009094238,0,0.821584199847597
s048,s057,4,38,0.30670402514044054,0.8885904550552368,-0.8885904550552368,0,0.821584199847597
s048,s029,4,25,0.32303426393314705,0.882370114326477,-0.882370114326477,0,0.821584199847597
s048,s053,8,34,2.65066863141057e-12,3.0116162300109863,-3.0116162300109863,0,0.821584199847597
s048,s015,8,34,2.870695785347988e-17,3.950948476791382,-3.950948476791382,0,0.821584199847597
s048,s004,1,14,3.8360815665040056e-07,2.0353634357452393,-2.0353634357452393,0,0.821584199847597
s048,s026,7,44,0.9838809803612915,0.48378944396972656,-0.48378944396972656,0,0.821584199847597
s048,s053,2,1,3.5288356157465314e-14,3.366459608078003,-3.366459608078003,0,0.821584199847597
s048,s005,3,3,3.5142634926478653e-35,7.339511394500732,-7.339511394500732,0,0.821584199847597
s048,s057,1,22,9.32478933611341e-45,9.151104927062988,-9.151104927062988,0,0.821584199847597
s048,s018,3,31,0.9925563572101851,0.4195893406867981,-0.4195893406867981,0,0.821584199847597
s048,s034,2,3,0.944128261880213,0.5893056392669678,-0.5893056392669678,0,0.821584199847597
s048,s021,7,4,9.930924797631839e-07,1.957214117050171,-1.957214117050171,0,0.821584199847597
s048,s010,3,3,3.6820322215791085e-23,5.065558910369873,-5.065558910369873,0,0.821584199847597
s048,s043,3,6,8.989262918768612e-114,22.207311630249023,-22.207311630249023,0,0.821584199847597
s048,s031,7,16,0.6797054148164845,0.759766697883606,-0.759766697883606,0,0.821584199847597
s049,s049,5,13,0.9990905290634904,0.20628078281879425,-0.20628078281879425,1,0.6880011067968427
s049,s049,6,46,0.9997629849914504,0.113716259598732,-0.113716259598732,1,0.6880011067968427
s049,s049,8,15,0.973382568663284,0.4403750002384186,-0.4403750002384186,1,0.6880011067968427
s049,s049,6,2,0.9993690247513071,0.1811085343360901,-0.1811085343360901,1,0.6880011067968427
s049,s049,8,41,0.9911586995373945,0.3633030652999878,-0.3633030652999878,1,0.6880011067968427
s049,s049,8,16,0.9961731879801075,0.30534252524375916,-0.30534252524375916,1,0.6880011067968427
s049,s049,7,4,0.9583357627853852,0.4722745716571808,-0.4722745716571808,1,0.6880011067968427
s049,s049,6,20,0.9971315540719898,0.2854439318180084,-0.2854439318180084,1,0.6880011067968427
s049,s049,5,2,0.9986442814601315,0.23377816379070282,-0.23377816379070282,1,0.6880011067968427
s049,s049,4,12,0.8682804322077866,0.558255136013031,-0.558255136013031,1,0.6880011067968427
s049,s049,1,44,3.260517889238375e-09,2.0324501991271973,-2.0324501991271973,1,0.6880011067968427
s049,s049,5,18,0.9977137163928798,0.2697969675064087,-0.2697969675064087,1,0.6880011067968427
s049,s049,4,41,0.9997599183111427,0.11460094898939133,-0.11460094898939133,1,0.6880011067968427
s049,s049,7,10,0.9954119987165299,0.31787630915641785,-0.31787630915641785,1,0.6880011067968427
s049,s049,6,10,0.9989148287821489,0.2184450477361679,-0.2184450477361679,1,0.6880011067968427
s049,s049,3,6,0.9995853817968,0.15220388770103455,-0.15220388770103455,1,0.6880011067968427
s049,s049,2,4,0.9839786377800239,0.40470418334007263,-0.40470418334007263,1,0.6880011067968427
s049,s049,1,2,6.52271304583328e-10,2.1431620121002197,-2.1431620121002197,1,0.6880011067968427
s049,s049,1,50,0.0010448872118631787,1.1601625680923462,-1.1601625680923462,1,0.6880011067968427
s049,s049,2,31,0.999887826042479,0.06224019080400467,-0.06224019080400467,1,0.6880011067968427
s049,s049,5,6,0.9998522813605889,0.08118045330047607,-0.08118045330047607,1,0.6880011067968427
s049,s049,1,35,0.9996115755436684,0.14771223068237305,-0.14771223068237305,1,0.6880011067968427
s049,s049,6,14,0.8136120372416857,0.5866135954856873,-0.5866135954856873,1,0.6880011067968427
s049,s049,2,42,0.9944007742945019,0.33165010809898376,-0.33165010809898376,1,0.6880011067968427
s049,s049,7,40,0.9991115591432557,0.2046697586774826,-0.2046697586774826,1,0.6880011067968427
s049,s049,2,3,0.9830029739413771,0.4088395833969116,-0.4088395833969116,1,0.6880011067968427
s049,s049,7,46,0.9996629192803876,0.1379544734954834,-0.1379544734954834,1,0.6880011067968427
s049,s049,6,15,0.9983666846133387,0.24661339819431305,-0.24661339819431305,1,0.6880011067968427
s049,s049,5,42,0.9979675918905545,0.2616812586784363,-0.2616812586784363,1,0.6880011067968427
s049,s049,1,14,0.27035779409217736,0.7563064098358154,-0.7563064098358154,1,0.6880011067968427
s049,s049,7,16,0.9994042257182839,0.17715665698051453,-0.17715665698051453,1,0.6880011067968427
s049,s049,2,39,0.9996872246498754,0.1328039914369583,-0.1328039914369583,1,0.6880011067968427
s049,s049,6,24,0.9990865839530438,0.20657885074615479,-0.20657885074615479,1,0.6880011067968427
s049,s049,4,17,0.9990243309557141,0.21111926436424255,-0.21111926436424255,1,0.6880011067968427
s049,s049,7,29,0.9931353025784203,0.3457566797733307,-0.3457566797733307,1,0.6880011067968427
s049,s049,8,44,0.9989891012040666,0.21356214582920074,-0.21356214582920074,1,0.6880011067968427
s049,s049,3,35,0.049123978871381646,0.8918583393096924,-0.8918583393096924,1,0.6880011067968427
s049,s049,7,7,0.9993397959363788,0.18422597646713257,-0.18422597646713257,1,0.6880011067968427
s049,s049,8,34,0.9993621407472043,0.18185555934906006,-0.18185555934906006,1,0.6880011067968427
s049,s049,7,20,0.9995620215887502,0.1559765338897705,-0.1559765338897705,1,0.6880011067968427
s049,s049,5,44,0.9988825783717747,0.2204621583223343,-0.2204621583223343,1,0.6880011067968427
s049,s049,2,5,0.9195525025763548,0.5203846096992493,-0.5203846096992493,1,0.6880011067968427
s049,s049,2,1,0.10006177602740067,0.8391231894493103,-0.8391231894493103,1,0.6880011067968427
s049,s049,4,25,0.9992308060732736,0.194745734333992,-0.194745734333992,1,0.6880011067968427
s049,s049,4,40,0.9989854054474521,0.21381346881389618,-0.21381346881389618,1,0.6880011067968427
s049,s049,8,48,0.9965725762767901,0.29773157835006714,-0.29773157835006714,1,0.6880011067968427
s049,s049,4,38,0.9971166853313995,0.28580066561698914,-0.28580066561698914,1,0.6880011067968427
s049,s049,4,20,0.9962854562043915,0.3032861649990082,-0.3032861649990082,1,0.6880011067968427
s049,s049,2,9,0.9994254902826244,0.17465466260910034,-0.17465466260910034,1,0.6880011067968427
s049,s049,1,49,9.900541128923657e-19,3.540214776992798,-3.540214776992798,1,0.6880011067968427
s049,s049,7,45,0.046870794803654615,0.8952515125274658,-0.8952515125274658,1,0.6880011067968427
s049,s049,5,36,0.999660595503543,0.13842730224132538,-0.13842730224132538,1,0.6880011067968427
s049,s049,6,3,0.9936762097519001,0.3400725722312927,-0.3400725722312927,1,0.6880011067968427
s049,s049,1,22,0.9997994746181471,0.10221156477928162,-0.10221156477928162,1,0.6880011067968427
s049,s049,7,14,0.9987353980330144,0.22898517549037933,-0.22898517549037933,1,0.6880011067968427
s049,s049,4,11,0.957506470476424,0.47369009256362915,-0.47369009256362915,1,0.6880011067968427
s049,s049,6,27,0.999803715340887,0.10074067860841751,-0.10074067860841751,1,0.6880011067968427
s049,s049,4,42,1.5131907158481351e-13,2.718938112258911,-2.718938112258911,1,0.6880011067968427
s049,s049,6,44,0.9996427183119162,0.14196017384529114,-0.14196017384529114,1,0.6880011067968427
s049,s049,7,44,0.9030717484587328,0.534450888633728,-0.534450888633728,1,0.6880011067968427
s049,s049,6,8,0.9994975568174606,0.16542811691761017,-0.16542811691761017,1,0.6880011067968427
s049,s049,7,9,0.9994860812657002,0.16698259115219116,-0.16698259115219116,1,0.6880011067968427
s049,s049,3,50,0.9996658327790432,0.13735702633857727,-0.13735702633857727,1,0.6880011067968427
s049,s049,3,31,0.9862111627696908,0.3942238688468933,-0.3942238688468933,1,0.6880011067968427
s049,s049,4,2,0.8229739933916467,0.5822809338569641,-0.5822809338569641,1,0.6880011067968427
s049,s049,8,10,0.9976105075477743,0.27284184098243713,-0.27284184098243713,1,0.6880011067968427
s049,s049,2,50,0.9946176347365814,0.3289174735546112,-0.3289174735546112,1,0.6880011067968427
s049,s049,8,23,0.9719159038147711,0.44416898488998413,-0.44416898488998413,1,0.6880011067968427
s049,s049,2,38,0.9995658331193483,0.1553749144077301,-0.1553749144077301,1,0.6880011067968427
s049,s049,7,31,0.9991089915554152,0.20486848056316376,-0.20486848056316376,1,0.6880011067968427
s049,s049,5,15,0.999431596991273,0.17391902208328247,-0.17391902208328247,1,0.6880011067968427
s049,s049,3,22,0.9998558674368598,0.07948938012123108,-0.07948938012123108,1,0.6880011067968427
s049,s049,8,50,0.9995194969426896,0.1623547524213791,-0.1623547524213791,1,0.6880011067968427
s049,s049,1,21,0.9988332859092599,0.22343547642230988,-0.22343547642230988,1,0.6880011067968427
s049,s049,4,39,0.9980132485901925,0.2601149380207062,-0.2601149380207062,1,0.6880011067968427
s049,s049,2,22,0.9999148179560792,0.04330040141940117,-0.04330040141940117,1,0.6880011067968427
s049,s049,3,7,0.9491065948682698,0.48670658469200134,-0.48670658469200134,1,0.6880011067968427
s049,s049,6,21,0.9998260279823905,0.09243693202733994,-0.09243693202733994,1,0.6880011067968427
s049,s049,7,49,0.9982229010081678,0.25242799520492554,-0.25242799520492554,1,0.6880011067968427
s049,s049,3,3,0.9953122927973356,0.3193623423576355,-0.3193623423576355,1,0.6880011067968427
s049,s020,6,2,8.758229081032072e-07,1.6476320028305054,-1.6476320028305054,0,0.6880011067968427
s049,s041,6,15,4.2578667617432307e-44,7.558722496032715,-7.558722496032715,0,0.6880011067968427
s049,s035,8,16,3.281766544157853e-07,1.7151670455932617,-1.7151670455932617,0,0.6880011067968427
s049,s056,3,7,0.002766729602417947,1.0930492877960205,-1.0930492877960205,0,0.6880011067968427
s049,s055,7,9,1.205871873060509e-05,1.4672112464904785,-1.4672112464904785,0,0.6880011067968427
s049,s032,7,10,1.436583761891025e-06,1.6135855913162231,-1.6135855913162231,0,0.6880011067968427
s049,s015,7,9,1.3225337218726202e-06,1.6192766427993774,-1.6192766427993774,0,0.6880011067968427
s049,s048,7,44,0.45759212726483456,0.699699878692627,-0.699699878692627,0,0.6880011067968427
s049,s013,2,4,6.2650415533899e-07,1.6706806421279907,-1.6706806421279907,0,0.6880011067968427
s049,s056,5,2,2.0684884379589926e-05,1.4300850629806519,-1.4300850629806519,0,0.6880011067968427
s049,s047,2,42,0.9946302235330134,0.3287554979324341,-0.3287554979324341,0,0.6880011067968427
s049,s008,6,21,6.213934998904631e-08,1.8296623229980469,-1.8296623229980469,0,0.6880011067968427
s049,s050,4,11,0.2975231141233596,0.7471086978912354,-0.7471086978912354,0,0.6880011067968427
s049,s015,6,27,4.467492208962742e-12,2.486036539077759,-2.486036539077759,0,0.6880011067968427
s049,s038,6,3,1.8906526688547537e-07,1.7531075477600098,-1.7531075477600098,0,0.6880011067968427
s049,s020,1,21,8.750218269899558e-08,1.8061131238937378,-1.8061131238937378,0,0.6880011067968427
s049,s003,2,38,0.000427880587139558,1.2216311693191528,-1.2216311693191528,0,0.6880011067968427
s049,s027,6,27,0.011919347766080664,0.9919325709342957,-0.9919325709342957,0,0.6880011067968427
s049,s024,1,50,3.624958514654037e-20,3.7677595615386963,-3.7677595615386963,0,0.6880011067968427
s049,s008,7,31,3.2627077760084956e-05,1.3987293243408203,-1.3987293243408203,0,0.6880011067968427
s049,s041,2,1,3.118792710903559e-07,1.718671441078186,-1.718671441078186,0,0.6880011067968427
s049,s051,1,50,0.0023954638177804076,1.1029882431030273,-1.1029882431030273,0,0.6880011067968427
s049,s031,7,31,0.7705164336773846,0.604668378829956,-0.604668378829956,0,0.6880011067968427
s049,s011,2,4,8.874952574359833e-08,1.8051393032073975,-1.8051393032073975,0,0.6880011067968427
s049,s050,2,39,0.9635191579894097,0.4627629518508911,-0.4627629518508911,0,0.6880011067968427
s049,s040,7,29,0.0581518292784526,0.8795947432518005,-0.8795947432518005,0,0.6880011067968427
s049,s004,8,34,0.03757973347318717,0.9111189246177673,-0.9111189246177673,0,0.6880011067968427
s049,s044,8,41,1.0921171991204412e-16,3.216628313064575,-3.216628313064575,0,0.6880011067968427
s049,s054,4,2,3.989919211556867e-05,1.384885311126709,-1.384885311126709,0,0.6880011067968427
s049,s033,7,49,6.12620104858848e-16,3.0979855060577393,-3.0979855060577393,0,0.6880011067968427
s049,s028,7,7,4.551252870185997e-18,3.435267210006714,-3.435267210006714,0,0.6880011067968427
s049,s026,7,49,6.359755959898416e-05,1.3528077602386475,-1.3528077602386475,0,0.6880011067968427
s049,s038,5,15,4.6065439723815417e-07,1.691837191581726,-1.691837191581726,0,0.6880011067968427
s049,s012,2,39,7.872484452705e-24,4.3480753898620605,-4.3480753898620605,0,0.6880011067968427
s049,s048,6,2,9.475272940251264e-05,1.3253753185272217,-1.3253753185272217,0,0.6880011067968427
s049,s002,8,50,5.971061055076992e-12,2.4660778045654297,-2.4660778045654297,0,0.6880011067968427
s049,s053,4,40,8.83088977977392e-09,1.963899850845337,-1.963899850845337,0,0.6880011067968427
s049,s003,8,41,1.0856323820303623e-18,3.533874273300171,-3.533874273300171,0,0.6880011067968427
s049,s032,1,49,4.7848192305229826e-09,2.00606107711792,-2.00606107711792,0,0.6880011067968427
s049,s015,3,7,2.211179726922935e-14,2.85125994682312,-2.85125994682312,0,0.6880011067968427
s049,s042,6,8,0.2663413617673105,0.7577138543128967,-0.7577138543128967,0,0.6880011067968427
s049,s044,4,25,2.1129857091811104e-14,2.8543851375579834,-2.8543851375579834,0,0.6880011067968427
s049,s046,6,24,0.005645096093945103,1.0437875986099243,-1.0437875986099243,0,0.6880011067968427
s049,s054,7,16,9.783399289431728e-05,1.3231734037399292,-1.3231734037399292,0,0.6880011067968427
s049,s008,4,42,5.410320320457281e-05,1.3639321327209473,-1.3639321327209473,0,0.6880011067968427
s049,s027,5,44,0.02183749150495287,0.9495823979377747,-0.9495823979377747,0,0.6880011067968427
s049,s042,3,35,0.9315470034395531,0.5083847045898438,-0.5083847045898438,0,0.6880011067968427
s049,s008,3,22,7.315160035813742e-05,1.3431779146194458,-1.3431779146194458,0,0.6880011067968427
s049,s008,3,31,0.0006091729082251353,1.1973145008087158,-1.1973145008087158,0,0.6880011067968427
s049,s021,4,2,2.141546924806668e-09,2.061370849609375,-2.061370849609375,0,0.6880011067968427
s049,s027,2,5,7.655745037381548e-05,1.340046763420105,-1.340046763420105,0,0.6880011067968427
s049,s036,2,1,2.3111165984616653e-31,5.541326522827148,-5.541326522827148,0,0.6880011067968427
s049,s050,8,48,0.03147701499916483,0.9237456917762756,-0.9237456917762756,0,0.6880011067968427
s049,s013,7,10,6.62924732581677e-08,1.8252111673355103,-1.8252111673355103,0,0.6880011067968427
s049,s011,5,18,8.962388397518586e-07,1.6460466384887695,-1.6460466384887695,0,0.6880011067968427
s049,s032,7,44,3.378301259201553e-11,2.3468449115753174,-2.3468449115753174,0,0.6880011067968427
s049,s029,7,46,6.634515844434658e-05,1.3498976230621338,-1.3498976230621338,0,0.6880011067968427
s049,s051,6,3,9.983903898372906e-17,3.222801685333252,-3.222801685333252,0,0.6880011067968427
s049,s039,4,11,0.2156615166825486,0.7768310308456421,-0.7768310308456421,0,0.6880011067968427
s049,s007,6,8,0.004303680219474604,1.062546968460083,-1.062546968460083,0,0.6880011067968427
s049,s007,7,4,0.01766531639355899,0.9644625782966614,-0.9644625782966614,0,0.6880011067968427
s049,s013,6,21,4.467598581652374e-09,2.0107805728912354,-2.0107805728912354,0,0.6880011067968427
s049,s036,5,6,6.107173120660538e-39,6.74181604385376,-6.74181604385376,0,0.6880011067968427
s049,s002,4,25,0.00012958918699298874,1.303831696510315,-1.303831696510315,0,0.6880011067968427
s049,s021,4,17,0.00030059409165469826,1.2459321022033691,-1.2459321022033691,0,0.6880011067968427
s049,s057,4,38,0.017533757062110515,0.9649860858917236,-0.9649860858917236,0,0.6880011067968427
s049,s029,4,25,0.002073233128879388,1.1129498481750488,-1.1129498481750488,0,0.6880011067968427
s049,s053,8,34,0.0006685797939819992,1.1909083127975464,-1.1909083127975464,0,0.6880011067968427
s049,s015,8,34,5.538917931472019e-08,1.8375740051269531,-1.8375740051269531,0,0.6880011067968427
s049,s004,1,14,0.41583145722031584,0.7113869190216064,-0.7113869190216064,0,0.6880011067968427
s049,s026,7,44,2.720528555705558e-05,1.411232829093933,-1.411232829093933,0,0.6880011067968427
s049,s053,2,1,0.0036262415693793402,1.074377417564392,-1.074377417564392,0,0.6880011067968427
s049,s005,3,3,0.920150269999843,0.5198267698287964,-0.5198267698287964,0,0.6880011067968427
s049,s057,1,22,0.902170766598398,0.5351561307907104,-0.5351561307907104,0,0.6880011067968427
s049,s018,3,31,0.010293989353239552,1.0021319389343262,-1.0021319389343262,0,0.6880011067968427
s049,s034,2,3,0.0034911835567406073,1.0769981145858765,-1.0769981145858765,0,0.6880011067968427
s049,s021,7,4,2.3103807368242566e-10,2.2145681381225586,-2.2145681381225586,0,0.6880011067968427
s049,s010,3,3,2.9014395193348333e-19,3.6246588230133057,-3.6246588230133057,0,0.6880011067968427
s049,s043,3,6,2.6896133422139736e-13,2.679365873336792,-2.679365873336792,0,0.6880011067968427
s049,s031,7,16,0.8870459612612147,0.5462098717689514,-0.5462098717689514,0,0.6880011067968427
s050,s050,5,13,0.997204868051746,0.42393553256988525,-0.42393553256988525,1,1.0282402175845522
s050,s050,6,46,0.9980236706652361,0.38820841908454895,-0.38820841908454895,1,1.0282402175845522
s050,s050,8,15,0.16714648942314583,1.1933742761611938,-1.1933742761611938,1,1.0282402175845522
s050,s050,6,2,0.9992060466987998,0.29431405663490295,-0.29431405663490295,1,1.0282402175845522
s050,s050,8,41,0.994687206521044,0.49023300409317017,-0.49023300409317017,1,1.0282402175845522
s050,s050,8,16,0.037521128748479064,1.3618638515472412,-1.3618638515472412,1,1.0282402175845522
s050,s050,7,4,0.9992491796259295,0.28856605291366577,-0.28856605291366577,1,1.0282402175845522
s050,s050,6,20,0.6231516295354158,0.9765251874923706,-0.9765251874923706,1,1.0282402175845522
s050,s050,5,2,0.9992473553764567,0.28881576657295227,-0.28881576657295227,1,1.0282402175845522
s050,s050,4,12,0.9569327706800858,0.7093859314918518,-0.7093859314918518,1,1.0282402175845522
s050,s050,1,44,0.00025449842764495696,1.8792078495025635,-1.8792078495025635,1,1.0282402175845522
s050,s050,5,18,0.9996909551393023,0.1972457766532898,-0.1972457766532898,1,1.0282402175845522
s050,s050,4,41,0.9990303734121925,0.3148852586746216,-0.3148852586746216,1,1.0282402175845522
s050,s050,7,10,0.9237428232785865,0.7717639803886414,-0.7717639803886414,1,1.0282402175845522
s050,s050,6,10,0.9967635546675127,0.4390546679496765,-0.4390546679496765,1,1.0282402175845522
s050,s050,3,6,0.9988525818819181,0.3322148621082306,-0.3322148621082306,1,1.0282402175845522
s050,s050,2,4,0.9986867739156827,0.34611034393310547,-0.34611034393310547,1,1.0282402175845522
s050,s050,1,2,8.790415440614132e-11,3.409107208251953,-3.409107208251953,1,1.0282402175845522
s050,s050,1,50,0.5270054807089958,1.0171221494674683,-1.0171221494674683,1,1.0282402175845522
s050,s050,2,31,0.9961900699976975,0.4558880627155304,-0.4558880627155304,1,1.0282402175845522
s050,s050,5,6,0.9988931230374353,0.32851192355155945,-0.32851192355155945,1,1.0282402175845522
s050,s050,1,35,0.9965764800375949,0.4448520243167877,-0.4448520243167877,1,1.0282402175845522
s050,s050,6,14,0.7763538068150534,0.9002712965011597,-0.9002712965011597,1,1.0282402175845522
s050,s050,2,42,0.9803635328486181,0.6261432766914368,-0.6261432766914368,1,1.0282402175845522
s050,s050,7,40,0.99917144647921,0.29870375990867615,-0.29870375990867615,1,1.0282402175845522
s050,s050,2,3,0.9984848969091819,0.36083462834358215,-0.36083462834358215,1,1.0282402175845522
s050,s050,7,46,0.9923143347756473,0.5284452438354492,-0.5284452438354492,1,1.0282402175845522
s050,s050,6,15,0.7255124462208021,0.9282981157302856,-0.9282981157302856,1,1.0282402175845522
s050,s050,5,42,0.9995344366943225,0.23939521610736847,-0.23939521610736847,1,1.0282402175845522
s050,s050,1,14,0.9941725101175546,0.49979421496391296,-0.49979421496391296,1,1.0282402175845522
s050,s050,7,16,0.4192691186565255,1.0617376565933228,-1.0617376565933228,1,1.0282402175845522
s050,s050,2,39,0.984033639928953,0.6044843196868896,-0.6044843196868896,1,1.0282402175845522
s050,s050,6,24,0.9995924116283126,0.22571465373039246,-0.22571465373039246,1,1.0282402175845522
s050,s050,4,17,0.9991155215384179,0.30542564392089844,-0.30542564392089844,1,1.0282402175845522
s050,s050,7,29,0.9800787298513507,0.6276537775993347,-0.6276537775993347,1,1.0282402175845522
s050,s050,8,44,0.9575639714208136,0.7077999711036682,-0.7077999711036682,1,1.0282402175845522
s050,s050,3,35,0.9740684216887047,0.6553982496261597,-0.6553982496261597,1,1.0282402175845522
s050,s050,7,7,0.9984877924252169,0.3606376349925995,-0.3606376349925995,1,1.0282402175845522
s050,s050,8,34,0.9939759539121108,0.5032255053520203,-0.5032255053520203,1,1.0282402175845522
s050,s050,7,20,0.9945702733773899,0.4924836754798889,-0.4924836754798889,1,1.0282402175845522
s050,s050,5,44,0.9994499559860293,0.2565498352050781,-0.2565498352050781,1,1.0282402175845522
s050,s050,2,5,0.997255190398369,0.4220622777938843,-0.4220622777938843,1,1.0282402175845522
s050,s050,2,1,0.44584144925470226,1.0506031513214111,-1.0506031513214111,1,1.0282402175845522
s050,s050,4,25,0.6029882056658307,0.9852668046951294,-0.9852668046951294,1,1.0282402175845522
s050,s050,4,40,0.9994934065009614,0.24808403849601746,-0.24808403849601746,1,1.0282402175845522
s050,s050,8,48,0.9984308992028151,0.36444100737571716,-0.36444100737571716,1,1.0282402175845522
s050,s050,4,38,0.9755642544638784,0.6491312384605408,-0.6491312384605408,1,1.0282402175845522
s050,s050,4,20,0.9561098521690695,0.7114205956459045,-0.7114205956459045,1,1.0282402175845522
s050,s050,2,9,0.9995108372049144,0.24448201060295105,-0.24448201060295105,1,1.0282402175845522
s050,s050,1,49,0.9801435116066807,0.6273120641708374,-0.6273120641708374,1,1.0282402175845522
s050,s050,7,45,0.999728279198309,0.18400731682777405,-0.18400731682777405,1,1.0282402175845522
s050,s050,5,36,0.998198237013004,0.3786817193031311,-0.3786817193031311,1,1.0282402175845522
s050,s050,6,3,0.9943881139056325,0.49589550495147705,-0.49589550495147705,1,1.0282402175845522
s050,s050,1,22,0.9995955899915626,0.22490936517715454,-0.22490936517715454,1,1.0282402175845522
s050,s050,7,14,0.3990677462275258,1.070331335067749,-1.070331335067749,1,1.0282402175845522
s050,s050,4,11,0.9996931357204764,0.1965174674987793,-0.1965174674987793,1,1.0282402175845522
s050,s050,6,27,0.9995771889763058,0.22948652505874634,-0.22948652505874634,1,1.0282402175845522
s050,s050,4,42,0.9997622456456106,0.17027300596237183,-0.17027300596237183,1,1.0282402175845522
s050,s050,6,44,0.9994211881028131,0.26179468631744385,-0.26179468631744385,1,1.0282402175845522
s050,s050,7,44,0.9493644825240062,0.7268486618995667,-0.7268486618995667,1,1.0282402175845522
s050,s050,6,8,0.999398122332968,0.2658150792121887,-0.2658150792121887,1,1.0282402175845522
s050,s050,7,9,0.98419301743481,0.6034361124038696,-0.6034361124038696,1,1.0282402175845522
s050,s050,3,50,5.4813376958499156e-05,2.037100315093994,-2.037100315093994,1,1.0282402175845522
s050,s050,3,31,0.9998334516674577,0.13366521894931793,-0.13366521894931793,1,1.0282402175845522
s050,s050,4,2,0.9717063283820105,0.6646117568016052,-0.6646117568016052,1,1.0282402175845522
s050,s050,8,10,0.99931618542722,0.27894720435142517,-0.27894720435142517,1,1.0282402175845522
s050,s050,2,50,0.11227764722191115,1.2408478260040283,-1.2408478260040283,1,1.0282402175845522
s050,s050,8,23,0.9997208299038813,0.18678908050060272,-0.18678908050060272,1,1.0282402175845522
s050,s050,2,38,0.9250095195786724,0.7699007391929626,-0.7699007391929626,1,1.0282402175845522
s050,s050,7,31,0.981866656005015,0.6177972555160522,-0.6177972555160522,1,1.0282402175845522
s050,s050,5,15,0.9997074654326924,0.19159866869449615,-0.19159866869449615,1,1.0282402175845522
s050,s050,3,22,0.9953834202372867,0.47571802139282227,-0.47571802139282227,1,1.0282402175845522
s050,s050,8,50,0.9998600636455095,0.11576104164123535,-0.11576104164123535,1,1.0282402175845522
s050,s050,1,21,0.99899725443768,0.3183421194553375,-0.3183421194553375,1,1.0282402175845522
s050,s050,4,39,0.9930946495826589,0.5173560380935669,-0.5173560380935669,1,1.0282402175845522
s050,s050,2,22,0.99811753913515,0.3831951916217804,-0.3831951916217804,1,1.0282402175845522
s050,s050,3,7,0.9995372167068505,0.23877909779548645,-0.23877909779548645,1,1.0282402175845522
s050,s050,6,21,7.398897596336245e-05,2.0062530040740967,-2.0062530040740967,1,1.0282402175845522
s050,s050,7,49,0.9996641575923977,0.2057989239692688,-0.2057989239692688,1,1.0282402175845522
s050,s050,3,3,0.6229362515088842,0.9766194820404053,-0.9766194820404053,1,1.0282402175845522
s050,s020,6,2,5.751456974068742e-09,2.979203939437866,-2.979203939437866,0,1.0282402175845522
s050,s041,6,15,5.274536504162465e-89,21.92898941040039,-21.92898941040039,0,1.0282402175845522
s050,s035,8,16,0.807395432630473,0.8808754682540894,-0.8808754682540894,0,1.0282402175845522
s050,s056,3,7,0.030746567917022606,1.3830599784851074,-1.3830599784851074,0,1.0282402175845522
s050,s055,7,9,3.008538110645882e-08,2.809072732925415,-2.809072732925415,0,1.0282402175845522
s050,s032,7,10,3.1249722279198314e-08,2.805168390274048,-2.805168390274048,0,1.0282402175845522
s050,s015,7,9,6.274137092705562e-05,2.0232093334198,-2.0232093334198,0,1.0282402175845522
s050,s048,7,44,0.9954585139149194,0.4740239679813385,-0.4740239679813385,0,1.0282402175845522
s050,s013,2,4,0.7579389437466276,0.9108755588531494,-0.9108755588531494,0,1.0282402175845522
s050,s056,5,2,0.8268929374941767,0.8674476146697998,-0.8674476146697998,0,1.0282402175845522
s050,s047,2,42,1.0566339517015363e-13,4.100469589233398,-4.100469589233398,0,1.0282402175845522
s050,s008,6,21,3.788966374733344e-09,3.02211856842041,-3.02211856842041,0,1.0282402175845522
s050,s049,4,11,2.9517643285791895e-46,11.807951927185059,-11.807951927185059,0,1.0282402175845522
s050,s015,6,27,1.902875147728846e-09,3.0929362773895264,-3.0929362773895264,0,1.0282402175845522
s050,s038,6,3,0.9833861769811465,0.6086393594741821,-0.6086393594741821,0,1.0282402175845522
s050,s020,1,21,1.0602082469553974e-10,3.3898391723632812,-3.3898391723632812,0,1.0282402175845522
s050,s003,2,38,4.373323092160648e-25,6.7955474853515625,-6.7955474853515625,0,1.0282402175845522
s050,s027,6,27,0.9927045228688182,0.5230474472045898,-0.5230474472045898,0,1.0282402175845522
s050,s024,1,50,1.5077373700392387e-15,4.537435531616211,-4.537435531616211,0,1.0282402175845522
s050,s008,7,31,5.658703579585318e-05,2.033825635910034,-2.033825635910034,0,1.0282402175845522
s050,s041,2,1,1.3530343779736011e-15,4.548567295074463,-4.548567295074463,0,1.0282402175845522
s050,s051,1,50,0.9997428754162925,0.17832845449447632,-0.17832845449447632,0,1.0282402175845522
s050,s031,7,31,0.11584330350453581,1.2372193336486816,-1.2372193336486816,0,1.0282402175845522
s050,s011,2,4,5.938447440620475e-13,3.9229583740234375,-3.9229583740234375,0,1.0282402175845522
s050,s049,2,39,2.1150646635946664e-15,4.502632141113281,-4.502632141113281,0,1.0282402175845522
s050,s040,7,29,1.0467948937167436e-11,3.6279094219207764,-3.6279094219207764,0,1.0282402175845522
s050,s004,8,34,0.023346328722991173,1.4121534824371338,-1.4121534824371338,0,1.0282402175845522
s050,s044,8,41,3.3350675041460007e-07,2.5617167949676514,-2.5617167949676514,0,1.0282402175845522
s050,s054,4,2,0.2287610678337233,1.153204321861267,-1.153204321861267,0,1.0282402175845522
s050,s033,7,49,2.539523298837725e-41,10.63961410522461,-10.63961410522461,0,1.0282402175845522
s050,s028,7,7,2.541136130586469e-06,2.3529114723205566,-2.3529114723205566,0,1.0282402175845522
s050,s026,7,49,0.998431372728183,0.3644099235534668,-0.3644099235534668,0,1.0282402175845522
s050,s038,5,15,0.9977712917165348,0.4005919098854065,-0.4005919098854065,0,1.0282402175845522
s050,s012,2,39,1.387443442543792e-39,10.228250503540039,-10.228250503540039,0,1.0282402175845522
s050,s048,6,2,0.5415626291292758,1.0111061334609985,-1.0111061334609985,0,1.0282402175845522
s050,s002,8,50,4.55202335187464e-25,6.79142951965332,-6.79142951965332,0,1.0282402175845522
s050,s053,4,40,1.8367035765850346e-05,2.149529457092285,-2.149529457092285,0,1.0282402175845522
s050,s003,8,41,6.543341952903756e-57,14.33047103881836,-14.33047103881836,0,1.0282402175845522
s050,s032,1,49,0.9286576185414495,0.7643681168556213,-0.7643681168556213,0,1.0282402175845522
s050,s015,3,7,5.753694491675158e-05,2.032113790512085,-2.032113790512085,0,1.0282402175845522
s050,s042,6,8,0.3264519921290897,1.1027132272720337,-1.1027132272720337,0,1.0282402175845522
s050,s044,4,25,0.0015734139929733614,1.6917567253112793,-1.6917567253112793,0,1.0282402175845522
s050,s046,6,24,0.9935923659293981,0.5096126198768616,-0.5096126198768616,0,1.0282402175845522
s050,s054,7,16,0.14749943810584298,1.2086294889450073,-1.2086294889450073,0,1.0282402175845522
s050,s008,4,42,0.0021066446604586222,1.66169273853302,-1.66169273853302,0,1.0282402175845522
s050,s027,5,44,0.9168965991542176,0.7813690900802612,-0.7813690900802612,0,1.0282402175845522
s050,s042,3,35,0.16027387035928398,1.1985365152359009,-1.1985365152359009,0,1.0282402175845522
s050,s008,3,22,1.612138291177299e-05,2.1629390716552734,-2.1629390716552734,0,1.0282402175845522
s050,s008,3,31,0.00048762765749033873,1.8123217821121216,-1.8123217821121216,0,1.0282402175845522
s050,s021,4,2,0.9448924094187504,0.7360365986824036,-0.7360365986824036,0,1.0282402175845522
s050,s027,2,5,8.547140765017123e-07,2.4649486541748047,-2.4649486541748047,0,1.0282402175845522
s050,s036,2,1,2.0319370707947708e-160,38.83710861206055,-38.83710861206055,0,1.0282402175845522
s050,s049,8,48,0.004852188337678712,1.5756199359893799,-1.5756199359893799,0,1.0282402175845522
s050,s013,7,10,8.796081686847707e-06,2.2252347469329834,-2.2252347469329834,0,1.0282402175845522
s050,s011,5,18,8.32446902981098e-14,4.124990463256836,-4.124990463256836,0,1.0282402175845522
s050,s032,7,44,2.6538852504707114e-20,5.663102626800537,-5.663102626800537,0,1.0282402175845522
s050,s029,7,46,0.09166296059320553,1.2640668153762817,-1.2640668153762817,0,1.0282402175845522
s050,s051,6,3,7.701375354323571e-07,2.4756627082824707,-2.4756627082824707,0,1.0282402175845522
s050,s039,4,11,0.9956042128544993,0.47065606713294983,-0.47065606713294983,0,1.0282402175845522
s050,s007,6,8,2.482494457540975e-07,2.592073440551758,-2.592073440551758,0,1.0282402175845522
s050,s007,7,4,0.9776646748230389,0.6396685242652893,-0.6396685242652893,0,1.0282402175845522
s050,s013,6,21,0.004054669828115528,1.5941654443740845,-1.5941654443740845,0,1.0282402175845522
s050,s036,5,6,1.68145181107242e-90,22.283302307128906,-22.283302307128906,0,1.0282402175845522
s050,s002,4,25,0.9977777964408618,0.40029069781303406,-0.40029069781303406,0,1.0282402175845522
s050,s021,4,17,0.9978208090259568,0.39827650785446167,-0.39827650785446167,0,1.0282402175845522
s050,s057,4,38,4.722849965160028e-05,2.052415370941162,-2.052415370941162,0,1.0282402175845522
s050,s029,4,25,0.9959869031539921,0.46125099062919617,-0.46125099062919617,0,1.0282402175845522
s050,s053,8,34,2.0606941354409633e-05,2.137697219848633,-2.137697219848633,0,1.0282402175845522
s050,s015,8,34,2.746358485206941e-08,2.818448066711426,-2.818448066711426,0,1.0282402175845522
s050,s004,1,14,0.0063694670507691885,1.5474860668182373,-1.5474860668182373,0,1.0282402175845522
s050,s026,7,44,0.3392659090189584,1.0967793464660645,-1.0967793464660645,0,1.0282402175845522
s050,s053,2,1,2.831485818768036e-08,2.8153092861175537,-2.8153092861175537,0,1.0282402175845522
s050,s005,3,3,3.067308947122507e-11,3.517366647720337,-3.517366647720337,0,1.0282402175845522
s050,s057,1,22,2.1178920651355734e-14,4.26573371887207,-4.26573371887207,0,1.0282402175845522
s050,s018,3,31,0.08837106873870547,1.2681994438171387,-1.2681994438171387,0,1.0282402175845522
s050,s034,2,3,0.9205631131001427,0.7763190269470215,-0.7763190269470215,0,1.0282402175845522
s050,s021,7,4,0.3898594709676435,1.0742954015731812,-1.0742954015731812,0,1.0282402175845522
s050,s010,3,3,3.5709515139793473e-07,2.554689884185791,-2.554689884185791,0,1.0282402175845522
s050,s043,3,6,3.294266121507513e-35,9.192292213439941,-9.192292213439941,0,1.0282402175845522
s050,s031,7,16,0.7826555569476403,0.8965011239051819,-0.8965011239051819,0,1.0282402175845522
s051,s051,5,13,0.29084855801604387,1.1159617900848389,-1.1159617900848389,1,1.0246391466892126
s051,s051,6,46,0.028712796216736468,1.3854432106018066,-1.3854432106018066,1,1.0246391466892126
s051,s051,8,15,0.7543217600408557,0.9096955060958862,-0.9096955060958862,1,1.0246391466892126
s051,s051,6,2,0.9045297409430941,0.7942387461662292,-0.7942387461662292,1,1.0246391466892126
s051,s051,8,41,0.664761787061512,0.9544936418533325,-0.9544936418533325,1,1.0246391466892126
s051,s051,8,16,0.9759599500019436,0.6451435089111328,-0.6451435089111328,1,1.0246391466892126
s051,s051,7,4,0.9950039568227752,0.48218488693237305,-0.48218488693237305,1,1.0246391466892126
s051,s051,6,20,0.9985437949197422,0.3555022180080414,-0.3555022180080414,1,1.0246391466892126
s051,s051,5,2,0.9998327994487267,0.13359764218330383,-0.13359764218330383,1,1.0246391466892126
s051,s051,4,12,0.999595190519148,0.22422289848327637,-0.22422289848327637,1,1.0246391466892126
s051,s051,1,44,0.9917434262128775,0.5339953303337097,-0.5339953303337097,1,1.0246391466892126
s051,s051,5,18,0.9998548008162029,0.11913900822401047,-0.11913900822401047,1,1.0246391466892126
s051,s051,4,41,0.9997845461984267,0.15958257019519806,-0.15958257019519806,1,1.0246391466892126
s051,s051,7,10,0.9992673024982983,0.28505003452301025,-0.28505003452301025,1,1.0246391466892126
s051,s051,6,10,0.9934777270541124,0.5096566677093506,-0.5096566677093506,1,1.0246391466892126
s051,s051,3,6,0.9208731810564834,0.7731649875640869,-0.7731649875640869,1,1.0246391466892126
s051,s051,2,4,0.9965645163588024,0.4436527490615845,-0.4436527490615845,1,1.0246391466892126
s051,s051,1,2,0.03004899102928686,1.3806414604187012,-1.3806414604187012,1,1.0246391466892126
s051,s051,1,50,0.9386366951347693,0.7451568841934204,-0.7451568841934204,1,1.0246391466892126
s051,s051,2,31,0.982344825297543,0.6128455400466919,-0.6128455400466919,1,1.0246391466892126
s051,s051,5,6,0.9998341905288283,0.13274145126342773,-0.13274145126342773,1,1.0246391466892126
s051,s051,1,35,0.9312358166690377,0.7576356530189514,-0.7576356530189514,1,1.0246391466892126
s051,s051,6,14,0.9883212250085252,0.5698802471160889,-0.5698802471160889,1,1.0246391466892126
s051,s051,2,42,0.9989323312182883,0.32366204261779785,-0.32366204261779785,1,1.0246391466892126
s051,s051,7,40,0.9866332399639783,0.5838878154754639,-0.5838878154754639,1,1.0246391466892126
s051,s051,2,3,0.9922372123739089,0.527625560760498,-0.527625560760498,1,1.0246391466892126
s051,s051,7,46,0.25791656351954645,1.1329256296157837,-1.1329256296157837,1,1.0246391466892126
s051,s051,6,15,0.9789441114867983,0.6312500238418579,-0.6312500238418579,1,1.0246391466892126
s051,s051,5,42,0.007107897922115189,1.5307509899139404,-1.5307509899139404,1,1.0246391466892126
s051,s051,1,14,6.477907636360756e-06,2.248786449432373,-2.248786449432373,1,1.0246391466892126
s051,s051,7,16,0.993619053231015,0.507397472858429,-0.507397472858429,1,1.0246391466892126
s051,s051,2,39,0.9998800682091818,0.09954702854156494,-0.09954702854156494,1,1.0246391466892126
s051,s051,6,24,0.9992262948269233,0.2906342148780823,-0.2906342148780823,1,1.0246391466892126
s051,s051,4,17,0.9997418011322367,0.17813123762607574,-0.17813123762607574,1,1.0246391466892126
s051,s051,7,29,0.996670346506483,0.44043582677841187,-0.44043582677841187,1,1.0246391466892126
s051,s051,8,44,0.9927333813611838,0.5208065509796143,-0.5208065509796143,1,1.0246391466892126
s051,s051,3,35,0.9970344451832276,0.4285326600074768,-0.4285326600074768,1,1.0246391466892126
s051,s051,7,7,0.9997497152735964,0.17494063079357147,-0.17494063079357147,1,1.0246391466892126
s051,s051,8,34,0.9971428643753382,0.42470529675483704,-0.42470529675483704,1,1.0246391466892126
s051,s051,7,20,0.9776825558839782,0.6373443603515625,-0.6373443603515625,1,1.0246391466892126
s051,s051,5,44,0.939194721300739,0.7441599369049072,-0.7441599369049072,1,1.0246391466892126
s051,s051,2,5,0.0004141726049893412,1.82271146774292,-1.82271146774292,1,1.0246391466892126
s051,s051,2,1,0.9283547684753676,0.7621586322784424,-0.7621586322784424,1,1.0246391466892126
s051,s051,4,25,0.93246377985656,0.7556543350219727,-0.7556543350219727,1,1.0246391466892126
s051,s051,4,40,0.8268535227698343,0.8644378781318665,-0.8644378781318665,1,1.0246391466892126
s051,s051,8,48,0.9947300956175765,0.48768118023872375,-0.48768118023872375,1,1.0246391466892126
s051,s051,4,38,0.9951267846564487,0.47962167859077454,-0.47962167859077454,1,1.0246391466892126
s051,s051,4,20,0.9950315662134516,0.48161423206329346,-0.48161423206329346,1,1.0246391466892126
s051,s051,2,9,0.9983091163928386,0.37083619832992554,-0.37083619832992554,1,1.0246391466892126
s051,s051,1,49,0.6860884449939324,0.9445230960845947,-0.9445230960845947,1,1.0246391466892126
s051,s051,7,45,0.19765546940661707,1.1681923866271973,-1.1681923866271973,1,1.0246391466892126
s051,s051,5,36,0.7421941540588395,0.9162933826446533,-0.9162933826446533,1,1.0246391466892126
s051,s051,6,3,0.962519964017155,0.6920672655105591,-0.6920672655105591,1,1.0246391466892126
s051,s051,1,22,0.9491206374911751,0.7248216867446899,-0.7248216867446899,1,1.0246391466892126
s051,s051,7,14,0.9863369900327162,0.5861647129058838,-0.5861647129058838,1,1.0246391466892126
s051,s051,4,11,0.9987399944671902,0.34065374732017517,-0.34065374732017517,1,1.0246391466892126
s051,s051,6,27,0.9968568892390967,0.4345090687274933,-0.4345090687274933,1,1.0246391466892126
s051,s051,4,42,0.9961030203847789,0.4566151797771454,-0.4566151797771454,1,1.0246391466892126
s051,s051,6,44,0.9579679647351076,0.7042977809906006,-0.7042977809906006,1,1.0246391466892126
s051,s051,7,44,0.5486003922571102,1.0046569108963013,-1.0046569108963013,1,1.0246391466892126
s051,s051,6,8,0.9995338354077166,0.238689124584198,-0.238689124584198,1,1.0246391466892126
s051,s051,7,9,0.9395209556100432,0.7435731291770935,-0.7435731291770935,1,1.0246391466892126
s051,s051,3,50,0.9997295414270527,0.18288567662239075,-0.18288567662239075,1,1.0246391466892126
s051,s051,3,31,0.9810521282920315,0.6202208399772644,-0.6202208399772644,1,1.0246391466892126
s051,s051,4,2,0.9944507249726153,0.4930027425289154,-0.4930027425289154,1,1.0246391466892126
s051,s051,8,10,0.9995220924117564,0.2412394881248474,-0.2412394881248474,1,1.0246391466892126
s051,s051,2,50,0.9978737785761415,0.3943548798561096,-0.3943548798561096,1,1.0246391466892126
s051,s051,8,23,0.9165055893098409,0.779157280921936,-0.779157280921936,1,1.0246391466892126
s051,s051,2,38,0.9996564603880265,0.207400843501091,-0.207400843501091,1,1.0246391466892126
s051,s051,7,31,0.6870517035084568,0.9440644383430481,-0.9440644383430481,1,1.0246391466892126
s051,s051,5,15,0.9660551185451337,0.6815404891967773,-0.6815404891967773,1,1.0246391466892126
s051,s051,3,22,0.24747938017361587,1.1385893821716309,-1.1385893821716309,1,1.0246391466892126
s051,s051,8,50,0.998621653931041,0.3498638868331909,-0.3498638868331909,1,1.0246391466892126
s051,s051,1,21,0.9994928217654339,0.24733346700668335,-0.24733346700668335,1,1.0246391466892126
s051,s051,4,39,0.9424118462212877,0.7382396459579468,-0.7382396459579468,1,1.0246391466892126
s051,s051,2,22,0.8786486654271125,0.8217918276786804,-0.8217918276786804,1,1.0246391466892126
s051,s051,3,7,0.9913344957581707,0.5389907360076904,-0.5389907360076904,1,1.0246391466892126
s051,s051,6,21,0.9982049604865226,0.3769717514514923,-0.3769717514514923,1,1.0246391466892126
s051,s051,7,49,0.9421744189134449,0.7386870384216309,-0.7386870384216309,1,1.0246391466892126
s051,s051,3,3,0.9938397601156244,0.5037679076194763,-0.5037679076194763,1,1.0246391466892126
s051,s020,6,2,0.014262339506404239,1.4586524963378906,-1.4586524963378906,0,1.0246391466892126
s051,s041,6,15,2.0926437198176056e-62,15.576753616333008,-15.576753616333008,0,1.0246391466892126
s051,s035,8,16,0.9996255652263994,0.2162277102470398,-0.2162277102470398,0,1.0246391466892126
s051,s056,3,7,0.9791926921271175,0.6300071477890015,-0.6300071477890015,0,1.0246391466892126
s051,s055,7,9,0.27867833405494113,1.1220850944519043,-1.1220850944519043,0,1.0246391466892126
s051,s032,7,10,0.00010827654305050804,1.9602078199386597,-1.9602078199386597,0,1.0246391466892126
s051,s015,7,9,0.9935925358181527,0.5078251361846924,-0.5078251361846924,0,1.0246391466892126
s051,s048,7,44,0.0005345313399877309,1.7965598106384277,-1.7965598106384277,0,1.0246391466892126
s051,s013,2,4,0.9996783996488713,0.20063671469688416,-0.20063671469688416,0,1.0246391466892126
s051,s056,5,2,0.9610635893601033,0.6961284875869751,-0.6961284875869751,0,1.0246391466892126
s051,s047,2,42,1.2522189066364141e-36,9.49514102935791,-9.49514102935791,0,1.0246391466892126
s051,s008,6,21,0.00046383011151106355,1.8111038208007812,-1.8111038208007812,0,1.0246391466892126
s051,s049,4,11,7.597183692224978e-88,21.57887077331543,-21.57887077331543,0,1.0246391466892126
s051,s015,6,27,0.10372103029004781,1.2456073760986328,-1.2456073760986328,0,1.0246391466892126
s051,s038,6,3,0.952324228298766,0.7178127765655518,-0.7178127765655518,0,1.0246391466892126
s051,s020,1,21,1.2821688990786115e-08,2.8866264820098877,-2.8866264820098877,0,1.0246391466892126
s051,s003,2,38,7.192790968365558e-51,12.854995727539062,-12.854995727539062,0,1.0246391466892126
s051,s027,6,27,0.19688316345610135,1.1686921119689941,-1.1686921119689941,0,1.0246391466892126
s051,s024,1,50,8.203582590081804e-12,3.64017915725708,-3.64017915725708,0,1.0246391466892126
s051,s008,7,31,0.27884581461751706,1.121999740600586,-1.121999740600586,0,1.0246391466892126
s051,s041,2,1,5.9913463844126e-21,5.7957658767700195,-5.7957658767700195,0,1.0246391466892126
s051,s050,1,50,3.8324110682863604e-11,3.4822301864624023,-3.4822301864624023,0,1.0246391466892126
s051,s031,7,31,1.5049224242881648e-15,4.521736145019531,-4.521736145019531,0,1.0246391466892126
s051,s011,2,4,1.0928372928388647e-08,2.9029977321624756,-2.9029977321624756,0,1.0246391466892126
s051,s049,2,39,6.788105147319702e-36,9.321950912475586,-9.321950912475586,0,1.0246391466892126
s051,s040,7,29,7.059525910378211e-20,5.543023586273193,-5.543023586273193,0,1.0246391466892126
s051,s004,8,34,0.010052944906767277,1.4949265718460083,-1.4949265718460083,0,1.0246391466892126
s051,s044,8,41,0.0003083919224450683,1.8529400825500488,-1.8529400825500488,0,1.0246391466892126
s051,s054,4,2,6.187979970000665e-07,2.489410638809204,-2.489410638809204,0,1.0246391466892126
s051,s033,7,49,3.807941458636381e-42,10.796774864196777,-10.796774864196777,0,1.0246391466892126
s051,s028,7,7,0.7738889639013778,0.8985673189163208,-0.8985673189163208,0,1.0246391466892126
s051,s026,7,49,0.9390783455488425,0.7443685531616211,-0.7443685531616211,0,1.0246391466892126
s051,s038,5,15,0.9985284819792608,0.3565756380558014,-0.3565756380558014,0,1.0246391466892126
s051,s012,2,39,5.9854988476356155e-30,7.919252872467041,-7.919252872467041,0,1.0246391466892126
s051,s048,6,2,0.9993647215696204,0.27042156457901,-0.27042156457901,0,1.0246391466892126
s051,s002,8,50,4.509767397289532e-33,8.656055450439453,-8.656055450439453,0,1.0246391466892126
s051,s053,4,40,0.9803717164090784,0.6239068508148193,-0.6239068508148193,0,1.0246391466892126
s051,s003,8,41,2.22888713510411e-38,9.907925605773926,-9.907925605773926,0,1.0246391466892126
s051,s032,1,49,0.9814326911636718,0.6181021928787231,-0.6181021928787231,0,1.0246391466892126
s051,s015,3,7,0.9942944897225898,0.49586376547813416,-0.49586376547813416,0,1.0246391466892126
s051,s042,6,8,0.0012552949482040753,1.709008812904358,-1.709008812904358,0,1.0246391466892126
s051,s044,4,25,0.06979610050614078,1.2900028228759766,-1.2900028228759766,0,1.0246391466892126
s051,s046,6,24,0.9784175752659193,0.6338359117507935,-0.6338359117507935,0,1.0246391466892126
s051,s054,7,16,0.9991727619192794,0.29749470949172974,-0.29749470949172974,0,1.0246391466892126
s051,s008,4,42,0.9940940263488701,0.49942269921302795,-0.49942269921302795,0,1.0246391466892126
s051,s027,5,44,0.6756437807434216,0.9494487047195435,-0.9494487047195435,0,1.0246391466892126
s051,s042,3,35,0.003759595315045257,1.5963547229766846,-1.5963547229766846,0,1.0246391466892126
s051,s008,3,22,0.07592248933195848,1.2807049751281738,-1.2807049751281738,0,1.0246391466892126
s051,s008,3,31,0.9659422182133827,0.6818926930427551,-0.6818926930427551,0,1.0246391466892126
s051,s021,4,2,0.9859523874867376,0.5890491008758545,-0.5890491008758545,0,1.0246391466892126
s051,s027,2,5,6.051447852834852e-12,3.671356201171875,-3.671356201171875,0,1.0246391466892126
s051,s036,2,1,1.6339881384633533e-173,41.79054260253906,-41.79054260253906,0,1.0246391466892126
s051,s049,8,48,3.8703008572111237e-13,3.9530858993530273,-3.9530858993530273,0,1.0246391466892126
s051,s013,7,10,0.9704666137344253,0.6668089628219604,-0.6668089628219604,0,1.0246391466892126
s051,s011,5,18,1.9402771932552942e-08,2.8441779613494873,-2.8441779613494873,0,1.0246391466892126
s051,s032,7,44,1.25094938961936e-12,3.8328797817230225,-3.8328797817230225,0,1.0246391466892126
s051,s029,7,46,0.9991288887897123,0.3027942478656769,-0.3027942478656769,0,1.0246391466892126
s051,s050,6,3,0.9998349831780013,0.1322503685951233,-0.1322503685951233,0,1.0246391466892126
s051,s039,4,11,0.7806273196705366,0.8945790529251099,-0.8945790529251099,0,1.0246391466892126
s051,s007,6,8,0.11166059812684027,1.237138032913208,-1.237138032913208,0,1.0246391466892126
s051,s007,7,4,0.9958161586328963,0.46392250061035156,-0.46392250061035156,0,1.0246391466892126
s051,s013,6,21,0.9944741948242981,0.4925660490989685,-0.4925660490989685,0,1.0246391466892126
s051,s036,5,6,1.8365266842094257e-96,23.611814498901367,-23.611814498901367,0,1.0246391466892126
s051,s002,4,25,0.9984175355471471,0.3640350103378296,-0.3640350103378296,0,1.0246391466892126
s051,s021,4,17,0.8842652942757003,0.8162832260131836,-0.8162832260131836,0,1.0246391466892126
s051,s057,4,38,0.8202726308929391,0.8690788745880127,-0.8690788745880127,0,1.0246391466892126
s051,s029,4,25,0.9986902046377119,0.34462982416152954,-0.34462982416152954,0,1.0246391466892126
s051,s053,8,34,0.3011254996003603,1.110908031463623,-1.110908031463623,0,1.0246391466892126
s051,s015,8,34,1.513891940723607e-11,3.577399730682373,-3.577399730682373,0,1.0246391466892126
s051,s004,1,14,1.5597828681873222e-11,3.5743398666381836,-3.5743398666381836,0,1.0246391466892126
s051,s026,7,44,0.9936658291167705,0.506638765335083,-0.506638765335083,0,1.0246391466892126
s051,s053,2,1,9.689509127810512e-16,4.566849231719971,-4.566849231719971,0,1.0246391466892126
s051,s005,3,3,1.82805600168313e-23,6.389260768890381,-6.389260768890381,0,1.0246391466892126
s051,s057,1,22,3.651761216858153e-37,9.621406555175781,-9.621406555175781,0,1.0246391466892126
s051,s018,3,31,0.9056533969977121,0.792898416519165,-0.792898416519165,0,1.0246391466892126
s051,s034,2,3,0.08141375516833523,1.2729390859603882,-1.2729390859603882,0,1.0246391466892126
s051,s021,7,4,0.9894039219470865,0.5597994327545166,-0.5597994327545166,0,1.0246391466892126
s051,s010,3,3,0.013036898055757376,1.4679850339889526,-1.4679850339889526,0,1.0246391466892126
s051,s043,3,6,2.5993510850180072e-48,12.251489639282227,-12.251489639282227,0,1.0246391466892126
s051,s031,7,16,0.3615200990162443,1.0829178094863892,-1.0829178094863892,0,1.0246391466892126
s052,s052,5,13,0.9997052926021012,0.2832864224910736,-0.2832864224910736,1,1.5142794073711747
s052,s052,6,46,0.9990140831567559,0.4662538766860962,-0.4662538766860962,1,1.5142794073711747
s052,s052,8,15,0.9993073866603409,0.41274020075798035,-0.41274020075798035,1,1.5142794073711747
s052,s052,6,2,0.9997673061500144,0.24750076234340668,-0.24750076234340668,1,1.5142794073711747
s052,s052,8,41,0.9977223932884225,0.5932416915893555,-0.5932416915893555,1,1.5142794073711747
s052,s052,8,16,0.9986512675345512,0.5137585997581482,-0.5137585997581482,1,1.5142794073711747
s052,s052,7,4,0.9998944343747602,0.12779425084590912,-0.12779425084590912,1,1.5142794073711747
s052,s052,6,20,0.9820657241515676,0.9081217646598816,-0.9081217646598816,1,1.5142794073711747
s052,s052,5,2,0.9983717428510571,0.5423216819763184,-0.5423216819763184,1,1.5142794073711747
s052,s052,4,12,0.9993647060790016,0.39965054392814636,-0.39965054392814636,1,1.5142794073711747
s052,s052,1,44,0.2364596033114143,1.6917815208435059,-1.6917815208435059,1,1.5142794073711747
s052,s052,5,18,0.9998522776136387,0.17868071794509888,-0.17868071794509888,1,1.5142794073711747
s052,s052,4,41,0.9998355236923,0.19495142996311188,-0.19495142996311188,1,1.5142794073711747
s052,s052,7,10,0.9998114826037117,0.2156134396791458,-0.2156134396791458,1,1.5142794073711747
s052,s052,6,10,0.9998813887999821,0.14544032514095306,-0.14544032514095306,1,1.5142794073711747
s052,s052,3,6,0.9996113471428835,0.3252013027667999,-0.3252013027667999,1,1.5142794073711747
s052,s052,2,4,0.9884619095303091,0.8403499126434326,-0.8403499126434326,1,1.5142794073711747
s052,s052,1,2,2.0622670542519715e-50,18.83846092224121,-18.83846092224121,1,1.5142794073711747
s052,s052,1,50,3.932493820447787e-06,3.39898681640625,-3.39898681640625,1,1.5142794073711747
s052,s052,2,31,0.99986237184233,0.1679612398147583,-0.1679612398147583,1,1.5142794073711747
s052,s052,5,6,0.9999001700378278,0.11933394521474838,-0.11933394521474838,1,1.5142794073711747
s052,s052,1,35,0.04479256774414894,1.977631688117981,-1.977631688117981,1,1.5142794073711747
s052,s052,6,14,0.9993269498795566,0.40839850902557373,-0.40839850902557373,1,1.5142794073711747
s052,s052,2,42,0.9995883096269628,0.3339247703552246,-0.3339247703552246,1,1.5142794073711747
s052,s052,7,40,0.9987957286271508,0.4965813457965851,-0.4965813457965851,1,1.5142794073711747
s052,s052,2,3,0.9995718389151229,0.3398674726486206,-0.3398674726486206,1,1.5142794073711747
s052,s052,7,46,0.9994588554077264,0.3753470480442047,-0.3753470480442047,1,1.5142794073711747
s052,s052,6,15,0.9985463933133655,0.5251138210296631,-0.5251138210296631,1,1.5142794073711747
s052,s052,5,42,0.9982401869616886,0.5541071891784668,-0.5541071891784668,1,1.5142794073711747
s052,s052,1,14,0.10007824773050476,1.8468689918518066,-1.8468689918518066,1,1.5142794073711747
s052,s052,7,16,0.9998757585956242,0.15246373414993286,-0.15246373414993286,1,1.5142794073711747
s052,s052,2,39,0.9986326959195007,0.5158323049545288,-0.5158323049545288,1,1.5142794073711747
s052,s052,6,24,0.9986583125279529,0.5129644870758057,-0.5129644870758057,1,1.5142794073711747
s052,s052,4,17,0.999644271005738,0.3117923140525818,-0.3117923140525818,1,1.5142794073711747
s052,s052,7,29,0.9992305539193391,0.4286819100379944,-0.4286819100379944,1,1.5142794073711747
s052,s052,8,44,0.4849471861754555,1.523399829864502,-1.523399829864502,1,1.5142794073711747
s052,s052,3,35,0.9998036326456887,0.22179241478443146,-0.22179241478443146,1,1.5142794073711747
s052,s052,7,7,0.9994237206523335,0.38487809896469116,-0.38487809896469116,1,1.5142794073711747
s052,s052,8,34,0.9998619506050965,0.1684240698814392,-0.1684240698814392,1,1.5142794073711747
s052,s052,7,20,0.9997905781181219,0.23154084384441376,-0.23154084384441376,1,1.5142794073711747
s052,s052,5,44,0.9783967069496221,0.9368741512298584,-0.9368741512298584,1,1.5142794073711747
s052,s052,2,5,0.995789159495299,0.6865934729576111,-0.6865934729576111,1,1.5142794073711747
s052,s052,2,1,0.0011930880463152758,2.5333919525146484,-2.5333919525146484,1,1.5142794073711747
s052,s052,4,25,0.9995911813847942,0.33286434412002563,-0.33286434412002563,1,1.5142794073711747
s052,s052,4,40,0.9996045588940113,0.32782435417175293,-0.32782435417175293,1,1.5142794073711747
s052,s052,8,48,0.9980120884404028,0.5725973844528198,-0.5725973844528198,1,1.5142794073711747
s052,s052,4,38,0.9995597589396676,0.34408247470855713,-0.34408247470855713,1,1.5142794073711747
s052,s052,4,20,0.999584165183352,0.3354421854019165,-0.3354421854019165,1,1.5142794073711747
s052,s052,2,9,0.5459515923745496,1.4863672256469727,-1.4863672256469727,1,1.5142794073711747
s052,s052,1,49,0.2717910885108864,1.6635198593139648,-1.6635198593139648,1,1.5142794073711747
s052,s052,7,45,0.9996501265614284,0.30927807092666626,-0.30927807092666626,1,1.5142794073711747
s052,s052,5,36,0.9985199163792746,0.5278512239456177,-0.5278512239456177,1,1.5142794073711747
s052,s052,6,3,0.9995696547640354,0.34063830971717834,-0.34063830971717834,1,1.5142794073711747
s052,s052,1,22,0.9863288666153303,0.8663641810417175,-0.8663641810417175,1,1.5142794073711747
s052,s052,7,14,0.9998646858714358,0.1653931885957718,-0.1653931885957718,1,1.5142794073711747
s052,s052,4,11,0.9992693723243207,0.42083707451820374,-0.42083707451820374,1,1.5142794073711747
s052,s052,6,27,0.9998668477098306,0.16295404732227325,-0.16295404732227325,1,1.5142794073711747
s052,s052,4,42,0.9995151243288855,0.35871264338493347,-0.35871264338493347,1,1.5142794073711747
s052,s052,6,44,0.9997419614703149,0.26316002011299133,-0.26316002011299133,1,1.5142794073711747
s052,s052,7,44,0.9993774867550826,0.39657115936279297,-0.39657115936279297,1,1.5142794073711747
s052,s052,6,8,0.9996404232584868,0.3134220242500305,-0.3134220242500305,1,1.5142794073711747
s052,s052,7,9,0.9998195475360058,0.20899134874343872,-0.20899134874343872,1,1.5142794073711747
s052,s052,3,50,0.9991433319237975,0.44495540857315063,-0.44495540857315063,1,1.5142794073711747
s052,s052,3,31,0.9998009613862058,0.22383886575698853,-0.22383886575698853,1,1.5142794073711747
s052,s052,4,2,0.9842611582119252,0.8880098462104797,-0.8880098462104797,1,1.5142794073711747
s052,s052,8,10,0.9967945981475188,0.6451273560523987,-0.6451273560523987,1,1.5142794073711747
s052,s052,2,50,0.9998275533890587,0.202118381857872,-0.202118381857872,1,1.5142794073711747
s052,s052,8,23,0.9756564462432291,0.9553825855255127,-0.9553825855255127,1,1.5142794073711747
s052,s052,2,38,0.9996818827845166,0.2948646545410156,-0.2948646545410156,1,1.5142794073711747
s052,s052,7,31,0.999015826226179,0.46598565578460693,-0.46598565578460693,1,1.5142794073711747
s052,s052,5,15,0.9998775432731201,0.15027248859405518,-0.15027248859405518,1,1.5142794073711747
s052,s052,3,22,0.9995982642329623,0.33021676540374756,-0.33021676540374756,1,1.5142794073711747
s052,s052,8,50,0.9979062068515411,0.5804714560508728,-0.5804714560508728,1,1.5142794073711747
s052,s052,1,21,0.9775150158750731,0.9430680871009827,-0.9430680871009827,1,1.5142794073711747
s052,s052,4,39,0.9994256655350577,0.38436588644981384,-0.38436588644981384,1,1.5142794073711747
s052,s052,2,22,0.9970065244881859,0.6347371339797974,-0.6347371339797974,1,1.5142794073711747
s052,s052,3,7,0.9994101039252945,0.388416588306427,-0.388416588306427,1,1.5142794073711747
s052,s052,6,21,0.9998066999639331,0.21940793097019196,-0.21940793097019196,1,1.5142794073711747
s052,s052,7,49,0.9989753042882223,0.47210168838500977,-0.47210168838500977,1,1.5142794073711747
s052,s052,3,3,0.012467016235213397,2.1763410568237305,-2.1763410568237305,1,1.5142794073711747
s052,s020,6,2,1.045456156884281e-09,4.645629405975342,-4.645629405975342,0,1.5142794073711747
s052,s041,6,15,2.4427197859346077e-43,16.372093200683594,-16.372093200683594,0,1.5142794073711747
s052,s035,8,16,0.12693923795896275,1.8062773942947388,-1.8062773942947388,0,1.5142794073711747
s052,s056,3,7,1.2067403747636823e-05,3.2291994094848633,-3.2291994094848633,0,1.5142794073711747
s052,s055,7,9,7.006202401967928e-10,4.706237316131592,-4.706237316131592,0,1.5142794073711747
s052,s032,7,10,6.57955902858201e-07,3.6697239875793457,-3.6697239875793457,0,1.5142794073711747
s052,s015,7,9,3.264652541893496e-06,3.427170753479004,-3.427170753479004,0,1.5142794073711747
s052,s048,7,44,0.19878489531467708,1.7253557443618774,-1.7253557443618774,0,1.5142794073711747
s052,s013,2,4,0.011376802521184375,2.1903653144836426,-2.1903653144836426,0,1.5142794073711747
s052,s056,5,2,0.03587496526756194,2.0126562118530273,-2.0126562118530273,0,1.5142794073711747
s052,s047,2,42,4.990442269890107e-37,14.171856880187988,-14.171856880187988,0,1.5142794073711747
s052,s008,6,21,7.276448856196512e-09,4.35183048248291,-4.35183048248291,0,1.5142794073711747
s052,s049,4,11,1.4686862618115257e-67,24.81734848022461,-24.81734848022461,0,1.5142794073711747
s052,s015,6,27,3.093130429500163e-08,4.132695198059082,-4.132695198059082,0,1.5142794073711747
s052,s038,6,3,0.023665223111460253,2.0775609016418457,-2.0775609016418457,0,1.5142794073711747
s052,s020,1,21,7.864728254946184e-07,3.6427061557769775,-3.6427061557769775,0,1.5142794073711747
s052,s003,2,38,6.5018730637316875e-12,5.414901256561279,-5.414901256561279,0,1.5142794073711747
s052,s027,6,27,0.2281555967060838,1.6988329887390137,-1.6988329887390137,0,1.5142794073711747
s052,s024,1,50,8.888916152384205e-10,4.670196056365967,-4.670196056365967,0,1.5142794073711747
s052,s008,7,31,1.7743967117233478e-05,3.1708173751831055,-3.1708173751831055,0,1.5142794073711747
s052,s041,2,1,4.914100565386205e-13,5.805974006652832,-5.805974006652832,0,1.5142794073711747
s052,s050,1,50,0.011689166393151453,2.186215877532959,-2.186215877532959,0,1.5142794073711747
s052,s031,7,31,0.011865925912808202,2.1839160919189453,-2.1839160919189453,0,1.5142794073711747
s052,s011,2,4,2.3603120433683316e-08,4.17363977432251,-4.17363977432251,0,1.5142794073711747
s052,s049,2,39,1.4984056063294828e-17,7.380528926849365,-7.380528926849365,0,1.5142794073711747
s052,s040,7,29,3.195550560514149e-09,4.476438045501709,-4.476438045501709,0,1.5142794073711747
s052,s004,8,34,1.0961328893364716e-05,3.2437570095062256,-3.2437570095062256,0,1.5142794073711747
s052,s044,8,41,4.938323983195753e-06,3.3644986152648926,-3.3644986152648926,0,1.5142794073711747
s052,s054,4,2,0.003509682572221238,2.369652509689331,-2.369652509689331,0,1.5142794073711747
s052,s033,7,49,6.252038681873341e-20,8.210240364074707,-8.210240364074707,0,1.5142794073711747
s052,s028,7,7,0.0011220033370567546,2.5427048206329346,-2.5427048206329346,0,1.5142794073711747
s052,s026,7,49,0.005959402305704932,2.289107084274292,-2.289107084274292,0,1.5142794073711747
s052,s038,5,15,0.8953560573002415,1.1892154216766357,-1.1892154216766357,0,1.5142794073711747
s052,s012,2,39,4.238471565595037e-20,8.2691011428833,-8.2691011428833,0,1.5142794073711747
s052,s048,6,2,0.0016180268099241606,2.4871931076049805,-2.4871931076049805,0,1.5142794073711747
s052,s002,8,50,5.576670355723524e-17,7.18152379989624,-7.18152379989624,0,1.5142794073711747
s052,s053,4,40,1.0014584371954016e-05,3.2574357986450195,-3.2574357986450195,0,1.5142794073711747
s052,s003,8,41,2.086595679229742e-27,10.817143440246582,-10.817143440246582,0,1.5142794073711747
s052,s032,1,49,4.440470432593364e-05,3.0319085121154785,-3.0319085121154785,0,1.5142794073711747
s052,s015,3,7,3.636088218523449e-05,3.0621728897094727,-3.0621728897094727,0,1.5142794073711747
s052,s042,6,8,2.8900735440131153e-06,3.4456255435943604,-3.4456255435943604,0,1.5142794073711747
s052,s044,4,25,4.351065052767447e-05,3.0349886417388916,-3.0349886417388916,0,1.5142794073711747
s052,s046,6,24,0.0038593579962336376,2.355217456817627,-2.355217456817627,0,1.5142794073711747
s052,s054,7,16,0.0066812137923472036,2.271684408187866,-2.271684408187866,0,1.5142794073711747
s052,s008,4,42,1.9881181373790784e-05,3.153595447540283,-3.153595447540283,0,1.5142794073711747
s052,s027,5,44,0.6281714512402894,1.4348735809326172,-1.4348735809326172,0,1.5142794073711747
s052,s042,3,35,0.002572273931785401,2.41684889793396,-2.41684889793396,0,1.5142794073711747
s052,s008,3,22,8.920187361746199e-06,3.2749600410461426,-3.2749600410461426,0,1.5142794073711747
s052,s008,3,31,5.3305618181891e-07,3.701601266860962,-3.701601266860962,0,1.5142794073711747
s052,s021,4,2,0.02988450425767449,2.041260004043579,-2.041260004043579,0,1.5142794073711747
s052,s027,2,5,0.0014483083287300093,2.5039987564086914,-2.5039987564086914,0,1.5142794073711747
s052,s036,2,1,7.580467589596445e-82,29.798959732055664,-29.798959732055664,0,1.5142794073711747
s052,s049,8,48,3.192005897256583e-06,3.4305784702301025,-3.4305784702301025,0,1.5142794073711747
s052,s013,7,10,1.554934697942232e-07,3.8881640434265137,-3.8881640434265137,0,1.5142794073711747
s052,s011,5,18,7.836674630556873e-08,3.9919230937957764,-3.9919230937957764,0,1.5142794073711747
s052,s032,7,44,7.307284635573372e-13,5.7458930015563965,-5.7458930015563965,0,1.5142794073711747
s052,s029,7,46,0.0006830923015513743,2.6179161071777344,-2.6179161071777344,0,1.5142794073711747
s052,s050,6,3,0.03578641360186372,2.0130443572998047,-2.0130443572998047,0,1.5142794073711747
s052,s039,4,11,4.903343439373859e-06,3.365575075149536,-3.365575075149536,0,1.5142794073711747
s052,s007,6,8,3.912305593181269e-06,3.399766206741333,-3.399766206741333,0,1.5142794073711747
s052,s007,7,4,0.0063510142646851795,2.279409885406494,-2.279409885406494,0,1.5142794073711747
s052,s013,6,21,0.0003749195358215967,2.7088072299957275,-2.7088072299957275,0,1.5142794073711747
s052,s036,5,6,6.596113360227535e-72,26.33326530456543,-26.33326530456543,0,1.5142794073711747
s052,s002,4,25,0.29539518473598214,1.6459192037582397,-1.6459192037582397,0,1.5142794073711747
s052,s021,4,17,8.544092989003757e-05,2.932795763015747,-2.932795763015747,0,1.5142794073711747
s052,s057,4,38,7.444170112345358e-07,3.6510281562805176,-3.6510281562805176,0,1.5142794073711747
s052,s029,4,25,0.7313993776565406,1.362588882446289,-1.362588882446289,0,1.5142794073711747
s052,s053,8,34,0.0002807502508987272,2.7526214122772217,-2.7526214122772217,0,1.5142794073711747
s052,s015,8,34,0.007298201622040559,2.2582149505615234,-2.2582149505615234,0,1.5142794073711747
s052,s004,1,14,0.006348282457570611,2.279475450515747,-2.279475450515747,0,1.5142794073711747
s052,s026,7,44,2.1483455450694666e-05,3.1418581008911133,-3.1418581008911133,0,1.5142794073711747
s052,s053,2,1,0.06306141221509284,1.9229090213775635,-1.9229090213775635,0,1.5142794073711747
s052,s005,3,3,4.2164287086760635e-13,5.829160690307617,-5.829160690307617,0,1.5142794073711747
s052,s057,1,22,6.509124042772138e-05,2.9739925861358643,-2.9739925861358643,0,1.5142794073711747
s052,s018,3,31,0.0011994013286672986,2.5325918197631836,-2.5325918197631836,0,1.5142794073711747
s052,s034,2,3,0.5661366810444218,1.4739835262298584,-1.4739835262298584,0,1.5142794073711747
s052,s021,7,4,0.00015997701257591096,2.837808132171631,-2.837808132171631,0,1.5142794073711747
s052,s010,3,3,1.6495376002930841e-10,4.925247669219971,-4.925247669219971,0,1.5142794073711747
s052,s043,3,6,1.1462165993291519e-40,15.440643310546875,-15.440643310546875,0,1.5142794073711747
s052,s031,7,16,0.001077555288805314,2.548832416534424,-2.548832416534424,0,1.5142794073711747
s053,s053,5,13,0.9972220468899626,0.46362802386283875,-0.46362802386283875,1,1.1262016108541777
s053,s053,6,46,0.9924093802979455,0.577378511428833,-0.577378511428833,1,1.1262016108541777
s053,s053,8,15,0.999796069537187,0.16920869052410126,-0.16920869052410126,1,1.1262016108541777
s053,s053,6,2,0.09514789132720236,1.3798604011535645,-1.3798604011535645,1,1.1262016108541777
s053,s053,8,41,0.44108736833535916,1.1528644561767578,-1.1528644561767578,1,1.1262016108541777
s053,s053,8,16,0.9988777847924378,0.36136117577552795,-0.36136117577552795,1,1.1262016108541777
s053,s053,7,4,0.9907430287136628,0.599918782711029,-0.599918782711029,1,1.1262016108541777
s053,s053,6,20,0.02658649495782427,1.5316798686981201,-1.5316798686981201,1,1.1262016108541777
s053,s053,5,2,0.0021502191420395503,1.8176931142807007,-1.8176931142807007,1,1.1262016108541777
s053,s053,4,12,0.9995835864111172,0.24963214993476868,-0.24963214993476868,1,1.1262016108541777
s053,s053,1,44,0.9951243479914713,0.5272184610366821,-0.5272184610366821,1,1.1262016108541777
s053,s053,5,18,0.9990263086242502,0.3453562557697296,-0.3453562557697296,1,1.1262016108541777
s053,s053,4,41,0.995786873731583,0.5106954574584961,-0.5106954574584961,1,1.1262016108541777
s053,s053,7,10,0.9770918302024661,0.7035283446311951,-0.7035283446311951,1,1.1262016108541777
s053,s053,6,10,0.10515621619188423,1.3673441410064697,-1.3673441410064697,1,1.1262016108541777
s053,s053,3,6,0.9800362129135514,0.6876959204673767,-0.6876959204673767,1,1.1262016108541777
s053,s053,2,4,0.9991493845361693,0.33012354373931885,-0.33012354373931885,1,1.1262016108541777
s053,s053,1,2,0.9983560843967964,0.40441572666168213,-0.40441572666168213,1,1.1262016108541777
s053,s053,1,50,0.9998946667475342,0.09479508548974991,-0.09479508548974991,1,1.1262016108541777
s053,s053,2,31,0.9985851911870578,0.38748711347579956,-0.38748711347579956,1,1.1262016108541777
s053,s053,5,6,0.9997187615097621,0.2054162174463272,-0.2054162174463272,1,1.1262016108541777
s053,s053,1,35,0.03453556701175811,1.5012965202331543,-1.5012965202331543,1,1.1262016108541777
s053,s053,6,14,0.06039330098371353,1.4352970123291016,-1.4352970123291016,1,1.1262016108541777
s053,s053,2,42,0.9984509254925071,0.397712767124176,-0.397712767124176,1,1.1262016108541777
s053,s053,7,40,0.793717322255681,0.9744482040405273,-0.9744482040405273,1,1.1262016108541777
s053,s053,2,3,0.9236305576845099,0.8454700112342834,-0.8454700112342834,1,1.1262016108541777
s053,s053,7,46,0.0006201794924543026,1.957888126373291,-1.957888126373291,1,1.1262016108541777
s053,s053,6,15,0.9810810540609748,0.6815218925476074,-0.6815218925476074,1,1.1262016108541777
s053,s053,5,42,0.994104700245878,0.54872065782547,-0.54872065782547,1,1.1262016108541777
s053,s053,1,14,0.8933648064968533,0.8868182897567749,-0.8868182897567749,1,1.1262016108541777
s053,s053,7,16,0.13076832175987518,1.339524745941162,-1.339524745941162,1,1.1262016108541777
s053,s053,2,39,0.9674182951828074,0.7443201541900635,-0.7443201541900635,1,1.1262016108541777
s053,s053,6,24,0.9863755960295613,0.6439424157142639,-0.6439424157142639,1,1.1262016108541777
s053,s053,4,17,0.9995484074968588,0.2587697505950928,-0.2587697505950928,1,1.1262016108541777
s053,s053,7,29,0.9661387348701013,0.748807430267334,-0.748807430267334,1,1.1262016108541777
s053,s053,8,44,0.9906091440133394,0.6015511751174927,-0.6015511751174927,1,1.1262016108541777
s053,s053,3,35,0.9878996337902264,0.630408763885498,-0.630408763885498,1,1.1262016108541777
s053,s053,7,7,0.9930877937193492,0.5667575597763062,-0.5667575597763062,1,1.1262016108541777
s053,s053,8,34,0.9772264214939,0.7028492093086243,-0.7028492093086243,1,1.1262016108541777
s053,s053,7,20,0.9996914718350393,0.21584905683994293,-0.21584905683994293,1,1.1262016108541777
s053,s053,5,44,0.9624866551156166,0.7607690691947937,-0.7607690691947937,1,1.1262016108541777
s053,s053,2,5,0.9939300995783962,0.5520274639129639,-0.5520274639129639,1,1.1262016108541777
s053,s053,2,1,3.4688183340862906e-06,2.542027711868286,-2.542027711868286,1,1.1262016108541777
s053,s053,4,25,0.9977860530469077,0.43800660967826843,-0.43800660967826843,1,1.1262016108541777
s053,s053,4,40,0.9936503329097447,0.5571338534355164,-0.5571338534355164,1,1.1262016108541777
s053,s053,8,48,0.976031603215584,0.7087458372116089,-0.7087458372116089,1,1.1262016108541777
s053,s053,4,38,0.9988980917586819,0.3593023121356964,-0.3593023121356964,1,1.1262016108541777
s053,s053,4,20,0.9992672863076794,0.3133067488670349,-0.3133067488670349,1,1.1262016108541777
s053,s053,2,9,0.9988323254045189,0.3658384084701538,-0.3658384084701538,1,1.1262016108541777
s053,s053,1,49,0.3871842122224518,1.177912712097168,-1.177912712097168,1,1.1262016108541777
s053,s053,7,45,0.5254533023559963,1.1147254705429077,-1.1147254705429077,1,1.1262016108541777
s053,s053,5,36,0.9995728332126782,0.2525046765804291,-0.2525046765804291,1,1.1262016108541777
s053,s053,6,3,0.02479076430116509,1.5397632122039795,-1.5397632122039795,1,1.1262016108541777
s053,s053,1,22,0.4244231476586414,1.1605104207992554,-1.1605104207992554,1,1.1262016108541777
s053,s053,7,14,0.9694285229511361,0.736914336681366,-0.736914336681366,1,1.1262016108541777
s053,s053,4,11,0.9933267742775999,0.5627678632736206,-0.5627678632736206,1,1.1262016108541777
s053,s053,6,27,0.9993155876484333,0.3056212365627289,-0.3056212365627289,1,1.1262016108541777
s053,s053,4,42,0.9990665155861931,0.3406025171279907,-0.3406025171279907,1,1.1262016108541777
s053,s053,6,44,0.9582268486949583,0.7733817100524902,-0.7733817100524902,1,1.1262016108541777
s053,s053,7,44,0.9980185817406741,0.4254835844039917,-0.4254835844039917,1,1.1262016108541777
s053,s053,6,8,0.03005404368001821,1.517471432685852,-1.517471432685852,1,1.1262016108541777
s053,s053,7,9,0.9524249786357709,0.7887123823165894,-0.7887123823165894,1,1.1262016108541777
s053,s053,3,50,0.9996895061995866,0.21656450629234314,-0.21656450629234314,1,1.1262016108541777
s053,s053,3,31,0.99986608530911,0.12183545529842377,-0.12183545529842377,1,1.1262016108541777
s053,s053,4,2,0.9958080367250719,0.5101259350776672,-0.5101259350776672,1,1.1262016108541777
s053,s053,8,10,0.997603347174436,0.4469575881958008,-0.4469575881958008,1,1.1262016108541777
s053,s053,2,50,0.9990466037986369,0.34298175573349,-0.34298175573349,1,1.1262016108541777
s053,s053,8,23,0.018817319167412118,1.5714995861053467,-1.5714995861053467,1,1.1262016108541777
s053,s053,2,38,0.001196499951300044,1.8838151693344116,-1.8838151693344116,1,1.1262016108541777
s053,s053,7,31,0.9976254193477422,0.4459131062030792,-0.4459131062030792,1,1.1262016108541777
s053,s053,5,15,0.9991195262477286,0.33401229977607727,-0.33401229977607727,1,1.1262016108541777
s053,s053,3,22,0.983565928652444,0.6653792858123779,-0.6653792858123779,1,1.1262016108541777
s053,s053,8,50,0.769087551805086,0.9907008409500122,-0.9907008409500122,1,1.1262016108541777
s053,s053,1,21,0.27030158562007095,1.2380439043045044,-1.2380439043045044,1,1.1262016108541777
s053,s053,4,39,0.9972249827891156,0.46350860595703125,-0.46350860595703125,1,1.1262016108541777
s053,s053,2,22,0.9979000309901027,0.4320412874221802,-0.4320412874221802,1,1.1262016108541777
s053,s053,3,7,1.6825622025699017e-07,2.8828258514404297,-2.8828258514404297,1,1.1262016108541777
s053,s053,6,21,0.00038223632911507145,2.0124197006225586,-2.0124197006225586,1,1.1262016108541777
s053,s053,7,49,0.9759952867666625,0.7089205384254456,-0.7089205384254456,1,1.1262016108541777
s053,s053,3,3,0.3127200226167094,1.214882493019104,-1.214882493019104,1,1.1262016108541777
s053,s020,6,2,0.006134603601147893,1.6991742849349976,-1.6991742849349976,0,1.1262016108541777
s053,s041,6,15,9.484131725397291e-58,15.913264274597168,-15.913264274597168,0,1.1262016108541777
s053,s035,8,16,0.9592698972556846,0.7704114317893982,-0.7704114317893982,0,1.1262016108541777
s053,s056,3,7,0.011194437713054934,1.6308616399765015,-1.6308616399765015,0,1.1262016108541777
s053,s055,7,9,0.00025773747776892746,2.056817054748535,-2.056817054748535,0,1.1262016108541777
s053,s032,7,10,6.960234222064902e-05,2.2042741775512695,-2.2042741775512695,0,1.1262016108541777
s053,s015,7,9,0.2409162739338596,1.2554515600204468,-1.2554515600204468,0,1.1262016108541777
s053,s048,7,44,1.897630485908091e-06,2.6099612712860107,-2.6099612712860107,0,1.1262016108541777
s053,s013,2,4,0.33651833766065387,1.2026536464691162,-1.2026536464691162,0,1.1262016108541777
s053,s056,5,2,0.0013176837676607725,1.872936487197876,-1.872936487197876,0,1.1262016108541777
s053,s047,2,42,1.0316820907489578e-102,27.573074340820312,-27.573074340820312,0,1.1262016108541777
s053,s008,6,21,2.0238703952959877e-05,2.343388319015503,-2.343388319015503,0,1.1262016108541777
s053,s049,4,11,2.418569545822928e-189,50.03774642944336,-50.03774642944336,0,1.1262016108541777
s053,s015,6,27,1.1776718538817003e-06,2.6636886596679688,-2.6636886596679688,0,1.1262016108541777
s053,s038,6,3,7.646885444216963e-13,4.268226146697998,-4.268226146697998,0,1.1262016108541777
s053,s020,1,21,2.7551537884116376e-08,3.086604118347168,-3.086604118347168,0,1.1262016108541777
s053,s003,2,38,1.036221334424633e-52,14.606704711914062,-14.606704711914062,0,1.1262016108541777
s053,s027,6,27,0.0008130312399731641,1.9273732900619507,-1.9273732900619507,0,1.1262016108541777
s053,s024,1,50,1.0307156934396164e-42,12.014129638671875,-12.014129638671875,0,1.1262016108541777
s053,s008,7,31,0.07674578974229412,1.4063336849212646,-1.4063336849212646,0,1.1262016108541777
s053,s041,2,1,1.6081544199289021e-31,9.111539840698242,-9.111539840698242,0,1.1262016108541777
s053,s050,1,50,5.4117650171234503e-20,6.122384071350098,-6.122384071350098,0,1.1262016108541777
s053,s031,7,31,2.971320626910199e-15,4.893320083618164,-4.893320083618164,0,1.1262016108541777
s053,s011,2,4,3.150818865599523e-08,3.0714917182922363,-3.0714917182922363,0,1.1262016108541777
s053,s049,2,39,6.927899331903388e-67,18.28249168395996,-18.28249168395996,0,1.1262016108541777
s053,s040,7,29,2.0344709789494682e-30,8.825739860534668,-8.825739860534668,0,1.1262016108541777
s053,s004,8,34,1.3865217398433299e-08,3.163937568664551,-3.163937568664551,0,1.1262016108541777
s053,s044,8,41,2.420980449842738e-24,7.250246047973633,-7.250246047973633,0,1.1262016108541777
s053,s054,4,2,1.52439449908181e-25,7.56165885925293,-7.56165885925293,0,1.1262016108541777
s053,s033,7,49,2.2466687599170583e-49,13.741599082946777,-13.741599082946777,0,1.1262016108541777
s053,s028,7,7,4.633499707045528e-10,3.546694755554199,-3.546694755554199,0,1.1262016108541777
s053,s026,7,49,1.0297499726036953e-11,3.9753925800323486,-3.9753925800323486,0,1.1262016108541777
s053,s038,5,15,0.0078100814864750685,1.6717898845672607,-1.6717898845672607,0,1.1262016108541777
s053,s012,2,39,8.254899425178167e-26,7.6307373046875,-7.6307373046875,0,1.1262016108541777
s053,s048,6,2,0.6098884858136204,1.0758780241012573,-1.0758780241012573,0,1.1262016108541777
s053,s002,8,50,3.475440204292786e-38,10.839973449707031,-10.839973449707031,0,1.1262016108541777
s053,s052,4,40,6.975376753525579e-11,3.7599422931671143,-3.7599422931671143,0,1.1262016108541777
s053,s003,8,41,5.355947195077669e-35,10.013314247131348,-10.013314247131348,0,1.1262016108541777
s053,s032,1,49,2.0497200748731276e-15,4.935136318206787,-4.935136318206787,0,1.1262016108541777
s053,s015,3,7,0.0004320179197874766,1.9986262321472168,-1.9986262321472168,0,1.1262016108541777
s053,s042,6,8,1.274045391501148e-16,5.248005390167236,-5.248005390167236,0,1.1262016108541777
s053,s044,4,25,8.645786887421801e-17,5.2916693687438965,-5.2916693687438965,0,1.1262016108541777
s053,s046,6,24,0.0002326125054277808,2.068371057510376,-2.068371057510376,0,1.1262016108541777
s053,s054,7,16,0.9987289383166591,0.37540456652641296,-0.37540456652641296,0,1.1262016108541777
s053,s008,4,42,0.9532831190050908,0.7865610122680664,-0.7865610122680664,0,1.1262016108541777
s053,s027,5,44,0.9796751324363829,0.6897561550140381,-0.6897561550140381,0,1.1262016108541777
s053,s042,3,35,1.2230104253893432e-07,2.9187519550323486,-2.9187519550323486,0,1.1262016108541777
s053,s008,3,22,0.020127536057331103,1.5637685060501099,-1.5637685060501099,0,1.1262016108541777
s053,s008,3,31,0.03462451142928131,1.500996470451355,-1.500996470451355,0,1.1262016108541777
s053,s021,4,2,3.751279267678721e-09,3.311164379119873,-3.311164379119873,0,1.1262016108541777
s053,s027,2,5,6.696450318833265e-12,4.023855686187744,-4.023855686187744,0,1.1262016108541777
s053,s036,2,1,2.348739288759471e-299,78.56597137451172,-78.56597137451172,0,1.1262016108541777
s053,s049,8,48,6.705759751494357e-26,7.654144287109375,-7.654144287109375,0,1.1262016108541777
s053,s013,7,10,0.004239018355244947,1.741014838218689,-1.741014838218689,0,1.1262016108541777
s053,s011,5,18,6.623816425112897e-07,2.7284963130950928,-2.7284963130950928,0,1.1262016108541777
s053,s032,7,44,1.097618783274036e-10,3.7088868618011475,-3.7088868618011475,0,1.1262016108541777
s053,s029,7,46,0.9559123209915372,0.7797272801399231,-0.7797272801399231,0,1.1262016108541777
s053,s050,6,3,0.037697002430763515,1.4910626411437988,-1.4910626411437988,0,1.1262016108541777
s053,s039,4,11,1.3933477236686847e-12,4.20065450668335,-4.20065450668335,0,1.1262016108541777
s053,s007,6,8,0.8885696872836923,0.8923780918121338,-0.8923780918121338,0,1.1262016108541777
s053,s007,7,4,0.11641553761649515,1.3544625043869019,-1.3544625043869019,0,1.1262016108541777
s053,s013,6,21,0.5984160918587015,1.0812808275222778,-1.0812808275222778,0,1.1262016108541777
s053,s036,5,6,7.628780008967453e-216,56.90994644165039,-56.90994644165039,0,1.1262016108541777
s053,s002,4,25,0.039002782099619396,1.4870747327804565,-1.4870747327804565,0,1.1262016108541777
s053,s021,4,17,1.0577082108109362e-13,4.491010665893555,-4.491010665893555,0,1.1262016108541777
s053,s057,4,38,0.026458864813089875,1.5322365760803223,-1.5322365760803223,0,1.1262016108541777
s053,s029,4,25,0.6561198743980569,1.0534433126449585,-1.0534433126449585,0,1.1262016108541777
s053,s052,8,34,3.633051151729615e-09,3.3147709369659424,-3.3147709369659424,0,1.1262016108541777
s053,s015,8,34,1.1608333352912139e-10,3.702580690383911,-3.702580690383911,0,1.1262016108541777
s053,s004,1,14,4.570445432859446e-14,4.585507869720459,-4.585507869720459,0,1.1262016108541777
s053,s026,7,44,0.0001236784694778547,2.139524221420288,-2.139524221420288,0,1.1262016108541777
s053,s052,2,1,1.3073530923218525e-44,12.505989074707031,-12.505989074707031,0,1.1262016108541777
s053,s005,3,3,2.3927569338744453e-44,12.43791675567627,-12.43791675567627,0,1.1262016108541777
s053,s057,1,22,4.3373618893597314e-33,9.51843547821045,-9.51843547821045,0,1.1262016108541777
s053,s018,3,31,0.5296024502575163,1.1128506660461426,-1.1128506660461426,0,1.1262016108541777
s053,s034,2,3,4.935633005696103e-05,2.242987632751465,-2.242987632751465,0,1.1262016108541777
s053,s021,7,4,6.931641745762156e-11,3.760650634765625,-3.760650634765625,0,1.1262016108541777
s053,s010,3,3,2.4083518505098176e-23,6.991517543792725,-6.991517543792725,0,1.1262016108541777
s053,s043,3,6,1.694902077673902e-123,32.962833404541016,-32.962833404541016,0,1.1262016108541777
s053,s031,7,16,1.2840479273001983e-05,2.3946306705474854,-2.3946306705474854,0,1.1262016108541777
s054,s054,5,13,0.9553831450349133,0.35478898882865906,-0.35478898882865906,1,0.5115182058377699
s054,s054,6,46,5.472601168268658e-26,3.486889600753784,-3.486889600753784,1,0.5115182058377699
s054,s054,8,15,0.0019816284476166543,0.8297773003578186,-0.8297773003578186,1,0.5115182058377699
s054,s054,6,2,0.028923244405352422,0.6912534236907959,-0.6912534236907959,1,0.5115182058377699
s054,s054,8,41,0.7064334274589846,0.46660053730010986,-0.46660053730010986,1,0.5115182058377699
s054,s054,8,16,0.9906725203611285,0.27287352085113525,-0.27287352085113525,1,0.5115182058377699
s054,s054,7,4,0.7132311489382894,0.4649122953414917,-0.4649122953414917,1,0.5115182058377699
s054,s054,6,20,0.02457293810679538,0.699819803237915,-0.699819803237915,1,0.5115182058377699
s054,s054,5,2,0.977203505752158,0.31928515434265137,-0.31928515434265137,1,0.5115182058377699
s054,s054,4,12,0.7758070817626176,0.44801849126815796,-0.44801849126815796,1,0.5115182058377699
s054,s054,1,44,0.9975850553856979,0.2033969759941101,-0.2033969759941101,1,0.5115182058377699
s054,s054,5,18,0.9377570082586351,0.3727717101573944,-0.3727717101573944,1,0.5115182058377699
s054,s054,4,41,0.0014874433237670654,0.844476044178009,-0.844476044178009,1,0.5115182058377699
s054,s054,7,10,0.8350362019179485,0.42856279015541077,-0.42856279015541077,1,0.5115182058377699
s054,s054,6,10,6.707758196110732e-06,1.120850920677185,-1.120850920677185,1,0.5115182058377699
s054,s054,3,6,0.9985158147269569,0.17844803631305695,-0.17844803631305695,1,0.5115182058377699
s054,s054,2,4,0.0006728311206570076,0.8850975036621094,-0.8850975036621094,1,0.5115182058377699
s054,s054,1,2,1.3319696487958644e-47,6.032581806182861,-6.032581806182861,1,0.5115182058377699
s054,s054,1,50,0.9977765950867241,0.1991601437330246,-0.1991601437330246,1,0.5115182058377699
s054,s054,2,31,0.9994864937149145,0.12410788983106613,-0.12410788983106613,1,0.5115182058377699
s054,s054,5,6,0.7450378287385147,0.45666709542274475,-0.45666709542274475,1,0.5115182058377699
s054,s054,1,35,0.9852210119278821,0.2966979742050171,-0.2966979742050171,1,0.5115182058377699
s054,s054,6,14,0.9738597179058912,0.32646167278289795,-0.32646167278289795,1,0.5115182058377699
s054,s054,2,42,0.9971168445365983,0.21248555183410645,-0.21248555183410645,1,0.5115182058377699
s054,s054,7,40,0.9810453435218076,0.30964401364326477,-0.30964401364326477,1,0.5115182058377699
s054,s054,2,3,0.9996918938308396,0.09796811640262604,-0.09796811640262604,1,0.5115182058377699
s054,s054,7,46,0.9568261486967787,0.35303008556365967,-0.35303008556365967,1,0.5115182058377699
s054,s054,6,15,0.055726322081825416,0.6562759876251221,-0.6562759876251221,1,0.5115182058377699
s054,s054,5,42,0.1526232758917683,0.5992012619972229,-0.5992012619972229,1,0.5115182058377699
s054,s054,1,14,0.9988343490561824,0.16607414186000824,-0.16607414186000824,1,0.5115182058377699
s054,s054,7,16,0.9699568779545866,0.33378517627716064,-0.33378517627716064,1,0.5115182058377699
s054,s054,2,39,0.9937090245350072,0.25257089734077454,-0.25257089734077454,1,0.5115182058377699
s054,s054,6,24,0.9971853717550793,0.21125157177448273,-0.21125157177448273,1,0.5115182058377699
s054,s054,4,17,0.8921803384431835,0.4034237563610077,-0.4034237563610077,1,0.5115182058377699
s054,s054,7,29,0.011576484166771803,0.7389972805976868,-0.7389972805976868,1,0.5115182058377699
s054,s054,8,44,0.779676168922136,0.4468735456466675,-0.4468735456466675,1,0.5115182058377699
s054,s054,3,35,0.9985937696867775,0.17568422853946686,-0.17568422853946686,1,0.5115182058377699
s054,s054,7,7,0.9411748886641933,0.369696706533432,-0.369696706533432,1,0.5115182058377699
s054,s054,8,34,0.9062381606828277,0.3954780399799347,-0.3954780399799347,1,0.5115182058377699
s054,s054,7,20,0.11738896548074151,0.6147114634513855,-0.6147114634513855,1,0.5115182058377699
s054,s054,5,44,0.8492013403485222,0.42310991883277893,-0.42310991883277893,1,0.5115182058377699
s054,s054,2,5,0.9997393370605366,0.08941227197647095,-0.08941227197647095,1,0.5115182058377699
s054,s054,2,1,0.2239406625930027,0.5750921368598938,-0.5750921368598938,1,0.5115182058377699
s054,s054,4,25,0.9280129573541175,0.380745530128479,-0.380745530128479,1,0.5115182058377699
s054,s054,4,40,0.0005171969104011803,0.8985620141029358,-0.8985620141029358,1,0.5115182058377699
s054,s054,8,48,0.0044227327649735354,0.788585364818573,-0.788585364818573,1,0.5115182058377699
s054,s054,4,38,3.072373595258998e-09,1.5141355991363525,-1.5141355991363525,1,0.5115182058377699
s054,s054,4,20,0.0018631289538954096,0.832937479019165,-0.832937479019165,1,0.5115182058377699
s054,s054,2,9,0.9789050962763389,0.31522804498672485,-0.31522804498672485,1,0.5115182058377699
s054,s054,1,49,0.9997896063561194,0.0784505307674408,-0.0784505307674408,1,0.5115182058377699
s054,s054,7,45,0.7406789007532343,0.4578343629837036,-0.4578343629837036,1,0.5115182058377699
s054,s054,5,36,0.9982618762454281,0.18653997778892517,-0.18653997778892517,1,0.5115182058377699
s054,s054,6,3,0.17339518811407162,0.5914047360420227,-0.5914047360420227,1,0.5115182058377699
s054,s054,1,22,0.9679191377850322,0.33724963665008545,-0.33724963665008545,1,0.5115182058377699
s054,s054,7,14,0.9879807741438392,0.2859818637371063,-0.2859818637371063,1,0.5115182058377699
s054,s054,4,11,0.9563415095203293,0.3536269962787628,-0.3536269962787628,1,0.5115182058377699
s054,s054,6,27,0.050634723771134725,0.6614521741867065,-0.6614521741867065,1,0.5115182058377699
s054,s054,4,42,0.8989956868440138,0.39969444274902344,-0.39969444274902344,1,0.5115182058377699
s054,s054,6,44,0.001852517264444592,0.833230197429657,-0.833230197429657,1,0.5115182058377699
s054,s054,7,44,0.9969460020626767,0.21543893218040466,-0.21543893218040466,1,0.5115182058377699
s054,s054,6,8,0.0015067290156224576,0.8438161015510559,-0.8438161015510559,1,0.5115182058377699
s054,s054,7,9,0.9663604991074158,0.3397587835788727,-0.3397587835788727,1,0.5115182058377699
s054,s054,3,50,0.9992043036502679,0.1465245485305786,-0.1465245485305786,1,0.5115182058377699
s054,s054,3,31,0.9995753764032682,0.11438146978616714,-0.11438146978616714,1,0.5115182058377699
s054,s054,4,2,2.6137064226484922e-08,1.4046244621276855,-1.4046244621276855,1,0.5115182058377699
s054,s054,8,10,0.841503836551834,0.4261222779750824,-0.4261222779750824,1,0.5115182058377699
s054,s054,2,50,0.9971674128916038,0.21157783269882202,-0.21157783269882202,1,0.5115182058377699
s054,s054,8,23,0.1667953907443496,0.5937964916229248,-0.5937964916229248,1,0.5115182058377699
s054,s054,2,38,0.9965179627923828,0.22217027842998505,-0.22217027842998505,1,0.5115182058377699
s054,s054,7,31,0.9988085292224117,0.1671961396932602,-0.1671961396932602,1,0.5115182058377699
s054,s054,5,15,0.9389271982147173,0.3717370927333832,-0.3717370927333832,1,0.5115182058377699
s054,s054,3,22,0.5241247689513603,0.506578266620636,-0.506578266620636,1,0.5115182058377699
s054,s054,8,50,0.033088039318466406,0.6841523051261902,-0.6841523051261902,1,0.5115182058377699
s054,s054,1,21,2.0153046181243008e-23,3.184645175933838,-3.184645175933838,1,0.5115182058377699
s054,s054,4,39,0.009500070967142725,0.7492161393165588,-0.7492161393165588,1,0.5115182058377699
s054,s054,2,22,0.9997171333884847,0.09359493106603622,-0.09359493106603622,1,0.5115182058377699
s054,s054,3,7,0.9935332932174141,0.25398921966552734,-0.25398921966552734,1,0.5115182058377699
s054,s054,6,21,0.4285471461795447,0.526238739490509,-0.526238739490509,1,0.5115182058377699
s054,s054,7,49,0.8740651419537093,0.4124171733856201,-0.4124171733856201,1,0.5115182058377699
s054,s054,3,3,0.9964880881316687,0.2226088047027588,-0.2226088047027588,1,0.5115182058377699
s054,s020,6,2,9.624091298491101e-05,0.9845988750457764,-0.9845988750457764,0,0.5115182058377699
s054,s041,6,15,2.757049932025825e-59,7.408745765686035,-7.408745765686035,0,0.5115182058377699
s054,s035,8,16,0.4041453293759264,0.5313764810562134,-0.5313764810562134,0,0.5115182058377699
s054,s056,3,7,0.8967394182663184,0.4009530544281006,-0.4009530544281006,0,0.5115182058377699
s054,s055,7,9,4.246737212660868e-07,1.2620148658752441,-1.2620148658752441,0,0.5115182058377699
s054,s032,7,10,0.029094575005713396,0.6909422874450684,-0.6909422874450684,0,0.5115182058377699
s054,s015,7,9,0.0001235748070288393,0.9718099236488342,-0.9718099236488342,0,0.5115182058377699
s054,s048,7,44,0.26200121176143565,0.5644906759262085,-0.5644906759262085,0,0.5115182058377699
s054,s013,2,4,0.9417455776402287,0.3691670298576355,-0.3691670298576355,0,0.5115182058377699
s054,s056,5,2,0.6063247106466941,0.48942628502845764,-0.48942628502845764,0,0.5115182058377699
s054,s047,2,42,1.0895007561256474e-50,6.396204471588135,-6.396204471588135,0,0.5115182058377699
s054,s008,6,21,1.7820269599229506e-05,1.070871353149414,-1.070871353149414,0,0.5115182058377699
s054,s049,4,11,6.3087436137201415e-111,13.491037368774414,-13.491037368774414,0,0.5115182058377699
s054,s015,6,27,3.971717941777759e-14,2.089909553527832,-2.089909553527832,0,0.5115182058377699
s054,s038,6,3,0.12933800818428762,0.609055757522583,-0.609055757522583,0,0.5115182058377699
s054,s020,1,21,0.0002315037969282873,0.9396938681602478,-0.9396938681602478,0,0.5115182058377699
s054,s003,2,38,2.0993679592628434e-69,8.600500106811523,-8.600500106811523,0,0.5115182058377699
s054,s027,6,27,0.9832902982700212,0.30307888984680176,-0.30307888984680176,0,0.5115182058377699
s054,s024,1,50,2.58934551190102e-20,2.8184804916381836,-2.8184804916381836,0,0.5115182058377699
s054,s008,7,31,0.25852553226237945,0.5654141306877136,-0.5654141306877136,0,0.5115182058377699
s054,s041,2,1,1.4277747138977224e-22,3.084493398666382,-3.084493398666382,0,0.5115182058377699
s054,s050,1,50,9.286211215044827e-08,1.3397761583328247,-1.3397761583328247,0,0.5115182058377699
s054,s031,7,31,1.4949694990154367e-12,1.9043267965316772,-1.9043267965316772,0,0.5115182058377699
s054,s011,2,4,0.00011872944762692856,0.9738562107086182,-0.9738562107086182,0,0.5115182058377699
s054,s049,2,39,3.817009159915307e-36,4.683133125305176,-4.683133125305176,0,0.5115182058377699
s054,s040,7,29,4.4398154158554255e-20,2.7908990383148193,-2.7908990383148193,0,0.5115182058377699
s054,s004,8,34,0.3441915499632385,0.5444942712783813,-0.5444942712783813,0,0.5115182058377699
s054,s044,8,41,7.156801722700238e-10,1.5886623859405518,-1.5886623859405518,0,0.5115182058377699
s054,s053,4,2,1.0241321942650262e-08,1.4525498151779175,-1.4525498151779175,0,0.5115182058377699
s054,s033,7,49,6.659580997919335e-51,6.421383857727051,-6.421383857727051,0,0.5115182058377699
s054,s028,7,7,1.0895087410187223e-07,1.3316030502319336,-1.3316030502319336,0,0.5115182058377699
s054,s026,7,49,0.4043816218138366,0.5313262939453125,-0.5313262939453125,0,0.5115182058377699
s054,s038,5,15,0.9242009877419157,0.38359546661376953,-0.38359546661376953,0,0.5115182058377699
s054,s012,2,39,3.0119603648442355e-25,3.3996541500091553,-3.3996541500091553,0,0.5115182058377699
s054,s048,6,2,0.9965541988029382,0.22163331508636475,-0.22163331508636475,0,0.5115182058377699
s054,s002,8,50,4.35336418599527e-35,4.558626174926758,-4.558626174926758,0,0.5115182058377699
s054,s052,4,40,1.907122444179858e-16,2.362997531890869,-2.362997531890869,0,0.5115182058377699
s054,s003,8,41,1.4220708638776347e-37,4.851419448852539,-4.851419448852539,0,0.5115182058377699
s054,s032,1,49,0.004066326332595829,0.792901337146759,-0.792901337146759,0,0.5115182058377699
s054,s015,3,7,6.492613888752718e-07,1.240300178527832,-1.240300178527832,0,0.5115182058377699
s054,s042,6,8,1.2470958299573696e-05,1.0891294479370117,-1.0891294479370117,0,0.5115182058377699
s054,s044,4,25,3.7984144479568486e-08,1.3855031728744507,-1.3855031728744507,0,0.5115182058377699
s054,s046,6,24,0.9820497589981723,0.30680665373802185,-0.30680665373802185,0,0.5115182058377699
s054,s053,7,16,1.900580316195051e-13,2.009829044342041,-2.009829044342041,0,0.5115182058377699
s054,s008,4,42,0.1522605909340637,0.5993448495864868,-0.5993448495864868,0,0.5115182058377699
s054,s027,5,44,0.9941798241743187,0.24856778979301453,-0.24856778979301453,0,0.5115182058377699
s054,s042,3,35,0.058461880924895245,0.6536762714385986,-0.6536762714385986,0,0.5115182058377699
s054,s008,3,22,0.4421065349157341,0.5234169960021973,-0.5234169960021973,0,0.5115182058377699
s054,s008,3,31,0.39538529221196744,0.5332439541816711,-0.5332439541816711,0,0.5115182058377699
s054,s021,4,2,0.00681127319084984,0.7663740515708923,-0.7663740515708923,0,0.5115182058377699
s054,s027,2,5,2.5150853450676344e-08,1.4065918922424316,-1.4065918922424316,0,0.5115182058377699
s054,s036,2,1,2.597269356324775e-229,27.434640884399414,-27.434640884399414,0,0.5115182058377699
s054,s049,8,48,1.2715520819579758e-11,1.7948251962661743,-1.7948251962661743,0,0.5115182058377699
s054,s013,7,10,5.390696445375818e-06,1.1320322751998901,-1.1320322751998901,0,0.5115182058377699
s054,s011,5,18,1.444098894681057e-05,1.0816270112991333,-1.0816270112991333,0,0.5115182058377699
s054,s032,7,44,5.169576270493997e-10,1.6053006649017334,-1.6053006649017334,0,0.5115182058377699
s054,s029,7,46,0.8050267721113322,0.4389842450618744,-0.4389842450618744,0,0.5115182058377699
s054,s050,6,3,0.8236919877078671,0.4326643943786621,-0.4326643943786621,0,0.5115182058377699
s054,s039,4,11,0.3028535461639282,0.5541658401489258,-0.5541658401489258,0,0.5115182058377699
s054,s007,6,8,0.0032913998690800267,0.8037559986114502,-0.8037559986114502,0,0.5115182058377699
s054,s007,7,4,0.998839975553264,0.16582635045051575,-0.16582635045051575,0,0.5115182058377699
s054,s013,6,21,0.0002513643883709324,0.9354826807975769,-0.9354826807975769,0,0.5115182058377699
s054,s036,5,6,2.798477847625161e-120,14.592649459838867,-14.592649459838867,0,0.5115182058377699
s054,s002,4,25,0.9956188303743603,0.2339659333229065,-0.2339659333229065,0,0.5115182058377699
s054,s021,4,17,0.004219970904990876,0.7909963130950928,-0.7909963130950928,0,0.5115182058377699
s054,s057,4,38,0.7242180769997667,0.4621320366859436,-0.4621320366859436,0,0.5115182058377699
s054,s029,4,25,0.9785348350776344,0.316137433052063,-0.316137433052063,0,0.5115182058377699
s054,s052,8,34,1.3640790596885615e-11,1.7912322282791138,-1.7912322282791138,0,0.5115182058377699
s054,s015,8,34,3.442529531248763e-21,2.921693801879883,-2.921693801879883,0,0.5115182058377699
s054,s004,1,14,3.858514930900178e-09,1.5024815797805786,-1.5024815797805786,0,0.5115182058377699
s054,s026,7,44,0.8394010386889726,0.4269244372844696,-0.4269244372844696,0,0.5115182058377699
s054,s052,2,1,8.806971968471446e-50,6.289306163787842,-6.289306163787842,0,0.5115182058377699
s054,s005,3,3,3.334684407943335e-25,3.3944475650787354,-3.3944475650787354,0,0.5115182058377699
s054,s057,1,22,9.073267836081135e-51,6.405563831329346,-6.405563831329346,0,0.5115182058377699
s054,s018,3,31,0.9987670363661272,0.16894930601119995,-0.16894930601119995,0,0.5115182058377699
s054,s034,2,3,0.7139407313583449,0.4647347033023834,-0.4647347033023834,0,0.5115182058377699
s054,s021,7,4,0.0001985486533793795,0.9475505352020264,-0.9475505352020264,0,0.5115182058377699
s054,s010,3,3,7.76494137573529e-16,2.2911791801452637,-2.2911791801452637,0,0.5115182058377699
s054,s043,3,6,1.8813039026608488e-62,7.78164005279541,-7.78164005279541,0,0.5115182058377699
s054,s031,7,16,0.9844628054506851,0.299296498298645,-0.299296498298645,0,0.5115182058377699
s055,s055,5,13,0.9995513392095486,0.20835183560848236,-0.20835183560848236,1,0.9093547098203136
s055,s055,6,46,0.9995799846751405,0.2023496776819229,-0.2023496776819229,1,0.9093547098203136
s055,s055,8,15,0.9984892114866533,0.31885507702827454,-0.31885507702827454,1,0.9093547098203136
s055,s055,6,2,0.9938373821398083,0.4471231698989868,-0.4471231698989868,1,0.9093547098203136
s055,s055,8,41,0.12052520839326203,1.0900858640670776,-1.0900858640670776,1,0.9093547098203136
s055,s055,8,16,0.9925900152377485,0.4639992117881775,-0.4639992117881775,1,0.9093547098203136
s055,s055,7,4,0.9997281895955642,0.16276231408119202,-0.16276231408119202,1,0.9093547098203136
s055,s055,6,20,0.9949141799808006,0.42956095933914185,-0.42956095933914185,1,0.9093547098203136
s055,s055,5,2,0.9972281552276546,0.37415704131126404,-0.37415704131126404,1,0.9093547098203136
s055,s055,4,12,0.9992771366251305,0.2517487406730652,-0.2517487406730652,1,0.9093547098203136
s055,s055,1,44,0.9711736444197383,0.5895150899887085,-0.5895150899887085,1,0.9093547098203136
s055,s055,5,18,0.9996183759961783,0.19362953305244446,-0.19362953305244446,1,0.9093547098203136
s055,s055,4,41,0.9983909330316074,0.32459503412246704,-0.32459503412246704,1,0.9093547098203136
s055,s055,7,10,0.9968808873256376,0.3849223256111145,-0.3849223256111145,1,0.9093547098203136
s055,s055,6,10,0.9999090655488341,0.06317462772130966,-0.06317462772130966,1,0.9093547098203136
s055,s055,3,6,0.9418241881805853,0.6561586260795593,-0.6561586260795593,1,0.9093547098203136
s055,s055,2,4,1.5826221122791332e-06,2.123927593231201,-2.123927593231201,1,0.9093547098203136
s055,s055,1,2,5.024289038994329e-15,3.9033589363098145,-3.9033589363098145,1,0.9093547098203136
s055,s055,1,50,0.9953811033557531,0.4207611680030823,-0.4207611680030823,1,0.9093547098203136
s055,s055,2,31,0.6806974670638383,0.8405184745788574,-0.8405184745788574,1,0.9093547098203136
s055,s055,5,6,0.9985294927422488,0.3163939416408539,-0.3163939416408539,1,0.9093547098203136
s055,s055,1,35,0.9981403405570887,0.3377797603607178,-0.3377797603607178,1,0.9093547098203136
s055,s055,6,14,0.9915526329437289,0.4760092496871948,-0.4760092496871948,1,0.9093547098203136
s055,s055,2,42,0.9934359386712598,0.45289865136146545,-0.45289865136146545,1,0.9093547098203136
s055,s055,7,40,0.9439453330849721,0.6525765061378479,-0.6525765061378479,1,0.9093547098203136
s055,s055,2,3,0.9995442762104667,0.20977286994457245,-0.20977286994457245,1,0.9093547098203136
s055,s055,7,46,0.9247493023030975,0.6812251210212708,-0.6812251210212708,1,0.9093547098203136
s055,s055,6,15,0.99953238746909,0.2121158242225647,-0.2121158242225647,1,0.9093547098203136
s055,s055,5,42,0.9993741678656486,0.23863264918327332,-0.23863264918327332,1,0.9093547098203136
s055,s055,1,14,0.9971077701149819,0.3780341148376465,-0.3780341148376465,1,0.9093547098203136
s055,s055,7,16,0.9578387673380641,0.6253470182418823,-0.6253470182418823,1,0.9093547098203136
s055,s055,2,39,0.9998300058448456,0.1200733333826065,-0.1200733333826065,1,0.9093547098203136
s055,s055,6,24,0.9919396356048997,0.4717092514038086,-0.4717092514038086,1,0.9093547098203136
s055,s055,4,17,0.9982663245513161,0.3313891887664795,-0.3313891887664795,1,0.9093547098203136
s055,s055,7,29,0.9984397420527693,0.3217894732952118,-0.3217894732952118,1,0.9093547098203136
s055,s055,8,44,0.9964678928631039,0.39626747369766235,-0.39626747369766235,1,0.9093547098203136
s055,s055,3,35,0.9984081024778134,0.32361793518066406,-0.32361793518066406,1,0.9093547098203136
s055,s055,7,7,0.9355829537697763,0.6660303473472595,-0.6660303473472595,1,0.9093547098203136
s055,s055,8,34,0.0010800242620533774,1.5304158926010132,-1.5304158926010132,1,0.9093547098203136
s055,s055,7,20,0.9956294632292244,0.41571247577667236,-0.41571247577667236,1,0.9093547098203136
s055,s055,5,44,0.9995117996790308,0.21603572368621826,-0.21603572368621826,1,0.9093547098203136
s055,s055,2,5,0.9974482469423809,0.3666136562824249,-0.3666136562824249,1,0.9093547098203136
s055,s055,2,1,0.9996034667167621,0.1971159130334854,-0.1971159130334854,1,0.9093547098203136
s055,s055,4,25,0.22887931195397151,1.0198094844818115,-1.0198094844818115,1,0.9093547098203136
s055,s055,4,40,0.7953136692370136,0.7859318256378174,-0.7859318256378174,1,0.9093547098203136
s055,s055,8,48,0.9985518567848753,0.3149982988834381,-0.3149982988834381,1,0.9093547098203136
s055,s055,4,38,0.214814552965048,1.0272202491760254,-1.0272202491760254,1,0.9093547098203136
s055,s055,4,20,0.9936991085283067,0.4491536319255829,-0.4491536319255829,1,0.9093547098203136
s055,s055,2,9,0.9994346599169553,0.22938312590122223,-0.22938312590122223,1,0.9093547098203136
s055,s055,1,49,0.9928160227532304,0.4611617624759674,-0.4611617624759674,1,0.9093547098203136
s055,s055,7,45,0.9924522344869283,0.4656871557235718,-0.4656871557235718,1,0.9093547098203136
s055,s055,5,36,0.9928647257653432,0.46053871512413025,-0.46053871512413025,1,0.9093547098203136
s055,s055,6,3,0.9938333462927562,0.4471830725669861,-0.4471830725669861,1,0.9093547098203136
s055,s055,1,22,0.9900497176683847,0.491037517786026,-0.491037517786026,1,0.9093547098203136
s055,s055,7,14,0.9615441254851285,0.6166307926177979,-0.6166307926177979,1,0.9093547098203136
s055,s055,4,11,0.9872070535633293,0.5141504406929016,-0.5141504406929016,1,0.9093547098203136
s055,s055,6,27,0.0025931587084442897,1.4506282806396484,-1.4506282806396484,1,0.9093547098203136
s055,s055,4,42,0.9993635699727356,0.24016062915325165,-0.24016062915325165,1,0.9093547098203136
s055,s055,6,44,0.023470815742220152,1.2483845949172974,-1.2483845949172974,1,0.9093547098203136
s055,s055,7,44,0.9868104526475484,0.5169633030891418,-0.5169633030891418,1,0.9093547098203136
s055,s055,6,8,0.9963784629712421,0.3985493779182434,-0.3985493779182434,1,0.9093547098203136
s055,s055,7,9,0.9893401216654393,0.49736690521240234,-0.49736690521240234,1,0.9093547098203136
s055,s055,3,50,0.9999130168384451,0.05913451686501503,-0.05913451686501503,1,0.9093547098203136
s055,s055,3,31,0.9894034208036278,0.49681949615478516,-0.49681949615478516,1,0.9093547098203136
s055,s055,4,2,0.9969019611108833,0.3843039274215698,-0.3843039274215698,1,0.9093547098203136
s055,s055,8,10,0.9992039927731438,0.26052048802375793,-0.26052048802375793,1,0.9093547098203136
s055,s055,2,50,0.9996342044795876,0.18977594375610352,-0.18977594375610352,1,0.9093547098203136
s055,s055,8,23,0.9653895352093518,0.6066873073577881,-0.6066873073577881,1,0.9093547098203136
s055,s055,2,38,0.9519041910895956,0.6378878355026245,-0.6378878355026245,1,0.9093547098203136
s055,s055,7,31,0.9925624826826192,0.4643389880657196,-0.4643389880657196,1,0.9093547098203136
s055,s055,5,15,0.9985247296270556,0.3166884481906891,-0.3166884481906891,1,0.9093547098203136
s055,s055,3,22,0.004716202183464111,1.3960435390472412,-1.3960435390472412,1,0.9093547098203136
s055,s055,8,50,1.1305868802928231e-07,2.3639001846313477,-2.3639001846313477,1,0.9093547098203136
s055,s055,1,21,0.9979467127481981,0.3468044400215149,-0.3468044400215149,1,0.9093547098203136
s055,s055,4,39,0.998759689535761,0.30089160799980164,-0.30089160799980164,1,0.9093547098203136
s055,s055,2,22,0.9993743592838619,0.2386048138141632,-0.2386048138141632,1,0.9093547098203136
s055,s055,3,7,0.99352317414812,0.45167404413223267,-0.45167404413223267,1,0.9093547098203136
s055,s055,6,21,0.9995113539386545,0.21611875295639038,-0.21611875295639038,1,0.9093547098203136
s055,s055,7,49,0.9010706842376403,0.7084620594978333,-0.7084620594978333,1,0.9093547098203136
s055,s055,3,3,0.9998080222051109,0.1311345100402832,-0.1311345100402832,1,0.9093547098203136
s055,s020,6,2,0.9997299002179508,0.16218805313110352,-0.16218805313110352,0,0.9093547098203136
s055,s041,6,15,1.64464315472588e-42,9.65835189819336,-9.65835189819336,0,0.9093547098203136
s055,s035,8,16,6.210678786597322e-06,1.9996013641357422,-1.9996013641357422,0,0.9093547098203136
s055,s056,3,7,0.9075949365258834,0.701602041721344,-0.701602041721344,0,0.9093547098203136
s055,s054,7,9,1.0912788976630133e-14,3.83282470703125,-3.83282470703125,0,0.9093547098203136
s055,s032,7,10,0.9391770674670056,0.6604609489440918,-0.6604609489440918,0,0.9093547098203136
s055,s015,7,9,0.906818192307061,0.7024410963058472,-0.7024410963058472,0,0.9093547098203136
s055,s048,7,44,2.9763933649269712e-15,3.95097017288208,-3.95097017288208,0,0.9093547098203136
s055,s013,2,4,0.005935399135942712,1.3750232458114624,-1.3750232458114624,0,0.9093547098203136
s055,s056,5,2,6.361156057340957e-08,2.416198253631592,-2.416198253631592,0,0.9093547098203136
s055,s047,2,42,2.787836070759201e-159,34.10860061645508,-34.10860061645508,0,0.9093547098203136
s055,s008,6,21,0.9951939091922977,0.424390971660614,-0.424390971660614,0,0.9093547098203136
s055,s049,4,11,3.806398841344083e-294,62.34748077392578,-62.34748077392578,0,0.9093547098203136
s055,s015,6,27,2.9940650799894244e-08,2.4847252368927,-2.4847252368927,0,0.9093547098203136
s055,s038,6,3,6.240644980730818e-24,5.768124103546143,-5.768124103546143,0,0.9093547098203136
s055,s020,1,21,3.331013239887508e-05,1.8468644618988037,-1.8468644618988037,0,0.9093547098203136
s055,s003,2,38,1.8965733796953277e-87,19.067790985107422,-19.067790985107422,0,0.9093547098203136
s055,s027,6,27,1.362118941993097e-09,2.7657318115234375,-2.7657318115234375,0,0.9093547098203136
s055,s024,1,50,1.9482277891605874e-74,16.343320846557617,-16.343320846557617,0,0.9093547098203136
s055,s008,7,31,0.9970149005459823,0.38091662526130676,-0.38091662526130676,0,0.9093547098203136
s055,s041,2,1,3.638034855508098e-45,10.214316368103027,-10.214316368103027,0,0.9093547098203136
s055,s050,1,50,8.049930377405083e-39,8.885773658752441,-8.885773658752441,0,0.9093547098203136
s055,s031,7,31,4.90677975046504e-33,7.674470901489258,-7.674470901489258,0,0.9093547098203136
s055,s011,2,4,0.004437216957451536,1.4016139507293701,-1.4016139507293701,0,0.9093547098203136
s055,s049,2,39,1.250791660893578e-114,24.759084701538086,-24.759084701538086,0,0.9093547098203136
s055,s040,7,29,2.4500432900996148e-54,12.134746551513672,-12.134746551513672,0,0.9093547098203136
s055,s004,8,34,7.812315548696083e-10,2.8162851333618164,-2.8162851333618164,0,0.9093547098203136
s055,s044,8,41,1.894929092798578e-45,10.273630142211914,-10.273630142211914,0,0.9093547098203136
s055,s053,4,2,0.0040968382408373355,1.4089027643203735,-1.4089027643203735,0,0.9093547098203136
s055,s033,7,49,3.882391391690005e-70,15.443071365356445,-15.443071365356445,0,0.9093547098203136
s055,s028,7,7,5.835639983589086e-19,4.727292537689209,-4.727292537689209,0,0.9093547098203136
s055,s026,7,49,4.6236208920690884e-20,4.957849502563477,-4.957849502563477,0,0.9093547098203136
s055,s038,5,15,2.5692545468502555e-11,3.1267998218536377,-3.1267998218536377,0,0.9093547098203136
s055,s012,2,39,2.917748547145394e-18,4.580939769744873,-4.580939769744873,0,0.9093547098203136
s055,s048,6,2,0.5847528415254604,0.878226101398468,-0.878226101398468,0,0.9093547098203136
s055,s002,8,50,7.443434429180025e-51,11.405536651611328,-11.405536651611328,0,0.9093547098203136
s055,s052,4,40,1.1394903927895204e-36,8.435400009155273,-8.435400009155273,0,0.9093547098203136
s055,s003,8,41,4.9648331061287434e-30,7.045241355895996,-7.045241355895996,0,0.9093547098203136
s055,s032,1,49,2.2768132414184922e-23,5.650428295135498,-5.650428295135498,0,0.9093547098203136
s055,s015,3,7,1.170718639909794e-05,1.9419538974761963,-1.9419538974761963,0,0.9093547098203136
s055,s042,6,8,1.8281545962068783e-29,6.926705837249756,-6.926705837249756,0,0.9093547098203136
s055,s044,4,25,2.7445224035646525e-30,7.099145412445068,-7.099145412445068,0,0.9093547098203136
s055,s046,6,24,2.156938890059439e-09,2.723933458328247,-2.723933458328247,0,0.9093547098203136
s055,s053,7,16,0.018010382236848376,1.2729722261428833,-1.2729722261428833,0,0.9093547098203136
s055,s008,4,42,0.9988231482381337,0.29611000418663025,-0.29611000418663025,0,0.9093547098203136
s055,s027,5,44,0.0001042993662764258,1.7430639266967773,-1.7430639266967773,0,0.9093547098203136
s055,s042,3,35,2.709117639517712e-16,4.168912887573242,-4.168912887573242,0,0.9093547098203136
s055,s008,3,22,0.9358014150716347,0.6657001972198486,-0.6657001972198486,0,0.9093547098203136
s055,s008,3,31,0.9966227477031909,0.3921765089035034,-0.3921765089035034,0,0.9093547098203136
s055,s021,4,2,4.068684455198767e-18,4.550703048706055,-4.550703048706055,0,0.9093547098203136
s055,s027,2,5,2.4227610845256214e-18,4.597845077514648,-4.597845077514648,0,0.9093547098203136
s055,s036,2,1,0.0,101.97972869873047,-101.97972869873047,0,0.9093547098203136
s055,s049,8,48,1.3244248746964472e-43,9.887430191040039,-9.887430191040039,0,0.9093547098203136
s055,s013,7,10,0.7308937650782237,0.8184954524040222,-0.8184954524040222,0,0.9093547098203136
s055,s011,5,18,0.0007972814912361976,1.558043360710144,-1.558043360710144,0,0.9093547098203136
s055,s032,7,44,0.6638793340821074,0.8474612832069397,-0.8474612832069397,0,0.9093547098203136
s055,s029,7,46,0.9857802681013661,0.5238971710205078,-0.5238971710205078,0,0.9093547098203136
s055,s050,6,3,9.249028257014615e-05,1.753991961479187,-1.753991961479187,0,0.9093547098203136
s055,s039,4,11,6.688816735278195e-18,4.505497455596924,-4.505497455596924,0,0.9093547098203136
s055,s007,6,8,0.9906411086816587,0.48541122674942017,-0.48541122674942017,0,0.9093547098203136
s055,s007,7,4,0.004752553743410016,1.3953419923782349,-1.3953419923782349,0,0.9093547098203136
s055,s013,6,21,0.05843860009698749,1.1621155738830566,-1.1621155738830566,0,0.9093547098203136
s055,s036,5,6,0.0,81.7017593383789,-81.7017593383789,0,0.9093547098203136
s055,s002,4,25,2.511928895905502e-06,2.081918239593506,-2.081918239593506,0,0.9093547098203136
s055,s021,4,17,2.8226085131971876e-21,5.212114334106445,-5.212114334106445,0,0.9093547098203136
s055,s057,4,38,0.9968114499031699,0.3869308531284332,-0.3869308531284332,0,0.9093547098203136
s055,s029,4,25,2.530622949001701e-06,2.0812439918518066,-2.0812439918518066,0,0.9093547098203136
s055,s052,8,34,3.1410488794459147e-31,7.296260356903076,-7.296260356903076,0,0.9093547098203136
s055,s015,8,34,3.493205021681986e-37,8.542917251586914,-8.542917251586914,0,0.9093547098203136
s055,s004,1,14,1.1924395388445103e-22,5.499856472015381,-5.499856472015381,0,0.9093547098203136
s055,s026,7,44,0.07083017202683861,1.1434231996536255,-1.1434231996536255,0,0.9093547098203136
s055,s052,2,1,8.47467458738812e-97,21.025524139404297,-21.025524139404297,0,0.9093547098203136
s055,s005,3,3,8.152053115282045e-79,17.260093688964844,-17.260093688964844,0,0.9093547098203136
s055,s057,1,22,5.311281787623349e-71,15.623960494995117,-15.623960494995117,0,0.9093547098203136
s055,s018,3,31,0.9142830101195888,0.6941023468971252,-0.6941023468971252,0,0.9093547098203136
s055,s034,2,3,4.813460374328718e-11,3.0697104930877686,-3.0697104930877686,0,0.9093547098203136
s055,s021,7,4,1.6279665121775548e-15,4.005838871002197,-4.005838871002197,0,0.9093547098203136
s055,s010,3,3,3.379267683595585e-31,7.289612770080566,-7.289612770080566,0,0.9093547098203136
s055,s043,3,6,4.850364748493283e-221,47.04021453857422,-47.04021453857422,0,0.9093547098203136
s055,s031,7,16,4.38173663681249e-09,2.659482479095459,-2.659482479095459,0,0.9093547098203136
s056,s056,5,13,0.10611972705145686,1.1481125354766846,-1.1481125354766846,1,0.9464282974871717
s056,s056,6,46,0.988700936002737,0.5232166051864624,-0.5232166051864624,1,0.9464282974871717
s056,s056,8,15,0.9562910190137853,0.6544070243835449,-0.6544070243835449,1,0.9464282974871717
s056,s056,6,2,0.9975626165861844,0.3772094249725342,-0.3772094249725342,1,0.9464282974871717
s056,s056,8,41,0.9997106624196245,0.1753138154745102,-0.1753138154745102,1,0.9464282974871717
s056,s056,8,16,0.9965797152784075,0.4093675911426544,-0.4093675911426544,1,0.9464282974871717
s056,s056,7,4,0.9983726834753537,0.33889758586883545,-0.33889758586883545,1,0.9464282974871717
s056,s056,6,20,0.9967750136342876,0.40378451347351074,-0.40378451347351074,1,0.9464282974871717
s056,s056,5,2,0.6520328933239152,0.8869938254356384,-0.8869938254356384,1,0.9464282974871717
s056,s056,4,12,0.867996486270469,0.7681818604469299,-0.7681818604469299,1,0.9464282974871717
s056,s056,1,44,0.4700383264176802,0.9577845335006714,-0.9577845335006714,1,0.9464282974871717
s056,s056,5,18,0.995485638724694,0.4357387125492096,-0.4357387125492096,1,0.9464282974871717
s056,s056,4,41,0.8688055244779673,0.7675118446350098,-0.7675118446350098,1,0.9464282974871717
s056,s056,7,10,0.9971021551446003,0.39363032579421997,-0.39363032579421997,1,0.9464282974871717
s056,s056,6,10,0.9930730078676598,0.4764908254146576,-0.4764908254146576,1,0.9464282974871717
s056,s056,3,6,0.9972626128374396,0.38822391629219055,-0.38822391629219055,1,0.9464282974871717
s056,s056,2,4,0.9197985934444592,0.71553635597229,-0.71553635597229,1,0.9464282974871717
s056,s056,1,2,1.198340999465713e-05,2.018918514251709,-2.018918514251709,1,0.9464282974871717
s056,s056,1,50,0.9982974760867999,0.3431806266307831,-0.3431806266307831,1,0.9464282974871717
s056,s056,2,31,0.12741675824954407,1.1285206079483032,-1.1285206079483032,1,0.9464282974871717
s056,s056,5,6,0.9946780405056805,0.45139163732528687,-0.45139163732528687,1,0.9464282974871717
s056,s056,1,35,0.991879221627816,0.4916529059410095,-0.4916529059410095,1,0.9464282974871717
s056,s056,6,14,0.7677903798747413,0.833247184753418,-0.833247184753418,1,0.9464282974871717
s056,s056,2,42,0.9992930838353703,0.2598994970321655,-0.2598994970321655,1,0.9464282974871717
s056,s056,7,40,0.9984288869926828,0.3355657458305359,-0.3355657458305359,1,0.9464282974871717
s056,s056,2,3,0.04880423312115178,1.227508306503296,-1.227508306503296,1,0.9464282974871717
s056,s056,7,46,0.9954780203946995,0.435899019241333,-0.435899019241333,1,0.9464282974871717
s056,s056,6,15,0.9852805092250388,0.5485731363296509,-0.5485731363296509,1,0.9464282974871717
s056,s056,5,42,0.9992972563444784,0.2593388259410858,-0.2593388259410858,1,0.9464282974871717
s056,s056,1,14,0.3382564328090862,1.0099406242370605,-1.0099406242370605,1,0.9464282974871717
s056,s056,7,16,0.998150879918826,0.35101184248924255,-0.35101184248924255,1,0.9464282974871717
s056,s056,2,39,0.9995347176936022,0.22029057145118713,-0.22029057145118713,1,0.9464282974871717
s056,s056,6,24,0.9561303717022758,0.6547701358795166,-0.6547701358795166,1,0.9464282974871717
s056,s056,4,17,0.9816599900443975,0.5697346925735474,-0.5697346925735474,1,0.9464282974871717
s056,s056,7,29,0.9916554448231631,0.4942469596862793,-0.4942469596862793,1,0.9464282974871717
s056,s056,8,44,0.9973040106989689,0.38677775859832764,-0.38677775859832764,1,0.9464282974871717
s056,s056,3,35,0.9967816118227762,0.40359005331993103,-0.40359005331993103,1,0.9464282974871717
s056,s056,7,7,0.9954278436835208,0.43694818019866943,-0.43694818019866943,1,0.9464282974871717
s056,s056,8,34,0.9876360450617789,0.5318426489830017,-0.5318426489830017,1,0.9464282974871717
s056,s056,7,20,0.8760320335179494,0.7613656520843506,-0.7613656520843506,1,0.9464282974871717
s056,s056,5,44,0.9981901005157204,0.348979115486145,-0.348979115486145,1,0.9464282974871717
s056,s056,2,5,0.9571263319718977,0.652498185634613,-0.652498185634613,1,0.9464282974871717
s056,s056,2,1,0.5994522587217314,0.9082698822021484,-0.9082698822021484,1,0.9464282974871717
s056,s056,4,25,0.7799107455663857,0.8266912698745728,-0.8266912698745728,1,0.9464282974871717
s056,s056,4,40,0.99989440376029,0.07989916205406189,-0.07989916205406189,1,0.9464282974871717
s056,s056,8,48,0.8758623152521718,0.7615134716033936,-0.7615134716033936,1,0.9464282974871717
s056,s056,4,38,0.3855854934159485,0.9905230402946472,-0.9905230402946472,1,0.9464282974871717
s056,s056,4,20,0.9904007833645924,0.5076236128807068,-0.5076236128807068,1,0.9464282974871717
s056,s056,2,9,0.9632438375247229,0.6373247504234314,-0.6373247504234314,1,0.9464282974871717
s056,s056,1,49,0.7716051931599712,0.8312103748321533,-0.8312103748321533,1,0.9464282974871717
s056,s056,7,45,0.9965994592156284,0.4088177978992462,-0.4088177978992462,1,0.9464282974871717
s056,s056,5,36,0.9975593159681195,0.37733781337738037,-0.37733781337738037,1,0.9464282974871717
s056,s056,6,3,0.8937524175549393,0.7448715567588806,-0.7448715567588806,1,0.9464282974871717
s056,s056,1,22,0.9998106129493939,0.1351945996284485,-0.1351945996284485,1,0.9464282974871717
s056,s056,7,14,0.9901872109794149,0.5097266435623169,-0.5097266435623169,1,0.9464282974871717
s056,s056,4,11,0.0023009494940119724,1.5211118459701538,-1.5211118459701538,1,0.9464282974871717
s056,s056,6,27,0.897513306427391,0.7410632967948914,-0.7410632967948914,1,0.9464282974871717
s056,s056,4,42,0.9966405917520845,0.40766212344169617,-0.40766212344169617,1,0.9464282974871717
s056,s056,6,44,0.23210610548814473,1.0596643686294556,-1.0596643686294556,1,0.9464282974871717
s056,s056,7,44,0.999531850645318,0.22087223827838898,-0.22087223827838898,1,0.9464282974871717
s056,s056,6,8,0.7940819174914359,0.8186880946159363,-0.8186880946159363,1,0.9464282974871717
s056,s056,7,9,0.9994496500224767,0.23619011044502258,-0.23619011044502258,1,0.9464282974871717
s056,s056,3,50,0.9998681430202816,0.10092135518789291,-0.10092135518789291,1,0.9464282974871717
s056,s056,3,31,0.99900029935959,0.2927251160144806,-0.2927251160144806,1,0.9464282974871717
s056,s056,4,2,0.8751049245381587,0.7621710300445557,-0.7621710300445557,1,0.9464282974871717
s056,s056,8,10,0.9996629800661606,0.1897559016942978,-0.1897559016942978,1,0.9464282974871717
s056,s056,2,50,0.9991550588218878,0.27679258584976196,-0.27679258584976196,1,0.9464282974871717
s056,s056,8,23,0.8101891410274195,0.8090788722038269,-0.8090788722038269,1,0.9464282974871717
s056,s056,2,38,0.979645802264518,0.5797910690307617,-0.5797910690307617,1,0.9464282974871717
s056,s056,7,31,0.9980361485432057,0.3567200005054474,-0.3567200005054474,1,0.9464282974871717
s056,s056,5,15,0.999186881693238,0.27315619587898254,-0.27315619587898254,1,0.9464282974871717
s056,s056,3,22,0.9994661282874242,0.2333115190267563,-0.2333115190267563,1,0.9464282974871717
s056,s056,8,50,0.9918832839428081,0.49160516262054443,-0.49160516262054443,1,0.9464282974871717
s056,s056,1,21,0.9981524130641422,0.3509331941604614,-0.3509331941604614,1,0.9464282974871717
s056,s056,4,39,0.9968160379271269,0.4025689661502838,-0.4025689661502838,1,0.9464282974871717
s056,s056,2,22,0.998408635563311,0.33677980303764343,-0.33677980303764343,1,0.9464282974871717
s056,s056,3,7,0.9996378125274272,0.19657444953918457,-0.19657444953918457,1,0.9464282974871717
s056,s056,6,21,0.9906472172888021,0.505138635635376,-0.505138635635376,1,0.9464282974871717
s056,s056,7,49,0.891270655612253,0.7473199963569641,-0.7473199963569641,1,0.9464282974871717
s056,s056,3,3,0.9954346432669104,0.43680667877197266,-0.43680667877197266,1,0.9464282974871717
s056,s020,6,2,0.9813601007824698,0.5712986588478088,-0.5712986588478088,0,0.9464282974871717
s056,s041,6,15,2.8254519151367816e-32,7.821667194366455,-7.821667194366455,0,0.9464282974871717
s056,s035,8,16,0.9127329046641849,0.7242571115493774,-0.7242571115493774,0,0.9464282974871717
s056,s055,3,7,0.9688904514219173,0.6209859848022461,-0.6209859848022461,0,0.9464282974871717
s056,s054,7,9,0.19498179960953885,1.0806279182434082,-1.0806279182434082,0,0.9464282974871717
s056,s032,7,10,0.9992105071824042,0.27036333084106445,-0.27036333084106445,0,0.9464282974871717
s056,s015,7,9,0.34119253748394657,1.0087018013000488,-1.0087018013000488,0,0.9464282974871717
s056,s048,7,44,0.9060586038001004,0.731926679611206,-0.731926679611206,0,0.9464282974871717
s056,s013,2,4,0.9512360370514588,0.6652661561965942,-0.6652661561965942,0,0.9464282974871717
s056,s055,5,2,0.9465817618178738,0.674358069896698,-0.674358069896698,0,0.9464282974871717
s056,s047,2,42,7.092347710359127e-38,9.042101860046387,-9.042101860046387,0,0.9464282974871717
s056,s008,6,21,0.9837924160851782,0.5578309297561646,-0.5578309297561646,0,0.9464282974871717
s056,s049,4,11,8.206008637494211e-81,18.39899444580078,-18.39899444580078,0,0.9464282974871717
s056,s015,6,27,1.4556284798785688e-07,2.4363579750061035,-2.4363579750061035,0,0.9464282974871717
s056,s038,6,3,0.0033220634897260506,1.4862560033798218,-1.4862560033798218,0,0.9464282974871717
s056,s020,1,21,0.9631131958808912,0.6376733779907227,-0.6376733779907227,0,0.9464282974871717
s056,s003,2,38,1.9068446888519004e-16,4.372111797332764,-4.372111797332764,0,0.9464282974871717
s056,s027,6,27,0.995093176850377,0.4436657428741455,-0.4436657428741455,0,0.9464282974871717
s056,s024,1,50,1.9393022945816694e-19,5.0242838859558105,-5.0242838859558105,0,0.9464282974871717
s056,s008,7,31,0.9993103895412642,0.2575521171092987,-0.2575521171092987,0,0.9464282974871717
s056,s041,2,1,1.5004852189216397e-08,2.6514086723327637,-2.6514086723327637,0,0.9464282974871717
s056,s050,1,50,6.172216119241425e-06,2.0817112922668457,-2.0817112922668457,0,0.9464282974871717
s056,s031,7,31,0.0009939967852916698,1.6006735563278198,-1.6006735563278198,0,0.9464282974871717
s056,s011,2,4,0.9954567579209428,0.43634501099586487,-0.43634501099586487,0,0.9464282974871717
s056,s049,2,39,6.986514219453271e-29,7.082216262817383,-7.082216262817383,0,0.9464282974871717
s056,s040,7,29,5.2446551536242124e-11,3.1867401599884033,-3.1867401599884033,0,0.9464282974871717
s056,s004,8,34,0.993166249108848,0.4751993417739868,-0.4751993417739868,0,0.9464282974871717
s056,s044,8,41,2.4241131197272287e-10,3.0418570041656494,-3.0418570041656494,0,0.9464282974871717
s056,s053,4,2,0.003712825445437045,1.475693941116333,-1.475693941116333,0,0.9464282974871717
s056,s033,7,49,1.6198295144184796e-26,6.566782474517822,-6.566782474517822,0,0.9464282974871717
s056,s028,7,7,1.3597814261427901e-06,2.224881172180176,-2.224881172180176,0,0.9464282974871717
s056,s026,7,49,0.005646271887223601,1.435835599899292,-1.435835599899292,0,0.9464282974871717
s056,s038,5,15,0.7601942715108574,0.837234616279602,-0.837234616279602,0,0.9464282974871717
s056,s012,2,39,8.148035661034287e-10,2.9271204471588135,-2.9271204471588135,0,0.9464282974871717
s056,s048,6,2,0.9973460296988655,0.3852870762348175,-0.3852870762348175,0,0.9464282974871717
s056,s002,8,50,2.7925100581334023e-14,3.900160074234009,-3.900160074234009,0,0.9464282974871717
s056,s052,4,40,1.6004119358975244e-11,3.2990763187408447,-3.2990763187408447,0,0.9464282974871717
s056,s003,8,41,1.356499699804621e-20,5.276034355163574,-5.276034355163574,0,0.9464282974871717
s056,s032,1,49,0.0002708604318776525,1.7237900495529175,-1.7237900495529175,0,0.9464282974871717
s056,s015,3,7,0.00020146763345989854,1.751808524131775,-1.751808524131775,0,0.9464282974871717
s056,s042,6,8,0.00011838418573763,1.8021373748779297,-1.8021373748779297,0,0.9464282974871717
s056,s044,4,25,2.3063758393387883e-09,2.828645944595337,-2.828645944595337,0,0.9464282974871717
s056,s046,6,24,0.9617345061180647,0.6412818431854248,-0.6412818431854248,0,0.9464282974871717
s056,s053,7,16,0.00022953848941695181,1.7394604682922363,-1.7394604682922363,0,0.9464282974871717
s056,s008,4,42,0.9951150167677073,0.4432414770126343,-0.4432414770126343,0,0.9464282974871717
s056,s027,5,44,0.9980625532880906,0.3554363548755646,-0.3554363548755646,0,0.9464282974871717
s056,s042,3,35,0.40843464692222425,0.9814878106117249,-0.9814878106117249,0,0.9464282974871717
s056,s008,3,22,0.9967356588601336,0.40493619441986084,-0.40493619441986084,0,0.9464282974871717
s056,s008,3,31,0.9976595420060087,0.3733597695827484,-0.3733597695827484,0,0.9464282974871717
s056,s021,4,2,0.0004487164775234669,1.6759986877441406,-1.6759986877441406,0,0.9464282974871717
s056,s027,2,5,0.17904972297734054,1.0905503034591675,-1.0905503034591675,0,0.9464282974871717
s056,s036,2,1,3.954337975330561e-154,34.37648010253906,-34.37648010253906,0,0.9464282974871717
s056,s049,8,48,3.035799780549061e-07,2.3667919635772705,-2.3667919635772705,0,0.9464282974871717
s056,s013,7,10,0.07080483580776221,1.1900759935379028,-1.1900759935379028,0,0.9464282974871717
s056,s011,5,18,0.29554970561936783,1.0286332368850708,-1.0286332368850708,0,0.9464282974871717
s056,s032,7,44,0.38938224070738364,0.9890090227127075,-0.9890090227127075,0,0.9464282974871717
s056,s029,7,46,0.994823220602293,0.44876015186309814,-0.44876015186309814,0,0.9464282974871717
s056,s050,6,3,0.9681536916227377,0.6232732534408569,-0.6232732534408569,0,0.9464282974871717
s056,s039,4,11,0.7987968671870552,0.8159355521202087,-0.8159355521202087,0,0.9464282974871717
s056,s007,6,8,0.995027049059343,0.444938987493515,-0.444938987493515,0,0.9464282974871717
s056,s007,7,4,0.9997444911531438,0.1635430008172989,-0.1635430008172989,0,0.9464282974871717
s056,s013,6,21,0.10756604520942742,1.14667809009552,-1.14667809009552,0,0.9464282974871717
s056,s036,5,6,6.244516346744923e-134,29.974775314331055,-29.974775314331055,0,0.9464282974871717
s056,s002,4,25,0.9856409967444911,0.5461918115615845,-0.5461918115615845,0,0.9464282974871717
s056,s021,4,17,0.002094543316186676,1.5300265550613403,-1.5300265550613403,0,0.9464282974871717
s056,s057,4,38,0.9991454427962665,0.2778645157814026,-0.2778645157814026,0,0.9464282974871717
s056,s029,4,25,0.9750808877545669,0.5993838906288147,-0.5993838906288147,0,0.9464282974871717
s056,s052,8,34,5.2940605169495e-08,2.53208327293396,-2.53208327293396,0,0.9464282974871717
s056,s015,8,34,9.321574330112068e-08,2.47853946685791,-2.47853946685791,0,0.9464282974871717
s056,s004,1,14,0.43999914758261166,0.96925288438797,-0.96925288438797,0,0.9464282974871717
s056,s026,7,44,0.993403397222744,0.47183406352996826,-0.47183406352996826,0,0.9464282974871717
s056,s052,2,1,2.0146145589155892e-22,5.674447536468506,-5.674447536468506,0,0.9464282974871717
s056,s005,3,3,1.3555840648049802e-18,4.840251922607422,-4.840251922607422,0,0.9464282974871717
s056,s057,1,22,1.2786478141254363e-11,3.320319652557373,-3.320319652557373,0,0.9464282974871717
s056,s018,3,31,0.9998309949358289,0.12441624701023102,-0.12441624701023102,0,0.9464282974871717
s056,s034,2,3,0.9271130628045194,0.7057358622550964,-0.7057358622550964,0,0.9464282974871717
s056,s021,7,4,0.00033784083238744196,1.7028703689575195,-1.7028703689575195,0,0.9464282974871717
s056,s010,3,3,4.166960309598739e-12,3.4264333248138428,-3.4264333248138428,0,0.9464282974871717
s056,s043,3,6,7.477282550462822e-68,15.57479476928711,-15.57479476928711,0,0.9464282974871717
s056,s031,7,16,0.997653325181134,0.3736114203929901,-0.3736114203929901,0,0.9464282974871717
s057,s057,5,13,0.7727435326170105,0.8420909643173218,-0.8420909643173218,1,0.9595240434010823
s057,s057,6,46,0.9968792545470547,0.40620896220207214,-0.40620896220207214,1,0.9595240434010823
s057,s057,8,15,0.9551945847160872,0.6659494042396545,-0.6659494042396545,1,0.9595240434010823
s057,s057,6,2,0.9720480340644267,0.6189968585968018,-0.6189968585968018,1,0.9595240434010823
s057,s057,8,41,0.9955500795209868,0.4403822720050812,-0.4403822720050812,1,0.9595240434010823
s057,s057,8,16,0.967483711891897,0.6339616179466248,-0.6339616179466248,1,0.9595240434010823
s057,s057,7,4,0.9291431657846145,0.7125808000564575,-0.7125808000564575,1,0.9595240434010823
s057,s057,6,20,0.9934196101578495,0.4781251549720764,-0.4781251549720764,1,0.9595240434010823
s057,s057,5,2,0.797408621022391,0.8280523419380188,-0.8280523419380188,1,0.9595240434010823
s057,s057,4,12,0.9963394650208149,0.42156893014907837,-0.42156893014907837,1,0.9595240434010823
s057,s057,1,44,0.9847035866263225,0.559908926486969,-0.559908926486969,1,0.9595240434010823
s057,s057,5,18,0.9946098600442221,0.45886558294296265,-0.45886558294296265,1,0.9595240434010823
s057,s057,4,41,0.9997959028906979,0.1442442387342453,-0.1442442387342453,1,0.9595240434010823
s057,s057,7,10,0.9719032958340629,0.6195067167282104,-0.6195067167282104,1,0.9595240434010823
s057,s057,6,10,0.9951127908320612,0.4494185447692871,-0.4494185447692871,1,0.9595240434010823
s057,s057,3,6,0.0054705408498903225,1.458754062652588,-1.458754062652588,1,0.9595240434010823
s057,s057,2,4,0.9991720949290419,0.27866652607917786,-0.27866652607917786,1,0.9595240434010823
s057,s057,1,2,1.026832345762359e-06,2.2826147079467773,-2.2826147079467773,1,0.9595240434010823
s057,s057,1,50,0.9951573158814844,0.44853606820106506,-0.44853606820106506,1,0.9595240434010823
s057,s057,2,31,0.9756635846497685,0.6053498983383179,-0.6053498983383179,1,0.9595240434010823
s057,s057,5,6,0.9980171901878416,0.3625796139240265,-0.3625796139240265,1,0.9595240434010823
s057,s057,1,35,0.8446178472555745,0.797076940536499,-0.797076940536499,1,0.9595240434010823
s057,s057,6,14,0.9984077804267225,0.3414914608001709,-0.3414914608001709,1,0.9595240434010823
s057,s057,2,42,0.9585986729671101,0.6580262780189514,-0.6580262780189514,1,0.9595240434010823
s057,s057,7,40,0.999818318405335,0.13307896256446838,-0.13307896256446838,1,0.9595240434010823
s057,s057,2,3,3.1498257138618665e-17,4.60538911819458,-4.60538911819458,1,0.9595240434010823
s057,s057,7,46,0.9962061517269486,0.4250141382217407,-0.4250141382217407,1,0.9595240434010823
s057,s057,6,15,0.955491957097109,0.6652805805206299,-0.6652805805206299,1,0.9595240434010823
s057,s057,5,42,0.9991243092055507,0.2840554416179657,-0.2840554416179657,1,0.9595240434010823
s057,s057,1,14,1.1305939249138905e-06,2.2733778953552246,-2.2733778953552246,1,0.9595240434010823
s057,s057,7,16,0.9945656799943752,0.4596531093120575,-0.4596531093120575,1,0.9595240434010823
s057,s057,2,39,0.9983696215736699,0.34376758337020874,-0.34376758337020874,1,0.9595240434010823
s057,s057,6,24,0.9908088893559994,0.5104394555091858,-0.5104394555091858,1,0.9595240434010823
s057,s057,4,17,0.9358916059329634,0.7022829055786133,-0.7022829055786133,1,0.9595240434010823
s057,s057,7,29,0.9886506456382333,0.5308873653411865,-0.5308873653411865,1,0.9595240434010823
s057,s057,8,44,0.8483857948651647,0.7942943572998047,-0.7942943572998047,1,0.9595240434010823
s057,s057,3,35,0.9419852611162518,0.6920766234397888,-0.6920766234397888,1,0.9595240434010823
s057,s057,7,7,0.9014189862486686,0.7471725940704346,-0.7471725940704346,1,0.9595240434010823
s057,s057,8,34,0.999872441247589,0.09913745522499084,-0.09913745522499084,1,0.9595240434010823
s057,s057,7,20,0.9681254255365378,0.6319854259490967,-0.6319854259490967,1,0.9595240434010823
s057,s057,5,44,0.9996603571136152,0.19312569499015808,-0.19312569499015808,1,0.9595240434010823
s057,s057,2,5,1.3327545235176064e-17,4.687917709350586,-4.687917709350586,1,0.9595240434010823
s057,s057,2,1,3.355105478168228e-14,3.9365153312683105,-3.9365153312683105,1,0.9595240434010823
s057,s057,4,25,0.9771173208262733,0.5992969870567322,-0.5992969870567322,1,0.9595240434010823
s057,s057,4,40,0.9986275670337262,0.3272171914577484,-0.3272171914577484,1,0.9595240434010823
s057,s057,8,48,0.9884013555994353,0.5329963564872742,-0.5329963564872742,1,0.9595240434010823
s057,s057,4,38,0.9952922963325878,0.44581058621406555,-0.44581058621406555,1,0.9595240434010823
s057,s057,4,20,0.9979868121016546,0.36404144763946533,-0.36404144763946533,1,0.9595240434010823
s057,s057,2,9,0.997079897041512,0.39981332421302795,-0.39981332421302795,1,0.9595240434010823
s057,s057,1,49,0.9991917603815073,0.2763579487800598,-0.2763579487800598,1,0.9595240434010823
s057,s057,7,45,0.9995489636786485,0.22035358846187592,-0.22035358846187592,1,0.9595240434010823
s057,s057,5,36,0.9951528023476625,0.4486258924007416,-0.4486258924007416,1,0.9595240434010823
s057,s057,6,3,0.9885430070166017,0.531803548336029,-0.531803548336029,1,0.9595240434010823
s057,s057,1,22,1.325179626910991e-66,15.51445484161377,-15.51445484161377,1,0.9595240434010823
s057,s057,7,14,0.9993365468047523,0.25740301609039307,-0.25740301609039307,1,0.9595240434010823
s057,s057,4,11,0.9995144793980655,0.22742608189582825,-0.22742608189582825,1,0.9595240434010823
s057,s057,6,27,0.9496415655729794,0.6777196526527405,-0.6777196526527405,1,0.9595240434010823
s057,s057,4,42,0.9974990516545577,0.38490527868270874,-0.38490527868270874,1,0.9595240434010823
s057,s057,6,44,0.9885589242842454,0.5316686034202576,-0.5316686034202576,1,0.9595240434010823
s057,s057,7,44,0.9988004472125703,0.3142819106578827,-0.3142819106578827,1,0.9595240434010823
s057,s057,6,8,0.9983134203016207,0.3470248579978943,-0.3470248579978943,1,0.9595240434010823
s057,s057,7,9,0.9770307286157237,0.5996679067611694,-0.5996679067611694,1,0.9595240434010823
s057,s057,3,50,0.9980942544799729,0.358768492937088,-0.358768492937088,1,0.9595240434010823
s057,s057,3,31,0.9998860554452079,0.0883064717054367,-0.0883064717054367,1,0.9595240434010823
s057,s057,4,2,0.9983219839490161,0.3465355932712555,-0.3465355932712555,1,0.9595240434010823
s057,s057,8,10,0.9450062366773745,0.6866381168365479,-0.6866381168365479,1,0.9595240434010823
s057,s057,2,50,0.6869238721883737,0.8841268420219421,-0.8841268420219421,1,0.9595240434010823
s057,s057,8,23,0.9982650113206928,0.3497447967529297,-0.3497447967529297,1,0.9595240434010823
s057,s057,2,38,0.9986259821445269,0.327328085899353,-0.327328085899353,1,0.9595240434010823
s057,s057,7,31,0.9979044238628785,0.3678979277610779,-0.3678979277610779,1,0.9595240434010823
s057,s057,5,15,0.9314817447799171,0.7091193199157715,-0.7091193199157715,1,0.9595240434010823
s057,s057,3,22,0.9953451077324068,0.4447230100631714,-0.4447230100631714,1,0.9595240434010823
s057,s057,8,50,0.9943372526934403,0.463625967502594,-0.463625967502594,1,0.9595240434010823
s057,s057,1,21,0.0002270375427288331,1.7645808458328247,-1.7645808458328247,1,0.9595240434010823
s057,s057,4,39,0.9982720151826061,0.3493559956550598,-0.3493559956550598,1,0.9595240434010823
s057,s057,2,22,0.9970935348974255,0.39936283230781555,-0.39936283230781555,1,0.9595240434010823
s057,s057,3,7,0.9995096642289921,0.2283734679222107,-0.2283734679222107,1,0.9595240434010823
s057,s057,6,21,0.9432712920612856,0.6897947788238525,-0.6897947788238525,1,0.9595240434010823
s057,s057,7,49,0.9906995747668192,0.5115845203399658,-0.5115845203399658,1,0.9595240434010823
s057,s057,3,3,0.8674815999181167,0.779241681098938,-0.779241681098938,1,0.9595240434010823
s057,s020,6,2,0.8369921320273057,0.802544355392456,-0.802544355392456,0,0.9595240434010823
s057,s041,6,15,4.1364691592784975e-60,14.079601287841797,-14.079601287841797,0,0.9595240434010823
s057,s035,8,16,0.9972010106223756,0.39573708176612854,-0.39573708176612854,0,0.9595240434010823
s057,s055,3,7,0.9964051965115707,0.41982394456863403,-0.41982394456863403,0,0.9595240434010823
s057,s054,7,9,0.955323533821983,0.6656599044799805,-0.6656599044799805,0,0.9595240434010823
s057,s032,7,10,0.011827457640652782,1.384155035018921,-1.384155035018921,0,0.9595240434010823
s057,s015,7,9,0.9946507123423245,0.4581316411495209,-0.4581316411495209,0,0.9595240434010823
s057,s048,7,44,0.00015101499705456352,1.8037114143371582,-1.8037114143371582,0,0.9595240434010823
s057,s013,2,4,0.9995219187019332,0.22594377398490906,-0.22594377398490906,0,0.9595240434010823
s057,s055,5,2,0.6586333941958762,0.89646315574646,-0.89646315574646,0,0.9595240434010823
s057,s047,2,42,1.509507909602181e-53,12.629756927490234,-12.629756927490234,0,0.9595240434010823
s057,s008,6,21,0.2531334895500197,1.0633416175842285,-1.0633416175842285,0,0.9595240434010823
s057,s049,4,11,5.959514994162293e-108,24.649616241455078,-24.649616241455078,0,0.9595240434010823
s057,s015,6,27,0.026587720480555736,1.3049870729446411,-1.3049870729446411,0,0.9595240434010823
s057,s038,6,3,0.0001770970981922036,1.788421869277954,-1.788421869277954,0,0.9595240434010823
s057,s020,1,21,2.7796235320747445e-09,2.8498775959014893,-2.8498775959014893,0,0.9595240434010823
s057,s003,2,38,4.2036841513712986e-80,18.496826171875,-18.496826171875,0,0.9595240434010823
s057,s027,6,27,0.2229774658478136,1.0793108940124512,-1.0793108940124512,0,0.9595240434010823
s057,s024,1,50,6.210634843095148e-39,9.400894165039062,-9.400894165039062,0,0.9595240434010823
s057,s008,7,31,0.8967311494676551,0.7521305680274963,-0.7521305680274963,0,0.9595240434010823
s057,s041,2,1,7.269532704678788e-26,6.51358699798584,-6.51358699798584,0,0.9595240434010823
s057,s050,1,50,3.502382938720169e-15,4.153331756591797,-4.153331756591797,0,0.9595240434010823
s057,s031,7,31,2.1897930351347873e-17,4.6402716636657715,-4.6402716636657715,0,0.9595240434010823
s057,s011,2,4,6.683937326870315e-08,2.5447511672973633,-2.5447511672973633,0,0.9595240434010823
s057,s049,2,39,4.7406550963581746e-43,10.310564041137695,-10.310564041137695,0,0.9595240434010823
s057,s040,7,29,1.5003443076678517e-23,6.00218391418457,-6.00218391418457,0,0.9595240434010823
s057,s004,8,34,0.0016171434288992038,1.576063871383667,-1.576063871383667,0,0.9595240434010823
s057,s044,8,41,9.167030288752045e-18,4.723824977874756,-4.723824977874756,0,0.9595240434010823
s057,s053,4,2,0.6328517245741846,0.9072808027267456,-0.9072808027267456,0,0.9595240434010823
s057,s033,7,49,2.5922402803289762e-48,11.47317886352539,-11.47317886352539,0,0.9595240434010823
s057,s028,7,7,3.1109865739193245e-06,2.176254987716675,-2.176254987716675,0,0.9595240434010823
s057,s026,7,49,0.062045985426883714,1.22011399269104,-1.22011399269104,0,0.9595240434010823
s057,s038,5,15,0.9841450862019361,0.5634043216705322,-0.5634043216705322,0,0.9595240434010823
s057,s012,2,39,1.0370841134691632e-29,7.363248825073242,-7.363248825073242,0,0.9595240434010823
s057,s048,6,2,0.9997542435390391,0.16207093000411987,-0.16207093000411987,0,0.9595240434010823
s057,s002,8,50,1.092846974151596e-34,8.462916374206543,-8.462916374206543,0,0.9595240434010823
s057,s052,4,40,2.6535746586798723e-09,2.854330539703369,-2.854330539703369,0,0.9595240434010823
s057,s003,8,41,3.7057761095592103e-37,9.008563995361328,-9.008563995361328,0,0.9595240434010823
s057,s032,1,49,0.0004824895630686445,1.6922231912612915,-1.6922231912612915,0,0.9595240434010823
s057,s015,3,7,0.6738885296994845,0.8898793458938599,-0.8898793458938599,0,0.9595240434010823
s057,s042,6,8,2.133776987990081e-06,2.2124335765838623,-2.2124335765838623,0,0.9595240434010823
s057,s044,4,25,1.273275823320628e-08,2.7038512229919434,-2.7038512229919434,0,0.9595240434010823
s057,s046,6,24,0.9776657420817235,0.5969154834747314,-0.5969154834747314,0,0.9595240434010823
s057,s053,7,16,0.00011486586916228577,1.829968810081482,-1.829968810081482,0,0.9595240434010823
s057,s008,4,42,0.9994821913064486,0.2336069941520691,-0.2336069941520691,0,0.9595240434010823
s057,s027,5,44,0.9793484591521922,0.5892343521118164,-0.5892343521118164,0,0.9595240434010823
s057,s042,3,35,0.0032924127085569767,1.5076844692230225,-1.5076844692230225,0,0.9595240434010823
s057,s008,3,22,0.4694050977998491,0.9712813496589661,-0.9712813496589661,0,0.9595240434010823
s057,s008,3,31,0.9982388269081346,0.351184606552124,-0.351184606552124,0,0.9595240434010823
s057,s021,4,2,0.03820287858955843,1.2690562009811401,-1.2690562009811401,0,0.9595240434010823
s057,s027,2,5,1.0000686093643664e-11,3.3898417949676514,-3.3898417949676514,0,0.9595240434010823
s057,s036,2,1,0.0,69.63199615478516,-69.63199615478516,0,0.9595240434010823
s057,s049,8,48,7.098779568365712e-17,4.527420520782471,-4.527420520782471,0,0.9595240434010823
s057,s013,7,10,0.9682398190415913,0.6316291093826294,-0.6316291093826294,0,0.9595240434010823
s057,s011,5,18,2.964617894286359e-06,2.1808791160583496,-2.1808791160583496,0,0.9595240434010823
s057,s032,7,44,3.964544973677942e-08,2.5948686599731445,-2.5948686599731445,0,0.9595240434010823
s057,s029,7,46,0.9997612678424338,0.15928775072097778,-0.15928775072097778,0,0.9595240434010823
s057,s050,6,3,0.9989626288899701,0.3003283739089966,-0.3003283739089966,0,0.9595240434010823
s057,s039,4,11,0.03833209278452009,1.2687193155288696,-1.2687193155288696,0,0.9595240434010823
s057,s007,6,8,0.7949247896637854,0.8295209407806396,-0.8295209407806396,0,0.9595240434010823
s057,s007,7,4,0.9938614626388438,0.4714130759239197,-0.4714130759239197,0,0.9595240434010823
s057,s013,6,21,0.9925673200596784,0.4898937940597534,-0.4898937940597534,0,0.9595240434010823
s057,s036,5,6,2.7396406601085833e-170,38.42237854003906,-38.42237854003906,0,0.9595240434010823
s057,s002,4,25,0.9985622906170056,0.3316819965839386,-0.3316819965839386,0,0.9595240434010823
s057,s021,4,17,0.009486115261668933,1.4055486917495728,-1.4055486917495728,0,0.9595240434010823
s057,s056,4,38,2.1197941511359006e-06,2.213064432144165,-2.213064432144165,0,0.9595240434010823
s057,s029,4,25,0.9996724595182556,0.18964308500289917,-0.18964308500289917,0,0.9595240434010823
s057,s052,8,34,3.658411447210929e-08,2.6025795936584473,-2.6025795936584473,0,0.9595240434010823
s057,s015,8,34,1.7755043066237373e-25,6.427903652191162,-6.427903652191162,0,0.9595240434010823
s057,s004,1,14,1.8951927256420013e-15,4.212258338928223,-4.212258338928223,0,0.9595240434010823
s057,s026,7,44,0.9923055063504175,0.4932408332824707,-0.4932408332824707,0,0.9595240434010823
s057,s052,2,1,1.2871422117023805e-68,15.959126472473145,-15.959126472473145,0,0.9595240434010823
s057,s005,3,3,1.04710716235385e-27,6.9204487800598145,-6.9204487800598145,0,0.9595240434010823
s057,s056,1,22,0.7698936642883282,0.8436412811279297,-0.8436412811279297,0,0.9595240434010823
s057,s018,3,31,0.9898557009905975,0.5199999213218689,-0.5199999213218689,0,0.9595240434010823
s057,s034,2,3,0.004164102829091705,1.4850631952285767,-1.4850631952285767,0,0.9595240434010823
s057,s021,7,4,0.01620892790880229,1.3534903526306152,-1.3534903526306152,0,0.9595240434010823
s057,s010,3,3,1.9370186104421036e-12,3.5473480224609375,-3.5473480224609375,0,0.9595240434010823
s057,s043,3,6,1.3903332726465946e-84,19.486743927001953,-19.486743927001953,0,0.9595240434010823
s057,s031,7,16,0.1610649269092482,1.1178767681121826,-1.1178767681121826,0,0.9595240434010823
