FPR,TPR,threshold
0.0,0.0,inf
0.0,0.00024509803921568627,0.999940148444986
0.00024509803921568627,0.00024509803921568627,0.9999383272542212
0.00024509803921568627,0.010294117647058823,0.9999133519757764
0.0004901960784313725,0.010294117647058823,0.9999130783220458
0.0004901960784313725,0.059313725490196076,0.9998352850663216
0.0007352941176470588,0.059313725490196076,0.9998349831780012
0.0007352941176470588,0.062254901960784315,0.9998315501594198
0.000980392156862745,0.062254901960784315,0.9998309949358288
0.000980392156862745,0.10588235294117647,0.9997625581534112
0.0012254901960784314,0.10588235294117647,0.9997623844152164
0.0012254901960784314,0.10612745098039215,0.9997622456456106
0.0014705882352941176,0.10612745098039215,0.9997612678424338
0.0014705882352941176,0.10637254901960784,0.9997612407188292
0.001715686274509804,0.10637254901960784,0.999760701157147
0.001715686274509804,0.1071078431372549,0.9997599123144666
0.00196078431372549,0.1071078431372549,0.999759345813168
0.00196078431372549,0.10833333333333334,0.9997548828338888
0.0022058823529411764,0.10833333333333334,0.9997542435390392
0.0022058823529411764,0.11225490196078432,0.9997446243996602
0.0024509803921568627,0.11225490196078432,0.9997444911531438
0.0024509803921568627,0.1125,0.9997434705442152
0.002696078431372549,0.1125,0.9997428754162924
0.002696078431372549,0.11715686274509804,0.9997308864094664
0.0029411764705882353,0.11715686274509804,0.9997299002179508
0.0029411764705882353,0.12524509803921569,0.999711721599368
0.0031862745098039215,0.12524509803921569,0.9997114780685996
0.0031862745098039215,0.1303921568627451,0.9996983615247732
0.003431372549019608,0.1303921568627451,0.9996973946525616
0.003431372549019608,0.13651960784313724,0.999685651192128
0.003676470588235294,0.13651960784313724,0.999683565590205
0.003676470588235294,0.13725490196078433,0.999682795528782
0.00392156862745098,0.13725490196078433,0.9996825267889736
0.00392156862745098,0.1392156862745098,0.9996788799827444
0.004166666666666667,0.1392156862745098,0.9996783996488712
0.004166666666666667,0.14191176470588235,0.9996728819758588
0.004411764705882353,0.14191176470588235,0.9996724595182556
0.004411764705882353,0.1450980392156863,0.999667217020122
0.004656862745098039,0.1450980392156863,0.9996658542048156
0.004656862745098039,0.14681372549019608,0.9996629192803876
0.004901960784313725,0.14681372549019608,0.9996628943704792
0.004901960784313725,0.15122549019607842,0.999655019340916
0.005147058823529412,0.15122549019607842,0.99965452242648
0.005147058823529412,0.15931372549019607,0.9996353410412128
0.005392156862745098,0.15931372549019607,0.999634943667774
0.005392156862745098,0.16225490196078432,0.9996265429679472
0.005637254901960784,0.16225490196078432,0.9996255652263994
0.005637254901960784,0.17524509803921567,0.9995896035846068
0.0058823529411764705,0.17524509803921567,0.9995887856937664
0.0058823529411764705,0.18112745098039215,0.9995753764032682
0.006127450980392157,0.18112745098039215,0.9995728910888616
0.006127450980392157,0.1857843137254902,0.9995550769502154
0.006372549019607843,0.1857843137254902,0.9995543454157392
0.006372549019607843,0.18725490196078431,0.999547306742286
0.006617647058823529,0.18725490196078431,0.9995471421172676
0.006617647058823529,0.19387254901960785,0.9995338354077166
0.006862745098039216,0.19387254901960785,0.9995336512965904
0.006862745098039216,0.19705882352941176,0.9995220924117564
0.007107843137254902,0.19705882352941176,0.9995219187019332
0.007107843137254902,0.19926470588235295,0.9995144461231812
0.007352941176470588,0.19926470588235295,0.9995137281983424
0.007352941176470588,0.2,0.9995108372049144
0.007598039215686274,0.2,0.9995101049973356
0.007598039215686274,0.20612745098039215,0.9994919424796692
0.00784313725490196,0.20612745098039215,0.999491295399098
0.00784313725490196,0.20955882352941177,0.9994839610775392
0.008088235294117648,0.20955882352941177,0.9994821913064486
0.008088235294117648,0.2122549019607843,0.9994686252090582
0.008333333333333333,0.2122549019607843,0.9994673255283162
0.008333333333333333,0.2125,0.9994672756826848
0.00857843137254902,0.2125,0.9994665414256508
0.00857843137254902,0.22647058823529412,0.9993998315665564
0.008823529411764706,0.22647058823529412,0.9993993629147108
0.008823529411764706,0.22941176470588234,0.9993830666532492
0.009068627450980393,0.22941176470588234,0.9993804784111996
0.009068627450980393,0.23308823529411765,0.9993655070756052
0.009313725490196078,0.23308823529411765,0.9993647215696204
0.009313725490196078,0.2446078431372549,0.999310447498888
0.009558823529411765,0.2446078431372549,0.9993103895412642
0.009558823529411765,0.24754901960784315,0.9992982714731112
0.00980392156862745,0.24754901960784315,0.9992980673055613
0.00980392156862745,0.25220588235294117,0.9992693723243208
0.010049019607843138,0.25220588235294117,0.999268235110483
0.010049019607843138,0.2563725490196078,0.9992473553764568
0.010294117647058823,0.2563725490196078,0.9992472938705242
0.010294117647058823,0.25980392156862747,0.9992239048619432
0.01053921568627451,0.25980392156862747,0.999223879686568
0.01053921568627451,0.2629901960784314,0.9992108920110574
0.010784313725490196,0.2629901960784314,0.9992105071824042
0.010784313725490196,0.27034313725490194,0.999175694384364
0.011274509803921568,0.27034313725490194,0.9991727619192794
0.011274509803921568,0.2740196078431373,0.9991465377064124
0.011519607843137256,0.2740196078431373,0.9991454427962664
0.011519607843137256,0.27450980392156865,0.9991398944312628
0.011764705882352941,0.27450980392156865,0.9991393581391204
0.011764705882352941,0.27475490196078434,0.9991385444727974
0.012009803921568628,0.27475490196078434,0.9991377366715726
0.012009803921568628,0.27647058823529413,0.9991306179611316
0.012254901960784314,0.27647058823529413,0.9991288887897124
0.012254901960784314,0.27769607843137256,0.9991243092055508
0.0125,0.27769607843137256,0.9991216620036468
0.0125,0.27941176470588236,0.9991145088667956
0.012745098039215686,0.27941176470588236,0.9991141144708896
0.012745098039215686,0.2943627450980392,0.999014083156756
0.012990196078431373,0.2943627450980392,0.9990066030250094
0.012990196078431373,0.29558823529411765,0.9989994954354092
0.013235294117647059,0.29558823529411765,0.9989989410966892
0.013235294117647059,0.30049019607843136,0.9989748988055792
0.013480392156862746,0.30049019607843136,0.998974841936196
0.013480392156862746,0.3017156862745098,0.9989669403332736
0.013725490196078431,0.3017156862745098,0.99896262888997
0.013725490196078431,0.3105392156862745,0.9989080167588232
0.013970588235294118,0.3105392156862745,0.998907075969292
0.013970588235294118,0.3127450980392157,0.998895307334798
0.014215686274509804,0.3127450980392157,0.9988951686338324
0.014215686274509804,0.3193627450980392,0.9988408797510576
0.01446078431372549,0.3193627450980392,0.998839975553264
0.01446078431372549,0.32083333333333336,0.998830464580326
0.014705882352941176,0.32083333333333336,0.9988299621703396
0.014705882352941176,0.32132352941176473,0.998826522255261
0.014950980392156863,0.32132352941176473,0.9988231482381336
0.014950980392156863,0.3269607843137255,0.9987788777357872
0.015196078431372549,0.3269607843137255,0.998777766903295
0.015196078431372549,0.3281862745098039,0.9987692113164208
0.015441176470588236,0.3281862745098039,0.9987670363661272
0.015441176470588236,0.3299019607843137,0.9987567269646036
0.01568627450980392,0.3299019607843137,0.9987556838535068
0.01568627450980392,0.3318627450980392,0.9987296012242816
0.015931372549019607,0.3318627450980392,0.9987289383166592
0.015931372549019607,0.3348039215686274,0.998691177890006
0.016176470588235296,0.3348039215686274,0.998690204637712
0.016176470588235296,0.34411764705882353,0.9986125297644596
0.01642156862745098,0.34411764705882353,0.9986104910030992
0.01642156862745098,0.3448529411764706,0.9986079349877371
0.016666666666666666,0.3448529411764706,0.9986070236246916
0.016666666666666666,0.34852941176470587,0.998566064322758
0.016911764705882352,0.34852941176470587,0.9985622906170056
0.016911764705882352,0.35318627450980394,0.9985294927422488
0.01715686274509804,0.35318627450980394,0.9985284819792608
0.01715686274509804,0.35465686274509806,0.9985199163792746
0.017401960784313726,0.35465686274509806,0.99851928536051
0.017401960784313726,0.35637254901960785,0.9985060848018288
0.01764705882352941,0.35637254901960785,0.9985051933127804
0.01764705882352941,0.36151960784313725,0.9984325472470876
0.017892156862745097,0.36151960784313725,0.998431372728183
0.017892156862745097,0.3627450980392157,0.9984219185775453
0.018137254901960786,0.3627450980392157,0.9984175355471472
0.018137254901960786,0.3683823529411765,0.9983560843967964
0.01838235294117647,0.3683823529411765,0.9983559801737932
0.01838235294117647,0.37083333333333335,0.9982957001033465
0.018872549019607842,0.37083333333333335,0.9982948202658044
0.018872549019607842,0.37426470588235294,0.998261876245428
0.01911764705882353,0.37426470588235294,0.9982549560193124
0.01911764705882353,0.3752450980392157,0.9982401869616886
0.019362745098039216,0.3752450980392157,0.9982388269081346
0.019362745098039216,0.37769607843137254,0.9982049604865226
0.0196078431372549,0.37769607843137254,0.9982041284027162
0.0196078431372549,0.3845588235294118,0.9981130162403338
0.019852941176470587,0.3845588235294118,0.9981081023024816
0.019852941176470587,0.3857843137254902,0.9980639702484464
0.020098039215686276,0.3857843137254902,0.9980625532880906
0.020098039215686276,0.38823529411764707,0.9980510493432946
0.020833333333333332,0.38823529411764707,0.9980387356130972
0.020833333333333332,0.3948529411764706,0.9979491349877156
0.02107843137254902,0.3948529411764706,0.9979490516090004
0.02107843137254902,0.3958333333333333,0.9979385360467212
0.021323529411764706,0.3958333333333333,0.9979304774725812
0.021323529411764706,0.3985294117647059,0.9978899804000928
0.021568627450980392,0.3985294117647059,0.9978855096001504
0.021568627450980392,0.4022058823529412,0.99782435699505
0.021813725490196077,0.4022058823529412,0.9978208090259568
0.021813725490196077,0.40588235294117647,0.9977823017788308
0.022058823529411766,0.40588235294117647,0.9977777964408618
0.022058823529411766,0.40612745098039216,0.997776595086724
0.02230392156862745,0.40612745098039216,0.9977712917165348
0.02230392156862745,0.40955882352941175,0.9977010976204576
0.022549019607843137,0.40955882352941175,0.9976965977990664
0.022549019607843137,0.41102941176470587,0.9976694978041242
0.022794117647058822,0.41102941176470587,0.9976670783861016
0.022794117647058822,0.4122549019607843,0.9976598720748396
0.02303921568627451,0.4122549019607843,0.9976595420060088
0.02303921568627451,0.4125,0.9976570913510348
0.023284313725490197,0.4125,0.997653325181134
0.023284313725490197,0.4151960784313726,0.997603347174436
0.023529411764705882,0.4151960784313726,0.9976024122105972
0.023529411764705882,0.41740196078431374,0.9975748093238564
0.023774509803921567,0.41740196078431374,0.9975647563304276
0.023774509803921567,0.42401960784313725,0.9973999507111434
0.024019607843137256,0.42401960784313725,0.9973937175067916
0.024019607843137256,0.4252450980392157,0.9973855504805014
0.02426470588235294,0.4252450980392157,0.9973778285906778
0.02426470588235294,0.42696078431372547,0.9973488423607744
0.025,0.42696078431372547,0.9973410196141056
0.025,0.42769607843137253,0.9973252452354162
0.025245098039215687,0.42769607843137253,0.9973068439247856
0.025245098039215687,0.42867647058823527,0.9972914988658376
0.025735294117647058,0.42867647058823527,0.9972843305363526
0.025735294117647058,0.4308823529411765,0.9972518322556384
0.025980392156862746,0.4308823529411765,0.9972487262078376
0.025980392156862746,0.4343137254901961,0.997203754733178
0.026225490196078432,0.4343137254901961,0.9972014521615684
0.026225490196078432,0.4345588235294118,0.99720116936311
0.026470588235294117,0.4345588235294118,0.9972010106223756
0.026470588235294117,0.4362745098039216,0.9971674128916038
0.026715686274509803,0.4362745098039216,0.9971671550589708
0.026715686274509803,0.43651960784313726,0.9971658869279116
0.02696078431372549,0.43651960784313726,0.997158796988272
0.02696078431372549,0.44338235294117645,0.9970252925859682
0.027205882352941177,0.44338235294117645,0.9970149005459824
0.027205882352941177,0.4446078431372549,0.9969927785379032
0.027450980392156862,0.4446078431372549,0.9969900868818382
0.027450980392156862,0.4482843137254902,0.9968792545470548
0.027696078431372548,0.4482843137254902,0.9968778726833468
0.027696078431372548,0.4519607843137255,0.99681361046891
0.027941176470588237,0.4519607843137255,0.99681144990317
0.027941176470588237,0.45269607843137255,0.9967945981475188
0.028186274509803922,0.45269607843137255,0.996789016929832
0.028186274509803922,0.45416666666666666,0.9967523237319742
0.028431372549019607,0.45416666666666666,0.9967356588601336
0.028431372549019607,0.45441176470588235,0.9967167970020784
0.028676470588235293,0.45441176470588235,0.9967167637375494
0.028676470588235293,0.45759803921568626,0.9966308333994308
0.02892156862745098,0.45759803921568626,0.9966227477031908
0.02892156862745098,0.45808823529411763,0.9966192815069436
0.029166666666666667,0.45808823529411763,0.9966122356070102
0.029166666666666667,0.4583333333333333,0.9965994592156284
0.029411764705882353,0.4583333333333333,0.9965841393570084
0.029411764705882353,0.4600490196078431,0.9965585094701508
0.029656862745098038,0.4600490196078431,0.9965541988029382
0.029656862745098038,0.4632352941176471,0.996429411333698
0.030147058823529412,0.4632352941176471,0.9964051965115708
0.030147058823529412,0.46397058823529413,0.9963695007915396
0.030392156862745098,0.46397058823529413,0.9963581348878204
0.030392156862745098,0.46691176470588236,0.9962583501599664
0.030637254901960783,0.46691176470588236,0.9962517182084104
0.030637254901960783,0.46715686274509804,0.996235622371182
0.031127450980392157,0.46715686274509804,0.9962132367679204
0.031127450980392157,0.4696078431372549,0.9961673141065897
0.03137254901960784,0.4696078431372549,0.9961620163887476
0.03137254901960784,0.4698529411764706,0.996150659469001
0.03161764705882353,0.4698529411764706,0.9961425861336138
0.03161764705882353,0.4715686274509804,0.9960821141422276
0.031862745098039214,0.4715686274509804,0.9960754655165048
0.031862745098039214,0.4725490196078431,0.9960578602371128
0.0321078431372549,0.4725490196078431,0.9960561228141304
0.0321078431372549,0.4732843137254902,0.996050023549786
0.03235294117647059,0.4732843137254902,0.996039838722361
0.03235294117647059,0.4745098039215686,0.9960001933630156
0.03259803921568628,0.4745098039215686,0.995986903153992
0.03259803921568628,0.4774509803921569,0.995826341164772
0.03284313725490196,0.4774509803921569,0.9958161586328964
0.03284313725490196,0.47965686274509806,0.995789797737502
0.03308823529411765,0.47965686274509806,0.9957892125542396
0.03308823529411765,0.4806372549019608,0.9957543098294358
0.03333333333333333,0.4806372549019608,0.9957488204494276
0.03333333333333333,0.4808823529411765,0.995743669251188
0.03357843137254902,0.4808823529411765,0.9957228134440698
0.03357843137254902,0.48161764705882354,0.9957129284840428
0.03406862745098039,0.48161764705882354,0.9957057267747308
0.03406862745098039,0.4840686274509804,0.9956281887068128
0.03455882352941177,0.4840686274509804,0.9956097788514786
0.03455882352941177,0.4843137254901961,0.9956048131176642
0.03480392156862745,0.4843137254901961,0.9956042128544992
0.03480392156862745,0.48455882352941176,0.9955867025641292
0.03504901960784314,0.48455882352941176,0.9955832001003904
0.03504901960784314,0.48504901960784313,0.9955303082643816
0.03529411764705882,0.48504901960784313,0.995510963378861
0.03529411764705882,0.4870098039215686,0.995459266940702
0.035784313725490194,0.4870098039215686,0.9954567579209428
0.035784313725490194,0.49166666666666664,0.995264592448146
0.03602941176470588,0.49166666666666664,0.9952557402085398
0.03602941176470588,0.492156862745098,0.9952432053566406
0.03627450980392157,0.492156862745098,0.995233833709174
0.03627450980392157,0.4931372549019608,0.9951969614986184
0.03651960784313726,0.4931372549019608,0.9951939091922976
0.03651960784313726,0.4963235294117647,0.9951241320408296
0.03676470588235294,0.4963235294117647,0.9951150167677072
0.03676470588235294,0.4968137254901961,0.9950947303875508
0.03700980392156863,0.4968137254901961,0.995093176850377
0.03700980392156863,0.4985294117647059,0.9950315662134516
0.03725490196078431,0.4985294117647059,0.995027049059343
0.03725490196078431,0.4987745098039216,0.9950258439817036
0.0375,0.4987745098039216,0.9950245742995404
0.0375,0.49926470588235294,0.9950039568227752
0.03823529411764706,0.49926470588235294,0.99498392252206
0.03823529411764706,0.5017156862745098,0.9948389244779414
0.03848039215686275,0.5017156862745098,0.994823220602293
0.03848039215686275,0.5034313725490196,0.9947740252367908
0.03872549019607843,0.5034313725490196,0.9947705328790934
0.03872549019607843,0.503921568627451,0.9947525859181032
0.03897058823529412,0.503921568627451,0.9947525238745104
0.03897058823529412,0.5041666666666667,0.9947300956175764
0.0392156862745098,0.5041666666666667,0.9947254667350998
0.0392156862745098,0.5066176470588235,0.9946511727190336
0.039705882352941174,0.5066176470588235,0.9946302235330134
0.039705882352941174,0.5075980392156862,0.994609860044222
0.03995098039215686,0.5075980392156862,0.9946023707740308
0.03995098039215686,0.5098039215686274,0.9945137887024152
0.04044117647058824,0.5098039215686274,0.994498397300407
0.04044117647058824,0.5102941176470588,0.994479084208161
0.04068627450980392,0.5102941176470588,0.994474194824298
0.04068627450980392,0.5151960784313725,0.9942981213149472
0.04093137254901961,0.5151960784313725,0.9942944897225898
0.04093137254901961,0.5154411764705882,0.9942852642464536
0.041176470588235294,0.5154411764705882,0.9942729729370706
0.041176470588235294,0.5159313725490197,0.9942168119285234
0.04215686274509804,0.5159313725490197,0.9941780784019636
0.04215686274509804,0.5178921568627451,0.994104700245878
0.04240196078431373,0.5178921568627451,0.99409402634887
0.04240196078431373,0.5227941176470589,0.9938680372041586
0.04264705882352941,0.5227941176470589,0.9938614626388438
0.04264705882352941,0.5267156862745098,0.9937089648070876
0.0428921568627451,0.5267156862745098,0.993706929271287
0.0428921568627451,0.5269607843137255,0.9936991085283068
0.043137254901960784,0.5269607843137255,0.9936979171381272
0.043137254901960784,0.5274509803921569,0.9936675205587672
0.04338235294117647,0.5274509803921569,0.9936658291167704
0.04338235294117647,0.528921568627451,0.9935937718088148
0.04387254901960784,0.528921568627451,0.993592365929398
0.04387254901960784,0.5299019607843137,0.9935629162336292
0.04411764705882353,0.5299019607843137,0.9935582057129212
0.04411764705882353,0.5343137254901961,0.993404342640505
0.04436274509803922,0.5343137254901961,0.993403397222744
0.04436274509803922,0.5357843137254902,0.9933146978916764
0.0446078431372549,0.5357843137254902,0.993304763543104
0.0446078431372549,0.5370098039215686,0.9931743719695572
0.04485294117647059,0.5370098039215686,0.993166249108848
0.04485294117647059,0.5424019607843137,0.9928605726491224
0.045098039215686274,0.5424019607843137,0.9928529084870832
0.045098039215686274,0.5441176470588235,0.9927221211211756
0.04534313725490196,0.5441176470588235,0.9927045228688182
0.04534313725490196,0.5446078431372549,0.9926870908835684
0.045588235294117645,0.5446078431372549,0.992671529681342
0.045588235294117645,0.5453431372549019,0.9925900152377484
0.04583333333333333,0.5453431372549019,0.9925673200596784
0.04583333333333333,0.5455882352941176,0.9925624826826192
0.04607843137254902,0.5455882352941176,0.9925563572101852
0.04607843137254902,0.546078431372549,0.992504046443589
0.04656862745098039,0.546078431372549,0.9924733834981896
0.04656862745098039,0.5470588235294118,0.9924093802979456
0.04681372549019608,0.5470588235294118,0.9924024263615728
0.04681372549019608,0.5480392156862746,0.9923143347756472
0.047058823529411764,0.5480392156862746,0.9923055063504176
0.047058823529411764,0.5566176470588236,0.991491871133248
0.047549019607843135,0.5566176470588236,0.9914575664056432
0.047549019607843135,0.5583333333333333,0.9911835455351498
0.04779411764705882,0.5583333333333333,0.9911712593624072
0.04779411764705882,0.5590686274509804,0.9911416530155174
0.0482843137254902,0.5590686274509804,0.9911257453386864
0.0482843137254902,0.5600490196078431,0.9910186445833284
0.04852941176470588,0.5600490196078431,0.9910168322448636
0.04852941176470588,0.5620098039215686,0.9908779305666562
0.04877450980392157,0.5620098039215686,0.9908775784124076
0.04877450980392157,0.5654411764705882,0.990647217288802
0.049019607843137254,0.5654411764705882,0.9906411086816588
0.049019607843137254,0.5688725490196078,0.9904703209453412
0.04926470588235294,0.5688725490196078,0.9904141502070712
0.04926470588235294,0.5691176470588235,0.9904007833645924
0.049509803921568625,0.5691176470588235,0.990366786545833
0.049509803921568625,0.5742647058823529,0.9899334084070788
0.04975490196078431,0.5742647058823529,0.9898557009905976
0.04975490196078431,0.5754901960784313,0.989729337582242
0.05,0.5754901960784313,0.989726628601494
0.05,0.5784313725490197,0.9894071328022948
0.05024509803921569,0.5784313725490197,0.9894039219470864
0.05024509803921569,0.5813725490196079,0.9891419644424518
0.050490196078431374,0.5813725490196079,0.9891172382784486
0.050490196078431374,0.5843137254901961,0.9886120046491088
0.05073529411764706,0.5843137254901961,0.988569908768673
0.05073529411764706,0.5855392156862745,0.9884413375746934
0.050980392156862744,0.5855392156862745,0.9884276315693806
0.050980392156862744,0.5877450980392157,0.9881053394321316
0.05122549019607843,0.5877450980392157,0.9880979095923432
0.05122549019607843,0.5897058823529412,0.9877919857426082
0.051470588235294115,0.5897058823529412,0.9877402158986192
0.051470588235294115,0.5919117647058824,0.9874125487764888
0.0517156862745098,0.5919117647058824,0.98740220406501
0.0517156862745098,0.5946078431372549,0.9869902682340272
0.05196078431372549,0.5946078431372549,0.9869764578954996
0.05196078431372549,0.5975490196078431,0.9863406949499116
0.05220588235294118,0.5975490196078431,0.9863387947416924
0.05220588235294118,0.5992647058823529,0.9859656684004308
0.05269607843137255,0.5992647058823529,0.9859523874867376
0.05269607843137255,0.5995098039215686,0.9858842121250392
0.052941176470588235,0.5995098039215686,0.9858285909370192
0.052941176470588235,0.6,0.9858160803748376
0.05318627450980392,0.6,0.985780268101366
0.05318627450980392,0.6009803921568627,0.9856501230681336
0.053431372549019605,0.6009803921568627,0.9856409967444912
0.053431372549019605,0.6012254901960784,0.9856049074861574
0.05367647058823529,0.6012254901960784,0.98555899300395
0.05367647058823529,0.6056372549019607,0.9850114805963276
0.05392156862745098,0.6056372549019607,0.9848772284773992
0.05392156862745098,0.6078431372549019,0.9846307396326182
0.054411764705882354,0.6078431372549019,0.9844628054506852
0.054411764705882354,0.6083333333333333,0.9844014989050468
0.05465686274509804,0.6083333333333333,0.984263056335732
0.05465686274509804,0.6088235294117647,0.98419301743481
0.054901960784313725,0.6088235294117647,0.9841754852081012
0.054901960784313725,0.6090686274509803,0.9841505860742052
0.05514705882352941,0.6090686274509803,0.984145086201936
0.05514705882352941,0.6120098039215687,0.9839314752974316
0.05563725490196078,0.6120098039215687,0.9837924160851782
0.05563725490196078,0.6144607843137255,0.9834197443957832
0.05588235294117647,0.6144607843137255,0.9833861769811464
0.05588235294117647,0.6147058823529412,0.9833790041522744
0.05612745098039216,0.6147058823529412,0.9832902982700212
0.05612745098039216,0.616421568627451,0.9829516390398536
0.056372549019607844,0.616421568627451,0.9829072588953376
0.056372549019607844,0.6174019607843138,0.9825326802471296
0.05661764705882353,0.6174019607843138,0.9824758444066712
0.05661764705882353,0.6176470588235294,0.982475643839482
0.056862745098039215,0.6176470588235294,0.9823504142355964
0.056862745098039215,0.6178921568627451,0.982344825297543
0.0571078431372549,0.6178921568627451,0.9823315133530712
0.0571078431372549,0.6181372549019608,0.982318287462529
0.057352941176470586,0.6181372549019608,0.9821417906813308
0.057352941176470586,0.6186274509803922,0.9820657241515676
0.05759803921568627,0.6186274509803922,0.9820497589981724
0.05759803921568627,0.6213235294117647,0.9815408516513272
0.05784313725490196,0.6213235294117647,0.9814326911636718
0.05784313725490196,0.6218137254901961,0.981365386687124
0.05808823529411765,0.6218137254901961,0.9813601007824698
0.05808823529411765,0.6225490196078431,0.9812085061106568
0.05857843137254902,0.6225490196078431,0.981143241960733
0.05857843137254902,0.6267156862745098,0.9805431050212896
0.05906862745098039,0.6267156862745098,0.9803690500960632
0.05906862745098039,0.6269607843137255,0.980363532848618
0.059313725490196076,0.6269607843137255,0.9802738005061508
0.059313725490196076,0.6294117647058823,0.9800362129135514
0.059803921568627454,0.6294117647058823,0.9798586826565676
0.059803921568627454,0.6299019607843137,0.979748025050107
0.060294117647058824,0.6299019607843137,0.9796533887997072
0.060294117647058824,0.6303921568627451,0.9795299787790184
0.06053921568627451,0.6303921568627451,0.9794945139523052
0.06053921568627451,0.6316176470588235,0.9793563505719792
0.060784313725490195,0.6316176470588235,0.9793484591521922
0.060784313725490195,0.6325980392156862,0.9792031649559484
0.06102941176470588,0.6325980392156862,0.9791926921271176
0.06102941176470588,0.6340686274509804,0.9788715380423126
0.061274509803921566,0.6340686274509804,0.9788546525704986
0.061274509803921566,0.634313725490196,0.9788112901923914
0.061764705882352944,0.634313725490196,0.9787280657906268
0.061764705882352944,0.6345588235294117,0.9786521141200456
0.0625,0.6345588235294117,0.9784175752659192
0.0625,0.6350490196078431,0.9780815650013468
0.06274509803921569,0.6350490196078431,0.9779739503235274
0.06274509803921569,0.6360294117647058,0.9776825558839782
0.06323529411764706,0.6360294117647058,0.9776646748230388
0.06323529411764706,0.6370098039215686,0.9774798710144764
0.06348039215686274,0.6370098039215686,0.9773477934738072
0.06348039215686274,0.6372549019607843,0.9773076395204972
0.06372549019607843,0.6372549019607843,0.9773032552698688
0.06372549019607843,0.6397058823529411,0.9771044188355924
0.06397058823529411,0.6397058823529411,0.9770933362651084
0.06397058823529411,0.6401960784313725,0.9770307286157236
0.0642156862745098,0.6401960784313725,0.977022694724996
0.0642156862745098,0.6424019607843138,0.976407722447532
0.0644607843137255,0.6424019607843138,0.9763824899227944
0.0644607843137255,0.6463235294117647,0.9756564462432292
0.06470588235294118,0.6463235294117647,0.9756193264943132
0.06470588235294118,0.6473039215686275,0.9753376031545768
0.06544117647058824,0.6473039215686275,0.9750808877545668
0.06544117647058824,0.6475490196078432,0.9750562075489156
0.06568627450980392,0.6475490196078432,0.975049107620438
0.06568627450980392,0.6485294117647059,0.9746993045377996
0.0661764705882353,0.6485294117647059,0.9745728519628029
0.0661764705882353,0.649264705882353,0.9742490325676844
0.06642156862745098,0.649264705882353,0.9741398484138716
0.06642156862745098,0.6524509803921569,0.973489095312662
0.06666666666666667,0.6524509803921569,0.9734437440212744
0.06666666666666667,0.6541666666666667,0.973063816070833
0.06691176470588235,0.6541666666666667,0.97294575725907
0.06691176470588235,0.6588235294117647,0.9717063283820104
0.06715686274509804,0.6588235294117647,0.9716599769410008
0.06715686274509804,0.6615196078431372,0.9711041498777586
0.06740196078431372,0.6615196078431372,0.9710559774998035
0.06740196078431372,0.6637254901960784,0.970510934887984
0.06789215686274509,0.6637254901960784,0.9704658305880332
0.06789215686274509,0.6644607843137255,0.9701659790503916
0.06838235294117648,0.6644607843137255,0.970021728795315
0.06838235294117648,0.6647058823529411,0.9699568779545866
0.06911764705882353,0.6647058823529411,0.9698398760844238
0.06911764705882353,0.6651960784313725,0.9696080472628424
0.0696078431372549,0.6651960784313725,0.9694955295495576
0.0696078431372549,0.6656862745098039,0.969428522951136
0.06985294117647059,0.6656862745098039,0.9690961177594524
0.06985294117647059,0.6666666666666666,0.9689243056926972
0.07009803921568628,0.6666666666666666,0.9688904514219172
0.07009803921568628,0.6676470588235294,0.9686288958997776
0.07058823529411765,0.6676470588235294,0.9682398190415912
0.07058823529411765,0.6678921568627451,0.968191997016541
0.07083333333333333,0.6678921568627451,0.9681536916227376
0.07083333333333333,0.6686274509803921,0.9677408574390522
0.07107843137254902,0.6686274509803921,0.9677100850705576
0.07107843137254902,0.6703431372549019,0.9674182951828074
0.0713235294117647,0.6703431372549019,0.9674053370848268
0.0713235294117647,0.6708333333333333,0.967259027281995
0.07156862745098039,0.6708333333333333,0.9672073711799796
0.07156862745098039,0.671078431372549,0.967093476232776
0.07181372549019607,0.671078431372549,0.9670780063016854
0.07181372549019607,0.6720588235294118,0.9668453191711588
0.07205882352941176,0.6720588235294118,0.9667332586472062
0.07205882352941176,0.6723039215686275,0.966647961209238
0.07254901960784314,0.6723039215686275,0.966583145704398
0.07254901960784314,0.6737745098039216,0.96630339387678
0.07279411764705883,0.6737745098039216,0.9662559514874464
0.07279411764705883,0.6745098039215687,0.9660551185451336
0.0732843137254902,0.6745098039215687,0.9659422182133828
0.0732843137254902,0.675,0.9658614932571988
0.07352941176470588,0.675,0.9657419730150112
0.07352941176470588,0.6759803921568628,0.9653618310665448
0.07377450980392157,0.6759803921568628,0.9650979802511948
0.07377450980392157,0.6762254901960785,0.9650657458868778
0.07401960784313726,0.6762254901960785,0.9650607147362386
0.07401960784313726,0.6779411764705883,0.9643591625127172
0.07450980392156863,0.6779411764705883,0.9641662842517408
0.07450980392156863,0.678921568627451,0.9635701197030468
0.075,0.678921568627451,0.9635191579894096
0.075,0.6791666666666667,0.9634048438879008
0.07524509803921568,0.6791666666666667,0.9633921824535336
0.07524509803921568,0.6794117647058824,0.9632438375247228
0.07549019607843137,0.6794117647058824,0.9631131958808912
0.07549019607843137,0.6801470588235294,0.9627817878175144
0.07573529411764705,0.6801470588235294,0.962652544540922
0.07573529411764705,0.6811274509803922,0.9624199224359388
0.07598039215686274,0.6811274509803922,0.9623283877664924
0.07598039215686274,0.6818627450980392,0.9619190915610254
0.07622549019607844,0.6818627450980392,0.9617345061180648
0.07622549019607844,0.6823529411764706,0.9615441254851284
0.07671568627450981,0.6823529411764706,0.9610635893601032
0.07671568627450981,0.6825980392156863,0.9610048099270168
0.07769607843137255,0.6825980392156863,0.9607133213474652
0.07769607843137255,0.6833333333333333,0.9601065655091288
0.07794117647058824,0.6833333333333333,0.9600890415257604
0.07794117647058824,0.683578431372549,0.959964799669424
0.07818627450980392,0.683578431372549,0.9598029766386472
0.07818627450980392,0.6838235294117647,0.9596359498702548
0.0784313725490196,0.6838235294117647,0.9592698972556846
0.0784313725490196,0.6892156862745098,0.9571624880076658
0.07867647058823529,0.6892156862745098,0.9571334398832558
0.07867647058823529,0.6901960784313725,0.9569327706800858
0.07892156862745098,0.6901960784313725,0.956891935960627
0.07892156862745098,0.6906862745098039,0.9568261486967788
0.07916666666666666,0.6906862745098039,0.9567845443872836
0.07916666666666666,0.692156862745098,0.9559176102053648
0.07941176470588235,0.692156862745098,0.9559123209915372
0.07941176470588235,0.6926470588235294,0.9553831450349132
0.07965686274509803,0.6926470588235294,0.955323533821983
0.07965686274509803,0.6936274509803921,0.9546256901277048
0.07990196078431372,0.6936274509803921,0.9546004698863728
0.07990196078431372,0.6938725490196078,0.9543220181238418
0.08063725490196079,0.6938725490196078,0.9539096689977205
0.08063725490196079,0.6950980392156862,0.9533429488373488
0.08088235294117647,0.6950980392156862,0.9532831190050908
0.08088235294117647,0.6955882352941176,0.9531048550413996
0.08112745098039216,0.6955882352941176,0.9530650922121106
0.08112745098039216,0.6958333333333333,0.9527398991590856
0.08137254901960785,0.6958333333333333,0.9526502848981676
0.08137254901960785,0.6965686274509804,0.9524249786357708
0.08161764705882353,0.6965686274509804,0.952324228298766
0.08161764705882353,0.6977941176470588,0.9513252106667778
0.0821078431372549,0.6977941176470588,0.9512360370514588
0.0821078431372549,0.6980392156862745,0.9511163920877947
0.08235294117647059,0.6980392156862745,0.9511128788596158
0.08235294117647059,0.6987745098039215,0.950710491240062
0.08259803921568627,0.6987745098039215,0.9505743184074772
0.08259803921568627,0.6990196078431372,0.9505392891904588
0.08284313725490196,0.6990196078431372,0.9502924880027516
0.08284313725490196,0.6992647058823529,0.9496415655729794
0.08308823529411764,0.6992647058823529,0.94955916879539
0.08308823529411764,0.7012254901960784,0.9490176715468382
0.08357843137254901,0.7012254901960784,0.948589278336329
0.08357843137254901,0.7017156862745098,0.9481731450295382
0.0838235294117647,0.7017156862745098,0.94805892638825
0.0838235294117647,0.7036764705882353,0.946939131847827
0.0840686274509804,0.7036764705882353,0.9468806395263238
0.0840686274509804,0.703921568627451,0.946880360332642
0.08431372549019608,0.703921568627451,0.9467586656018612
0.08431372549019608,0.7041666666666667,0.946646170183176
0.08455882352941177,0.7041666666666667,0.9465817618178738
0.08455882352941177,0.7044117647058824,0.9460388164810474
0.08480392156862746,0.7044117647058824,0.9454758632796624
0.08480392156862746,0.7049019607843138,0.9453978544715024
0.08504901960784314,0.7049019607843138,0.9452526333150654
0.08504901960784314,0.7053921568627451,0.9451798268921936
0.08529411764705883,0.7053921568627451,0.9450632084259148
0.08529411764705883,0.7056372549019608,0.9450062366773744
0.0857843137254902,0.7056372549019608,0.944128261880213
0.0857843137254902,0.7066176470588236,0.9432712920612856
0.08602941176470588,0.7066176470588236,0.9431278447775784
0.08602941176470588,0.7093137254901961,0.9418241881805852
0.08627450980392157,0.7093137254901961,0.9417455776402288
0.08627450980392157,0.7098039215686275,0.9415948907676608
0.08651960784313725,0.7098039215686275,0.9414126541218076
0.08651960784313725,0.7120098039215687,0.9396503613704834
0.08676470588235294,0.7120098039215687,0.9396143697741812
0.08676470588235294,0.7129901960784314,0.939194721300739
0.08700980392156862,0.7129901960784314,0.9391770674670056
0.08700980392156862,0.7132352941176471,0.9391088009198472
0.08725490196078431,0.7132352941176471,0.9390783455488424
0.08725490196078431,0.7137254901960784,0.9389271982147172
0.0875,0.7137254901960784,0.93892388571374
0.0875,0.7144607843137255,0.9386366951347692
0.08799019607843138,0.7144607843137255,0.9382470287203544
0.08799019607843138,0.7151960784313726,0.9374553034194822
0.08823529411764706,0.7151960784313726,0.937356770225573
0.08823529411764706,0.717156862745098,0.935808396070382
0.08872549019607844,0.717156862745098,0.935713827189115
0.08872549019607844,0.7181372549019608,0.934728118605017
0.08897058823529412,0.7181372549019608,0.934350267477354
0.08897058823529412,0.7193627450980392,0.9339347066892496
0.0892156862745098,0.7193627450980392,0.9336009006372992
0.0892156862745098,0.7196078431372549,0.9333584557392426
0.08946078431372549,0.7196078431372549,0.9332608828245976
0.08946078431372549,0.720343137254902,0.9326771215273306
0.08970588235294118,0.720343137254902,0.9325713199407292
0.08970588235294118,0.721078431372549,0.9323562339846814
0.08995098039215686,0.721078431372549,0.9320124280969092
0.08995098039215686,0.7218137254901961,0.9317259373574536
0.09068627450980392,0.7218137254901961,0.9314863033759292
0.09068627450980392,0.7225490196078431,0.9312358166690377
0.0909313725490196,0.7225490196078431,0.931169177657076
0.0909313725490196,0.7230392156862745,0.9307479738154608
0.09117647058823529,0.7230392156862745,0.9305152128239544
0.09117647058823529,0.7245098039215686,0.9291431657846144
0.09166666666666666,0.7245098039215686,0.9286532430447464
0.09166666666666666,0.725,0.9280129573541176
0.09191176470588236,0.725,0.9277565637869823
0.09191176470588236,0.7254901960784313,0.927322052945196
0.09240196078431373,0.7254901960784313,0.9269271778722132
0.09240196078431373,0.7276960784313725,0.9247493023030976
0.0928921568627451,0.7276960784313725,0.9243791736750792
0.0928921568627451,0.7279411764705882,0.9242110584935168
0.09313725490196079,0.7279411764705882,0.9242009877419156
0.09313725490196079,0.7284313725490196,0.9238652333259644
0.09338235294117647,0.7284313725490196,0.9237754489105752
0.09338235294117647,0.7306372549019607,0.9222929154961912
0.09362745098039216,0.7306372549019607,0.9221952902912848
0.09362745098039216,0.7318627450980392,0.9208731810564834
0.09411764705882353,0.7318627450980392,0.920150269999843
0.09411764705882353,0.7330882352941176,0.9193454540293632
0.09436274509803921,0.7330882352941176,0.919298249001962
0.09436274509803921,0.733578431372549,0.9182659082765314
0.0946078431372549,0.733578431372549,0.91793239632031
0.0946078431372549,0.7338235294117647,0.9177328069732466
0.09534313725490196,0.7338235294117647,0.9168941538292804
0.09534313725490196,0.7340686274509803,0.9165055893098408
0.09583333333333334,0.7340686274509803,0.9162448642883252
0.09583333333333334,0.734313725490196,0.9160911011818792
0.09607843137254903,0.734313725490196,0.915734142007589
0.09607843137254903,0.7348039215686275,0.9153017326501026
0.09681372549019608,0.7348039215686275,0.9142830101195888
0.09681372549019608,0.7352941176470589,0.9134335872626508
0.09730392156862745,0.7352941176470589,0.9127329046641848
0.09730392156862745,0.736764705882353,0.9104427251381952
0.09754901960784314,0.736764705882353,0.910302087138832
0.09754901960784314,0.7370098039215687,0.9099415174293924
0.09779411764705882,0.7370098039215687,0.9097170910088406
0.09779411764705882,0.7384803921568628,0.90772715641637
0.0982843137254902,0.7384803921568628,0.9075949365258834
0.0982843137254902,0.7394607843137255,0.9070267066823756
0.09852941176470588,0.7394607843137255,0.906818192307061
0.09852941176470588,0.7397058823529412,0.9067969412398718
0.09877450980392156,0.7397058823529412,0.9063857243104456
0.09877450980392156,0.740686274509804,0.90611652315018
0.09901960784313725,0.740686274509804,0.9060586038001004
0.09901960784313725,0.7411764705882353,0.9059384651334969
0.09950980392156862,0.7411764705882353,0.905653396997712
0.09950980392156862,0.7433823529411765,0.9043092070761638
0.09975490196078432,0.7433823529411765,0.9036996826369088
0.09975490196078432,0.7441176470588236,0.9024324012905822
0.1,0.7441176470588236,0.902170766598398
0.1,0.7448529411764706,0.9013222179218262
0.10049019607843138,0.7448529411764706,0.9011850640942152
0.10049019607843138,0.7482843137254902,0.897513306427391
0.10098039215686275,0.7482843137254902,0.8967311494676551
0.10098039215686275,0.7490196078431373,0.8953728378036138
0.10122549019607843,0.7490196078431373,0.8953560573002415
0.10122549019607843,0.7492647058823529,0.8952363006657985
0.10147058823529412,0.7492647058823529,0.8952124244735504
0.10147058823529412,0.7497549019607843,0.8938969914870525
0.1017156862745098,0.7497549019607843,0.8938271393284629
0.1017156862745098,0.75,0.8937524175549393
0.10196078431372549,0.75,0.8934732200529719
0.10196078431372549,0.7519607843137255,0.8921803384431835
0.10220588235294117,0.7519607843137255,0.8920869438074452
0.10220588235294117,0.7522058823529412,0.891866673288276
0.10245098039215686,0.7522058823529412,0.8918348563302224
0.10245098039215686,0.7529411764705882,0.8912647354866875
0.10294117647058823,0.7529411764705882,0.8906803490468261
0.10294117647058823,0.7541666666666667,0.8888586866332889
0.1036764705882353,0.7541666666666667,0.8882275164496035
0.1036764705882353,0.7544117647058823,0.8879327972948994
0.10392156862745099,0.7544117647058823,0.8870459612612147
0.10392156862745099,0.754656862745098,0.8869685126232186
0.10441176470588236,0.754656862745098,0.8860455092729438
0.10441176470588236,0.7553921568627451,0.8845189832145285
0.10465686274509804,0.7553921568627451,0.8842652942757003
0.10465686274509804,0.7556372549019608,0.8842627055728233
0.10514705882352941,0.7556372549019608,0.883056652913819
0.10514705882352941,0.7558823529411764,0.8823145185877537
0.1053921568627451,0.7558823529411764,0.8806032740726992
0.1053921568627451,0.7563725490196078,0.8786486654271125
0.10563725490196078,0.7563725490196078,0.8785634160005532
0.10563725490196078,0.7568627450980392,0.8775878483938162
0.10612745098039215,0.7568627450980392,0.876429329424381
0.10612745098039215,0.7580882352941176,0.874555714164304
0.10637254901960784,0.7580882352941176,0.8743346003198037
0.10637254901960784,0.7583333333333333,0.8741698046077115
0.10661764705882353,0.7583333333333333,0.874159275109524
0.10661764705882353,0.758578431372549,0.8740651419537093
0.1071078431372549,0.758578431372549,0.8726819323411679
0.1071078431372549,0.7590686274509804,0.8708461567834241
0.10735294117647058,0.7590686274509804,0.8694657079350216
0.10735294117647058,0.7607843137254902,0.8663794463140712
0.10759803921568628,0.7607843137254902,0.8660342530112265
0.10759803921568628,0.7612745098039215,0.8660074930804533
0.10784313725490197,0.7612745098039215,0.865306471936727
0.10784313725490197,0.7615196078431372,0.8652662939158808
0.10955882352941176,0.7615196078431372,0.8624927071952112
0.10955882352941176,0.7637254901960784,0.8559032092850942
0.11004901960784313,0.7637254901960784,0.8557243724622924
0.11004901960784313,0.7644607843137254,0.8538935221532931
0.11029411764705882,0.7644607843137254,0.8538190773845755
0.11029411764705882,0.7649509803921568,0.8525150019640257
0.1105392156862745,0.7649509803921568,0.852109017017983
0.1105392156862745,0.7659313725490197,0.8500989023859843
0.11078431372549019,0.7659313725490197,0.8499364359175761
0.11078431372549019,0.7661764705882353,0.8497118683112397
0.11102941176470588,0.7661764705882353,0.8495675272770873
0.11102941176470588,0.7669117647058824,0.8477862925955602
0.11127450980392156,0.7669117647058824,0.8477539589969567
0.11127450980392156,0.7676470588235295,0.8460995908808754
0.11176470588235295,0.7676470588235295,0.8455636648397196
0.11176470588235295,0.7688725490196079,0.841503836551834
0.11225490196078432,0.7688725490196079,0.8399729089175081
0.11225490196078432,0.7691176470588236,0.8399267717522575
0.1125,0.7691176470588236,0.8394010386889726
0.1125,0.7696078431372549,0.8393291385852217
0.11274509803921569,0.7696078431372549,0.8393278267000697
0.11274509803921569,0.7705882352941177,0.8380362777687931
0.11323529411764706,0.7705882352941177,0.8369921320273057
0.11323529411764706,0.7710784313725491,0.8357249636804567
0.11348039215686274,0.7710784313725491,0.8351419716134906
0.11348039215686274,0.7723039215686275,0.8331407062497381
0.11372549019607843,0.7723039215686275,0.8325766220797327
0.11372549019607843,0.7737745098039216,0.8299381380061384
0.11397058823529412,0.7737745098039216,0.8295657624965852
0.11397058823529412,0.7740196078431373,0.8293617677136277
0.1142156862745098,0.7740196078431373,0.8292120748296824
0.1142156862745098,0.7745098039215687,0.828796772694671
0.11446078431372549,0.7745098039215687,0.8285722553039426
0.11446078431372549,0.7752450980392157,0.8277426697003264
0.11495098039215686,0.7752450980392157,0.8272682579741815
0.11495098039215686,0.7754901960784314,0.8270235441077531
0.11519607843137254,0.7754901960784314,0.8268929374941767
0.11519607843137254,0.7759803921568628,0.8267108858875278
0.11544117647058824,0.7759803921568628,0.826355658260246
0.11544117647058824,0.7762254901960784,0.8261294898474251
0.11568627450980393,0.7762254901960784,0.8259603328363104
0.11568627450980393,0.7767156862745098,0.8249086021462845
0.11642156862745098,0.7767156862745098,0.8236919877078671
0.11642156862745098,0.7774509803921569,0.8216081711774615
0.11666666666666667,0.7774509803921569,0.8202726308929391
0.11666666666666667,0.7776960784313726,0.820111739694266
0.11691176470588235,0.7776960784313726,0.8198634022540823
0.11691176470588235,0.7784313725490196,0.8174766130159222
0.11764705882352941,0.7784313725490196,0.8152108259041229
0.11764705882352941,0.7791666666666667,0.8135911652466451
0.1178921568627451,0.7791666666666667,0.8129363951126252
0.1178921568627451,0.7794117647058824,0.8128884174593175
0.11813725490196078,0.7794117647058824,0.812803274114068
0.11813725490196078,0.779656862745098,0.811902761577284
0.11862745098039215,0.779656862745098,0.8102711099705461
0.11862745098039215,0.7799019607843137,0.8101891410274195
0.11887254901960784,0.7799019607843137,0.8097348182758974
0.11887254901960784,0.7803921568627451,0.8086183446684231
0.11960784313725491,0.7803921568627451,0.8050267721113322
0.11960784313725491,0.7806372549019608,0.804451673359599
0.11985294117647059,0.7806372549019608,0.8039384901445363
0.11985294117647059,0.7811274509803922,0.8027765266609308
0.12009803921568628,0.7811274509803922,0.8026829941641905
0.12009803921568628,0.7821078431372549,0.7999098122871946
0.12058823529411765,0.7821078431372549,0.7987968671870552
0.12058823529411765,0.7830882352941176,0.7953136692370136
0.12083333333333333,0.7830882352941176,0.7949247896637854
0.12083333333333333,0.7860294117647059,0.7837648326316522
0.12107843137254902,0.7860294117647059,0.7834333687078284
0.12107843137254902,0.7862745098039216,0.7829572817581811
0.12205882352941176,0.7862745098039216,0.7802552447267641
0.12205882352941176,0.7872549019607843,0.7763538068150534
0.12254901960784313,0.7872549019607843,0.775974041063286
0.12254901960784313,0.7877450980392157,0.7744783689371215
0.1230392156862745,0.7877450980392157,0.7738889639013778
0.1230392156862745,0.7889705882352941,0.7708598465159394
0.12352941176470589,0.7889705882352941,0.7698936642883282
0.12352941176470589,0.7897058823529411,0.766124020152232
0.12401960784313726,0.7897058823529411,0.7638253162712452
0.12401960784313726,0.7899509803921568,0.7637955873897415
0.12524509803921569,0.7899509803921568,0.7601942715108574
0.12524509803921569,0.7904411764705882,0.7590627824332774
0.12573529411764706,0.7904411764705882,0.7586744276170884
0.12573529411764706,0.7906862745098039,0.758127382599298
0.12622549019607843,0.7906862745098039,0.7575449304861677
0.12622549019607843,0.7916666666666666,0.754771351988142
0.1264705882352941,0.7916666666666666,0.7545689633471331
0.1264705882352941,0.7919117647058823,0.7543217600408557
0.12696078431372548,0.7919117647058823,0.7514304313806838
0.12696078431372548,0.792156862745098,0.7508408028459662
0.12720588235294117,0.792156862745098,0.7498717915720315
0.12720588235294117,0.7924019607843137,0.7465224890935389
0.12745098039215685,0.7924019607843137,0.7463428373207476
0.12745098039215685,0.7933823529411764,0.743945640573104
0.12794117647058822,0.7933823529411764,0.7422952241089195
0.12794117647058822,0.7950980392156862,0.7356306908681044
0.1281862745098039,0.7950980392156862,0.7313993776565406
0.1281862745098039,0.7953431372549019,0.7312511363832686
0.12867647058823528,0.7953431372549019,0.7302280048489345
0.12867647058823528,0.796078431372549,0.7255124462208021
0.12965686274509805,0.796078431372549,0.7213942347846566
0.12965686274509805,0.7965686274509803,0.7194199102890735
0.12990196078431374,0.7965686274509803,0.7190959723723468
0.12990196078431374,0.796813725490196,0.7171455039180006
0.13088235294117648,0.796813725490196,0.7139407313583449
0.13088235294117648,0.7973039215686275,0.7131922107857467
0.13137254901960785,0.7973039215686275,0.7077529289268251
0.13137254901960785,0.7982843137254902,0.7057768504891315
0.13161764705882353,0.7982843137254902,0.7048282530480174
0.13161764705882353,0.7985294117647059,0.7047987531360078
0.1323529411764706,0.7985294117647059,0.6994050766294174
0.1323529411764706,0.7987745098039216,0.698894715002707
0.13259803921568628,0.7987745098039216,0.6978881900216453
0.13259803921568628,0.7997549019607844,0.6940072669420299
0.13284313725490196,0.7997549019607844,0.6935039577942271
0.13284313725490196,0.8,0.6933428806424837
0.13308823529411765,0.8,0.6930048107605721
0.13308823529411765,0.8002450980392157,0.6912668046662785
0.13333333333333333,0.8002450980392157,0.6910804246441228
0.13333333333333333,0.8004901960784314,0.6903213518683639
0.13357843137254902,0.8004901960784314,0.6902151532592005
0.13357843137254902,0.8007352941176471,0.6884653018255087
0.1338235294117647,0.8007352941176471,0.6880353678638433
0.1338235294117647,0.8009803921568628,0.6877706945046073
0.1340686274509804,0.8009803921568628,0.6874664318071606
0.1340686274509804,0.8012254901960785,0.6874584304464876
0.13431372549019607,0.8012254901960785,0.6871668009680436
0.13431372549019607,0.8026960784313726,0.681503464809099
0.13455882352941176,0.8026960784313726,0.6809601871985255
0.13455882352941176,0.803186274509804,0.6806974670638383
0.13504901960784313,0.803186274509804,0.6797054148164845
0.13504901960784313,0.803921568627451,0.6758330236117973
0.13602941176470587,0.803921568627451,0.6731655695965177
0.13602941176470587,0.8046568627450981,0.6676616228705073
0.13651960784313724,0.8046568627450981,0.6655523536250343
0.13651960784313724,0.8051470588235294,0.6645920019064822
0.13676470588235295,0.8051470588235294,0.6638793340821074
0.13676470588235295,0.8056372549019608,0.6616174019268767
0.13725490196078433,0.8056372549019608,0.6561198743980569
0.13725490196078433,0.8058823529411765,0.655632402768935
0.1375,0.8058823529411765,0.6550718461954858
0.1375,0.8061274509803922,0.654462462547059
0.1377450980392157,0.8061274509803922,0.6524023366562791
0.1377450980392157,0.8071078431372549,0.6495048679065523
0.13823529411764707,0.8071078431372549,0.6464655260356746
0.13823529411764707,0.8073529411764706,0.6462447036347928
0.1392156862745098,0.8073529411764706,0.6434653965005019
0.1392156862745098,0.808578431372549,0.6392010073718449
0.13970588235294118,0.808578431372549,0.6371976021144994
0.13970588235294118,0.8090686274509804,0.6334306226242448
0.13995098039215687,0.8090686274509804,0.6328517245741846
0.13995098039215687,0.8093137254901961,0.6310682628164964
0.14068627450980392,0.8093137254901961,0.6271769306221228
0.14068627450980392,0.8102941176470588,0.6187923137791621
0.1409313725490196,0.8102941176470588,0.6180050564219051
0.1409313725490196,0.8105392156862745,0.6153289931993385
0.1411764705882353,0.8105392156862745,0.6142113608473695
0.1411764705882353,0.8107843137254902,0.613348852797684
0.14142156862745098,0.8107843137254902,0.6115249433638115
0.14142156862745098,0.8110294117647059,0.6102417573221985
0.1426470588235294,0.8110294117647059,0.6044862938912894
0.1426470588235294,0.8115196078431373,0.6029882056658307
0.1428921568627451,0.8115196078431373,0.6012968859373985
0.1428921568627451,0.8120098039215686,0.5994522587217314
0.14313725490196078,0.8120098039215686,0.5984160918587015
0.14313725490196078,0.8125,0.5959259238981434
0.14338235294117646,0.8125,0.5956247733838252
0.14338235294117646,0.8129901960784314,0.593387722333891
0.14362745098039215,0.8129901960784314,0.5928472454655759
0.14362745098039215,0.8137254901960784,0.5909163201409797
0.14387254901960783,0.8137254901960784,0.5907162997596057
0.14387254901960783,0.8139705882352941,0.5897480991810633
0.1450980392156863,0.8139705882352941,0.5847528415254604
0.1450980392156863,0.8142156862745098,0.5846598707358497
0.14534313725490197,0.8142156862745098,0.5842466274505527
0.14534313725490197,0.8149509803921569,0.580836571374344
0.14558823529411766,0.8149509803921569,0.5806876685506703
0.14558823529411766,0.8151960784313725,0.5766280733865997
0.14583333333333334,0.8151960784313725,0.5765101166287568
0.14583333333333334,0.8161764705882353,0.5738741680791296
0.1463235294117647,0.8161764705882353,0.573184686994341
0.1463235294117647,0.816421568627451,0.5711712825944331
0.14681372549019608,0.816421568627451,0.56880972770978
0.14681372549019608,0.8169117647058823,0.5683191537787868
0.14705882352941177,0.8169117647058823,0.5665385874894202
0.14705882352941177,0.817156862745098,0.5662471048487088
0.14730392156862746,0.817156862745098,0.5661366810444218
0.14730392156862746,0.8174019607843137,0.5643987203944694
0.1480392156862745,0.8174019607843137,0.5584227328998087
0.1480392156862745,0.8176470588235294,0.5582991684224569
0.14901960784313725,0.8176470588235294,0.5567225054433734
0.14901960784313725,0.8178921568627451,0.5539538458583063
0.14926470588235294,0.8178921568627451,0.5526101810781587
0.14926470588235294,0.8193627450980392,0.5459515923745496
0.15024509803921568,0.8193627450980392,0.5415626291292758
0.15024509803921568,0.8196078431372549,0.5413989514088097
0.15098039215686274,0.8196078431372549,0.531756909299654
0.15098039215686274,0.8200980392156862,0.5302537375779943
0.15122549019607842,0.8200980392156862,0.5296024502575163
0.15122549019607842,0.8208333333333333,0.5254533023559963
0.1514705882352941,0.8208333333333333,0.5251851822473107
0.1514705882352941,0.821813725490196,0.5240230135806547
0.1517156862745098,0.821813725490196,0.523875711371008
0.1517156862745098,0.8220588235294117,0.5223110676722169
0.15196078431372548,0.8220588235294117,0.5204199464393418
0.15196078431372548,0.8223039215686274,0.5200004289787935
0.15220588235294116,0.8223039215686274,0.5199492084582384
0.15220588235294116,0.8240196078431372,0.512173708246699
0.15245098039215688,0.8240196078431372,0.505314707851229
0.15245098039215688,0.8242647058823529,0.5051812583910024
0.15269607843137256,0.8242647058823529,0.5042131407810082
0.15269607843137256,0.8245098039215686,0.4982516689162552
0.1536764705882353,0.8245098039215686,0.4936670146473562
0.1536764705882353,0.825,0.4901911055565519
0.153921568627451,0.825,0.4864199805631521
0.153921568627451,0.8252450980392156,0.4864117651007597
0.15416666666666667,0.8252450980392156,0.4855475099521805
0.15416666666666667,0.825735294117647,0.4849471861754555
0.15490196078431373,0.825735294117647,0.4832731034513202
0.15490196078431373,0.8264705882352941,0.4803511733971464
0.15514705882352942,0.8264705882352941,0.4770111195525313
0.15514705882352942,0.8269607843137254,0.475462462893965
0.1556372549019608,0.8269607843137254,0.4734961049554253
0.1556372549019608,0.8272058823529411,0.4733516763122638
0.15612745098039216,0.8272058823529411,0.4719461234299467
0.15612745098039216,0.8274509803921568,0.4700383264176802
0.1568627450980392,0.8274509803921568,0.4634846502824973
0.1568627450980392,0.8276960784313725,0.4627764156386348
0.1571078431372549,0.8276960784313725,0.4607031956665297
0.1571078431372549,0.8284313725490197,0.4596938563563457
0.15735294117647058,0.8284313725490197,0.4575921272648345
0.15735294117647058,0.828921568627451,0.4567049805435478
0.15759803921568627,0.828921568627451,0.4563607914889192
0.15759803921568627,0.8291666666666667,0.4548340855309268
0.15833333333333333,0.8291666666666667,0.4526436093430518
0.15833333333333333,0.8294117647058824,0.4524940201255147
0.1588235294117647,0.8294117647058824,0.4463538690810146
0.1588235294117647,0.8301470588235295,0.4452740156393412
0.15931372549019607,0.8301470588235295,0.4421065349157341
0.15931372549019607,0.8311274509803922,0.4401098915516753
0.16053921568627452,0.8311274509803922,0.433452569546476
0.16053921568627452,0.8321078431372549,0.4309846203130524
0.16127450980392158,0.8321078431372549,0.4288590706939094
0.16127450980392158,0.8323529411764706,0.4285471461795447
0.16151960784313726,0.8323529411764706,0.4285036778747936
0.16151960784313726,0.832843137254902,0.42781688449926
0.16176470588235295,0.832843137254902,0.4274089980757916
0.16176470588235295,0.8335784313725491,0.4244231476586414
0.16200980392156863,0.8335784313725491,0.4231657374937705
0.16200980392156863,0.8348039215686275,0.4191967968973201
0.16225490196078432,0.8348039215686275,0.4173204469042631
0.16225490196078432,0.8352941176470589,0.4159658588152647
0.1625,0.8352941176470589,0.4158314572203158
0.1625,0.8355392156862745,0.4151758359550301
0.1627450980392157,0.8355392156862745,0.4151362251373862
0.1627450980392157,0.8357843137254902,0.4133138760092254
0.16397058823529412,0.8357843137254902,0.4008503332313352
0.16397058823529412,0.8362745098039216,0.3990677462275258
0.1642156862745098,0.8362745098039216,0.3969150760341411
0.1642156862745098,0.836764705882353,0.3955390206573588
0.1644607843137255,0.836764705882353,0.3953852922119674
0.1644607843137255,0.8370098039215687,0.3943020071938866
0.16519607843137254,0.8370098039215687,0.3924159553966696
0.16519607843137254,0.8375,0.3922216274254053
0.1661764705882353,0.8375,0.3888566715295527
0.1661764705882353,0.8389705882352941,0.3779554784044122
0.16642156862745097,0.8389705882352941,0.3778368257103081
0.16642156862745097,0.8397058823529412,0.3749435663438066
0.16666666666666666,0.8397058823529412,0.3746868425584799
0.16666666666666666,0.8399509803921569,0.3745132996905772
0.16715686274509803,0.8399509803921569,0.371526831121939
0.16715686274509803,0.8401960784313726,0.3705769326305949
0.1674019607843137,0.8401960784313726,0.3695245081077856
0.1674019607843137,0.8411764705882353,0.3641214114819649
0.16789215686274508,0.8411764705882353,0.3607209230189341
0.16789215686274508,0.8416666666666667,0.3561821896689885
0.1681372549019608,0.8416666666666667,0.3504116201377933
0.1681372549019608,0.8426470588235294,0.3466508672847226
0.16887254901960785,0.8426470588235294,0.3441915499632385
0.16887254901960785,0.8428921568627451,0.3430900974757856
0.16911764705882354,0.8428921568627451,0.3428440409895132
0.16911764705882354,0.8431372549019608,0.3427965441725554
0.16936274509803922,0.8431372549019608,0.342730452345292
0.16936274509803922,0.8436274509803922,0.3419543998253142
0.17034313725490197,0.8436274509803922,0.3394580368853112
0.17034313725490197,0.8438725490196078,0.3392967811465359
0.17058823529411765,0.8438725490196078,0.3392659090189584
0.17058823529411765,0.8446078431372549,0.3369873993963765
0.17107843137254902,0.8446078431372549,0.3346837671071954
0.17107843137254902,0.8450980392156863,0.3327040458032534
0.1713235294117647,0.8450980392156863,0.3264519921290897
0.1713235294117647,0.845343137254902,0.3261630188165354
0.17205882352941176,0.845343137254902,0.3229588461159013
0.17205882352941176,0.8458333333333333,0.3211933782545236
0.17279411764705882,0.8458333333333333,0.3170890387599026
0.17279411764705882,0.8463235294117647,0.3141879724635084
0.1730392156862745,0.8463235294117647,0.3138707257500546
0.1730392156862745,0.8468137254901961,0.3127200226167094
0.17352941176470588,0.8468137254901961,0.3104525695406981
0.17352941176470588,0.8470588235294118,0.3101691423989995
0.17426470588235293,0.8470588235294118,0.3067040251404405
0.17426470588235293,0.8473039215686274,0.3056730748930897
0.17524509803921567,0.8473039215686274,0.3011254996003603
0.17524509803921567,0.8475490196078431,0.3004118412570504
0.17549019607843136,0.8475490196078431,0.2996125286704985
0.17549019607843136,0.8477941176470588,0.2995746084348085
0.17671568627450981,0.8477941176470588,0.293976008585715
0.17671568627450981,0.8482843137254902,0.2929042371916432
0.17720588235294119,0.8482843137254902,0.2920148742574187
0.17720588235294119,0.8487745098039216,0.2908485580160438
0.17745098039215687,0.8487745098039216,0.2900591109401063
0.17745098039215687,0.8490196078431372,0.2897628080244784
0.17769607843137256,0.8490196078431372,0.2879313736896458
0.17769607843137256,0.8509803921568627,0.2809898455313799
0.17965686274509804,0.8509803921568627,0.2746460675189588
0.17965686274509804,0.8512254901960784,0.2741167280529846
0.1801470588235294,0.8512254901960784,0.273528836570059
0.1801470588235294,0.8514705882352941,0.2717910885108864
0.1803921568627451,0.8514705882352941,0.2711771183738509
0.1803921568627451,0.8517156862745098,0.2706737972726338
0.18063725490196078,0.8517156862745098,0.2704733512069283
0.18063725490196078,0.8522058823529411,0.2703015856200709
0.18137254901960784,0.8522058823529411,0.2697047818645832
0.18137254901960784,0.8524509803921568,0.2671224967578095
0.18161764705882352,0.8524509803921568,0.2663413617673105
0.18161764705882352,0.8526960784313725,0.2654689248547882
0.1818627450980392,0.8526960784313725,0.2650002818036628
0.1818627450980392,0.8529411764705882,0.2646180062467462
0.1821078431372549,0.8529411764705882,0.2620012117614356
0.1821078431372549,0.8531862745098039,0.2619842455691989
0.18235294117647058,0.8531862745098039,0.2587168380607014
0.18235294117647058,0.8534313725490196,0.2586126790562513
0.18259803921568626,0.8534313725490196,0.2585255322623794
0.18259803921568626,0.8539215686274509,0.2562645929705687
0.1840686274509804,0.8539215686274509,0.2523423474382755
0.1840686274509804,0.8544117647058823,0.2503800032971571
0.1843137254901961,0.8544117647058823,0.2501326224874979
0.1843137254901961,0.854656862745098,0.2474793801736158
0.1860294117647059,0.854656862745098,0.2376083073826787
0.1860294117647059,0.8549019607843137,0.2364596033114143
0.18627450980392157,0.8549019607843137,0.2357493197520917
0.18627450980392157,0.8551470588235294,0.2356502186069924
0.18651960784313726,0.8551470588235294,0.234659310749301
0.18651960784313726,0.8566176470588235,0.2308432429742132
0.18700980392156863,0.8566176470588235,0.2290533999229186
0.18700980392156863,0.8571078431372549,0.2287849383939755
0.1875,0.8571078431372549,0.2281555967060838
0.1875,0.8575980392156862,0.2276645060200657
0.18799019607843137,0.8575980392156862,0.2260837348667083
0.18799019607843137,0.8578431372549019,0.2247668437924447
0.18823529411764706,0.8578431372549019,0.2242921386409022
0.18823529411764706,0.8580882352941176,0.2239406625930027
0.18848039215686274,0.8580882352941176,0.2229774658478136
0.18848039215686274,0.8583333333333333,0.2225323798646293
0.18872549019607843,0.8583333333333333,0.2223094134089922
0.18872549019607843,0.8588235294117647,0.2193578208023067
0.18970588235294117,0.8588235294117647,0.2152105359555068
0.18970588235294117,0.8590686274509803,0.214814552965048
0.19019607843137254,0.8590686274509803,0.213938746902276
0.19019607843137254,0.8595588235294118,0.213533772804502
0.19044117647058822,0.8595588235294118,0.2134734195673799
0.19044117647058822,0.8602941176470589,0.202858042758574
0.1909313725490196,0.8602941176470589,0.198784895314677
0.1909313725490196,0.8610294117647059,0.197655469406617
0.191421568627451,0.8610294117647059,0.1961771291148662
0.191421568627451,0.8612745098039216,0.1960837223976899
0.19264705882352942,0.8612745098039216,0.190121742364536
0.19264705882352942,0.861764705882353,0.1879751035159064
0.1931372549019608,0.861764705882353,0.1864575928983847
0.1931372549019608,0.8620098039215687,0.1861207064537197
0.19362745098039216,0.8620098039215687,0.1828857694043166
0.19362745098039216,0.8622549019607844,0.1803018607049363
0.19411764705882353,0.8622549019607844,0.1774196856532419
0.19411764705882353,0.8627450980392157,0.1766707612893355
0.1948529411764706,0.8627450980392157,0.1757908372187997
0.1948529411764706,0.8639705882352942,0.1731922801175545
0.19534313725490196,0.8639705882352942,0.1698620945840873
0.19534313725490196,0.8651960784313726,0.1649399903054539
0.1963235294117647,0.8651960784313726,0.1610649269092482
0.1963235294117647,0.8654411764705883,0.1609871653601389
0.1965686274509804,0.8654411764705883,0.1602738703592839
0.1965686274509804,0.8659313725490196,0.1593153796628157
0.19705882352941176,0.8659313725490196,0.1534763312160963
0.19705882352941176,0.8661764705882353,0.1526232758917683
0.19730392156862744,0.8661764705882353,0.1522605909340637
0.19730392156862744,0.8666666666666667,0.1517055061557072
0.19852941176470587,0.8666666666666667,0.1470022564643607
0.19852941176470587,0.8669117647058824,0.1459334696380899
0.19877450980392156,0.8669117647058824,0.1451583640411833
0.19877450980392156,0.8676470588235294,0.1411935743160988
0.19901960784313724,0.8676470588235294,0.141060087400285
0.19901960784313724,0.8678921568627451,0.1402721269098813
0.19926470588235295,0.8678921568627451,0.138613217802578
0.19926470588235295,0.8681372549019608,0.1384625467348768
0.19975490196078433,0.8681372549019608,0.1338941541012327
0.19975490196078433,0.8683823529411765,0.1326479220169606
0.20073529411764707,0.8683823529411765,0.1307825135758901
0.20073529411764707,0.8688725490196079,0.1298729980172677
0.20098039215686275,0.8688725490196079,0.1293380081842876
0.20098039215686275,0.8691176470588236,0.12915739800808
0.20122549019607844,0.8691176470588236,0.1285786129803685
0.20122549019607844,0.8693627450980392,0.127416758249544
0.20147058823529412,0.8693627450980392,0.1269392379589627
0.20147058823529412,0.8698529411764706,0.1259264475098234
0.2017156862745098,0.8698529411764706,0.1233250152028567
0.2017156862745098,0.8700980392156863,0.122937594071444
0.20245098039215687,0.8700980392156863,0.1226025425233178
0.20245098039215687,0.8708333333333333,0.120525208393262
0.20269607843137255,0.8708333333333333,0.1204340694613917
0.20269607843137255,0.871078431372549,0.1198433802150092
0.20294117647058824,0.871078431372549,0.1176168529833047
0.20294117647058824,0.8713235294117647,0.1173889654807415
0.20392156862745098,0.8713235294117647,0.1158433035045358
0.20392156862745098,0.8715686274509804,0.1156714176430065
0.20441176470588235,0.8715686274509804,0.1151602786771487
0.20441176470588235,0.8718137254901961,0.1147611274933772
0.20465686274509803,0.8718137254901961,0.1141501174681161
0.20465686274509803,0.8720588235294118,0.1130434648124635
0.20490196078431372,0.8720588235294118,0.1127527596176552
0.20490196078431372,0.8725490196078431,0.1120570147765597
0.2053921568627451,0.8725490196078431,0.1116605981268402
0.2053921568627451,0.8727941176470588,0.1112675532033866
0.20563725490196078,0.8727941176470588,0.1112340942551008
0.20563725490196078,0.8730392156862745,0.1107970882939528
0.20588235294117646,0.8730392156862745,0.1086751726721918
0.20588235294117646,0.8732843137254902,0.1077128918754907
0.20612745098039215,0.8732843137254902,0.1075660452094274
0.20612745098039215,0.8737745098039216,0.1051562161918842
0.20661764705882352,0.8737745098039216,0.1046907290094776
0.20661764705882352,0.8740196078431373,0.1037990472053737
0.20833333333333334,0.8740196078431373,0.1017774037410793
0.20833333333333334,0.875,0.1007015979517486
0.20857843137254903,0.875,0.1004277946870801
0.20857843137254903,0.8754901960784314,0.1000617760274006
0.2090686274509804,0.8754901960784314,0.0990195554998422
0.2090686274509804,0.8759803921568627,0.0988239148208325
0.20931372549019608,0.8759803921568627,0.0980385856109282
0.20931372549019608,0.8764705882352941,0.0951478913272023
0.21102941176470588,0.8764705882352941,0.0915893046227073
0.21102941176470588,0.8772058823529412,0.0902173063849564
0.21151960784313725,0.8772058823529412,0.0900723249621385
0.21151960784313725,0.8774509803921569,0.0900301772561086
0.2122549019607843,0.8774509803921569,0.0883710687387054
0.2122549019607843,0.8776960784313725,0.0874988356488591
0.2125,0.8776960784313725,0.0873436325767632
0.2125,0.8779411764705882,0.0868516852520569
0.21274509803921568,0.8779411764705882,0.0858823329930387
0.21274509803921568,0.8784313725490196,0.0849183528974011
0.21299019607843137,0.8784313725490196,0.0840793902377961
0.21299019607843137,0.878921568627451,0.0831439894221451
0.2142156862745098,0.878921568627451,0.0801137102362903
0.2142156862745098,0.879656862745098,0.0792786190225155
0.21470588235294116,0.879656862745098,0.0785098229041229
0.21470588235294116,0.8799019607843137,0.078502868778001
0.21495098039215688,0.8799019607843137,0.0784749061303289
0.21495098039215688,0.8801470588235294,0.0783171446363354
0.21519607843137256,0.8801470588235294,0.0767457897422941
0.21519607843137256,0.8806372549019608,0.0764100552904583
0.21544117647058825,0.8806372549019608,0.0759224893319584
0.21544117647058825,0.8808823529411764,0.0759081021386657
0.21593137254901962,0.8808823529411764,0.0753704077221497
0.21593137254901962,0.8813725490196078,0.0744507668428041
0.21666666666666667,0.8813725490196078,0.0731960969989817
0.21666666666666667,0.8818627450980392,0.0730656141799322
0.21691176470588236,0.8818627450980392,0.0730480076275899
0.21691176470588236,0.8821078431372549,0.0725002747933615
0.21911764705882353,0.8821078431372549,0.0697961005061407
0.21911764705882353,0.8823529411764706,0.0695678695666449
0.2193627450980392,0.8823529411764706,0.0686176131991961
0.2193627450980392,0.8828431372549019,0.0679385741416872
0.2196078431372549,0.8828431372549019,0.0677511966020906
0.2196078431372549,0.8830882352941176,0.0675834463211396
0.221078431372549,0.8830882352941176,0.0662281592109752
0.221078431372549,0.8838235294117647,0.0654880093261751
0.22205882352941175,0.8838235294117647,0.0645068776727899
0.22205882352941175,0.8840686274509804,0.0642479929108693
0.22401960784313726,0.8840686274509804,0.0620459854268837
0.22401960784313726,0.884313725490196,0.0619966739227328
0.22450980392156863,0.884313725490196,0.0618331833285972
0.22450980392156863,0.8845588235294117,0.0615335452020144
0.22475490196078432,0.8845588235294117,0.061065550932861
0.22475490196078432,0.8850490196078431,0.0603933009837135
0.22549019607843138,0.8850490196078431,0.0588607146779461
0.22549019607843138,0.8852941176470588,0.0584967210373798
0.22647058823529412,0.8852941176470588,0.0581518292784526
0.22647058823529412,0.8857843137254902,0.0579559363341869
0.2269607843137255,0.8857843137254902,0.0572053905415032
0.2269607843137255,0.8860294117647058,0.0569964544921155
0.22720588235294117,0.8860294117647058,0.0568287528368817
0.22720588235294117,0.8862745098039215,0.0557263220818254
0.22745098039215686,0.8862745098039215,0.0556784397769565
0.22745098039215686,0.8867647058823529,0.0550047743953755
0.22769607843137254,0.8867647058823529,0.0544880604825698
0.22769607843137254,0.8872549019607843,0.0534108979445395
0.2286764705882353,0.8872549019607843,0.0511277717095751
0.2286764705882353,0.8875,0.0506347237711347
0.22892156862745097,0.8875,0.0506010452843332
0.22892156862745097,0.8877450980392156,0.0503482579345079
0.22941176470588234,0.8877450980392156,0.0502369350871746
0.22941176470588234,0.8884803921568627,0.0488042331211517
0.23039215686274508,0.8884803921568627,0.0476139429600105
0.23039215686274508,0.8887254901960784,0.0474478909608019
0.23088235294117648,0.8887254901960784,0.0468780919450423
0.23088235294117648,0.8889705882352941,0.0468707948036546
0.23112745098039217,0.8889705882352941,0.0466643045752008
0.23112745098039217,0.8894607843137254,0.0464366121563282
0.23161764705882354,0.8894607843137254,0.0460110975054626
0.23161764705882354,0.8899509803921568,0.0455560994381461
0.23186274509803922,0.8899509803921568,0.0449421197966247
0.23186274509803922,0.8901960784313725,0.0447925677441489
0.2323529411764706,0.8901960784313725,0.0441753753203797
0.2323529411764706,0.8904411764705882,0.0435435320160594
0.23284313725490197,0.8904411764705882,0.0433217657258575
0.23284313725490197,0.891421568627451,0.0417596419383314
0.2338235294117647,0.891421568627451,0.040392134687316
0.2338235294117647,0.8919117647058824,0.0395057620372014
0.2340686274509804,0.8919117647058824,0.0392351300324218
0.2340686274509804,0.8924019607843138,0.0391118157601495
0.23431372549019608,0.8924019607843138,0.0390027820996193
0.23431372549019608,0.8926470588235295,0.0387996859199052
0.23455882352941176,0.8926470588235295,0.0387673348295453
0.23455882352941176,0.8928921568627451,0.0384669674774567
0.23602941176470588,0.8928921568627451,0.0375797334731871
0.23602941176470588,0.8933823529411765,0.0369529571042887
0.23627450980392156,0.8933823529411765,0.0368450113095117
0.23627450980392156,0.8936274509803922,0.0368322762612585
0.2375,0.8936274509803922,0.0355658001951135
0.2375,0.8941176470588236,0.0351252595237493
0.23823529411764705,0.8941176470588236,0.0346245114292813
0.23823529411764705,0.8943627450980393,0.0345355670117581
0.23872549019607844,0.8943627450980393,0.034271246045193
0.23872549019607844,0.8948529411764706,0.0339333289928894
0.2394607843137255,0.8948529411764706,0.033368512241395
0.2394607843137255,0.8955882352941177,0.0330217145431836
0.23970588235294119,0.8955882352941177,0.0327106506812317
0.23970588235294119,0.8958333333333334,0.0325529779922261
0.23995098039215687,0.8958333333333334,0.032508302860643
0.23995098039215687,0.8960784313725491,0.0323420309517171
0.24019607843137256,0.8960784313725491,0.0322710969448222
0.24019607843137256,0.8963235294117647,0.0321833108159595
0.24068627450980393,0.8963235294117647,0.031860047025715
0.24068627450980393,0.8968137254901961,0.0315251681659472
0.24142156862745098,0.8968137254901961,0.0304751809093493
0.24142156862745098,0.8970588235294118,0.0304744206859304
0.24166666666666667,0.8970588235294118,0.0300814826279326
0.24166666666666667,0.8975490196078432,0.0300489910292868
0.24215686274509804,0.8975490196078432,0.0298845042576744
0.24215686274509804,0.8980392156862745,0.0296718914826597
0.24240196078431372,0.8980392156862745,0.0290945750057133
0.24240196078431372,0.8987745098039216,0.0287127962167364
0.2426470588235294,0.8987745098039216,0.0285829932967221
0.2426470588235294,0.8990196078431373,0.0282538920299731
0.2428921568627451,0.8990196078431373,0.0281161054128188
0.2428921568627451,0.899264705882353,0.0273903396773189
0.24411764705882352,0.899264705882353,0.0265877204805557
0.24411764705882352,0.8997549019607843,0.0265680364882407
0.24509803921568626,0.8997549019607843,0.0256095895956153
0.24509803921568626,0.9002450980392157,0.0250803797579769
0.24558823529411763,0.9002450980392157,0.0248761568214694
0.24558823529411763,0.9009803921568628,0.0247408478871633
0.24583333333333332,0.9009803921568628,0.0246263131396149
0.24583333333333332,0.9017156862745098,0.023835591713057
0.24632352941176472,0.9017156862745098,0.0235969953675087
0.24632352941176472,0.9026960784313726,0.0234575266478771
0.2468137254901961,0.9026960784313726,0.0233463287229911
0.2468137254901961,0.9031862745098039,0.0230542375333215
0.24754901960784315,0.9031862745098039,0.0227902559498637
0.24754901960784315,0.9034313725490196,0.0225834161601021
0.24901960784313726,0.9034313725490196,0.0217447619177087
0.24901960784313726,0.9041666666666667,0.0214540856290885
0.24950980392156863,0.9041666666666667,0.0210677612098075
0.24950980392156863,0.9049019607843137,0.0206894233602501
0.25,0.9049019607843137,0.0201275360573311
0.25,0.9051470588235294,0.0200960480168693
0.2502450980392157,0.9051470588235294,0.0199914142269215
0.2502450980392157,0.9053921568627451,0.0196546095252336
0.25073529411764706,0.9053921568627451,0.0195776066532571
0.25073529411764706,0.9056372549019608,0.0192190209120614
0.25098039215686274,0.9056372549019608,0.0188203826615652
0.25098039215686274,0.9058823529411765,0.0188173191674121
0.25392156862745097,0.9058823529411765,0.0175337570621105
0.25392156862745097,0.9063725490196078,0.0171207118934221
0.25416666666666665,0.9063725490196078,0.0170219627498313
0.25416666666666665,0.9066176470588235,0.0169028778868846
0.2568627450980392,0.9066176470588235,0.0159456612083228
0.2568627450980392,0.9071078431372549,0.0154824970820562
0.25759803921568625,0.9071078431372549,0.0149281285027568
0.25759803921568625,0.9073529411764706,0.0146479447673563
0.2595588235294118,0.9073529411764706,0.0138436511525335
0.2595588235294118,0.9075980392156863,0.0138363548192393
0.26004901960784316,0.9075980392156863,0.0136237375477241
0.26004901960784316,0.9083333333333333,0.0132716979553843
0.2610294117647059,0.9083333333333333,0.0129868584936376
0.2610294117647059,0.908578431372549,0.0129323617171306
0.26176470588235295,0.908578431372549,0.01261192357784
0.26176470588235295,0.9088235294117647,0.0124670162352133
0.2647058823529412,0.9088235294117647,0.0116056049516663
0.2647058823529412,0.9090686274509804,0.0115764841667718
0.26544117647058824,0.9090686274509804,0.0110285541664213
0.26544117647058824,0.9093137254901961,0.0109906418369776
0.2656862745098039,0.9093137254901961,0.010975880072676
0.2656862745098039,0.9095588235294118,0.0108527373410365
0.26666666666666666,0.9095588235294118,0.0108014875807862
0.26666666666666666,0.9100490196078431,0.0106808585703221
0.2676470588235294,0.9100490196078431,0.0103889112161842
0.2676470588235294,0.9102941176470588,0.0103516574166116
0.27009803921568626,0.9102941176470588,0.009704519088749
0.27009803921568626,0.9105392156862745,0.0095000709671427
0.27034313725490194,0.9105392156862745,0.0094861152616689
0.27034313725490194,0.9110294117647059,0.0094360496363722
0.27156862745098037,0.9110294117647059,0.0090748773134761
0.27156862745098037,0.9112745098039216,0.0090289284685259
0.27181372549019606,0.9112745098039216,0.0090120783762573
0.27181372549019606,0.9117647058823529,0.0088573014799519
0.27426470588235297,0.9117647058823529,0.0083050370699015
0.27426470588235297,0.9120098039215686,0.0082563223069918
0.27622549019607845,0.9120098039215686,0.0077407599039906
0.27622549019607845,0.9122549019607843,0.007673642691478
0.27769607843137256,0.9122549019607843,0.0073353742629513
0.27769607843137256,0.9127450980392157,0.0073081233637295
0.278921568627451,0.9127450980392157,0.0071097354773205
0.278921568627451,0.9129901960784313,0.0071078979221151
0.27990196078431373,0.9129901960784313,0.0068683596607465
0.27990196078431373,0.913235294117647,0.006865271712455
0.28088235294117647,0.913235294117647,0.0067369738107009
0.28088235294117647,0.9134803921568627,0.0066877012273678
0.28112745098039216,0.9134803921568627,0.0066812137923472
0.28112745098039216,0.9139705882352941,0.0065024468790379
0.2818627450980392,0.9139705882352941,0.0063635595802668
0.2818627450980392,0.9142156862745098,0.0063546845510974
0.2823529411764706,0.9142156862745098,0.0063482824575706
0.2823529411764706,0.9144607843137255,0.0063284205587533
0.28259803921568627,0.9144607843137255,0.0062336764892475
0.28259803921568627,0.9147058823529411,0.0062299208121446
0.28431372549019607,0.9147058823529411,0.0058937455834934
0.28431372549019607,0.9149509803921568,0.0058849519448523
0.28602941176470587,0.9149509803921568,0.005695379445472
0.28602941176470587,0.9151960784313725,0.005668531106751
0.28651960784313724,0.9151960784313725,0.0056450960939451
0.28651960784313724,0.9156862745098039,0.0054765271055928
0.2867647058823529,0.9156862745098039,0.0054723117190834
0.2867647058823529,0.9161764705882353,0.0054408057759221
0.2870098039215686,0.9161764705882353,0.0053797314200177
0.2870098039215686,0.9166666666666666,0.0053700294481643
0.2872549019607843,0.9166666666666666,0.0053154301370386
0.2872549019607843,0.917156862745098,0.0052962335346128
0.2875,0.917156862745098,0.0052621417781073
0.2875,0.9174019607843137,0.0052236723512046
0.2889705882352941,0.9174019607843137,0.0050252669509855
0.2889705882352941,0.9176470588235294,0.0049640185056909
0.28921568627450983,0.9176470588235294,0.0049522274058036
0.28921568627450983,0.9178921568627451,0.0048839498721258
0.2899509803921569,0.9178921568627451,0.0048521883376787
0.2899509803921569,0.9181372549019607,0.0048370510055929
0.29044117647058826,0.9181372549019607,0.00475255374341
0.29044117647058826,0.9183823529411764,0.0047162021834641
0.2916666666666667,0.9183823529411764,0.0044629244223571
0.2916666666666667,0.9188725490196078,0.0044546457542824
0.29191176470588237,0.9188725490196078,0.0044372169574515
0.29191176470588237,0.9196078431372549,0.0043111934010155
0.2933823529411765,0.9196078431372549,0.0041641028290917
0.2933823529411765,0.9198529411764705,0.0041322490880727
0.29411764705882354,0.9198529411764705,0.0040546698281155
0.29411764705882354,0.9200980392156862,0.0039831612942214
0.2946078431372549,0.9200980392156862,0.0039342782307752
0.2946078431372549,0.9203431372549019,0.003932687510439
0.29558823529411765,0.9203431372549019,0.0038347815764031
0.29558823529411765,0.9208333333333333,0.0037809922186678
0.2965686274509804,0.9208333333333333,0.003712825445437
0.2965686274509804,0.921078431372549,0.0037025837960804
0.29754901960784313,0.921078431372549,0.0035944140117099
0.29754901960784313,0.9215686274509803,0.0035143922775387
0.29926470588235293,0.9215686274509803,0.0034587242650016
0.29926470588235293,0.9220588235294118,0.0034313156646875
0.2995098039215686,0.9220588235294118,0.0034080280920889
0.2995098039215686,0.9225490196078432,0.0033952986516243
0.30220588235294116,0.9225490196078432,0.0031533775901019
0.30220588235294116,0.9227941176470589,0.0030965689651854
0.30269607843137253,0.9227941176470589,0.0030555891058218
0.30269607843137253,0.9230392156862746,0.0030488092298649
0.30367647058823527,0.9230392156862746,0.0029766908152207
0.30367647058823527,0.9232843137254902,0.0029452279802135
0.304656862745098,0.9232843137254902,0.0028077362281934
0.304656862745098,0.9235294117647059,0.0027963269519171
0.30661764705882355,0.9235294117647059,0.0026891845744997
0.30661764705882355,0.9237745098039216,0.002663467874322
0.30686274509803924,0.9237745098039216,0.002617845649698
0.30686274509803924,0.9240196078431373,0.0025931587084442
0.3095588235294118,0.9240196078431373,0.0023173567272579
0.3095588235294118,0.924264705882353,0.0023009494940119
0.30980392156862746,0.924264705882353,0.0022912980510139
0.30980392156862746,0.9247549019607844,0.0022484664896677
0.31029411764705883,0.9247549019607844,0.0022038620353675
0.31029411764705883,0.9252450980392157,0.0021502191420395
0.3112745098039216,0.9252450980392157,0.0020945433161866
0.3112745098039216,0.9254901960784314,0.0020830218425607
0.31200980392156863,0.9254901960784314,0.002026521253997
0.31200980392156863,0.9257352941176471,0.0019848697773704
0.3122549019607843,0.9257352941176471,0.0019828742391439
0.3122549019607843,0.9259803921568628,0.0019816284476166
0.3125,0.9259803921568628,0.0019808197765434
0.3125,0.9262254901960785,0.0019715677261916
0.31323529411764706,0.9262254901960785,0.001892039800546
0.31323529411764706,0.9264705882352942,0.0018891911477592
0.31348039215686274,0.9264705882352942,0.0018776188016632
0.31348039215686274,0.9269607843137255,0.0018525172644445
0.31470588235294117,0.9269607843137255,0.0016715006473559
0.31470588235294117,0.9272058823529412,0.0016552405384318
0.31495098039215685,0.9272058823529412,0.001641729075976
0.31495098039215685,0.9276960784313726,0.0016302773121399
0.3174019607843137,0.9276960784313726,0.0015201785767185
0.3174019607843137,0.9279411764705883,0.0015067290156224
0.3176470588235294,0.9279411764705883,0.0014932032000051
0.3176470588235294,0.928186274509804,0.001487443323767
0.31813725490196076,0.928186274509804,0.00144830832873
0.31813725490196076,0.9284313725490196,0.0014479822332021
0.3218137254901961,0.9284313725490196,0.001255294948204
0.3218137254901961,0.9286764705882353,0.0012282209972197
0.32230392156862747,0.9286764705882353,0.0011994013286672
0.32230392156862747,0.928921568627451,0.0011964999513
0.32254901960784316,0.928921568627451,0.0011944388354814
0.32254901960784316,0.9291666666666667,0.0011930880463152
0.3232843137254902,0.9291666666666667,0.0011220033370567
0.3232843137254902,0.9296568627450981,0.0010800242620533
0.3237745098039216,0.9296568627450981,0.0010683586878213
0.3237745098039216,0.9299019607843138,0.0010682263721083
0.32401960784313727,0.9299019607843138,0.0010669040890207
0.32401960784313727,0.9301470588235294,0.0010448872118631
0.32426470588235295,0.9301470588235294,0.0010398446367442
0.32426470588235295,0.9306372549019608,0.0010095148675626
0.325,0.9306372549019608,0.0009850431375144
0.325,0.9308823529411765,0.0009735621092601
0.3264705882352941,0.9308823529411765,0.0008640578872583
0.3264705882352941,0.9321078431372549,0.000827775997478
0.32745098039215687,0.9321078431372549,0.0007972814912361
0.32745098039215687,0.9323529411764706,0.0007890955417214
0.32794117647058824,0.9323529411764706,0.0007881406310717
0.32794117647058824,0.932843137254902,0.0007782365439877
0.3281862745098039,0.932843137254902,0.0007781873086996
0.3281862745098039,0.9333333333333333,0.0007741351381397
0.3284313725490196,0.9333333333333333,0.0007730299532781
0.3284313725490196,0.933578431372549,0.0007699899707312
0.3301470588235294,0.933578431372549,0.0007411939485689
0.3301470588235294,0.9338235294117647,0.0007407759971511
0.3303921568627451,0.9338235294117647,0.0007141593979868
0.3303921568627451,0.9343137254901961,0.0007109697651844
0.33088235294117646,0.9343137254901961,0.0006930510209385
0.33088235294117646,0.9345588235294118,0.0006925301784565
0.33137254901960783,0.9345588235294118,0.0006771811324675
0.33137254901960783,0.9348039215686275,0.000672831120657
0.3323529411764706,0.9348039215686275,0.0006328091201533
0.3323529411764706,0.9350490196078431,0.0006201794924543
0.3350490196078431,0.9350490196078431,0.000539807911464
0.3350490196078431,0.9352941176470588,0.0005358714197821
0.3352941176470588,0.9352941176470588,0.0005357402864245
0.3352941176470588,0.9355392156862745,0.000534670056463
0.33676470588235297,0.9355392156862745,0.0005186066052703
0.33676470588235297,0.9357843137254902,0.0005171969104011
0.33725490196078434,0.9357843137254902,0.0005079338728317
0.33725490196078434,0.9360294117647059,0.0005064343194209
0.3394607843137255,0.9360294117647059,0.0004758866897697
0.3394607843137255,0.9362745098039216,0.000474983272319
0.34044117647058825,0.9362745098039216,0.0004605809185126
0.34044117647058825,0.9365196078431373,0.0004563154043699
0.34191176470588236,0.9365196078431373,0.000435916652328
0.34191176470588236,0.9367647058823529,0.0004325569947624
0.3428921568627451,0.9367647058823529,0.0004278805871395
0.3428921568627451,0.9370098039215686,0.0004141726049893
0.34387254901960784,0.9370098039215686,0.0004055693627223
0.34387254901960784,0.9372549019607843,0.0004047730431499
0.3446078431372549,0.9372549019607843,0.0003923211572816
0.3446078431372549,0.9375,0.0003870416035546
0.3448529411764706,0.9375,0.000384449056676
0.3448529411764706,0.9377450980392157,0.000382236329115
0.346078431372549,0.9377450980392157,0.0003689037309359
0.346078431372549,0.9379901960784314,0.0003495234524272
0.3463235294117647,0.9379901960784314,0.0003452297820549
0.3463235294117647,0.9382352941176471,0.0003422844077445
0.34681372549019607,0.9382352941176471,0.0003378408323874
0.34681372549019607,0.9384803921568627,0.0003357235554417
0.34705882352941175,0.9384803921568627,0.0003316494648615
0.34705882352941175,0.9387254901960784,0.000325875750136
0.34877450980392155,0.9387254901960784,0.0003060898862276
0.34877450980392155,0.9389705882352941,0.0003041262944431
0.3509803921568627,0.9389705882352941,0.0002917124304109
0.3509803921568627,0.9392156862745098,0.0002916231768046
0.3519607843137255,0.9392156862745098,0.0002873966438903
0.3519607843137255,0.9394607843137255,0.0002852845941332
0.353921568627451,0.9394607843137255,0.0002623216094562
0.353921568627451,0.9397058823529412,0.0002616981721261
0.3541666666666667,0.9397058823529412,0.0002577374777689
0.3541666666666667,0.9399509803921569,0.0002544984276449
0.35661764705882354,0.9399509803921569,0.0002295384894169
0.35661764705882354,0.9401960784313725,0.0002270375427288
0.3568627450980392,0.9401960784313725,0.0002209533721755
0.3568627450980392,0.9404411764705882,0.00022024130189
0.3571078431372549,0.9404411764705882,0.0002201856906985
0.3571078431372549,0.9406862745098039,0.0002198846053339
0.35955882352941176,0.9406862745098039,0.0001985486533793
0.35955882352941176,0.9409313725490196,0.0001911821201419
0.3610294117647059,0.9409313725490196,0.0001747096087634
0.3610294117647059,0.941421568627451,0.0001670023781614
0.36176470588235293,0.941421568627451,0.0001632163398707
0.36176470588235293,0.9419117647058823,0.0001620499109202
0.3637254901960784,0.9419117647058823,0.0001445549671554
0.3637254901960784,0.942156862745098,0.0001433558933638
0.36495098039215684,0.942156862745098,0.0001344852869912
0.36495098039215684,0.9424019607843137,0.0001334253821865
0.36666666666666664,0.9424019607843137,0.0001250804067035
0.36666666666666664,0.9426470588235294,0.0001248589164184
0.3686274509803922,0.9426470588235294,0.0001183841857376
0.3686274509803922,0.9428921568627451,0.0001174737524856
0.3700980392156863,0.9428921568627451,0.000109963139505
0.3700980392156863,0.9431372549019608,0.0001083330257551
0.3732843137254902,0.9431372549019608,9.249028257014616e-05
0.3732843137254902,0.9433823529411764,9.021375233890635e-05
0.37426470588235294,0.9433823529411764,8.930447711079519e-05
0.37426470588235294,0.9436274509803921,8.925741535814628e-05
0.3779411764705882,0.9436274509803921,7.483596226948673e-05
0.3779411764705882,0.9438725490196078,7.398897596336245e-05
0.37941176470588234,0.9438725490196078,7.197111979390157e-05
0.37941176470588234,0.9443627450980392,7.115959994963679e-05
0.3816176470588235,0.9443627450980392,6.634515844434658e-05
0.3816176470588235,0.9446078431372549,6.632032862446757e-05
0.38504901960784316,0.9446078431372549,6.0793889313148274e-05
0.38504901960784316,0.9448529411764706,6.058896416883652e-05
0.3857843137254902,0.9448529411764706,5.875559512664229e-05
0.3857843137254902,0.9450980392156862,5.797526030701185e-05
0.38700980392156864,0.9450980392156862,5.648694600862266e-05
0.38700980392156864,0.9453431372549019,5.481337695849915e-05
0.38823529411764707,0.9453431372549019,5.270483610391712e-05
0.38823529411764707,0.9455882352941176,5.213105789427475e-05
0.3892156862745098,0.9455882352941176,5.0269088248334675e-05
0.3892156862745098,0.9458333333333333,4.958780074239244e-05
0.3906862745098039,0.9458333333333333,4.6111886978852785e-05
0.3906862745098039,0.946078431372549,4.598019365555054e-05
0.39215686274509803,0.946078431372549,4.299810979878105e-05
0.39215686274509803,0.9463235294117647,4.219069878272339e-05
0.39387254901960783,0.9463235294117647,3.9132584189810375e-05
0.39387254901960783,0.9465686274509804,3.798423463583105e-05
0.3948529411764706,0.9465686274509804,3.636088218523449e-05
0.3948529411764706,0.946813725490196,3.624524150380351e-05
0.3987745098039216,0.946813725490196,3.1626336726010524e-05
0.3987745098039216,0.9473039215686274,2.9787403089050597e-05
0.4002450980392157,0.9473039215686274,2.720528555705558e-05
0.4002450980392157,0.9475490196078431,2.70613984959309e-05
0.4007352941176471,0.9475490196078431,2.6767605079193672e-05
0.4007352941176471,0.9477941176470588,2.6391296051223702e-05
0.4034313725490196,0.9477941176470588,2.2495745798421345e-05
0.4034313725490196,0.9480392156862745,2.233103286619321e-05
0.403921568627451,0.9480392156862745,2.1714900327208124e-05
0.403921568627451,0.9485294117647058,2.1592838756344065e-05
0.40588235294117647,0.9485294117647058,2.0238703952959877e-05
0.40588235294117647,0.9487745098039215,2.0165297213378692e-05
0.40661764705882353,0.9487745098039215,1.9881181373790784e-05
0.40661764705882353,0.9492647058823529,1.922638785995845e-05
0.4071078431372549,0.9492647058823529,1.8893158899584693e-05
0.4071078431372549,0.9495098039215686,1.8672975865386983e-05
0.40931372549019607,0.9495098039215686,1.6709938024943353e-05
0.40931372549019607,0.9497549019607843,1.6618758347344094e-05
0.4102941176470588,0.9497549019607843,1.609654293235127e-05
0.4102941176470588,0.95,1.59511220699941e-05
0.4107843137254902,0.95,1.5895466271615315e-05
0.4107843137254902,0.9504901960784313,1.566964127360549e-05
0.41102941176470587,0.9504901960784313,1.5418920285771183e-05
0.41102941176470587,0.9509803921568627,1.4873944499280154e-05
0.4147058823529412,0.9509803921568627,1.2470958299573696e-05
0.4147058823529412,0.9512254901960784,1.24701797987212e-05
0.4149509803921569,0.9512254901960784,1.2311252394056307e-05
0.4149509803921569,0.9517156862745098,1.210721915080907e-05
0.41593137254901963,0.9517156862745098,1.20251174305024e-05
0.41593137254901963,0.9519607843137254,1.198340999465713e-05
0.4161764705882353,0.9519607843137254,1.193043956597814e-05
0.4161764705882353,0.9526960784313725,1.1711277813718204e-05
0.4166666666666667,0.9526960784313725,1.170718639909794e-05
0.4166666666666667,0.9529411764705882,1.169320620800534e-05
0.4196078431372549,0.9529411764705882,9.87209702705556e-06
0.4196078431372549,0.953186274509804,9.4466856791903e-06
0.42034313725490197,0.953186274509804,9.099886252003588e-06
0.42034313725490197,0.9534313725490197,9.028078094601895e-06
0.4218137254901961,0.9534313725490197,8.43224640000338e-06
0.4218137254901961,0.9536764705882353,8.396599828001614e-06
0.4227941176470588,0.9536764705882353,7.922778229022503e-06
0.4227941176470588,0.953921568627451,7.834643195392263e-06
0.4252450980392157,0.953921568627451,6.921883085733985e-06
0.4252450980392157,0.9541666666666667,6.807555126725639e-06
0.42598039215686273,0.9541666666666667,6.7113594186175274e-06
0.42598039215686273,0.9544117647058824,6.707758196110732e-06
0.42696078431372547,0.9544117647058824,6.51736681954398e-06
0.42696078431372547,0.9546568627450981,6.477907636360756e-06
0.42720588235294116,0.9546568627450981,6.334936789838942e-06
0.42720588235294116,0.9549019607843138,6.30883842075452e-06
0.4281862745098039,0.9549019607843138,5.87940413223672e-06
0.4281862745098039,0.9551470588235295,5.710473219442066e-06
0.42916666666666664,0.9551470588235295,5.485941148605142e-06
0.42916666666666664,0.9553921568627451,5.400807855032773e-06
0.4306372549019608,0.9553921568627451,5.061298481149866e-06
0.4306372549019608,0.9556372549019608,5.05213794797421e-06
0.43186274509803924,0.9556372549019608,4.903343439373859e-06
0.43186274509803924,0.9558823529411765,4.773911308464962e-06
0.4321078431372549,0.9558823529411765,4.738448183728978e-06
0.4321078431372549,0.9561274509803922,4.593310459360809e-06
0.43504901960784315,0.9561274509803922,3.9351210421587015e-06
0.43504901960784315,0.9566176470588236,3.932493820447787e-06
0.4360294117647059,0.9566176470588236,3.7693289332053257e-06
0.4360294117647059,0.9568627450980393,3.730360120384138e-06
0.43651960784313726,0.9568627450980393,3.6355079322400192e-06
0.43651960784313726,0.9571078431372549,3.584287238637524e-06
0.43676470588235294,0.9571078431372549,3.5824503602134603e-06
0.43676470588235294,0.9573529411764706,3.5728654154042763e-06
0.43799019607843137,0.9573529411764706,3.482425077127695e-06
0.43799019607843137,0.957843137254902,3.413410114552184e-06
0.4406862745098039,0.957843137254902,3.019432335061824e-06
0.4406862745098039,0.9580882352941177,2.996816238969905e-06
0.44166666666666665,0.9580882352941177,2.8900735440131153e-06
0.44166666666666665,0.9583333333333334,2.8687631952751383e-06
0.4468137254901961,0.9583333333333334,2.4397536080849635e-06
0.4468137254901961,0.9585784313725491,2.376593241989166e-06
0.45,0.9585784313725491,2.0086230067085112e-06
0.45,0.9588235294117647,1.9922252261031487e-06
0.4504901960784314,0.9588235294117647,1.92868347926971e-06
0.4504901960784314,0.9590686274509804,1.905939621534826e-06
0.4531862745098039,0.9590686274509804,1.7620579411135065e-06
0.4531862745098039,0.9593137254901961,1.741445703517178e-06
0.453921568627451,0.9593137254901961,1.6114871652984598e-06
0.453921568627451,0.9600490196078432,1.5826221122791332e-06
0.45955882352941174,0.9600490196078432,1.2390513325376165e-06
0.45955882352941174,0.9602941176470589,1.2386276837467538e-06
0.4602941176470588,0.9602941176470589,1.2293661655775602e-06
0.4602941176470588,0.9605392156862745,1.228445860854694e-06
0.46078431372549017,0.9605392156862745,1.1776718538817003e-06
0.46078431372549017,0.9607843137254902,1.1305939249138903e-06
0.46200980392156865,0.9607843137254902,1.049476794295038e-06
0.46200980392156865,0.9610294117647059,1.0448084902008216e-06
0.46225490196078434,0.9610294117647059,1.044467641789741e-06
0.46225490196078434,0.9612745098039216,1.0331544828979682e-06
0.4625,0.9612745098039216,1.0327128412751432e-06
0.4625,0.9615196078431373,1.026832345762359e-06
0.46544117647058825,0.9615196078431373,9.548092964246286e-07
0.46544117647058825,0.961764705882353,9.291695580758924e-07
0.47009803921568627,0.961764705882353,7.24770626792617e-07
0.47009803921568627,0.9620098039215687,7.231649859985035e-07
0.4745098039215686,0.9620098039215687,5.96775548761699e-07
0.4745098039215686,0.9622549019607843,5.88807228101496e-07
0.47549019607843135,0.9622549019607843,5.690848052323721e-07
0.47549019607843135,0.9625,5.627297932903799e-07
0.4774509803921569,0.9625,5.287967995318451e-07
0.4774509803921569,0.9627450980392157,5.146065388597815e-07
0.47843137254901963,0.9627450980392157,4.906398333871637e-07
0.47843137254901963,0.9629901960784314,4.778551015658618e-07
0.4791666666666667,0.9629901960784314,4.603464818001001e-07
0.4791666666666667,0.9632352941176471,4.446860753298179e-07
0.48112745098039217,0.9632352941176471,3.945670459444261e-07
0.48112745098039217,0.9634803921568628,3.910143885026752e-07
0.48333333333333334,0.9634803921568628,3.524163076630434e-07
0.48333333333333334,0.9637254901960784,3.517414727968969e-07
0.48455882352941176,0.9637254901960784,3.248388387679618e-07
0.48455882352941176,0.9639705882352941,3.1260625266437744e-07
0.48480392156862745,0.9639705882352941,3.118792710903559e-07
0.48480392156862745,0.9642156862745098,3.102159101214307e-07
0.4889705882352941,0.9642156862745098,2.413880978571974e-07
0.4889705882352941,0.9644607843137255,2.411957903459577e-07
0.48946078431372547,0.9644607843137255,2.388987609457435e-07
0.48946078431372547,0.9647058823529412,2.3295774493732747e-07
0.4904411764705882,0.9647058823529412,2.1929472850455746e-07
0.4904411764705882,0.9649509803921569,2.1805354150042998e-07
0.4909313725490196,0.9649509803921569,2.1458841525446705e-07
0.4909313725490196,0.9651960784313726,2.086673853263305e-07
0.49436274509803924,0.9651960784313726,1.7028205710557361e-07
0.49436274509803924,0.9654411764705882,1.6825622025699017e-07
0.4948529411764706,0.9654411764705882,1.6012520606522494e-07
0.4948529411764706,0.9656862745098039,1.5886029061754742e-07
0.4987745098039216,0.9656862745098039,1.1758821181886657e-07
0.4987745098039216,0.9659313725490196,1.1305868802928233e-07
0.5007352941176471,0.9659313725490196,1.0423964883267695e-07
0.5007352941176471,0.9661764705882353,1.0274412726573537e-07
0.5009803921568627,0.9661764705882353,1.0140225161364905e-07
0.5009803921568627,0.966421568627451,1.0099340485120574e-07
0.5051470588235294,0.966421568627451,8.020193677603729e-08
0.5051470588235294,0.9666666666666667,7.958904566766233e-08
0.5080882352941176,0.9666666666666667,6.683937326870316e-08
0.5080882352941176,0.9669117647058824,6.644434861877467e-08
0.5117647058823529,0.9669117647058824,5.943880777053818e-08
0.5117647058823529,0.967156862745098,5.90677211868063e-08
0.5139705882352941,0.967156862745098,5.2940605169495e-08
0.5139705882352941,0.9674019607843137,5.2823977754989556e-08
0.5144607843137254,0.9674019607843137,5.159660912023459e-08
0.5144607843137254,0.9676470588235294,5.118263370791714e-08
0.5169117647058824,0.9676470588235294,4.4785857846604354e-08
0.5169117647058824,0.9678921568627451,4.455853173801053e-08
0.5174019607843138,0.9678921568627451,4.2160786111866934e-08
0.5174019607843138,0.9681372549019608,4.1530249467346616e-08
0.5186274509803922,0.9681372549019608,3.890126685829428e-08
0.5186274509803922,0.9683823529411765,3.8223794919648386e-08
0.5213235294117647,0.9683823529411765,3.2188675395013216e-08
0.5213235294117647,0.9686274509803922,3.1846207980484076e-08
0.5245098039215687,0.9686274509803922,2.7463584852069412e-08
0.5245098039215687,0.9688725490196078,2.6871197271386464e-08
0.5247549019607843,0.9688725490196078,2.6573347088272093e-08
0.5247549019607843,0.9696078431372549,2.5436420243919997e-08
0.5313725490196078,0.9696078431372549,1.474482139448438e-08
0.5313725490196078,0.9698529411764706,1.4488772697154972e-08
0.5350490196078431,0.9698529411764706,1.1846424167865137e-08
0.5350490196078431,0.9700980392156863,1.1404345916542656e-08
0.5352941176470588,0.9700980392156863,1.134666473376953e-08
0.5352941176470588,0.970343137254902,1.125506294718359e-08
0.538235294117647,0.970343137254902,9.448239355602286e-09
0.538235294117647,0.9705882352941176,9.385831255971151e-09
0.5463235294117647,0.9705882352941176,5.459537086765176e-09
0.5463235294117647,0.9708333333333333,5.392854810263187e-09
0.546813725490196,0.9708333333333333,5.25161962935872e-09
0.546813725490196,0.971078431372549,5.188503090693379e-09
0.5480392156862746,0.971078431372549,4.940117941930742e-09
0.5480392156862746,0.9713235294117647,4.935568097756986e-09
0.5509803921568628,0.9713235294117647,4.467598581652374e-09
0.5509803921568628,0.9715686274509804,4.422308377823911e-09
0.5512254901960785,0.9715686274509804,4.381736636812491e-09
0.5512254901960785,0.9720588235294118,4.156209323824033e-09
0.553186274509804,0.9720588235294118,3.730410621860275e-09
0.553186274509804,0.9723039215686274,3.6643269962651333e-09
0.5544117647058824,0.9723039215686274,3.307729596794346e-09
0.5544117647058824,0.9725490196078431,3.2605178892383752e-09
0.5553921568627451,0.9725490196078431,3.1217694361958113e-09
0.5553921568627451,0.9727941176470588,3.072373595258998e-09
0.5573529411764706,0.9727941176470588,2.6535746586798723e-09
0.5573529411764706,0.9730392156862745,2.615858596733927e-09
0.5600490196078431,0.9730392156862745,1.9028751477288462e-09
0.5600490196078431,0.9735294117647059,1.8688205213679342e-09
0.5617647058823529,0.9735294117647059,1.5749746427005631e-09
0.5617647058823529,0.9737745098039216,1.569366690121432e-09
0.5627450980392157,0.9737745098039216,1.484674185191231e-09
0.5627450980392157,0.9742647058823529,1.409899329526625e-09
0.5683823529411764,0.9742647058823529,8.2416340564031e-10
0.5683823529411764,0.9745098039215686,8.231258129902933e-10
0.5705882352941176,0.9745098039215686,6.655897673136795e-10
0.5705882352941176,0.9747549019607843,6.52271304583328e-10
0.5794117647058824,0.9747549019607843,3.1443008051499144e-10
0.5794117647058824,0.975,3.1211590247243095e-10
0.5796568627450981,0.975,2.947018980931718e-10
0.5796568627450981,0.9752450980392157,2.9338665836748727e-10
0.5875,0.9752450980392157,1.6463605049618167e-10
0.5875,0.9754901960784313,1.6173032596791528e-10
0.5877450980392157,0.9754901960784313,1.5468463983658938e-10
0.5877450980392157,0.9759803921568627,1.461878400998372e-10
0.5882352941176471,0.9759803921568627,1.4542881404402179e-10
0.5882352941176471,0.9762254901960784,1.429831967354093e-10
0.5928921568627451,0.9762254901960784,9.534561427828932e-11
0.5928921568627451,0.9764705882352941,8.790415440614132e-11
0.5995098039215686,0.9764705882352941,5.1942742071259597e-11
0.5995098039215686,0.9767156862745098,4.9308015825762515e-11
0.6004901960784313,0.9767156862745098,4.374612842796056e-11
0.6004901960784313,0.9769607843137255,4.3542438740897304e-11
0.6039215686274509,0.9769607843137255,2.8416142177523955e-11
0.6039215686274509,0.9772058823529411,2.8291881331908324e-11
0.6049019607843137,0.9772058823529411,2.5420148727962934e-11
0.6049019607843137,0.9774509803921568,2.5131464653232488e-11
0.6066176470588235,0.9774509803921568,1.9682094832066756e-11
0.6066176470588235,0.9776960784313725,1.8240988099508928e-11
0.6068627450980392,0.9776960784313725,1.7772089938756557e-11
0.6068627450980392,0.9779411764705882,1.751585629224945e-11
0.6181372549019608,0.9779411764705882,8.010829615679644e-12
0.6181372549019608,0.9781862745098039,7.565902757210355e-12
0.6188725490196079,0.9781862745098039,7.1604626314759815e-12
0.6188725490196079,0.9784313725490196,7.089261236925073e-12
0.6308823529411764,0.9784313725490196,2.081913285537523e-12
0.6308823529411764,0.9786764705882353,2.04988854828393e-12
0.6318627450980392,0.9786764705882353,1.9219306045830362e-12
0.6318627450980392,0.9789215686274509,1.8983041266620034e-12
0.638235294117647,0.9789215686274509,8.557642855395599e-13
0.638235294117647,0.9791666666666666,8.144747849805057e-13
0.6384803921568627,0.9791666666666666,8.07346219312538e-13
0.6384803921568627,0.9794117647058823,8.061389135602144e-13
0.640686274509804,0.9794117647058823,7.109289888667743e-13
0.640686274509804,0.979656862745098,7.071007169184467e-13
0.6416666666666667,0.979656862745098,6.229772567515169e-13
0.6416666666666667,0.9799019607843137,6.098566244349429e-13
0.6441176470588236,0.9799019607843137,4.503577898066146e-13
0.6441176470588236,0.9801470588235294,4.453282164536771e-13
0.6460784313725491,0.9801470588235294,3.6020906864809594e-13
0.6460784313725491,0.9803921568627451,3.4477782021585363e-13
0.6507352941176471,0.9803921568627451,1.5204476302934144e-13
0.6507352941176471,0.9806372549019607,1.5131907158481354e-13
0.6526960784313726,0.9806372549019607,1.2482235898878381e-13
0.6526960784313726,0.9808823529411764,1.2151384920473625e-13
0.6529411764705882,0.9808823529411764,1.1957595852002934e-13
0.6529411764705882,0.9811274509803921,1.1790451230625913e-13
0.6541666666666667,0.9811274509803921,1.1099284450330817e-13
0.6541666666666667,0.9813725490196078,1.0904821154678225e-13
0.6551470588235294,0.9813725490196078,1.0043081828358965e-13
0.6551470588235294,0.9816176470588235,9.875926425111883e-14
0.6590686274509804,0.9816176470588235,5.2814637296892865e-14
0.6590686274509804,0.9818627450980392,5.0477323690967803e-14
0.6612745098039216,0.9818627450980392,3.9717179417777596e-14
0.6612745098039216,0.9821078431372549,3.7431815156565684e-14
0.6615196078431372,0.9821078431372549,3.5288356157465314e-14
0.6615196078431372,0.9825980392156862,3.2490516470211325e-14
0.6647058823529411,0.9825980392156862,2.1798597006959504e-14
0.6647058823529411,0.9828431372549019,2.171308934303255e-14
0.6659313725490196,0.9828431372549019,2.0636683316632383e-14
0.6659313725490196,0.9830882352941176,2.0180781581404217e-14
0.6708333333333333,0.9830882352941176,1.0320154656255461e-14
0.6708333333333333,0.9833333333333333,1.0199619948618584e-14
0.671078431372549,0.9833333333333333,8.736611353094225e-15
0.671078431372549,0.983578431372549,8.733982818205227e-15
0.6735294117647059,0.983578431372549,5.113311909033566e-15
0.6735294117647059,0.9838235294117647,5.024289038994329e-15
0.6764705882352942,0.9838235294117647,3.773002066363135e-15
0.6764705882352942,0.9840686274509803,3.714391491936307e-15
0.6811274509803922,0.9840686274509803,2.45934695663377e-15
0.6811274509803922,0.9845588235294118,2.298685953855368e-15
0.692156862745098,0.9845588235294118,4.2107498279416623e-16
0.692156862745098,0.9848039215686275,4.0787055169098943e-16
0.6946078431372549,0.9848039215686275,3.104886875247214e-16
0.6946078431372549,0.9850490196078432,2.9902663979923245e-16
0.6970588235294117,0.9850490196078432,2.057827324647715e-16
0.6970588235294117,0.9852941176470589,2.0490143013312183e-16
0.7009803921568627,0.9852941176470589,1.2274749938646114e-16
0.7009803921568627,0.9855392156862746,1.1551861955204795e-16
0.7098039215686275,0.9855392156862746,3.189813101680679e-17
0.7098039215686275,0.9857843137254902,3.1498257138618665e-17
0.7159313725490196,0.9857843137254902,1.4268321177136486e-17
0.7159313725490196,0.9860294117647059,1.3327545235176064e-17
0.717156862745098,0.9860294117647059,9.167030288752045e-18
0.717156862745098,0.9862745098039216,8.67520660407254e-18
0.7176470588235294,0.9862745098039216,8.407732977302496e-18
0.7176470588235294,0.9865196078431373,8.391095066889267e-18
0.7196078431372549,0.9865196078431373,6.992248131029105e-18
0.7196078431372549,0.986764705882353,6.944685460862043e-18
0.7269607843137255,0.986764705882353,2.0190124640119346e-18
0.7269607843137255,0.9870098039215687,1.9697878702063458e-18
0.7301470588235294,0.9870098039215687,1.007389968659554e-18
0.7301470588235294,0.9872549019607844,9.900541128923657e-19
0.7330882352941176,0.9872549019607844,4.3028836211644e-19
0.7330882352941176,0.9875,3.6731434571067983e-19
0.7384803921568628,0.9875,1.6022637053446098e-19
0.7384803921568628,0.9877450980392157,1.333549663401875e-19
0.7392156862745098,0.9877450980392157,1.1278757124033946e-19
0.7392156862745098,0.9879901960784314,1.1007848623045784e-19
0.7477941176470588,0.9879901960784314,3.068560203125306e-20
0.7477941176470588,0.9882352941176471,2.6586750919741712e-20
0.7482843137254902,0.9882352941176471,2.58934551190102e-20
0.7482843137254902,0.9884803921568628,2.418862783323112e-20
0.7495098039215686,0.9884803921568628,2.1374198812599255e-20
0.7495098039215686,0.9887254901960785,2.0940563282663594e-20
0.75,0.9887254901960785,1.8419642649964268e-20
0.75,0.9889705882352942,1.6503174218164507e-20
0.7504901960784314,0.9889705882352942,1.5091920344897837e-20
0.7504901960784314,0.9892156862745098,1.453049573022582e-20
0.7595588235294117,0.9892156862745098,2.1459791615638933e-21
0.7595588235294117,0.9894607843137255,2.0173618900280957e-21
0.7620098039215686,0.9894607843137255,1.1763568798438289e-21
0.7620098039215686,0.9897058823529412,1.0424951012362214e-21
0.7629901960784313,0.9897058823529412,8.739492844634186e-22
0.7629901960784313,0.9899509803921569,8.000616572543442e-22
0.7661764705882353,0.9899509803921569,5.216700074500391e-22
0.7661764705882353,0.9901960784313726,4.838836119073058e-22
0.7752450980392157,0.9901960784313726,4.320586552750646e-23
0.7752450980392157,0.9904411764705883,4.189488566282285e-23
0.7772058823529412,0.9904411764705883,2.6172521938905608e-23
0.7772058823529412,0.990686274509804,2.6057017206174905e-23
0.7784313725490196,0.990686274509804,2.2768132414184922e-23
0.7784313725490196,0.9911764705882353,2.0153046181243008e-23
0.7818627450980392,0.9911764705882353,4.9314663432118665e-24
0.7818627450980392,0.991421568627451,4.7096476652411216e-24
0.7821078431372549,0.991421568627451,4.6674351576143904e-24
0.7821078431372549,0.9916666666666667,4.111205137950123e-24
0.7823529411764706,0.9916666666666667,3.552634228555699e-24
0.7823529411764706,0.9919117647058824,3.4729493771142304e-24
0.788235294117647,0.9919117647058824,5.3077554844809285e-25
0.788235294117647,0.9921568627450981,5.124731173154453e-25
0.7938725490196078,0.9921568627450981,1.5206633905183925e-25
0.7938725490196078,0.9926470588235294,1.3737203765210274e-25
0.796813725490196,0.9926470588235294,5.862157310589699e-26
0.796813725490196,0.9928921568627451,5.472601168268658e-26
0.799264705882353,0.9928921568627451,3.0319602753628607e-26
0.799264705882353,0.9931372549019608,2.8977289553957155e-26
0.8009803921568628,0.9931372549019608,1.2470305225054063e-26
0.8009803921568628,0.9933823529411765,1.1898479731853823e-26
0.8024509803921569,0.9933823529411765,7.199746652899702e-27
0.8024509803921569,0.9936274509803922,5.876269659860698e-27
0.8061274509803922,0.9936274509803922,1.5307156565808596e-27
0.8061274509803922,0.9941176470588236,1.4253471363038704e-27
0.8095588235294118,0.9941176470588236,5.050644878444542e-28
0.8095588235294118,0.9943627450980392,4.643215825060962e-28
0.8134803921568627,0.9943627450980392,7.439034969140348e-29
0.8134803921568627,0.9946078431372549,7.036915036165756e-29
0.821078431372549,0.9946078431372549,8.669128181015415e-30
0.821078431372549,0.9948529411764706,8.600436834215616e-30
0.8235294117647058,0.9948529411764706,1.4268593138602098e-30
0.8235294117647058,0.9950980392156863,1.0525048985164512e-30
0.8254901960784313,0.9950980392156863,4.743343850952866e-31
0.8254901960784313,0.995343137254902,4.693001668367731e-31
0.8296568627450981,0.995343137254902,7.125778431154502e-32
0.8296568627450981,0.9955882352941177,6.594023886786204e-32
0.8299019607843138,0.9955882352941177,6.271591568546463e-32
0.8299019607843138,0.9958333333333333,6.247109752053949e-32
0.846078431372549,0.9958333333333333,2.1383332687188717e-35
0.846078431372549,0.996078431372549,1.832240360164803e-35
0.8541666666666666,0.996078431372549,5.637226522055588e-37
0.8541666666666666,0.9963235294117647,5.011544571106786e-37
0.8651960784313726,0.9963235294117647,1.0841283988086791e-39
0.8651960784313726,0.9965686274509804,7.569178417692235e-40
0.870343137254902,0.9965686274509804,1.5212992447230778e-41
0.870343137254902,0.9968137254901961,1.3291989394879435e-41
0.8727941176470588,0.9968137254901961,3.807941458636381e-42
0.8727941176470588,0.9970588235294118,3.129380175376583e-42
0.8759803921568627,0.9970588235294118,3.814767086281917e-43
0.8759803921568627,0.9973039215686275,3.704064042474723e-43
0.8921568627450981,0.9973039215686275,2.299299549960974e-47
0.8921568627450981,0.9975490196078431,1.3319696487958644e-47
0.8997549019607843,0.9975490196078431,6.28435790383367e-50
0.8997549019607843,0.9977941176470588,4.2098041664292553e-50
0.9,0.9977941176470588,3.0349683260561316e-50
0.9,0.9980392156862745,2.9737430916378282e-50
0.9004901960784314,0.9980392156862745,2.3891287963161016e-50
0.9004901960784314,0.9982843137254902,2.0622670542519718e-50
0.9053921568627451,0.9982843137254902,4.216523018897468e-52
0.9053921568627451,0.9985294117647059,3.251656417125096e-52
0.9227941176470589,0.9985294117647059,1.8813039026608488e-62
0.9227941176470589,0.9990196078431373,1.2870640761700635e-62
0.928186274509804,0.9990196078431373,3.6244641905233083e-66
0.928186274509804,0.9992647058823529,1.325179626910991e-66
0.933578431372549,0.9992647058823529,5.480822391055485e-69
0.933578431372549,0.9995098039215686,4.1889437285572227e-69
0.9357843137254902,0.9995098039215686,3.882391391690005e-70
0.9357843137254902,0.9997549019607843,3.2364643424413776e-70
0.9723039215686274,0.9997549019607843,3.224211418363612e-117
0.9723039215686274,1.0,7.161351098021232e-118
0.9980392156862745,1.0,1.6269265651806723e-302
1.0,1.0,0.0
