TP,FP,TN,FN,EER,EER_threshold,accuracy,precision,recall,f1
5431,4689,5511,4769,0.46362745098039215,0.765,0.5363725490196078,0.5366600790513834,0.5324509803921569,0.5345472440944882
