precision,recall
0.5,1.0
0.5004906771344455,1.0
0.5005520794994479,1.0
0.5006134969325153,1.0
0.500674929439195,1.0
0.5007363770250368,1.0
0.5007978396955934,1.0
0.5008593174564203,1.0
0.5009208103130756,1.0
0.5009823182711198,1.0
0.5010438413361169,1.0
0.501105379513633,1.0
0.5011669328092372,1.0
0.5012285012285013,1.0
0.5012900847769997,1.0
0.5013516834603097,1.0
0.5014132972840113,1.0
0.5014749262536873,1.0
0.5015365703749232,1.0
0.5015982296533071,1.0
0.5016599040944301,1.0
0.5017215937038859,1.0
0.501783298487271,1.0
0.5018450184501845,1.0
0.5019067535982286,1.0
0.5019685039370079,1.0
0.5020302694721299,1.0
0.502092050209205,1.0
0.5021538461538462,1.0
0.5022156573116692,1.0
0.5022774836882925,1.0
0.5023393252893376,1.0
0.5024011821204285,1.0
0.5024630541871922,1.0
0.5025249414952581,1.0
0.5025868440502587,1.0
0.5026487618578293,1.0
0.5027106949236076,1.0
0.5027726432532348,1.0
0.5028346068523539,1.0
0.5028965857266116,1.0
0.5029585798816568,1.0
0.5030205893231414,1.0
0.5030826140567201,1.0
0.5031446540880503,1.0
0.5032067094227923,1.0
0.5032687800666091,1.0
0.5033308660251665,1.0
0.5033929673041333,1.0
0.5034550839091807,1.0
0.503517215845983,1.0
0.5035793631202172,1.0
0.5036415257375633,1.0
0.5037037037037037,1.0
0.503765897024324,1.0
0.5038281057051124,1.0
0.50389032975176,1.0
0.5039525691699605,1.0
0.5040148239654108,1.0
0.5040770941438102,1.0
0.5041393797108612,1.0
0.5042016806722689,1.0
0.5042639970337411,1.0
0.5043263288009888,1.0
0.5043886759797256,1.0
0.5044510385756676,1.0
0.5045134165945344,1.0
0.504575810042048,1.0
0.5046382189239332,1.0
0.5047006432459179,1.0
0.5047630830137325,1.0
0.5048255382331106,1.0
0.5048880089097884,1.0
0.504950495049505,1.0
0.5050129966580023,1.0
0.505075513741025,1.0
0.5051380463043209,1.0
0.5052005943536404,1.0
0.5052631578947369,1.0
0.5053257369333664,1.0
0.5053883314752879,1.0
0.5054509415262636,1.0
0.505513567092058,1.0
0.5055762081784386,1.0
0.5056388647911761,1.0
0.5057015369360436,1.0
0.5057642246188174,1.0
0.5058269278452765,1.0
0.5058896466212027,1.0
0.5059523809523809,1.0
0.5060151308445988,1.0
0.5060778963036467,1.0
0.5061406773353182,1.0
0.5062034739454094,1.0
0.5062662861397196,1.0
0.5063291139240507,1.0
0.5063919573042075,1.0
0.506454816285998,1.0
0.5065176908752328,1.0
0.5065805810777253,1.0
0.5066434868992922,1.0
0.5067064083457526,1.0
0.5067693454229288,1.0
0.506832298136646,1.0
0.506895266492732,1.0
0.5069582504970179,1.0
0.5070212501553374,1.0
0.5069599801143425,0.9997549019607843
0.5070229956494717,0.9997549019607843
0.5070860268523123,0.9997549019607843
0.5071490737287082,0.9997549019607843
0.5072121362845063,0.9997549019607843
0.5072752145255566,0.9997549019607843
0.5073383084577114,0.9997549019607843
0.5074014180868267,0.9997549019607843
0.5074645434187609,0.9997549019607843
0.5075276844593754,0.9997549019607843
0.5075908412145346,0.9997549019607843
0.5076540136901058,0.9997549019607843
0.5077172018919591,0.9997549019607843
0.5077804058259678,0.9997549019607843
0.507843625498008,0.9997549019607843
0.5079068609139584,0.9997549019607843
0.5079701120797011,0.9997549019607843
0.5080333790011209,0.9997549019607843
0.5080966616841056,0.9997549019607843
0.5081599601345459,0.9997549019607843
0.5082232743583354,0.9997549019607843
0.5082866043613707,0.9997549019607843
0.5083499501495513,0.9997549019607843
0.5084133117287798,0.9997549019607843
0.5084766891049614,0.9997549019607843
0.5085400822840045,0.9997549019607843
0.5086034912718205,0.9997549019607843
0.5086669160743235,0.9997549019607843
0.5087303566974308,0.9997549019607843
0.5087938131470625,0.9997549019607843
0.5088572854291418,0.9997549019607843
0.5089207735495945,0.9997549019607843
0.5089842775143499,0.9997549019607843
0.5090477973293398,0.9997549019607843
0.5091113330004993,0.9997549019607843
0.509174884533766,0.9997549019607843
0.5092384519350811,0.9997549019607843
0.5093020352103883,0.9997549019607843
0.5093656343656343,0.9997549019607843
0.509429249406769,0.9997549019607843
0.5094928803397452,0.9997549019607843
0.5095565271705185,0.9997549019607843
0.5096201899050474,0.9997549019607843
0.509683868549294,0.9997549019607843
0.5097475631092226,0.9997549019607843
0.5098112735908011,0.9997549019607843
0.509875,0.9997549019607843
0.5099387423427928,0.9997549019607843
0.5100025006251563,0.9997549019607843
0.5100662748530699,0.9997549019607843
0.5101300650325162,0.9997549019607843
0.5101938711694809,0.9997549019607843
0.5102576932699525,0.9997549019607843
0.5103215313399224,0.9997549019607843
0.5103853853853854,0.9997549019607843
0.5104492554123389,0.9997549019607843
0.5105131414267835,0.9997549019607843
0.5105770434347228,0.9997549019607843
0.5106409614421632,0.9997549019607843
0.5107048954551145,0.9997549019607843
0.5107688454795892,0.9997549019607843
0.510832811521603,0.9997549019607843
0.5108967935871743,0.9997549019607843
0.5109607916823249,0.9997549019607843
0.5110248058130794,0.9997549019607843
0.5110888359854655,0.9997549019607843
0.5111528822055138,0.9997549019607843
0.511216944479258,0.9997549019607843
0.511281022812735,0.9997549019607843
0.5113451172119845,0.9997549019607843
0.5114092276830492,0.9997549019607843
0.5114733542319749,0.9997549019607843
0.5115374968648106,0.9997549019607843
0.5116016555876082,0.9997549019607843
0.5116658304064224,0.9997549019607843
0.5117300213273115,0.9997549019607843
0.5117942283563363,0.9997549019607843
0.5118584514995608,0.9997549019607843
0.5119226907630522,0.9997549019607843
0.5119869461528807,0.9997549019607843
0.5120512176751193,0.9997549019607843
0.5121155053358443,0.9997549019607843
0.5121798091411351,0.9997549019607843
0.512244129097074,0.9997549019607843
0.5123084652097463,0.9997549019607843
0.5123728174852406,0.9997549019607843
0.5124371859296483,0.9997549019607843
0.512501570549064,0.9997549019607843
0.5125659713495854,0.9997549019607843
0.512630388337313,0.9997549019607843
0.5126948215183509,0.9997549019607843
0.5127592708988058,0.9997549019607843
0.5128237364847875,0.9997549019607843
0.5128882182824092,0.9997549019607843
0.5129527162977867,0.9997549019607843
0.5130172305370394,0.9997549019607843
0.5130817610062893,0.9997549019607843
0.5131463077116618,0.9997549019607843
0.5132108706592854,0.9997549019607843
0.5132754498552913,0.9997549019607843
0.5133400453058142,0.9997549019607843
0.5134046570169918,0.9997549019607843
0.5134692849949648,0.9997549019607843
0.5135339292458768,0.9997549019607843
0.5135985897758751,0.9997549019607843
0.5136632665911094,0.9997549019607843
0.513727959697733,0.9997549019607843
0.513792669101902,0.9997549019607843
0.5138573948097758,0.9997549019607843
0.5139221368275166,0.9997549019607843
0.5139868951612904,0.9997549019607843
0.5140516698172652,0.9997549019607843
0.5141164608016133,0.9997549019607843
0.5141812681205092,0.9997549019607843
0.5142460917801311,0.9997549019607843
0.51431093178666,0.9997549019607843
0.5143757881462799,0.9997549019607843
0.5144406608651785,0.9997549019607843
0.5145055499495459,0.9997549019607843
0.5145704554055759,0.9997549019607843
0.5146353772394651,0.9997549019607843
0.5147003154574132,0.9997549019607843
0.5147652700656234,0.9997549019607843
0.5148302410703016,0.9997549019607843
0.5148952284776571,0.9997549019607843
0.5149602322939023,0.9997549019607843
0.5150252525252526,0.9997549019607843
0.5150902891779265,0.9997549019607843
0.515155342258146,0.9997549019607843
0.515220411772136,0.9997549019607843
0.5152854977261243,0.9997549019607843
0.5153506001263424,0.9997549019607843
0.5154157189790245,0.9997549019607843
0.5154808542904082,0.9997549019607843
0.5155460060667341,0.9997549019607843
0.515611174314246,0.9997549019607843
0.5156763590391908,0.9997549019607843
0.5157415602478189,0.9997549019607843
0.5158067779463834,0.9997549019607843
0.5158720121411408,0.9997549019607843
0.5159372628383506,0.9997549019607843
0.5160025300442758,0.9997549019607843
0.5160678137651822,0.9997549019607843
0.516133114007339,0.9997549019607843
0.5161984307770184,0.9997549019607843
0.5162637640804961,0.9997549019607843
0.5163291139240507,0.9997549019607843
0.5163944803139638,0.9997549019607843
0.5164598632565206,0.9997549019607843
0.5165252627580094,0.9997549019607843
0.5164640324214792,0.9995098039215686
0.5165294490183661,0.9995098039215686
0.5165948821890043,0.9995098039215686
0.5166603319396934,0.9995098039215686
0.5167257982767359,0.9995098039215686
0.5167912812064377,0.9995098039215686
0.5168567807351078,0.9995098039215686
0.5169222968690582,0.9995098039215686
0.5169878296146044,0.9995098039215686
0.5170533789780651,0.9995098039215686
0.5169921379660157,0.9992647058823529
0.5170577045022194,0.9992647058823529
0.5171232876712328,0.9992647058823529
0.5171888874793861,0.9992647058823529
0.517254503933012,0.9992647058823529
0.5173201370384469,0.9992647058823529
0.5173857868020305,0.9992647058823529
0.5174514532301053,0.9992647058823529
0.5175171363290175,0.9992647058823529
0.5175828361051161,0.9992647058823529
0.5176485525647537,0.9992647058823529
0.5177142857142857,0.9992647058823529
0.5177800355600711,0.9992647058823529
0.517845802108472,0.9992647058823529
0.5179115853658537,0.9992647058823529
0.5179773853385847,0.9992647058823529
0.5180432020330369,0.9992647058823529
0.5181090354555852,0.9992647058823529
0.518174885612608,0.9992647058823529
0.5182407525104868,0.9992647058823529
0.5183066361556065,0.9992647058823529
0.5183725365543548,0.9992647058823529
0.5184384537131231,0.9992647058823529
0.5183772097163932,0.9990196078431373
0.5184431442381073,0.9990196078431373
0.5185090955349192,0.9990196078431373
0.5185750636132316,0.9990196078431373
0.5186410484794504,0.9990196078431373
0.5187070501399847,0.9990196078431373
0.5187730686012473,0.9990196078431373
0.5188391038696538,0.9990196078431373
0.5189051559516231,0.9990196078431373
0.5189712248535778,0.9990196078431373
0.5190373105819432,0.9990196078431373
0.5191034131431482,0.9990196078431373
0.519169532543625,0.9990196078431373
0.5192356687898089,0.9990196078431373
0.5193018218881387,0.9990196078431373
0.5193679918450561,0.9990196078431373
0.5194341786670065,0.9990196078431373
0.5195003823604385,0.9990196078431373
0.5195666029318037,0.9990196078431373
0.5196328403875574,0.9990196078431373
0.5196990947341579,0.9990196078431373
0.5197653659780668,0.9990196078431373
0.5198316541257493,0.9990196078431373
0.5197704081632653,0.9987745098039216
0.5197091465748183,0.9985294117647059
0.5197754529216637,0.9985294117647059
0.5198417761898686,0.9985294117647059
0.5199081163859112,0.9985294117647059
0.5199744735162731,0.9985294117647059
0.5200408475874394,0.9985294117647059
0.5201072386058981,0.9985294117647059
0.5201736465781409,0.9985294117647059
0.5202400715106628,0.9985294117647059
0.5203065134099617,0.9985294117647059
0.5203729722825393,0.9985294117647059
0.5204394481349004,0.9985294117647059
0.5205059409735531,0.9985294117647059
0.5205724508050089,0.9985294117647059
0.5206389776357827,0.9985294117647059
0.5207055214723927,0.9985294117647059
0.5207720823213601,0.9985294117647059
0.5208386601892099,0.9985294117647059
0.5209052550824703,0.9985294117647059
0.5209718670076726,0.9985294117647059
0.5210384959713519,0.9985294117647059
0.5211051419800461,0.9985294117647059
0.5211718050402968,0.9985294117647059
0.5212384851586489,0.9985294117647059
0.5213051823416507,0.9985294117647059
0.5213718965958536,0.9985294117647059
0.5214386279278126,0.9985294117647059
0.521505376344086,0.9985294117647059
0.5215721418512355,0.9985294117647059
0.5216389244558258,0.9985294117647059
0.5217057241644256,0.9985294117647059
0.5217725409836066,0.9985294117647059
0.5218393749199436,0.9985294117647059
0.5219062259800153,0.9985294117647059
0.5219730941704036,0.9985294117647059
0.5220399794976935,0.9985294117647059
0.5221068819684737,0.9985294117647059
0.522173801589336,0.9985294117647059
0.522240738366876,0.9985294117647059
0.5223076923076924,0.9985294117647059
0.522374663418387,0.9985294117647059
0.5224416517055656,0.9985294117647059
0.5225086571758368,0.9985294117647059
0.5225756798358132,0.9985294117647059
0.5226427196921103,0.9985294117647059
0.5227097767513472,0.9985294117647059
0.5227768510201463,0.9985294117647059
0.5228439425051334,0.9985294117647059
0.522911051212938,0.9985294117647059
0.5229781771501926,0.9985294117647059
0.5230453203235332,0.9985294117647059
0.5231124807395994,0.9985294117647059
0.523179658405034,0.9985294117647059
0.5232468533264835,0.9985294117647059
0.5233140655105973,0.9985294117647059
0.5233812949640287,0.9985294117647059
0.5234485416934344,0.9985294117647059
0.5235158057054742,0.9985294117647059
0.5235830870068114,0.9985294117647059
0.5236503856041131,0.9985294117647059
0.5237177015040494,0.9985294117647059
0.5237850347132939,0.9985294117647059
0.5238523852385238,0.9985294117647059
0.5239197530864198,0.9985294117647059
0.5239871382636656,0.9985294117647059
0.5240545407769488,0.9985294117647059
0.5241219606329602,0.9985294117647059
0.5241893978383942,0.9985294117647059
0.5242568523999486,0.9985294117647059
0.5243243243243243,0.9985294117647059
0.5243918136182263,0.9985294117647059
0.5244593202883625,0.9985294117647059
0.5243980945023818,0.9982843137254902
0.5244656193664692,0.9982843137254902
0.5245331616226658,0.9982843137254902
0.5246007212776919,0.9982843137254902
0.5246682983382713,0.9982843137254902
0.5247358928111312,0.9982843137254902
0.5248035047030022,0.9982843137254902
0.5248711340206186,0.9982843137254902
0.5249387807707179,0.9982843137254902
0.5250064449600412,0.9982843137254902
0.5250741265953333,0.9982843137254902
0.5251418256833419,0.9982843137254902
0.5252095422308188,0.9982843137254902
0.5252772762445189,0.9982843137254902
0.5253450277312008,0.9982843137254902
0.5254127966976264,0.9982843137254902
0.5254805831505612,0.9982843137254902
0.5255483870967742,0.9982843137254902
0.5256162085430378,0.9982843137254902
0.5256840474961281,0.9982843137254902
0.5257519039628243,0.9982843137254902
0.5256906790601601,0.9980392156862745
0.5257585539057457,0.9980392156862745
0.5258264462809917,0.9980392156862745
0.5257652072839984,0.9977941176470588
0.5258331180573496,0.9977941176470588
0.5257718641002455,0.9975490196078431
0.5258397932816538,0.9975490196078431
0.5259077400180902,0.9975490196078431
0.5259757043163609,0.9975490196078431
0.5260436861832751,0.9975490196078431
0.5261116856256464,0.9975490196078431
0.5261797026502909,0.9975490196078431
0.526247737264029,0.9975490196078431
0.5263157894736842,0.9975490196078431
0.5263838592860838,0.9975490196078431
0.5264519467080585,0.9975490196078431
0.5265200517464425,0.9975490196078431
0.5265881744080735,0.9975490196078431
0.526656314699793,0.9975490196078431
0.5267244726284457,0.9975490196078431
0.5267926482008801,0.9975490196078431
0.5268608414239482,0.9975490196078431
0.5269290523045055,0.9975490196078431
0.5269972808494109,0.9975490196078431
0.5270655270655271,0.9975490196078431
0.5271337909597202,0.9975490196078431
0.5272020725388601,0.9975490196078431
0.52727037180982,0.9975490196078431
0.5273386887794765,0.9975490196078431
0.5274070234547104,0.9975490196078431
0.5274753758424053,0.9975490196078431
0.5275437459494491,0.9975490196078431
0.5276121337827326,0.9975490196078431
0.5276805393491508,0.9975490196078431
0.5277489626556017,0.9975490196078431
0.5278174037089871,0.9975490196078431
0.5278858625162127,0.9975490196078431
0.5278246205733558,0.9973039215686275
0.527893098079917,0.9973039215686275
0.5279615933566887,0.9973039215686275
0.5280301064105891,0.9973039215686275
0.5280986372485399,0.9973039215686275
0.5281671858774662,0.9973039215686275
0.528235752304297,0.9973039215686275
0.5283043365359646,0.9973039215686275
0.5283729385794053,0.9973039215686275
0.5284415584415585,0.9973039215686275
0.5285101961293674,0.9973039215686275
0.5285788516497791,0.9973039215686275
0.5286475250097441,0.9973039215686275
0.5287162162162162,0.9973039215686275
0.5287849252761534,0.9973039215686275
0.5288536521965168,0.9973039215686275
0.5289223969842715,0.9973039215686275
0.5289911596463859,0.9973039215686275
0.5290599401898323,0.9973039215686275
0.5291287386215865,0.9973039215686275
0.5291975549486279,0.9973039215686275
0.5292663891779397,0.9973039215686275
0.5293352413165084,0.9973039215686275
0.5294041113713245,0.9973039215686275
0.529472999349382,0.9973039215686275
0.5295419052576783,0.9973039215686275
0.5296108291032149,0.9973039215686275
0.5296797708929967,0.9973039215686275
0.529748730634032,0.9973039215686275
0.5298177083333333,0.9973039215686275
0.5298867039979164,0.9973039215686275
0.5299557176348008,0.9973039215686275
0.5300247492510095,0.9973039215686275
0.5300937988535696,0.9973039215686275
0.5301628664495114,0.9973039215686275
0.5302319520458691,0.9973039215686275
0.5303010556496807,0.9973039215686275
0.5303701772679875,0.9973039215686275
0.5304393169078347,0.9973039215686275
0.5305084745762711,0.9973039215686275
0.5305776502803494,0.9973039215686275
0.5306468440271257,0.9973039215686275
0.5307160558236599,0.9973039215686275
0.5307852856770154,0.9973039215686275
0.5308545335942596,0.9973039215686275
0.5309237995824635,0.9973039215686275
0.5309930836487016,0.9973039215686275
0.5310623858000522,0.9973039215686275
0.5311317060435975,0.9973039215686275
0.531201044386423,0.9973039215686275
0.5312704008356183,0.9973039215686275
0.5313397753982763,0.9973039215686275
0.5314091680814941,0.9973039215686275
0.531478578892372,0.9973039215686275
0.5315480078380144,0.9973039215686275
0.5316174549255291,0.9973039215686275
0.531686920162028,0.9973039215686275
0.5317564035546263,0.9973039215686275
0.531825905110443,0.9973039215686275
0.5318954248366013,0.9973039215686275
0.5319649627402275,0.9973039215686275
0.5320345188284519,0.9973039215686275
0.5321040931084086,0.9973039215686275
0.5321736855872351,0.9973039215686275
0.5322432962720732,0.9973039215686275
0.532312925170068,0.9973039215686275
0.5323825722883685,0.9973039215686275
0.5323213818372153,0.9970588235294118
0.5323910482921084,0.9970588235294118
0.5324607329842932,0.9970588235294118
0.5325304359209321,0.9970588235294118
0.5326001571091908,0.9970588235294118
0.5326698965562393,0.9970588235294118
0.532739654269251,0.9970588235294118
0.5328094302554027,0.9970588235294118
0.5328792245218759,0.9970588235294118
0.5329490370758548,0.9970588235294118
0.5330188679245284,0.9970588235294118
0.5330887170750884,0.9970588235294118
0.5331585845347313,0.9970588235294118
0.5332284703106567,0.9970588235294118
0.5331672784478239,0.9968137254901961
0.5332371836895241,0.9968137254901961
0.533307107264621,0.9968137254901961
0.5333770491803279,0.9968137254901961
0.5334470094438615,0.9968137254901961
0.5335169880624426,0.9968137254901961
0.5335869850432957,0.9968137254901961
0.5336570003936492,0.9968137254901961
0.5337270341207349,0.9968137254901961
0.5337970862317889,0.9968137254901961
0.5338671567340509,0.9968137254901961
0.5338059603518446,0.9965686274509804
0.5338760504201681,0.9965686274509804
0.533946158896914,0.9965686274509804
0.5340162857893355,0.9965686274509804
0.5340864311046893,0.9965686274509804
0.5341565948502365,0.9965686274509804
0.5342267770332414,0.9965686274509804
0.5342969776609724,0.9965686274509804
0.5343671967407018,0.9965686274509804
0.5344374342797056,0.9965686274509804
0.5345076902852636,0.9965686274509804
0.5345779647646595,0.9965686274509804
0.5346482577251808,0.9965686274509804
0.5347185691741189,0.9965686274509804
0.5347888991187689,0.9965686274509804
0.5348592475664299,0.9965686274509804
0.5349296145244047,0.9965686274509804
0.535,0.9965686274509804
0.5350704040005264,0.9965686274509804
0.5351408265332982,0.9965686274509804
0.5352112676056338,0.9965686274509804
0.5352817272248552,0.9965686274509804
0.5352205398288348,0.9963235294117647
0.5352910192257045,0.9963235294117647
0.5353615171868826,0.9963235294117647
0.5354320337197049,0.9963235294117647
0.535502568831511,0.9963235294117647
0.5355731225296443,0.9963235294117647
0.5356436948214521,0.9963235294117647
0.5357142857142857,0.9963235294117647
0.5357848952155002,0.9963235294117647
0.5358555233324546,0.9963235294117647
0.5359261700725115,0.9963235294117647
0.535996835443038,0.9963235294117647
0.5360675194514044,0.9963235294117647
0.5361382221049855,0.9963235294117647
0.5362089434111594,0.9963235294117647
0.5362796833773087,0.9963235294117647
0.5363504420108194,0.9963235294117647
0.5364212193190816,0.9963235294117647
0.5364920153094892,0.9963235294117647
0.5365628299894404,0.9963235294117647
0.5366336633663367,0.9963235294117647
0.5367045154475838,0.9963235294117647
0.5367753862405916,0.9963235294117647
0.5368462757527733,0.9963235294117647
0.5369171839915466,0.9963235294117647
0.5369881109643329,0.9963235294117647
0.5370590566785572,0.9963235294117647
0.5371300211416491,0.9963235294117647
0.5372010043610413,0.9963235294117647
0.5372720063441713,0.9963235294117647
0.5373430270984798,0.9963235294117647
0.537414066631412,0.9963235294117647
0.5374851249504164,0.9963235294117647
0.5375562020629463,0.9963235294117647
0.5376272979764581,0.9963235294117647
0.5376984126984127,0.9963235294117647
0.5377695462362746,0.9963235294117647
0.5378406985975126,0.9963235294117647
0.537911869789599,0.9963235294117647
0.5379830598200106,0.9963235294117647
0.5380542686962276,0.9963235294117647
0.5381254964257347,0.9963235294117647
0.5381967430160202,0.9963235294117647
0.5382680084745762,0.9963235294117647
0.5383392928088995,0.9963235294117647
0.5384105960264901,0.9963235294117647
0.5383494502583124,0.996078431372549
0.5384207737148914,0.996078431372549
0.5384921160726116,0.996078431372549
0.5385634773389876,0.996078431372549
0.5386348575215374,0.996078431372549
0.5387062566277837,0.996078431372549
0.5387776746652525,0.996078431372549
0.5388491116414744,0.996078431372549
0.5389205675639835,0.996078431372549
0.5389920424403183,0.996078431372549
0.539063536278021,0.996078431372549
0.5391350490846378,0.996078431372549
0.5392065808677192,0.996078431372549
0.5392781316348195,0.996078431372549
0.539349701393497,0.996078431372549
0.539421290151314,0.996078431372549
0.539492897915837,0.996078431372549
0.5395645246946362,0.996078431372549
0.5396361704952861,0.996078431372549
0.5397078353253653,0.996078431372549
0.5397795191924558,0.996078431372549
0.5398512221041445,0.996078431372549
0.5399229440680218,0.996078431372549
0.5399946850916821,0.996078431372549
0.5400664451827243,0.996078431372549
0.5401382243487507,0.996078431372549
0.5402100225973681,0.996078431372549
0.5402818399361872,0.996078431372549
0.5403536763728227,0.996078431372549
0.5404255319148936,0.996078431372549
0.5404974065700227,0.996078431372549
0.5405693003458366,0.996078431372549
0.5406412132499667,0.996078431372549
0.5407131452900479,0.996078431372549
0.5406520292747837,0.9958333333333333
0.5407239819004525,0.9958333333333333
0.5407959536802875,0.9958333333333333
0.5408679446219382,0.9958333333333333
0.5409399547330582,0.9958333333333333
0.5410119840213049,0.9958333333333333
0.5410840324943401,0.9958333333333333
0.5411561001598295,0.9958333333333333
0.541228187025443,0.9958333333333333
0.5413002930988543,0.9958333333333333
0.5413724183877415,0.9958333333333333
0.5414445628997868,0.9958333333333333
0.5415167266426762,0.9958333333333333
0.5415889096241002,0.9958333333333333
0.5416611118517531,0.9958333333333333
0.5417333333333333,0.9958333333333333
0.5418055740765435,0.9958333333333333
0.5418778340890904,0.9958333333333333
0.5419501133786848,0.9958333333333333
0.5420224119530416,0.9958333333333333
0.5420947298198799,0.9958333333333333
0.5421670669869229,0.9958333333333333
0.5422394234618978,0.9958333333333333
0.542311799252536,0.9958333333333333
0.5423841943665733,0.9958333333333333
0.542456608811749,0.9958333333333333
0.5425290425958071,0.9958333333333333
0.5426014957264957,0.9958333333333333
0.5426739682115668,0.9958333333333333
0.5427464600587764,0.9958333333333333
0.5428189712758851,0.9958333333333333
0.5428915018706574,0.9958333333333333
0.5429640518508619,0.9958333333333333
0.5430366212242715,0.9958333333333333
0.5431092099986633,0.9958333333333333
0.5431818181818182,0.9958333333333333
0.5432544457815216,0.9958333333333333
0.543327092805563,0.9958333333333333
0.543399759261736,0.9958333333333333
0.5434724451578384,0.9958333333333333
0.5435451505016723,0.9958333333333333
0.5436178753010437,0.9958333333333333
0.5436906195637629,0.9958333333333333
0.5437633832976445,0.9958333333333333
0.5438361665105073,0.9958333333333333
0.5439089692101741,0.9958333333333333
0.5439817914044718,0.9958333333333333
0.5440546331012319,0.9958333333333333
0.5441274943082898,0.9958333333333333
0.5442003750334852,0.9958333333333333
0.5442732752846617,0.9958333333333333
0.5443461950696677,0.9958333333333333
0.5444191343963554,0.9958333333333333
0.5444920932725811,0.9958333333333333
0.5445650717062056,0.9958333333333333
0.5446380697050939,0.9958333333333333
0.5447110872771149,0.9958333333333333
0.5447841244301421,0.9958333333333333
0.5448571811720531,0.9958333333333333
0.5449302575107297,0.9958333333333333
0.5450033534540577,0.9958333333333333
0.5450764690099276,0.9958333333333333
0.5451496041862337,0.9958333333333333
0.5452227589908749,0.9958333333333333
0.5452959334317541,0.9958333333333333
0.5453691275167786,0.9958333333333333
0.5454423412538596,0.9958333333333333
0.5453813104189044,0.9955882352941177
0.5454545454545454,0.9955882352941177
0.5453934998656997,0.995343137254902
0.545466756212223,0.995343137254902
0.5455400322407308,0.995343137254902
0.5456133279591563,0.995343137254902
0.5456866433754367,0.995343137254902
0.5457599784975138,0.995343137254902
0.5458333333333333,0.995343137254902
0.5459067078908455,0.995343137254902
0.5459801021780049,0.995343137254902
0.54605351620277,0.995343137254902
0.5461269499731038,0.995343137254902
0.5462004034969737,0.995343137254902
0.5462738767823514,0.995343137254902
0.5463473698372124,0.995343137254902
0.5464208826695371,0.995343137254902
0.5464944152873099,0.995343137254902
0.5465679676985196,0.995343137254902
0.5466415399111589,0.995343137254902
0.5465805061927841,0.9950980392156863
0.5466540999057493,0.9950980392156863
0.5467277134392674,0.9950980392156863
0.5468013468013468,0.9950980392156863
0.546875,0.9950980392156863
0.546948673043244,0.9950980392156863
0.5470223659390999,0.9950980392156863
0.5470960786955936,0.9950980392156863
0.5471698113207547,0.9950980392156863
0.5471087747674889,0.9948529411764706
0.5471825289835536,0.9948529411764706
0.5472563030875017,0.9948529411764706
0.5473300970873787,0.9948529411764706
0.547403910991234,0.9948529411764706
0.5474777448071216,0.9948529411764706
0.5475515985431,0.9948529411764706
0.5476254722072316,0.9948529411764706
0.5476993658075833,0.9948529411764706
0.5477732793522267,0.9948529411764706
0.5478472128492374,0.9948529411764706
0.5477861771058316,0.9946078431372549
0.5478601323072769,0.9946078431372549
0.5479341074804213,0.9946078431372549
0.5480081026333559,0.9946078431372549
0.5480821177741761,0.9946078431372549
0.5481561529109821,0.9946078431372549
0.5482302080518778,0.9946078431372549
0.5483042832049723,0.9946078431372549
0.5483783783783783,0.9946078431372549
0.5484524935802135,0.9946078431372549
0.5485266288185996,0.9946078431372549
0.5486007841016628,0.9946078431372549
0.5486749594375337,0.9946078431372549
0.5487491548343475,0.9946078431372549
0.5488233703002434,0.9946078431372549
0.5488976058433653,0.9946078431372549
0.5489718614718615,0.9946078431372549
0.5490461371938845,0.9946078431372549
0.5491204330175914,0.9946078431372549
0.5491947489511436,0.9946078431372549
0.5492690850027071,0.9946078431372549
0.5493434411804522,0.9946078431372549
0.5494178174925535,0.9946078431372549
0.5494922139471903,0.9946078431372549
0.5495666305525461,0.9946078431372549
0.5496410673168088,0.9946078431372549
0.5497155242481713,0.9946078431372549
0.5497900013548299,0.9946078431372549
0.5498644986449864,0.9946078431372549
0.5499390161268465,0.9946078431372549
0.5500135538086203,0.9946078431372549
0.5500881116985225,0.9946078431372549
0.550027114967462,0.9943627450980392
0.5501016949152543,0.9943627450980392
0.5501762950908597,0.9943627450980392
0.5502509155025092,0.9943627450980392
0.5503255561584374,0.9943627450980392
0.5504002170668837,0.9943627450980392
0.5504748982360923,0.9943627450980392
0.5505495996743113,0.9943627450980392
0.5506243213897937,0.9943627450980392
0.5506990633907968,0.9943627450980392
0.5507738256855824,0.9943627450980392
0.5508486082824169,0.9943627450980392
0.5509234111895709,0.9943627450980392
0.5509982344153198,0.9943627450980392
0.5510730779679435,0.9943627450980392
0.5511479418557261,0.9943627450980392
0.5512228260869565,0.9943627450980392
0.5511618426416632,0.9941176470588236
0.5512367491166078,0.9941176470588236
0.551311675954873,0.9941176470588236
0.5513866231647635,0.9941176470588236
0.5514615907545887,0.9941176470588236
0.5515365787326625,0.9941176470588236
0.5516115871073032,0.9941176470588236
0.5516866158868335,0.9941176470588236
0.551761665079581,0.9941176470588236
0.5518367346938775,0.9941176470588236
0.5519118247380596,0.9941176470588236
0.5519869352204682,0.9941176470588236
0.5520620661494487,0.9941176470588236
0.5521372175333514,0.9941176470588236
0.552212389380531,0.9941176470588236
0.5521514161220044,0.9938725490196079
0.5520904262562986,0.9936274509803922
0.5521656224461999,0.9936274509803922
0.5522408391227354,0.9936274509803922
0.5523160762942779,0.9936274509803922
0.5523913339692056,0.9936274509803922
0.5524666121559008,0.9936274509803922
0.5525419108627504,0.9936274509803922
0.5526172300981461,0.9936274509803922
0.552692569870484,0.9936274509803922
0.5527679301881647,0.9936274509803922
0.5528433110595936,0.9936274509803922
0.5529187124931806,0.9936274509803922
0.55299413449734,0.9936274509803922
0.5530695770804911,0.9936274509803922
0.5531450402510575,0.9936274509803922
0.5532205240174672,0.9936274509803922
0.5531595468813976,0.9933823529411765
0.5532350532350533,0.9933823529411765
0.5533105802047782,0.9933823529411765
0.553386127799017,0.9933823529411765
0.5534616960262188,0.9933823529411765
0.5535372848948374,0.9933823529411765
0.5536128944133315,0.9933823529411765
0.553551912568306,0.9931372549019608
0.5536275447465501,0.9931372549019608
0.5537031975949713,0.9931372549019608
0.5537788711220446,0.9931372549019608
0.5538545653362493,0.9931372549019608
0.5539302802460697,0.9931372549019608
0.5540060158599945,0.9931372549019608
0.5540817721865171,0.9931372549019608
0.5540207877461707,0.9928921568627451
0.5540965668171248,0.9928921568627451
0.5541723666210671,0.9928921568627451
0.554248187166507,0.9928921568627451
0.5543240284619595,0.9928921568627451
0.5543998905159436,0.9928921568627451
0.5544757733369833,0.9928921568627451
0.5545516769336071,0.9928921568627451
0.5546276013143483,0.9928921568627451
0.5547035464877448,0.9928921568627451
0.554779512462339,0.9928921568627451
0.5547185317079852,0.9926470588235294
0.5547945205479452,0.9926470588235294
0.5548705302096177,0.9926470588235294
0.5549465607015621,0.9926470588235294
0.555022612032342,0.9926470588235294
0.5550986842105263,0.9926470588235294
0.5551747772446881,0.9926470588235294
0.5552508911434055,0.9926470588235294
0.5553270259152612,0.9926470588235294
0.5554031815688426,0.9926470588235294
0.5554793581127417,0.9926470588235294
0.5555555555555556,0.9926470588235294
0.5556317739058856,0.9926470588235294
0.5555708013172338,0.9924019607843138
0.5555098119939619,0.9921568627450981
0.5555860554488059,0.9921568627450981
0.5556623198352779,0.9921568627450981
0.5557386051619989,0.9921568627450981
0.5558149114375944,0.9921568627450981
0.5558912386706949,0.9921568627450981
0.5559675868699354,0.9921568627450981
0.5560439560439561,0.9921568627450981
0.5561203462014013,0.9921568627450981
0.5561967573509206,0.9921568627450981
0.5562731895011681,0.9921568627450981
0.5563496426608027,0.9921568627450981
0.556426116838488,0.9921568627450981
0.5565026120428925,0.9921568627450981
0.5565791282826894,0.9921568627450981
0.5566556655665567,0.9921568627450981
0.556732223903177,0.9921568627450981
0.5568088033012379,0.9921568627450981
0.5568854037694319,0.9921568627450981
0.5569620253164557,0.9921568627450981
0.5570386679510114,0.9921568627450981
0.5571153316818057,0.9921568627450981
0.5571920165175499,0.9921568627450981
0.5572687224669604,0.9921568627450981
0.5572077653862041,0.9919117647058824
0.5572844946295786,0.9919117647058824
0.5573612450075747,0.9919117647058824
0.5574380165289257,0.9919117647058824
0.5575148092023695,0.9919117647058824
0.5575916230366492,0.9919117647058824
0.5576684580405126,0.9919117647058824
0.5577453142227122,0.9919117647058824
0.5578221915920055,0.9919117647058824
0.5578990901571547,0.9919117647058824
0.5579760099269268,0.9919117647058824
0.5580529509100938,0.9919117647058824
0.5581299131154324,0.9919117647058824
0.5582068965517242,0.9919117647058824
0.5582839012277555,0.9919117647058824
0.5583609271523179,0.9919117647058824
0.5584379743342073,0.9919117647058824
0.5585150427822246,0.9919117647058824
0.558592132505176,0.9919117647058824
0.5586692435118719,0.9919117647058824
0.558746375811128,0.9919117647058824
0.5588235294117647,0.9919117647058824
0.5589007043226074,0.9919117647058824
0.5589779005524862,0.9919117647058824
0.5590551181102362,0.9919117647058824
0.5589941972920697,0.9916666666666667
0.5590714384413431,0.9916666666666667
0.5590105030403538,0.991421568627451
0.5590877677954388,0.991421568627451
0.5590268178048107,0.9911764705882353
0.5591041061800083,0.9911764705882353
0.5591814159292036,0.9911764705882353
0.559258747061264,0.9911764705882353
0.5593360995850623,0.9911764705882353
0.5594134735094757,0.9911764705882353
0.5594908688433868,0.9911764705882353
0.5595682855956828,0.9911764705882353
0.559645723775256,0.9911764705882353
0.5597231833910035,0.9911764705882353
0.5598006644518272,0.9911764705882353
0.5598781669666344,0.9911764705882353
0.5599556909443367,0.9911764705882353
0.5600332363938513,0.9911764705882353
0.5601108033240997,0.9911764705882353
0.5600498684028259,0.9909313725490196
0.5599889165973954,0.990686274509804
0.5600665096300402,0.990686274509804
0.5601441241685144,0.990686274509804
0.5602217602217602,0.990686274509804
0.5602994177987247,0.990686274509804
0.5603770969083599,0.990686274509804
0.5603161397670549,0.9904411764705883
0.5603938427402579,0.9904411764705883
0.5604715672676838,0.9904411764705883
0.5605493133583022,0.9904411764705883
0.5606270810210877,0.9904411764705883
0.5607048702650201,0.9904411764705883
0.5607826810990841,0.9904411764705883
0.5608605135322693,0.9904411764705883
0.5609383675735702,0.9904411764705883
0.5608774121893655,0.9901960784313726
0.5609552901971675,0.9901960784313726
0.5610331898347451,0.9901960784313726
0.5611111111111111,0.9901960784313726
0.5611890540352826,0.9901960784313726
0.5612670186162823,0.9901960784313726
0.5613450048631374,0.9901960784313726
0.5614230127848805,0.9901960784313726
0.561501042390549,0.9901960784313726
0.5615790936891855,0.9901960784313726
0.5616571666898373,0.9901960784313726
0.5617352614015573,0.9901960784313726
0.5618133778334029,0.9901960784313726
0.5618915159944368,0.9901960784313726
0.5619696758937265,0.9901960784313726
0.562047857540345,0.9901960784313726
0.5621260609433699,0.9901960784313726
0.5622042861118842,0.9901960784313726
0.5622825330549757,0.9901960784313726
0.5623608017817372,0.9901960784313726
0.5624390923012669,0.9901960784313726
0.5625174046226677,0.9901960784313726
0.5625957387550481,0.9901960784313726
0.5626740947075209,0.9901960784313726
0.5627524724892046,0.9901960784313726
0.5628308721092227,0.9901960784313726
0.5629092935767034,0.9901960784313726
0.5629877369007804,0.9901960784313726
0.5630662020905923,0.9901960784313726
0.5631446891552829,0.9901960784313726
0.5632231981040011,0.9901960784313726
0.5633017289459007,0.9901960784313726
0.5633802816901409,0.9901960784313726
0.5634588563458857,0.9901960784313726
0.5635374529223044,0.9901960784313726
0.5636160714285714,0.9901960784313726
0.5636947118738663,0.9901960784313726
0.5637733742673737,0.9901960784313726
0.5637124912770412,0.9899509803921569
0.5637911781127861,0.9899509803921569
0.5638698869188887,0.9899509803921569
0.5639486177045518,0.9899509803921569
0.5640273704789834,0.9899509803921569
0.5641061452513967,0.9899509803921569
0.5641849420310099,0.9899509803921569
0.5642637608270467,0.9899509803921569
0.5643426016487355,0.9899509803921569
0.5644214645053103,0.9899509803921569
0.5645003494060098,0.9899509803921569
0.5645792563600783,0.9899509803921569
0.564658185376765,0.9899509803921569
0.5647371364653244,0.9899509803921569
0.5646762690532793,0.9897058823529412
0.5647552447552447,0.9897058823529412
0.5648342425514058,0.9897058823529412
0.5649132624510352,0.9897058823529412
0.5649923044634112,0.9897058823529412
0.5649314301707249,0.9894607843137255
0.5650104968509447,0.9894607843137255
0.5650895856662934,0.9894607843137255
0.5651686966260675,0.9894607843137255
0.5652478297395688,0.9894607843137255
0.5653269850161042,0.9894607843137255
0.565406162464986,0.9894607843137255
0.5654853620955316,0.9894607843137255
0.5655645839170637,0.9894607843137255
0.5656438279389099,0.9894607843137255
0.5657230941704036,0.9894607843137255
0.5656622284512964,0.9892156862745098
0.5657415194841604,0.9892156862745098
0.5658208327491939,0.9892156862745098
0.5659001682557487,0.9892156862745098
0.5659795260131819,0.9892156862745098
0.5660589060308555,0.9892156862745098
0.5661383083181372,0.9892156862745098
0.5662177328843996,0.9892156862745098
0.5662971797390206,0.9892156862745098
0.5663766488913836,0.9892156862745098
0.5664561403508772,0.9892156862745098
0.566535654126895,0.9892156862745098
0.5666151902288362,0.9892156862745098
0.566694748666105,0.9892156862745098
0.5667743294481112,0.9892156862745098
0.5668539325842696,0.9892156862745098
0.5669335580840006,0.9892156862745098
0.5670132059567294,0.9892156862745098
0.567092876211887,0.9892156862745098
0.5671725688589095,0.9892156862745098
0.5672522839072383,0.9892156862745098
0.5673320213663199,0.9892156862745098
0.5674117812456067,0.9892156862745098
0.5674915635545557,0.9892156862745098
0.5675713683026298,0.9892156862745098
0.5676511954992968,0.9892156862745098
0.5677310451540301,0.9892156862745098
0.5678109172763084,0.9892156862745098
0.5678908118756156,0.9892156862745098
0.5679707289614411,0.9892156862745098
0.5680506685432793,0.9892156862745098
0.5681306306306306,0.9892156862745098
0.5682106152330001,0.9892156862745098
0.5682906223598986,0.9892156862745098
0.5683706520208421,0.9892156862745098
0.5684507042253522,0.9892156862745098
0.5685307789829553,0.9892156862745098
0.568610876303184,0.9892156862745098
0.568550091587995,0.9889705882352942
0.568630214205186,0.9889705882352942
0.5687103594080338,0.9889705882352942
0.5686495630109952,0.9887254901960785
0.5687297335401099,0.9887254901960785
0.5688099266779469,0.9887254901960785
0.5687491186010436,0.9884803921568628
0.5688293370944993,0.9884803921568628
0.5689095782197772,0.9884803921568628
0.568989841986456,0.9884803921568628
0.5690701284041202,0.9884803921568628
0.5691504374823596,0.9884803921568628
0.56908962597036,0.9882352941176471
0.5691699604743083,0.9882352941176471
0.5692503176620076,0.9882352941176471
0.5691894944930811,0.9879901960784314
0.5692698771359977,0.9879901960784314
0.5693502824858757,0.9879901960784314
0.5694307105523378,0.9879901960784314
0.5695111613450127,0.9879901960784314
0.569591634873534,0.9879901960784314
0.569672131147541,0.9879901960784314
0.5697526501766784,0.9879901960784314
0.5698331919705966,0.9879901960784314
0.5699137565389509,0.9879901960784314
0.5699943438914027,0.9879901960784314
0.5700749540376184,0.9879901960784314
0.5701555869872702,0.9879901960784314
0.5702362427500354,0.9879901960784314
0.5703169213355971,0.9879901960784314
0.5703976227536437,0.9879901960784314
0.5704783470138692,0.9879901960784314
0.570559094125973,0.9879901960784314
0.5706398640996603,0.9879901960784314
0.5707206569446411,0.9879901960784314
0.5708014726706315,0.9879901960784314
0.5708823112873531,0.9879901960784314
0.5709631728045326,0.9879901960784314
0.5710440572319025,0.9879901960784314
0.5711249645792009,0.9879901960784314
0.5712058948561711,0.9879901960784314
0.5712868480725624,0.9879901960784314
0.571367824238129,0.9879901960784314
0.5714488233626311,0.9879901960784314
0.5715298454558344,0.9879901960784314
0.5716108905275099,0.9879901960784314
0.5716919585874344,0.9879901960784314
0.5717730496453901,0.9879901960784314
0.5718541637111647,0.9879901960784314
0.5719353007945517,0.9879901960784314
0.5720164609053497,0.9879901960784314
0.5719557195571956,0.9877450980392157
0.5720369056068133,0.9877450980392157
0.5721181147075525,0.9877450980392157
0.5721993468692319,0.9877450980392157
0.5721385969894917,0.9875
0.5722198551342139,0.9875
0.5723011363636363,0.9875
0.5723824406875977,0.9875
0.572463768115942,0.9875
0.5725451186585192,0.9875
0.5726264923251848,0.9875
0.5727078891257996,0.9875
0.5727893090702303,0.9875
0.5728707521683493,0.9875
0.5729522184300341,0.9875
0.5730337078651685,0.9875
0.5731152204836415,0.9875
0.5731967562953478,0.9875
0.5732783153101878,0.9875
0.5733598975380675,0.9875
0.5734415029888984,0.9875
0.5735231316725978,0.9875
0.5736047835990888,0.9875
0.5736864587782998,0.9875
0.5737681572201652,0.9875
0.5738498789346247,0.9875
0.5739316239316239,0.9875
0.5738709217837299,0.9872549019607844
0.5739526930749501,0.9872549019607844
0.5740344876727946,0.9872549019607844
0.5741163055872291,0.9872549019607844
0.5741981468282252,0.9872549019607844
0.5742800114057599,0.9872549019607844
0.5743618993298161,0.9872549019607844
0.5744438106103822,0.9872549019607844
0.5745257452574526,0.9872549019607844
0.5746077032810271,0.9872549019607844
0.5746896846911115,0.9872549019607844
0.5747716894977168,0.9872549019607844
0.5748537177108606,0.9872549019607844
0.5747930345418213,0.9870098039215687
0.5748750892219843,0.9870098039215687
0.5749571673329525,0.9870098039215687
0.5750392688847636,0.9870098039215687
0.5751213938874608,0.9870098039215687
0.5752035423510927,0.9870098039215687
0.5752857142857143,0.9870098039215687
0.575367909701386,0.9870098039215687
0.5754501286081738,0.9870098039215687
0.5755323710161497,0.9870098039215687
0.5756146369353916,0.9870098039215687
0.5756969263759828,0.9870098039215687
0.5757792393480126,0.9870098039215687
0.5758615758615758,0.9870098039215687
0.5758009153318078,0.986764705882353
0.5758832785009298,0.986764705882353
0.5759656652360515,0.986764705882353
0.5760480755472887,0.986764705882353
0.5761305094447624,0.986764705882353
0.5762129669386002,0.986764705882353
0.5762954480389351,0.986764705882353
0.5763779527559055,0.986764705882353
0.5764604810996563,0.986764705882353
0.5765430330803379,0.986764705882353
0.5766256087081065,0.986764705882353
0.5767082079931242,0.986764705882353
0.5767908309455587,0.986764705882353
0.5768734775755839,0.986764705882353
0.5769561478933792,0.986764705882353
0.57703884190913,0.986764705882353
0.5771215596330275,0.986764705882353
0.5772043010752688,0.986764705882353
0.5772870662460567,0.986764705882353
0.5773698551556001,0.986764705882353
0.5774526678141136,0.986764705882353
0.5775355042318175,0.986764705882353
0.5776183644189383,0.986764705882353
0.5777012483857081,0.986764705882353
0.5777841561423651,0.986764705882353
0.5778670876991532,0.986764705882353
0.5779500430663221,0.986764705882353
0.5780330222541278,0.986764705882353
0.5781160252728317,0.986764705882353
0.5781990521327014,0.986764705882353
0.5782821028440104,0.986764705882353
0.5782215198965666,0.9865196078431373
0.5783045977011494,0.9865196078431373
0.5783876993820951,0.9865196078431373
0.5784708249496981,0.9865196078431373
0.578553974414259,0.9865196078431373
0.578637147786084,0.9865196078431373
0.5787203450754853,0.9865196078431373
0.5788035662927812,0.9865196078431373
0.5788868114482957,0.9865196078431373
0.5788262370540852,0.9862745098039216
0.5789095094231046,0.9862745098039216
0.5789928057553957,0.9862745098039216
0.578932220463376,0.9860294117647059
0.5790155440414507,0.9860294117647059
0.5790988916078883,0.9860294117647059
0.5791822631730492,0.9860294117647059
0.5792656587473002,0.9860294117647059
0.5793490783410138,0.9860294117647059
0.5792884920063374,0.9857843137254902
0.5793719389225007,0.9857843137254902
0.5794554098833021,0.9857843137254902
0.5795389048991354,0.9857843137254902
0.5796224239804006,0.9857843137254902
0.5797059671375036,0.9857843137254902
0.5797895343808562,0.9857843137254902
0.5798731257208766,0.9857843137254902
0.5799567411679885,0.9857843137254902
0.5800403807326219,0.9857843137254902
0.5801240444252127,0.9857843137254902
0.5802077322562031,0.9857843137254902
0.580291444236041,0.9857843137254902
0.5803751803751803,0.9857843137254902
0.5804589406840814,0.9857843137254902
0.5805427251732102,0.9857843137254902
0.5806265338530389,0.9857843137254902
0.5807103667340456,0.9857843137254902
0.5807942238267148,0.9857843137254902
0.5808781051415367,0.9857843137254902
0.5809620106890077,0.9857843137254902
0.5810459404796302,0.9857843137254902
0.5811298945239127,0.9857843137254902
0.5812138728323699,0.9857843137254902
0.5812978754155225,0.9857843137254902
0.5813819022838971,0.9857843137254902
0.5813213821020674,0.9855392156862746
0.5814054366685946,0.9855392156862746
0.5814895155459147,0.9855392156862746
0.5815736187445762,0.9855392156862746
0.5816577462751338,0.9855392156862746
0.5817418981481481,0.9855392156862746
0.5818260743741861,0.9855392156862746
0.5819102749638205,0.9855392156862746
0.5819944999276306,0.9855392156862746
0.5820787492762015,0.9855392156862746
0.5821630230201245,0.9855392156862746
0.5822473211699971,0.9855392156862746
0.5823316437364229,0.9855392156862746
0.5824159907300116,0.9855392156862746
0.5825003621613791,0.9855392156862746
0.5825847580411475,0.9855392156862746
0.5826691783799449,0.9855392156862746
0.5827536231884058,0.9855392156862746
0.5828380924771706,0.9855392156862746
0.5829225862568861,0.9855392156862746
0.583007104538205,0.9855392156862746
0.5830916473317865,0.9855392156862746
0.5831762146482958,0.9855392156862746
0.5832608064984044,0.9855392156862746
0.5833454228927898,0.9855392156862746
0.5834300638421358,0.9855392156862746
0.5835147293571324,0.9855392156862746
0.583599419448476,0.9855392156862746
0.5836841341268689,0.9855392156862746
0.5837688734030198,0.9855392156862746
0.5838536372876434,0.9855392156862746
0.5839384257914609,0.9855392156862746
0.5840232389251997,0.9855392156862746
0.5841080766995933,0.9855392156862746
0.5841929391253814,0.9855392156862746
0.58427782621331,0.9855392156862746
0.5843627379741316,0.9855392156862746
0.5843023255813954,0.9852941176470589
0.5843872655909289,0.9852941176470589
0.5844722302995057,0.9852941176470589
0.5845572197179002,0.9852941176470589
0.5846422338568935,0.9852941176470589
0.5847272727272728,0.9852941176470589
0.5848123363398312,0.9852941176470589
0.5848974247053689,0.9852941176470589
0.5849825378346915,0.9852941176470589
0.5850676757386115,0.9852941176470589
0.5851528384279476,0.9852941176470589
0.5852380259135246,0.9852941176470589
0.5853232382061736,0.9852941176470589
0.5854084753167322,0.9852941176470589
0.5854937372560443,0.9852941176470589
0.58557902403496,0.9852941176470589
0.5856643356643356,0.9852941176470589
0.5856039632813639,0.9850490196078432
0.5856893034100845,0.9850490196078432
0.5857746684156828,0.9850490196078432
0.5858600583090379,0.9850490196078432
0.5859454731010352,0.9850490196078432
0.5860309128025664,0.9850490196078432
0.5861163774245297,0.9850490196078432
0.5862018669778296,0.9850490196078432
0.5862873814733771,0.9850490196078432
0.5863729209220893,0.9850490196078432
0.5864584853348899,0.9850490196078432
0.5863981319322825,0.9848039215686275
0.5864837250036491,0.9848039215686275
0.5865693430656934,0.9848039215686275
0.586654986129362,0.9848039215686275
0.5867406542056075,0.9848039215686275
0.5868263473053892,0.9848039215686275
0.5869120654396728,0.9848039215686275
0.5869978086194303,0.9848039215686275
0.5870835768556399,0.9848039215686275
0.5871693701592868,0.9848039215686275
0.5872551885413622,0.9848039215686275
0.5871948545534279,0.9845588235294118
0.587280701754386,0.9845588235294118
0.5873665740605352,0.9845588235294118
0.5874524714828897,0.9845588235294118
0.5875383940324704,0.9845588235294118
0.5876243417203043,0.9845588235294118
0.5877103145574251,0.9845588235294118
0.5877963125548727,0.9845588235294118
0.5878823357236939,0.9845588235294118
0.5879683840749415,0.9845588235294118
0.588054457619675,0.9845588235294118
0.5881405563689605,0.9845588235294118
0.5882266803338703,0.9845588235294118
0.5883128295254832,0.9845588235294118
0.588399003954885,0.9845588235294118
0.5884852036331673,0.9845588235294118
0.5885714285714285,0.9845588235294118
0.5886576787807737,0.9845588235294118
0.5887439542723142,0.9845588235294118
0.588830255057168,0.9845588235294118
0.5889165811464595,0.9845588235294118
0.5890029325513196,0.9845588235294118
0.589089309282886,0.9845588235294118
0.5891757113523027,0.9845588235294118
0.5892621387707203,0.9845588235294118
0.5893485915492958,0.9845588235294118
0.5894350696991929,0.9845588235294118
0.589521573231582,0.9845588235294118
0.5896081021576398,0.9845588235294118
0.5896946564885496,0.9845588235294118
0.5897812362355014,0.9845588235294118
0.5898678414096916,0.9845588235294118
0.5899544720223234,0.9845588235294118
0.5900411280846063,0.9845588235294118
0.5901278096077567,0.9845588235294118
0.5902145166029974,0.9845588235294118
0.5903012490815577,0.9845588235294118
0.5903880070546738,0.9845588235294118
0.5904747905335881,0.9845588235294118
0.5905615995295501,0.9845588235294118
0.5906484340538156,0.9845588235294118
0.590735294117647,0.9845588235294118
0.5908221797323135,0.9845588235294118
0.5909090909090909,0.9845588235294118
0.5909960276592614,0.9845588235294118
0.5910829899941142,0.9845588235294118
0.5910228108903606,0.984313725490196
0.5909626140712393,0.9840686274509803
0.5910496098925364,0.9840686274509803
0.5911366313309776,0.9840686274509803
0.5912236783978796,0.9840686274509803
0.5913107511045655,0.9840686274509803
0.5913978494623656,0.9840686274509803
0.5914849734826164,0.9840686274509803
0.5915721231766613,0.9840686274509803
0.5916592985558503,0.9840686274509803
0.5917464996315401,0.9840686274509803
0.5918337264150944,0.9840686274509803
0.591920978917883,0.9840686274509803
0.5920082571512828,0.9840686274509803
0.5920955611266775,0.9840686274509803
0.5921828908554573,0.9840686274509803
0.592270246349019,0.9840686274509803
0.5923576276187666,0.9840686274509803
0.5924450346761104,0.9840686274509803
0.5925324675324676,0.9840686274509803
0.592619926199262,0.9840686274509803
0.5925597874224978,0.9838235294117647
0.5926472759486195,0.9838235294117647
0.5927347903130538,0.9838235294117647
0.5928223305272485,0.9838235294117647
0.5929098966026588,0.9838235294117647
0.5929974885507461,0.9838235294117647
0.5930851063829787,0.9838235294117647
0.5931727501108319,0.9838235294117647
0.5932604197457878,0.9838235294117647
0.5933481152993348,0.9838235294117647
0.5934358367829686,0.9838235294117647
0.5935235842081916,0.9838235294117647
0.5936113575865128,0.9838235294117647
0.5935512498151161,0.983578431372549
0.5936390532544379,0.983578431372549
0.5937268826749519,0.983578431372549
0.5938147380881917,0.983578431372549
0.5939026195056978,0.983578431372549
0.5939905269390172,0.983578431372549
0.5940784603997039,0.983578431372549
0.594166419899319,0.983578431372549
0.5942544054494299,0.983578431372549
0.5943424170616114,0.983578431372549
0.5944304547474448,0.983578431372549
0.5943703703703703,0.9833333333333333
0.5944584382871536,0.9833333333333333
0.5943983402489627,0.9830882352941176
0.5944864384170743,0.9830882352941176
0.5945745627038245,0.9830882352941176
0.5946627131208303,0.9830882352941176
0.5947508896797153,0.9830882352941176
0.5948390923921103,0.9830882352941176
0.594927321269653,0.9830882352941176
0.5950155763239875,0.9830882352941176
0.5951038575667655,0.9830882352941176
0.5951921650096453,0.9830882352941176
0.5952804986642921,0.9830882352941176
0.5953688585423779,0.9830882352941176
0.5954572446555819,0.9830882352941176
0.5955456570155901,0.9830882352941176
0.5956340956340956,0.9830882352941176
0.5957225605227982,0.9830882352941176
0.5958110516934046,0.9830882352941176
0.5958995691576289,0.9830882352941176
0.5959881129271917,0.9830882352941176
0.5960766830138208,0.9830882352941176
0.5961652794292509,0.9830882352941176
0.5961052475100342,0.9828431372549019
0.5961938745168005,0.9828431372549019
0.5962825278810409,0.9828431372549019
0.5963712076145151,0.9828431372549019
0.59645991372899,0.9828431372549019
0.5965486462362393,0.9828431372549019
0.5964886177652136,0.9825980392156862
0.596577380952381,0.9825980392156862
0.5966661705610954,0.9825980392156862
0.5967549866031557,0.9825980392156862
0.5968438290903677,0.9825980392156862
0.5969326980345444,0.9825980392156862
0.5970215934475056,0.9825980392156862
0.5971105153410784,0.9825980392156862
0.5971994637270966,0.9825980392156862
0.5972884386174017,0.9825980392156862
0.5973774400238414,0.9825980392156862
0.5974664679582712,0.9825980392156862
0.5975555224325533,0.9825980392156862
0.597644603458557,0.9825980392156862
0.5975846130908007,0.9823529411764705
0.5975246048314942,0.9821078431372549
0.597613721103654,0.9821078431372549
0.5975536992840096,0.9818627450980392
0.5976428464866478,0.9818627450980392
0.59773202029245,0.9818627450980392
0.5978212207133263,0.9818627450980392
0.5979104477611941,0.9818627450980392
0.5979997014479773,0.9818627450980392
0.5980889817856077,0.9818627450980392
0.5981782887860236,0.9818627450980392
0.5982676224611708,0.9818627450980392
0.5983569828230022,0.9818627450980392
0.5982969823722737,0.9816176470588235
0.5983863738233975,0.9816176470588235
0.5984757919904363,0.9816176470588235
0.5985652368853684,0.9816176470588235
0.5986547085201793,0.9816176470588235
0.598744206906862,0.9816176470588235
0.5988337320574163,0.9816176470588235
0.5989232839838493,0.9816176470588235
0.5990128626981753,0.9816176470588235
0.5991024682124159,0.9816176470588235
0.5991921005385996,0.9816176470588235
0.5992817596887625,0.9816176470588235
0.5993714456749476,0.9816176470588235
0.5994611585092052,0.9816176470588235
0.5995508982035929,0.9816176470588235
0.5996406647701752,0.9816176470588235
0.5997304582210242,0.9816176470588235
0.5996705107084019,0.9813725490196078
0.5997603355302576,0.9813725490196078
0.5998501872659177,0.9813725490196078
0.5999400659274797,0.9813725490196078
0.6000299715270493,0.9813725490196078
0.5999700239808153,0.9811274509803921
0.6000599610253335,0.9811274509803921
0.6001499250374812,0.9811274509803921
0.6002399160293898,0.9811274509803921
0.6003299340131973,0.9811274509803921
0.6004199790010499,0.9811274509803921
0.6003600360036003,0.9808823529411764
0.6004501125281321,0.9808823529411764
0.600390156062425,0.9806372549019607
0.6004802641452799,0.9806372549019607
0.6005703992794956,0.9806372549019607
0.6006605614772557,0.9806372549019607
0.6007507507507508,0.9806372549019607
0.600840967112179,0.9806372549019607
0.6009312105737459,0.9806372549019607
0.6010214811476641,0.9806372549019607
0.6011117788461539,0.9806372549019607
0.6010518407212622,0.9803921568627451
0.6011421701232341,0.9803921568627451
0.6012325266796934,0.9803921568627451
0.6013229104028863,0.9803921568627451
0.6014133213050669,0.9803921568627451
0.6015037593984962,0.9803921568627451
0.6015942246954429,0.9803921568627451
0.601684717208183,0.9803921568627451
0.6017752369489996,0.9803921568627451
0.6018657839301835,0.9803921568627451
0.6019563581640331,0.9803921568627451
0.6020469596628537,0.9803921568627451
0.6021375884389583,0.9803921568627451
0.6022282445046673,0.9803921568627451
0.6023189278723083,0.9803921568627451
0.6024096385542169,0.9803921568627451
0.6025003765627354,0.9803921568627451
0.6025911419102139,0.9803921568627451
0.6026819346090101,0.9803921568627451
0.6027727546714888,0.9803921568627451
0.6027128862094951,0.9801470588235294
0.602803738317757,0.9801470588235294
0.602894617819991,0.9801470588235294
0.6029855247285887,0.9801470588235294
0.6030764590559493,0.9801470588235294
0.6031674208144796,0.9801470588235294
0.6032584100165937,0.9801470588235294
0.6033494266747134,0.9801470588235294
0.6034404708012675,0.9801470588235294
0.6033806217929369,0.9799019607843137
0.6034716981132076,0.9799019607843137
0.6035628019323671,0.9799019607843137
0.6036539332628718,0.9799019607843137
0.6037450921171852,0.9799019607843137
0.6038362785077783,0.9799019607843137
0.60392749244713,0.9799019607843137
0.6040187339477262,0.9799019607843137
0.6041100030220611,0.9799019607843137
0.6042012996826356,0.9799019607843137
0.6042926239419589,0.9799019607843137
0.6042328042328042,0.979656862745098
0.6043241608708799,0.979656862745098
0.6044155451383638,0.979656862745098
0.6045069570477919,0.979656862745098
0.6045983966117078,0.979656862745098
0.6045385779122542,0.9794117647058823
0.604630049931911,0.9794117647058823
0.6047215496368039,0.9794117647058823
0.6048130770395036,0.9794117647058823
0.6049046321525886,0.9794117647058823
0.604996214988645,0.9794117647058823
0.6050878255602665,0.9794117647058823
0.6051794638800545,0.9794117647058823
0.605271129960618,0.9794117647058823
0.6053628238145735,0.9794117647058823
0.6053030303030303,0.9791666666666666
0.6053947567813305,0.9791666666666666
0.6053349499848439,0.9789215686274509
0.6054267091102016,0.9789215686274509
0.6055184960582171,0.9789215686274509
0.6056103108415466,0.9789215686274509
0.605702153472854,0.9789215686274509
0.6057940239648112,0.9789215686274509
0.6058859223300971,0.9789215686274509
0.6059778485813989,0.9789215686274509
0.6060698027314112,0.9789215686274509
0.6061617847928366,0.9789215686274509
0.6062537947783849,0.9789215686274509
0.6063458327007742,0.9789215686274509
0.60643789857273,0.9789215686274509
0.6065299924069856,0.9789215686274509
0.6066221142162819,0.9789215686274509
0.6067142640133678,0.9789215686274509
0.6068064418109997,0.9789215686274509
0.6068986476219419,0.9789215686274509
0.6069908814589665,0.9789215686274509
0.6070831433348534,0.9789215686274509
0.6071754332623898,0.9789215686274509
0.6072677512543713,0.9789215686274509
0.607360097323601,0.9789215686274509
0.6074524714828897,0.9789215686274509
0.6075448737450563,0.9789215686274509
0.6076373041229272,0.9789215686274509
0.6077297626293365,0.9789215686274509
0.6076700654390503,0.9786764705882353
0.6077625570776256,0.9786764705882353
0.6078550768762369,0.9786764705882353
0.6079476248477467,0.9786764705882353
0.6080402010050251,0.9786764705882353
0.6079805056350899,0.9784313725490196
0.6080731150038081,0.9784313725490196
0.6081657525898843,0.9784313725490196
0.6082584184062166,0.9784313725490196
0.6083511124657117,0.9784313725490196
0.6084438347812834,0.9784313725490196
0.6085365853658536,0.9784313725490196
0.6086293642323525,0.9784313725490196
0.6087221713937176,0.9784313725490196
0.6088150068628946,0.9784313725490196
0.6089078706528371,0.9784313725490196
0.6090007627765065,0.9784313725490196
0.6090936832468722,0.9784313725490196
0.6091866320769114,0.9784313725490196
0.6092796092796092,0.9784313725490196
0.6093726148679591,0.9784313725490196
0.6094656488549618,0.9784313725490196
0.6095587112536265,0.9784313725490196
0.6096518020769701,0.9784313725490196
0.6097449213380174,0.9784313725490196
0.6098380690498014,0.9784313725490196
0.6099312452253629,0.9784313725490196
0.6100244498777506,0.9784313725490196
0.6101176830200215,0.9784313725490196
0.61021094466524,0.9784313725490196
0.6103042348264791,0.9784313725490196
0.6103975535168196,0.9784313725490196
0.6104909007493501,0.9784313725490196
0.6105842765371673,0.9784313725490196
0.6106776808933762,0.9784313725490196
0.6107711138310894,0.9784313725490196
0.6108645753634276,0.9784313725490196
0.61095806550352,0.9784313725490196
0.6110515842645033,0.9784313725490196
0.6111451316595223,0.9784313725490196
0.6112387077017302,0.9784313725490196
0.6113323124042879,0.9784313725490196
0.6114259457803646,0.9784313725490196
0.6115196078431373,0.9784313725490196
0.6116132986057913,0.9784313725490196
0.6117070180815201,0.9784313725490196
0.6118007662835249,0.9784313725490196
0.6118945432250154,0.9784313725490196
0.611988348919209,0.9784313725490196
0.6120821833793315,0.9784313725490196
0.6121760466186168,0.9784313725490196
0.6122699386503068,0.9784313725490196
0.6123638594876515,0.9784313725490196
0.6124578091439091,0.9784313725490196
0.6125517876323462,0.9784313725490196
0.6124923265807244,0.9781862745098039
0.6125863392171911,0.9781862745098039
0.6126803807184525,0.9781862745098039
0.6127744510978044,0.9781862745098039
0.6127149877149877,0.9779411764705882
0.6128090923053294,0.9779411764705882
0.6129032258064516,0.9779411764705882
0.6129973882316793,0.9779411764705882
0.6130915795943455,0.9779411764705882
0.6131857999077917,0.9779411764705882
0.6132800491853674,0.9779411764705882
0.6133743274404304,0.9779411764705882
0.6134686346863468,0.9779411764705882
0.6135629709364908,0.9779411764705882
0.6136573362042449,0.9779411764705882
0.6137517305029996,0.9779411764705882
0.6138461538461538,0.9779411764705882
0.613940606247115,0.9779411764705882
0.6140350877192983,0.9779411764705882
0.6141295982761275,0.9779411764705882
0.6142241379310345,0.9779411764705882
0.6143187066974596,0.9779411764705882
0.6144133045888512,0.9779411764705882
0.6145079316186662,0.9779411764705882
0.6146025878003697,0.9779411764705882
0.6146972731474349,0.9779411764705882
0.6147919876733436,0.9779411764705882
0.6148867313915858,0.9779411764705882
0.6149815043156597,0.9779411764705882
0.615076306459072,0.9779411764705882
0.6151711378353376,0.9779411764705882
0.6152659984579799,0.9779411764705882
0.6153608883405305,0.9779411764705882
0.6154558074965294,0.9779411764705882
0.6155507559395248,0.9779411764705882
0.6156457336830736,0.9779411764705882
0.6157407407407407,0.9779411764705882
0.6158357771260997,0.9779411764705882
0.6159308428527324,0.9779411764705882
0.6160259379342288,0.9779411764705882
0.6161210623841877,0.9779411764705882
0.6162162162162163,0.9779411764705882
0.6163113994439295,0.9779411764705882
0.6164066120809516,0.9779411764705882
0.6165018541409147,0.9779411764705882
0.6165971256374594,0.9779411764705882
0.616692426584235,0.9779411764705882
0.6167877569948987,0.9779411764705882
0.6168831168831169,0.9779411764705882
0.6169785062625638,0.9779411764705882
0.6170739251469224,0.9779411764705882
0.617014694508894,0.9776960784313725
0.6171101485148515,0.9776960784313725
0.617050905152406,0.9774509803921568
0.6171463943051687,0.9774509803921568
0.617241913016561,0.9774509803921568
0.6173374613003096,0.9774509803921568
0.6174330391701501,0.9774509803921568
0.6175286466398265,0.9774509803921568
0.6176242837230912,0.9774509803921568
0.6177199504337051,0.9774509803921568
0.6176607281177382,0.9772058823529411
0.6177564301208552,0.9772058823529411
0.6178521617852162,0.9772058823529411
0.6179479231246126,0.9772058823529411
0.6180437141528445,0.9772058823529411
0.6179844961240311,0.9769607843137255
0.618080322530625,0.9769607843137255
0.6181761786600496,0.9769607843137255
0.6182720645261361,0.9769607843137255
0.6183679801427242,0.9769607843137255
0.6184639255236618,0.9769607843137255
0.6185599006828058,0.9769607843137255
0.6186559056340214,0.9769607843137255
0.6187519403911829,0.9769607843137255
0.6188480049681726,0.9769607843137255
0.618944099378882,0.9769607843137255
0.6190402236372108,0.9769607843137255
0.6191363777570674,0.9769607843137255
0.6192325617523691,0.9769607843137255
0.6193287756370417,0.9769607843137255
0.6192696192696193,0.9767156862745098
0.6193658688218837,0.9767156862745098
0.6194621482978393,0.9767156862745098
0.6195584577114428,0.9767156862745098
0.6196547970766599,0.9767156862745098
0.6195956454121306,0.9764705882352941
0.6196920205319645,0.9764705882352941
0.6197884256378344,0.9764705882352941
0.6198848607437374,0.9764705882352941
0.6199813258636788,0.9764705882352941
0.6200778210116732,0.9764705882352941
0.6201743462017435,0.9764705882352941
0.6202709014479215,0.9764705882352941
0.6203674867642479,0.9764705882352941
0.6204641021647719,0.9764705882352941
0.6205607476635514,0.9764705882352941
0.6206574232746533,0.9764705882352941
0.6207541290121533,0.9764705882352941
0.6208508648901355,0.9764705882352941
0.6209476309226932,0.9764705882352941
0.6210444271239283,0.9764705882352941
0.6211412535079514,0.9764705882352941
0.621238110088882,0.9764705882352941
0.6213349968808484,0.9764705882352941
0.6214319138979878,0.9764705882352941
0.6215288611544462,0.9764705882352941
0.6216258386643783,0.9764705882352941
0.6217228464419475,0.9764705882352941
0.6218198845013266,0.9764705882352941
0.6219169528566968,0.9764705882352941
0.6220140515222482,0.9764705882352941
0.6221111805121798,0.9764705882352941
0.6222083398406997,0.9764705882352941
0.6221493283348953,0.9762254901960784
0.6222465239806281,0.9762254901960784
0.62234375,0.9762254901960784
0.6224410064072511,0.9762254901960784
0.6225382932166302,0.9762254901960784
0.6226356104423949,0.9762254901960784
0.6227329580988118,0.9762254901960784
0.6228303362001564,0.9762254901960784
0.6229277447607132,0.9762254901960784
0.6230251837947756,0.9762254901960784
0.6231226533166458,0.9762254901960784
0.6232201533406353,0.9762254901960784
0.6233176838810641,0.9762254901960784
0.6234152449522617,0.9762254901960784
0.623512836568566,0.9762254901960784
0.6236104587443244,0.9762254901960784
0.6237081114938929,0.9762254901960784
0.6238057948316367,0.9762254901960784
0.6239035087719298,0.9762254901960784
0.6240012533291556,0.9762254901960784
0.6239423378251332,0.9759803921568627
0.6240401191035888,0.9759803921568627
0.6241379310344828,0.9759803921568627
0.6240790092490986,0.975735294117647
0.6240200689871434,0.9754901960784313
0.6241179237886153,0.9754901960784313
0.6240589711417817,0.9752450980392157
0.6241568627450981,0.9752450980392157
0.6242547850643239,0.9752450980392157
0.6243527381139181,0.9752450980392157
0.624450721908349,0.9752450980392157
0.6245487364620939,0.9752450980392157
0.624646781789639,0.9752450980392157
0.6247448579054796,0.9752450980392157
0.6248429648241206,0.9752450980392157
0.6249411025600754,0.9752450980392157
0.6250392711278668,0.9752450980392157
0.6251374705420267,0.9752450980392157
0.6252357008170961,0.9752450980392157
0.6253339619676254,0.9752450980392157
0.6254322540081735,0.9752450980392157
0.6255305769533093,0.9752450980392157
0.6256289308176101,0.9752450980392157
0.6257273156156629,0.9752450980392157
0.6258257313620635,0.9752450980392157
0.6259241780714173,0.9752450980392157
0.6260226557583386,0.9752450980392157
0.6261211644374508,0.9752450980392157
0.6262197041233868,0.9752450980392157
0.6263182748307886,0.9752450980392157
0.6264168765743073,0.9752450980392157
0.6265155093686033,0.9752450980392157
0.6266141732283464,0.9752450980392157
0.6267128681682155,0.9752450980392157
0.6268115942028986,0.9752450980392157
0.6269103513470932,0.9752450980392157
0.6270091396155059,0.9752450980392157
0.6271079590228527,0.9752450980392157
0.6272068095838588,0.9752450980392157
0.6271480372063692,0.975
0.6272469252601703,0.975
0.6271881406718183,0.9747549019607843
0.6272870662460568,0.9747549019607843
0.627386023032024,0.9747549019607843
0.6274850110444935,0.9747549019607843
0.6275840302982484,0.9747549019607843
0.6276830808080808,0.9747549019607843
0.6277821625887924,0.9747549019607843
0.6278812756551941,0.9747549019607843
0.6279804200221064,0.9747549019607843
0.6280795957043588,0.9747549019607843
0.6281788027167904,0.9747549019607843
0.6282780410742496,0.9747549019607843
0.6283773107915942,0.9747549019607843
0.6284766118836915,0.9747549019607843
0.6285759443654181,0.9747549019607843
0.6286753082516598,0.9747549019607843
0.6287747035573122,0.9747549019607843
0.6288741302972802,0.9747549019607843
0.6289735884864779,0.9747549019607843
0.6290730781398292,0.9747549019607843
0.6291725992722671,0.9747549019607843
0.6292721518987342,0.9747549019607843
0.6293717360341826,0.9747549019607843
0.6294713516935739,0.9747549019607843
0.6295709988918791,0.9747549019607843
0.6296706776440786,0.9747549019607843
0.6297703879651623,0.9747549019607843
0.6298701298701299,0.9747549019607843
0.6299699033739902,0.9747549019607843
0.6300697084917617,0.9747549019607843
0.6301695452384725,0.9747549019607843
0.6302694136291601,0.9747549019607843
0.6303693136788715,0.9747549019607843
0.6304692454026632,0.9747549019607843
0.6305692088156017,0.9747549019607843
0.6306692039327625,0.9747549019607843
0.6307692307692307,0.9747549019607843
0.6307106598984772,0.9745098039215686
0.6308107250515628,0.9745098039215686
0.6309108219612821,0.9745098039215686
0.6310109506427551,0.9745098039215686
0.6311111111111111,0.9745098039215686
0.6312113033814891,0.9745098039215686
0.6313115274690377,0.9745098039215686
0.6314117833889153,0.9745098039215686
0.6315120711562897,0.9745098039215686
0.6316123907863384,0.9745098039215686
0.6315538608198284,0.9742647058823529
0.6316542189734625,0.9742647058823529
0.6317546090273363,0.9742647058823529
0.6318550309966618,0.9742647058823529
0.6319554848966613,0.9742647058823529
0.6320559707425664,0.9742647058823529
0.6321564885496184,0.9742647058823529
0.6322570383330682,0.9742647058823529
0.6323576201081769,0.9742647058823529
0.6324582338902148,0.9742647058823529
0.6325588796944621,0.9742647058823529
0.6326595575362088,0.9742647058823529
0.6327602674307545,0.9742647058823529
0.6328610093934087,0.9742647058823529
0.6329617834394905,0.9742647058823529
0.6330625895843287,0.9742647058823529
0.6331634278432622,0.9742647058823529
0.6332642982316393,0.9742647058823529
0.6333652007648184,0.9742647058823529
0.6334661354581673,0.9742647058823529
0.633567102327064,0.9742647058823529
0.6336681013868962,0.9742647058823529
0.6337691326530612,0.9742647058823529
0.6338701961409664,0.9742647058823529
0.6338118022328548,0.9740196078431372
0.6337533896953262,0.9737745098039216
0.6338544990427568,0.9737745098039216
0.6339556406574118,0.9737745098039216
0.6340568145547398,0.9737745098039216
0.6341580207501996,0.9737745098039216
0.6340996168582376,0.9735294117647059
0.6342008622066102,0.9735294117647059
0.6343021398914085,0.9735294117647059
0.6344034499281265,0.9735294117647059
0.6345047923322684,0.9735294117647059
0.6346061671193481,0.9735294117647059
0.6347075743048898,0.9735294117647059
0.634809013904427,0.9735294117647059
0.6347506393861893,0.9732843137254902
0.6346922462030375,0.9730392156862745
0.6347937320115127,0.9730392156862745
0.6348952502798657,0.9730392156862745
0.6349968010236724,0.9730392156862745
0.6350983842585186,0.9730392156862745
0.6352,0.9730392156862745
0.6353016482637222,0.9730392156862745
0.635403329065301,0.9730392156862745
0.6355050424203618,0.9730392156862745
0.6356067883445405,0.9730392156862745
0.6357085668534828,0.9730392156862745
0.6358103779628443,0.9730392156862745
0.6357520422873618,0.9727941176470588
0.6358538929830183,0.9727941176470588
0.6359557763178978,0.9727941176470588
0.6360576923076923,0.9727941176470588
0.6361596409681038,0.9727941176470588
0.6362616223148445,0.9727941176470588
0.6363636363636364,0.9727941176470588
0.6364656831302117,0.9727941176470588
0.6365677626303128,0.9727941176470588
0.6365094642284248,0.9725490196078431
0.6366115835071394,0.9725490196078431
0.6367137355584083,0.9725490196078431
0.6368159203980099,0.9725490196078431
0.6369181380417336,0.9725490196078431
0.6368598490929523,0.9723039215686274
0.6369621066152859,0.9723039215686274
0.6370643969808897,0.9723039215686274
0.6371667202055895,0.9723039215686274
0.6372690763052209,0.9723039215686274
0.6373714652956298,0.9723039215686274
0.6373131929937329,0.9720588235294118
0.6374156219864995,0.9720588235294118
0.6375180839093393,0.9720588235294118
0.637620578778135,0.9720588235294118
0.6377231066087795,0.9720588235294118
0.637825667417176,0.9720588235294118
0.6379282612192376,0.9720588235294118
0.638030888030888,0.9720588235294118
0.6381335478680611,0.9720588235294118
0.6380753138075314,0.9718137254901961
0.6380170610011267,0.9715686274509804
0.6381197681905988,0.9715686274509804
0.6380615037836097,0.9713235294117647
0.6381642512077295,0.9713235294117647
0.6382670317281366,0.9713235294117647
0.6383698453608248,0.9713235294117647
0.638472692121798,0.9713235294117647
0.6385755720270706,0.9713235294117647
0.6386784850926672,0.9713235294117647
0.6387814313346228,0.9713235294117647
0.6388844107689827,0.9713235294117647
0.6389874234118026,0.9713235294117647
0.6390904692791485,0.9713235294117647
0.6391935483870967,0.9713235294117647
0.6392966607517342,0.9713235294117647
0.6392384640206519,0.971078431372549
0.6393416169114088,0.971078431372549
0.6394448030987734,0.971078431372549
0.63954802259887,0.971078431372549
0.6396512754278334,0.971078431372549
0.6397545616018085,0.971078431372549
0.6396963824289406,0.9708333333333333
0.6397997092553707,0.9708333333333333
0.639903069466882,0.9708333333333333
0.639844886088221,0.9705882352941176
0.6399482870071105,0.9705882352941176
0.6400517213512203,0.9705882352941176
0.6401551891367604,0.9705882352941176
0.6402586903799515,0.9705882352941176
0.6403622250970246,0.9705882352941176
0.6404657933042213,0.9705882352941176
0.6405693950177936,0.9705882352941176
0.6406730302540042,0.9705882352941176
0.6407766990291263,0.9705882352941176
0.6408804013594432,0.9705882352941176
0.6409841372612496,0.9705882352941176
0.6410879067508499,0.9705882352941176
0.6411917098445595,0.9705882352941176
0.6412955465587045,0.9705882352941176
0.641399416909621,0.9705882352941176
0.6415033209136562,0.9705882352941176
0.6416072585871678,0.9705882352941176
0.6417112299465241,0.9705882352941176
0.6418152350081038,0.9705882352941176
0.6419192737882963,0.9705882352941176
0.642023346303502,0.9705882352941176
0.6421274525701314,0.9705882352941176
0.6422315926046059,0.9705882352941176
0.6423357664233577,0.9705882352941176
0.6424399740428294,0.9705882352941176
0.6425442154794743,0.9705882352941176
0.6426484907497566,0.9705882352941176
0.642752799870151,0.9705882352941176
0.6428571428571429,0.9705882352941176
0.6429615197272285,0.9705882352941176
0.6430659304969146,0.9705882352941176
0.6431703751827189,0.9705882352941176
0.6432748538011696,0.9705882352941176
0.643216896831844,0.970343137254902
0.6433214169645759,0.970343137254902
0.6434259710710223,0.970343137254902
0.6435305591677504,0.970343137254902
0.643635181271338,0.970343137254902
0.643739837398374,0.970343137254902
0.6438445275654578,0.970343137254902
0.6439492517891997,0.970343137254902
0.6440540100862209,0.970343137254902
0.6441588024731533,0.970343137254902
0.6442636289666396,0.970343137254902
0.6443684895833334,0.970343137254902
0.6444733843398991,0.970343137254902
0.6444154998371866,0.9700980392156863
0.644520436411008,0.9700980392156863
0.6444625407166124,0.9698529411764706
0.644567519139925,0.9698529411764706
0.644672531769306,0.9698529411764706
0.6447775786214763,0.9698529411764706
0.6448826597131682,0.9698529411764706
0.6449877750611247,0.9698529411764706
0.6450929246820998,0.9698529411764706
0.6451981085928583,0.9698529411764706
0.6453033268101761,0.9698529411764706
0.64540857935084,0.9698529411764706
0.6455138662316476,0.9698529411764706
0.6456191874694077,0.9698529411764706
0.64572454308094,0.9698529411764706
0.6458299330830749,0.9698529411764706
0.6459353574926543,0.9698529411764706
0.6460408163265307,0.9698529411764706
0.6459830176355323,0.9696078431372549
0.6460885186999836,0.9696078431372549
0.6461940542306436,0.9696078431372549
0.6462996242444045,0.9696078431372549
0.64640522875817,0.9696078431372549
0.6465108677888544,0.9696078431372549
0.6466165413533834,0.9696078431372549
0.6467222494686938,0.9696078431372549
0.6468279921517331,0.9696078431372549
0.6469337694194603,0.9696078431372549
0.6470395812888453,0.9696078431372549
0.647145427776869,0.9696078431372549
0.6472513089005235,0.9696078431372549
0.6473572246768123,0.9696078431372549
0.6474631751227496,0.9696078431372549
0.6475691602553609,0.9696078431372549
0.647675180091683,0.9696078431372549
0.6477812346487637,0.9696078431372549
0.647887323943662,0.9696078431372549
0.647993447993448,0.9696078431372549
0.6480996068152032,0.9696078431372549
0.6482058004260199,0.9696078431372549
0.6483120288430023,0.9696078431372549
0.6484182920832651,0.9696078431372549
0.6485245901639344,0.9696078431372549
0.6486309231021479,0.9696078431372549
0.6487372909150542,0.9696078431372549
0.648843693619813,0.9696078431372549
0.6487860892388452,0.9693627450980392
0.6487284659557014,0.9691176470588235
0.6486708237610764,0.9688725490196078
0.6487772854094863,0.9688725490196078
0.6487196323046619,0.9686274509803922
0.6488261369233295,0.9686274509803922
0.6489326765188834,0.9686274509803922
0.6490392511085564,0.9686274509803922
0.6491458607095927,0.9686274509803922
0.6492525053392476,0.9686274509803922
0.6493591850147881,0.9686274509803922
0.6494658997534922,0.9686274509803922
0.6495726495726496,0.9686274509803922
0.6496794344895611,0.9686274509803922
0.6497862545215389,0.9686274509803922
0.649893109685907,0.9686274509803922
0.65,0.9686274509803922
0.6501069254811647,0.9686274509803922
0.6500493583415597,0.9683823529411765
0.6501563271350995,0.9683823529411765
0.6502633311389072,0.9683823529411765
0.6503703703703704,0.9683823529411765
0.6504774448468884,0.9683823529411765
0.6505845545858719,0.9683823529411765
0.650691699604743,0.9683823529411765
0.6507988799209355,0.9683823529411765
0.6509060955518946,0.9683823529411765
0.6510133465150766,0.9683823529411765
0.6511206328279499,0.9683823529411765
0.6512279545079941,0.9683823529411765
0.6511704582921201,0.9681372549019608
0.651277823577906,0.9681372549019608
0.6513852242744064,0.9681372549019608
0.6514926603991423,0.9681372549019608
0.651600131969647,0.9681372549019608
0.6517076390034647,0.9681372549019608
0.6516501650165016,0.9678921568627451
0.6517577157946856,0.9678921568627451
0.6518653020798943,0.9678921568627451
0.6518078256562655,0.9676470588235294
0.6519154557463672,0.9676470588235294
0.6520231213872832,0.9676470588235294
0.6521308225966304,0.9676470588235294
0.652238559392037,0.9676470588235294
0.6523463317911434,0.9676470588235294
0.6524541398116014,0.9676470588235294
0.6525619834710744,0.9676470588235294
0.6526698627872376,0.9676470588235294
0.6527777777777778,0.9676470588235294
0.6528857284603936,0.9676470588235294
0.6528283162421435,0.9674019607843137
0.6529363110008272,0.9674019607843137
0.6530443414956982,0.9674019607843137
0.6529869270230019,0.967156862745098
0.653095001655081,0.967156862745098
0.6532031120675384,0.967156862745098
0.6533112582781457,0.967156862745098
0.6534194403046862,0.967156862745098
0.6535276581649553,0.967156862745098
0.65363591187676,0.967156862745098
0.6537442014579191,0.967156862745098
0.6538525269262635,0.967156862745098
0.6539608882996354,0.967156862745098
0.6539035305818001,0.9669117647058824
0.6540119363395226,0.9669117647058824
0.6541203780467584,0.9669117647058824
0.654228855721393,0.9669117647058824
0.6543373693813236,0.9669117647058824
0.6544459190444591,0.9669117647058824
0.6545545047287208,0.9669117647058824
0.6546631264520412,0.9669117647058824
0.6547717842323652,0.9669117647058824
0.6548804780876494,0.9669117647058824
0.6549892080358626,0.9669117647058824
0.655097974094985,0.9669117647058824
0.6552067762830095,0.9669117647058824
0.6553156146179402,0.9669117647058824
0.6554244891177936,0.9669117647058824
0.6555333998005982,0.9669117647058824
0.6554761509057669,0.9666666666666667
0.6555851063829787,0.9666666666666667
0.6556940980881131,0.9666666666666667
0.6558031260392417,0.9666666666666667
0.6559121902544487,0.9666666666666667
0.6560212907518297,0.9666666666666667
0.6561304275494926,0.9666666666666667
0.6562396006655574,0.9666666666666667
0.656348810118156,0.9666666666666667
0.6564580559254327,0.9666666666666667
0.6565673381055436,0.9666666666666667
0.6566766566766566,0.9666666666666667
0.6567860116569525,0.9666666666666667
0.6567288474350433,0.966421568627451
0.6568382475428952,0.966421568627451
0.6569476841052982,0.966421568627451
0.6570571571404766,0.966421568627451
0.6571666666666667,0.966421568627451
0.657276212702117,0.966421568627451
0.6573857952650883,0.966421568627451
0.6574954143738536,0.966421568627451
0.6576050700466978,0.966421568627451
0.6577147623019183,0.966421568627451
0.6578244911578245,0.966421568627451
0.6579342566327382,0.966421568627451
0.6580440587449933,0.966421568627451
0.6581538975129361,0.966421568627451
0.6582637729549249,0.966421568627451
0.6583736850893305,0.966421568627451
0.6584836339345357,0.966421568627451
0.658593619508936,0.966421568627451
0.6585365853658537,0.9661764705882353
0.6586466165413534,0.9661764705882353
0.6585895721925134,0.9659313725490196
0.6586996490055156,0.9659313725490196
0.658809762621197,0.9659313725490196
0.658919913058017,0.9659313725490196
0.6590301003344482,0.9659313725490196
0.6591403244689747,0.9659313725490196
0.6592505854800936,0.9659313725490196
0.6593608833863142,0.9659313725490196
0.659471218206158,0.9659313725490196
0.6594142259414226,0.9656862745098039
0.6595246066287245,0.9656862745098039
0.6596350242759083,0.9656862745098039
0.6597454789015406,0.9656862745098039
0.6598559705242003,0.9656862745098039
0.6599664991624791,0.9656862745098039
0.6600770648349807,0.9656862745098039
0.6601876675603218,0.9656862745098039
0.6602983073571309,0.9656862745098039
0.6604089842440496,0.9656862745098039
0.6605196982397318,0.9656862745098039
0.6606304493628438,0.9656862745098039
0.6607412376320644,0.9656862745098039
0.6608520630660852,0.9656862745098039
0.6609629256836101,0.9656862745098039
0.6610738255033557,0.9656862745098039
0.661184762544051,0.9656862745098039
0.6611278952668681,0.9654411764705882
0.6612388786301829,0.9654411764705882
0.6613498992612492,0.9654411764705882
0.6612930310663309,0.9651960784313726
0.6614040980853207,0.9651960784313726
0.6615152024189485,0.9651960784313726
0.6616263440860215,0.9651960784313726
0.6617375231053605,0.9651960784313726
0.6618487394957984,0.9651960784313726
0.6619599932761808,0.9651960784313726
0.6620712844653666,0.9651960784313726
0.6621826130822264,0.9651960784313726
0.6622939791456441,0.9651960784313726
0.6624053826745164,0.9651960784313726
0.6625168236877523,0.9651960784313726
0.6626283022042739,0.9651960784313726
0.6627398182430159,0.9651960784313726
0.6628513718229254,0.9651960784313726
0.6627946127946128,0.9649509803921569
0.6629062131671999,0.9649509803921569
0.663017851128326,0.9649509803921569
0.6629610914603336,0.9647058823529412
0.6630727762803235,0.9647058823529412
0.66318449873631,0.9647058823529412
0.6632962588473206,0.9647058823529412
0.6634080566323951,0.9647058823529412
0.6633513149022252,0.9644607843137255
0.663463159669533,0.9644607843137255
0.663575042158516,0.9644607843137255
0.6635182998819362,0.9642156862745098
0.6636302294197031,0.9642156862745098
0.6637421967268433,0.9642156862745098
0.6638542018224772,0.9642156862745098
0.6639662447257384,0.9642156862745098
0.6640783254557732,0.9642156862745098
0.6641904440317407,0.9642156862745098
0.6643026004728132,0.9642156862745098
0.664414794798176,0.9642156862745098
0.664527027027027,0.9642156862745098
0.6646392971785775,0.9642156862745098
0.6647516052720513,0.9642156862745098
0.6648639513266859,0.9642156862745098
0.664976335361731,0.9642156862745098
0.6650887573964497,0.9642156862745098
0.6652012174501184,0.9642156862745098
0.665313715542026,0.9642156862745098
0.665426251691475,0.9642156862745098
0.6653696498054474,0.9639705882352941
0.6654822335025381,0.9639705882352941
0.6654256219326451,0.9637254901960784
0.6655382532159784,0.9637254901960784
0.6656509226341628,0.9637254901960784
0.6657636302065696,0.9637254901960784
0.6658763759525825,0.9637254901960784
0.6659891598915989,0.9637254901960784
0.6659325766559376,0.9634803921568628
0.6660454083361572,0.9634803921568628
0.6661582782579224,0.9634803921568628
0.666271186440678,0.9634803921568628
0.666384132903882,0.9634803921568628
0.6664971176670058,0.9634803921568628
0.6666101407495336,0.9634803921568628
0.6667232021709634,0.9634803921568628
0.6668363019508058,0.9634803921568628
0.666949440108585,0.9634803921568628
0.6668929238079077,0.9632352941176471
0.6670061099796334,0.9632352941176471
0.6671193345781701,0.9632352941176471
0.66723259762309,0.9632352941176471
0.6673458991339786,0.9632352941176471
0.6674592391304348,0.9632352941176471
0.6675726176320707,0.9632352941176471
0.6676860346585117,0.9632352941176471
0.6677994902293968,0.9632352941176471
0.6677430319510537,0.9629901960784314
0.6678565357810641,0.9629901960784314
0.6679700782046922,0.9629901960784314
0.6680836592416256,0.9629901960784314
0.6680272108843538,0.9627450980392157
0.668140840278959,0.9627450980392157
0.6682545083361687,0.9627450980392157
0.6683682150757189,0.9627450980392157
0.6684819605173588,0.9627450980392157
0.6684255319148936,0.9625
0.6685393258426966,0.9625
0.6686531585220501,0.9625
0.6687670299727521,0.9625
0.6688809402146142,0.9625
0.6689948892674616,0.9625
0.6691088771511331,0.9625
0.6692229038854806,0.9625
0.6693369694903699,0.9625
0.6692806000681896,0.9622549019607843
0.6693947144075021,0.9622549019607843
0.6695088676671214,0.9622549019607843
0.6696230598669624,0.9622549019607843
0.6697372910269532,0.9622549019607843
0.6696809418188022,0.9620098039215687
0.6697952218430034,0.9620098039215687
0.6699095408772828,0.9620098039215687
0.6700238989416183,0.9620098039215687
0.6701382960560014,0.9620098039215687
0.6702527322404371,0.9620098039215687
0.6703672075149445,0.9620098039215687
0.6704817218995559,0.9620098039215687
0.6705962754143174,0.9620098039215687
0.6707108680792891,0.9620098039215687
0.6708254999145445,0.9620098039215687
0.6709401709401709,0.9620098039215687
0.6710548811762694,0.9620098039215687
0.6711696306429549,0.9620098039215687
0.6712844193603558,0.9620098039215687
0.6713992473486144,0.9620098039215687
0.6715141146278871,0.9620098039215687
0.6716290212183436,0.9620098039215687
0.6717439671401677,0.9620098039215687
0.671687778158165,0.961764705882353
0.6718027734976888,0.961764705882353
0.6719178082191781,0.961764705882353
0.672032882342867,0.961764705882353
0.6721479958890031,0.961764705882353
0.6722631488778482,0.961764705882353
0.6723783413296779,0.961764705882353
0.6724935732647815,0.961764705882353
0.6726088447034625,0.961764705882353
0.672724155666038,0.961764705882353
0.6728395061728395,0.961764705882353
0.672954896244212,0.961764705882353
0.6730703259005146,0.961764705882353
0.6731857951621204,0.961764705882353
0.6733013040494166,0.961764705882353
0.6734168525828041,0.961764705882353
0.6735324407826982,0.961764705882353
0.6736480686695279,0.961764705882353
0.6737637362637363,0.961764705882353
0.6738794435857806,0.961764705882353
0.6738234283751289,0.9615196078431373
0.6739391857069232,0.9615196078431373
0.6740549828178695,0.9615196078431373
0.6741708197284757,0.9615196078431373
0.6742866964592643,0.9615196078431373
0.6744026130307719,0.9615196078431373
0.6745185694635488,0.9615196078431373
0.67463456577816,0.9615196078431373
0.674750601995184,0.9615196078431373
0.6748666781352142,0.9615196078431373
0.6749827942188575,0.9615196078431373
0.6750989502667355,0.9615196078431373
0.6752151462994836,0.9615196078431373
0.6751592356687898,0.9612745098039216
0.675275482093664,0.9612745098039216
0.6752195625968659,0.9610294117647059
0.6753358594557355,0.9610294117647059
0.6752799310938846,0.9607843137254902
0.6753962784286699,0.9607843137254902
0.6755126658624849,0.9607843137254902
0.6756290934160635,0.9607843137254902
0.6757455611101534,0.9607843137254902
0.6758620689655173,0.9607843137254902
0.675806173478186,0.9605392156862745
0.6759227319765436,0.9605392156862745
0.676039330688287,0.9605392156862745
0.6759834368530021,0.9602941176470589
0.6761000862812769,0.9602941176470589
0.6762167759751467,0.9602941176470589
0.6763335059554635,0.9602941176470589
0.6762776243093923,0.9600490196078432
0.6763944051113797,0.9600490196078432
0.6765112262521589,0.9600490196078432
0.6766280877526343,0.9600490196078432
0.676744989633725,0.9600490196078432
0.6768619319163642,0.9600490196078432
0.6769789146215002,0.9600490196078432
0.677095937770095,0.9600490196078432
0.6772130013831259,0.9600490196078432
0.6773301054815839,0.9600490196078432
0.6774472500864752,0.9600490196078432
0.6775644352188203,0.9600490196078432
0.677681660899654,0.9600490196078432
0.677798927150026,0.9600490196078432
0.6779162339910003,0.9600490196078432
0.6780335814436559,0.9600490196078432
0.6781509695290858,0.9600490196078432
0.6782683982683982,0.9600490196078432
0.6783858676827156,0.9600490196078432
0.6785033777931752,0.9600490196078432
0.6786209286209286,0.9600490196078432
0.6787385201871426,0.9600490196078432
0.6788561525129982,0.9600490196078432
0.6789738256196914,0.9600490196078432
0.6789181692094314,0.9598039215686275
0.6788624934974857,0.9595588235294118
0.678806798473812,0.9593137254901961
0.6789245446660884,0.9593137254901961
0.6790423317140875,0.9593137254901961
0.6791601596390768,0.9593137254901961
0.6791044776119403,0.9590686274509804
0.6792223572296476,0.9590686274509804
0.6793402777777777,0.9590686274509804
0.6794582392776524,0.9590686274509804
0.6795762417506078,0.9590686274509804
0.6796942852179955,0.9590686274509804
0.6798123697011814,0.9590686274509804
0.6799304952215465,0.9590686274509804
0.6800486618004866,0.9590686274509804
0.6801668694594125,0.9590686274509804
0.6802851182197497,0.9590686274509804
0.6804034081029386,0.9590686274509804
0.6803478260869565,0.9588235294117647
0.6804661680292224,0.9588235294117647
0.6805845511482255,0.9588235294117647
0.680528971637376,0.9585784313725491
0.6806474068917507,0.9585784313725491
0.6807658833768494,0.9585784313725491
0.6808844011142061,0.9585784313725491
0.68100296012537,0.9585784313725491
0.6811215604319053,0.9585784313725491
0.681240202055391,0.9585784313725491
0.6813588850174216,0.9585784313725491
0.6814776093396062,0.9585784313725491
0.6815963750435692,0.9585784313725491
0.68171518215095,0.9585784313725491
0.6818340306834031,0.9585784313725491
0.681952920662598,0.9585784313725491
0.6820718521102197,0.9585784313725491
0.6820163963021106,0.9583333333333334
0.6821353803210048,0.9583333333333334
0.6822544058628511,0.9583333333333334
0.6823734729493892,0.9583333333333334
0.6824925816023739,0.9583333333333334
0.6826117318435754,0.9583333333333334
0.6827309236947792,0.9583333333333334
0.6828501571777855,0.9583333333333334
0.6829694323144104,0.9583333333333334
0.683088749126485,0.9583333333333334
0.6832081076358553,0.9583333333333334
0.6833275078643831,0.9583333333333334
0.6834469498339452,0.9583333333333334
0.6835664335664335,0.9583333333333334
0.683685959083756,0.9583333333333334
0.6838055264078349,0.9583333333333334
0.6839251355606087,0.9583333333333334
0.6840447865640308,0.9583333333333334
0.68416447944007,0.9583333333333334
0.6842842142107105,0.9583333333333334
0.684403990897952,0.9583333333333334
0.6845238095238095,0.9583333333333334
0.6844685694274207,0.9580882352941177
0.6845884413309983,0.9580882352941177
0.6847083552285864,0.9580882352941177
0.6848283111422565,0.9580882352941177
0.684948309094095,0.9580882352941177
0.6848930949877322,0.957843137254902
0.6850131463628396,0.957843137254902
0.685133239831697,0.957843137254902
0.6852533754164475,0.957843137254902
0.6853735531392494,0.957843137254902
0.6854937730222768,0.957843137254902
0.6856140350877193,0.957843137254902
0.685734339357782,0.957843137254902
0.6858546858546859,0.957843137254902
0.685975074600667,0.957843137254902
0.6860955056179775,0.957843137254902
0.686215978928885,0.957843137254902
0.6861608710923779,0.9575980392156863
0.6861057438960126,0.9573529411764706
0.6862262825017569,0.9573529411764706
0.6863468634686347,0.9573529411764706
0.6864674868189806,0.9573529411764706
0.686588152575145,0.9573529411764706
0.6867088607594937,0.9573529411764706
0.6866537717601547,0.9571078431372549
0.6867745339430179,0.9571078431372549
0.6867194371152154,0.9568627450980393
0.6868402533427164,0.9568627450980393
0.6869611120886856,0.9568627450980393
0.6869060190073918,0.9566176470588236
0.6870269318781904,0.9566176470588236
0.6871478873239436,0.9566176470588236
0.6872688853671421,0.9566176470588236
0.6873899260302924,0.9566176470588236
0.6873348599612471,0.9563725490196079
0.6872797744890768,0.9561274509803922
0.6874008810572687,0.9561274509803922
0.6875220303137116,0.9561274509803922
0.6876432222809801,0.9561274509803922
0.6877644569816643,0.9561274509803922
0.6878857344383706,0.9561274509803922
0.6880070546737214,0.9561274509803922
0.6881284177103546,0.9561274509803922
0.6882498235709245,0.9561274509803922
0.6883712722781012,0.9561274509803922
0.6884927638545711,0.9561274509803922
0.6886142983230362,0.9561274509803922
0.6887358757062146,0.9561274509803922
0.6886809111778209,0.9558823529411765
0.688802543270929,0.9558823529411765
0.6887475711005123,0.9556372549019608
0.68886925795053,0.9556372549019608
0.688990987807033,0.9556372549019608
0.6891127606928243,0.9556372549019608
0.689234576630723,0.9556372549019608
0.6893564356435643,0.9556372549019608
0.6893015030946066,0.9553921568627451
0.6894234170498762,0.9553921568627451
0.6895453741376261,0.9553921568627451
0.6896673743807502,0.9553921568627451
0.6897894178021589,0.9553921568627451
0.6899115044247788,0.9553921568627451
0.6900336342715525,0.9553921568627451
0.6899787535410765,0.9551470588235295
0.6901009385514433,0.9551470588235295
0.6902231668437833,0.9551470588235295
0.6903454384410983,0.9551470588235295
0.6904677533664068,0.9551470588235295
0.6904129009392167,0.9549019607843138
0.6905352711804325,0.9549019607843138
0.6906576848076582,0.9549019607843138
0.6907801418439716,0.9549019607843138
0.6909026423124668,0.9549019607843138
0.6908478183753104,0.9546568627450981
0.6909703743125776,0.9546568627450981
0.6909155429382541,0.9544117647058824
0.6910381543921916,0.9544117647058824
0.691160809371672,0.9544117647058824
0.6912835078998757,0.9544117647058824
0.69140625,0.9544117647058824
0.6913514473450542,0.9541666666666667
0.691474245115453,0.9541666666666667
0.6915970865162551,0.9541666666666667
0.6917199715707179,0.9541666666666667
0.691665185711747,0.953921568627451
0.6917881265552791,0.953921568627451
0.6919111111111111,0.953921568627451
0.6920341394025604,0.953921568627451
0.692157211452961,0.953921568627451
0.6922803272856635,0.953921568627451
0.6924034869240349,0.953921568627451
0.6925266903914591,0.953921568627451
0.6926499377113365,0.953921568627451
0.6927732289070844,0.953921568627451
0.6928965640021364,0.953921568627451
0.6928418803418803,0.9536764705882353
0.6929652715939448,0.9536764705882353
0.6930887068044175,0.9536764705882353
0.6932121859967931,0.9536764705882353
0.693335709194583,0.9536764705882353
0.6932810550703974,0.9534313725490197
0.6934046345811051,0.9534313725490197
0.6935282581565342,0.9534313725490197
0.6936519258202568,0.9534313725490197
0.6937756375958624,0.9534313725490197
0.6938993935069568,0.9534313725490197
0.6940231935771632,0.9534313725490197
0.6939685938615274,0.953186274509804
0.6940924504729609,0.953186274509804
0.694216351303106,0.953186274509804
0.6943402963756472,0.953186274509804
0.6942857142857143,0.9529411764705882
0.694409716020718,0.9529411764705882
0.6945337620578779,0.9529411764705882
0.6946578524209398,0.9529411764705882
0.6947819871336669,0.9529411764705882
0.6949061662198391,0.9529411764705882
0.6950303897032535,0.9529411764705882
0.695154657607724,0.9529411764705882
0.6952789699570815,0.9529411764705882
0.6954033267751744,0.9529411764705882
0.6955277280858676,0.9529411764705882
0.6956521739130435,0.9529411764705882
0.6957766642806013,0.9529411764705882
0.6957222122785036,0.9526960784313725
0.6958467597565342,0.9526960784313725
0.695971351835273,0.9526960784313725
0.6959169054441261,0.9524509803921568
0.6958624395486298,0.9522058823529411
0.6958079541383017,0.9519607843137254
0.6959326285611898,0.9519607843137254
0.6958781362007168,0.9517156862745098
0.6960028678974727,0.9517156862745098
0.6961276443169595,0.9517156862745098
0.6962524654832347,0.9517156862745098
0.6963773314203731,0.9517156862745098
0.6963228699551569,0.9514705882352941
0.6962683889486904,0.9512254901960784
0.6963933249596268,0.9512254901960784
0.6963388370423547,0.9509803921568627
0.6964638305510681,0.9509803921568627
0.696588868940754,0.9509803921568627
0.6967139522355899,0.9509803921568627
0.6968390804597702,0.9509803921568627
0.6969642536375067,0.9509803921568627
0.6970894717930292,0.9509803921568627
0.6972147349505841,0.9509803921568627
0.6973400431344356,0.9509803921568627
0.6974653963688657,0.9509803921568627
0.6975907946781733,0.9509803921568627
0.697716238086675,0.9509803921568627
0.697841726618705,0.9509803921568627
0.6979672602986149,0.9509803921568627
0.6980928391507737,0.9509803921568627
0.6982184631995682,0.9509803921568627
0.6981641468682506,0.950735294117647
0.6981098109810981,0.9504901960784313
0.6982355059416636,0.9504901960784313
0.6981811633351341,0.9502450980392156
0.6981268011527377,0.95
0.6982525671050261,0.95
0.6983783783783784,0.95
0.6983240223463687,0.9497549019607843
0.69844989185292,0.9497549019607843
0.6985758067423833,0.9497549019607843
0.6987017670393076,0.9497549019607843
0.6988277727682597,0.9497549019607843
0.6987734487734488,0.9495098039215686
0.6988995128991521,0.9495098039215686
0.6990256225189462,0.9495098039215686
0.6991517776574625,0.9495098039215686
0.6992779783393501,0.9495098039215686
0.6994042245892761,0.9495098039215686
0.6995305164319249,0.9495098039215686
0.6996568538919993,0.9495098039215686
0.6997832369942196,0.9495098039215686
0.6999096657633243,0.9495098039215686
0.6998554391037224,0.9492647058823529
0.6999819266220857,0.9492647058823529
0.7001084598698482,0.9492647058823529
0.7000542397396492,0.9490196078431372
0.7,0.9487745098039215
0.7001266051727256,0.9487745098039215
0.7002532561505065,0.9487745098039215
0.7003799529582052,0.9487745098039215
0.7003257328990228,0.9485294117647058
0.7004524886877828,0.9485294117647058
0.7005792903692976,0.9485294117647058
0.7007061379684953,0.9485294117647058
0.7008330315103224,0.9485294117647058
0.7009599710197428,0.9485294117647058
0.7010869565217391,0.9485294117647058
0.7012139880413119,0.9485294117647058
0.7013410656034795,0.9485294117647058
0.7012869313032445,0.9482843137254902
0.7012327773749093,0.9480392156862745
0.7013599274705349,0.9480392156862745
0.7014871236851651,0.9480392156862745
0.7014329766007619,0.9477941176470588
0.7015602322206096,0.9477941176470588
0.7016875340228633,0.9477941176470588
0.7018148820326678,0.9477941176470588
0.701942276275186,0.9477941176470588
0.7020697167755992,0.9477941176470588
0.7021972035591066,0.9477941176470588
0.7023247366509262,0.9477941176470588
0.7024523160762943,0.9477941176470588
0.7025799418604651,0.9477941176470588
0.7027076140287116,0.9477941176470588
0.702835332606325,0.9477941176470588
0.7027813124886384,0.9475490196078431
0.7029090909090909,0.9475490196078431
0.7030369158028732,0.9475490196078431
0.7029829028737723,0.9473039215686274
0.7031107877023831,0.9473039215686274
0.7032387190684134,0.9473039215686274
0.7033666969972703,0.9473039215686274
0.7034947215143793,0.9473039215686274
0.7036227926451848,0.9473039215686274
0.7037509104151493,0.9473039215686274
0.7036969586596249,0.9470588235294117
0.7036429872495447,0.946813725490196
0.7037711787210785,0.946813725490196
0.703899416909621,0.946813725490196
0.7040277018407144,0.946813725490196
0.7041560335399198,0.946813725490196
0.7042844120328168,0.946813725490196
0.7044128373450036,0.946813725490196
0.7045413095020974,0.946813725490196
0.7046698285297337,0.946813725490196
0.7047983944535668,0.946813725490196
0.70492700729927,0.946813725490196
0.7050556670925351,0.946813725490196
0.7051843738590726,0.946813725490196
0.7053131276246121,0.946813725490196
0.7054419284149014,0.946813725490196
0.7055707762557077,0.946813725490196
0.705699671172817,0.946813725490196
0.7056458980449479,0.9465686274509804
0.7057748538011696,0.9465686274509804
0.7059038566989582,0.9465686274509804
0.7060329067641682,0.9465686274509804
0.7061620040226733,0.9465686274509804
0.7061082662765179,0.9463235294117647
0.7062374245472837,0.9463235294117647
0.7063666300768386,0.9463235294117647
0.7064958828911253,0.9463235294117647
0.7066251830161054,0.9463235294117647
0.7067545304777595,0.9463235294117647
0.7068839253020871,0.9463235294117647
0.7070133675151071,0.9463235294117647
0.706959706959707,0.946078431372549
0.7070892104781096,0.946078431372549
0.707218761451081,0.946078431372549
0.7073483599047096,0.946078431372549
0.7074780058651027,0.946078431372549
0.7076076993583869,0.946078431372549
0.7077374404107077,0.946078431372549
0.7076838437557308,0.9458333333333333
0.7078136463683052,0.9458333333333333
0.7079434966061273,0.9458333333333333
0.7080733944954128,0.9458333333333333
0.7082033400623968,0.9458333333333333
0.7083333333333334,0.9458333333333333
0.708463374334496,0.9458333333333333
0.7084098420859346,0.9455882352941176
0.7085399449035813,0.9455882352941176
0.7086700955180014,0.9455882352941176
0.7088002939555392,0.9455882352941176
0.7089305402425579,0.9455882352941176
0.708877044660908,0.9453431372549019
0.7090073529411764,0.9453431372549019
0.7091377091377091,0.9453431372549019
0.7092681132769401,0.9453431372549019
0.7093985653853228,0.9453431372549019
0.7095290654893304,0.9453431372549019
0.709475620975161,0.9450980392156862
0.7096061832903938,0.9450980392156862
0.7097367936683232,0.9450980392156862
0.7098674521354934,0.9450980392156862
0.709998158718468,0.9450980392156862
0.7101289134438306,0.9450980392156862
0.7100755203536563,0.9448529411764706
0.7102063375092115,0.9448529411764706
0.7103372028745163,0.9448529411764706
0.7104681164762255,0.9448529411764706
0.7104147465437788,0.9446078431372549
0.7105457227138643,0.9446078431372549
0.7106767471879034,0.9446078431372549
0.7108078199926227,0.9446078431372549
0.7109389411547685,0.9446078431372549
0.711070110701107,0.9446078431372549
0.7112013286584241,0.9446078431372549
0.7113325950535253,0.9446078431372549
0.7114639099132362,0.9446078431372549
0.7115952732644018,0.9446078431372549
0.7117266851338874,0.9446078431372549
0.7118581455485777,0.9446078431372549
0.7119896545353778,0.9446078431372549
0.7121212121212122,0.9446078431372549
0.7122528183330253,0.9446078431372549
0.712199630314233,0.9443627450980392
0.712331299685709,0.9443627450980392
0.7124630177514792,0.9443627450980392
0.7125947845385612,0.9443627450980392
0.7127266000739919,0.9443627450980392
0.7128584643848289,0.9443627450980392
0.7129903774981495,0.9443627450980392
0.7131223394410513,0.9443627450980392
0.7132543502406516,0.9443627450980392
0.7133864099240881,0.9443627450980392
0.7133333333333334,0.9441176470588235
0.7132802370809409,0.9438725490196078
0.7134123749536866,0.9438725490196078
0.713544561793589,0.9438725490196078
0.7136767976278725,0.9438725490196078
0.7138090824837813,0.9438725490196078
0.7139414163885799,0.9438725490196078
0.7140737993695532,0.9438725490196078
0.7140207715133531,0.9436274509803921
0.714153218326841,0.9436274509803921
0.7142857142857143,0.9436274509803921
0.7144182594173316,0.9436274509803921
0.714550853749072,0.9436274509803921
0.7146834973083349,0.9436274509803921
0.7148161901225399,0.9436274509803921
0.7149489322191273,0.9436274509803921
0.7150817236255572,0.9436274509803921
0.7152145643693107,0.9436274509803921
0.7153474544778893,0.9436274509803921
0.7154803939788144,0.9436274509803921
0.7156133828996283,0.9436274509803921
0.7157464212678937,0.9436274509803921
0.7158795091111938,0.9436274509803921
0.7160126464571323,0.9436274509803921
0.7159598214285714,0.9433823529411764
0.7160930232558139,0.9433823529411764
0.71622627465575,0.9433823529411764
0.7163595756560581,0.9433823529411764
0.7164929262844378,0.9433823529411764
0.7164401415006516,0.9431372549019608
0.7165735567970205,0.9431372549019608
0.7167070217917676,0.9431372549019608
0.7168405365126677,0.9431372549019608
0.7169741009875163,0.9431372549019608
0.7171077152441298,0.9431372549019608
0.7172413793103448,0.9431372549019608
0.7173750932140194,0.9431372549019608
0.7175088569830319,0.9431372549019608
0.7176426706452816,0.9431372549019608
0.7177765342286887,0.9431372549019608
0.7179104477611941,0.9431372549019608
0.7180444112707595,0.9431372549019608
0.7181784247853676,0.9431372549019608
0.718125816688445,0.9428921568627451
0.7182598954443614,0.9428921568627451
0.7183940242763772,0.9428921568627451
0.7185282032125514,0.9428921568627451
0.7186624322809639,0.9428921568627451
0.718796711509716,0.9428921568627451
0.7189310409269295,0.9428921568627451
0.7188785046728972,0.9426470588235294
0.7190128996074032,0.9426470588235294
0.7191473448017951,0.9426470588235294
0.7192818402842716,0.9426470588235294
0.7194163860830527,0.9426470588235294
0.7195509822263798,0.9426470588235294
0.719685628742515,0.9426470588235294
0.7198203256597417,0.9426470588235294
0.7199550730063646,0.9426470588235294
0.7199026399550646,0.9424019607843137
0.7200374531835206,0.9424019607843137
0.7201723169132797,0.9424019607843137
0.7203072311727239,0.9424019607843137
0.7204421959902567,0.9424019607843137
0.7205772113943029,0.9424019607843137
0.7207122774133083,0.9424019607843137
0.7208473940757405,0.9424019607843137
0.7207950496906057,0.942156862745098
0.7209302325581395,0.942156862745098
0.7210654661414369,0.942156862745098
0.7212007504690432,0.942156862745098
0.7213360855695252,0.942156862745098
0.7214714714714715,0.942156862745098
0.721419185282523,0.9419117647058823
0.7215546376267368,0.9419117647058823
0.7216901408450704,0.9419117647058823
0.7218256949661909,0.9419117647058823
0.7219613000187864,0.9419117647058823
0.7220969560315671,0.9419117647058823
0.7222326630332644,0.9419117647058823
0.7223684210526315,0.9419117647058823
0.7225042301184433,0.9419117647058823
0.7224520496427228,0.9416666666666667
0.7223998495392139,0.941421568627451
0.722535741158766,0.941421568627451
0.7226716839134525,0.941421568627451
0.7228076778321415,0.941421568627451
0.722755505364201,0.9411764705882353
0.7227033132530121,0.9409313725490196
0.7228393899453963,0.9409313725490196
0.7229755178907721,0.9409313725490196
0.7231116971181013,0.9409313725490196
0.7232479276563677,0.9409313725490196
0.7233842095345769,0.9409313725490196
0.7235205427817565,0.9409313725490196
0.723468426013195,0.9406862745098039
0.723604826546003,0.9406862745098039
0.7237412785215915,0.9406862745098039
0.7238777819690683,0.9406862745098039
0.7240143369175627,0.9406862745098039
0.7241509433962264,0.9406862745098039
0.7242876014342329,0.9406862745098039
0.7244243110607776,0.9406862745098039
0.7245610723050784,0.9406862745098039
0.7246978851963746,0.9406862745098039
0.7248347497639283,0.9406862745098039
0.72478277295051,0.9404411764705882
0.7249197052711128,0.9404411764705882
0.7248677248677249,0.9401960784313725
0.725004725004725,0.9401960784313725
0.724952741020794,0.9399509803921569
0.7250898090376252,0.9399509803921569
0.7252269288956127,0.9399509803921569
0.7253641006241724,0.9399509803921569
0.725501324252743,0.9399509803921569
0.7256385998107853,0.9399509803921569
0.725775927327782,0.9399509803921569
0.7259133068332387,0.9399509803921569
0.7260507383566831,0.9399509803921569
0.7261882219276652,0.9399509803921569
0.7263257575757576,0.9399509803921569
0.726273915514302,0.9397058823529412
0.7264115195149677,0.9397058823529412
0.7263596740572295,0.9394607843137255
0.726497346474602,0.9394607843137255
0.7266350710900474,0.9394607843137255
0.7267728479332575,0.9394607843137255
0.7269106770339465,0.9394607843137255
0.7270485584218513,0.9394607843137255
0.7271864921267311,0.9394607843137255
0.7273244781783681,0.9394607843137255
0.7274625166065667,0.9394607843137255
0.7274107820804859,0.9392156862745098
0.7275488893108031,0.9392156862745098
0.7276870489935435,0.9392156862745098
0.7278252611585945,0.9392156862745098
0.7279635258358662,0.9392156862745098
0.7279118373551207,0.9389705882352941
0.7280501710376283,0.9389705882352941
0.7281885573084965,0.9389705882352941
0.7283269961977187,0.9389705882352941
0.728465487735311,0.9389705882352941
0.7286040319513123,0.9389705882352941
0.7287426288757847,0.9389705882352941
0.7288812785388128,0.9389705882352941
0.7290199809705042,0.9389705882352941
0.7291587362009897,0.9389705882352941
0.7291071768513231,0.9387254901960784
0.7292460015232293,0.9387254901960784
0.7293848790706532,0.9387254901960784
0.7295238095238096,0.9387254901960784
0.7296627929129358,0.9387254901960784
0.7298018292682927,0.9387254901960784
0.7299409186201639,0.9387254901960784
0.7300800609988563,0.9387254901960784
0.7300285986653956,0.9384803921568627
0.7301678108314263,0.9384803921568627
0.730116345603662,0.9382352941176471
0.7302556276230446,0.9382352941176471
0.73039496279336,0.9382352941176471
0.7303435114503817,0.9379901960784314
0.7304829165871349,0.9379901960784314
0.7304314623902253,0.9377450980392157
0.7305709375596716,0.9377450980392157
0.7307104660045837,0.9377450980392157
0.7308500477554919,0.9377450980392157
0.73098968284295,0.9377450980392157
0.7311293712975349,0.9377450980392157
0.7310779816513762,0.9375
0.7312177403938062,0.9375
0.7311663479923518,0.9372549019607843
0.7313061770893097,0.9372549019607843
0.7314460596786534,0.9372549019607843
0.7315859957910847,0.9372549019607843
0.7315346345197091,0.9370098039215686
0.7316746411483254,0.9370098039215686
0.7318147013782542,0.9370098039215686
0.7319548152402834,0.9370098039215686
0.732094982765224,0.9370098039215686
0.7320436697950584,0.9367647058823529
0.732183908045977,0.9367647058823529
0.7323242000383215,0.9367647058823529
0.7324645458029897,0.9367647058823529
0.7326049453709028,0.9367647058823529
0.7325536809815951,0.9365196078431373
0.7326941514860978,0.9365196078431373
0.7328346758726506,0.9365196078431373
0.7329752541722616,0.9365196078431373
0.7331158864159631,0.9365196078431373
0.7332565726348109,0.9365196078431373
0.7333973128598849,0.9365196078431373
0.7333461316951431,0.9362745098039216
0.7334869431643625,0.9362745098039216
0.7336278087190321,0.9362745098039216
0.7337687283903188,0.9362745098039216
0.733909702209414,0.9362745098039216
0.7338585703305149,0.9360294117647059
0.7339996156063809,0.9360294117647059
0.7341407151095732,0.9360294117647059
0.7342818688713709,0.9360294117647059
0.734423076923077,0.9360294117647059
0.7345643392960185,0.9360294117647059
0.7347056560215467,0.9360294117647059
0.7348470271310371,0.9360294117647059
0.7349884526558892,0.9360294117647059
0.7351299326275265,0.9360294117647059
0.7350789372352715,0.9357843137254902
0.7352204891199692,0.9357843137254902
0.735362095531587,0.9357843137254902
0.7353111153920247,0.9355392156862745
0.7354527938342967,0.9355392156862745
0.7355945268837927,0.9355392156862745
0.7357363145720894,0.9355392156862745
0.7358781569307885,0.9355392156862745
0.7360200539915156,0.9355392156862745
0.736162005785921,0.9355392156862745
0.7361111111111112,0.9352941176470588
0.7362531352498553,0.9352941176470588
0.7362022385179467,0.9350490196078431
0.7363443350704497,0.9350490196078431
0.7364864864864865,0.9350490196078431
0.7366286927978374,0.9350490196078431
0.7367709540363074,0.9350490196078431
0.7369132702337261,0.9350490196078431
0.7370556414219475,0.9350490196078431
0.7371980676328502,0.9350490196078431
0.7373405488983379,0.9350490196078431
0.7374830852503383,0.9350490196078431
0.7376256767208044,0.9350490196078431
0.7377683233417134,0.9350490196078431
0.7377176015473887,0.9348039215686275
0.7378603211452892,0.9348039215686275
0.7380030959752322,0.9348039215686275
0.7381459260692859,0.9348039215686275
0.7382888114595432,0.9348039215686275
0.7382381413359148,0.9345588235294118
0.7383810999225406,0.9345588235294118
0.7385241138872748,0.9345588235294118
0.7384734598992638,0.9343137254901961
0.738616547180779,0.9343137254901961
0.7387596899224806,0.9343137254901961
0.738709052141888,0.9340686274509804
0.7386583947266382,0.9338235294117647
0.7388016288539849,0.9338235294117647
0.7387509697439876,0.933578431372549
0.738894277400582,0.933578431372549
0.7390376406674427,0.933578431372549
0.7391810595769455,0.933578431372549
0.7393245341614907,0.933578431372549
0.7394680644535042,0.933578431372549
0.7396116504854369,0.933578431372549
0.739755292289765,0.933578431372549
0.7397047397047397,0.9333333333333333
0.739848455410919,0.9333333333333333
0.7397979012825495,0.9330882352941177
0.7397473275024296,0.932843137254902
0.7398911353032659,0.932843137254902
0.7398405599844449,0.9325980392156863
0.7397899649941657,0.9323529411764706
0.739933865006808,0.9323529411764706
0.7400778210116732,0.9323529411764706
0.7400272426542129,0.9321078431372549
0.7401712728688206,0.9321078431372549
0.7403153591590422,0.9321078431372549
0.7404595015576324,0.9321078431372549
0.740603700097371,0.9321078431372549
0.7405531749123491,0.9318627450980392
0.7405026300409118,0.9316176470588236
0.7404520654715511,0.9313725490196079
0.74040148119275,0.9311274509803922
0.7403508771929824,0.9308823529411765
0.7404952232403977,0.9308823529411765
0.7406396255850234,0.9308823529411765
0.740784084259801,0.9308823529411765
0.740928599297698,0.9308823529411765
0.7410731707317073,0.9308823529411765
0.7412177985948478,0.9308823529411765
0.741167284794066,0.9306372549019608
0.7413119875048809,0.9306372549019608
0.7414567467291545,0.9306372549019608
0.7416015625,0.9306372549019608
0.741551084196132,0.9303921568627451
0.7415005861664713,0.9301470588235294
0.7416454954074653,0.9301470588235294
0.7415949960906959,0.9299019607843138
0.7417399804496578,0.9299019607843138
0.74168947985921,0.9296568627450981
0.7418345394093487,0.9296568627450981
0.74197965571205,0.9296568627450981
0.7419291723733125,0.9294117647058824
0.7418786692759296,0.9291666666666667
0.7420238794284596,0.9291666666666667
0.7421691464369616,0.9291666666666667
0.7423144703348346,0.9291666666666667
0.7422640031335683,0.928921568627451
0.742409402546523,0.928921568627451
0.742358934169279,0.9286764705882353
0.7425044091710759,0.9286764705882353
0.7426499411995297,0.9286764705882353
0.7425994902960203,0.9284313725490196
0.7427450980392157,0.9284313725490196
0.7428907628946853,0.9284313725490196
0.7430364848960377,0.9284313725490196
0.743182264076908,0.9284313725490196
0.7433281004709577,0.9284313725490196
0.7434739941118744,0.9284313725490196
0.7436199450333726,0.9284313725490196
0.743765953269193,0.9284313725490196
0.7439120188531029,0.9284313725490196
0.7440581418188961,0.9284313725490196
0.7442043222003929,0.9284313725490196
0.7443505600314404,0.9284313725490196
0.7444968553459119,0.9284313725490196
0.7446432081777079,0.9284313725490196
0.744789618560755,0.9284313725490196
0.7447394296951819,0.928186274509804
0.7448859166011015,0.928186274509804
0.7450324611449931,0.928186274509804
0.7449822904368358,0.9279411764705883
0.7451289116315686,0.9279411764705883
0.7450787401574803,0.9276960784313726
0.7452254380783618,0.9276960784313726
0.7453721937770776,0.9276960784313726
0.7455190072877683,0.9276960784313726
0.7456658786446021,0.9276960784313726
0.7458128078817734,0.9276960784313726
0.7459597950335042,0.9276960784313726
0.7461068401340429,0.9276960784313726
0.7462539432176656,0.9276960784313726
0.7464011043186748,0.9276960784313726
0.7465483234714004,0.9276960784313726
0.7464983231406589,0.9274509803921569
0.7464483030781374,0.9272058823529412
0.7465956187092955,0.9272058823529412
0.7465455981050139,0.9269607843137255
0.7466929911154985,0.9269607843137255
0.7468404423380727,0.9269607843137255
0.7469879518072289,0.9269607843137255
0.7471355195574871,0.9269607843137255
0.7472831456233946,0.9269607843137255
0.7472332015810277,0.9267156862745098
0.7471832377940304,0.9264705882352942
0.7473309608540926,0.9264705882352942
0.7472809966383231,0.9262254901960785
0.7474287974683544,0.9262254901960785
0.7475766567754698,0.9262254901960785
0.7477245745943807,0.9262254901960785
0.7476746487235306,0.9259803921568628
0.7478226444972288,0.9259803921568628
0.7477727182736091,0.9257352941176471
0.7479207920792079,0.9257352941176471
0.7478708655179244,0.9254901960784314
0.7480190174326465,0.9254901960784314
0.748167228056271,0.9254901960784314
0.748315497423702,0.9254901960784314
0.7482656095143707,0.9252450980392157
0.7484139571768438,0.9252450980392157
0.7485623636724172,0.9252450980392157
0.7487108290360968,0.9252450980392157
0.7488593533029161,0.9252450980392157
0.7488095238095238,0.925
0.7487596745385989,0.9247549019607844
0.7489082969432315,0.9247549019607844
0.749056978360135,0.9247549019607844
0.7490071485305798,0.9245098039215687
0.7489572989076465,0.924264705882353
0.7491060786650775,0.924264705882353
0.7490562288893304,0.9240196078431373
0.7492050874403816,0.9240196078431373
0.7493540051679587,0.9240196078431373
0.7495029821073559,0.9240196078431373
0.7496520182938954,0.9240196078431373
0.7498011137629276,0.9240196078431373
0.7499502685498309,0.9240196078431373
0.7500994826900119,0.9240196078431373
0.7502487562189055,0.9240196078431373
0.7503980891719745,0.9240196078431373
0.7505474815847103,0.9240196078431373
0.7506969334926324,0.9240196078431373
0.7506472814180443,0.9237745098039216
0.750796812749004,0.9237745098039216
0.7507471607890018,0.9235294117647059
0.7508967716221602,0.9235294117647059
0.7510464420968707,0.9235294117647059
0.7511961722488039,0.9235294117647059
0.751345962113659,0.9235294117647059
0.751495811727164,0.9235294117647059
0.7516457211250748,0.9235294117647059
0.7517956903431764,0.9235294117647059
0.7519457194172819,0.9235294117647059
0.7518962075848303,0.9232843137254902
0.7520463166300659,0.9232843137254902
0.7521964856230032,0.9232843137254902
0.7523467145995606,0.9232843137254902
0.7524970035956852,0.9232843137254902
0.7524475524475525,0.9230392156862746
0.7525979216626698,0.9230392156862746
0.7527483509894064,0.9230392156862746
0.7528988404638145,0.9230392156862746
0.7530493901219756,0.9230392156862746
0.753,0.9227941176470589
0.7531506301260252,0.9227941176470589
0.7533013205282113,0.9227941176470589
0.7532519511707024,0.9225490196078432
0.7534027221777422,0.9225490196078432
0.7535535535535536,0.9225490196078432
0.7537044453344013,0.9225490196078432
0.7538553975565793,0.9225490196078432
0.7540064102564102,0.9225490196078432
0.7541574834702465,0.9225490196078432
0.754308617234469,0.9225490196078432
0.754459811585488,0.9225490196078432
0.7546110665597434,0.9225490196078432
0.7547623821937036,0.9225490196078432
0.7549137585238668,0.9225490196078432
0.7548645937813441,0.9223039215686275
0.7548154093097913,0.9220588235294118
0.7549668874172185,0.9220588235294118
0.7549177037334404,0.921813725490196
0.7548685003011444,0.9215686274509803
0.7550200803212851,0.9215686274509803
0.7551717212291624,0.9215686274509803
0.7553234230614705,0.9215686274509803
0.7554751858549327,0.9215686274509803
0.7556270096463023,0.9215686274509803
0.7557788944723618,0.9215686274509803
0.7559308403699236,0.9215686274509803
0.7558817615121657,0.9213235294117647
0.7558326629123089,0.921078431372549
0.755984711325689,0.921078431372549
0.7561368209255533,0.921078431372549
0.7562889917488428,0.921078431372549
0.7564412238325282,0.921078431372549
0.7563921884437286,0.9208333333333333
0.756544502617801,0.9208333333333333
0.7566968781470292,0.9208333333333333
0.7568493150684932,0.9208333333333333
0.7570018134193028,0.9208333333333333
0.7569528415961306,0.9205882352941176
0.7569038500302359,0.9203431372549019
0.7570564516129032,0.9203431372549019
0.7572091147408752,0.9203431372549019
0.7573618394513917,0.9203431372549019
0.7575146257817228,0.9203431372549019
0.7574656981436643,0.9200980392156862
0.7576185671039354,0.9200980392156862
0.7577714977795721,0.9200980392156862
0.7577225923682617,0.9198529411764705
0.757875605815832,0.9198529411764705
0.7580286810745304,0.9198529411764705
0.7581818181818182,0.9198529411764705
0.7581329561527581,0.9196078431372549
0.7582861762328214,0.9196078431372549
0.7584394582575298,0.9196078431372549
0.7585928022644561,0.9196078431372549
0.7587462082912032,0.9196078431372549
0.7588996763754046,0.9196078431372549
0.7590532065547239,0.9196078431372549
0.7590044516390125,0.9193627450980392
0.7589556769884639,0.9191176470588235
0.7589068825910931,0.9188725490196078
0.7590605385705609,0.9188725490196078
0.7590117456460105,0.9186274509803921
0.758962932955236,0.9183823529411764
0.7591166936790924,0.9183823529411764
0.7592705167173253,0.9183823529411764
0.7594244021078232,0.9183823529411764
0.759578349888506,0.9183823529411764
0.7597323600973236,0.9183823529411764
0.7596836341512878,0.9181372549019607
0.7598377281947262,0.9181372549019607
0.7599918847636438,0.9181372549019607
0.7599431818181818,0.9178921568627451
0.7600974223665516,0.9178921568627451
0.7602517255379618,0.9178921568627451
0.7604060913705584,0.9178921568627451
0.760357432981316,0.9176470588235294
0.7605118829981719,0.9176470588235294
0.7604632263307598,0.9174019607843137
0.7606177606177607,0.9174019607843137
0.7607723577235772,0.9174019607843137
0.7609270176865216,0.9174019607843137
0.7610817405449369,0.9174019607843137
0.7612365263371975,0.9174019607843137
0.7613913751017087,0.9174019607843137
0.7613428280773143,0.917156862745098
0.7614977614977615,0.917156862745098
0.7614492163647466,0.9169117647058823
0.761400651465798,0.9166666666666666
0.7615556913052332,0.9166666666666666
0.7615071283095723,0.9164215686274509
0.7614585455286209,0.9161764705882353
0.7616136919315404,0.9161764705882353
0.7615651110658244,0.9159313725490196
0.7615165103954341,0.9156862745098039
0.7616717635066259,0.9156862745098039
0.7616231647634584,0.9154411764705882
0.7615745461962065,0.9151960784313725
0.7617299061607508,0.9151960784313725
0.7618853295245869,0.9151960784313725
0.7618367346938776,0.9149509803921568
0.7619922433149623,0.9149509803921568
0.7621478154348714,0.9149509803921568
0.7623034510925056,0.9149509803921568
0.7624591503267973,0.9149509803921568
0.7626149131767109,0.9149509803921568
0.7627707396812423,0.9149509803921568
0.7629266298794196,0.9149509803921568
0.7628781684382666,0.9147058823529411
0.7630341443467593,0.9147058823529411
0.7631901840490798,0.9147058823529411
0.7633462875843731,0.9147058823529411
0.7635024549918167,0.9147058823529411
0.7636586863106201,0.9147058823529411
0.7638149815800246,0.9147058823529411
0.763971340839304,0.9147058823529411
0.7639230139230139,0.9144607843137255
0.764079459348761,0.9144607843137255
0.7640311347808275,0.9142156862745098
0.7641876664617906,0.9142156862745098
0.764344262295082,0.9142156862745098
0.764295962287354,0.9139705882352941
0.7644526445264452,0.9139705882352941
0.7646093910190691,0.9139705882352941
0.764766201804758,0.9139705882352941
0.7647179487179487,0.9137254901960784
0.7646696758309397,0.9134803921568627
0.7648265955263698,0.9134803921568627
0.7647783251231527,0.913235294117647
0.7649353315540957,0.913235294117647
0.7650924024640657,0.913235294117647
0.7652495378927912,0.913235294117647
0.7654067378800329,0.913235294117647
0.7653585370865009,0.9129901960784313
0.7655158240854911,0.9129901960784313
0.7656731757451182,0.9129901960784313
0.7658305921052632,0.9129901960784313
0.7659880732058401,0.9129901960784313
0.7659399424105306,0.9127450980392157
0.7660975108002469,0.9127450980392157
0.7662551440329218,0.9127450980392157
0.7664128421485903,0.9127450980392157
0.7665706051873199,0.9127450980392157
0.7667284331892115,0.9127450980392157
0.7666803953871499,0.9125
0.7666323377960865,0.9122549019607843
0.7667902760609806,0.9122549019607843
0.7669482794147949,0.9122549019607843
0.7671063478977741,0.9122549019607843
0.7672644815501959,0.9122549019607843
0.7674226804123712,0.9122549019607843
0.7675809445246442,0.9122549019607843
0.76753300330033,0.9120098039215686
0.767691355477615,0.9120098039215686
0.767849773008667,0.9120098039215686
0.7680082559339525,0.9120098039215686
0.7681668042939719,0.9120098039215686
0.7683254181292587,0.9120098039215686
0.76848409748038,0.9120098039215686
0.7686428423879363,0.9120098039215686
0.768801652892562,0.9120098039215686
0.768753874767514,0.9117647058823529
0.7689127738735014,0.9117647058823529
0.7690717386810006,0.9117647058823529
0.7692307692307693,0.9117647058823529
0.7693898655635988,0.9117647058823529
0.7695490277203144,0.9117647058823529
0.7697082557417753,0.9117647058823529
0.7698675496688742,0.9117647058823529
0.7700269095425378,0.9117647058823529
0.7701863354037267,0.9117647058823529
0.7703458272934355,0.9117647058823529
0.77029826014913,0.9115196078431372
0.7702506732960431,0.9112745098039216
0.7704102776626606,0.9112745098039216
0.7703626943005182,0.9110294117647059
0.7705223880597015,0.9110294117647059
0.7706821480406386,0.9110294117647059
0.7708419742845293,0.9110294117647059
0.7710018668326073,0.9110294117647059
0.7711618257261411,0.9110294117647059
0.7711143390744968,0.9107843137254902
0.7710668327106683,0.9105392156862745
0.7712269047124767,0.9105392156862745
0.7711794019933554,0.9102941176470588
0.7713395638629283,0.9102941176470588
0.7714997922725384,0.9102941176470588
0.7716600872636609,0.9102941176470588
0.7718204488778054,0.9102941176470588
0.7719808771565163,0.9102941176470588
0.7721413721413721,0.9102941176470588
0.7723019338739863,0.9102941176470588
0.7724625623960066,0.9102941176470588
0.7726232577491159,0.9102941176470588
0.7727840199750312,0.9102941176470588
0.7727367325702393,0.9100490196078431
0.7728975853455454,0.9100490196078431
0.7730585051009785,0.9100490196078431
0.773219491878384,0.9100490196078431
0.7733805457196418,0.9100490196078431
0.7733333333333333,0.9098039215686274
0.7732861012710981,0.9095588235294118
0.7734472696957065,0.9095588235294118
0.7736085053158224,0.9095588235294118
0.7737698081734778,0.9095588235294118
0.7739311783107403,0.9095588235294118
0.7738840216937839,0.9093137254901961
0.7740454829960359,0.9093137254901961
0.7739983305509182,0.9090686274509804
0.7741598831141724,0.9090686274509804
0.774321503131524,0.9090686274509804
0.7744831906452286,0.9090686274509804
0.7744360902255639,0.9088235294117647
0.7745978692291623,0.9088235294117647
0.7747597158378604,0.9088235294117647
0.7749216300940439,0.9088235294117647
0.7750836120401338,0.9088235294117647
0.7752456617185867,0.9088235294117647
0.7754077791718946,0.9088235294117647
0.7755699644425852,0.9088235294117647
0.7757322175732217,0.9088235294117647
0.775894538606403,0.9088235294117647
0.7760569275847635,0.9088235294117647
0.7762193845509734,0.9088235294117647
0.7763819095477387,0.9088235294117647
0.7763350785340314,0.908578431372549
0.7764976958525346,0.908578431372549
0.7766603813115441,0.908578431372549
0.7768231349538978,0.908578431372549
0.7767763571578286,0.9083333333333333
0.7769392033542977,0.9083333333333333
0.7771021178444119,0.9083333333333333
0.777265100671141,0.9083333333333333
0.777428151877491,0.9083333333333333
0.7773814519513219,0.9080882352941176
0.7773347324239245,0.907843137254902
0.7772879932829555,0.9075980392156863
0.7774511862271678,0.9075980392156863
0.7776144477110458,0.9075980392156863
0.7775677378701953,0.9073529411764706
0.7777310924369748,0.9073529411764706
0.7778945156545493,0.9073529411764706
0.7780580075662042,0.9073529411764706
0.7782215682152617,0.9073529411764706
0.7783851976450799,0.9073529411764706
0.7785488958990536,0.9073529411764706
0.7787126630206143,0.9073529411764706
0.7788764990532295,0.9073529411764706
0.7788299663299664,0.9071078431372549
0.7789938960218902,0.9071078431372549
0.7791578947368422,0.9071078431372549
0.7793219625184249,0.9071078431372549
0.7792754844144903,0.9068627450980392
0.7792289867284601,0.9066176470588235
0.7793931731984829,0.9066176470588235
0.7795574288724973,0.9066176470588235
0.7797217537942664,0.9066176470588235
0.7798861480075902,0.9066176470588235
0.7800506115563054,0.9066176470588235
0.780215144484286,0.9066176470588235
0.7803797468354431,0.9066176470588235
0.7805444186537244,0.9066176470588235
0.7807091599831152,0.9066176470588235
0.7808739708676378,0.9066176470588235
0.7810388513513513,0.9066176470588235
0.7809926082365364,0.9063725490196078
0.7811575834389523,0.9063725490196078
0.7811113458694274,0.9061274509803922
0.7810650887573964,0.9058823529411765
0.7812301838934687,0.9058823529411765
0.7813953488372093,0.9058823529411765
0.7815605836329034,0.9058823529411765
0.7817258883248731,0.9058823529411765
0.7818912629574784,0.9058823529411765
0.7820567075751164,0.9058823529411765
0.7822222222222223,0.9058823529411765
0.7823878069432684,0.9058823529411765
0.7825534617827652,0.9058823529411765
0.7827191867852605,0.9058823529411765
0.78288498199534,0.9058823529411765
0.7830508474576271,0.9058823529411765
0.7830048739139648,0.9056372549019608
0.7831708350996185,0.9056372549019608
0.78312486750053,0.9053921568627451
0.7832909245122985,0.9053921568627451
0.7834570519618239,0.9053921568627451
0.7834111158252015,0.9051470588235294
0.7835773392743476,0.9051470588235294
0.7835314091680815,0.9049019607843137
0.783697728720017,0.9049019607843137
0.7838641188959661,0.9049019607843137
0.7838182204289658,0.904656862745098
0.7837723024638913,0.9044117647058824
0.7837263649883153,0.9041666666666667
0.7838929026774331,0.9041666666666667
0.7840595111583422,0.9041666666666667
0.7840136054421769,0.903921568627451
0.783967680204125,0.9036764705882353
0.7839217354317312,0.9034313725490196
0.7840884918102531,0.9034313725490196
0.7842553191489362,0.9034313725490196
0.7844222174930836,0.9034313725490196
0.7845891868880375,0.9034313725490196
0.7847562273791782,0.9034313725490196
0.784923339011925,0.9034313725490196
0.784877529286475,0.9031862745098039
0.7850447379633575,0.9031862745098039
0.7852120178989985,0.9031862745098039
0.7853793691389599,0.9031862745098039
0.7853336175655511,0.9029411764705882
0.7852878464818763,0.9026960784313726
0.7854553209639582,0.9026960784313726
0.7856228668941979,0.9026960784313726
0.7855771282270109,0.9024509803921569
0.7855313700384123,0.9022058823529412
0.7854855923159018,0.9019607843137255
0.7854397950469684,0.9017156862745098
0.7856075165492206,0.9017156862745098
0.7857753096967108,0.9017156862745098
0.7857295449690237,0.9014705882352941
0.7856837606837607,0.9012254901960784
0.7856379568283821,0.9009803921568628
0.7858058999572467,0.9009803921568628
0.7857601026298909,0.9007352941176471
0.7857142857142857,0.9004901960784314
0.7856684491978609,0.9002450980392157
0.785836542575952,0.9002450980392157
0.7860047078964263,0.9002450980392157
0.785958904109589,0.9
0.7859130807107686,0.8997549019607843
0.7860813704496789,0.8997549019607843
0.7862497322767188,0.8997549019607843
0.7864181662382177,0.8997549019607843
0.7865866723805442,0.8997549019607843
0.7865409344192027,0.8995098039215687
0.7864951768488746,0.899264705882353
0.7866638078902229,0.899264705882353
0.7868325112588462,0.899264705882353
0.787001287001287,0.899264705882353
0.7871701351641278,0.899264705882353
0.7873390557939914,0.899264705882353
0.7872934106031337,0.8990196078431373
0.7874624302275655,0.8990196078431373
0.7874167919261327,0.8987745098039216
0.7875859106529209,0.8987745098039216
0.7875402792696026,0.8985294117647059
0.7874946282767512,0.8982843137254902
0.7874489576617236,0.8980392156862745
0.7876182287188306,0.8980392156862745
0.7875725650397764,0.8977941176470589
0.7875268817204301,0.8975490196078432
0.7876962787696279,0.8975490196078432
0.7878657487091222,0.8975490196078432
0.7878200989885948,0.8973039215686275
0.7877744296168747,0.8970588235294118
0.7879440258342304,0.8970588235294118
0.7878983634797588,0.8968137254901961
0.7880680594443248,0.8968137254901961
0.7882378285221887,0.8968137254901961
0.7884076707606119,0.8968137254901961
0.7883620689655172,0.8965686274509804
0.7883164475102393,0.8963235294117647
0.7884864165588615,0.8963235294117647
0.7886564589174035,0.8963235294117647
0.7886108714408974,0.8960784313725491
0.7887810140237325,0.8960784313725491
0.7887354337505394,0.8958333333333334
0.7889056766673861,0.8958333333333334
0.788860103626943,0.8955882352941177
0.7890304469876916,0.8955882352941177
0.7889848812095033,0.895343137254902
0.7889392957442212,0.8950980392156863
0.7888936905790839,0.8948529411764706
0.7890641884590447,0.8948529411764706
0.7892347600518806,0.8948529411764706
0.7894054054054054,0.8948529411764706
0.7893598615916955,0.8946078431372549
0.7893142980748432,0.8943627450980393
0.7894850713976633,0.8943627450980393
0.7896559186323306,0.8943627450980393
0.7896103896103897,0.8941176470588236
0.7897813379519376,0.8941176470588236
0.7899523603291468,0.8941176470588236
0.7901234567901234,0.8941176470588236
0.7900779896013865,0.8938725490196079
0.7900325027085591,0.8936274509803922
0.7902037277850021,0.8936274509803922
0.7903750270973336,0.8936274509803922
0.7905464006938422,0.8936274509803922
0.7907178486228584,0.8936274509803922
0.7908893709327549,0.8936274509803922
0.7908440008678672,0.8933823529411765
0.791015625,0.8933823529411765
0.7909702626438029,0.8931372549019608
0.7909248805905341,0.8928921568627451
0.7910966340933767,0.8928921568627451
0.7912684622067767,0.8928921568627451
0.7914403649793613,0.8928921568627451
0.7916123424598001,0.8928921568627451
0.7917843946968051,0.8928921568627451
0.7919565217391304,0.8928921568627451
0.79191128506197,0.8926470588235295
0.7920835145715528,0.8926470588235295
0.7920382858385904,0.8924019607843138
0.7922106179286336,0.8924019607843138
0.7921653971708379,0.8921568627450981
0.7921201567261645,0.8919117647058824
0.7922926192031352,0.8919117647058824
0.7922473867595818,0.8916666666666667
0.7922021346111958,0.891421568627451
0.7923747276688453,0.891421568627451
0.7925473959468293,0.891421568627451
0.7927201394943331,0.891421568627451
0.7928929583605843,0.891421568627451
0.7928477976450066,0.8911764705882353
0.7928026172300982,0.8909313725490197
0.7927574171029669,0.890686274509804
0.7927121972507092,0.8904411764705882
0.7928852029681361,0.8904411764705882
0.7930582842174198,0.8904411764705882
0.7930131004366813,0.8901960784313725
0.7931862852151125,0.8901960784313725
0.7933595456531236,0.8901960784313725
0.7933143980773433,0.8899509803921568
0.7934877622377622,0.8899509803921568
0.7934426229508197,0.8897058823529411
0.7933974639265413,0.8894607843137254
0.793570959982506,0.8894607843137254
0.7937445319335084,0.8894607843137254
0.7936994093196237,0.8892156862745098
0.7936542669584246,0.8889705882352941
0.793827971109652,0.8889705882352941
0.7937828371278459,0.8887254901960784
0.7939566455003284,0.8887254901960784
0.7941305300043802,0.8887254901960784
0.7940854326396495,0.8884803921568627
0.794259421560035,0.8884803921568627
0.7944334867411791,0.8884803921568627
0.7946076282332311,0.8884803921568627
0.7947818460863846,0.8884803921568627
0.7947368421052632,0.888235294117647
0.7946918183812239,0.8879901960784313
0.7946467749012724,0.8877450980392156
0.7948211542681589,0.8877450980392156
0.7949956101843723,0.8877450980392156
0.7949506037321624,0.8875
0.7951251646903821,0.8875
0.795080166922908,0.8872549019607843
0.7952548330404218,0.8872549019607843
0.7954295759173808,0.8872549019607843
0.7956043956043956,0.8872549019607843
0.7957792921521214,0.8872549019607843
0.7957343887423043,0.8870098039215686
0.7956894655817022,0.8867647058823529
0.7958644962604488,0.8867647058823529
0.7958195819581958,0.8865196078431372
0.795774647887324,0.8862745098039215
0.7959498128989655,0.8862745098039215
0.7959048877146632,0.8860294117647058
0.7960801585553843,0.8860294117647058
0.7960352422907488,0.8857843137254902
0.7962106190790923,0.8857843137254902
0.7963860731599823,0.8857843137254902
0.7963411946219969,0.8855392156862745
0.7962962962962963,0.8852941176470588
0.7964718853362734,0.8852941176470588
0.7966475518306132,0.8852941176470588
0.7968232958305758,0.8852941176470588
0.7969991173874669,0.8852941176470588
0.7969543147208121,0.8850490196078431
0.7971302428256071,0.8850490196078431
0.7973062486200044,0.8850490196078431
0.797482332155477,0.8850490196078431
0.797437596642368,0.8848039215686274
0.7973928413610252,0.8845588235294117
0.7975690607734807,0.8845588235294117
0.7975243147656941,0.884313725490196
0.7977006411673668,0.884313725490196
0.7978770455550641,0.884313725490196
0.7978323379783234,0.8840686274509804
0.7980088495575222,0.8840686274509804
0.7981854392564727,0.8840686274509804
0.7983621071270474,0.8840686274509804
0.7985388532211645,0.8840686274509804
0.7987156775907883,0.8840686274509804
0.7988925802879291,0.8840686274509804
0.7990695613646434,0.8840686274509804
0.7992466208730334,0.8840686274509804
0.7992021276595744,0.8838235294117647
0.7993792950565285,0.8838235294117647
0.7995565410199557,0.8838235294117647
0.7997338656021291,0.8838235294117647
0.7999112688553682,0.8838235294117647
0.7998668737519414,0.883578431372549
0.7998224589436307,0.8833333333333333
0.799778024417314,0.8830882352941176
0.7999555950266429,0.8830882352941176
0.8001332445036642,0.8830882352941176
0.8003109729009329,0.8830882352941176
0.8004887802710509,0.8830882352941176
0.8006666666666666,0.8830882352941176
0.8008446321404756,0.8830882352941176
0.8008003557136505,0.8828431372549019
0.8009784300644874,0.8828431372549019
0.8009341637010676,0.8825980392156862
0.8008898776418243,0.8823529411764706
0.8010680907877169,0.8823529411764706
0.8010238148230581,0.8821078431372549
0.8012021371326803,0.8821078431372549
0.8013805388554888,0.8821078431372549
0.8015590200445434,0.8821078431372549
0.8017375807529517,0.8821078431372549
0.8019162210338681,0.8821078431372549
0.8020949409404947,0.8821078431372549
0.8022737405260811,0.8821078431372549
0.8024526198439242,0.8821078431372549
0.8026315789473685,0.8821078431372549
0.8025875529779166,0.8818627450980392
0.8027666220437305,0.8818627450980392
0.8027226065610354,0.8816176470588235
0.8026785714285715,0.8813725490196078
0.8028577807546328,0.8813725490196078
0.8030370701205896,0.8813725490196078
0.8032164395800759,0.8813725490196078
0.8031724754244861,0.8811274509803921
0.8031284916201117,0.8808823529411764
0.8033080017881091,0.8808823529411764
0.8034875922199866,0.8808823529411764
0.8034436493738819,0.8806372549019608
0.8036233504808767,0.8806372549019608
0.8035794183445191,0.8803921568627451
0.803535466547326,0.8801470588235294
0.803715308863026,0.8801470588235294
0.8036713678083726,0.8799019607843137
0.8038513210927004,0.8799019607843137
0.8038073908174692,0.879656862745098
0.8039874551971327,0.879656862745098
0.8041676002688775,0.879656862745098
0.8041237113402062,0.8794117647058823
0.8040798027348128,0.8791666666666667
0.8040358744394619,0.878921568627451
0.804216191971294,0.878921568627451
0.8043965903992822,0.878921568627451
0.8045770697778775,0.878921568627451
0.8047576301615799,0.878921568627451
0.8049382716049382,0.878921568627451
0.8048944768747194,0.8786764705882353
0.8048506624747361,0.8784313725490196
0.8050314465408805,0.8784313725490196
0.8049876432262413,0.8781862745098039
0.8049438202247191,0.8779411764705882
0.8051247471341875,0.8779411764705882
0.8050809352517986,0.8776960784313725
0.8052619743647402,0.8776960784313725
0.8052181736392263,0.8774509803921569
0.8053993250843644,0.8774509803921569
0.8055805580558055,0.8774509803921569
0.8057618726085978,0.8774509803921569
0.8057181449797388,0.8772058823529412
0.8058995721684306,0.8772058823529412
0.8060810810810811,0.8772058823529412
0.8060373958098671,0.8769607843137255
0.805993690851735,0.8767156862745098
0.8059499661933739,0.8764705882352941
0.806131650135257,0.8764705882352941
0.8063134160090192,0.8764705882352941
0.8064952638700947,0.8764705882352941
0.806677193773968,0.8764705882352941
0.8068592057761733,0.8764705882352941
0.8070412999322952,0.8764705882352941
0.8072234762979684,0.8764705882352941
0.8071799503273877,0.8762254901960784
0.8071364046973803,0.8759803921568627
0.8073187259995482,0.8759803921568627
0.807275192046995,0.8757352941176471
0.8072316384180791,0.8754901960784314
0.8074141048824593,0.8754901960784314
0.8075966538548497,0.8754901960784314
0.8075531433740389,0.8752450980392157
0.8075096132096811,0.875
0.8076923076923077,0.875
0.8076487893188504,0.8747549019607843
0.8076052512449072,0.8745098039215686
0.8075616934570976,0.8742647058823529
0.8075181159420289,0.8740196078431373
0.8077010192525481,0.8740196078431373
0.8078840054372451,0.8740196078431373
0.8080670745524586,0.8740196078431373
0.8082502266545785,0.8740196078431373
0.8084334618000454,0.8740196078431373
0.8086167800453514,0.8740196078431373
0.8088001814470401,0.8740196078431373
0.8087568058076225,0.8737745098039216
0.8089403222146585,0.8737745098039216
0.8091239219246482,0.8737745098039216
0.8090805902383655,0.8735294117647059
0.8090372388737511,0.8732843137254902
0.809220985691574,0.8732843137254902
0.8091776465243071,0.8730392156862745
0.8093615087480118,0.8730392156862745
0.8093181818181818,0.8727941176470588
0.8095021595817231,0.8727941176470588
0.8094588449295134,0.8725490196078431
0.8096429383670685,0.8725490196078431
0.8098271155595996,0.8725490196078431
0.8097838452787258,0.8723039215686275
0.8097405553026855,0.8720588235294118
0.8099248804916913,0.8720588235294118
0.8098816029143898,0.8718137254901961
0.8100660441812799,0.8718137254901961
0.8100227790432801,0.8715686274509804
0.810207336523126,0.8715686274509804
0.8103919781221514,0.8715686274509804
0.8103487576931844,0.8713235294117647
0.8105335157318742,0.8713235294117647
0.8107183580387686,0.8713235294117647
0.8109032846715328,0.8713235294117647
0.811088295687885,0.8713235294117647
0.8110451848471018,0.871078431372549
0.8112303127139923,0.871078431372549
0.8111872146118722,0.8708333333333333
0.8113724594656314,0.8708333333333333
0.8113293741434445,0.8705882352941177
0.8112862691341102,0.870343137254902
0.8112431444241316,0.8700980392156863
0.8114285714285714,0.8700980392156863
0.8116140832190215,0.8700980392156863
0.8117996798536474,0.8700980392156863
0.8117566331198536,0.8698529411764706
0.8119423472889499,0.8698529411764706
0.8118993135011442,0.8696078431372549
0.8118562600137331,0.8693627450980392
0.8120421245421245,0.8693627450980392
0.8119990840393863,0.8691176470588236
0.8121850664223546,0.8691176470588236
0.8121420389461627,0.8688725490196079
0.8123281393217232,0.8688725490196079
0.8122851249140499,0.8686274509803922
0.812242090784044,0.8683823529411765
0.8124283421233662,0.8683823529411765
0.8126146788990826,0.8683823529411765
0.8128011011699932,0.8683823529411765
0.8129876089949518,0.8683823529411765
0.8129446867110397,0.8681372549019608
0.8131313131313131,0.8681372549019608
0.8133180252583238,0.8681372549019608
0.813275149288011,0.8678921568627451
0.8134619802435102,0.8678921568627451
0.8134191176470589,0.8676470588235294
0.8136060675706734,0.8676470588235294
0.8135632183908046,0.8674019607843138
0.8135203495056335,0.8671568627450981
0.8134774609015639,0.8669117647058824
0.8136645962732919,0.8669117647058824
0.8136217211228716,0.8666666666666667
0.8138089758342922,0.8666666666666667
0.8139963167587477,0.8666666666666667
0.814183743955791,0.8666666666666667
0.8143712574850299,0.8666666666666667
0.8145588574061277,0.8666666666666667
0.8145161290322581,0.866421568627451
0.8144733809633556,0.8661764705882353
0.8146611341632088,0.8661764705882353
0.8146183998155407,0.8659313725490196
0.8148062730627307,0.8659313725490196
0.8149942329873126,0.8659313725490196
0.8149515459160129,0.865686274509804
0.8149088391414724,0.8654411764705883
0.8150969529085873,0.8654411764705883
0.8150542599861463,0.8651960784313726
0.815242494226328,0.8651960784313726
0.8154308154308154,0.8651960784313726
0.8156192236598891,0.8651960784313726
0.8158077189738849,0.8651960784313726
0.8157651410078595,0.8649509803921569
0.8157225433526012,0.8647058823529412
0.8156799259944496,0.8644607843137255
0.8156372889197316,0.8642156862745098
0.8155946321147617,0.8639705882352942
0.8157833834760472,0.8639705882352942
0.8159722222222222,0.8639705882352942
0.8159296133364204,0.8637254901960785
0.8158869847151459,0.8634803921568628
0.8158443363446838,0.8632352941176471
0.8158016682113067,0.8629901960784314
0.8157589803012746,0.8627450980392157
0.8159480760315253,0.8627450980392157
0.8161372594481799,0.8627450980392157
0.8163265306122449,0.8627450980392157
0.8162839248434238,0.8625
0.8162412993039443,0.8622549019607844
0.8164307263866326,0.8622549019607844
0.8166202414113277,0.8622549019607844
0.8165776642674716,0.8620098039215687
0.8167673014398513,0.8620098039215687
0.8169570267131243,0.8620098039215687
0.8169144981412639,0.861764705882353
0.8171043458052522,0.861764705882353
0.8172942817294282,0.861764705882353
0.8172518019065333,0.8615196078431373
0.8172093023255814,0.8612745098039216
0.8173993952081879,0.8612745098039216
0.8175895765472313,0.8612745098039216
0.8177798464044682,0.8612745098039216
0.8179702048417132,0.8612745098039216
0.8181606519208382,0.8612745098039216
0.8181183046110853,0.8610294117647059
0.8183088749126485,0.8610294117647059
0.8184995340167754,0.8610294117647059
0.8184572360755069,0.8607843137254902
0.8184149184149184,0.8605392156862746
0.818372581021217,0.8602941176470589
0.8185634328358209,0.8602941176470589
0.8187543736878936,0.8602941176470589
0.8187120858609426,0.8600490196078432
0.8186697782963828,0.8598039215686275
0.8186274509803921,0.8595588235294118
0.8188185851038992,0.8595588235294118
0.8187762727697337,0.859313725490196
0.8187339406680683,0.8590686274509803
0.8189252336448598,0.8590686274509803
0.8191166160317831,0.8590686274509803
0.8190743338008415,0.8588235294117647
0.8192658405424363,0.8588235294117647
0.8194574368568756,0.8588235294117647
0.8196491228070175,0.8588235294117647
0.8198408984557791,0.8588235294117647
0.8197987362508776,0.858578431372549
0.8197565543071161,0.8583333333333333
0.8199484898150317,0.8583333333333333
0.8199063231850117,0.8580882352941176
0.8200983836964161,0.8580882352941176
0.8200562324273665,0.8578431372549019
0.8202484180923365,0.8578431372549019
0.8202062822315986,0.8575980392156862
0.8203985932004689,0.8575980392156862
0.8205909943714822,0.8575980392156862
0.8205489092188599,0.8573529411764705
0.820506804317222,0.8571078431372549
0.8206993663459282,0.8571078431372549
0.8208920187793427,0.8571078431372549
0.8208499647804649,0.8568627450980392
0.8208078910286519,0.8566176470588235
0.821000704721635,0.8566176470588235
0.8211936090225563,0.8566176470588235
0.8211515863689777,0.8563725490196078
0.8211095439586271,0.8561274509803921
0.8210674817775687,0.8558823529411764
0.8210253998118533,0.8556372549019607
0.8209832980475182,0.8553921568627451
0.8209411764705883,0.8551470588235294
0.8211343845610732,0.8551470588235294
0.8210922787193974,0.8549019607843137
0.8212856133741464,0.8549019607843137
0.8212435233160622,0.854656862745098
0.8214369846878681,0.854656862745098
0.8216305372290292,0.854656862745098
0.8218241810040066,0.854656862745098
0.822017916077322,0.854656862745098
0.8222117425135581,0.854656862745098
0.8224056603773585,0.854656862745098
0.8225996697334277,0.854656862745098
0.8225578102878717,0.8544117647058823
0.822751947132405,0.8544117647058823
0.822710103871577,0.8541666666666666
0.8226682408500591,0.8539215686274509
0.8228625413320737,0.8539215686274509
0.8230569336168202,0.8539215686274509
0.8232514177693762,0.8539215686274509
0.8234459938548806,0.8539215686274509
0.8236406619385342,0.8539215686274509
0.8238354220855995,0.8539215686274509
0.8237937559129612,0.8536764705882353
0.8237520700260231,0.8534313725490196
0.8239469947941316,0.8534313725490196
0.823905325443787,0.8531862745098039
0.8241003787878788,0.8531862745098039
0.8240587260241534,0.8529411764705882
0.8242539081004263,0.8529411764705882
0.824212271973466,0.8526960784313725
0.8244075829383887,0.8526960784313725
0.8243659634984594,0.8524509803921568
0.8245614035087719,0.8524509803921568
0.8245198008062604,0.8522058823529411
0.8247153700189753,0.8522058823529411
0.8249110320284697,0.8522058823529411
0.8251067869008069,0.8522058823529411
0.825065274151436,0.8519607843137255
0.8250237416904084,0.8517156862745098
0.8252196627879363,0.8517156862745098
0.8251781472684085,0.8514705882352941
0.8253741981468282,0.8514705882352941
0.8253326996197718,0.8512254901960784
0.8255288804373663,0.8512254901960784
0.8257251545411317,0.8512254901960784
0.8256837098692034,0.8509803921568627
0.8258801141769743,0.8509803921568627
0.8260766119438496,0.8509803921568627
0.8262732032365541,0.8509803921568627
0.8264698881218757,0.8509803921568627
0.8266666666666667,0.8509803921568627
0.8268635389378424,0.8509803921568627
0.827060505002382,0.8509803921568627
0.827257564927329,0.8509803921568627
0.8272163965681602,0.850735294117647
0.8271752085816448,0.8504901960784313
0.8271340009537435,0.8502450980392157
0.827092773670403,0.85
0.8270515267175572,0.8497549019607843
0.8270102600811262,0.8495098039215686
0.8269689737470167,0.8492647058823529
0.826927667701122,0.8490196078431372
0.8271251193887297,0.8490196078431372
0.8270838309051827,0.8487745098039216
0.827281414237936,0.8487745098039216
0.8272401433691756,0.8485294117647059
0.8271988527724665,0.8482843137254902
0.8273966053071958,0.8482843137254902
0.8275944524151124,0.8482843137254902
0.827553216933748,0.8480392156862745
0.8275119617224881,0.8477941176470588
0.8277099784637473,0.8477941176470588
0.827908089995213,0.8477941176470588
0.8281062963849652,0.8477941176470588
0.8283045977011494,0.8477941176470588
0.828502994011976,0.8477941176470588
0.8284619070436032,0.8475490196078431
0.8286604361370716,0.8475490196078431
0.8286193672099712,0.8473039215686274
0.8288180292495805,0.8473039215686274
0.8290167865707434,0.8473039215686274
0.8292156392420245,0.8473039215686274
0.8294145873320538,0.8473039215686274
0.8293736501079914,0.8470588235294118
0.8295727316370619,0.8470588235294118
0.8297719087635054,0.8470588235294118
0.829971181556196,0.8470588235294118
0.8299303386980543,0.8468137254901961
0.8301297453147525,0.8468137254901961
0.8303292477769767,0.8468137254901961
0.8302884615384616,0.8465686274509804
0.8302476556864631,0.8463235294117647
0.8304473304473304,0.8463235294117647
0.830406543180178,0.846078431372549
0.8303657362848893,0.8458333333333333
0.8305655836341757,0.8458333333333333
0.8307655272026961,0.8458333333333333
0.8309655670599566,0.8458333333333333
0.8309248554913294,0.8455882352941176
0.8308841243073958,0.845343137254902
0.8310843373493976,0.845343137254902
0.8312846469028682,0.845343137254902
0.8314850530376084,0.845343137254902
0.8314444176513142,0.8450980392156863
0.8316449589966233,0.8450980392156863
0.8316043425814234,0.8448529411764706
0.8315637065637066,0.8446078431372549
0.8317644219164856,0.8446078431372549
0.8319652341863834,0.8446078431372549
0.8319246558802221,0.8443627450980392
0.8318840579710145,0.8441176470588235
0.8318434404445518,0.8438725490196078
0.8320444659255679,0.8438725490196078
0.8320038675368625,0.8436274509803922
0.8322050290135397,0.8436274509803922
0.8324062877871826,0.8436274509803922
0.8326076439283987,0.8436274509803922
0.8328090975078636,0.8436274509803922
0.8327686350435625,0.8433823529411765
0.8327281529895909,0.8431372549019608
0.8329297820823245,0.8431372549019608
0.8328893194478082,0.8428921568627451
0.8330910852713178,0.8428921568627451
0.8330506421129149,0.8426470588235294
0.8332525448376151,0.8426470588235294
0.8334545454545454,0.8426470588235294
0.8336566440349176,0.8426470588235294
0.833616298811545,0.8424019607843137
0.8335759340126152,0.842156862745098
0.8335355496238777,0.8419117647058824
0.833495145631068,0.8416666666666667
0.8336974993930566,0.8416666666666667
0.8336571151044196,0.841421568627451
0.8336167111974739,0.8411764705882353
0.8338192419825073,0.8411764705882353
0.8340218712029162,0.8411764705882353
0.8339815264948954,0.8409313725490196
0.8339411621687333,0.8406862745098039
0.8339007782101168,0.8404411764705882
0.8338603746047191,0.8401960784313726
0.8340632603406326,0.8401960784313726
0.8340228766123144,0.8399509803921569
0.8342259006815969,0.8399509803921569
0.8344290236182128,0.8399509803921569
0.8343886994641987,0.8397058823529412
0.8345919610231425,0.8397058823529412
0.8345516569200779,0.8394607843137255
0.8345113331708506,0.8392156862745098
0.8344709897610921,0.8389705882352941
0.8346744696415508,0.8389705882352941
0.8346341463414634,0.8387254901960784
0.8345938033666748,0.8384803921568628
0.8345534407027818,0.8382352941176471
0.8345130583353674,0.8379901960784314
0.83447265625,0.8377450980392157
0.8344322344322345,0.8375
0.8346360527601367,0.8375
0.8348399706816516,0.8375
0.8350439882697948,0.8375
0.8352481055976534,0.8375
0.8352078239608802,0.8372549019607843
0.8351675226216679,0.8370098039215687
0.8353718199608611,0.8370098039215687
0.8355762172742843,0.8370098039215687
0.8357807146353402,0.8370098039215687
0.8357405140758873,0.836764705882353
0.8359451518119491,0.836764705882353
0.8359049718344355,0.8365196078431373
0.8358647721705047,0.8362745098039216
0.836069590786572,0.8362745098039216
0.8360294117647059,0.8360294117647059
0.8359892130424124,0.8357843137254902
0.836194212849436,0.8357843137254902
0.8363993132205053,0.8357843137254902
0.8366045142296369,0.8357843137254902
0.8368098159509203,0.8357843137254902
0.8370152184585175,0.8357843137254902
0.8369752025534004,0.8355392156862745
0.837180746561886,0.8355392156862745
0.8371407516580692,0.8352941176470589
0.8373464373464373,0.8352941176470589
0.8373064635045465,0.8350490196078432
0.8372664700098329,0.8348039215686275
0.8374723383329236,0.8348039215686275
0.8374323659616331,0.8345588235294118
0.8373923739237392,0.8343137254901961
0.8373523622047244,0.8340686274509804
0.8373123307900566,0.8338235294117647
0.8372722796651896,0.8335784313725491
0.8374784535828613,0.8335784313725491
0.8374384236453202,0.8333333333333334
0.8373983739837398,0.8330882352941177
0.8373583045835387,0.832843137254902
0.8375647029824994,0.832843137254902
0.8375246548323472,0.8325980392156863
0.8374845869297164,0.8323529411764706
0.8376911692155895,0.8323529411764706
0.8376511226252159,0.8321078431372549
0.837857847976308,0.8321078431372549
0.8380646753887929,0.8321078431372549
0.8382716049382716,0.8321078431372549
0.8382316621387997,0.8318627450980393
0.838191699604743,0.8316176470588236
0.8381517173214726,0.8313725490196079
0.838111715274345,0.8311274509803922
0.83831891223733,0.8311274509803922
0.8385262116716122,0.8311274509803922
0.8387336136532278,0.8311274509803922
0.838941118258288,0.8311274509803922
0.8391487255629795,0.8311274509803922
0.8391089108910891,0.8308823529411765
0.8390690765040851,0.8306372549019608
0.8390292223873205,0.8303921568627451
0.8389893485261333,0.8301470588235295
0.839197224975223,0.8301470588235295
0.8394052044609666,0.8301470588235295
0.8393653941497273,0.8299019607843138
0.8393255640962063,0.8296568627450981
0.8392857142857143,0.8294117647058824
0.8394939221036963,0.8294117647058824
0.8397022332506203,0.8294117647058824
0.8396624472573839,0.8291666666666667
0.8398709036742801,0.8291666666666667
0.8400794636205612,0.8291666666666667
0.8402881271733731,0.8291666666666667
0.8402484472049689,0.828921568627451
0.8404572564612326,0.828921568627451
0.8404175988068605,0.8286764705882353
0.8403779214321233,0.8284313725490197
0.840586918676946,0.8284313725490197
0.840547263681592,0.828186274509804
0.8405075889524758,0.8279411764705882
0.8404678944748631,0.8276960784313725
0.8406771222305203,0.8276960784313725
0.8406374501992032,0.8274509803921568
0.8408468244084683,0.8274509803921568
0.841056302939711,0.8274509803921568
0.8412658858709195,0.8274509803921568
0.8412263210368893,0.8272058823529411
0.8414360508601346,0.8272058823529411
0.8416458852867831,0.8272058823529411
0.8416063856323273,0.8269607843137254
0.841816367265469,0.8269607843137254
0.8420264537060145,0.8269607843137254
0.8419870194707938,0.8267156862745098
0.8419475655430712,0.8264705882352941
0.8421578421578422,0.8264705882352941
0.8421184111916062,0.8262254901960784
0.8420789605197402,0.8259803921568627
0.8420394901274681,0.825735294117647
0.84225,0.825735294117647
0.8424606151537885,0.825735294117647
0.8426713356678339,0.825735294117647
0.8426319739804854,0.8254901960784313
0.8425925925925926,0.8252450980392156
0.8428035043804756,0.8252450980392156
0.842764146219329,0.825
0.8429752066115702,0.825
0.8429358717434869,0.8247549019607843
0.8428965171636181,0.8245098039215686
0.8431077694235589,0.8245098039215686
0.8433191276009024,0.8245098039215686
0.843530591775326,0.8245098039215686
0.8437421620265864,0.8245098039215686
0.8437029603612645,0.8242647058823529
0.8439146800501882,0.8242647058823529
0.8438755020080321,0.8240196078431372
0.8440873713281446,0.8240196078431372
0.8440482169763938,0.8237745098039215
0.8440090429540317,0.8235294117647058
0.8439698492462312,0.8232843137254902
0.8439306358381503,0.8230392156862745
0.8438914027149321,0.8227941176470588
0.8438521498617048,0.8225490196078431
0.8438128772635815,0.8223039215686274
0.8440251572327044,0.8223039215686274
0.8439859084046301,0.8220588235294117
0.8441983387868109,0.8220588235294117
0.844159113796576,0.821813725490196
0.8443716947872073,0.821813725490196
0.8443324937027707,0.8215686274509804
0.8442932728647015,0.8213235294117647
0.8442540322580645,0.821078431372549
0.8442147718679103,0.8208333333333333
0.8444276348966213,0.8208333333333333
0.8443883984867592,0.8205882352941176
0.8443491422805247,0.8203431372549019
0.8443098662629321,0.8200980392156862
0.8445229681978799,0.8200980392156862
0.8444837162332745,0.8198529411764706
0.8444444444444444,0.8196078431372549
0.8446577418540036,0.8196078431372549
0.8448711470439616,0.8196078431372549
0.8450846600960323,0.8196078431372549
0.8450455005055612,0.8193627450980392
0.845259165613148,0.8193627450980392
0.8454729387961558,0.8193627450980392
0.8456868201366051,0.8193627450980392
0.8459008097165992,0.8193627450980392
0.8458618071374335,0.8191176470588235
0.8458227848101266,0.8188725490196078
0.8457837427196758,0.8186274509803921
0.8457446808510638,0.8183823529411764
0.8457055991892577,0.8181372549019608
0.8456664977192093,0.8178921568627451
0.8458808618504436,0.8178921568627451
0.845841784989858,0.8176470588235294
0.8460563023078874,0.8176470588235294
0.8462709284627092,0.8176470588235294
0.8464856635371734,0.8176470588235294
0.8467005076142132,0.8176470588235294
0.8466615892358467,0.8174019607843137
0.8468765871000508,0.8174019607843137
0.8470916941833884,0.8174019607843137
0.8473069105691057,0.8174019607843137
0.8472681067344345,0.817156862745098
0.8474834773767158,0.817156862745098
0.84744469870328,0.8169117647058823
0.8476602238046795,0.8169117647058823
0.8476214703637751,0.8166666666666667
0.8475826972010179,0.816421568627451
0.8477984219903283,0.816421568627451
0.8480142566191446,0.816421568627451
0.8479755538579068,0.8161764705882353
0.848191543555782,0.8161764705882353
0.8484076433121019,0.8161764705882353
0.8483690112130479,0.8159313725490196
0.8483303594188122,0.8156862745098039
0.8482916879143294,0.8154411764705882
0.8482529966845193,0.8151960784313725
0.8484693877551021,0.8151960784313725
0.8484307221229905,0.8149509803921569
0.8486472690148035,0.8149509803921569
0.8486086290528466,0.8147058823529412
0.8485699693564862,0.8144607843137255
0.8485312899106002,0.8142156862745098
0.8487480838017374,0.8142156862745098
0.848709430104779,0.8139705882352941
0.8489263803680982,0.8139705882352941
0.8491434415750447,0.8139705882352941
0.8493606138107417,0.8139705882352941
0.8495778971603991,0.8139705882352941
0.8497952917093142,0.8139705882352941
0.8497568466854364,0.8137254901960784
0.8499743983614951,0.8137254901960784
0.8499359795134444,0.8134803921568627
0.8498975409836066,0.8132352941176471
0.8498590827568537,0.8129901960784314
0.8500768836494106,0.8129901960784314
0.8500384516790567,0.8127450980392157
0.85,0.8125
0.8502180046165684,0.8125
0.8501795792714213,0.8122549019607843
0.8501411342057993,0.8120098039215686
0.8503593429158111,0.8120098039215686
0.8503209242618742,0.8117647058823529
0.8502824858757062,0.8115196078431373
0.8505008990495762,0.8115196078431373
0.8504624871531347,0.8112745098039216
0.8504240555127217,0.8110294117647059
0.8506426735218509,0.8110294117647059
0.8508614039598869,0.8110294117647059
0.8510802469135802,0.8110294117647059
0.851299202469771,0.8110294117647059
0.8515182707153885,0.8110294117647059
0.8514800514800515,0.8107843137254902
0.8516992790937178,0.8107843137254902
0.8516610867885656,0.8105392156862745
0.8518804739824832,0.8105392156862745
0.851842308683329,0.8102941176470588
0.8520618556701031,0.8102941176470588
0.8520237174529518,0.8100490196078431
0.851985559566787,0.8098039215686275
0.851947381996389,0.8095588235294118
0.8519091847265222,0.8093137254901961
0.8521290322580645,0.8093137254901961
0.8523489932885906,0.8093137254901961
0.852569067906016,0.8093137254901961
0.8525309917355371,0.8090686274509804
0.8527512270731077,0.8090686274509804
0.8527131782945736,0.8088235294117647
0.8526751098475058,0.808578431372549
0.8528955532574974,0.808578431372549
0.8531161106801138,0.808578431372549
0.8530781169167098,0.8083333333333333
0.8530401034928848,0.8080882352941177
0.8530020703933747,0.807843137254902
0.8529640176028993,0.8075980392156863
0.8529259451061626,0.8073529411764706
0.8531468531468531,0.8073529411764706
0.8533678756476684,0.8073529411764706
0.85358901269759,0.8073529411764706
0.8538102643856921,0.8073529411764706
0.853772361939331,0.8071078431372549
0.8539937759336099,0.8071078431372549
0.8542153047989623,0.8071078431372549
0.8541774779449922,0.8068627450980392
0.8541396314560084,0.8066176470588236
0.8541017653167186,0.8063725490196079
0.8540638795118151,0.8061274509803922
0.8542857142857143,0.8061274509803922
0.8542478565861262,0.8058823529411765
0.8544698544698545,0.8058823529411765
0.85443202495451,0.8056372549019608
0.8546541861674467,0.8056372549019608
0.8548764629388816,0.8056372549019608
0.8548387096774194,0.8053921568627451
0.8548009367681498,0.8051470588235294
0.8550234252993233,0.8051470588235294
0.8549856808122884,0.8049019607843138
0.8549479166666667,0.8046568627450981
0.8551706173482678,0.8046568627450981
0.8553934340802501,0.8046568627450981
0.8553557466770915,0.8044117647058824
0.855318039624609,0.8041666666666667
0.8552803129074316,0.803921568627451
0.8555033907146583,0.803921568627451
0.8557265849204279,0.803921568627451
0.8559498956158664,0.803921568627451
0.8561733228921953,0.803921568627451
0.856135770234987,0.8036764705882353
0.8560981979629146,0.8034313725490196
0.8560606060606061,0.803186274509804
0.8562842957930494,0.803186274509804
0.856508102456874,0.803186274509804
0.8564705882352941,0.8029411764705883
0.8564330543933054,0.8026960784313726
0.8566570755950824,0.8026960784313726
0.8566195709052852,0.8024509803921569
0.8565820465846637,0.8022058823529412
0.856544502617801,0.8019607843137255
0.8565069389892642,0.8017156862745098
0.8564693556836039,0.8014705882352942
0.856431752685355,0.8012254901960785
0.8566561844863732,0.8012254901960785
0.8566186107470511,0.8009803921568628
0.8568432092291557,0.8009803921568628
0.8568056648308419,0.8007352941176471
0.8570304302203567,0.8007352941176471
0.8569929152453424,0.8004901960784314
0.8572178477690289,0.8004901960784314
0.8571803622998162,0.8002450980392157
0.8574054621848739,0.8002450980392157
0.8573680063041765,0.8
0.8575932737782449,0.8
0.8575558475689882,0.7997549019607844
0.8577812828601472,0.7997549019607844
0.8577438864054694,0.7995098039215687
0.8577064702788006,0.799264705882353
0.8576690344646146,0.7990196078431373
0.8576315789473684,0.7987745098039216
0.8578573308765465,0.7987745098039216
0.8578199052132701,0.7985294117647059
0.8580458256518304,0.7985294117647059
0.8582718651211801,0.7985294117647059
0.8584980237154151,0.7985294117647059
0.8584607274644175,0.7982843137254902
0.8586870551015028,0.7982843137254902
0.8586497890295358,0.7980392156862746
0.858612503297283,0.7977941176470589
0.858575197889182,0.7975490196078432
0.8585378727896542,0.7973039215686275
0.8587645195353749,0.7973039215686275
0.858991285978347,0.7973039215686275
0.8589540412044374,0.7970588235294118
0.8589167767503303,0.796813725490196
0.8591437632135307,0.796813725490196
0.859370869680148,0.796813725490196
0.8595980962453729,0.796813725490196
0.8598254430044961,0.796813725490196
0.8597883597883598,0.7965686274509803
0.8600158772161948,0.7965686274509803
0.8599788247750132,0.7963235294117647
0.859941752713794,0.796078431372549
0.8601694915254238,0.796078431372549
0.8603973509933774,0.796078431372549
0.8606253312135665,0.796078431372549
0.8608534322820037,0.796078431372549
0.8608165429480382,0.7958333333333333
0.8607796340493238,0.7955882352941176
0.8607427055702918,0.7953431372549019
0.8609710798620324,0.7953431372549019
0.8611995753715499,0.7953431372549019
0.8611627289620387,0.7950980392156862
0.8613913967073819,0.7950980392156862
0.8613545816733068,0.7948529411764705
0.861317747077577,0.7946078431372549
0.8612808929045974,0.7943627450980392
0.861244019138756,0.7941176470588235
0.8612071257644244,0.7938725490196078
0.8611702127659574,0.7936274509803921
0.8611332801276935,0.7933823529411764
0.8613624268227781,0.7933823529411764
0.8615916955017301,0.7933823529411764
0.8615548455804047,0.7931372549019607
0.8615179760319573,0.7928921568627451
0.8614810868407032,0.7926470588235294
0.8614441779909405,0.7924019607843137
0.8616737739872068,0.7924019607843137
0.8616368968275127,0.792156862745098
0.8618666666666667,0.792156862745098
0.8618298212856762,0.7919117647058823
0.862059765208111,0.7919117647058823
0.8622898318654924,0.7919117647058823
0.8622530699412707,0.7916666666666666
0.8624833110814419,0.7916666666666666
0.8624465811965812,0.7914215686274509
0.8624098316858135,0.7911764705882353
0.8623730625334046,0.7909313725490196
0.8623362737236033,0.7906862745098039
0.8625668449197861,0.7906862745098039
0.8627975394490506,0.7906862745098039
0.862760834670947,0.7904411764705882
0.8629917045758629,0.7904411764705882
0.8632226980728052,0.7904411764705882
0.863186077643909,0.7901960784313725
0.8631494376004285,0.7899509803921568
0.8633806589874096,0.7899509803921568
0.8636120042872455,0.7899509803921568
0.8638434735995711,0.7899509803921568
0.8640750670241287,0.7899509803921568
0.8643067846607669,0.7899509803921568
0.8642703862660944,0.7897058823529411
0.864502280654682,0.7897058823529411
0.8647342995169082,0.7897058823529411
0.8646979865771812,0.7894607843137255
0.8646616541353384,0.7892156862745098
0.8646253021756648,0.7889705882352941
0.8648576034390113,0.7889705882352941
0.8650900295619457,0.7889705882352941
0.8650537634408603,0.7887254901960784
0.8650174778166174,0.7884803921568627
0.8649811726734804,0.788235294117647
0.8649448479956955,0.7879901960784313
0.864908503767492,0.7877450980392157
0.8651413189771198,0.7877450980392157
0.8653742595584276,0.7877450980392157
0.865338001615944,0.7875
0.865301724137931,0.7872549019607843
0.8655348962543788,0.7872549019607843
0.8657681940700809,0.7872549019607843
0.8657320032353735,0.7870098039215686
0.8656957928802589,0.7867647058823529
0.8656595629889399,0.7865196078431372
0.8656233135456017,0.7862745098039216
0.8658569500674764,0.7862745098039216
0.8660907127429806,0.7862745098039216
0.8663246016743181,0.7862745098039216
0.8665586169638033,0.7862745098039216
0.866522561469873,0.7860294117647059
0.8667567567567568,0.7860294117647059
0.8667207353338741,0.7857843137254902
0.8666846944294213,0.7855392156862745
0.86664863402759,0.7852941176470588
0.8666125541125541,0.7850490196078431
0.8665764546684709,0.7848039215686274
0.8665403356794802,0.7845588235294118
0.8665041971297048,0.7843137254901961
0.8664680390032503,0.7840686274509804
0.8664318612842048,0.7838235294117647
0.8663956639566396,0.783578431372549
0.8663594470046083,0.7833333333333333
0.8663232104121475,0.7830882352941176
0.8665581773799838,0.7830882352941176
0.8665219750406945,0.782843137254902
0.8664857530529172,0.7825980392156863
0.8664495114006515,0.7823529411764706
0.8664132500678794,0.7821078431372549
0.8666485605649104,0.7821078431372549
0.8668839989133388,0.7821078431372549
0.8668478260869565,0.7818627450980392
0.8668116335960859,0.7816176470588235
0.8667754214246873,0.7813725490196078
0.8667391895567038,0.7811274509803922
0.8669749727965179,0.7811274509803922
0.866938775510204,0.7808823529411765
0.866902558519325,0.7806372549019608
0.8671385788184046,0.7806372549019608
0.8671023965141612,0.7803921568627451
0.8673385998365568,0.7803921568627451
0.867574931880109,0.7803921568627451
0.8678113927500681,0.7803921568627451
0.8677753544165758,0.7801470588235294
0.8677392964275975,0.7799019607843137
0.8679759956355702,0.7799019607843137
0.8679399727148704,0.779656862745098
0.8681768558951966,0.779656862745098
0.8684138684138684,0.779656862745098
0.8683779355543418,0.7794117647058824
0.8686151324774651,0.7794117647058824
0.8685792349726776,0.7791666666666667
0.8688166165619021,0.7791666666666667
0.8687807545106616,0.778921568627451
0.8687448728465955,0.7786764705882353
0.8687089715536105,0.7784313725490196
0.8689466484268126,0.7784313725490196
0.8691844553913519,0.7784313725490196
0.8694223925540652,0.7784313725490196
0.8693866374589266,0.7781862745098039
0.8693508627773213,0.7779411764705882
0.8693150684931507,0.7776960784313726
0.8695533022745958,0.7776960784313726
0.8695175438596491,0.7774509803921569
0.8697559638058678,0.7774509803921569
0.8697202413603949,0.7772058823529412
0.869684499314129,0.7769607843137255
0.8696487376509331,0.7767156862745098
0.8698874553939061,0.7767156862745098
0.870126304228446,0.7767156862745098
0.8703652842625652,0.7767156862745098
0.8703296703296703,0.7764705882352941
0.8702940368233031,0.7762254901960784
0.8705332600329851,0.7762254901960784
0.8704976629089909,0.7759803921568628
0.8707370737073707,0.7759803921568628
0.8707015130674003,0.7757352941176471
0.8706659328563566,0.7754901960784314
0.8709055876685935,0.7754901960784314
0.8708700440528634,0.7752450980392157
0.871109887083448,0.7752450980392157
0.8713498622589532,0.7752450980392157
0.8713144116836594,0.775
0.8712789415656009,0.7747549019607843
0.8712434518886132,0.7745098039215687
0.8714837286265857,0.7745098039215687
0.871448275862069,0.774264705882353
0.8714128035320088,0.7740196078431373
0.8716533259729506,0.7740196078431373
0.8716178906681391,0.7737745098039216
0.8718586025959679,0.7737745098039216
0.8718232044198895,0.7735294117647059
0.8717877866814037,0.7732843137254902
0.8717523493642897,0.7730392156862745
0.8717168924523085,0.7727941176470589
0.8716814159292036,0.7725490196078432
0.8716459197786999,0.7723039215686275
0.8718871057000553,0.7723039215686275
0.8718516468308884,0.7720588235294118
0.8718161683277962,0.7718137254901961
0.8717806701744669,0.7715686274509804
0.8717451523545706,0.7713235294117647
0.8717096148517595,0.7710784313725491
0.8719512195121951,0.7710784313725491
0.871915719434433,0.7708333333333334
0.8718801996672213,0.7705882352941177
0.872122052704577,0.7705882352941177
0.8723640399556049,0.7705882352941177
0.8723286150430197,0.770343137254902
0.8722931704608551,0.7700980392156863
0.8722577061927242,0.7698529411764706
0.8722222222222222,0.7696078431372549
0.8724645734926368,0.7696078431372549
0.8724291272929405,0.7693627450980393
0.872393661384487,0.7691176470588236
0.8726362625139044,0.7691176470588236
0.8726008344923505,0.7688725490196079
0.8728436282693378,0.7688725490196079
0.873086557194545,0.7688725490196079
0.8730512249443207,0.7686274509803922
0.873015873015873,0.7683823529411765
0.8729805013927576,0.7681372549019608
0.8729451100585122,0.7678921568627451
0.8729096989966555,0.7676470588235295
0.8731530526902704,0.7676470588235295
0.8733965421081985,0.7676470588235295
0.8733612273361228,0.7674019607843138
0.8733258928571429,0.7671568627450981
0.8732905386547586,0.7669117647058824
0.873534338358459,0.7669117647058824
0.8734990226193801,0.7666666666666667
0.873463687150838,0.766421568627451
0.8734283319362951,0.7661764705882353
0.873672442705422,0.7661764705882353
0.87363712608331,0.7659313725490197
0.8738814317673378,0.7659313725490197
0.8738461538461538,0.765686274509804
0.8738108561835478,0.7654411764705882
0.8737755387629443,0.7651960784313725
0.8737402015677491,0.7649509803921568
0.8739848781853823,0.7649509803921568
0.8739495798319328,0.7647058823529411
0.8739142616979546,0.7644607843137254
0.8741591928251121,0.7644607843137254
0.8741239136529296,0.7642156862745098
0.8740886146943354,0.7639705882352941
0.8740532959326788,0.7637254901960784
0.8742985409652076,0.7637254901960784
0.8745439236598372,0.7637254901960784
0.8745087029758563,0.7634803921568627
0.8744734625105307,0.763235294117647
0.874438202247191,0.7629901960784313
0.8744029221691486,0.7627450980392156
0.8743676222596964,0.7625
0.8743323025021085,0.7622549019607843
0.8742969628796401,0.7620098039215686
0.8742616033755274,0.7617647058823529
0.8742262239729882,0.7615196078431372
0.8744722769490572,0.7615196078431372
0.8747184684684685,0.7615196078431372
0.874964798648268,0.7615196078431372
0.8752112676056338,0.7615196078431372
0.8754578754578755,0.7615196078431372
0.8757046223224352,0.7615196078431372
0.8759515083168875,0.7615196078431372
0.8759165256627186,0.7612745098039215
0.876163610719323,0.7612745098039215
0.8761286681715575,0.7610294117647058
0.8760937058989556,0.7607843137254902
0.8763410502540937,0.7607843137254902
0.8763061282123694,0.7605392156862745
0.8762711864406779,0.7602941176470588
0.8762362249222945,0.7600490196078431
0.8762012436404748,0.7598039215686274
0.8761662425784563,0.7595588235294117
0.876131221719457,0.759313725490196
0.8760961810466761,0.7590686274509804
0.8763440860215054,0.7590686274509804
0.8763090857628079,0.7588235294117647
0.8762740656851642,0.758578431372549
0.8765222316624186,0.758578431372549
0.876770538243626,0.758578431372549
0.8767356191555682,0.7583333333333333
0.876984126984127,0.7583333333333333
0.8769492486532464,0.7580882352941176
0.8771979580260919,0.7580882352941176
0.8771631205673759,0.7578431372549019
0.8771282633371169,0.7575980392156862
0.8770933863184786,0.7573529411764706
0.8770584894946053,0.7571078431372549
0.8770235728486225,0.7568627450980392
0.8772727272727273,0.7568627450980392
0.8775220233020744,0.7568627450980392
0.8774872086412735,0.7566176470588235
0.877452374182542,0.7563725490196078
0.8777019340159272,0.7563725490196078
0.8776671408250356,0.7561274509803921
0.877632327831531,0.7558823529411764
0.8778821520068317,0.7558823529411764
0.8778473804100227,0.7556372549019608
0.8780974081458274,0.7556372549019608
0.8783475783475784,0.7556372549019608
0.878312909660872,0.7553921568627451
0.878563283922463,0.7553921568627451
0.8785286569717707,0.7551470588235294
0.8784940102681118,0.7549019607843137
0.8784593437945791,0.754656862745098
0.8787100456621004,0.754656862745098
0.8789608906651442,0.754656862745098
0.8789263278126784,0.7544117647058823
0.8791773778920309,0.7544117647058823
0.8791428571428571,0.7541666666666667
0.879394112603601,0.7541666666666667
0.8796455117209834,0.7541666666666667
0.8798970546182442,0.7541666666666667
0.879862700228833,0.753921568627451
0.8798283261802575,0.7536764705882353
0.8797939324556382,0.7534313725490196
0.8797595190380761,0.7531862745098039
0.8797250859106529,0.7529411764705882
0.879977083930106,0.7529411764705882
0.8802292263610315,0.7529411764705882
0.880194898251648,0.7526960784313725
0.8801605504587156,0.7524509803921569
0.8801261829652997,0.7522058823529412
0.8803786574870912,0.7522058823529412
0.8803443328550933,0.7519607843137255
0.8805970149253731,0.7519607843137255
0.8805627332759116,0.7517156862745098
0.8805284319356692,0.7514705882352941
0.8804941108876759,0.7512254901960784
0.8804597701149425,0.7509803921568627
0.8804254096004599,0.7507352941176471
0.8803910293271996,0.7504901960784314
0.8803566292781133,0.7502450980392157
0.8803222094361335,0.75
0.8805755395683453,0.75
0.8805411629245826,0.7497549019607843
0.8807947019867549,0.7497549019607843
0.8807603686635944,0.7495098039215686
0.8807260155574762,0.7492647058823529
0.8809798270893372,0.7492647058823529
0.8809455174401845,0.7490196078431373
0.881199538638985,0.7490196078431373
0.8811652725699451,0.7487745098039216
0.881130986728217,0.7485294117647059
0.881096681096681,0.7482843137254902
0.88135103926097,0.7482843137254902
0.8816055443257291,0.7482843137254902
0.8815713460427499,0.7480392156862745
0.8815371279976886,0.7477941176470588
0.8815028901734104,0.7475490196078431
0.8814686325527609,0.7473039215686275
0.8814343551185656,0.7470588235294118
0.8814000578536303,0.7468137254901961
0.8813657407407407,0.7465686274509804
0.8813314037626628,0.7463235294117647
0.8812970469021424,0.746078431372549
0.8812626701419056,0.7458333333333333
0.8812282734646582,0.7455882352941177
0.881193856853086,0.745343137254902
0.881159420289855,0.7450980392156863
0.8811249637576108,0.7448529411764706
0.8813805104408353,0.7448529411764706
0.8816362053959965,0.7448529411764706
0.881601857225769,0.7446078431372549
0.8815674891146589,0.7443627450980392
0.8815331010452961,0.7441176470588236
0.8817891373801917,0.7441176470588236
0.8817547937245788,0.7438725490196079
0.8817204301075269,0.7436274509803922
0.8816860465116279,0.7433823529411765
0.8819424251235825,0.7433823529411765
0.8819080860965678,0.7431372549019608
0.8818737270875764,0.7428921568627451
0.8818393480791619,0.7426470588235294
0.8818049490538573,0.7424019607843138
0.8817705299941759,0.7421568627450981
0.88173609088261,0.7419117647058824
0.8817016317016317,0.7416666666666667
0.8816671524336928,0.741421568627451
0.8816326530612245,0.7411764705882353
0.8818897637795275,0.7411764705882353
0.882147024504084,0.7411764705882353
0.882112634957689,0.7409313725490196
0.8820782253356684,0.740686274509804
0.8823357664233576,0.740686274509804
0.8823014018691588,0.7404411764705883
0.8822670172363424,0.7401960784313726
0.8822326125073057,0.7399509803921569
0.8821981876644256,0.7397058823529412
0.8824561403508772,0.7397058823529412
0.882421760748757,0.7394607843137255
0.8826799297834991,0.7394607843137255
0.8826455955516535,0.7392156862745098
0.8826112412177985,0.7389705882352942
0.8825768667642753,0.7387254901960785
0.8825424721734036,0.7384803921568628
0.8828010547905069,0.7384803921568628
0.8830597889800703,0.7384803921568628
0.8830255057167986,0.7382352941176471
0.882991202346041,0.7379901960784314
0.8829568788501027,0.7377450980392157
0.8829225352112676,0.7375
0.8828881714117992,0.7372549019607844
0.88285378743394,0.7370098039215687
0.8831130690161527,0.7370098039215687
0.8830787309048178,0.736764705882353
0.8833382309726712,0.736764705882353
0.8833039388594944,0.7365196078431373
0.8832696265804175,0.7362745098039216
0.883235294117647,0.7360294117647059
0.8832009414533687,0.7357843137254902
0.883166568569747,0.7355392156862746
0.8831321754489255,0.7352941176470589
0.8833922261484098,0.7352941176470589
0.8836524300441826,0.7352941176470589
0.8836181496758987,0.7350490196078432
0.8835838491010904,0.7348039215686275
0.8838443396226415,0.7348039215686275
0.8841049837805957,0.7348039215686275
0.8843657817109144,0.7348039215686275
0.884331661257008,0.7345588235294118
0.8842975206611571,0.734313725490196
0.8845586064363744,0.734313725490196
0.8845245126993503,0.7340686274509803
0.8847858197932054,0.7340686274509803
0.8850472813238771,0.7340686274509803
0.8850133018031333,0.7338235294117647
0.8852749852158486,0.7338235294117647
0.8855368234250222,0.7338235294117647
0.8857988165680474,0.7338235294117647
0.8857650192364604,0.733578431372549
0.8860272350503257,0.733578431372549
0.8859934853420195,0.7333333333333333
0.8859597156398105,0.7330882352941176
0.8862222222222222,0.7330882352941176
0.8861885002963841,0.7328431372549019
0.8861547583753335,0.7325980392156862
0.8861209964412812,0.7323529411764705
0.8860872144764165,0.7321078431372549
0.886053412462908,0.7318627450980392
0.8863164143662808,0.7318627450980392
0.8865795724465558,0.7318627450980392
0.8865458865458865,0.7316176470588235
0.8865121806298277,0.7313725490196078
0.8864784546805349,0.7311274509803921
0.8864447086801427,0.7308823529411764
0.8864109426107643,0.7306372549019607
0.8866745984533017,0.7306372549019607
0.8866408806902708,0.7303921568627451
0.8866071428571428,0.7301470588235294
0.8865733849359928,0.7299019607843137
0.8865396069088743,0.729656862745098
0.8865058087578195,0.7294117647058823
0.886471990464839,0.7291666666666666
0.8864381520119226,0.7289215686274509
0.8864042933810375,0.7286764705882353
0.8863704145541307,0.7284313725490196
0.8866348448687351,0.7284313725490196
0.8866010146225007,0.7281862745098039
0.8865671641791045,0.7279411764705882
0.8868318901164527,0.7279411764705882
0.8867980884109916,0.7276960784313725
0.8870630415297281,0.7276960784313725
0.8873281530185296,0.7276960784313725
0.8872944693572496,0.7274509803921568
0.8872607655502392,0.7272058823529411
0.8872270415794197,0.7269607843137255
0.8871932974266906,0.7267156862745098
0.8871595330739299,0.7264705882352941
0.887125748502994,0.7262254901960784
0.8870919436957173,0.7259803921568627
0.8870581186339125,0.725735294117647
0.8870242732993707,0.7254901960784313
0.8872901678657075,0.7254901960784313
0.8875562218890555,0.7254901960784313
0.8875224955008998,0.7252450980392157
0.8874887488748875,0.725
0.8877551020408163,0.725
0.8877214049834884,0.7247549019607843
0.8876876876876877,0.7245098039215686
0.8879543406428357,0.7245098039215686
0.8882211538461539,0.7245098039215686
0.8881875563570785,0.7242647058823529
0.8881539386650631,0.7240196078431372
0.8881203007518798,0.7237745098039216
0.8880866425992779,0.7235294117647059
0.8880529641889858,0.7232843137254902
0.8880192655027093,0.7230392156862745
0.8882866606443842,0.7230392156862745
0.8882530120481927,0.7227941176470588
0.8882193431756553,0.7225490196078431
0.8884870403857745,0.7225490196078431
0.8884534217666566,0.7223039215686274
0.8884197828709288,0.7220588235294118
0.8883861236802413,0.7218137254901961
0.8886541943270971,0.7218137254901961
0.8889224268035013,0.7218137254901961
0.8891908212560387,0.7218137254901961
0.8891573542736333,0.7215686274509804
0.8891238670694864,0.7213235294117647
0.8890903596252644,0.721078431372549
0.8893591293833132,0.721078431372549
0.8893256728152404,0.7208333333333333
0.8892921960072595,0.7205882352941176
0.8892586989409985,0.720343137254902
0.8895278450363197,0.720343137254902
0.8894943990311838,0.7200980392156863
0.8894609327680194,0.7198529411764706
0.8894274462284156,0.7196078431372549
0.8896969696969697,0.7196078431372549
0.889663534404365,0.7193627450980392
0.8899332929047907,0.7193627450980392
0.8898999090081893,0.7191176470588235
0.8898665048543689,0.7188725490196078
0.8898330804248862,0.7186274509803922
0.8897996357012751,0.7183823529411765
0.889766170665047,0.7181372549019608
0.8900364520048603,0.7181372549019608
0.8900030385900942,0.7178921568627451
0.8899696048632219,0.7176470588235294
0.889936150805716,0.7174019607843137
0.8899026763990268,0.717156862745098
0.8901734104046243,0.717156862745098
0.8904443091905052,0.717156862745098
0.8904109589041096,0.7169117647058824
0.8903775883069428,0.7166666666666667
0.8903441973804447,0.716421568627451
0.8903107861060329,0.7161764705882353
0.8902773544651021,0.7159313725490196
0.8902439024390244,0.7156862745098039
0.8902104300091491,0.7154411764705882
0.8901769371568029,0.7151960784313726
0.8904485810192249,0.7151960784313726
0.8904151404151404,0.7149509803921569
0.890381679389313,0.7147058823529412
0.8903481979230299,0.7144607843137255
0.8906202260922701,0.7144607843137255
0.8908924205378973,0.7144607843137255
0.8908590645062672,0.7142156862745098
0.8908256880733945,0.7139705882352941
0.8907922912205567,0.7137254901960784
0.8910648714810282,0.7137254901960784
0.8910315273951638,0.7134803921568628
0.8909981628903858,0.7132352941176471
0.891271056661562,0.7132352941176471
0.8912377450980392,0.7129901960784314
0.8915108795586884,0.7129901960784314
0.891477621091355,0.7127450980392157
0.891444342226311,0.7125
0.8914110429447852,0.7122549019607843
0.891377723227984,0.7120098039215687
0.8916513198281154,0.7120098039215687
0.8916180534233957,0.711764705882353
0.8915847665847666,0.7115196078431373
0.8915514592933947,0.7112745098039216
0.8915181315304241,0.7110294117647059
0.8914847832769751,0.7107843137254902
0.8914514145141451,0.7105392156862745
0.8914180252230083,0.7102941176470589
0.8913846153846153,0.7100490196078432
0.8913511849799939,0.7098039215686275
0.8916256157635468,0.7098039215686275
0.8915922389898367,0.7095588235294118
0.8915588416512631,0.7093137254901961
0.8918335901386749,0.7093137254901961
0.8918002466091245,0.7090686274509804
0.8917668825161887,0.7088235294117647
0.891733497840839,0.7085784313725491
0.8917000925640235,0.7083333333333334
0.8916666666666667,0.7080882352941177
0.8916332201296696,0.707843137254902
0.8915997529339098,0.7075980392156863
0.891566265060241,0.7073529411764706
0.8915327564894932,0.7071078431372549
0.891499227202473,0.7068627450980393
0.891465677179963,0.7066176470588236
0.8917414166408908,0.7066176470588236
0.8917079207920792,0.7063725490196079
0.8916744042092232,0.7061274509803922
0.891640866873065,0.7058823529411765
0.8916073087643234,0.7056372549019608
0.8918835192069393,0.7056372549019608
0.8921599008366904,0.7056372549019608
0.8921264724116553,0.7053921568627451
0.8924031007751938,0.7053921568627451
0.8923697270471465,0.7051470588235295
0.8923363326093702,0.7049019607843138
0.8926132836747361,0.7049019607843138
0.8925799441167339,0.7046568627450981
0.8925465838509317,0.7044117647058824
0.8928238583410997,0.7044117647058824
0.8927905531385955,0.7041666666666667
0.8930680758470625,0.7041666666666667
0.8930348258706468,0.703921568627451
0.8933125972006221,0.703921568627451
0.8932794026135656,0.7036764705882353
0.8935574229691877,0.7036764705882353
0.8935242839352429,0.7034313725490197
0.893491124260355,0.703186274509804
0.8934579439252337,0.7029411764705882
0.8934247429105641,0.7026960784313725
0.8933915211970075,0.7024509803921568
0.8933582787652011,0.7022058823529411
0.8933250155957579,0.7019607843137254
0.8932917316692668,0.7017156862745098
0.8935705368289638,0.7017156862745098
0.8935373087730253,0.7014705882352941
0.8935040599625235,0.7012254901960784
0.8937831927522649,0.7012254901960784
0.8940625,0.7012254901960784
0.8940293841825571,0.7009803921568627
0.8939962476547842,0.700735294117647
0.8939630903972474,0.7004901960784313
0.8939299123904881,0.7002450980392156
0.8938967136150234,0.7
0.8938634940513462,0.6997549019607843
0.8938302536799249,0.6995098039215686
0.893796992481203,0.6992647058823529
0.8940770918207458,0.6992647058823529
0.8940438871473354,0.6990196078431372
0.894324239573534,0.6990196078431372
0.8942910915934755,0.6987745098039215
0.8945716975211798,0.6987745098039215
0.8945386064030132,0.6985294117647058
0.8945054945054945,0.6982843137254902
0.8944723618090452,0.6980392156862745
0.8947533773169966,0.6980392156862745
0.8947203016970459,0.6977941176470588
0.895001571832757,0.6977941176470588
0.8952830188679245,0.6977941176470588
0.8952500786410821,0.6975490196078431
0.8952171176840781,0.6973039215686274
0.8951841359773371,0.6970588235294117
0.8951511335012594,0.696813725490196
0.8951181102362205,0.6965686274509804
0.8954001260239446,0.6965686274509804
0.89536716041601,0.6963235294117647
0.8953341740226987,0.696078431372549
0.8953011668243457,0.6958333333333333
0.895583596214511,0.6958333333333333
0.895550646891764,0.6955882352941176
0.8958333333333334,0.6955882352941176
0.8958004420587307,0.6953431372549019
0.8957675300063171,0.6950980392156862
0.8960505529225908,0.6950980392156862
0.8960176991150443,0.6948529411764706
0.8959848245336706,0.6946078431372549
0.8959519291587603,0.6943627450980392
0.895919012970579,0.6941176470588235
0.8958860759493671,0.6938725490196078
0.8961696739474517,0.6938725490196078
0.8964534515516149,0.6938725490196078
0.8967374089325308,0.6938725490196078
0.8967046894803549,0.6936274509803921
0.8969889064976229,0.6936274509803921
0.8969562460367787,0.6933823529411764
0.8969235648588646,0.6931372549019608
0.8968908629441624,0.6928921568627451
0.8968581402729292,0.6926470588235294
0.8971428571428571,0.6926470588235294
0.8971101937122896,0.6924019607843137
0.8970775095298602,0.692156862745098
0.8973625675246266,0.692156862745098
0.8973299427844882,0.6919117647058823
0.8972972972972973,0.6916666666666667
0.897264631043257,0.691421568627451
0.8972319440025454,0.6911764705882353
0.897199236155315,0.6909313725490196
0.8971665074816937,0.6906862745098039
0.8974522292993631,0.6906862745098039
0.8974195603695444,0.6904411764705882
0.8973868706182282,0.6901960784313725
0.897672935926044,0.6901960784313725
0.8976403061224489,0.6899509803921569
0.8976076555023923,0.6897058823529412
0.8975749840459477,0.6894607843137255
0.8975422917331631,0.6892156862745098
0.8978288633461047,0.6892156862745098
0.8977962312360268,0.6889705882352941
0.8977635782747604,0.6887254901960784
0.8977309044423138,0.6884803921568627
0.8976982097186701,0.6882352941176471
0.8976654940837864,0.6879901960784314
0.8976327575175944,0.6877450980392157
0.8976,0.6875
0.8975672215108835,0.6872549019607843
0.8975344220300993,0.6870098039215686
0.8975016015374759,0.6867647058823529
0.8974687600128164,0.6865196078431373
0.8974358974358975,0.6862745098039216
0.89740301378647,0.6860294117647059
0.8973701090442592,0.6857843137254902
0.8973371831889637,0.6855392156862745
0.8973042362002568,0.6852941176470588
0.8972712680577849,0.6850490196078431
0.8972382787411689,0.6848039215686275
0.8972052682300032,0.6845588235294118
0.897172236503856,0.6843137254901961
0.8971391835422694,0.6840686274509804
0.8971061093247589,0.6838235294117647
0.8973946606625924,0.6838235294117647
0.8973616473616474,0.683578431372549
0.8976504666881235,0.683578431372549
0.8976175144880876,0.6833333333333333
0.8979066022544283,0.6833333333333333
0.8978737113402062,0.6830882352941177
0.8978407992265549,0.682843137254902
0.8978078658929722,0.6825980392156863
0.8980973879393744,0.6825980392156863
0.8983870967741936,0.6825980392156863
0.8986769925782511,0.6825980392156863
0.8989670755326017,0.6825980392156863
0.8989344526961576,0.6823529411764706
0.8992248062015504,0.6823529411764706
0.8995153473344103,0.6823529411764706
0.8994828700711054,0.6821078431372549
0.8994503718073068,0.6818627450980392
0.8997412677878396,0.6818627450980392
0.8997088320931738,0.6816176470588236
0.8996763754045307,0.6813725490196079
0.8996438977015215,0.6811274509803922
0.8999352331606217,0.6811274509803922
0.8999028182701652,0.6808823529411765
0.8998703823720026,0.6806372549019608
0.8998379254457051,0.6803921568627451
0.8998054474708171,0.6801470588235294
0.9000973078170613,0.6801470588235294
0.900064892926671,0.6799019607843138
0.9000324569944823,0.6796568627450981
0.9,0.6794117647058824
0.9002923026956804,0.6794117647058824
0.9002599090318388,0.6791666666666667
0.9005524861878453,0.6791666666666667
0.900520156046814,0.678921568627451
0.9008130081300812,0.678921568627451
0.9011060507482108,0.678921568627451
0.9010738691832086,0.6786764705882353
0.9010416666666666,0.6784313725490196
0.9010094431781179,0.678186274509804
0.9009771986970684,0.6779411764705883
0.9012707722385142,0.6779411764705883
0.9015645371577575,0.6779411764705883
0.9015324421258559,0.6776960784313726
0.9015003261578604,0.6774509803921569
0.901468189233279,0.6772058823529412
0.9014360313315927,0.6769607843137255
0.901403852432256,0.6767156862745098
0.9013716525146963,0.6764705882352942
0.9013394315583143,0.6762254901960785
0.9016339869281046,0.6762254901960785
0.9016018306636155,0.6759803921568628
0.9018966644865926,0.6759803921568628
0.9018645731108931,0.6757352941176471
0.9018324607329843,0.6754901960784314
0.9018003273322422,0.6752450980392157
0.9017681728880157,0.675
0.9020635440550279,0.675
0.9020314547837484,0.6747549019607844
0.9019993444772206,0.6745098039215687
0.9022950819672131,0.6745098039215687
0.9025910134470319,0.6745098039215687
0.9025590551181102,0.674264705882353
0.9025270758122743,0.6740196078431373
0.9024950755088641,0.6737745098039216
0.902791461412151,0.6737745098039216
0.9027595269382391,0.6735294117647059
0.9027275714755176,0.6732843137254902
0.9026955950032873,0.6730392156862746
0.9026635975008221,0.6727941176470589
0.9026315789473685,0.6725490196078432
0.9025995393221454,0.6723039215686275
0.902896642527979,0.6723039215686275
0.9031939413895291,0.6723039215686275
0.9031620553359684,0.6720588235294118
0.9034596375617793,0.6720588235294118
0.9034278180619644,0.671813725490196
0.9033959775799538,0.6715686274509803
0.9033641160949868,0.6713235294117647
0.9033322335862751,0.671078431372549
0.9036303630363036,0.671078431372549
0.9035985473753714,0.6708333333333333
0.9038969616908851,0.6708333333333333
0.9038652130822596,0.6705882352941176
0.9038334434897555,0.6703431372549019
0.9041322314049587,0.6703431372549019
0.9041005291005291,0.6700980392156862
0.9040688058220311,0.6698529411764705
0.9040370615486433,0.6696078431372549
0.9040052962595168,0.6693627450980392
0.9039735099337748,0.6691176470588235
0.9039417025505134,0.6688725490196078
0.9039098740888005,0.6686274509803921
0.9042094796155121,0.6686274509803921
0.9041777188328912,0.6683823529411764
0.9041459369817578,0.6681372549019607
0.9041141340411414,0.6678921568627451
0.9044142051111849,0.6678921568627451
0.9043824701195219,0.6676470588235294
0.9046828296247094,0.6676470588235294
0.9049833887043189,0.6676470588235294
0.9049518112329678,0.6674019607843137
0.9049202127659575,0.667156862745098
0.9048885932823412,0.6669117647058823
0.9048569527611444,0.6666666666666666
0.9051580698835274,0.6666666666666666
0.9051264980026631,0.6664215686274509
0.9050949050949051,0.6661764705882353
0.9050632911392406,0.6659313725490196
0.9050316561146284,0.6656862745098039
0.9053333333333333,0.6656862745098039
0.905301767255752,0.6654411764705882
0.9052701801200801,0.6651960784313725
0.9055722389055723,0.6651960784313725
0.9058744993324432,0.6651960784313725
0.9058430717863105,0.6649509803921568
0.905811623246493,0.6647058823529411
0.9061142666221182,0.6647058823529411
0.9064171122994652,0.6647058823529411
0.9067201604814443,0.6647058823529411
0.9066889632107024,0.6644607843137255
0.9069923051187688,0.6644607843137255
0.9072958500669344,0.6644607843137255
0.9072648141948443,0.6642156862745098
0.9072337575351641,0.6639705882352941
0.9072026800670017,0.6637254901960784
0.9075067024128687,0.6637254901960784
0.9078109285953738,0.6637254901960784
0.9077800134138162,0.6634803921568627
0.9077490774907749,0.663235294117647
0.9077181208053692,0.6629901960784313
0.9076871433366902,0.6627450980392157
0.9076561450638012,0.6625
0.9076251259657373,0.6622549019607843
0.9075940860215054,0.6620098039215686
0.907563025210084,0.6617647058823529
0.9075319435104237,0.6615196078431372
0.9078372014799866,0.6615196078431372
0.9078061911170928,0.6612745098039216
0.9077751598788287,0.6610294117647059
0.9077441077441077,0.6607843137254902
0.9077130346918154,0.6605392156862745
0.9076819407008087,0.6602941176470588
0.9076508257499157,0.6600490196078431
0.9076196898179366,0.6598039215686274
0.9075885328836425,0.6595588235294118
0.9075573549257759,0.6593137254901961
0.907526155923051,0.6590686274509804
0.9074949358541526,0.6588235294117647
0.9078014184397163,0.6588235294117647
0.9077702702702702,0.658578431372549
0.9077391010476512,0.6583333333333333
0.907707910750507,0.6580882352941176
0.9076766993574569,0.657843137254902
0.9076454668470907,0.6575980392156863
0.9076142131979695,0.6573529411764706
0.9075829383886256,0.6571078431372549
0.9075516423975618,0.6568627450980392
0.907520325203252,0.6566176470588235
0.9074889867841409,0.6563725490196078
0.9074576271186441,0.6561274509803922
0.9074262461851476,0.6558823529411765
0.9073948439620081,0.6556372549019608
0.9073634204275535,0.6553921568627451
0.9073319755600815,0.6551470588235294
0.9073005093378608,0.6549019607843137
0.9072690217391305,0.654656862745098
0.9072375127420998,0.6544117647058824
0.907205982324949,0.6541666666666667
0.9075144508670521,0.6541666666666667
0.9074829931972789,0.653921568627451
0.9074515141204491,0.6536764705882353
0.9074200136147039,0.6534313725490196
0.9073884916581546,0.6531862745098039
0.9073569482288828,0.6529411764705882
0.9073253833049404,0.6526960784313726
0.907293796864349,0.6524509803921569
0.9076031367200819,0.6524509803921569
0.9075716234652115,0.6522058823529412
0.9075400887069259,0.6519607843137255
0.9075085324232082,0.6517156862745098
0.9074769545920109,0.6514705882352941
0.9074453551912568,0.6512254901960784
0.9074137341988384,0.6509803921568628
0.907382091592618,0.6507352941176471
0.9073504273504274,0.6504901960784314
0.9073187414500684,0.6502450980392157
0.9072870338693123,0.65
0.9072553045859001,0.6497549019607843
0.9072235535775419,0.6495098039215687
0.9071917808219178,0.649264705882353
0.9075025693730729,0.649264705882353
0.9074708704592186,0.6490196078431373
0.9074391498114501,0.6487745098039216
0.9074074074074074,0.6485294117647059
0.9077186963979417,0.6485294117647059
0.9080301990391215,0.6485294117647059
0.9079986268451768,0.6482843137254902
0.907967032967033,0.6480392156862745
0.9079354173823428,0.6477941176470589
0.9079037800687285,0.6475490196078432
0.9082158817463045,0.6475490196078432
0.9081843191196699,0.6473039215686275
0.9084967320261438,0.6473039215686275
0.9088093599449415,0.6473039215686275
0.9091222030981068,0.6473039215686275
0.9090909090909091,0.6470588235294118
0.9090595935239407,0.6468137254901961
0.9090282563749138,0.6465686274509804
0.9089968976215098,0.6463235294117647
0.9093103448275862,0.6463235294117647
0.9092790617454295,0.6460784313725491
0.909247757073844,0.6458333333333334
0.9092164307904729,0.6455882352941177
0.9091850828729282,0.645343137254902
0.909153713298791,0.6450980392156863
0.9091223220456116,0.6448529411764706
0.9090909090909091,0.6446078431372549
0.9090594744121715,0.6443627450980393
0.9090280179868557,0.6441176470588236
0.9089965397923876,0.6438725490196079
0.9089650398061613,0.6436274509803922
0.9089335180055401,0.6433823529411765
0.9089019743678559,0.6431372549019608
0.9088704088704088,0.6428921568627451
0.9088388214904679,0.6426470588235295
0.9088072122052705,0.6424019607843138
0.9091224419007978,0.6424019607843138
0.9090909090909091,0.6421568627450981
0.9090593543908365,0.6419117647058824
0.9090277777777778,0.6416666666666667
0.908996179228899,0.641421568627451
0.9089645587213343,0.6411764705882353
0.9089329162321863,0.6409313725490197
0.9089012517385258,0.640686274509804
0.9088695652173913,0.6404411764705882
0.9088378566457899,0.6401960784313725
0.9091541942220676,0.6401960784313725
0.9091225626740947,0.6399509803921568
0.9090909090909091,0.6397058823529411
0.9094076655052264,0.6397058823529411
0.9093760892296967,0.6394607843137254
0.9093444909344491,0.6392156862745098
0.9093128705964423,0.6389705882352941
0.9092812281926029,0.6387254901960784
0.9092495636998255,0.6384803921568627
0.909217877094972,0.638235294117647
0.9091861683548725,0.6379901960784313
0.9091544374563243,0.6377450980392156
0.9091226843760922,0.6375
0.9090909090909091,0.6372549019607843
0.9094088842252536,0.6372549019607843
0.9093771868439469,0.6370098039215686
0.9096954847742387,0.6370098039215686
0.9096638655462185,0.6367647058823529
0.9096322241681261,0.6365196078431372
0.9096005606166784,0.6362745098039215
0.9095688748685594,0.6360294117647058
0.9098877980364657,0.6360294117647058
0.9102069449316029,0.6360294117647058
0.9101754385964912,0.6357843137254902
0.9101439101439102,0.6355392156862745
0.9101123595505618,0.6352941176470588
0.9100807867931155,0.6350490196078431
0.9104005621925509,0.6350490196078431
0.9103690685413005,0.6348039215686274
0.9103375527426161,0.6345588235294117
0.9106577558916638,0.6345588235294117
0.9109781843771991,0.6345588235294117
0.91129883843717,0.6345588235294117
0.9112676056338028,0.634313725490196
0.9115885875308207,0.634313725490196
0.9119097956307258,0.634313725490196
0.911878745153331,0.6340686274509804
0.9122002820874471,0.6340686274509804
0.9121693121693122,0.6338235294117647
0.9121383203952012,0.633578431372549
0.9121073067419696,0.6333333333333333
0.9120762711864406,0.6330882352941176
0.9120452137054045,0.6328431372549019
0.9120141342756184,0.6325980392156862
0.9123365146694945,0.6325980392156862
0.9123055162659123,0.6323529411764706
0.9122744959320834,0.6321078431372549
0.9122434536447275,0.6318627450980392
0.912212389380531,0.6316176470588235
0.9125354107648725,0.6316176470588235
0.9125044279135671,0.6313725490196078
0.9124734231041814,0.6311274509803921
0.9124423963133641,0.6308823529411764
0.9124113475177305,0.6306372549019608
0.9123802766938631,0.6303921568627451
0.9127040454222853,0.6303921568627451
0.9126730564430245,0.6301470588235294
0.9126420454545454,0.6299019607843137
0.9129662522202486,0.6299019607843137
0.9132906894100924,0.6299019607843137
0.9132598649129043,0.629656862745098
0.9132290184921764,0.6294117647058823
0.9135538954108858,0.6294117647058823
0.9138790035587189,0.6294117647058823
0.9138483446066216,0.6291666666666667
0.9138176638176638,0.628921568627451
0.9137869611685073,0.6286764705882353
0.9137562366357804,0.6284313725490196
0.9137254901960784,0.6281862745098039
0.9136947218259629,0.6279411764705882
0.9136639315019622,0.6276960784313725
0.913633119200571,0.6274509803921569
0.9136022848982506,0.6272058823529412
0.9135714285714286,0.6269607843137255
0.9138978206502322,0.6269607843137255
0.913867047891351,0.6267156862745098
0.914193779048981,0.6267156862745098
0.9145207439198856,0.6267156862745098
0.9144901610017889,0.6264705882352941
0.9144595561918396,0.6262254901960784
0.9144289294665234,0.6259803921568627
0.9143982808022922,0.6257352941176471
0.9143676101755643,0.6254901960784314
0.9143369175627241,0.6252450980392157
0.9143062029401219,0.625
0.9142754662840746,0.6247549019607843
0.9142447075708647,0.6245098039215686
0.9142139267767408,0.6242647058823529
0.9141831238779174,0.6240196078431373
0.9141522988505747,0.6237745098039216
0.9141214516708588,0.6235294117647059
0.9140905823148814,0.6232843137254902
0.9140596907587198,0.6230392156862745
0.9140287769784172,0.6227941176470588
0.913997840949982,0.6225490196078431
0.9143268538516919,0.6225490196078431
0.9146561037090385,0.6225490196078431
0.9146253602305475,0.6223039215686275
0.9145945945945946,0.6220588235294118
0.914563806777217,0.6218137254901961
0.9148936170212766,0.6218137254901961
0.9148629148629148,0.6215686274509804
0.9148321905449296,0.6213235294117647
0.9151624548736462,0.6213235294117647
0.9151318165402672,0.621078431372549
0.9151011560693642,0.6208333333333333
0.9150704734369353,0.6205882352941177
0.9150397686189443,0.620343137254902
0.9150090415913201,0.6200980392156863
0.9149782923299565,0.6198529411764706
0.914947520810713,0.6196078431372549
0.9149167270094135,0.6193627450980392
0.9148859109018471,0.6191176470588236
0.9148550724637681,0.6188725490196079
0.9148242116708952,0.6186274509803922
0.9151559100797679,0.6186274509803922
0.9151251360174102,0.6183823529411765
0.9150943396226415,0.6181372549019608
0.915426497277677,0.6181372549019608
0.9153957879448076,0.6178921568627451
0.915728296403923,0.6178921568627451
0.9156976744186046,0.6176470588235294
0.916030534351145,0.6176470588235294
0.916,0.6174019607843138
0.9163332120771189,0.6174019607843138
0.9163027656477438,0.6171568627450981
0.9162722970513287,0.6169117647058824
0.9162418062636563,0.6166666666666667
0.9162112932604736,0.616421568627451
0.9165451895043731,0.616421568627451
0.916514764855997,0.6161764705882353
0.9164843180160467,0.6159313725490196
0.9164538489602335,0.615686274509804
0.9164233576642336,0.6154411764705883
0.9163928441036875,0.6151960784313726
0.9163623082542002,0.6149509803921569
0.9163317500913409,0.6147058823529412
0.9166666666666666,0.6147058823529412
0.916636197440585,0.6144607843137255
0.9169714703730797,0.6144607843137255
0.9169410903768752,0.6142156862745098
0.9169106881405563,0.6139705882352942
0.9168802636396924,0.6137254901960785
0.9168498168498168,0.6134803921568628
0.9168193477464273,0.6132352941176471
0.9167888563049853,0.6129901960784314
0.9167583425009168,0.6127450980392157
0.9167278063096111,0.6125
0.916697247706422,0.6122549019607844
0.9166666666666666,0.6120098039215687
0.9170033051781123,0.6120098039215687
0.917340191036003,0.6120098039215687
0.9173098125689085,0.611764705882353
0.9172794117647058,0.6115196078431373
0.9172489885987496,0.6112745098039216
0.9172185430463576,0.6110294117647059
0.917188075082812,0.6107843137254902
0.9171575846833578,0.6105392156862746
0.9171270718232044,0.6102941176470589
0.917096536477524,0.6100490196078432
0.9170659786214522,0.6098039215686275
0.9170353982300885,0.6095588235294118
0.917004795278495,0.609313725490196
0.9169741697416974,0.6090686274509803
0.917312661498708,0.6090686274509803
0.9172821270310192,0.6088235294117647
0.9176209826376062,0.6088235294117647
0.9175905395417591,0.608578431372549
0.9175600739371534,0.6083333333333333
0.9178994082840237,0.6083333333333333
0.9178690344062154,0.6080882352941176
0.9178386380458919,0.6078431372549019
0.9181784524250277,0.6078431372549019
0.9185185185185185,0.6078431372549019
0.9184883290107447,0.6075980392156862
0.9184581171237954,0.6073529411764705
0.9184278828327772,0.6071078431372549
0.9183976261127597,0.6068627450980392
0.9183673469387755,0.6066176470588235
0.9183370452858204,0.6063725490196078
0.9183067211288526,0.6061274509803921
0.9182763744427934,0.6058823529411764
0.918246005202527,0.6056372549019607
0.9185873605947955,0.6056372549019607
0.9185570844179992,0.6053921568627451
0.9185267857142857,0.6051470588235294
0.9184964644585039,0.6049019607843137
0.9184661206254654,0.604656862745098
0.9184357541899442,0.6044117647058823
0.9184053651266766,0.6041666666666666
0.9183749534103616,0.6039215686274509
0.9183445190156599,0.6036764705882353
0.9183140619171951,0.6034313725490196
0.9182835820895522,0.6031862745098039
0.9182530795072789,0.6029411764705882
0.9182225541448843,0.6026960784313725
0.9181920059768397,0.6024509803921568
0.9181614349775785,0.6022058823529411
0.9181308411214953,0.6019607843137255
0.9181002243829469,0.6017156862745098
0.9180695847362514,0.6014705882352941
0.9180389221556886,0.6012254901960784
0.9183826282291276,0.6012254901960784
0.9183520599250936,0.6009803921568627
0.9186961408767329,0.6009803921568627
0.9186656671664168,0.600735294117647
0.9186351706036745,0.6004901960784313
0.9186046511627907,0.6002450980392157
0.9185741088180113,0.6
0.918918918918919,0.6
0.9188884716485167,0.5997549019607843
0.9188580015026296,0.5995098039215686
0.9192033070274332,0.5995098039215686
0.9191729323308271,0.5992647058823529
0.9195186160210606,0.5992647058823529
0.9198645598194131,0.5992647058823529
0.9198343996989086,0.5990196078431372
0.9198042168674698,0.5987745098039216
0.919774011299435,0.5985294117647059
0.9197437829691032,0.5982843137254902
0.919713531850735,0.5980392156862745
0.919683257918552,0.5977941176470588
0.9196529611467371,0.5975490196078431
0.92,0.5975490196078431
0.9199697999244998,0.5973039215686274
0.9199395770392749,0.5970588235294118
0.9199093313184737,0.5968137254901961
0.9198790627362056,0.5965686274509804
0.9198487712665406,0.5963235294117647
0.9198184568835098,0.596078431372549
0.9197881195611048,0.5958333333333333
0.9197577592732779,0.5955882352941176
0.9197273759939417,0.595343137254902
0.9196969696969697,0.5950980392156863
0.9196665403561955,0.5948529411764706
0.9196360879454132,0.5946078431372549
0.9199848312476299,0.5946078431372549
0.9199544764795144,0.5943627450980392
0.9199240986717268,0.5941176470588235
0.9198936977980258,0.5938725490196078
0.9198632738321306,0.5936274509803922
0.9198328267477204,0.5933823529411765
0.919802356518434,0.5931372549019608
0.9197718631178707,0.5928921568627451
0.9197413465195892,0.5926470588235294
0.919710806697108,0.5924019607843137
0.9196802436239055,0.592156862745098
0.9196496572734196,0.5919117647058824
0.92,0.5919117647058824
0.9199695121951219,0.5916666666666667
0.9199390011437285,0.591421568627451
0.919908466819222,0.5911764705882353
0.9198779091949637,0.5909313725490196
0.9198473282442748,0.5906862745098039
0.9198167239404352,0.5904411764705882
0.9197860962566845,0.5901960784313726
0.9197554451662209,0.5899509803921569
0.9197247706422018,0.5897058823529412
0.920076481835564,0.5897058823529412
0.9200459066564652,0.5894607843137255
0.9200153080750095,0.5892156862745098
0.9199846860643185,0.5889705882352941
0.9199540405974722,0.5887254901960784
0.9199233716475096,0.5884803921568628
0.9198926791874281,0.5882352941176471
0.9198619631901841,0.5879901960784314
0.919831223628692,0.5877450980392157
0.9201841903300076,0.5877450980392157
0.9201535508637236,0.5875
0.9201228878648233,0.5872549019607843
0.9200922013061852,0.5870098039215687
0.9200614911606456,0.586764705882353
0.9200307574009996,0.5865196078431373
0.92,0.5862745098039216
0.9199692189303579,0.5860294117647059
0.9199384141647421,0.5857843137254902
0.9199075856757798,0.5855392156862745
0.9202619414483821,0.5855392156862745
0.9202312138728324,0.5852941176470589
0.9202004626060138,0.5850490196078432
0.9201696876205168,0.5848039215686275
0.9201388888888888,0.5845588235294118
0.9201080663836356,0.5843137254901961
0.9204633204633205,0.5843137254901961
0.9204325994592507,0.5840686274509804
0.9204018547140649,0.5838235294117647
0.9203710862002319,0.5835784313725491
0.9203402938901779,0.5833333333333334
0.9203094777562862,0.5830882352941177
0.9202786377708978,0.582843137254902
0.9202477739063105,0.5825980392156863
0.9202168861347793,0.5823529411764706
0.9201859744285161,0.5821078431372549
0.92015503875969,0.5818627450980393
0.9201240791004265,0.5816176470588236
0.9200930954228084,0.5813725490196079
0.9204501358168413,0.5813725490196079
0.9204192546583851,0.5811274509803922
0.920388349514563,0.5808823529411765
0.9203574203574204,0.5806372549019608
0.9203264671589584,0.5803921568627451
0.9202954898911353,0.5801470588235295
0.9202644885258654,0.5799019607843138
0.9202334630350194,0.5796568627450981
0.9202024133904243,0.5794117647058824
0.9201713395638629,0.5791666666666667
0.9201402415270744,0.578921568627451
0.9201091192517536,0.5786764705882353
0.9200779727095516,0.5784313725490197
0.9204368174726989,0.5784313725490197
0.9204057744830277,0.578186274509804
0.9203747072599532,0.5779411764705882
0.9203436157750878,0.5776960784313725
0.9203125,0.5774509803921568
0.9202813599062134,0.5772058823529411
0.9202501954652071,0.5769607843137254
0.9202190066484162,0.5767156862745098
0.92018779342723,0.5764705882352941
0.9201565557729942,0.5762254901960784
0.9201252936570086,0.5759803921568627
0.9200940070505288,0.575735294117647
0.9200626959247649,0.5754901960784313
0.9204233633869071,0.5754901960784313
0.9203921568627451,0.5752450980392156
0.9203609258532758,0.575
0.9203296703296703,0.5747549019607843
0.9202983902630546,0.5745098039215686
0.920267085624509,0.5742647058823529
0.9206286836935167,0.5742647058823529
0.9205974842767296,0.5740196078431372
0.9205662603224538,0.5737745098039215
0.9205350118017309,0.5735294117647058
0.9205037386855569,0.5732843137254902
0.9204724409448819,0.5730392156862745
0.9204411185506105,0.5727941176470588
0.9204097714736013,0.5725490196078431
0.920378399684667,0.5723039215686274
0.9203470031545742,0.5720588235294117
0.9203155818540434,0.571813725490196
0.920284135753749,0.5715686274509804
0.920252664824319,0.5713235294117647
0.9202211690363349,0.571078431372549
0.9201896483603319,0.5708333333333333
0.9201581027667984,0.5705882352941176
0.9201265322261764,0.5703431372549019
0.9200949367088608,0.5700980392156862
0.9200633161851999,0.5698529411764706
0.9200316706254948,0.5696078431372549
0.92,0.5693627450980392
0.9199683042789224,0.5691176470588235
0.920332936979786,0.5691176470588235
0.9203013481363996,0.5688725490196078
0.9206664022213408,0.5688725490196078
0.9206349206349206,0.5686274509803921
0.9206034140531957,0.5683823529411764
0.920571882446386,0.5681372549019608
0.9205403257846643,0.5678921568627451
0.9205087440381559,0.5676470588235294
0.9204771371769384,0.5674019607843137
0.9204455051710422,0.567156862745098
0.9204138479904497,0.5669117647058823
0.9203821656050956,0.5666666666666667
0.9203504579848666,0.566421568627451
0.9203187250996016,0.5661764705882353
0.9202869669190913,0.5659313725490196
0.9202551834130781,0.5656862745098039
0.9202233745512565,0.5654411764705882
0.9205905826017557,0.5654411764705882
0.920558882235529,0.5651960784313725
0.9205271565495208,0.5649509803921569
0.9204954055133839,0.5647058823529412
0.9204636290967226,0.5644607843137255
0.9204318272690923,0.5642156862745098
0.9204,0.5639705882352941
0.9203681472589036,0.5637254901960784
0.9203362690152121,0.5634803921568627
0.920304365238286,0.5632352941176471
0.9202724358974359,0.5629901960784314
0.9202404809619239,0.5627450980392157
0.9202085004009624,0.5625
0.9201764941837144,0.5622549019607843
0.9201444622792937,0.5620098039215686
0.9205138498594941,0.5620098039215686
0.9204819277108434,0.5617647058823529
0.920449979911611,0.5615196078431373
0.9204180064308681,0.5612745098039216
0.9203860072376358,0.5610294117647059
0.9203539823008849,0.5607843137254902
0.9203219315895372,0.5605392156862745
0.9202898550724637,0.5602941176470588
0.9202577527184858,0.5600490196078431
0.9206285253827559,0.5600490196078431
0.920596533655784,0.5598039215686275
0.9205645161290322,0.5595588235294118
0.9205324727712787,0.5593137254901961
0.920500403551251,0.5590686274509804
0.9208720226079935,0.5590686274509804
0.9212439418416801,0.5590686274509804
0.9212121212121213,0.5588235294117647
0.9211802748585287,0.558578431372549
0.9211484027496967,0.5583333333333333
0.9215210355987055,0.5583333333333333
0.9214892755969243,0.5580882352941177
0.9214574898785425,0.557843137254902
0.9214256784123127,0.5575980392156863
0.9213938411669368,0.5573529411764706
0.9213619781110661,0.5571078431372549
0.9213300892133008,0.5568627450980392
0.9212981744421906,0.5566176470588236
0.921672077922078,0.5566176470588236
0.9220462850182704,0.5566176470588236
0.9220146222583265,0.5563725490196079
0.9219829337667614,0.5561274509803922
0.9219512195121952,0.5558823529411765
0.9219194794631964,0.5556372549019608
0.9218877135882831,0.5553921568627451
0.9218559218559218,0.5551470588235294
0.9218241042345277,0.5549019607843138
0.9217922606924643,0.5546568627450981
0.921760391198044,0.5544117647058824
0.9217284957195271,0.5541666666666667
0.9216965742251223,0.553921568627451
0.9216646266829865,0.5536764705882353
0.9216326530612244,0.5534313725490196
0.921600653327889,0.553186274509804
0.9215686274509803,0.5529411764705883
0.9215365753984471,0.5526960784313726
0.9215044971381848,0.5524509803921569
0.9214723926380368,0.5522058823529412
0.9214402618657938,0.5519607843137255
0.9214081047891937,0.5517156862745098
0.9213759213759214,0.5514705882352942
0.9213437115936092,0.5512254901960785
0.921311475409836,0.5509803921568628
0.9212792127921279,0.5507352941176471
0.9212469237079574,0.5504901960784314
0.9212146081247435,0.5502450980392157
0.9211822660098522,0.55
0.9211498973305955,0.5497549019607844
0.9211175020542317,0.5495098039215687
0.9210850801479655,0.549264705882353
0.9210526315789473,0.5490196078431373
0.9210201563142739,0.5487745098039216
0.9209876543209876,0.5485294117647059
0.9209551255660766,0.5482843137254902
0.9209225700164745,0.5480392156862746
0.9213020189534404,0.5480392156862746
0.9212695795548228,0.5477941176470589
0.9212371134020618,0.5475490196078432
0.9212046204620462,0.5473039215686275
0.9211721007016096,0.5470588235294118
0.921552436003303,0.5470588235294118
0.9215200330441966,0.546813725490196
0.9214876033057852,0.5465686274509803
0.9214551467548574,0.5463235294117647
0.9214226633581473,0.546078431372549
0.9218038891187422,0.546078431372549
0.9221854304635762,0.546078431372549
0.9221532091097309,0.5458333333333333
0.9221209610604806,0.5455882352941176
0.9225031081641111,0.5455882352941176
0.9224709784411277,0.5453431372549019
0.9228535877229366,0.5453431372549019
0.9228215767634855,0.5450980392156862
0.9227895392278954,0.5448529411764705
0.9227574750830565,0.5446078431372549
0.9231408392189447,0.5446078431372549
0.9231088944305902,0.5443627450980392
0.9230769230769231,0.5441176470588235
0.9234608985024958,0.5441176470588235
0.9234290470245526,0.5438725490196078
0.9233971690258118,0.5436274509803921
0.9233652644731362,0.5433823529411764
0.9233333333333333,0.5431372549019607
0.9233013755731555,0.5428921568627451
0.9232693911592994,0.5426470588235294
0.9232373800584064,0.5424019607843137
0.9236227045075125,0.5424019607843137
0.9235908141962421,0.542156862745098
0.9235588972431078,0.5419117647058823
0.9235269536147096,0.5416666666666666
0.9234949832775919,0.5414215686274509
0.9234629861982434,0.5411764705882353
0.9234309623430962,0.5409313725490196
0.9233989116785266,0.5406862745098039
0.9233668341708543,0.5404411764705882
0.9233347297863427,0.5401960784313725
0.9233025984911987,0.5399509803921568
0.9232704402515723,0.5397058823529411
0.923238255033557,0.5394607843137255
0.9232060428031893,0.5392156862745098
0.9231738035264484,0.5389705882352941
0.9231415371692566,0.5387254901960784
0.923109243697479,0.5384803921568627
0.9230769230769231,0.538235294117647
0.9230445752733389,0.5379901960784313
0.923012200252419,0.5377450980392157
0.922979797979798,0.5375
0.9229473684210526,0.5372549019607843
0.9229149115417018,0.5370098039215686
0.9233038348082596,0.5370098039215686
0.9232715008431703,0.5367647058823529
0.9232391396035428,0.5365196078431372
0.9232067510548523,0.5362745098039216
0.9231743351625158,0.5360294117647059
0.9231418918918919,0.5357843137254902
0.9235318969159273,0.5357843137254902
0.9234995773457312,0.5355392156862745
0.9234672304439746,0.5352941176470588
0.9234348561759729,0.5350490196078431
0.9234024545069827,0.5348039215686274
0.9233700254022015,0.5345588235294118
0.9233375688267683,0.5343137254901961
0.923728813559322,0.5343137254901961
0.9236964815599831,0.5340686274509804
0.9236641221374046,0.5338235294117647
0.9236317352566822,0.533578431372549
0.9235993208828522,0.5333333333333333
0.9235668789808917,0.5330882352941176
0.923534409515718,0.532843137254902
0.9235019124521887,0.5325980392156863
0.923469387755102,0.5323529411764706
0.9234368353891961,0.5321078431372549
0.9234042553191489,0.5318627450980392
0.9233716475095786,0.5316176470588235
0.9233390119250426,0.5313725490196078
0.9233063485300383,0.5311274509803922
0.9232736572890026,0.5308823529411765
0.9232409381663113,0.5306372549019608
0.9232081911262798,0.5303921568627451
0.9231754161331626,0.5301470588235294
0.9231426131511529,0.5299019607843137
0.9235369500213584,0.5299019607843137
0.9235042735042736,0.529656862745098
0.9234715690466011,0.5294117647058824
0.9234388366124893,0.5291666666666667
0.9234060761660248,0.528921568627451
0.9238013698630136,0.528921568627451
0.9241970021413276,0.528921568627451
0.9241645244215938,0.5286764705882353
0.9241320188598371,0.5284313725490196
0.9240994854202401,0.5281862745098039
0.924066924066924,0.5279411764705882
0.9240343347639485,0.5276960784313726
0.9240017174753113,0.5274509803921569
0.9243986254295533,0.5274509803921569
0.9243661366566395,0.5272058823529412
0.9243336199484092,0.5269607843137255
0.9247311827956989,0.5269607843137255
0.9246987951807228,0.5267156862745098
0.9250968575118381,0.5267156862745098
0.9250645994832042,0.5264705882352941
0.9250323136579061,0.5262254901960784
0.925,0.5259803921568628
0.92496765847348,0.5257352941176471
0.9249352890422778,0.5254901960784314
0.9249028916702633,0.5252450980392157
0.9248704663212435,0.525
0.9248380129589633,0.5247549019607843
0.9248055315471045,0.5245098039215687
0.9247730220492867,0.524264705882353
0.9247404844290658,0.5240196078431373
0.9247079186499351,0.5237745098039216
0.9246753246753247,0.5235294117647059
0.9246427024686011,0.5232843137254902
0.9246100519930676,0.5230392156862745
0.9245773732119635,0.5227941176470589
0.924978317432784,0.5227941176470589
0.924945770065076,0.5225490196078432
0.9249131944444444,0.5223039215686275
0.924880590534086,0.5220588235294118
0.924847958297133,0.5218137254901961
0.9248152976966536,0.5215686274509804
0.9247826086956522,0.5213235294117647
0.9247498912570683,0.5210784313725491
0.9247171453437772,0.5208333333333334
0.9246843709185895,0.5205882352941177
0.9246515679442509,0.520343137254902
0.9246187363834423,0.5200980392156863
0.9245858761987794,0.5198529411764706
0.9245529873528129,0.5196078431372549
0.9245200698080279,0.5193627450980393
0.9244871235268441,0.5191176470588236
0.9244541484716157,0.5188725490196079
0.9244211446046309,0.5186274509803922
0.9243881118881119,0.5183823529411765
0.9243550502842152,0.5181372549019608
0.9243219597550306,0.5178921568627451
0.9247264770240701,0.5178921568627451
0.9246935201401051,0.5176470588235295
0.9246605343845817,0.5174019607843138
0.9246275197195443,0.5171568627450981
0.9245944761069707,0.5169117647058824
0.9245614035087719,0.5166666666666667
0.9245283018867925,0.516421568627451
0.9244951712028094,0.5161764705882353
0.9244620114185331,0.5159313725490197
0.9248681898066784,0.5159313725490197
0.9252747252747253,0.5159313725490197
0.9256816182937555,0.5159313725490197
0.9260888693356797,0.5159313725490197
0.926056338028169,0.515686274509804
0.9260237780713342,0.5154411764705882
0.926431718061674,0.5154411764705882
0.9263992948435434,0.5151960784313725
0.9268077601410935,0.5151960784313725
0.9267754741949713,0.5149509803921568
0.9267431597528685,0.5147058823529411
0.9267108167770419,0.5144607843137254
0.926678445229682,0.5142156862745098
0.926646045072912,0.5139705882352941
0.9266136162687887,0.5137254901960784
0.9265811587793011,0.5134803921568627
0.9265486725663716,0.513235294117647
0.9265161575918548,0.5129901960784313
0.9264836138175376,0.5127450980392156
0.9264510412051395,0.5125
0.9264184397163121,0.5122549019607843
0.9263858093126386,0.5120098039215686
0.9263531499556344,0.5117647058823529
0.9263204616067465,0.5115196078431372
0.9262877442273535,0.5112745098039215
0.926254997778765,0.5110294117647058
0.9262222222222222,0.5107843137254902
0.9261894175188973,0.5105392156862745
0.9261565836298933,0.5102941176470588
0.9265687583444593,0.5102941176470588
0.9265360641139804,0.5100490196078431
0.9265033407572383,0.5098039215686274
0.9269162210338681,0.5098039215686274
0.927329469460544,0.5098039215686274
0.9272970561998216,0.5095588235294117
0.927264614011602,0.509313725490196
0.9272321428571428,0.5090686274509804
0.9271996426976329,0.5088235294117647
0.9271671134941912,0.508578431372549
0.9271345552078677,0.5083333333333333
0.9271019677996423,0.5080882352941176
0.9270693512304251,0.5078431372549019
0.9270367054610564,0.5075980392156862
0.9274518584863413,0.5075980392156862
0.9274193548387096,0.5073529411764706
0.9273868220528911,0.5071078431372549
0.9273542600896861,0.5068627450980392
0.927321668909825,0.5066176470588235
0.927737881508079,0.5066176470588235
0.9281544678940279,0.5066176470588235
0.9281221922731356,0.5063725490196078
0.9280898876404494,0.5061274509803921
0.9280575539568345,0.5058823529411764
0.9280251911830859,0.5056372549019608
0.927992799279928,0.5053921568627451
0.9279603782080144,0.5051470588235294
0.9279279279279279,0.5049019607843137
0.9278954484001802,0.504656862745098
0.9278629395852119,0.5044117647058823
0.927830401443392,0.5041666666666667
0.9282490974729242,0.5041666666666667
0.9282167042889391,0.503921568627451
0.928635953026197,0.503921568627451
0.9286037053773158,0.5036764705882353
0.9285714285714286,0.5034313725490196
0.9289914066033469,0.5034313725490196
0.9289592760180996,0.5031862745098039
0.9289271163422363,0.5029411764705882
0.9288949275362319,0.5026960784313725
0.9288627095604893,0.5024509803921569
0.92883046237534,0.5022058823529412
0.9287981859410431,0.5019607843137255
0.9287658802177858,0.5017156862745098
0.929187471629596,0.5017156862745098
0.9291553133514986,0.5014705882352941
0.9291231258518855,0.5012254901960784
0.9290909090909091,0.5009803921568627
0.9290586630286494,0.5007352941176471
0.9290263876251137,0.5004901960784314
0.9289940828402367,0.5002450980392157
0.9289617486338798,0.5
0.9289293849658314,0.4997549019607843
0.9288969917958068,0.49950980392156863
0.9288645690834473,0.49926470588235294
0.9292883211678832,0.49926470588235294
0.9297124600638977,0.49926470588235294
0.9301369863013699,0.49926470588235294
0.9301050708085884,0.49901960784313726
0.930073126142596,0.4987745098039216
0.9304983996342021,0.4987745098039216
0.9304666056724611,0.4985294117647059
0.9308924485125858,0.4985294117647059
0.9308608058608059,0.4982843137254902
0.9308291342189647,0.4980392156862745
0.9307974335472043,0.49779411764705883
0.9307657038055938,0.49754901960784315
0.9307339449541284,0.49730392156862746
0.9307021569527306,0.4970588235294118
0.9306703397612488,0.4968137254901961
0.9310978410656867,0.4968137254901961
0.9310661764705882,0.4965686274509804
0.9310344827586207,0.4963235294117647
0.9314627414903404,0.4963235294117647
0.9314312011044639,0.49607843137254903
0.9313996316758748,0.49583333333333335
0.9313680331644404,0.49558823529411766
0.9313364055299539,0.495343137254902
0.9313047487321346,0.4950980392156863
0.9312730627306273,0.4948529411764706
0.9312413474850023,0.4946078431372549
0.9312096029547553,0.49436274509803924
0.9311778290993071,0.49411764705882355
0.9311460258780037,0.49387254901960786
0.9311141932501156,0.4936274509803922
0.9310823311748381,0.4933823529411765
0.9310504396112911,0.4931372549019608
0.9314814814814815,0.4931372549019608
0.9314497452524316,0.4928921568627451
0.9314179796107507,0.49264705882352944
0.9313861845155308,0.49240196078431375
0.9313543599257885,0.492156862745098
0.9317865429234339,0.492156862745098
0.9317548746518106,0.4919117647058823
0.931723176962378,0.49166666666666664
0.9321561338289963,0.49166666666666664
0.9321245932124593,0.49142156862745096
0.932093023255814,0.49117647058823527
0.9320614239181014,0.4909313725490196
0.9320297951582868,0.4906862745098039
0.9319981369352585,0.4904411764705882
0.9319664492078286,0.49019607843137253
0.931934731934732,0.48995098039215684
0.9319029850746269,0.48970588235294116
0.9318712085860943,0.48946078431372547
0.9318394024276377,0.4892156862745098
0.9318075665576834,0.4889705882352941
0.9317757009345794,0.4887254901960784
0.9317438055165965,0.48848039215686273
0.9317118802619271,0.48823529411764705
0.931679925128685,0.48799019607843136
0.9316479400749064,0.4877450980392157
0.931615925058548,0.4875
0.9315838800374883,0.4872549019607843
0.9315518049695265,0.4870098039215686
0.9319887429643527,0.4870098039215686
0.9324260910370717,0.4870098039215686
0.9323943661971831,0.48676470588235293
0.9323626115547206,0.48651960784313725
0.9323308270676691,0.48627450980392156
0.9322990126939351,0.4860294117647059
0.9322671683913453,0.4857843137254902
0.932235294117647,0.4855392156862745
0.9322033898305084,0.4852941176470588
0.9321714554875177,0.48504901960784313
0.9326107445805843,0.48504901960784313
0.9325789721829326,0.48480392156862745
0.9325471698113208,0.48455882352941176
0.9329872581406323,0.48455882352941176
0.9329556185080264,0.4843137254901961
0.9333963155408597,0.4843137254901961
0.9333648393194707,0.4840686274509804
0.933806146572104,0.4840686274509804
0.934247871333964,0.4840686274509804
0.9342167534311405,0.4838235294117647
0.9341856060606061,0.483578431372549
0.9341544291804832,0.48333333333333334
0.9341232227488152,0.48308823529411765
0.9340919867235656,0.48284313725490197
0.9340607210626186,0.4825980392156863
0.9340294257237779,0.4823529411764706
0.9339981006647673,0.4821078431372549
0.9339667458432304,0.4818627450980392
0.93393536121673,0.48161764705882354
0.9343794579172611,0.48161764705882354
0.9348239771646052,0.48161764705882354
0.9347929557353641,0.48137254901960785
0.9347619047619048,0.48112745098039217
0.9347308242020009,0.4808823529411765
0.9351763584366063,0.4808823529411765
0.9351454458750597,0.4806372549019608
0.9355916030534351,0.4806372549019608
0.9355608591885441,0.4803921568627451
0.9355300859598854,0.4801470588235294
0.9354992833253702,0.47990196078431374
0.9354684512428298,0.47965686274509806
0.9359158297465328,0.47965686274509806
0.9358851674641149,0.47941176470588237
0.935854475825754,0.4791666666666667
0.935823754789272,0.478921568627451
0.9357930043124102,0.4786764705882353
0.9357622243528284,0.47843137254901963
0.9357314148681055,0.47818627450980394
0.935700575815739,0.47794117647058826
0.9356697071531445,0.4776960784313726
0.9356388088376562,0.4774509803921569
0.9360884190293128,0.4774509803921569
0.9360576923076923,0.4772058823529412
0.936026936026936,0.4769607843137255
0.9359961501443695,0.47671568627450983
0.9359653346172364,0.4764705882352941
0.9359344894026975,0.4762254901960784
0.9359036144578313,0.4759803921568627
0.9358727097396335,0.47573529411764703
0.9358417752050169,0.47549019607843135
0.9358108108108109,0.47524509803921566
0.9357798165137615,0.475
0.9357487922705314,0.4747549019607843
0.9357177380376994,0.4745098039215686
0.9361702127659575,0.4745098039215686
0.9361393323657474,0.4742647058823529
0.936108422071636,0.47401960784313724
0.9360774818401937,0.47377450980392155
0.936046511627907,0.47352941176470587
0.9360155113911779,0.4732843137254902
0.9364694471387003,0.4732843137254902
0.9364386220281417,0.4730392156862745
0.9364077669902913,0.4727941176470588
0.9363768819815445,0.4725490196078431
0.9368318756073858,0.4725490196078431
0.9368011667476908,0.47230392156862744
0.9367704280155642,0.47205882352941175
0.9367396593673966,0.47181372549019607
0.9367088607594937,0.4715686274509804
0.9371651242084754,0.4715686274509804
0.9371345029239766,0.4713235294117647
0.9371038517796197,0.471078431372549
0.9370731707317074,0.4708333333333333
0.9370424597364568,0.47058823529411764
0.93701171875,0.47034313725490196
0.936980947728383,0.47009803921568627
0.9369501466275659,0.4698529411764706
0.9374083129584352,0.4698529411764706
0.9373776908023483,0.4696078431372549
0.937836514929026,0.4696078431372549
0.9378060724779628,0.4693627450980392
0.9377756001959824,0.46911764705882353
0.9377450980392157,0.46887254901960784
0.9377145659637077,0.46862745098039216
0.9376840039254171,0.46838235294117647
0.937653411880216,0.4681372549019608
0.93762278978389,0.4678921568627451
0.9375921375921376,0.4676470588235294
0.9375614552605703,0.46740196078431373
0.9375307427447123,0.46715686274509804
0.937992125984252,0.46715686274509804
0.9384539635647464,0.46715686274509804
0.9384236453201971,0.46691176470588236
0.9388861508132085,0.46691176470588236
0.9388560157790927,0.4666666666666667
0.9388258510113469,0.466421568627451
0.9387956564659428,0.4661764705882353
0.9387654320987654,0.4659313725490196
0.9387351778656127,0.46568627450980393
0.9387048937221948,0.46544117647058825
0.9386745796241345,0.46519607843137256
0.9386442355269669,0.4649509803921569
0.9386138613861386,0.4647058823529412
0.9385834571570084,0.4644607843137255
0.9385530227948464,0.4642156862745098
0.9385225582548339,0.46397058823529413
0.9389880952380952,0.46397058823529413
0.9389578163771712,0.46372549019607845
0.9389275074478649,0.46348039215686276
0.9388971684053651,0.4632352941176471
0.9393638170974155,0.4632352941176471
0.939830929885629,0.4632352941176471
0.9398009950248756,0.4629901960784314
0.9397710303633648,0.4627450980392157
0.9397410358565738,0.4625
0.9397110114598903,0.46225490196078434
0.9396809571286141,0.46200980392156865
0.9396508728179551,0.46176470588235297
0.939620758483034,0.4615196078431373
0.9395906140788817,0.4612745098039216
0.9395604395604396,0.4610294117647059
0.9395302348825587,0.46078431372549017
0.9395,0.4605392156862745
0.9394697348674337,0.4602941176470588
0.9394394394394394,0.4600490196078431
0.9399098647971958,0.4600490196078431
0.9398797595190381,0.4598039215686274
0.9398496240601504,0.45955882352941174
0.9398194583751254,0.45931372549019606
0.9397892624184646,0.45906862745098037
0.9397590361445783,0.4588235294117647
0.939728779507785,0.458578431372549
0.9396984924623115,0.4583333333333333
0.9401709401709402,0.4583333333333333
0.9401408450704225,0.45808823529411763
0.9406139909411173,0.45808823529411763
0.9405840886203424,0.45784313725490194
0.9405541561712847,0.45759803921568626
0.9410282258064516,0.45759803921568626
0.9409984871406959,0.4573529411764706
0.9409687184661958,0.4571078431372549
0.9409389197375063,0.4568627450980392
0.9409090909090909,0.4566176470588235
0.9408792319353209,0.45637254901960783
0.9408493427704753,0.45612745098039215
0.9408194233687405,0.45588235294117646
0.9407894736842105,0.4556372549019608
0.9407594936708861,0.4553921568627451
0.9407294832826748,0.4551470588235294
0.9406994424733908,0.4549019607843137
0.9406693711967545,0.45465686274509803
0.9406392694063926,0.45441176470588235
0.9411167512690355,0.45441176470588235
0.9410868461147791,0.45416666666666666
0.9415650406504065,0.45416666666666666
0.9415353329944077,0.453921568627451
0.9415055951169888,0.4536764705882353
0.9414758269720102,0.4534313725490196
0.9414460285132383,0.4531862745098039
0.9414161996943454,0.45294117647058824
0.9413863404689092,0.45269607843137255
0.9418663946965834,0.45269607843137255
0.9418367346938775,0.45245098039215687
0.9418070444104135,0.4522058823529412
0.9417773237997957,0.4519607843137255
0.9422585590189065,0.4519607843137255
0.9422290388548057,0.4517156862745098
0.9421994884910486,0.4514705882352941
0.9421699078812692,0.45122549019607844
0.9421402969790067,0.45098039215686275
0.9421106557377049,0.45073529411764707
0.9420809841107125,0.4504901960784314
0.9420512820512821,0.4502450980392157
0.9420215495125706,0.45
0.9419917864476386,0.4497549019607843
0.9419619928094505,0.44950980392156864
0.9419321685508736,0.44926470588235295
0.9419023136246787,0.44901960784313727
0.9418724279835391,0.4487745098039216
0.9418425115800309,0.4485294117647059
0.9418125643666323,0.4482843137254902
0.9422977846470891,0.4482843137254902
0.9422680412371134,0.44803921568627453
0.9422382671480144,0.44779411764705884
0.9422084623323014,0.44754901960784316
0.9421786267423852,0.44730392156862747
0.9421487603305785,0.4470588235294118
0.9421188630490956,0.4468137254901961
0.9420889348500517,0.4465686274509804
0.942058975685463,0.44632352941176473
0.9420289855072463,0.44607843137254904
0.9419989642672191,0.44583333333333336
0.9419689119170984,0.4455882352941177
0.9419388284085018,0.445343137254902
0.941908713692946,0.44509803921568625
0.9418785677218474,0.44485294117647056
0.9418483904465212,0.4446078431372549
0.9423376623376624,0.4446078431372549
0.9423076923076923,0.4443627450980392
0.9422776911076443,0.4441176470588235
0.9422476586888657,0.4438725490196078
0.9422175950026028,0.44362745098039214
0.9421875,0.44338235294117645
0.9426784783741532,0.44338235294117645
0.9426485922836287,0.44313725490196076
0.9426186750130412,0.4428921568627451
0.94258872651357,0.4426470588235294
0.9425587467362925,0.4424019607843137
0.9425287356321839,0.442156862745098
0.9424986931521171,0.44191176470588234
0.9424686192468619,0.44166666666666665
0.9424385138670853,0.44142156862745097
0.9424083769633508,0.4411764705882353
0.9423782084861184,0.4409313725490196
0.9423480083857443,0.4406862745098039
0.9423177766124803,0.4404411764705882
0.9422875131164743,0.44019607843137254
0.9422572178477691,0.43995098039215685
0.9422268907563025,0.43970588235294117
0.9421965317919075,0.4394607843137255
0.9421661409043113,0.4392156862745098
0.9421357180431352,0.4389705882352941
0.9421052631578948,0.4387254901960784
0.942074776197999,0.43848039215686274
0.9420442571127503,0.43823529411764706
0.9420137058513443,0.43799019607843137
0.9419831223628692,0.4377450980392157
0.941952506596306,0.4375
0.941921858500528,0.4372549019607843
0.9418911780243,0.43700980392156863
0.9418604651162791,0.43676470588235294
0.9418297197250132,0.43651960784313726
0.9423280423280423,0.43651960784313726
0.942297511911064,0.4362745098039216
0.9427966101694916,0.4362745098039216
0.9427662957074722,0.4360294117647059
0.9427359490986215,0.4357843137254902
0.9427055702917772,0.4355392156862745
0.9426751592356688,0.43529411764705883
0.9426447158789166,0.43504901960784315
0.9426142401700319,0.43480392156862746
0.9425837320574163,0.4345588235294118
0.9430851063829787,0.4345588235294118
0.9430548163916977,0.4343137254901961
0.9435569755058573,0.4343137254901961
0.943526904635056,0.4340686274509804
0.9434968017057569,0.4338235294117647
0.9434666666666667,0.43357843137254903
0.9434364994663821,0.43333333333333335
0.9434063000533903,0.43308823529411766
0.9433760683760684,0.432843137254902
0.943345804382683,0.4325980392156863
0.9433155080213904,0.4323529411764706
0.9432851792402355,0.4321078431372549
0.943254817987152,0.43186274509803924
0.9432244242099626,0.43161764705882355
0.9431939978563773,0.43137254901960786
0.9431635388739946,0.4311274509803922
0.9431330472103004,0.4308823529411765
0.9436392914653784,0.4308823529411765
0.943609022556391,0.4306372549019608
0.9435787211176787,0.4303921568627451
0.9435483870967742,0.43014705882352944
0.9435180204410973,0.42990196078431375
0.9434876210979548,0.429656862745098
0.9434571890145396,0.4294117647058823
0.943426724137931,0.42916666666666664
0.9433962264150944,0.42892156862745096
0.9433656957928802,0.42867647058823527
0.9438747976254722,0.42867647058823527
0.9443844492440605,0.42867647058823527
0.9443544030253916,0.4284313725490196
0.9443243243243243,0.4281862745098039
0.9442942130881558,0.4279411764705882
0.9442640692640693,0.42769607843137253
0.944775311315647,0.42769607843137253
0.9447453954496208,0.42745098039215684
0.9447154471544715,0.42720588235294116
0.9446854663774403,0.42696078431372547
0.9451980466630494,0.42696078431372547
0.9457111834961998,0.42696078431372547
0.9462248777838131,0.42696078431372547
0.946195652173913,0.4267156862745098
0.9461663947797716,0.4264705882352941
0.9461371055495104,0.4262254901960784
0.9461077844311377,0.42598039215686273
0.946078431372549,0.42573529411764705
0.9460490463215259,0.42549019607843136
0.9460196292257361,0.4252450980392157
0.9465357337697763,0.4252450980392157
0.9465065502183406,0.425
0.9464773347897324,0.4247549019607843
0.946448087431694,0.4245098039215686
0.9464188080918535,0.42426470588235293
0.9463894967177243,0.42401960784313725
0.9469074986316366,0.42401960784313725
0.9468784227820373,0.42377450980392156
0.9468493150684931,0.4235294117647059
0.9468201754385965,0.4232843137254902
0.9467910038398245,0.4230392156862745
0.9467618002195389,0.4227941176470588
0.9467325645249862,0.42254901960784313
0.9467032967032967,0.42230392156862745
0.9466739967014843,0.42205882352941176
0.9466446644664467,0.4218137254901961
0.9466152999449642,0.4215686274509804
0.9465859030837004,0.4213235294117647
0.946556473829201,0.421078431372549
0.9465270121278941,0.42083333333333334
0.9464975179260894,0.42058823529411765
0.9464679911699779,0.42034313725490197
0.9464384318056323,0.4200980392156863
0.9464088397790055,0.4198529411764706
0.9463792150359315,0.4196078431372549
0.9463495575221239,0.4193627450980392
0.9463198671831765,0.41911764705882354
0.9462901439645626,0.41887254901960785
0.9462603878116344,0.41862745098039217
0.9462305986696231,0.4183823529411765
0.9462007764836384,0.4181372549019608
0.9461709211986682,0.4178921568627451
0.9461410327595781,0.4176470588235294
0.9461111111111111,0.41740196078431374
0.9466370205669816,0.41740196078431374
0.946607341490545,0.41715686274509806
0.9465776293823038,0.41691176470588237
0.9465478841870824,0.4166666666666667
0.9465181058495822,0.416421568627451
0.9464882943143813,0.4161764705882353
0.9464584495259342,0.41593137254901963
0.9464285714285714,0.41568627450980394
0.9463986599664992,0.41544117647058826
0.9463687150837988,0.4151960784313726
0.9468977082168809,0.4151960784313726
0.9468680089485458,0.4149509803921569
0.9468382764409625,0.4147058823529412
0.9468085106382979,0.4144607843137255
0.9467787114845938,0.41421568627450983
0.9467488789237668,0.4139705882352941
0.9467190128996074,0.4137254901960784
0.94668911335578,0.4134803921568627
0.9466591802358225,0.41323529411764703
0.9466292134831461,0.41299019607843135
0.9465992130410343,0.41274509803921566
0.9465691788526435,0.4125
0.9471018570624649,0.4125
0.9470720720720721,0.4122549019607843
0.9476056338028169,0.4122549019607843
0.947576099210823,0.4120098039215686
0.9475465313028765,0.4117647058823529
0.9475169300225733,0.41151960784313724
0.9474872953133823,0.41127450980392155
0.9474576271186441,0.41102941176470587
0.9479932165065008,0.41102941176470587
0.9479638009049773,0.4107843137254902
0.9479343520090548,0.4105392156862745
0.9479048697621744,0.4102941176470588
0.9478753541076487,0.4100490196078431
0.9478458049886621,0.40980392156862744
0.94781622234827,0.40955882352941175
0.9483541430192962,0.40955882352941175
0.9483248154457694,0.40931372549019607
0.9482954545454545,0.4090686274509804
0.9482660602615123,0.4088235294117647
0.9482366325369739,0.408578431372549
0.9482071713147411,0.4083333333333333
0.9481776765375854,0.40808823529411764
0.9481481481481482,0.40784313725490196
0.9481185860889396,0.40759803921568627
0.9480889903023388,0.4073529411764706
0.9480593607305936,0.4071078431372549
0.9480296973158195,0.4068627450980392
0.948,0.40661764705882353
0.9479702687249857,0.40637254901960784
0.9479405034324943,0.40612745098039216
0.9484831139095592,0.40612745098039216
0.9484536082474226,0.40588235294117647
0.9489971346704871,0.40588235294117647
0.9489678899082569,0.4056372549019608
0.948938611589214,0.4053921568627451
0.9489092996555684,0.4051470588235294
0.9488799540493968,0.40490196078431373
0.9488505747126437,0.40465686274509804
0.948821161587119,0.40441176470588236
0.9487917146144994,0.4041666666666667
0.948762233736327,0.403921568627451
0.9487327188940092,0.4036764705882353
0.9487031700288184,0.4034313725490196
0.9486735870818915,0.40318627450980393
0.9486439699942296,0.40294117647058825
0.9486143187066974,0.40269607843137256
0.9485846331600231,0.4024509803921569
0.9485549132947977,0.4022058823529412
0.9491035280508965,0.4022058823529412
0.9490740740740741,0.4019607843137255
0.9490445859872612,0.4017156862745098
0.9490150637311703,0.40147058823529413
0.9489855072463768,0.40122549019607845
0.9489559164733179,0.40098039215686276
0.9489262913522926,0.4007352941176471
0.9488966318234611,0.4004901960784314
0.9488669378268448,0.4002450980392157
0.9488372093023256,0.4
0.9488074461896452,0.39975490196078434
0.9487776484284052,0.39950980392156865
0.9487478159580663,0.39926470588235297
0.9487179487179487,0.3990196078431373
0.9486880466472303,0.3987745098039216
0.9486581096849475,0.3985294117647059
0.9492119089316988,0.3985294117647059
0.9491822429906542,0.39828431372549017
0.9491525423728814,0.3980392156862745
0.9491228070175438,0.3977941176470588
0.949093036863663,0.3975490196078431
0.9490632318501171,0.3973039215686274
0.9490333919156415,0.39705882352941174
0.9490035169988277,0.39681372549019606
0.9489736070381232,0.39656862745098037
0.948943661971831,0.3963235294117647
0.9489136817381092,0.396078431372549
0.9488836662749707,0.3958333333333333
0.9494415049970606,0.3958333333333333
0.9494117647058824,0.39558823529411763
0.9493819894055326,0.39534313725490194
0.9493521790341578,0.39509803921568626
0.9493223335297584,0.3948529411764706
0.9498820754716981,0.3948529411764706
0.9498525073746312,0.3946078431372549
0.9498229043683589,0.3943627450980392
0.9497932663910219,0.3941176470588235
0.9497635933806147,0.39387254901960783
0.9497338852749853,0.39362745098039215
0.9497041420118343,0.39338235294117646
0.9496743635287153,0.3931372549019608
0.9496445497630331,0.3928921568627451
0.949614700652045,0.3926470588235294
0.9495848161328588,0.3924019607843137
0.9495548961424333,0.39215686274509803
0.9495249406175772,0.39191176470588235
0.9494949494949495,0.39166666666666666
0.9494649227110583,0.391421568627451
0.9494348602022605,0.3911764705882353
0.9494047619047619,0.3909313725490196
0.9493746277546159,0.3906862745098039
0.9493444576877235,0.39044117647058824
0.9493142516398331,0.39019607843137255
0.9492840095465394,0.38995098039215687
0.9492537313432836,0.3897058823529412
0.9492234169653524,0.3894607843137255
0.949193066347878,0.3892156862745098
0.9491626794258373,0.3889705882352941
0.9491322561340515,0.38872549019607844
0.9491017964071856,0.38848039215686275
0.9490713001797484,0.38823529411764707
0.9496402877697842,0.38823529411764707
0.9502099580083984,0.38823529411764707
0.9507803121248499,0.38823529411764707
0.9507507507507508,0.3879901960784314
0.9507211538461539,0.3877450980392157
0.9506915213469633,0.3875
0.950661853188929,0.3872549019607843
0.950632149307646,0.38700980392156864
0.9506024096385542,0.38676470588235295
0.9505726341169379,0.38651960784313727
0.9505428226779252,0.3862745098039216
0.9505129752564876,0.3860294117647059
0.9504830917874396,0.3857843137254902
0.9510574018126888,0.3857843137254902
0.9510278113663845,0.38553921568627453
0.9509981851179673,0.38529411764705884
0.9509685230024213,0.38504901960784316
0.9509388249545729,0.38480392156862747
0.9509090909090909,0.3845588235294118
0.9514857489387507,0.3845588235294118
0.9514563106796117,0.3843137254901961
0.9514268366727383,0.3840686274509804
0.951397326852977,0.38382352941176473
0.9513677811550152,0.38357843137254904
0.9513381995133819,0.38333333333333336
0.9513085818624467,0.3830882352941177
0.951278928136419,0.382843137254902
0.9512492382693479,0.38259803921568625
0.9512195121951219,0.38235294117647056
0.951189749847468,0.3821078431372549
0.9511599511599511,0.3818627450980392
0.9511301160659743,0.3816176470588235
0.9511002444987775,0.3813725490196078
0.9510703363914373,0.38112745098039214
0.9510403916768666,0.38088235294117645
0.9510104102878139,0.38063725490196076
0.9509803921568627,0.3803921568627451
0.9509503372164316,0.3801470588235294
0.950920245398773,0.3799019607843137
0.950890116635973,0.379656862745098
0.9508599508599509,0.37941176470588234
0.9508297480024586,0.37916666666666665
0.95079950799508,0.37892156862745097
0.9507692307692308,0.3786764705882353
0.9507389162561576,0.3784313725490196
0.9507085643869377,0.3781862745098039
0.9506781750924784,0.3779411764705882
0.9506477483035164,0.37769607843137254
0.9512345679012346,0.37769607843137254
0.9512044471896233,0.37745098039215685
0.9511742892459827,0.37720588235294117
0.9511440940012369,0.3769607843137255
0.9511138613861386,0.3767156862745098
0.9510835913312693,0.3764705882352941
0.9510532837670385,0.3762254901960784
0.9510229386236826,0.37598039215686274
0.9509925558312655,0.37573529411764706
0.9509621353196772,0.37549019607843137
0.9509316770186336,0.3752450980392157
0.9515226848974518,0.3752450980392157
0.9514925373134329,0.375
0.9514623522090853,0.3747549019607843
0.9514321295143213,0.37450980392156863
0.9514018691588785,0.37426470588235294
0.9519950124688279,0.37426470588235294
0.9519650655021834,0.37401960784313726
0.9519350811485643,0.3737745098039216
0.9519050593379138,0.3735294117647059
0.951875,0.3732843137254902
0.9518449030644153,0.3730392156862745
0.9518147684605757,0.37279411764705883
0.9517845961177207,0.37254901960784315
0.9517543859649122,0.37230392156862746
0.9517241379310345,0.3720588235294118
0.951693851944793,0.3718137254901961
0.9516635279347144,0.3715686274509804
0.9516331658291457,0.3713235294117647
0.9516027655562539,0.37107843137254903
0.9515723270440252,0.37083333333333335
0.9521711768407803,0.37083333333333335
0.9527707808564232,0.37083333333333335
0.9527410207939508,0.37058823529411766
0.9527112232030265,0.370343137254902
0.9526813880126183,0.3700980392156863
0.9526515151515151,0.3698529411764706
0.952621604548326,0.3696078431372549
0.9525916561314791,0.36936274509803924
0.952561669829222,0.36911764705882355
0.9525316455696202,0.36887254901960786
0.9525015832805573,0.3686274509803922
0.9524714828897338,0.3683823529411765
0.9530754597336716,0.3683823529411765
0.9530456852791879,0.3681372549019608
0.953015873015873,0.3678921568627451
0.9529860228716646,0.36764705882352944
0.9529561347743166,0.36740196078431375
0.9529262086513995,0.367156862745098
0.9528962444302992,0.3669117647058823
0.9528662420382166,0.36666666666666664
0.952836201402167,0.36642156862745096
0.9528061224489796,0.36617647058823527
0.9527760051052967,0.3659313725490196
0.9527458492975734,0.3656862745098039
0.9527156549520767,0.3654411764705882
0.9526854219948849,0.36519607843137253
0.9526551503518874,0.36495098039215684
0.9526248399487837,0.36470588235294116
0.9525944907110826,0.36446078431372547
0.9525641025641025,0.3642156862745098
0.9525336754329699,0.3639705882352941
0.9525032092426188,0.3637254901960784
0.9524727039177906,0.36348039215686273
0.9524421593830334,0.36323529411764705
0.952411575562701,0.36299019607843136
0.9523809523809523,0.3627450980392157
0.952994204764971,0.3627450980392157
0.9529639175257731,0.3625
0.9529335912314636,0.3622549019607843
0.9529032258064516,0.3620098039215686
0.9528728211749515,0.36176470588235293
0.9528423772609819,0.36151960784313725
0.9534583063994829,0.36151960784313725
0.9534282018111255,0.36127450980392156
0.9533980582524272,0.3610294117647059
0.9533678756476683,0.3607843137254902
0.9533376539209333,0.3605392156862745
0.953307392996109,0.3602941176470588
0.9532770927968851,0.36004901960784313
0.9532467532467532,0.35980392156862745
0.9532163742690059,0.35955882352941176
0.953185955786736,0.3593137254901961
0.9531554977228367,0.3590686274509804
0.953125,0.3588235294117647
0.9530944625407166,0.358578431372549
0.9530638852672751,0.35833333333333334
0.9530332681017613,0.35808823529411765
0.9530026109660574,0.35784313725490197
0.952971913781842,0.3575980392156863
0.9529411764705882,0.3573529411764706
0.9529103989535644,0.3571078431372549
0.9528795811518325,0.3568627450980392
0.9528487229862476,0.35661764705882354
0.9528178243774574,0.35637254901960785
0.9534426229508197,0.35637254901960785
0.9534120734908137,0.35612745098039217
0.953381483913329,0.3558823529411765
0.9533508541392904,0.3556372549019608
0.9533201840894149,0.3553921568627451
0.9532894736842106,0.3551470588235294
0.9532587228439763,0.35490196078431374
0.953227931488801,0.35465686274509806
0.95385629531971,0.35465686274509806
0.9538258575197889,0.35441176470588237
0.9537953795379538,0.3541666666666667
0.9537648612945839,0.353921568627451
0.9537343027098479,0.3536764705882353
0.9537037037037037,0.35343137254901963
0.9536730641958967,0.35318627450980394
0.9543046357615894,0.35318627450980394
0.9542743538767395,0.35294117647058826
0.9542440318302388,0.3526960784313726
0.9542136695421367,0.3524509803921569
0.954183266932271,0.3522058823529412
0.9541528239202658,0.3519607843137255
0.9541223404255319,0.35171568627450983
0.9540918163672655,0.3514705882352941
0.9540612516644474,0.3512254901960784
0.9540306462358428,0.3509803921568627
0.954,0.35073529411764703
0.9539693128752502,0.35049019607843135
0.9539385847797063,0.35024509803921566
0.9539078156312625,0.35
0.9538770053475936,0.3497549019607843
0.9538461538461539,0.3495098039215686
0.9538152610441767,0.3492647058823529
0.9537843268586738,0.34901960784313724
0.9537533512064343,0.34877450980392155
0.9537223340040242,0.34852941176470587
0.9543624161073826,0.34852941176470587
0.9543317662860981,0.3482843137254902
0.9543010752688172,0.3480392156862745
0.9542703429724277,0.3477941176470588
0.9542395693135935,0.3475490196078431
0.9542087542087542,0.34730392156862744
0.954177897574124,0.34705882352941175
0.9541469993256911,0.34681372549019607
0.9541160593792173,0.3465686274509804
0.9540850776502363,0.3463235294117647
0.9540540540540541,0.346078431372549
0.9540229885057471,0.3458333333333333
0.9539918809201624,0.34558823529411764
0.953960731211916,0.34534313725490196
0.9539295392953929,0.34509803921568627
0.9538983050847457,0.3448529411764706
0.9545454545454546,0.3448529411764706
0.9545145960624576,0.3446078431372549
0.954483695652174,0.3443627450980392
0.9544527532290958,0.34411764705882353
0.9551020408163265,0.34411764705882353
0.955071477195371,0.34387254901960784
0.9550408719346049,0.34362745098039216
0.9550102249488752,0.34338235294117647
0.9549795361527967,0.3431372549019608
0.9549488054607509,0.3428921568627451
0.9549180327868853,0.3426470588235294
0.9548872180451128,0.34240196078431373
0.9548563611491108,0.34215686274509804
0.9548254620123203,0.34191176470588236
0.9547945205479452,0.3416666666666667
0.9547635366689513,0.341421568627451
0.9547325102880658,0.3411764705882353
0.9547014413177762,0.3409313725490196
0.9546703296703297,0.34068627450980393
0.954639175257732,0.34044117647058825
0.9546079779917469,0.34019607843137256
0.9545767377838954,0.3399509803921569
0.9545454545454546,0.3397058823529412
0.954514128187457,0.3394607843137255
0.9544827586206897,0.3392156862745098
0.9544513457556936,0.33897058823529413
0.9544198895027625,0.33872549019607845
0.954388389771942,0.33848039215686276
0.9543568464730291,0.3382352941176471
0.9543252595155709,0.3379901960784314
0.9542936288088643,0.3377450980392157
0.9542619542619543,0.3375
0.9542302357836339,0.33725490196078434
0.9541984732824428,0.33700980392156865
0.9541666666666667,0.33676470588235297
0.9541348158443363,0.3365196078431373
0.9541029207232267,0.3362745098039216
0.954070981210856,0.3360294117647059
0.9540389972144847,0.33578431372549017
0.954006968641115,0.3355392156862745
0.9539748953974896,0.3352941176470588
0.9539427773900907,0.3350490196078431
0.9539106145251397,0.3348039215686274
0.9545772187281621,0.3348039215686274
0.9545454545454546,0.33455882352941174
0.9545136459062281,0.33431372549019606
0.9544817927170869,0.33406862745098037
0.9544498948843728,0.3338235294117647
0.9544179523141655,0.333578431372549
0.9543859649122807,0.3333333333333333
0.9543539325842697,0.33308823529411763
0.9543218552354181,0.33284313725490194
0.9542897327707455,0.33259803921568626
0.9542575650950035,0.3323529411764706
0.954225352112676,0.3321078431372549
0.9541930937279774,0.3318627450980392
0.9548660084626234,0.3318627450980392
0.954834156669019,0.3316176470588235
0.9548022598870056,0.33137254901960783
0.9547703180212014,0.33112745098039215
0.9547383309759547,0.33088235294117646
0.9547062986553433,0.3306372549019608
0.9546742209631728,0.3303921568627451
0.9546420978029766,0.3301470588235294
0.9546099290780142,0.3299019607843137
0.9552874378992193,0.3299019607843137
0.9552556818181818,0.32965686274509803
0.9552238805970149,0.32941176470588235
0.9551920341394026,0.32916666666666666
0.9551601423487545,0.328921568627451
0.9551282051282052,0.3286764705882353
0.955096222380613,0.3284313725490196
0.9550641940085592,0.3281862745098039
0.9557458957887224,0.3281862745098039
0.9557142857142857,0.32794117647058824
0.9556826304503216,0.32769607843137255
0.9556509298998569,0.32745098039215687
0.9556191839656406,0.3272058823529412
0.9555873925501432,0.3269607843137255
0.9562724014336917,0.3269607843137255
0.9562410329985653,0.3267156862745098
0.9562096195262024,0.3264705882352941
0.9561781609195402,0.32622549019607844
0.9561466570812365,0.32598039215686275
0.956115107913669,0.32573529411764707
0.9560835133189345,0.3254901960784314
0.9560518731988472,0.3252450980392157
0.9560201874549387,0.325
0.9559884559884559,0.3247549019607843
0.955956678700361,0.32450980392156864
0.9559248554913294,0.32426470588235295
0.9558929862617498,0.32401960784313727
0.9558610709117221,0.3237745098039216
0.9558291093410572,0.3235294117647059
0.9557971014492753,0.3232843137254902
0.9557650471356055,0.32303921568627453
0.9557329462989841,0.32279411764705884
0.9557007988380537,0.32254901960784316
0.9556686046511628,0.32230392156862747
0.9556363636363636,0.3220588235294118
0.9556040756914119,0.3218137254901961
0.9555717407137655,0.3215686274509804
0.9555393586005831,0.32132352941176473
0.9562363238512035,0.32132352941176473
0.9562043795620438,0.32107843137254904
0.956172388604821,0.32083333333333336
0.9568713450292398,0.32083333333333336
0.9568397951719093,0.3205882352941177
0.9568081991215227,0.320343137254902
0.9567765567765568,0.32009803921568625
0.9567448680351907,0.31985294117647056
0.9567131327953045,0.3196078431372549
0.9566813509544787,0.3193627450980392
0.9573842762674504,0.3193627450980392
0.9573529411764706,0.3191176470588235
0.9573215599705666,0.3188725490196078
0.9572901325478645,0.31862745098039214
0.9572586588061901,0.31838235294117645
0.9572271386430679,0.31813725490196076
0.9571955719557196,0.3178921568627451
0.9571639586410635,0.3176470588235294
0.9571322985957132,0.3174019607843137
0.9571005917159763,0.317156862745098
0.9570688378978535,0.31691176470588234
0.957037037037037,0.31666666666666665
0.9570051890289103,0.31642156862745097
0.956973293768546,0.3161764705882353
0.9569413511507052,0.3159313725490196
0.9569093610698366,0.3156862745098039
0.9568773234200744,0.3154411764705882
0.9568452380952381,0.31519607843137254
0.956813104988831,0.31495098039215685
0.9567809239940388,0.31470588235294117
0.9567486950037286,0.3144607843137255
0.9567164179104478,0.3142156862745098
0.9566840926064227,0.3139705882352941
0.9566517189835575,0.3137254901960784
0.9566192969334331,0.31348039215686274
0.9565868263473054,0.31323529411764706
0.9565543071161049,0.31299019607843137
0.9565217391304348,0.3127450980392157
0.9572393098274569,0.3127450980392157
0.9572072072072072,0.3125
0.9571750563486101,0.3122549019607843
0.9571428571428572,0.31200980392156863
0.9571106094808126,0.31176470588235294
0.9570783132530121,0.31151960784313726
0.9570459683496609,0.3112745098039216
0.9570135746606335,0.3110294117647059
0.9569811320754718,0.3107843137254902
0.9569486404833837,0.3105392156862745
0.9576719576719577,0.3105392156862745
0.9576399394856279,0.31029411764705883
0.9576078728236185,0.31004901960784315
0.9575757575757575,0.30980392156862746
0.9575435936315391,0.3095588235294118
0.9575113808801214,0.3093137254901961
0.9574791192103265,0.3090686274509804
0.9574468085106383,0.3088235294117647
0.9574144486692016,0.30857843137254903
0.9573820395738204,0.30833333333333335
0.9573495811119573,0.30808823529411766
0.9573170731707317,0.307843137254902
0.9572845156369184,0.3075980392156863
0.9572519083969465,0.3073529411764706
0.9572192513368984,0.3071078431372549
0.9571865443425076,0.30686274509803924
0.9571537872991583,0.30661764705882355
0.9571209800918836,0.30637254901960786
0.957088122605364,0.3061274509803922
0.9570552147239264,0.3058823529411765
0.9570222563315426,0.3056372549019608
0.956989247311828,0.3053921568627451
0.95695618754804,0.30514705882352944
0.9569230769230769,0.30490196078431375
0.9568899153194765,0.304656862745098
0.9568567026194145,0.3044117647058823
0.9568234387047032,0.30416666666666664
0.9567901234567902,0.30392156862745096
0.9567567567567568,0.30367647058823527
0.9567233384853169,0.3034313725490196
0.9566898685228151,0.3031862745098039
0.9566563467492261,0.3029411764705882
0.9566227730441518,0.30269607843137253
0.9565891472868217,0.30245098039215684
0.95655546935609,0.30220588235294116
0.9565217391304348,0.30196078431372547
0.9564879564879565,0.3017156862745098
0.9572317262830482,0.3017156862745098
0.9571984435797666,0.3014705882352941
0.9571651090342679,0.3012254901960784
0.9571317225253313,0.30098039215686273
0.9570982839313572,0.30073529411764705
0.9570647931303669,0.30049019607843136
0.9578125,0.30049019607843136
0.9577795152462861,0.3002450980392157
0.9577464788732394,0.3
0.9577133907595928,0.2997549019607843
0.957680250783699,0.2995098039215686
0.9576470588235294,0.29926470588235293
0.957613814756672,0.29901960784313725
0.9575805184603299,0.29877450980392156
0.9575471698113207,0.2985294117647059
0.957513768686074,0.2982843137254902
0.9574803149606299,0.2980392156862745
0.9574468085106383,0.2977941176470588
0.9574132492113565,0.29754901960784313
0.9573796369376479,0.29730392156862745
0.957345971563981,0.29705882352941176
0.9573122529644269,0.2968137254901961
0.9572784810126582,0.2965686274509804
0.9572446555819477,0.2963235294117647
0.9572107765451664,0.296078431372549
0.957176843774782,0.29583333333333334
0.9571428571428572,0.29558823529411765
0.9579030976965845,0.29558823529411765
0.9578696343402225,0.29534313725490197
0.9578361177406524,0.2950980392156863
0.9578025477707006,0.2948529411764706
0.9577689243027888,0.2946078431372549
0.9577352472089314,0.2943627450980392
0.9584996009577015,0.2943627450980392
0.9584664536741214,0.29411764705882354
0.9584332533972821,0.29387254901960785
0.9584,0.29362745098039217
0.9583666933546837,0.2933823529411765
0.9583333333333334,0.2931372549019608
0.958299919807538,0.2928921568627451
0.9582664526484751,0.2926470588235294
0.9582329317269076,0.29240196078431374
0.9581993569131833,0.29215686274509806
0.9581657280772325,0.29191176470588237
0.9581320450885669,0.2916666666666667
0.9580983078162773,0.291421568627451
0.9580645161290322,0.2911764705882353
0.9580306698950767,0.29093137254901963
0.9579967689822294,0.29068627450980394
0.957962813257882,0.29044117647058826
0.9579288025889967,0.2901960784313726
0.9578947368421052,0.2899509803921569
0.9578606158833063,0.2897058823529412
0.9578264395782644,0.2894607843137255
0.9577922077922078,0.28921568627450983
0.9577579203899269,0.2889705882352941
0.9577235772357724,0.2887254901960784
0.9576891781936534,0.2884803921568627
0.9576547231270358,0.28823529411764703
0.9576202118989405,0.28799019607843135
0.9575856443719413,0.28774509803921566
0.9575510204081633,0.2875
0.9575163398692811,0.2872549019607843
0.9574816026165167,0.2870098039215686
0.9574468085106383,0.2867647058823529
0.9574119574119574,0.28651960784313724
0.9573770491803278,0.28627450980392155
0.9573420836751435,0.28602941176470587
0.9573070607553367,0.2857843137254902
0.9572719802793755,0.2855392156862745
0.9572368421052632,0.2852941176470588
0.9572016460905349,0.2850490196078431
0.957166392092257,0.28480392156862744
0.957131079967024,0.28455882352941175
0.9570957095709571,0.28431372549019607
0.9570602807597027,0.2840686274509804
0.9570247933884297,0.2838235294117647
0.956989247311828,0.283578431372549
0.956953642384106,0.2833333333333333
0.9569179784589892,0.28308823529411764
0.956882255389718,0.28284313725490196
0.9568464730290457,0.28259803921568627
0.9568106312292359,0.2823529411764706
0.9567747298420615,0.2821078431372549
0.956738768718802,0.2818627450980392
0.9567027477102414,0.28161764705882353
0.9566666666666667,0.28137254901960784
0.9566305254378649,0.28112745098039216
0.9565943238731218,0.28088235294117647
0.9565580618212197,0.2806372549019608
0.9565217391304348,0.2803921568627451
0.9564853556485355,0.2801470588235294
0.9564489112227805,0.27990196078431373
0.9564124056999161,0.27965686274509804
0.9563758389261745,0.27941176470588236
0.9571788413098237,0.27941176470588236
0.9571428571428572,0.2791666666666667
0.9571068124474348,0.278921568627451
0.9570707070707071,0.2786764705882353
0.9570345408593092,0.2784313725490196
0.9569983136593592,0.27818627450980393
0.9569620253164557,0.27794117647058825
0.9569256756756757,0.27769607843137256
0.9577345731191885,0.27769607843137256
0.9576988155668359,0.2774509803921569
0.9576629974597799,0.2772058823529412
0.9576271186440678,0.2769607843137255
0.9575911789652247,0.2767156862745098
0.9575551782682513,0.27647058823529413
0.9583687340696686,0.27647058823529413
0.9583333333333334,0.27622549019607845
0.9582978723404255,0.27598039215686276
0.9582623509369677,0.2757352941176471
0.9582267689684569,0.2754901960784314
0.9581911262798635,0.2752450980392157
0.9581554227156277,0.275
0.9581196581196582,0.27475490196078434
0.9589392643284859,0.27475490196078434
0.958904109589041,0.27450980392156865
0.9597257926306769,0.27450980392156865
0.9596912521440824,0.27426470588235297
0.959656652360515,0.2740196078431373
0.9604810996563574,0.2740196078431373
0.9604471195184867,0.2737745098039216
0.9604130808950087,0.2735294117647059
0.9603789836347976,0.27328431372549017
0.9603448275862069,0.2730392156862745
0.9603106125970664,0.2727941176470588
0.9602763385146805,0.2725490196078431
0.9602420051858254,0.2723039215686274
0.9602076124567474,0.27205882352941174
0.9601731601731601,0.27181372549019606
0.9601386481802426,0.27156862745098037
0.9601040763226366,0.2713235294117647
0.9600694444444444,0.271078431372549
0.9600347523892268,0.2708333333333333
0.96,0.27058823529411763
0.9599651871192341,0.27034313725490194
0.960801393728223,0.27034313725490194
0.9616390584132519,0.27034313725490194
0.9616055846422339,0.27009803921568626
0.9615720524017467,0.2698529411764706
0.9615384615384616,0.2696078431372549
0.9615048118985127,0.2693627450980392
0.9614711033274956,0.2691176470588235
0.9614373356704645,0.26887254901960783
0.9614035087719298,0.26862745098039215
0.961369622475856,0.26838235294117646
0.961335676625659,0.2681372549019608
0.961301671064204,0.2678921568627451
0.9612676056338029,0.2676470588235294
0.9612334801762115,0.2674019607843137
0.9611992945326279,0.26715686274509803
0.9611650485436893,0.26691176470588235
0.9611307420494699,0.26666666666666666
0.9610963748894783,0.266421568627451
0.9610619469026549,0.2661764705882353
0.9610274579273693,0.2659313725490196
0.9609929078014184,0.2656862745098039
0.9609582963620231,0.26544117647058824
0.9609236234458259,0.26519607843137255
0.9608888888888889,0.26495098039215687
0.9608540925266904,0.2647058823529412
0.9608192341941229,0.2644607843137255
0.9607843137254902,0.2642156862745098
0.9607493309545049,0.2639705882352941
0.9607142857142857,0.26372549019607844
0.9606791778373548,0.26348039215686275
0.960644007155635,0.26323529411764707
0.9606087735004476,0.2629901960784314
0.9614695340501792,0.2629901960784314
0.9614349775784753,0.2627450980392157
0.9614003590664273,0.2625
0.9613656783468104,0.2622549019607843
0.9613309352517986,0.26200980392156864
0.9612961296129613,0.26176470588235295
0.9612612612612612,0.26151960784313727
0.9612263300270514,0.2612745098039216
0.9611913357400722,0.2610294117647059
0.9611562782294489,0.2607843137254902
0.961121157323689,0.26053921568627453
0.9610859728506788,0.26029411764705884
0.9610507246376812,0.26004901960784316
0.9610154125113327,0.25980392156862747
0.9618874773139746,0.25980392156862747
0.9618528610354223,0.2595588235294118
0.9618181818181818,0.2593137254901961
0.9617834394904459,0.2590686274509804
0.9617486338797814,0.25882352941176473
0.9617137648131268,0.25857843137254904
0.9616788321167883,0.25833333333333336
0.9616438356164384,0.2580882352941177
0.9616087751371115,0.257843137254902
0.9615736505032022,0.25759803921568625
0.9615384615384616,0.25735294117647056
0.9615032080659945,0.2571078431372549
0.9614678899082569,0.2568627450980392
0.9614325068870524,0.2566176470588235
0.9613970588235294,0.2563725490196078
0.9622815087396505,0.2563725490196078
0.9622467771639043,0.25612745098039214
0.9622119815668203,0.25588235294117645
0.9621771217712177,0.25563725490196076
0.9621421975992613,0.2553921568627451
0.9621072088724584,0.2551470588235294
0.9620721554116559,0.2549019607843137
0.962037037037037,0.254656862745098
0.9620018535681186,0.25441176470588234
0.9619666048237476,0.25416666666666665
0.9619312906220984,0.25392156862745097
0.9618959107806692,0.2536764705882353
0.9618604651162791,0.2534313725490196
0.9618249534450651,0.2531862745098039
0.961789375582479,0.2529411764705882
0.9617537313432836,0.25269607843137254
0.96171802054155,0.25245098039215685
0.9616822429906542,0.25220588235294117
0.9625818521983162,0.25220588235294117
0.9625468164794008,0.2519607843137255
0.9625117150890347,0.2517156862745098
0.9624765478424016,0.2514705882352941
0.9624413145539906,0.2512254901960784
0.9624060150375939,0.25098039215686274
0.9623706491063029,0.25073529411764706
0.9623352165725048,0.25049019607843137
0.9622997172478793,0.2502450980392157
0.9622641509433962,0.25
0.9622285174693107,0.24975490196078431
0.9621928166351607,0.24950980392156863
0.9621570482497634,0.24926470588235294
0.9621212121212122,0.24901960784313726
0.9620853080568721,0.24877450980392157
0.9620493358633776,0.2485294117647059
0.9620132953466287,0.2482843137254902
0.9619771863117871,0.24803921568627452
0.961941008563273,0.24779411764705883
0.9619047619047619,0.24754901960784315
0.9628217349857007,0.24754901960784315
0.9627862595419847,0.24730392156862746
0.9627507163323782,0.24705882352941178
0.9627151051625239,0.2468137254901961
0.9626794258373206,0.2465686274509804
0.9626436781609196,0.24632352941176472
0.962607861936721,0.246078431372549
0.9625719769673704,0.24583333333333332
0.962536023054755,0.24558823529411763
0.9625,0.24534313725490195
0.9624639076034649,0.24509803921568626
0.9624277456647399,0.24485294117647058
0.9623915139826422,0.2446078431372549
0.9633204633204633,0.2446078431372549
0.9632850241545894,0.2443627450980392
0.9632495164410058,0.24411764705882352
0.9632139399806389,0.24387254901960784
0.9631782945736435,0.24362745098039215
0.9631425800193987,0.24338235294117647
0.9631067961165048,0.24313725490196078
0.9630709426627794,0.2428921568627451
0.9630350194552529,0.2426470588235294
0.9629990262901655,0.24240196078431372
0.9629629629629629,0.24215686274509804
0.9629268292682926,0.24191176470588235
0.962890625,0.24166666666666667
0.9628543499511242,0.24142156862745098
0.9628180039138943,0.2411764705882353
0.9627815866797258,0.2409313725490196
0.9627450980392157,0.24068627450980393
0.9627085377821394,0.24044117647058824
0.962671905697446,0.24019607843137256
0.9626352015732547,0.23995098039215687
0.9625984251968503,0.23970588235294119
0.9625615763546798,0.2394607843137255
0.9625246548323472,0.23921568627450981
0.9624876604146101,0.23897058823529413
0.9624505928853755,0.23872549019607844
0.9624134520276953,0.23848039215686276
0.9623762376237623,0.23823529411764705
0.9623389494549058,0.23799019607843136
0.9623015873015873,0.23774509803921567
0.9622641509433962,0.2375
0.9622266401590457,0.2372549019607843
0.9621890547263682,0.23700980392156862
0.9621513944223108,0.23676470588235293
0.9621136590229312,0.23651960784313725
0.9620758483033932,0.23627450980392156
0.962037962037962,0.23602941176470588
0.962,0.2357843137254902
0.9619619619619619,0.2355392156862745
0.9619238476953907,0.23529411764705882
0.9618856569709128,0.23504901960784313
0.9618473895582329,0.23480392156862745
0.9618090452261306,0.23455882352941176
0.9617706237424547,0.23431372549019608
0.9617321248741189,0.2340686274509804
0.9616935483870968,0.2338235294117647
0.9616548940464178,0.23357843137254902
0.9616161616161616,0.23333333333333334
0.961577350859454,0.23308823529411765
0.9625506072874493,0.23308823529411765
0.9625126646403243,0.23284313725490197
0.962474645030426,0.23259803921568628
0.9624365482233502,0.2323529411764706
0.9623983739837398,0.2321078431372549
0.9623601220752798,0.23186274509803922
0.9623217922606925,0.23161764705882354
0.9622833843017329,0.23137254901960785
0.9622448979591837,0.23112745098039217
0.9622063329928499,0.23088235294117648
0.9621676891615542,0.2306372549019608
0.962128966223132,0.23039215686274508
0.9620901639344263,0.2301470588235294
0.9620512820512821,0.2299019607843137
0.9620123203285421,0.22965686274509803
0.9619732785200411,0.22941176470588234
0.9629629629629629,0.22941176470588234
0.9629248197734295,0.22916666666666666
0.9628865979381444,0.22892156862745097
0.9628482972136223,0.2286764705882353
0.9628099173553719,0.2284313725490196
0.9627714581178903,0.22818627450980392
0.9627329192546584,0.22794117647058823
0.9626943005181348,0.22769607843137254
0.9626556016597511,0.22745098039215686
0.9626168224299065,0.22720588235294117
0.9625779625779626,0.2269607843137255
0.9625390218522373,0.2267156862745098
0.9625,0.22647058823529412
0.9635036496350365,0.22647058823529412
0.9634655532359081,0.22622549019607843
0.9634273772204807,0.22598039215686275
0.9633891213389121,0.22573529411764706
0.9633507853403142,0.22549019607843138
0.9633123689727463,0.2252450980392157
0.9632738719832109,0.225
0.9632352941176471,0.22475490196078432
0.9631966351209253,0.22450980392156863
0.9631578947368421,0.22426470588235295
0.9631190727081138,0.22401960784313726
0.9630801687763713,0.22377450980392158
0.9630411826821542,0.2235294117647059
0.9630021141649049,0.2232843137254902
0.9629629629629629,0.22303921568627452
0.9629237288135594,0.22279411764705884
0.9628844114528102,0.22254901960784312
0.9628450106157113,0.22230392156862744
0.9628055260361318,0.22205882352941175
0.9627659574468085,0.22181372549019607
0.9627263045793397,0.22156862745098038
0.9626865671641791,0.2213235294117647
0.9626467449306296,0.221078431372549
0.9626068376068376,0.22083333333333333
0.9625668449197861,0.22058823529411764
0.9625267665952891,0.22034313725490196
0.962486602357985,0.22009803921568627
0.9624463519313304,0.21985294117647058
0.9624060150375939,0.2196078431372549
0.9623655913978495,0.2193627450980392
0.9623250807319699,0.21911764705882353
0.9622844827586207,0.21887254901960784
0.9622437971952535,0.21862745098039216
0.9622030237580994,0.21838235294117647
0.9621621621621622,0.2181372549019608
0.9621212121212122,0.2178921568627451
0.962080173347779,0.21764705882352942
0.9620390455531453,0.21740196078431373
0.9619978284473398,0.21715686274509804
0.9619565217391305,0.21691176470588236
0.9619151251360174,0.21666666666666667
0.9618736383442266,0.216421568627451
0.9618320610687023,0.2161764705882353
0.9617903930131004,0.21593137254901962
0.9617486338797814,0.21568627450980393
0.9617067833698031,0.21544117647058825
0.9616648411829135,0.21519607843137256
0.9616228070175439,0.21495098039215688
0.9615806805708014,0.21470588235294116
0.9615384615384616,0.21446078431372548
0.9614961496149615,0.2142156862745098
0.961453744493392,0.2139705882352941
0.9614112458654906,0.21372549019607842
0.9613686534216336,0.21348039215686274
0.9613259668508287,0.21323529411764705
0.9612831858407079,0.21299019607843137
0.9612403100775194,0.21274509803921568
0.9611973392461197,0.2125
0.9622641509433962,0.2125
0.9622222222222222,0.2122549019607843
0.9632925472747497,0.2122549019607843
0.9632516703786191,0.21200980392156862
0.9632107023411371,0.21176470588235294
0.9631696428571429,0.21151960784313725
0.9631284916201117,0.21127450980392157
0.9630872483221476,0.21102941176470588
0.9630459126539753,0.2107843137254902
0.9630044843049327,0.2105392156862745
0.9629629629629629,0.21029411764705883
0.9629213483146067,0.21004901960784314
0.9628796400449944,0.20980392156862746
0.9628378378378378,0.20955882352941177
0.963923337091319,0.20955882352941177
0.963882618510158,0.20931372549019608
0.9638418079096045,0.2090686274509804
0.9638009049773756,0.2088235294117647
0.9637599093997735,0.20857843137254903
0.963718820861678,0.20833333333333334
0.963677639046538,0.20808823529411766
0.9636363636363636,0.20784313725490197
0.9635949943117179,0.2075980392156863
0.9635535307517085,0.2073529411764706
0.9635119726339795,0.20710784313725492
0.9634703196347032,0.2068627450980392
0.9634285714285714,0.20661764705882352
0.9633867276887872,0.20637254901960783
0.9633447880870561,0.20612745098039215
0.9644495412844036,0.20612745098039215
0.9644087256027555,0.20588235294117646
0.964367816091954,0.20563725490196078
0.9643268124280783,0.2053921568627451
0.9642857142857143,0.2051470588235294
0.9642445213379469,0.20490196078431372
0.964203233256351,0.20465686274509803
0.9641618497109826,0.20441176470588235
0.9641203703703703,0.20416666666666666
0.9640787949015064,0.20392156862745098
0.9640371229698376,0.2036764705882353
0.9639953542392566,0.2034313725490196
0.963953488372093,0.20318627450980392
0.9639115250291036,0.20294117647058824
0.9638694638694638,0.20269607843137255
0.9638273045507585,0.20245098039215687
0.9637850467289719,0.20220588235294118
0.9637426900584796,0.2019607843137255
0.9637002341920374,0.2017156862745098
0.9636576787807737,0.20147058823529412
0.9636150234741784,0.20122549019607844
0.963572267920094,0.20098039215686275
0.9635294117647059,0.20073529411764707
0.9634864546525324,0.20049019607843138
0.9634433962264151,0.2002450980392157
0.9634002361275088,0.2
0.9645390070921985,0.2
0.9644970414201184,0.19975490196078433
0.9644549763033176,0.19950980392156864
0.9644128113879004,0.19926470588235295
0.9655581947743468,0.19926470588235295
0.9655172413793104,0.19901960784313724
0.9654761904761905,0.19877450980392156
0.965435041716329,0.19852941176470587
0.9653937947494033,0.19828431372549019
0.965352449223417,0.1980392156862745
0.965311004784689,0.19779411764705881
0.9652694610778443,0.19754901960784313
0.9652278177458034,0.19730392156862744
0.9651860744297719,0.19705882352941176
0.9663461538461539,0.19705882352941176
0.9663056558363418,0.19681372549019607
0.9662650602409638,0.1965686274509804
0.9662243667068757,0.1963235294117647
0.966183574879227,0.19607843137254902
0.966142684401451,0.19583333333333333
0.9661016949152542,0.19558823529411765
0.9660606060606061,0.19534313725490196
0.9660194174757282,0.19509803921568628
0.9659781287970839,0.1948529411764706
0.9659367396593674,0.1946078431372549
0.9658952496954933,0.19436274509803922
0.9658536585365853,0.19411764705882353
0.9658119658119658,0.19387254901960785
0.9669926650366748,0.19387254901960785
0.966952264381885,0.19362745098039216
0.9669117647058824,0.19338235294117648
0.9668711656441717,0.1931372549019608
0.9668304668304668,0.1928921568627451
0.966789667896679,0.19264705882352942
0.9667487684729064,0.19240196078431374
0.966707768187423,0.19215686274509805
0.9666666666666667,0.19191176470588237
0.9666254635352287,0.19166666666666668
0.9665841584158416,0.191421568627451
0.966542750929368,0.19117647058823528
0.966501240694789,0.1909313725490196
0.9664596273291925,0.1906862745098039
0.9664179104477612,0.19044117647058822
0.9663760896637609,0.19019607843137254
0.9663341645885287,0.18995098039215685
0.9662921348314607,0.18970588235294117
0.96625,0.18946078431372548
0.9662077596996246,0.1892156862745098
0.9661654135338346,0.1889705882352941
0.9661229611041405,0.18872549019607843
0.9660804020100503,0.18848039215686274
0.9660377358490566,0.18823529411764706
0.9659949622166247,0.18799019607843137
0.9659520807061791,0.18774509803921569
0.9659090909090909,0.1875
0.965865992414665,0.18725490196078431
0.9670886075949368,0.18725490196078431
0.9670468948035488,0.18700980392156863
0.9670050761421319,0.18676470588235294
0.9669631512071156,0.18651960784313726
0.9669211195928753,0.18627450980392157
0.9668789808917198,0.1860294117647059
0.9668367346938775,0.1857843137254902
0.9680715197956578,0.1857843137254902
0.9680306905370843,0.18553921568627452
0.967989756722151,0.18529411764705883
0.967948717948718,0.18504901960784315
0.9679075738125802,0.18480392156862746
0.967866323907455,0.18455882352941178
0.9678249678249679,0.1843137254901961
0.9677835051546392,0.1840686274509804
0.967741935483871,0.18382352941176472
0.9677002583979328,0.183578431372549
0.9676584734799483,0.18333333333333332
0.9676165803108808,0.18308823529411763
0.9675745784695201,0.18284313725490195
0.9675324675324676,0.18259803921568626
0.9674902470741222,0.18235294117647058
0.9674479166666666,0.1821078431372549
0.9674054758800521,0.1818627450980392
0.9673629242819843,0.18161764705882352
0.9673202614379085,0.18137254901960784
0.9672774869109948,0.18112745098039215
0.9685452162516383,0.18112745098039215
0.968503937007874,0.18088235294117647
0.9684625492772667,0.18063725490196078
0.968421052631579,0.1803921568627451
0.9683794466403162,0.1801470588235294
0.9683377308707124,0.17990196078431372
0.9682959048877147,0.17965686274509804
0.9682539682539683,0.17941176470588235
0.9682119205298013,0.17916666666666667
0.9681697612732095,0.17892156862745098
0.9681274900398407,0.1786764705882353
0.9680851063829787,0.1784313725490196
0.9680426098535286,0.17818627450980393
0.968,0.17794117647058824
0.9679572763684913,0.17769607843137256
0.9679144385026738,0.17745098039215687
0.9678714859437751,0.17720588235294119
0.967828418230563,0.1769607843137255
0.9677852348993289,0.17671568627450981
0.967741935483871,0.17647058823529413
0.9676985195154778,0.17622549019607844
0.967654986522911,0.17598039215686276
0.9676113360323887,0.17573529411764705
0.9675675675675676,0.17549019607843136
0.9675236806495264,0.17524509803921567
0.9688346883468835,0.17524509803921567
0.9687924016282226,0.175
0.96875,0.1747549019607843
0.9687074829931973,0.17450980392156862
0.9686648501362398,0.17426470588235293
0.9686221009549796,0.17401960784313725
0.9685792349726776,0.17377450980392156
0.9685362517099864,0.17352941176470588
0.9684931506849315,0.1732843137254902
0.9684499314128944,0.1730392156862745
0.9684065934065934,0.17279411764705882
0.9683631361760661,0.17254901960784313
0.9683195592286501,0.17230392156862745
0.9682758620689655,0.17205882352941176
0.9682320441988951,0.17181372549019608
0.9681881051175657,0.1715686274509804
0.9681440443213296,0.1713235294117647
0.9680998613037448,0.17107843137254902
0.9680555555555556,0.17083333333333334
0.9680111265646731,0.17058823529411765
0.967966573816156,0.17034313725490197
0.9679218967921897,0.17009803921568628
0.9678770949720671,0.1698529411764706
0.9678321678321679,0.1696078431372549
0.9677871148459384,0.16936274509803922
0.967741935483871,0.16911764705882354
0.9676966292134831,0.16887254901960785
0.9676511954992968,0.16862745098039217
0.967605633802817,0.16838235294117648
0.9675599435825106,0.1681372549019608
0.9675141242937854,0.16789215686274508
0.9674681753889675,0.1676470588235294
0.9674220963172805,0.1674019607843137
0.9673758865248226,0.16715686274509803
0.9673295454545454,0.16691176470588234
0.9672830725462305,0.16666666666666666
0.9672364672364673,0.16642156862745097
0.9671897289586305,0.1661764705882353
0.9671428571428572,0.1659313725490196
0.9670958512160229,0.16568627450980392
0.9670487106017192,0.16544117647058823
0.9670014347202296,0.16519607843137254
0.9669540229885057,0.16495098039215686
0.9669064748201439,0.16470588235294117
0.9668587896253602,0.1644607843137255
0.9668109668109668,0.1642156862745098
0.9667630057803468,0.16397058823529412
0.9667149059334298,0.16372549019607843
0.9666666666666667,0.16348039215686275
0.9666182873730044,0.16323529411764706
0.9665697674418605,0.16299019607843138
0.9665211062590975,0.1627450980392157
0.9664723032069971,0.1625
0.9664233576642336,0.16225490196078432
0.9678362573099415,0.16225490196078432
0.9677891654465594,0.16200980392156863
0.967741935483871,0.16176470588235295
0.9676945668135095,0.16151960784313726
0.9676470588235294,0.16127450980392158
0.96759941089838,0.1610294117647059
0.967551622418879,0.1607843137254902
0.9675036927621861,0.16053921568627452
0.9674556213017751,0.16029411764705884
0.9674074074074074,0.16004901960784312
0.9673590504451038,0.15980392156862744
0.9673105497771174,0.15955882352941175
0.9672619047619048,0.15931372549019607
0.9687034277198212,0.15931372549019607
0.9686567164179104,0.15906862745098038
0.968609865470852,0.1588235294117647
0.968562874251497,0.158578431372549
0.9685157421289355,0.15833333333333333
0.9684684684684685,0.15808823529411764
0.968421052631579,0.15784313725490196
0.9683734939759037,0.15759803921568627
0.9683257918552036,0.15735294117647058
0.9682779456193353,0.1571078431372549
0.9682299546142209,0.1568627450980392
0.9681818181818181,0.15661764705882353
0.9681335356600911,0.15637254901960784
0.9680851063829787,0.15612745098039216
0.9680365296803652,0.15588235294117647
0.9679878048780488,0.1556372549019608
0.9679389312977099,0.1553921568627451
0.9678899082568807,0.15514705882352942
0.9678407350689127,0.15490196078431373
0.9677914110429447,0.15465686274509804
0.967741935483871,0.15441176470588236
0.9676923076923077,0.15416666666666667
0.9676425269645609,0.153921568627451
0.9675925925925926,0.1536764705882353
0.9675425038639877,0.15343137254901962
0.9674922600619195,0.15318627450980393
0.9674418604651163,0.15294117647058825
0.967391304347826,0.15269607843137256
0.9673405909797823,0.15245098039215688
0.9672897196261683,0.15220588235294116
0.9672386895475819,0.15196078431372548
0.9671875,0.1517156862745098
0.9671361502347418,0.1514705882352941
0.9670846394984326,0.15122549019607842
0.9686028257456829,0.15122549019607842
0.9685534591194969,0.15098039215686274
0.968503937007874,0.15073529411764705
0.9684542586750788,0.15049019607843137
0.9684044233807267,0.15024509803921568
0.9683544303797469,0.15
0.9683042789223455,0.1497549019607843
0.9682539682539683,0.14950980392156862
0.9682034976152624,0.14926470588235294
0.9681528662420382,0.14901960784313725
0.9681020733652312,0.14877450980392157
0.9680511182108626,0.14852941176470588
0.968,0.1482843137254902
0.967948717948718,0.1480392156862745
0.9678972712680578,0.14779411764705883
0.9678456591639871,0.14754901960784314
0.9677938808373591,0.14730392156862746
0.967741935483871,0.14705882352941177
0.9676898222940227,0.14681372549019608
0.9692556634304207,0.14681372549019608
0.9692058346839546,0.1465686274509804
0.9691558441558441,0.1463235294117647
0.9691056910569106,0.14607843137254903
0.9690553745928339,0.14583333333333334
0.9690048939641109,0.14558823529411766
0.9689542483660131,0.14534313725490197
0.9689034369885434,0.1450980392156863
0.9704918032786886,0.1450980392156863
0.9704433497536946,0.1448529411764706
0.9703947368421053,0.14460784313725492
0.9703459637561779,0.1443627450980392
0.9702970297029703,0.14411764705882352
0.9702479338842975,0.14387254901960783
0.9701986754966887,0.14362745098039215
0.9701492537313433,0.14338235294117646
0.9700996677740864,0.14313725490196078
0.9700499168053245,0.1428921568627451
0.97,0.1426470588235294
0.9699499165275459,0.14240196078431372
0.9698996655518395,0.14215686274509803
0.9698492462311558,0.14191176470588235
0.9714765100671141,0.14191176470588235
0.9714285714285714,0.14166666666666666
0.9713804713804713,0.14142156862745098
0.9713322091062394,0.1411764705882353
0.9712837837837838,0.1409313725490196
0.9712351945854484,0.14068627450980392
0.9711864406779661,0.14044117647058824
0.9711375212224108,0.14019607843137255
0.9710884353741497,0.13995098039215687
0.9710391822827938,0.13970588235294118
0.9709897610921502,0.1394607843137255
0.9709401709401709,0.1392156862745098
0.9726027397260274,0.1392156862745098
0.9725557461406518,0.13897058823529412
0.9725085910652921,0.13872549019607844
0.9724612736660929,0.13848039215686275
0.9724137931034482,0.13823529411764707
0.9723661485319517,0.13799019607843138
0.972318339100346,0.1377450980392157
0.9722703639514731,0.1375
0.9722222222222222,0.13725490196078433
0.9739130434782609,0.13725490196078433
0.9738675958188153,0.13700980392156864
0.9738219895287958,0.13676470588235295
0.9737762237762237,0.13651960784313724
0.9754816112084063,0.13651960784313724
0.9754385964912281,0.13627450980392156
0.9753954305799648,0.13602941176470587
0.9753521126760564,0.13578431372549019
0.9753086419753086,0.1355392156862745
0.9752650176678446,0.13529411764705881
0.9752212389380531,0.13504901960784313
0.975177304964539,0.13480392156862744
0.9751332149200711,0.13455882352941176
0.9750889679715302,0.13431372549019607
0.9750445632798574,0.1340686274509804
0.975,0.1338235294117647
0.9749552772808586,0.13357843137254902
0.974910394265233,0.13333333333333333
0.9748653500897666,0.13308823529411765
0.9748201438848921,0.13284313725490196
0.9747747747747748,0.13259803921568628
0.9747292418772563,0.1323529411764706
0.9746835443037974,0.1321078431372549
0.9746376811594203,0.13186274509803922
0.9745916515426497,0.13161764705882353
0.9745454545454545,0.13137254901960785
0.9744990892531876,0.13112745098039216
0.9744525547445255,0.13088235294117648
0.9744058500914077,0.1306372549019608
0.9743589743589743,0.1303921568627451
0.9761467889908257,0.1303921568627451
0.9761029411764706,0.13014705882352942
0.9760589318600368,0.12990196078431374
0.9760147601476015,0.12965686274509805
0.9759704251386322,0.12941176470588237
0.975925925925926,0.12916666666666668
0.9758812615955473,0.128921568627451
0.9758364312267658,0.12867647058823528
0.9757914338919925,0.1284313725490196
0.9757462686567164,0.1281862745098039
0.9757009345794393,0.12794117647058822
0.9756554307116105,0.12769607843137254
0.975609756097561,0.12745098039215685
0.9755639097744361,0.12720588235294117
0.975517890772128,0.12696078431372548
0.9754716981132076,0.1267156862745098
0.9754253308128544,0.1264705882352941
0.9753787878787878,0.12622549019607843
0.9753320683111955,0.12598039215686274
0.9752851711026616,0.12573529411764706
0.9752380952380952,0.12549019607843137
0.9751908396946565,0.12524509803921569
0.9770554493307839,0.12524509803921569
0.9770114942528736,0.125
0.9769673704414588,0.12475490196078431
0.9769230769230769,0.12450980392156863
0.976878612716763,0.12426470588235294
0.9768339768339769,0.12401960784313726
0.97678916827853,0.12377450980392157
0.9767441860465116,0.12352941176470589
0.9766990291262136,0.1232843137254902
0.9766536964980544,0.1230392156862745
0.9766081871345029,0.12279411764705882
0.9765625,0.12254901960784313
0.9765166340508806,0.12230392156862745
0.9764705882352941,0.12205882352941176
0.9764243614931237,0.12181372549019608
0.9763779527559056,0.12156862745098039
0.9763313609467456,0.1213235294117647
0.9762845849802372,0.12107843137254902
0.9762376237623762,0.12083333333333333
0.9761904761904762,0.12058823529411765
0.9761431411530815,0.12034313725490196
0.9760956175298805,0.12009803921568628
0.9760479041916168,0.11985294117647059
0.976,0.11960784313725491
0.9759519038076152,0.11936274509803922
0.9759036144578314,0.11911764705882352
0.9758551307847082,0.11887254901960784
0.9758064516129032,0.11862745098039215
0.9757575757575757,0.11838235294117647
0.9757085020242915,0.11813725490196078
0.9756592292089249,0.1178921568627451
0.975609756097561,0.11764705882352941
0.9755600814663951,0.11740196078431372
0.9755102040816327,0.11715686274509804
0.9775051124744376,0.11715686274509804
0.9774590163934426,0.11691176470588235
0.9774127310061602,0.11666666666666667
0.977366255144033,0.11642156862745098
0.977319587628866,0.1161764705882353
0.9772727272727273,0.11593137254901961
0.9772256728778468,0.11568627450980393
0.9771784232365145,0.11544117647058824
0.9771309771309772,0.11519607843137254
0.9770833333333333,0.11495098039215686
0.9770354906054279,0.11470588235294117
0.9769874476987448,0.11446078431372549
0.9769392033542977,0.1142156862745098
0.976890756302521,0.11397058823529412
0.9768421052631578,0.11372549019607843
0.9767932489451476,0.11348039215686274
0.9767441860465116,0.11323529411764706
0.9766949152542372,0.11299019607843137
0.9766454352441614,0.11274509803921569
0.9765957446808511,0.1125
0.9786780383795309,0.1125
0.9786324786324786,0.11225490196078432
0.9807280513918629,0.11225490196078432
0.98068669527897,0.11200980392156863
0.9806451612903225,0.11176470588235295
0.9806034482758621,0.11151960784313726
0.980561555075594,0.11127450980392156
0.9805194805194806,0.11102941176470588
0.9804772234273319,0.11078431372549019
0.9804347826086957,0.1105392156862745
0.9803921568627451,0.11029411764705882
0.980349344978166,0.11004901960784313
0.9803063457330415,0.10980392156862745
0.9802631578947368,0.10955882352941176
0.9802197802197802,0.10931372549019608
0.9801762114537445,0.1090686274509804
0.9801324503311258,0.10882352941176471
0.9800884955752213,0.10857843137254902
0.9800443458980045,0.10833333333333334
0.9822222222222222,0.10833333333333334
0.9821826280623608,0.10808823529411765
0.9821428571428571,0.10784313725490197
0.9821029082774049,0.10759803921568628
0.9820627802690582,0.10735294117647058
0.9820224719101124,0.1071078431372549
0.9842342342342343,0.1071078431372549
0.9841986455981941,0.10686274509803921
0.9841628959276018,0.10661764705882353
0.9841269841269841,0.10637254901960784
0.9863636363636363,0.10637254901960784
0.9863325740318907,0.10612745098039215
0.9885844748858448,0.10612745098039215
0.988558352402746,0.10588235294117647
0.9908256880733946,0.10588235294117647
0.9908045977011494,0.10563725490196078
0.9907834101382489,0.1053921568627451
0.9907621247113164,0.10514705882352941
0.9907407407407407,0.10490196078431373
0.9907192575406032,0.10465686274509804
0.9906976744186047,0.10441176470588236
0.9906759906759907,0.10416666666666667
0.9906542056074766,0.10392156862745099
0.990632318501171,0.1036764705882353
0.9906103286384976,0.1034313725490196
0.9905882352941177,0.10318627450980392
0.9905660377358491,0.10294117647058823
0.9905437352245863,0.10269607843137254
0.990521327014218,0.10245098039215686
0.9904988123515439,0.10220588235294117
0.9904761904761905,0.10196078431372549
0.9904534606205251,0.1017156862745098
0.9904306220095693,0.10147058823529412
0.9904076738609112,0.10122549019607843
0.9903846153846154,0.10098039215686275
0.9903614457831326,0.10073529411764706
0.9903381642512077,0.10049019607843138
0.9903147699757869,0.10024509803921569
0.9902912621359223,0.1
0.9902676399026764,0.09975490196078432
0.9902439024390244,0.09950980392156862
0.9902200488997555,0.09926470588235294
0.9901960784313726,0.09901960784313725
0.9901719901719902,0.09877450980392156
0.9901477832512315,0.09852941176470588
0.9901234567901235,0.0982843137254902
0.9900990099009901,0.09803921568627451
0.9900744416873449,0.09779411764705882
0.9900497512437811,0.09754901960784314
0.9900249376558603,0.09730392156862745
0.99,0.09705882352941177
0.9899749373433584,0.09681372549019608
0.9899497487437185,0.0965686274509804
0.9899244332493703,0.09632352941176471
0.98989898989899,0.09607843137254903
0.9898734177215189,0.09583333333333334
0.9898477157360406,0.09558823529411764
0.989821882951654,0.09534313725490196
0.9897959183673469,0.09509803921568627
0.989769820971867,0.09485294117647058
0.9897435897435898,0.0946078431372549
0.9897172236503856,0.09436274509803921
0.9896907216494846,0.09411764705882353
0.9896640826873385,0.09387254901960784
0.9896373056994818,0.09362745098039216
0.9896103896103896,0.09338235294117647
0.9895833333333334,0.09313725490196079
0.9895561357702349,0.0928921568627451
0.9895287958115183,0.09264705882352942
0.989501312335958,0.09240196078431373
0.9894736842105263,0.09215686274509804
0.9894459102902374,0.09191176470588236
0.9894179894179894,0.09166666666666666
0.9893899204244032,0.09142156862745097
0.9893617021276596,0.09117647058823529
0.9893333333333333,0.0909313725490196
0.9893048128342246,0.09068627450980392
0.9892761394101877,0.09044117647058823
0.989247311827957,0.09019607843137255
0.9892183288409704,0.08995098039215686
0.9891891891891892,0.08970588235294118
0.989159891598916,0.08946078431372549
0.9891304347826086,0.0892156862745098
0.989100817438692,0.08897058823529412
0.9890710382513661,0.08872549019607844
0.989041095890411,0.08848039215686275
0.989010989010989,0.08823529411764706
0.9889807162534435,0.08799019607843138
0.988950276243094,0.08774509803921568
0.9889196675900277,0.0875
0.9888888888888889,0.08725490196078431
0.9888579387186629,0.08700980392156862
0.9888268156424581,0.08676470588235294
0.988795518207283,0.08651960784313725
0.9887640449438202,0.08627450980392157
0.9887323943661972,0.08602941176470588
0.9887005649717514,0.0857843137254902
0.9886685552407932,0.08553921568627451
0.9886363636363636,0.08529411764705883
0.9886039886039886,0.08504901960784314
0.9885714285714285,0.08480392156862746
0.9885386819484241,0.08455882352941177
0.9885057471264368,0.08431372549019608
0.9884726224783862,0.0840686274509804
0.9884393063583815,0.0838235294117647
0.9884057971014493,0.08357843137254901
0.9883720930232558,0.08333333333333333
0.9883381924198251,0.08308823529411764
0.9883040935672515,0.08284313725490196
0.9882697947214076,0.08259803921568627
0.9882352941176471,0.08235294117647059
0.9882005899705014,0.0821078431372549
0.9881656804733728,0.08186274509803922
0.9881305637982196,0.08161764705882353
0.9880952380952381,0.08137254901960785
0.9880597014925373,0.08112745098039216
0.9880239520958084,0.08088235294117647
0.987987987987988,0.08063725490196079
0.9879518072289156,0.0803921568627451
0.9879154078549849,0.08014705882352942
0.9878787878787879,0.07990196078431372
0.9878419452887538,0.07965686274509803
0.9878048780487805,0.07941176470588235
0.9877675840978594,0.07916666666666666
0.9877300613496932,0.07892156862745098
0.9876923076923076,0.07867647058823529
0.9876543209876543,0.0784313725490196
0.9876160990712074,0.07818627450980392
0.9875776397515528,0.07794117647058824
0.9875389408099688,0.07769607843137255
0.9875,0.07745098039215687
0.987460815047022,0.07720588235294118
0.9874213836477987,0.0769607843137255
0.9873817034700315,0.07671568627450981
0.9873417721518988,0.07647058823529412
0.9873015873015873,0.07622549019607844
0.9872611464968153,0.07598039215686274
0.987220447284345,0.07573529411764705
0.9871794871794872,0.07549019607843137
0.9871382636655949,0.07524509803921568
0.9870967741935484,0.075
0.9870550161812298,0.07475490196078431
0.987012987012987,0.07450980392156863
0.9869706840390879,0.07426470588235294
0.9869281045751634,0.07401960784313726
0.9868852459016394,0.07377450980392157
0.9868421052631579,0.07352941176470588
0.9867986798679867,0.0732843137254902
0.9867549668874173,0.07303921568627451
0.9867109634551495,0.07279411764705883
0.9866666666666667,0.07254901960784314
0.9866220735785953,0.07230392156862746
0.9865771812080537,0.07205882352941176
0.9865319865319865,0.07181372549019607
0.9864864864864865,0.07156862745098039
0.9864406779661017,0.0713235294117647
0.9863945578231292,0.07107843137254902
0.9863481228668942,0.07083333333333333
0.9863013698630136,0.07058823529411765
0.9862542955326461,0.07034313725490196
0.9862068965517241,0.07009803921568628
0.986159169550173,0.06985294117647059
0.9861111111111112,0.0696078431372549
0.9860627177700348,0.06936274509803922
0.986013986013986,0.06911764705882353
0.9859649122807017,0.06887254901960785
0.9859154929577465,0.06862745098039216
0.9858657243816255,0.06838235294117648
0.9858156028368794,0.06813725490196078
0.9857651245551602,0.06789215686274509
0.9857142857142858,0.06764705882352941
0.985663082437276,0.06740196078431372
0.9856115107913669,0.06715686274509804
0.9855595667870036,0.06691176470588235
0.9855072463768116,0.06666666666666667
0.9854545454545455,0.06642156862745098
0.9854014598540146,0.0661764705882353
0.9853479853479854,0.06593137254901961
0.9852941176470589,0.06568627450980392
0.985239852398524,0.06544117647058824
0.9851851851851852,0.06519607843137255
0.9851301115241635,0.06495098039215687
0.9850746268656716,0.06470588235294118
0.9850187265917603,0.0644607843137255
0.9849624060150376,0.0642156862745098
0.9849056603773585,0.06397058823529411
0.9848484848484849,0.06372549019607843
0.9847908745247148,0.06348039215686274
0.9847328244274809,0.06323529411764706
0.9846743295019157,0.06299019607843137
0.9846153846153847,0.06274509803921569
0.9845559845559846,0.0625
0.9844961240310077,0.062254901960784315
0.9883268482490273,0.062254901960784315
0.98828125,0.06200980392156863
0.9882352941176471,0.061764705882352944
0.9881889763779528,0.06151960784313725
0.9881422924901185,0.061274509803921566
0.9880952380952381,0.06102941176470588
0.9880478087649402,0.060784313725490195
0.988,0.06053921568627451
0.9879518072289156,0.060294117647058824
0.9879032258064516,0.06004901960784314
0.9878542510121457,0.059803921568627454
0.9878048780487805,0.05955882352941176
0.9877551020408163,0.059313725490196076
0.9918032786885246,0.059313725490196076
0.9917695473251029,0.05906862745098039
0.9917355371900827,0.058823529411764705
0.991701244813278,0.05857843137254902
0.9916666666666667,0.058333333333333334
0.9916317991631799,0.05808823529411765
0.9915966386554622,0.05784313725490196
0.9915611814345991,0.05759803921568627
0.9915254237288136,0.057352941176470586
0.9914893617021276,0.0571078431372549
0.9914529914529915,0.056862745098039215
0.9914163090128756,0.05661764705882353
0.9913793103448276,0.056372549019607844
0.9913419913419913,0.05612745098039216
0.991304347826087,0.05588235294117647
0.9912663755458515,0.05563725490196078
0.9912280701754386,0.055392156862745096
0.9911894273127754,0.05514705882352941
0.9911504424778761,0.054901960784313725
0.9911111111111112,0.05465686274509804
0.9910714285714286,0.054411764705882354
0.9910313901345291,0.05416666666666667
0.990990990990991,0.05392156862745098
0.9909502262443439,0.05367647058823529
0.990909090909091,0.053431372549019605
0.9908675799086758,0.05318627450980392
0.9908256880733946,0.052941176470588235
0.9907834101382489,0.05269607843137255
0.9907407407407407,0.052450980392156864
0.9906976744186047,0.05220588235294118
0.9906542056074766,0.05196078431372549
0.9906103286384976,0.0517156862745098
0.9905660377358491,0.051470588235294115
0.990521327014218,0.05122549019607843
0.9904761904761905,0.050980392156862744
0.9904306220095693,0.05073529411764706
0.9903846153846154,0.050490196078431374
0.9903381642512077,0.05024509803921569
0.9902912621359223,0.05
0.9902439024390244,0.04975490196078431
0.9901960784313726,0.049509803921568625
0.9901477832512315,0.04926470588235294
0.9900990099009901,0.049019607843137254
0.9900497512437811,0.04877450980392157
0.99,0.04852941176470588
0.9899497487437185,0.0482843137254902
0.98989898989899,0.04803921568627451
0.9898477157360406,0.04779411764705882
0.9897959183673469,0.047549019607843135
0.9897435897435898,0.04730392156862745
0.9896907216494846,0.047058823529411764
0.9896373056994818,0.04681372549019608
0.9895833333333334,0.04656862745098039
0.9895287958115183,0.04632352941176471
0.9894736842105263,0.04607843137254902
0.9894179894179894,0.04583333333333333
0.9893617021276596,0.045588235294117645
0.9893048128342246,0.04534313725490196
0.989247311827957,0.045098039215686274
0.9891891891891892,0.04485294117647059
0.9891304347826086,0.0446078431372549
0.9890710382513661,0.04436274509803922
0.989010989010989,0.04411764705882353
0.988950276243094,0.04387254901960784
0.9888888888888889,0.043627450980392155
0.9888268156424581,0.04338235294117647
0.9887640449438202,0.043137254901960784
0.9887005649717514,0.0428921568627451
0.9886363636363636,0.04264705882352941
0.9885714285714285,0.04240196078431373
0.9885057471264368,0.04215686274509804
0.9884393063583815,0.04191176470588235
0.9883720930232558,0.041666666666666664
0.9883040935672515,0.04142156862745098
0.9882352941176471,0.041176470588235294
0.9881656804733728,0.04093137254901961
0.9880952380952381,0.04068627450980392
0.9880239520958084,0.04044117647058824
0.9879518072289156,0.04019607843137255
0.9878787878787879,0.03995098039215686
0.9878048780487805,0.039705882352941174
0.9877300613496932,0.03946078431372549
0.9876543209876543,0.0392156862745098
0.9875776397515528,0.03897058823529412
0.9875,0.03872549019607843
0.9874213836477987,0.03848039215686275
0.9873417721518988,0.03823529411764706
0.9872611464968153,0.03799019607843137
0.9871794871794872,0.037745098039215684
0.9870967741935484,0.0375
0.987012987012987,0.03725490196078431
0.9869281045751634,0.03700980392156863
0.9868421052631579,0.03676470588235294
0.9867549668874173,0.03651960784313726
0.9866666666666667,0.03627450980392157
0.9865771812080537,0.03602941176470588
0.9864864864864865,0.035784313725490194
0.9863945578231292,0.03553921568627451
0.9863013698630136,0.03529411764705882
0.9862068965517241,0.03504901960784314
0.9861111111111112,0.03480392156862745
0.986013986013986,0.03455882352941177
0.9859154929577465,0.03431372549019608
0.9858156028368794,0.03406862745098039
0.9857142857142858,0.033823529411764704
0.9856115107913669,0.03357843137254902
0.9855072463768116,0.03333333333333333
0.9854014598540146,0.03308823529411765
0.9852941176470589,0.03284313725490196
0.9851851851851852,0.03259803921568628
0.9850746268656716,0.03235294117647059
0.9849624060150376,0.0321078431372549
0.9848484848484849,0.031862745098039214
0.9847328244274809,0.03161764705882353
0.9846153846153847,0.03137254901960784
0.9844961240310077,0.031127450980392157
0.984375,0.030882352941176472
0.984251968503937,0.030637254901960783
0.9841269841269841,0.030392156862745098
0.984,0.030147058823529412
0.9838709677419355,0.029901960784313727
0.983739837398374,0.029656862745098038
0.9836065573770492,0.029411764705882353
0.9834710743801653,0.029166666666666667
0.9833333333333333,0.02892156862745098
0.9831932773109243,0.028676470588235293
0.9830508474576272,0.028431372549019607
0.9829059829059829,0.028186274509803922
0.9827586206896551,0.027941176470588237
0.9826086956521739,0.027696078431372548
0.9824561403508771,0.027450980392156862
0.9823008849557522,0.027205882352941177
0.9821428571428571,0.02696078431372549
0.9819819819819819,0.026715686274509803
0.9818181818181818,0.026470588235294117
0.981651376146789,0.026225490196078432
0.9814814814814815,0.025980392156862746
0.9813084112149533,0.025735294117647058
0.9811320754716981,0.025490196078431372
0.9809523809523809,0.025245098039215687
0.9807692307692307,0.025
0.9805825242718447,0.024754901960784313
0.9803921568627451,0.024509803921568627
0.9801980198019802,0.02426470588235294
0.98,0.024019607843137256
0.9797979797979798,0.023774509803921567
0.9795918367346939,0.023529411764705882
0.979381443298969,0.023284313725490197
0.9791666666666666,0.02303921568627451
0.9789473684210527,0.022794117647058822
0.9787234042553191,0.022549019607843137
0.978494623655914,0.02230392156862745
0.9782608695652174,0.022058823529411766
0.978021978021978,0.021813725490196077
0.9777777777777777,0.021568627450980392
0.9775280898876404,0.021323529411764706
0.9772727272727273,0.02107843137254902
0.9770114942528736,0.020833333333333332
0.9767441860465116,0.020588235294117647
0.9764705882352941,0.02034313725490196
0.9761904761904762,0.020098039215686276
0.9759036144578314,0.019852941176470587
0.975609756097561,0.0196078431372549
0.9753086419753086,0.019362745098039216
0.975,0.01911764705882353
0.9746835443037974,0.018872549019607842
0.9743589743589743,0.018627450980392157
0.974025974025974,0.01838235294117647
0.9736842105263158,0.018137254901960786
0.9733333333333334,0.017892156862745097
0.972972972972973,0.01764705882352941
0.9726027397260274,0.017401960784313726
0.9722222222222222,0.01715686274509804
0.971830985915493,0.016911764705882352
0.9714285714285714,0.016666666666666666
0.9710144927536232,0.01642156862745098
0.9705882352941176,0.016176470588235296
0.9701492537313433,0.015931372549019607
0.9696969696969697,0.01568627450980392
0.9692307692307692,0.015441176470588236
0.96875,0.015196078431372549
0.9682539682539683,0.014950980392156863
0.967741935483871,0.014705882352941176
0.9672131147540983,0.01446078431372549
0.9666666666666667,0.014215686274509804
0.9661016949152542,0.013970588235294118
0.9655172413793104,0.013725490196078431
0.9649122807017544,0.013480392156862746
0.9642857142857143,0.013235294117647059
0.9636363636363636,0.012990196078431373
0.9629629629629629,0.012745098039215686
0.9622641509433962,0.0125
0.9615384615384616,0.012254901960784314
0.9607843137254902,0.012009803921568628
0.96,0.011764705882352941
0.9591836734693877,0.011519607843137256
0.9583333333333334,0.011274509803921568
0.9574468085106383,0.011029411764705883
0.9565217391304348,0.010784313725490196
0.9555555555555556,0.01053921568627451
0.9545454545454546,0.010294117647058823
0.9767441860465116,0.010294117647058823
0.9761904761904762,0.010049019607843138
0.975609756097561,0.00980392156862745
0.975,0.009558823529411765
0.9743589743589743,0.009313725490196078
0.9736842105263158,0.009068627450980393
0.972972972972973,0.008823529411764706
0.9722222222222222,0.00857843137254902
0.9714285714285714,0.008333333333333333
0.9705882352941176,0.008088235294117648
0.9696969696969697,0.00784313725490196
0.96875,0.007598039215686274
0.967741935483871,0.007352941176470588
0.9666666666666667,0.007107843137254902
0.9655172413793104,0.006862745098039216
0.9642857142857143,0.006617647058823529
0.9629629629629629,0.006372549019607843
0.9615384615384616,0.006127450980392157
0.96,0.0058823529411764705
0.9583333333333334,0.005637254901960784
0.9565217391304348,0.005392156862745098
0.9545454545454546,0.005147058823529412
0.9523809523809523,0.004901960784313725
0.95,0.004656862745098039
0.9473684210526315,0.004411764705882353
0.9444444444444444,0.004166666666666667
0.9411764705882353,0.00392156862745098
0.9375,0.003676470588235294
0.9333333333333333,0.003431372549019608
0.9285714285714286,0.0031862745098039215
0.9230769230769231,0.0029411764705882353
0.9166666666666666,0.002696078431372549
0.9090909090909091,0.0024509803921568627
0.9,0.0022058823529411764
0.8888888888888888,0.00196078431372549
0.875,0.001715686274509804
0.8571428571428571,0.0014705882352941176
0.8333333333333334,0.0012254901960784314
0.8,0.000980392156862745
0.75,0.0007352941176470588
0.6666666666666666,0.0004901960784313725
0.5,0.00024509803921568627
1.0,0.00024509803921568627
1.0,0.0
