overall_acc,n_test_sessions,per_user_mean_acc,mean_n_states
0.6862745098039216,102.0,0.6862745098039216,3.9607843137254903
