EER,EER_threshold,AUC,n_samples,n_genuine,n_impostor
0.4362734193361915,0.642,0.6052652717481325,20400,13258,7142
