trust_score,label,user_id
0.46208373691888016,1,s002
5.756201692408425e-05,0,s002
0.46227059367060686,1,s002
0.9640829222706166,1,s002
0.7617623209328543,1,s002
0.9052058715833806,1,s002
0.4624282248181357,1,s002
0.7616499662965492,1,s002
0.46199570261984757,1,s002
0.4621022387855831,1,s002
0.4626838211250075,1,s002
0.46272720763207476,1,s002
0.46227226646434705,1,s002
0.9052236144094088,0,s002
0.7616247174959843,1,s002
0.46199921927501286,1,s002
0.462140265112976,1,s002
0.4623151199643567,1,s002
0.4620223049254846,1,s002
0.761708543678407,0,s002
0.7619712282369153,0,s002
0.46212234520244055,1,s002
0.4628617264022745,1,s002
0.4620513145383971,1,s002
0.0008832642347218478,0,s002
0.7617594375254724,0,s002
0.4619468956927326,0,s002
0.46217572360324466,0,s002
0.761657897192737,1,s002
0.4621507304482271,0,s002
0.7615697200475224,0,s002
0.4620038787666405,1,s002
0.4619902865397234,1,s002
0.7613235971623722,1,s002
0.46220857481605604,0,s002
0.4624292772601468,0,s002
0.46210055422492524,0,s002
0.46198857247295533,1,s002
0.462156374062926,0,s002
0.46259704756989906,1,s002
0.4620681897250918,1,s002
0.7616679978432885,1,s002
0.7616662491871895,0,s002
0.4617423441326207,0,s002
0.4618762639934888,0,s002
0.4619512790289835,1,s002
0.7618979131819339,1,s002
0.46256593289803716,0,s002
0.46211988232402756,1,s002
0.46204022577957815,1,s002
0.0002649723876810839,1,s002
0.46220810419976743,1,s002
0.0004892465273704794,0,s002
0.4620762397820448,1,s002
0.4630246139060066,1,s002
0.7617715661734015,1,s002
0.46174959613272337,0,s002
0.462175811917664,1,s002
0.46207161616235726,1,s002
0.46174989261298083,0,s002
0.462381617891404,0,s002
0.46241039078461643,0,s002
0.7614684358514585,1,s002
0.7613139089405323,1,s002
0.4619741832189854,1,s002
0.4621710754249784,1,s002
0.46213280702784965,1,s002
0.7615441791130073,1,s002
0.4623681746395334,0,s002
0.4624312879539034,0,s002
0.4620749916427389,1,s002
0.4625559711915661,1,s002
0.46231134740991164,1,s002
0.46197051196254235,1,s002
0.4624295350835623,1,s002
0.46251875434184697,0,s002
0.7616961673579863,1,s002
0.4622432016332829,1,s002
0.4622263122479875,1,s002
0.4625981881086352,1,s002
0.46171590962851794,0,s002
0.7616114796381179,1,s002
0.4624308518427618,1,s002
0.4621472017400423,1,s002
0.7619516941296427,1,s002
0.4620430552673518,0,s002
0.46203010271095657,1,s002
0.46205966864885584,0,s002
0.46238028697664424,1,s002
0.4629916892663577,1,s002
0.4623252158732625,1,s002
0.46249844102673987,1,s002
0.4625999352860488,1,s002
0.4626055546722887,1,s002
0.46218229338293026,1,s002
0.4620487411519343,1,s002
0.4623187397213939,1,s002
0.4621287505377265,1,s002
0.46228203639457743,0,s002
0.7615749695377796,0,s002
0.46251876420988736,0,s002
0.4623488240258131,1,s002
0.761724588485069,0,s002
0.4619382536452059,1,s002
0.4623043066681294,0,s002
0.4617606806104515,0,s002
0.0014037145095080472,0,s002
0.4621286769779456,1,s002
0.46220040649253447,0,s002
0.4621687927587821,0,s002
9.616055541372681e-05,0,s002
0.4621849671467375,1,s002
0.461759971752046,0,s002
0.46186645330510845,1,s002
0.46214697097089497,0,s002
0.4622413937690375,1,s002
0.462355272091282,0,s002
0.4619511520477664,0,s002
0.4623975524977828,1,s002
0.00019699354300595218,0,s002
0.46200678329688993,1,s002
0.4618988323717126,1,s002
0.4623942389324429,1,s002
0.761884117472529,0,s002
0.462123129430279,1,s002
0.46222707074763436,1,s002
0.46208812578565706,0,s002
0.4621904450420371,1,s002
0.7616688879814735,1,s002
0.46226671135790953,1,s002
0.46212164911228815,0,s002
0.4622509314595258,1,s002
0.4622125263066241,0,s002
0.46211604903624015,1,s002
0.462245471503012,0,s002
0.46234599622277406,0,s002
0.9052141721156897,1,s002
0.00011550409372573789,0,s002
0.46205512876295884,1,s002
0.46248007740669905,1,s002
0.461940569638597,0,s002
0.4621094657956939,1,s002
0.46223949799884045,1,s002
0.4622648530853626,0,s002
0.4624472153146335,0,s002
0.4622995609061211,0,s002
0.4622615928450917,1,s002
0.46237228062360414,0,s002
0.46222072505390255,1,s002
0.4625097989751423,1,s002
0.7617396084592492,1,s002
0.46241707809556853,1,s002
0.46247225260631164,1,s002
0.46246402380190776,1,s002
0.46229613096491917,1,s002
0.4622868354771501,1,s002
0.46241723656045863,1,s002
0.46220282572952587,1,s002
0.4623797466471067,0,s002
0.46206922776844395,0,s002
0.4621536948774343,0,s002
0.46214635177351715,0,s002
0.4620747162097276,0,s002
0.7620010329084363,1,s002
0.4620667827036493,0,s002
0.46224436838268157,1,s002
0.4622899398099114,1,s002
0.46197366155079367,0,s002
0.4622440675961026,1,s002
0.4622903541366856,1,s002
0.4620548528791619,1,s002
0.4622136728926809,0,s002
0.46223532440777015,0,s002
0.46212935264028765,0,s002
0.4621519841726336,0,s002
0.46205256792055294,0,s002
0.4622055298633305,0,s002
0.00016780618363521072,0,s002
0.4623261622417436,1,s002
0.7615863219093826,0,s002
0.4622075820567786,0,s002
0.7617002500210959,0,s002
0.46224758514695496,0,s002
0.7617066902746963,1,s002
0.4624098885965193,0,s002
0.00015624826887306043,0,s002
0.4623501789369149,0,s002
0.462103596503288,0,s002
0.46243057161206225,1,s002
0.7617721102149981,1,s002
0.4615684212776252,0,s002
0.4618366598521031,0,s002
0.46213433933688153,0,s002
0.4624574844397935,0,s002
0.7617254084025267,1,s002
0.4627096395763639,1,s002
0.4622549852636957,0,s002
0.46252631198938365,1,s002
0.7617147900872847,1,s002
0.4627413895283661,0,s002
0.46213628651382344,0,s002
0.4622212396888361,0,s002
0.7614119695584574,1,s002
0.4621583306672661,0,s002
1.3707285119402002e-05,0,s002
0.4621937930197082,1,s002
0.4620753751713911,1,s002
0.4621624536384903,0,s002
0.4617948523892048,1,s002
0.46232236022039763,0,s002
0.46219447013581294,0,s002
0.46213382186047114,1,s002
0.46221281828090044,0,s002
0.46245573597801704,0,s002
0.46201405225807424,0,s002
0.46201714514920167,1,s002
0.7616035471324616,0,s002
0.46246750935656356,1,s002
0.46261551710358306,0,s002
0.4610172621290731,0,s002
0.46238924326777053,0,s002
0.46228782749066766,0,s002
0.4621550690682128,0,s002
0.4620387741089651,0,s002
0.4621248152092341,0,s002
0.46258487065806575,1,s002
0.46236007211097796,0,s002
0.46219152980886036,1,s002
0.46241817154682985,1,s002
0.7616405222519567,0,s002
0.4625087054291934,1,s002
0.4624324947047229,1,s002
0.7616251218360583,0,s002
0.761731409940192,0,s002
0.46256101882681966,1,s002
0.9052411718328082,1,s002
0.46209073492642094,0,s002
0.9051853030109933,0,s002
0.4622687009342321,0,s002
0.4624342466549045,0,s002
8.405143199508025e-05,1,s002
0.4622500274975805,0,s002
0.4622781703705072,0,s002
0.0006550526843360771,0,s002
0.905205724569623,1,s002
0.7615806033478598,0,s002
0.4622108180820399,0,s002
0.4620274030336178,1,s002
0.7614594300497919,0,s002
0.4621369062486156,0,s002
0.7618382518447901,0,s002
0.4620175965464397,1,s002
0.46244550147493846,1,s002
0.4621027483499176,0,s002
0.4625262076688357,1,s002
0.46220896833485026,1,s002
3.401862289575952e-05,0,s002
0.4620579295075813,0,s002
0.4621623933196597,0,s002
0.7617590112814203,0,s002
0.9052597507806395,0,s002
0.46165876411928175,0,s002
0.46215148074613355,0,s002
0.7618635172130657,1,s002
0.46225819019457726,0,s002
0.4623964697936773,1,s002
0.46229805725692863,0,s002
0.0004786433332506501,0,s002
0.46220865475332973,0,s002
0.4616625674191268,0,s002
0.46232486894013136,1,s002
0.7616189219084333,0,s002
0.4621409071761209,0,s002
0.4622743535092402,1,s002
0.4621517839112763,0,s002
0.4622027340387227,0,s002
0.46204931421645856,1,s002
0.46218203480518705,1,s002
0.46224429672223244,1,s002
0.46220466536229554,0,s002
0.4621986356325858,0,s002
0.46233442133493874,0,s002
0.46208083710166714,0,s002
0.7619018567448659,1,s002
0.4623665118186244,0,s002
0.4622095384907179,0,s002
0.46238673788537876,0,s002
0.7616814764804127,0,s002
0.4621422834869424,1,s002
0.7616903491451157,0,s002
0.7617122235676226,1,s002
0.46216294224271914,1,s002
0.4620501239753001,0,s002
0.46227775907964364,1,s002
0.0001387614643786339,0,s002
0.4624710609681515,1,s002
0.46237111375752815,0,s002
3.6363196542765763e-06,1,s002
0.4624373743041381,1,s002
0.4624983730038583,0,s002
0.7616421878935378,1,s002
0.46252572003359016,1,s002
0.46228966821367234,1,s002
0.46236013708506385,1,s002
0.46235973182610857,0,s002
0.4621821234346071,1,s002
0.7617033920477589,1,s002
0.4626250531962792,0,s002
0.46222975654821874,1,s002
0.7617795095312119,0,s002
0.761813117891281,0,s002
0.4620884368064735,0,s002
0.4622650717790775,1,s002
0.4620489639608987,1,s002
0.46242454815119927,1,s002
0.46214511381114276,1,s002
0.462294428452247,0,s002
0.4620447398686425,0,s002
0.46198903658722057,1,s002
0.46220102829078646,0,s002
0.4620937419329396,0,s002
0.7616078600669047,0,s002
0.46193938231906717,0,s002
0.4619560205058473,0,s002
0.7616181408321279,0,s002
0.46209846291291345,0,s002
0.7617821235036331,1,s002
0.7617866512378666,1,s002
0.46220634898775814,1,s002
0.46209556488389003,0,s002
0.46231919309437575,0,s002
0.7616732546883331,0,s002
0.4623112134635521,0,s002
0.4624709725863225,1,s002
0.46240124136097593,0,s002
0.4620275067053381,0,s002
0.00014154455259052234,0,s002
1.624260932175936e-05,1,s002
0.46212073167335177,0,s002
0.46225972723265607,0,s002
0.9052479573001362,0,s002
0.7614970676992365,0,s002
0.4620181056610617,0,s002
0.46265831419168424,0,s002
0.4622872971669616,0,s002
0.46237946731112545,1,s002
0.4626144441627267,1,s002
0.00012024327263260304,1,s002
0.4620414165183988,0,s002
0.4624540618660431,1,s002
0.4623629056136791,0,s002
0.4620608260250869,1,s002
0.000277024891265798,0,s002
0.4621998927771158,1,s002
0.4620498654292331,1,s002
0.46183443267871604,1,s002
0.7616874213397,0,s002
0.7616043868425377,1,s002
0.4622230421702669,1,s002
0.46215849924192165,1,s002
0.46190001096318456,1,s002
0.462063224533773,1,s002
0.46247026462722585,0,s002
0.46211428261332577,0,s002
0.4619991791639608,0,s002
0.46232325484872905,0,s002
0.4620541683900865,1,s002
0.4622321350912506,1,s002
0.46193541197199606,1,s002
0.46193075028302144,1,s002
0.7620739147587858,0,s002
0.46245450103987173,0,s002
0.46235550665281,0,s002
0.4626494446917706,0,s002
0.4622199265215654,1,s002
0.4622116498069455,1,s002
0.4624969492518929,0,s002
0.4619954641892803,0,s002
0.461997614519448,1,s002
0.4626073693553363,0,s002
0.4623546882183658,0,s002
0.46213373375393707,0,s002
0.46185888285856347,0,s002
0.46250226753956514,0,s002
0.46226103030618493,1,s002
0.4618604315843313,0,s002
0.46205852662436575,1,s002
0.46226868268047605,0,s002
0.46196548718854435,0,s002
0.4621428898778188,1,s002
0.4622971343387916,0,s002
0.46195954412569007,0,s002
0.0005402982060134232,0,s002
0.461867787577694,0,s002
0.46206295390909125,0,s002
0.4625570003156114,0,s002
0.46233322465752114,1,s002
0.4618117569911362,0,s002
0.46242953302890744,1,s002
0.4627733564706782,0,s002
0.4622608048386825,0,s003
0.46206343953734663,0,s003
0.4622986377325953,0,s003
0.4629594583588512,0,s003
0.0010098464120427142,0,s003
0.46219423459153974,1,s003
0.46254841886100206,1,s003
0.4621193454305841,0,s003
0.46231479501316297,0,s003
0.7616087295600591,1,s003
0.46233475440961413,0,s003
0.7616573456048537,1,s003
0.4627511163600293,1,s003
0.4621680765954974,1,s003
0.46128798179219666,1,s003
0.46203917816005613,1,s003
0.46190219297260326,1,s003
0.46189484085164745,1,s003
0.46224990162279167,1,s003
0.46206360154418324,1,s003
0.4620280511664421,0,s003
0.46200744246768854,1,s003
0.7617368743636259,1,s003
0.46210917665810425,1,s003
0.4620644438267576,1,s003
0.7615499646017838,1,s003
0.46273360783877404,1,s003
0.4625701657092989,1,s003
0.46236108301871637,1,s003
0.46217422759918203,0,s003
0.4616706775065087,1,s003
0.46196309124860857,0,s003
0.46205771229234105,1,s003
0.4623471836225248,1,s003
0.00026027244649196035,0,s003
0.7616318954127119,1,s003
0.4619837182382951,1,s003
0.4619307524359415,0,s003
0.46242491991295553,1,s003
0.00016340891972044247,0,s003
0.46209745051277773,1,s003
0.4621059892730661,1,s003
0.462188155549466,1,s003
0.4628190105287895,1,s003
0.7618652543556701,1,s003
0.7616835422920527,1,s003
7.214285113743557e-05,0,s003
0.46191905988572346,0,s003
0.4624214488901379,1,s003
0.4622596730288906,1,s003
0.46239481246256364,1,s003
0.4621606653863737,0,s003
0.4625796829616582,0,s003
0.9640524899583889,0,s003
0.4624013586148412,0,s003
0.461984634503221,0,s003
0.0010663715803915785,0,s003
0.00017184680381920892,0,s003
0.46288216143292105,0,s003
6.584352427996265e-05,0,s003
0.46211884192787234,0,s003
0.46215564928205644,0,s003
0.4623310628392514,0,s003
0.0006956635026200697,0,s003
0.46197702692217435,0,s003
0.9051219776739228,0,s003
0.46253712095710786,0,s003
0.7616861295996002,0,s003
0.4626689269195272,0,s003
0.7617143393976289,1,s003
0.7615404399113166,1,s003
0.46218315375801744,1,s003
0.46175973061930287,1,s003
0.46196599832019314,1,s003
0.46115818366725114,1,s003
0.46218904686735685,1,s003
0.7617390670839232,0,s003
0.7615775467553716,1,s003
0.46198239534885843,1,s003
0.4621250725609187,1,s003
0.46240859248797017,0,s003
0.46244865117252165,0,s003
0.4623622111036645,0,s003
0.462334810250596,1,s003
0.462076063299391,1,s003
0.462236831297151,0,s003
0.462021990363074,1,s003
0.4616561284510394,1,s003
0.4624694158385918,0,s003
0.4628822178772436,1,s003
0.46184989356153094,0,s003
0.46250387656752756,1,s003
0.4619906568031218,0,s003
0.4618779353296072,0,s003
0.7615794447944138,0,s003
0.4618881591696329,0,s003
0.46203358837820896,0,s003
0.4625221172573668,1,s003
0.4617411804421625,1,s003
0.4619902898653083,1,s003
0.4628038355248578,1,s003
0.4619139276513966,1,s003
0.4623439362245241,1,s003
0.46247773102227296,1,s003
0.7617962184739226,0,s003
0.7616247179705984,0,s003
0.46215693894141374,1,s003
0.46176041547481605,1,s003
0.4619797702613273,1,s003
0.46248292070714037,0,s003
0.46208688397716835,0,s003
0.46199559711384275,1,s003
0.46182352855745523,1,s003
0.4615871708632775,0,s003
0.00020706347480015097,0,s003
0.4621721289125784,1,s003
0.4621248469438648,1,s003
0.46239359970884686,0,s003
0.4622609135488749,0,s003
0.4626326156574321,1,s003
0.7617543047042685,1,s003
0.46169720475928,0,s003
0.46235253042590885,1,s003
0.4615614594603459,0,s003
0.46188126539611996,1,s003
0.4621975091779993,1,s003
0.46184089441607834,0,s003
0.4619930830676302,1,s003
0.4626273383719619,1,s003
0.46200191337429053,0,s003
0.4621789546723656,1,s003
0.461961076128776,1,s003
0.4620561959742864,1,s003
0.46276538953629864,1,s003
0.4625860640549051,0,s003
0.4619368318362067,1,s003
0.46265301418445937,1,s003
0.46198402698775,1,s003
0.4618131831017067,1,s003
0.4623300631912397,0,s003
0.4623714390709668,1,s003
0.4622094913876542,1,s003
0.00023315912937160732,0,s003
0.00027567444649290174,0,s003
0.7615688035221311,1,s003
0.4617421246032487,1,s003
0.46199137827299297,1,s003
0.46221784550741485,1,s003
0.46206245681697133,1,s003
0.46257617420660324,1,s003
0.4627164984782104,1,s003
0.46218951495553107,1,s003
0.462223025938965,1,s003
0.4627104391138117,1,s003
0.7616719046384801,1,s003
0.46202668659351454,0,s003
0.7617465204580285,1,s003
0.46273390379845636,1,s003
0.4623378572763379,1,s003
0.4625990413258685,1,s003
0.4620854880320655,1,s003
0.4625250223508286,0,s003
0.46194383431711894,0,s003
0.4619094050816033,1,s003
0.4621889211983108,0,s003
0.7615118939633114,0,s003
0.46240727396534864,0,s003
0.46262574454174255,1,s003
0.7616866692378967,0,s003
0.46231518290503915,0,s003
0.7618297521743591,1,s003
0.46246862752511797,1,s003
0.4618806649415188,1,s003
0.46202483622395896,1,s003
0.7616252596012578,0,s003
0.46174679002816443,1,s003
0.4626326948224033,1,s003
0.4625095449679595,1,s003
0.46181787745801905,1,s003
0.4625254538298731,0,s003
0.46184690251995564,1,s003
0.46250243655628576,1,s003
0.4616266766671242,0,s003
0.46176055698499985,1,s003
0.4624344719328408,0,s003
0.4624611960582923,1,s003
0.46230386851117466,1,s003
0.46252389353597945,1,s003
0.4622562088716089,0,s003
0.4619491539861855,1,s003
0.4624577207179177,1,s003
0.46255251791191654,1,s003
0.46194107396178863,0,s003
0.4624949849102,0,s003
0.4620144264156174,0,s003
0.46195459579319675,0,s003
0.4626029903252096,1,s003
0.4621859228811618,0,s003
0.46268668130415525,1,s003
0.4627428804558402,1,s003
0.46179820226282065,1,s003
0.4625237089019161,0,s003
0.7614591791626644,0,s003
0.46186761946327337,1,s003
0.4616748504076613,1,s003
0.46163099536412755,1,s003
0.46194341312951503,0,s003
0.4619562546743827,1,s003
0.7616215196840432,1,s003
4.0450113075296557e-05,0,s003
0.461716713443417,1,s003
0.46170822329019745,1,s003
0.00011407156233533833,0,s003
0.46194807085539447,0,s003
0.46256388760642797,1,s003
0.4623545769213795,1,s003
0.4620563636502095,0,s003
0.4623035062465384,1,s003
0.4626478315095164,1,s003
0.4625812881227429,1,s003
0.4620101614449914,0,s003
0.46281768583615257,1,s003
0.7615082626137595,1,s003
0.46205709075415213,1,s003
0.4620104726627472,1,s003
0.4619858972006028,0,s003
0.4620431540493841,0,s003
0.4619723114577179,0,s003
0.46235227210743735,0,s003
0.4620739751261709,1,s003
0.4619759374251733,0,s003
0.4620079159515993,1,s003
0.4619524536198045,1,s003
0.9050454309075433,1,s003
0.46257429170895925,1,s003
0.4623421740232603,1,s003
0.4622093359443997,1,s003
0.46187191434362473,1,s003
0.46209133321477336,1,s003
0.46258942968695704,1,s003
0.4627430718898886,1,s003
0.7617604979297816,1,s003
0.46245558770958994,1,s003
0.46203573259707276,1,s003
0.46197673322828625,1,s003
0.4619895324246375,1,s003
0.46197661259571055,1,s003
0.46244977003888144,1,s003
0.4625616947260558,1,s003
0.46258431613643314,1,s003
0.46272117089827525,1,s003
0.7617446724073287,1,s003
0.4622261375340502,0,s003
0.4623187781933482,0,s003
0.4619316693119,0,s003
0.4622636482886866,1,s003
0.4623039016618047,1,s003
0.4626884953189285,1,s003
0.46194859574337555,0,s003
0.46196858382016415,0,s003
0.762057715233557,1,s003
0.46222463143672954,0,s003
0.4620631122081018,0,s003
0.46193349650376914,1,s003
0.46204397227715743,1,s003
0.4622028318809188,1,s003
0.46206768153730793,1,s003
0.7618421735720871,1,s003
0.46174182384576645,1,s003
0.46232785782208374,1,s003
0.462284355399881,1,s003
0.4620798344564838,0,s003
0.46211219848776963,0,s003
0.46238987465765047,1,s003
0.46233524082921384,1,s003
0.4623410124002809,1,s003
0.46244448702082064,1,s003
0.4620410819216032,1,s003
0.46211114092122774,1,s003
0.46265934650059815,1,s003
0.46243924043640927,1,s003
0.46244708745705276,1,s003
0.46293808044559404,1,s003
0.463307932155699,1,s003
0.4627293766694296,1,s003
0.46244083396728075,1,s003
0.46200212486701053,0,s003
0.7616336022805044,0,s003
0.46259221862798716,1,s003
0.46185614917743156,0,s003
0.46188029846153844,0,s003
0.4625493836075234,1,s003
0.4624195161214726,1,s003
0.4619128588918098,0,s003
0.46236071373103704,1,s003
0.46225704584689087,0,s003
0.4624763936873604,1,s003
0.7615578779742365,1,s003
0.4624297388797247,1,s003
0.4620241636546254,1,s003
0.46213899931620084,1,s003
0.761303938607685,1,s003
0.46276604564278534,1,s003
0.4628505384993049,1,s003
0.4622343967833553,1,s003
0.4621522936221336,1,s003
0.4616434114081076,0,s003
0.46232131382529995,1,s003
0.46243223610275197,0,s003
0.4621184734883863,0,s003
0.4624720518272363,1,s003
0.46234219297532464,1,s003
0.4628055410741849,1,s003
0.46231620938641504,1,s003
0.463129099495875,1,s003
0.7622412962954337,1,s003
0.4626982458561537,1,s003
0.4625933159007578,1,s003
0.46398782989162024,1,s003
0.4631860924480231,1,s003
0.46264317534544896,1,s003
0.4629734418971474,1,s003
0.7618054083449883,1,s003
0.46305050248040414,1,s003
0.4631085803352313,1,s003
0.7623900707436464,1,s003
0.4621730398693693,1,s003
0.46284731026502457,1,s003
0.4627226490765519,1,s003
0.762122985566323,1,s003
0.4636573647587676,1,s003
0.7619917436746846,1,s003
0.4634956417442735,1,s003
0.46378169435756544,1,s003
0.46277458860224563,1,s003
0.46287477528080867,1,s003
0.46279944918845506,1,s003
0.4636029058029365,1,s003
0.4621184563799299,0,s003
0.4633341980462664,1,s003
0.4629253817501702,1,s003
0.463448131995857,1,s003
0.4628757255422764,1,s003
0.4636362456261962,1,s003
0.4622757161673361,1,s003
0.46339242062322206,1,s003
0.7624566101106378,1,s003
0.46374003958548515,1,s003
0.46311009206226994,1,s003
0.4629273506422267,1,s003
0.46277694868628805,0,s003
0.46210557875841984,1,s003
0.4626038539894559,1,s003
0.46291859303280525,1,s003
0.46208535585173904,1,s003
0.4624275613052551,0,s003
0.46275276514484553,1,s003
0.46297715549757323,1,s003
0.4627200806398064,1,s003
0.4629261497611781,1,s003
0.7620375411527442,1,s003
0.7620784607257847,1,s003
0.46310293451382867,1,s003
0.46247055718303387,1,s003
0.7627349193112798,1,s003
0.4628090865494001,1,s003
0.46354634327594413,1,s003
0.46221511194049003,1,s003
0.46249935347820026,1,s003
0.4624370211691329,1,s003
0.46279005909500315,1,s003
0.7617610058855708,1,s003
0.4637253814625084,1,s003
0.9054334116119658,1,s003
0.46240853025539064,1,s003
0.4622356481248806,1,s003
0.46245292373807634,1,s003
0.46272441360130845,1,s003
0.4626329646796741,1,s003
0.4629534135062412,1,s003
0.462478543512888,1,s003
0.46223840478507405,1,s003
0.7618948522051874,1,s003
0.4641380375487736,1,s003
0.7621855409237321,1,s003
0.4638754578968962,1,s003
0.4624890396170587,1,s003
0.46306114404535004,1,s003
0.9641906585912166,1,s003
0.46210118839066294,0,s003
0.46260045897448276,1,s003
0.46263033362055794,0,s003
0.9053692110501408,1,s003
0.7630320725368689,1,s003
0.46246812332631904,1,s003
0.4626683163209777,1,s003
0.4630494447997253,1,s003
0.462817137908333,1,s003
0.4648036863356031,1,s003
0.4626151209346321,1,s003
0.46254508641513326,0,s004
0.7616234391261574,0,s004
0.46171193764700713,1,s004
0.46173145536767124,1,s004
0.46210351958644424,1,s004
0.4619835333009863,1,s004
0.46215104605102897,1,s004
0.7615314279761045,1,s004
0.761652653709691,0,s004
0.4623220655567777,1,s004
0.7616389639594245,1,s004
0.4623637069854418,1,s004
0.4622709603673245,0,s004
0.46186681687797937,0,s004
0.7617094351398035,0,s004
0.46244051533599895,0,s004
0.000139011301488301,1,s004
0.46244384465731825,1,s004
0.7617562212529645,0,s004
0.4624746229551415,0,s004
0.4625103389322167,0,s004
0.4621289035876954,0,s004
0.461944759557287,0,s004
0.4622614814811752,1,s004
0.46236125673493,0,s004
0.46237612897139013,1,s004
0.46225114713053417,0,s004
0.46219020754918083,1,s004
0.4624806094531442,1,s004
0.4619693174850297,0,s004
0.46260154614565363,1,s004
9.653591039215925e-06,0,s004
0.4621658740891086,0,s004
0.4620684021082577,1,s004
0.46242837365745215,1,s004
0.4625700933421033,1,s004
0.7616266730376613,1,s004
0.7616458537061819,1,s004
0.46215739520024046,0,s004
0.4620100008198471,0,s004
0.4623032098274602,1,s004
0.4623826770569508,1,s004
0.4624477006055223,1,s004
0.4625183095766803,1,s004
0.4622257430758354,1,s004
0.7616669384543688,1,s004
0.4623138891252676,0,s004
0.4624006128968421,0,s004
0.462045498554428,0,s004
0.46220490027729166,0,s004
0.4615518676263881,1,s004
0.4621755019700342,0,s004
0.46227732271817223,0,s004
0.46221553060462517,0,s004
0.462445948045366,0,s004
0.46221194801208787,1,s004
0.46240326447180236,0,s004
0.46226688246688497,0,s004
0.4621753866457279,0,s004
0.4623017072336397,1,s004
0.4621713590065013,0,s004
0.7616282641468852,0,s004
0.4620304903709467,0,s004
0.46259198855475403,1,s004
0.46195304016589556,1,s004
0.4623497222605084,0,s004
0.7614960078251394,0,s004
0.46179341969645793,1,s004
0.7618443467364684,0,s004
0.46234067136109513,1,s004
0.4620497919422355,1,s004
0.7617182186012419,0,s004
0.4620744618113388,1,s004
0.462023741733111,0,s004
0.46234654548451104,1,s004
0.46222914647799906,1,s004
0.00012209021687059618,1,s004
0.7615255763143753,1,s004
0.4621215543179098,1,s004
0.4621076006486291,0,s004
0.46245054577123534,1,s004
0.46241454741224497,0,s004
0.0003301874727181797,0,s004
0.4625883378722855,1,s004
0.46216599268978564,1,s004
0.4623940427894577,0,s004
0.46225861635910537,1,s004
0.4623771582631784,1,s004
0.00012634905395270124,0,s004
0.4623304121528329,1,s004
0.7617117169819032,1,s004
0.4620639028146767,0,s004
0.46227044834129827,1,s004
0.761747157856385,1,s004
0.462240182372049,0,s004
0.4624165522156072,1,s004
0.4623933068726678,0,s004
0.7616256044635556,1,s004
0.0002288722332406401,0,s004
0.46262914615501427,0,s004
0.4622573562266361,0,s004
0.4619673912572906,1,s004
0.46199315073684977,0,s004
0.4627879302309319,0,s004
0.462314702711619,0,s004
0.00024184446386077418,0,s004
0.4619519504423293,0,s004
0.4618590800587916,1,s004
0.46233354454438214,0,s004
0.4621718127191137,0,s004
0.46182378681167124,0,s004
0.4625125276476698,1,s004
0.4630798475726454,0,s004
0.46212121492164826,0,s004
0.4626290425216575,0,s004
0.7615013114665814,1,s004
0.4620886903461878,0,s004
0.4623757059907936,0,s004
0.4623608626604987,1,s004
0.46203926738368906,1,s004
0.46270147302268216,0,s004
0.9052264660459568,0,s004
0.4619134784013388,1,s004
0.4620735943299292,0,s004
0.4619671180972327,1,s004
0.4622886305537206,0,s004
0.4625087986225198,0,s004
0.4620743130871068,1,s004
0.46214094133154093,0,s004
0.9050835358398,1,s004
0.00011349374290814396,1,s004
0.46236993244095737,0,s004
0.4623560728700591,1,s004
0.4621067416208984,1,s004
0.46212456213262554,0,s004
0.4621110443620253,1,s004
0.4620349447758052,1,s004
0.761623130092099,1,s004
0.4624109082086476,1,s004
0.7614220301019086,1,s004
0.46173637106009524,0,s004
0.4623062599121648,0,s004
0.4622054240500031,0,s004
0.00014322891170448493,0,s004
0.7618179284474675,1,s004
1.573109152852581e-05,1,s004
0.4623122223249285,1,s004
0.46223234784621847,1,s004
0.7617587695897889,1,s004
0.46221981359407915,1,s004
0.7614925501758274,1,s004
0.4617837125612172,1,s004
0.4623551298611195,1,s004
0.4618810800749098,1,s004
0.4625164535824451,0,s004
0.46225912832942506,0,s004
0.4622595009796928,1,s004
0.46204236302385393,1,s004
0.46188402823962016,1,s004
0.4618141779899607,1,s004
0.4619218444819595,0,s004
0.46208903638654064,1,s004
8.551656961341969e-05,0,s004
0.462278517228885,1,s004
0.4622608861206039,0,s004
0.4623813263516554,0,s004
0.46192332915452283,0,s004
0.462383905765837,1,s004
0.4619896502063785,1,s004
0.00024309097201391516,0,s004
0.7617303648397569,0,s004
0.4622128622973567,1,s004
0.4620905912278801,0,s004
0.46222123868739606,1,s004
0.4621436524565927,0,s004
0.4621951580133512,1,s004
0.46201848891078723,1,s004
0.4626573853035021,1,s004
0.46230148191387954,1,s004
0.46217928839582734,0,s004
0.4618187388595292,1,s004
0.4624166884422731,1,s004
0.46241660482250424,0,s004
0.4619727789939694,1,s004
0.4624261415010549,1,s004
0.4623829573731615,1,s004
0.46224560315675656,1,s004
0.4623285151812797,1,s004
0.46196550473898634,1,s004
0.0007131117049450353,0,s004
6.92768897778695e-05,0,s004
0.7618964675982705,1,s004
0.46213315713415426,1,s004
0.4621164000362834,0,s004
0.46237524876354974,1,s004
0.4622911337628697,1,s004
0.46205427348438666,0,s004
0.4625845224543015,1,s004
0.7616181845701615,0,s004
0.9050849341535023,1,s004
0.7615123912980892,1,s004
0.4622562415424969,0,s004
0.46231419432040677,0,s004
0.000248710536945973,0,s004
0.4622851050437904,1,s004
0.7619809391316723,0,s004
0.46206727100324585,0,s004
0.46200700195788147,1,s004
0.46208809176345556,0,s004
0.4624556792859562,1,s004
0.46190417499049263,1,s004
0.4624028940268943,0,s004
0.4622520930572698,0,s004
0.46227789154012977,1,s004
0.462357812867475,1,s004
0.46216560204295964,1,s004
0.4626512249568513,1,s004
0.4617216042295953,1,s004
0.00016503997773109624,0,s004
0.46240668128387163,0,s004
0.4619971592778682,1,s004
0.4619078540526542,1,s004
0.46219391769672047,0,s004
0.46237327543988305,1,s004
0.46223949507007434,1,s004
0.00017862775508437068,0,s004
0.7619319639000055,1,s004
0.00016333070410889938,0,s004
0.46216150499899933,1,s004
0.46205061019957006,1,s004
0.46194551393417527,0,s004
0.46276847146780375,0,s004
0.9052039980648725,1,s004
3.0571576403959355e-05,0,s004
0.4622535046823324,1,s004
0.46209985463146275,1,s004
0.46206636105284726,1,s004
0.4623401757064509,0,s004
5.849630944965156e-06,0,s004
0.7614592779314029,1,s004
0.4622372773500192,1,s004
0.4623139613642415,1,s004
0.4620684608598493,1,s004
0.46205003014165724,1,s004
0.46205040046810675,1,s004
0.46206542400564565,1,s004
0.4622752778954091,1,s004
0.46211472850153656,1,s004
0.9640409765413818,1,s004
0.46165327699021375,0,s004
0.4622143863581989,0,s004
0.4621980565215347,1,s004
0.462326298669022,0,s004
0.00016649487771380755,0,s004
0.4620814358191281,1,s004
0.4620940538917808,1,s004
0.46209932862653913,0,s004
0.7616656803883008,1,s004
0.46204972036549474,1,s004
0.46222516813397396,0,s004
0.46200349254099415,1,s004
0.46254491046529234,1,s004
0.4621453532008255,1,s004
0.4624001504165478,1,s004
0.4622553566639105,1,s004
0.46229615456339834,1,s004
0.4620606654078687,1,s004
0.46199041392355555,1,s004
0.4622348166645227,0,s004
0.761663580489826,1,s004
0.462205058027775,1,s004
0.4623317509933189,0,s004
0.4624825112799438,1,s004
0.46230385662404005,0,s004
0.46234633566281613,1,s004
0.7617527025095825,1,s004
0.46201689963544257,1,s004
0.4621886641407187,1,s004
0.7619313629593962,1,s004
0.4618569626569997,1,s004
0.4621936090646954,1,s004
0.4620563425096833,1,s004
0.462292898726373,1,s004
0.4621455651293611,1,s004
0.7616424894689882,1,s004
0.4623210650420395,0,s004
0.0003895753341522923,0,s004
0.46224672864455507,1,s004
0.46207544579172066,0,s004
0.4621407721022328,1,s004
0.46231369394044775,0,s004
0.7615469796877863,1,s004
0.4618362715804425,1,s004
0.7614128025015037,1,s004
0.7618118862276526,1,s004
0.46204126149534863,1,s004
0.4620182273335087,1,s004
0.46223955256588867,0,s004
0.4624017993509173,1,s004
0.46229225523252504,1,s004
0.00010309877444636406,0,s004
0.4621026893096152,1,s004
0.7615198739466666,0,s004
0.4620145600153569,1,s004
0.46265221996013484,0,s004
0.4619390383756099,1,s004
0.00017319531968440494,0,s004
0.46208498959007027,0,s004
0.46231950672900846,0,s004
0.46222065803592716,1,s004
0.4621970993657183,1,s004
0.4623625039998156,0,s004
0.4620571667766855,1,s004
0.46245608465881083,0,s004
0.4621154061035613,1,s004
0.46207325440779434,1,s004
0.46250809127832504,1,s004
0.7617117789019372,1,s004
0.4622231918474857,0,s004
0.462252401357617,1,s004
0.46199544471462395,1,s004
0.46230442646754044,1,s004
0.462441227595354,1,s004
0.46231268777611745,1,s004
0.46204901651927077,1,s004
0.4618470433367625,1,s004
0.4624324023707742,0,s004
0.4620246790151201,1,s004
0.4625775997737407,1,s004
0.00022129653526259396,0,s004
0.4627891321276385,1,s004
0.4624310850582296,0,s004
0.46196934352196406,1,s004
0.46221648678078897,1,s004
0.7615104249688982,1,s004
0.7616734169327704,1,s004
0.9051270212584082,1,s004
0.46191734917048444,1,s004
0.0001567185789670411,0,s004
0.46239326039251094,0,s004
0.46216302450006896,1,s004
0.9051928432498144,1,s004
0.4621578688112735,0,s004
0.7616564561856269,1,s004
0.7616511929660563,1,s004
0.46263866686046673,1,s004
0.46214946649776345,0,s004
0.46261684422698446,1,s004
0.4623694877118485,0,s004
0.4622386360083306,1,s004
0.4621842301740391,1,s004
0.46219378693781477,0,s004
0.46173560005055103,1,s004
0.7614548793560791,1,s004
0.46205061381658497,0,s004
0.4623930199272237,0,s004
7.284565200560422e-05,0,s004
0.46313303067026346,0,s004
0.4624499580996626,0,s004
0.4619910039602988,1,s004
0.46230520807092157,1,s004
0.46225286241778196,0,s004
0.7615642148732684,1,s004
0.46198948255923256,0,s004
0.462297067152482,0,s004
0.46236680483540704,1,s004
0.7616330498712256,1,s004
6.73774488479939e-05,0,s004
0.46172578557147315,1,s004
0.4619902344457323,1,s004
0.7615966098861648,1,s004
0.4621257549667317,1,s004
0.46214782412211086,0,s004
0.4623950276187312,1,s004
0.4619854160047481,1,s004
0.4622636160907423,0,s004
0.0002511993241640642,1,s004
0.4623511424512492,0,s004
0.4621747487326544,1,s004
0.7617003892409497,1,s004
0.7618591541588222,1,s004
0.9051136089943312,1,s004
0.7614760356098655,1,s004
0.4616191519802302,1,s004
0.4625216175955411,1,s004
0.4623146348330185,1,s004
0.46229981354928484,1,s004
0.46245832895883954,0,s004
0.46254079964079087,1,s004
0.4623160746826558,1,s004
0.4619179217115499,1,s004
0.4621571280904486,1,s004
0.4624011732836679,1,s004
0.7616675308074385,1,s004
0.46264254620046574,0,s004
0.4623189976640272,1,s004
0.4622246490209114,1,s004
0.46232560193382644,1,s004
0.4621571438247336,1,s004
0.4620637887540262,1,s004
0.46205562867659755,1,s005
0.46191512041885874,1,s005
0.4617517922098988,1,s005
0.4617559086793488,1,s005
0.7615101559157211,1,s005
0.4619468918063905,1,s005
0.46251813812569553,0,s005
0.46261648391296184,1,s005
0.46175332354932364,1,s005
0.4620232989523074,0,s005
0.46201321288100194,1,s005
0.46210280791856606,1,s005
0.4625261024165306,0,s005
0.4618400607265072,0,s005
0.00010005436062954232,0,s005
0.4621004075041173,1,s005
0.4618560415826929,1,s005
0.0008314417465626889,0,s005
0.4623846430320413,1,s005
0.46231159823781476,1,s005
0.9053274711117469,1,s005
0.46181452011062385,1,s005
0.4619006915793189,1,s005
0.4621498763935592,1,s005
0.4620707918407776,1,s005
0.4621582462786864,1,s005
0.4622029778268466,1,s005
0.4621737768998522,1,s005
0.4620018538072568,1,s005
0.4621054650140768,1,s005
0.46201704134582067,0,s005
0.46219756975286597,1,s005
0.46206841385559816,1,s005
0.4621675533986549,1,s005
0.4621455099335585,1,s005
0.46211167308314005,1,s005
0.4621325564591612,1,s005
0.4621127931506319,1,s005
0.46205686341031527,1,s005
0.4621510350546594,1,s005
0.4621740614797234,0,s005
0.4624819809614207,1,s005
0.4621183162673943,1,s005
0.4622735758319019,1,s005
0.4620082238128276,1,s005
0.7615746804622172,1,s005
0.4621368999742419,1,s005
0.46150028461585557,1,s005
0.4618104975064503,1,s005
0.4621160446070365,1,s005
0.7619983204003893,0,s005
0.4621350886841451,1,s005
0.46224456653644364,1,s005
0.46206628985515996,1,s005
0.7616990336131868,1,s005
0.4621220841492626,1,s005
0.4623342140486648,1,s005
0.46211768397249897,1,s005
0.4621629379715153,1,s005
0.462087998261014,1,s005
0.46202210292998336,1,s005
0.4620736462037629,1,s005
0.46221436397933324,1,s005
0.4620347056479488,1,s005
0.46269720106898915,0,s005
0.46211896122693497,1,s005
0.4619261177942833,1,s005
0.46238653534490015,0,s005
0.4623419832645552,1,s005
0.4622197465459552,1,s005
0.4622548205459849,1,s005
0.46195871185851645,1,s005
0.7615036253113059,1,s005
0.46219258895890447,1,s005
0.4622123016931663,1,s005
0.4621900323416226,1,s005
0.46217913851778314,1,s005
0.46213327356754075,1,s005
0.4618939839625018,1,s005
0.4619982177139639,1,s005
0.4621954699838906,0,s005
0.4619874483173896,0,s005
0.46223045899628756,1,s005
0.4616203102221006,0,s005
0.4624129957044878,1,s005
0.4622026526895189,1,s005
0.4621881509401,1,s005
0.4624544823153669,0,s005
0.7617141689306788,0,s005
0.461894901674331,1,s005
0.4622889332999571,0,s005
0.46224134070601375,0,s005
0.4623506091573977,0,s005
0.4621528429220718,0,s005
0.4620595309662263,1,s005
0.7615931141600039,0,s005
0.4621806960845971,0,s005
0.4614106574277774,1,s005
0.4621487000312696,1,s005
0.46208859072352704,1,s005
0.46216731699436053,1,s005
0.46218587848591963,1,s005
0.0002664271097485571,1,s005
0.4620210104778244,1,s005
0.46206447058806965,1,s005
0.46224547313603725,0,s005
3.4539766069485722e-06,1,s005
0.4620529739285988,1,s005
0.00046119998979254895,0,s005
0.4625122698769768,1,s005
0.4619856060913905,1,s005
0.46185748930226445,1,s005
0.9052111375245664,1,s005
0.46309418925086754,0,s005
0.7616053444534918,0,s005
0.7613493128494997,1,s005
0.46152576188276195,1,s005
0.7614340101132984,1,s005
0.4623200333139825,1,s005
0.0004537151030621356,0,s005
0.7616189286601327,1,s005
0.4622737501445038,1,s005
0.4620326442922751,0,s005
0.46212765723501037,1,s005
0.4621860484878686,1,s005
0.4622242247520094,1,s005
0.4621708064196235,1,s005
0.4622979668580032,1,s005
0.46226314576937133,1,s005
0.4622655392239323,1,s005
0.4621264473709059,1,s005
0.4623313212998408,1,s005
0.462378306746388,0,s005
0.46221570755640795,1,s005
0.4623551247054314,1,s005
0.46198770580912996,1,s005
0.9052032052398298,1,s005
0.4624602617069413,1,s005
0.4631574982410098,0,s005
0.4625245304589567,1,s005
0.46234485538260306,1,s005
0.46223261434683427,1,s005
0.46215799001683755,1,s005
0.4624243086078128,1,s005
0.46231169451525767,1,s005
0.46232251819796377,1,s005
0.4622706813712154,1,s005
0.46218354876221124,1,s005
0.46217395326184674,1,s005
0.46254059152969496,0,s005
0.4622021428612366,0,s005
0.7615446419082452,0,s005
0.4624921938146418,0,s005
0.4614345703842855,1,s005
0.46217847821064306,1,s005
0.4623689616273168,1,s005
0.46194652141495496,1,s005
0.7616166429298321,1,s005
0.46206520166248755,1,s005
0.4623409160526495,1,s005
0.4623737867028155,1,s005
0.4617404310639541,1,s005
0.46199735862717173,1,s005
0.4623406898718587,1,s005
0.4622742292822628,1,s005
0.4623569728322048,1,s005
0.46211249864956816,1,s005
0.46254711428569784,1,s005
0.46243678651443476,0,s005
0.46176815578100805,1,s005
0.4619065790118213,1,s005
0.46244629843750396,0,s005
0.46240007056797183,1,s005
0.4623328864466725,1,s005
0.4617887929244111,1,s005
0.4622457384441876,1,s005
0.46210568182148726,1,s005
0.4620813794749843,1,s005
0.7613867546393298,1,s005
0.4619931465167928,1,s005
0.46202560776384893,1,s005
0.46207421094525136,1,s005
0.4621860621076894,1,s005
0.46223183426017567,1,s005
0.46214603320324366,1,s005
0.46211952801952716,1,s005
0.4619347058671761,1,s005
0.46207674280075994,1,s005
0.4620345706732587,1,s005
0.0015660869600322425,0,s005
0.4621576615333922,1,s005
0.4618287086357229,0,s005
0.4622051663384532,1,s005
0.46216780041835404,1,s005
0.461822557186081,1,s005
0.4619343675449117,1,s005
0.4620040549766129,1,s005
0.46214662265271844,1,s005
0.4621122755969753,1,s005
0.4619965522710783,1,s005
0.4618927614650714,1,s005
0.4622761422491106,1,s005
0.4626992089379329,0,s005
0.4621993269315767,1,s005
0.46228063064944425,1,s005
0.4622448560359702,0,s005
0.7616222160379411,0,s005
0.4616857084778965,1,s005
0.46204521293394274,0,s005
0.46219727206150685,1,s005
0.46222618447525976,0,s005
0.46217631700052997,1,s005
0.761493543116375,1,s005
0.4618709378975654,1,s005
0.46190151814841407,1,s005
0.46175646027017936,1,s005
0.46197009828213886,1,s005
0.4618043828486038,1,s005
0.9051525511236291,1,s005
0.46233280074051786,1,s005
0.46205014162951064,1,s005
0.46209357359587266,1,s005
0.7614372475176197,1,s005
0.46162913006703743,1,s005
0.4613952943576858,1,s005
0.7615408553364682,1,s005
0.46212298875114843,1,s005
0.46189405189125465,1,s005
0.4621207915516312,1,s005
0.46145683519411884,1,s005
0.46195823386158463,1,s005
0.4621293353106519,0,s005
0.7616571142975004,1,s005
0.4622045319780128,0,s005
0.46107069323749483,1,s005
5.856365205092473e-05,0,s005
0.4623410511717152,1,s005
0.4624578787931255,1,s005
0.46238052153001985,1,s005
0.4622774482323826,1,s005
0.4619925484805789,1,s005
0.4621185845035587,1,s005
0.4623091369499872,1,s005
0.46208830248645816,1,s005
0.46233228119207004,0,s005
0.4622549653692771,1,s005
0.46199706524152795,1,s005
0.4624513642452919,0,s005
0.461487633296634,1,s005
0.4618301511287568,1,s005
2.226663728399636e-05,1,s005
0.4620447100207692,0,s005
0.46277867528306427,0,s005
0.761659136128517,1,s005
0.4624798602523239,1,s005
0.4621563870902512,1,s005
0.46210201769661885,1,s005
0.46227068808119887,1,s005
0.46203097670447657,1,s005
0.46216822966809645,1,s005
0.46222351691969554,1,s005
0.46168998392063654,1,s005
0.46210759724698436,1,s005
0.46213413772652867,1,s005
0.4623151026159822,0,s005
0.7616107775400018,1,s005
0.4623378864400889,1,s005
0.4620665588250814,1,s005
0.46248686324534605,0,s005
0.4622706269559973,1,s005
0.46212575638304165,1,s005
0.4619289621604281,1,s005
0.461971612043915,1,s005
0.4621511189178884,1,s005
0.46225775080007137,1,s005
0.4621864951256731,0,s005
0.4622285831079831,1,s005
0.4621097352907175,1,s005
0.46240420510555147,1,s005
0.46205505239687183,1,s005
0.46215308250679343,1,s005
0.4623507878099713,1,s005
0.761509647699536,1,s005
0.46205851564800304,1,s005
0.4622473993629417,1,s005
0.4621462128872593,1,s005
0.4621137968924256,1,s005
0.4620471374326689,1,s005
0.4620519694728671,1,s005
0.4619804665109004,1,s005
0.4621138301927945,1,s005
0.4620311015278966,1,s005
0.46223941036210814,1,s005
0.46232895143568076,0,s005
0.4622352811490904,1,s005
0.46217296088771787,0,s005
0.462211067078383,1,s005
0.46215372087947393,1,s005
0.462306152841222,1,s005
0.4621435657686448,1,s005
0.7614129064958914,1,s005
0.9051083137663427,1,s005
0.46300033974794874,0,s005
0.462371581444468,0,s005
0.4619124825573686,0,s005
0.7614994638372612,1,s005
0.46177580823704245,1,s005
0.4619546621376025,0,s005
0.4619129620123479,0,s005
0.46239787107269903,0,s005
0.4619566613949837,1,s005
0.4620502832430049,1,s005
0.46170865075177825,1,s005
0.4618507653345192,1,s005
0.4617454328264601,1,s005
0.46307348078907196,0,s005
0.46134209228607337,1,s005
0.46158754714753925,1,s005
0.4620780987619806,1,s005
0.46192467270452253,1,s005
0.4616966409534815,1,s005
0.4619805338727416,1,s005
0.4620704455033531,1,s005
0.4623751359054393,0,s005
0.46230246714973067,1,s005
0.4622024251785044,1,s005
0.4617267908406435,1,s005
0.4622129081586921,1,s005
0.4620356518483699,1,s005
0.462177437410594,1,s005
0.46177689013479384,1,s005
0.4621246271893853,1,s005
0.46146856432944405,1,s005
0.4620901623680107,0,s005
0.46204858320145714,1,s005
0.4624107053410309,0,s005
0.46223711836929904,1,s005
0.4618795476075399,1,s005
0.46191791526456094,1,s005
0.46234390684604065,0,s005
0.46203063163893643,1,s005
0.4622009230586357,1,s005
0.46224034060978925,1,s005
0.4620099224066119,1,s005
0.00039663623219410304,0,s005
0.4623665690753427,0,s005
0.46217302278692274,1,s005
0.4621862114890982,0,s005
0.4620519087002861,1,s005
0.46196519144278225,1,s005
0.46129103697249985,1,s005
0.46224288291771365,1,s005
0.461913913634052,1,s005
0.46200605105594605,1,s005
0.4620144961987618,1,s005
0.46203568718787347,1,s005
0.4616696672269651,1,s005
0.46195774975337534,1,s005
0.46212498971789295,1,s005
0.4622254670714445,1,s005
0.4620829174401302,1,s005
0.46193596901021716,1,s005
0.4620770843712765,1,s005
0.46252098562222344,0,s005
0.46200242734269326,1,s005
0.4618877741712535,1,s005
0.4620278178855537,1,s005
0.461793994383942,1,s005
0.4617503272114041,1,s005
0.46194305419090753,1,s005
0.4621147421402718,1,s005
0.46217824526369244,1,s005
0.462128022589676,1,s005
0.4620835046825298,1,s005
0.4620296057669986,1,s005
0.46197267375183304,1,s005
0.0008920981416598028,0,s005
0.4618110951975587,1,s005
0.461941749531128,1,s005
0.46197085793893455,1,s005
0.4620971730534307,1,s005
0.4619571086816858,1,s005
0.4624957588467644,0,s005
0.46210204017678547,1,s005
0.4620047814253272,1,s005
0.4616090807709905,1,s005
0.4621937360651027,1,s005
0.46261022408224783,1,s005
0.46208817709897376,1,s005
0.46183807562877477,1,s005
0.46189371727258877,1,s005
0.46210647913114866,1,s005
0.4619766245394401,0,s005
0.4621183718161723,1,s005
0.46181061674989077,1,s005
0.46214305263427047,0,s005
0.4620657631408249,1,s005
0.46241758717732284,0,s005
0.4622486730822668,0,s005
0.4619434791645727,1,s005
0.7616136039381711,0,s007
0.46268853854208913,0,s007
0.00041960972978238864,0,s007
0.46190411028790646,0,s007
0.4621648121815778,0,s007
0.46242302799518353,0,s007
0.4619674426443039,0,s007
0.7616291717888213,0,s007
0.4621753948188807,0,s007
0.4621713786951922,0,s007
0.4622634422474572,0,s007
0.4622539979456235,0,s007
0.4621576160140344,0,s007
0.46200102962201006,0,s007
0.46233794214839286,0,s007
0.4622506232477557,0,s007
0.46249152135168403,0,s007
0.7616022443138468,0,s007
0.4621443919967714,0,s007
0.46235037744624474,0,s007
0.4622093897244701,0,s007
0.4623477954778339,0,s007
0.46205115494089677,0,s007
0.46217430244613467,0,s007
0.7617410688431803,0,s007
0.00010167892643897503,0,s007
0.9051933573971389,0,s007
0.46243795606822213,0,s007
0.4622843316617329,0,s007
0.00014099804943512595,0,s007
0.46228411935264524,0,s007
0.4623107174532479,0,s007
0.9049619754470128,1,s007
0.7617441480914133,0,s007
0.7616747686327459,0,s007
0.4622158482693657,0,s007
0.7616174368551372,1,s007
0.4621507777757017,0,s007
0.46237724661089286,0,s007
0.46212863618980027,0,s007
0.4619412058877137,0,s007
0.46199784136383704,0,s007
0.4623257471344928,0,s007
0.4619923681601785,0,s007
0.4620866891198212,0,s007
0.4625771975614552,0,s007
0.7616383854397384,0,s007
0.46240240197687643,0,s007
0.46213036393211104,0,s007
0.4622297481404549,0,s007
0.4624244800730428,0,s007
0.462019985524055,0,s007
8.589590970053962e-05,0,s007
0.00017276807079413814,0,s007
0.46212479047673405,0,s007
0.46269003658598495,0,s007
0.4620651390066788,0,s007
0.46187661421774884,0,s007
0.4622763764087068,0,s007
0.7616643131855427,0,s007
0.4621863062223499,0,s007
0.4623074241203948,0,s007
0.4624407599343028,0,s007
0.7618023851172058,0,s007
0.7615807812351527,0,s007
0.46278223288707987,0,s007
0.4622322513767143,0,s007
0.46226503506457495,0,s007
0.46210608776597395,0,s007
0.4624141636067536,0,s007
0.46223557358056255,0,s007
0.46266186021638944,0,s007
0.46204995965999807,0,s007
8.283779603845964e-05,0,s007
0.4624443063541894,0,s007
0.7615290480209014,0,s007
0.7617308276101462,1,s007
0.4621234616993257,0,s007
0.4623123131909763,1,s007
0.7618275921450028,0,s007
0.4626396198143461,1,s007
0.46217141331285183,0,s007
0.4620874749141102,0,s007
0.4622700659301455,0,s007
0.46231678740904414,0,s007
0.4623519656995343,1,s007
0.4620110709767511,0,s007
0.7616842129296344,0,s007
0.46210386851709995,0,s007
0.46246044927119545,0,s007
0.7615380873482225,1,s007
0.7617665747664184,0,s007
0.46214766122795425,0,s007
0.7617184285273801,0,s007
0.4622092078165041,0,s007
0.46264426032183703,1,s007
0.4620857811657051,0,s007
0.4622186721010364,1,s007
0.761600128133741,1,s007
0.4621362710801149,0,s007
0.4621959726605247,0,s007
0.46210938382628686,0,s007
0.46196934832751335,0,s007
0.000339774100668766,1,s007
0.46224612678495647,0,s007
0.7615336367002592,1,s007
0.46220823659008636,1,s007
0.4621598919558294,1,s007
0.4621562260906653,0,s007
0.46209504180189565,1,s007
0.4622853987044835,0,s007
0.7617421536464639,1,s007
0.7615979479327664,0,s007
0.4619669745746635,0,s007
0.4624230800569742,1,s007
0.46267335584478353,1,s007
0.4620999277108959,1,s007
0.46218450955180135,1,s007
0.7617472677556307,0,s007
0.46232580601421835,1,s007
0.46197705294352276,0,s007
0.4623563913185944,0,s007
0.4622843392399436,0,s007
0.46218736034081953,1,s007
3.817921378090894e-05,1,s007
0.4624382272090657,1,s007
0.4619759059899968,1,s007
0.46273006959180596,1,s007
0.46237989931032386,1,s007
0.46234069864030425,1,s007
0.46216207325324565,1,s007
0.7617117385325767,0,s007
0.46220345078014957,0,s007
0.4622153266834981,1,s007
0.7616238616708559,0,s007
0.7617754475697001,1,s007
0.46215296463077715,1,s007
0.46203280597689766,0,s007
0.4621883652213341,1,s007
0.46196472381534215,0,s007
0.46201591384845386,1,s007
0.46213263264384596,1,s007
0.46227434393787115,1,s007
0.4624560199783623,0,s007
0.4625602294797293,1,s007
0.46204564516089475,0,s007
0.462061558070775,1,s007
0.4627089711929806,1,s007
0.4625205599657669,1,s007
0.4620489958395264,0,s007
0.4621871159567541,0,s007
0.462262168916014,0,s007
0.4621191917009808,0,s007
0.46223283936583415,1,s007
0.7616496610510861,0,s007
0.4622333289205789,1,s007
0.7616070454029129,1,s007
0.46232140294287705,0,s007
0.4625701286596531,0,s007
0.00022796702942229352,0,s007
0.7616940607675058,1,s007
0.462115299054787,1,s007
0.4623848453347017,1,s007
0.46224344188230804,0,s007
0.4619324210384541,0,s007
0.4626129863089563,1,s007
0.46248155558865567,0,s007
0.46195698337316893,0,s007
0.7615928629276048,1,s007
0.46201074706376866,0,s007
0.7616150941136255,1,s007
0.46212600131031345,1,s007
0.46203818169402444,0,s007
0.4620161490285972,1,s007
0.46205676061641854,0,s007
0.46228671443297253,0,s007
0.46195904743177363,0,s007
0.0003050689290131636,0,s007
0.462290768962655,0,s007
0.46234834813229186,0,s007
0.4620522935167679,0,s007
0.46216923791559483,0,s007
0.46230544842201926,1,s007
0.7616215824761727,1,s007
0.4621930140735875,0,s007
0.4620140455872528,0,s007
0.4621301801621165,1,s007
0.46201124419874495,0,s007
0.7617073100514156,1,s007
0.46228172055360117,1,s007
0.4622656977305315,0,s007
0.46196865047450597,1,s007
0.46230942175646317,0,s007
0.4624873125889246,1,s007
0.4622232110316351,0,s007
0.4625606141156342,1,s007
0.46224392159924044,0,s007
0.4619926523243667,0,s007
0.46235931895159466,1,s007
0.4618830647324781,0,s007
0.46211799158642175,1,s007
0.4619408407569716,0,s007
0.46303907717719417,1,s007
5.806908788708043e-05,1,s007
0.46180623282754407,0,s007
0.46209402104507347,1,s007
0.46249595955426814,1,s007
0.4622023865914815,1,s007
0.46281559567673036,1,s007
0.4621769649388001,0,s007
0.0002457066732590718,0,s007
0.7616316066587767,0,s007
0.4622679286652174,1,s007
0.4627647248398534,1,s007
0.46205039638867706,0,s007
0.7616111929567899,0,s007
0.46206579031291173,0,s007
0.4625411310384764,1,s007
0.46228155924829717,1,s007
0.46227815282161044,1,s007
0.4621066943730914,1,s007
0.46223077368732235,1,s007
0.46217521698572317,0,s007
0.4621745933941288,0,s007
0.4623004557192649,1,s007
0.4620149656469248,0,s007
0.46177451698888405,0,s007
0.9050361164492089,1,s007
0.7615104592125095,0,s007
0.46203629632525267,0,s007
0.46217491793323107,0,s007
0.4622659438151291,0,s007
0.46229081183903564,1,s007
0.462029960053582,0,s007
0.46220968373964344,0,s007
0.46202596483967406,0,s007
0.4619581951517482,0,s007
0.4620367894094002,0,s007
0.4623094447500138,1,s007
0.46211938134507746,0,s007
0.46216526357626697,0,s007
0.4621860906815587,0,s007
0.462143613708055,1,s007
0.46198414061712034,0,s007
0.4619104457353318,0,s007
0.4621303143044626,1,s007
0.46207589897077295,0,s007
0.46226617448462637,0,s007
0.4621333382309587,1,s007
0.462074559287744,0,s007
0.7620846093191374,1,s007
0.46257590846763175,1,s007
0.46229309793859774,1,s007
0.4627468374499937,1,s007
0.7615762609204846,1,s007
0.4618266106656659,0,s007
0.4624441324827828,1,s007
0.4622729065391462,1,s007
0.462082098331166,1,s007
0.4621954636058838,0,s007
0.4623001728261742,1,s007
0.462144409268582,1,s007
0.4618646354475222,1,s007
0.4620866493250533,0,s007
0.4622565435225847,0,s007
0.4624499366838011,1,s007
0.4620036629541442,0,s007
0.4621638741452132,1,s007
0.46221068482028205,0,s007
0.4619150892092372,0,s007
0.4621537397685247,0,s007
0.4622463068467464,1,s007
0.4621838985428348,1,s007
0.4610114982634137,0,s007
0.4621235507485668,1,s007
0.46215583266993,0,s007
0.4623640235583384,1,s007
0.46250751411969593,0,s007
0.46204618170878287,0,s007
0.7619073017863514,0,s007
0.4621596414183764,1,s007
0.46229270822013047,0,s007
0.46209729633201957,1,s007
0.46231252097089737,1,s007
0.4623978066371608,0,s007
0.4621784738639223,1,s007
0.46230571374459584,1,s007
0.7614559479653165,0,s007
0.46229167582170083,1,s007
0.7616795644066563,1,s007
0.46213887894872396,1,s007
0.4620292331485143,1,s007
0.4623872977342698,1,s007
0.00020705635462237026,0,s007
0.7618534942580499,1,s007
0.46250468660583066,1,s007
0.7616030089718326,0,s007
0.4620842958884881,0,s007
5.534410213670071e-06,1,s007
0.4622459347900505,0,s007
0.7615778253467174,0,s007
0.46219996145674913,1,s007
0.4621693211228495,1,s007
0.7616919851744484,1,s007
0.46256639416993695,1,s007
0.4622949479133611,0,s007
0.4622360352853816,1,s007
0.4624157081496454,1,s007
0.4623836092053841,1,s007
0.4622134561989544,1,s007
0.4620964767113802,0,s007
0.4623957300615802,1,s007
0.7617429567854859,1,s007
0.46237433081059165,1,s007
0.4621656115914361,0,s007
0.46227304967901395,1,s007
0.4621885715149787,1,s007
0.462232547461477,0,s007
0.46231279744480513,0,s007
0.00027860937466739344,0,s007
0.4624284493099049,1,s007
0.462176878492607,1,s007
0.7615861732478892,0,s007
0.4624191760286227,0,s007
0.4621010428045802,0,s007
0.7616126778902266,1,s007
0.46207346712170505,0,s007
0.4621756894382214,0,s007
0.4621201923550782,0,s007
0.4622203908447826,1,s007
0.4622506922734104,0,s007
0.4622786899941329,1,s007
0.4621712163880791,0,s007
0.4622401869156616,1,s007
0.7615981687954516,0,s007
0.46211125798758834,0,s007
0.7615932608430427,1,s007
0.4621989440688252,0,s007
0.4622085546110266,0,s007
0.4622658902192114,0,s007
0.46265308230763136,1,s007
0.7617941164424344,1,s007
0.4623297871193579,1,s007
0.7617540596924477,1,s007
0.4622729449032881,1,s007
0.4622112818061359,1,s007
0.4620025518962978,0,s007
0.7617145185142686,0,s007
1.3494432123728473e-05,1,s007
0.46212095880215154,0,s007
0.4619547021229935,0,s007
0.46219562147546633,0,s007
0.4622672176355347,0,s007
0.00018195825415556754,0,s007
0.46226993441219855,1,s007
0.46236444295001244,1,s007
0.4621258198266165,0,s007
0.4618720348313827,0,s007
0.4623785441596868,1,s007
0.462076567614534,0,s007
0.4628238746296347,1,s007
0.46201659391740524,0,s007
0.7616559283132585,1,s007
0.46177838279954675,0,s007
0.7617351456186943,0,s007
0.46226750029829633,0,s007
0.4625418789971263,1,s007
0.00010559806389487392,1,s007
0.46233987956549805,0,s007
0.46226983551550904,0,s007
0.4622003177143885,0,s007
0.4624244025436972,1,s007
0.00026045148948949937,0,s007
0.4622602640569591,0,s007
0.46231313734535373,1,s007
0.46197755321009226,0,s007
0.46201055486886355,0,s007
0.4623726707809359,1,s007
0.46234496243029,1,s007
0.4623553695666416,1,s007
0.46229866494001826,1,s007
0.46171912175692054,0,s007
0.4621697711411781,0,s007
0.4626839610695368,1,s007
0.46265122097357647,1,s007
0.4619975868788022,0,s007
0.4623156340274457,1,s007
0.46204618756701454,0,s007
0.4624310337313773,1,s007
0.4621415109541207,0,s007
0.4621636915402476,0,s007
0.4621777803297227,1,s007
0.4620210584881095,0,s007
0.46216886993369144,1,s007
0.7617519301686675,1,s007
0.761708269609195,0,s007
0.7616469425466277,1,s007
0.4622083964010264,1,s007
0.4621845976769674,1,s007
0.4621663338318449,0,s007
0.46212146474081695,0,s008
0.46224919845887014,0,s008
0.7618765691413996,0,s008
0.7616228486040137,0,s008
0.7615738832837888,1,s008
0.7616976814637788,1,s008
0.7615376021567284,1,s008
0.4619758483248346,1,s008
0.462412334253663,0,s008
0.7615701970355924,1,s008
0.46218455994789465,0,s008
0.46233979339608533,0,s008
0.4622091396384589,0,s008
0.46248508904278207,0,s008
0.7616741920975192,1,s008
0.46241951776296175,0,s008
0.4619004252041983,0,s008
7.101487791927319e-05,1,s008
0.7616985617176015,0,s008
0.4625418555596179,0,s008
0.0007145567870816549,0,s008
0.00026374030159703743,0,s008
0.7615389413367184,1,s008
0.46201041952582034,0,s008
0.7616193524361179,0,s008
0.46175095389067566,1,s008
0.46194178523525986,1,s008
4.973400136698558e-05,1,s008
0.7618322255283116,0,s008
0.4624006947698762,0,s008
0.0005679118867851773,0,s008
0.462372158273074,0,s008
3.1029705113594375e-05,0,s008
0.7615872571740314,0,s008
0.46215151114478337,0,s008
0.4619594485962941,0,s008
0.7617121588441658,0,s008
0.46231167144126806,0,s008
0.46230338731761744,0,s008
0.00033382897328415595,0,s008
0.4624306182464333,0,s008
0.7615576740136458,1,s008
0.7615335511276051,0,s008
0.4624101285101845,0,s008
0.4621940435812888,1,s008
0.7618399464854022,0,s008
0.46174548962320516,0,s008
0.4619860533289717,0,s008
0.4623909156878796,0,s008
0.4622390697183101,0,s008
0.9052601349175344,0,s008
0.46178343416112533,0,s008
0.4622633608066147,0,s008
0.761632306449415,0,s008
0.46159523813507564,0,s008
0.46213456542306797,0,s008
0.46224834821090943,0,s008
0.46224314578772985,0,s008
1.551069937955063e-05,0,s008
0.46197177393833044,0,s008
0.46255139401366496,0,s008
0.46181749890825063,0,s008
0.7616549904752643,0,s008
0.7617305230138662,0,s008
0.7616936601718105,0,s008
0.7616407839514505,0,s008
8.395166885022398e-05,0,s008
0.7618074625917874,0,s008
0.46224425573425587,1,s008
0.46217397640828395,0,s008
0.462190776670653,0,s008
0.4621978210069182,0,s008
0.4621224963148176,0,s008
0.4624190530903727,0,s008
0.46209508481684414,0,s008
0.46205601020600984,0,s008
0.4618906406477721,0,s008
0.4622271356836025,1,s008
0.4623560797978392,0,s008
0.46249621787224116,0,s008
0.7616448921561081,1,s008
0.46200781379122136,0,s008
0.46224555731344785,0,s008
0.46207266414397963,0,s008
0.4622882479881665,0,s008
0.4622373871035661,1,s008
0.7616575594615504,0,s008
0.4621090837279964,1,s008
0.4621064184650161,0,s008
0.46215182596965554,1,s008
0.46186225002798764,0,s008
0.7617162848053494,1,s008
0.46212873279697675,1,s008
0.4621401753879715,0,s008
0.4621385667467266,1,s008
0.46203123644821775,0,s008
0.4622195856605469,0,s008
0.761738712408347,1,s008
0.46205273842213446,1,s008
0.4620948153915536,1,s008
9.19037852049609e-05,0,s008
0.46223764574298243,0,s008
0.46218905082692774,1,s008
0.4622841532490929,0,s008
0.4621079743781136,1,s008
0.46235722191602213,1,s008
0.7616415416465252,0,s008
0.46205132483421774,1,s008
0.46208696396446025,1,s008
0.4624144959665446,0,s008
0.7617043942362876,1,s008
0.4619373018855317,1,s008
0.4620159332387863,1,s008
0.46221127244219695,0,s008
0.7615501407483483,1,s008
0.7616268937297554,0,s008
0.46220686817708834,1,s008
0.4622306124808806,1,s008
0.4620743491517616,1,s008
0.4622924909527111,0,s008
0.46206684216194693,0,s008
0.7617545850992002,1,s008
0.7618163859330198,1,s008
0.46233464667350477,1,s008
0.7617362330004342,1,s008
0.46250532491939467,1,s008
0.4625157593592051,1,s008
0.46225071193850065,1,s008
0.7617294160828778,1,s008
0.761708708838025,1,s008
0.46251888392904017,1,s008
0.46226546449226213,0,s008
0.46226328713196985,0,s008
0.46233372930728067,0,s008
0.4623110386678815,1,s008
0.46226206844176576,0,s008
0.4622417041185658,0,s008
0.4622620399997901,1,s008
0.7615339588664529,1,s008
0.7618750029517125,0,s008
0.4620324401698157,1,s008
0.462350755305744,1,s008
0.462227722589315,1,s008
0.46217599612093485,1,s008
0.7618305337374229,1,s008
0.7616679813514202,1,s008
0.4621963380459124,1,s008
0.46229245706914956,0,s008
0.46226043318735677,0,s008
0.7617872910778882,1,s008
0.46205827893445606,1,s008
0.46204909399176697,1,s008
0.4621872108819225,1,s008
0.4626081925148402,0,s008
0.46216539891969366,1,s008
0.46222199505243,1,s008
0.46208143466911844,1,s008
0.462261707327974,0,s008
0.46210877934147243,1,s008
0.4620296959144028,1,s008
0.4621096578667083,0,s008
0.46213322705811133,1,s008
0.4621196003978898,0,s008
0.4622132546119453,1,s008
0.9051901599477779,0,s008
0.4620713116887123,1,s008
0.4622446291136897,0,s008
0.46206815191300854,1,s008
0.46218147998821824,0,s008
0.4624294489441725,1,s008
0.4624700281243026,1,s008
0.4623281501482652,1,s008
0.46211590479190523,1,s008
0.46312633194108943,1,s008
0.46169176252106126,0,s008
0.7616570062874781,1,s008
0.46210905988536055,1,s008
0.7615972860442335,0,s008
0.761637342438725,1,s008
0.4621421826389085,1,s008
0.4625786958032654,1,s008
0.46264384199279673,1,s008
0.4622280768776772,0,s008
0.4621548340797952,1,s008
0.4621814213032813,0,s008
0.4622598361679344,0,s008
0.4620979446845088,1,s008
0.4627839141569481,1,s008
0.4620970785910212,1,s008
0.4620605453615205,0,s008
0.4623745090137781,0,s008
0.4622565913503809,0,s008
0.7615145907092562,0,s008
0.7617127892430038,1,s008
0.4622551594240423,1,s008
0.46227290351559946,0,s008
0.46215479514823254,0,s008
0.4621253164853312,1,s008
0.46224301161269343,1,s008
0.4623635034992133,1,s008
0.46203360834973006,1,s008
0.4620281590177957,0,s008
0.4623620872259455,0,s008
0.4622611059384163,0,s008
0.46220375336206954,0,s008
0.46228919284788605,0,s008
0.4620802900444059,1,s008
0.4622538298438166,1,s008
0.4623059056233323,0,s008
0.4623055909356928,1,s008
0.4620283218721968,1,s008
0.4621870007087674,1,s008
0.46221723815703375,0,s008
0.46198537920062543,1,s008
0.4623874313377301,1,s008
0.46197633187857945,1,s008
0.7616066696072765,1,s008
0.7616987704649534,1,s008
0.4621782030021704,1,s008
0.4621998578696622,0,s008
0.0004052315355114189,0,s008
0.4621011468274785,0,s008
0.4623970889707052,0,s008
0.46195294084310934,1,s008
0.46253531773376344,1,s008
0.4622397894957122,1,s008
0.4622870079664183,1,s008
0.4623175761564591,0,s008
0.4623793084684584,1,s008
0.4621357558275747,1,s008
0.46242278145285987,1,s008
0.46240577924981396,1,s008
0.46233336333173924,0,s008
0.4620181538220507,1,s008
0.4619859932623953,0,s008
0.46219720114782925,0,s008
0.46223162710933785,1,s008
0.46210119410783435,1,s008
0.7618546511933346,1,s008
0.4621622449225782,1,s008
0.46240001101890993,1,s008
0.4620271665706299,0,s008
0.7617290844656845,0,s008
0.46215513390827256,1,s008
0.4629672212811309,1,s008
0.4625453516985061,0,s008
0.7616128556578616,0,s008
0.46264894825281067,1,s008
0.4620991102720611,1,s008
0.00022136663866678674,0,s008
1.2414145167172208e-05,0,s008
0.46228277765236503,1,s008
0.00013439958010952324,0,s008
0.4623346539259581,0,s008
0.46223768098261453,1,s008
0.461977700300892,0,s008
0.4621564035190091,1,s008
0.46223129386581263,1,s008
0.4622201073633281,1,s008
0.7616294539896045,1,s008
0.46225555260478757,0,s008
0.46210955414715804,0,s008
0.46248803810368866,1,s008
0.4624189539118002,1,s008
0.4622357089821221,1,s008
0.46184948633711165,0,s008
0.4619479984750927,0,s008
0.46239974258702765,0,s008
0.46207947923341686,0,s008
0.4623146614950091,0,s008
0.00020702679685946634,0,s008
0.46216280860153813,0,s008
0.46272965153092827,1,s008
0.46226410839792353,1,s008
0.4623056659083995,1,s008
0.46243980241393334,0,s008
0.46206637032615605,0,s008
0.4622141278304872,1,s008
0.4620484143137562,0,s008
0.46219331548929077,1,s008
0.46235045069347347,1,s008
0.46223711665084255,1,s008
0.4620769289219393,0,s008
0.462302618181631,1,s008
0.7617353798462754,1,s008
0.761652097285519,1,s008
0.4622750288588191,0,s008
0.4621226316035878,0,s008
0.761645296443848,0,s008
0.46237557962571274,1,s008
0.46237250947793473,1,s008
0.4621196867943016,1,s008
0.46234488118425854,1,s008
0.46247579802435634,1,s008
0.4623501137234234,1,s008
0.4622372841101463,1,s008
0.4620410058900606,0,s008
0.4625580335056647,0,s008
0.7616326075917754,0,s008
0.4624073819603256,1,s008
0.7617955591143772,1,s008
0.4621543253157099,1,s008
0.4621761136048228,1,s008
0.46248129559820716,1,s008
0.46233189807786945,1,s008
0.46222585878540934,1,s008
0.4622240914633622,1,s008
0.46231699529346115,0,s008
0.46222068990847753,1,s008
0.46215130774194435,1,s008
0.4621585644548747,0,s008
0.46200117086023007,0,s008
0.4621911156057479,0,s008
0.4621661219489266,0,s008
0.4621910140983867,1,s008
0.46216836191800237,0,s008
0.4621666408870979,0,s008
0.7617227764743555,0,s008
0.46224131897726983,0,s008
0.4623851222657622,0,s008
0.4620849880807598,1,s008
0.4623034533472068,0,s008
0.4620448625842555,0,s008
0.46220703174785616,0,s008
0.462318217910731,0,s008
0.4622922186946108,1,s008
0.4620768982918171,0,s008
0.46201357546735644,0,s008
0.46193664394390277,0,s008
0.4622517753038533,1,s008
0.4622301770082893,1,s008
0.4620899195703507,0,s008
0.46248409481605934,1,s008
0.761725268820842,1,s008
0.4625816415672228,0,s008
0.00014860448570575002,1,s008
0.4620282533401614,0,s008
0.46224371242131257,1,s008
0.4622768672917732,0,s008
0.0003919206753684179,0,s008
0.46243895980219096,0,s008
0.4620792950529202,1,s008
0.46210047414537647,1,s008
0.46214546970305626,0,s008
0.46207197566461633,1,s008
0.46223661025286833,0,s008
0.46260599612298403,0,s008
0.4619358242659275,0,s008
0.4624502324050799,0,s008
0.7616350687847617,0,s008
0.4621100357515795,0,s008
0.46224862619468077,1,s008
0.46247320527547653,1,s008
0.7617258871341452,1,s008
0.4624111031495699,0,s008
0.46211398093782385,1,s008
0.4621554216320114,1,s008
4.2047314526172386e-05,0,s008
0.4621834111969192,0,s008
0.461970082613252,1,s008
0.46221405823767925,1,s008
0.46220531936942666,1,s008
0.7616348791082206,0,s008
0.4621220705317117,0,s008
0.9052132429787556,0,s008
0.46221074774308657,1,s008
0.761455910908837,0,s008
0.46224076046174,0,s008
0.4623009568066092,0,s008
0.462365012662713,1,s008
0.4621327917555951,1,s008
0.4620653248876112,0,s008
0.4619502672744591,0,s008
0.00012717946364304566,0,s008
0.7615859718327194,1,s008
0.00023306406577172645,0,s008
0.46221772252255455,1,s008
0.46221992333263406,1,s008
0.7613465276531968,0,s008
0.46253124809063606,1,s008
0.4620663877612583,0,s008
0.4622563355787068,1,s008
0.4623355377304694,1,s008
0.462261703774401,1,s008
0.4613966723547973,1,s008
0.46294515558300664,0,s008
0.46208955552825604,1,s008
0.46205286610053853,0,s008
0.46210451952681764,0,s008
0.46228627446375326,1,s008
0.46213808892125385,1,s008
0.4623426433491171,1,s008
0.46220004586789365,1,s008
0.46249203073657186,1,s008
0.46223928769777434,1,s008
0.4625439815373935,1,s008
0.7617597713100663,1,s008
0.4621758617313201,1,s008
0.46230505226575325,1,s008
0.46239083178699736,1,s008
0.0006928682973978972,0,s010
0.7616012577051396,0,s010
0.46269516544382316,0,s010
0.4625552355707643,0,s010
0.46238078168737573,1,s010
0.46238860550816985,1,s010
0.4622189383515687,1,s010
0.4621972612278509,0,s010
0.4619427493742678,0,s010
0.4621208842340425,0,s010
0.7615321079779007,0,s010
0.46214429434863735,0,s010
0.7619726262635385,0,s010
0.7616771602389583,0,s010
0.4621140880266823,1,s010
0.00013355567137729452,0,s010
0.46219554552291253,1,s010
0.7617657106406703,1,s010
0.4622394532450227,1,s010
0.4623265780354102,0,s010
0.4622180235082396,0,s010
0.46244340047601606,0,s010
0.46217225513605653,1,s010
0.46234661754473727,1,s010
0.4621924835758797,1,s010
0.46217628590080584,0,s010
0.4623976332025834,1,s010
0.4621485372154963,1,s010
0.46210024551740814,1,s010
0.46218304059988435,1,s010
0.46207518234449063,1,s010
0.4626379740395159,0,s010
0.46201529384078177,0,s010
0.4620457435446459,1,s010
0.0001321768228070841,0,s010
0.4622434936323161,0,s010
0.46237315395964806,1,s010
0.7616858128902804,1,s010
0.4623048951830253,1,s010
0.4621781638142457,1,s010
0.7618013482420856,1,s010
0.46243222550839547,1,s010
0.46244944011353084,1,s010
0.7616427695933552,0,s010
0.46251436410458147,0,s010
0.4623724432197367,0,s010
0.4625205747964787,1,s010
0.46251824636497907,1,s010
0.4624029257585749,1,s010
0.46214020069768136,1,s010
0.4619452059609759,0,s010
0.4623444444847038,1,s010
0.46276890645766144,1,s010
0.4622495130237527,0,s010
0.46227980816730674,1,s010
0.4621954754554991,1,s010
0.46232509886627704,1,s010
0.0010870437816725698,0,s010
0.46239575561982815,1,s010
0.46201545164779567,1,s010
0.46214806139526377,1,s010
0.7616794930258679,1,s010
0.7617988827041322,1,s010
0.46212231733408804,1,s010
0.4626910111177647,1,s010
0.4624761590588371,1,s010
0.9052505773736021,1,s010
0.46223276801760926,1,s010
0.4622002396211178,0,s010
0.46207700884091074,0,s010
0.4621817621318576,1,s010
0.4622044682189883,1,s010
0.4626196157739699,1,s010
0.46270650468826435,1,s010
0.4619103040819317,0,s010
0.46246472098459757,1,s010
0.46259849614644444,1,s010
0.7617534468979512,1,s010
0.462714818085487,1,s010
0.46247030683434454,1,s010
0.4622612875712846,0,s010
0.46247793344637933,1,s010
0.46235384963920856,1,s010
0.46238110634214213,1,s010
0.7615415320681755,1,s010
0.46288324467162467,1,s010
0.46245068806920053,1,s010
0.4623858303569435,1,s010
0.46226467192044995,1,s010
0.46267771333955143,1,s010
0.46220644186796034,1,s010
0.4631776920813593,1,s010
0.46203817366749145,0,s010
0.46235073928280945,1,s010
0.7617672511251257,1,s010
0.4623546498815674,0,s010
0.4620288649993549,0,s010
0.7617934997659801,1,s010
0.46214837739544334,1,s010
0.761660369595059,1,s010
0.46167431591376507,0,s010
0.46186215528879426,0,s010
0.4622301396426838,1,s010
0.7614240874392042,0,s010
0.4624774184669649,1,s010
0.46242608508258964,1,s010
0.0001395199743547959,0,s010
0.4622955132227351,1,s010
0.4623664548084303,1,s010
0.46226303916919353,1,s010
0.46335128259930713,1,s010
0.46249632162578314,1,s010
0.4627740961599365,1,s010
0.461844716887047,0,s010
0.4623237328021941,1,s010
0.46221418362752176,1,s010
0.4623334781076074,1,s010
0.462590900656902,1,s010
0.46269190918126624,1,s010
0.462355772786041,1,s010
0.4627596116575128,1,s010
0.46238136603950153,1,s010
0.761800886505807,1,s010
0.4624546807977836,1,s010
0.4623579896260863,1,s010
0.7617154211360173,1,s010
0.46274038061349665,1,s010
0.46219678588914226,1,s010
0.4625776831560957,1,s010
0.46275871633839993,1,s010
0.7617256629143696,1,s010
0.46236541626553573,1,s010
0.46232324137468295,1,s010
0.7614469306089087,1,s010
0.4630892802127109,1,s010
0.462176255805814,1,s010
0.46233795192903515,1,s010
0.4629106667695262,0,s010
0.4624075195092259,1,s010
0.4621151572899569,1,s010
0.46219384080406667,1,s010
0.4632180438836011,1,s010
0.46308139509265644,1,s010
0.4629102782408778,1,s010
0.761682201607089,1,s010
0.4628944493046381,1,s010
0.46202445519816027,0,s010
0.46215959529926076,1,s010
0.46202002751834637,0,s010
1.5065260419389048e-05,0,s010
0.9051729375122926,1,s010
0.46208977405528007,1,s010
0.7619969138910694,1,s010
0.4622378294824143,0,s010
0.7616666608848575,0,s010
0.46231898798845683,0,s010
0.4622424738293298,1,s010
0.46186948998964117,1,s010
0.4623544629378922,1,s010
0.46199997064800513,1,s010
0.46222913180895064,0,s010
0.4622493773565244,0,s010
0.4622224570067588,1,s010
0.4622677875048933,1,s010
0.4622529353586471,1,s010
0.4625871123573915,0,s010
0.7615221882572487,1,s010
0.7616666138235877,1,s010
0.4625855032392734,1,s010
0.46234431849252156,1,s010
0.46225609893588304,1,s010
0.4622188901032136,1,s010
0.46246350137812064,0,s010
0.4621747806902845,1,s010
0.4622921351278768,0,s010
0.7616979242899693,1,s010
0.4624302857615996,1,s010
0.46219952395680175,1,s010
0.4623137999331466,1,s010
0.46280278930980656,1,s010
0.46239565063202726,1,s010
0.46197697859376574,1,s010
0.46225979956035035,1,s010
0.4625162594327952,1,s010
0.4623246072753824,1,s010
0.46219284503515645,0,s010
0.4621785719252791,1,s010
0.46210615624213913,1,s010
0.4624807844991452,1,s010
0.46193236445661334,1,s010
0.4623437901612175,1,s010
0.46242819405758495,1,s010
0.4621718485269499,1,s010
0.7617158623971687,0,s010
0.46185079909284865,1,s010
0.7616667278993441,1,s010
0.7616081698866402,1,s010
0.46232318474883516,1,s010
0.4621902339538424,0,s010
0.46188004572686414,1,s010
0.46161544846636815,0,s010
0.46201734147096274,1,s010
0.4621816389253688,1,s010
0.46217457596982037,1,s010
0.46207578597453036,1,s010
0.4623635359282181,1,s010
0.76169112265842,1,s010
0.462201653670929,1,s010
0.46225983350853994,1,s010
0.4623127871071273,1,s010
0.7616749691752045,1,s010
0.4621402393103484,1,s010
0.4620691409342217,1,s010
0.4627717959573354,1,s010
0.46246965069611523,1,s010
0.7616358770347298,1,s010
0.7617460087010157,1,s010
0.462231633534923,1,s010
0.46273758212041227,1,s010
0.46208075278582017,1,s010
0.4622714668019303,1,s010
0.4622074726367644,1,s010
0.46214903266333063,1,s010
0.4621685160782145,1,s010
0.4623284275506614,1,s010
0.4618986797583189,1,s010
0.46227491797959175,1,s010
0.7616635253043362,1,s010
0.46256890986680443,1,s010
0.4628926206163686,1,s010
0.46216560355349046,0,s010
0.4623970098686814,1,s010
0.46296657436697464,1,s010
0.4621845271927192,1,s010
0.4624691615874865,1,s010
0.46266652734996105,1,s010
0.4632246834573659,1,s010
0.46222514178684837,1,s010
0.462364755865895,1,s010
0.4620618056993029,1,s010
0.46253315747806956,1,s010
0.4624356547230939,1,s010
0.46249032029496906,1,s010
7.624216928348027e-05,0,s010
0.46212351196729284,1,s010
0.4625783475192551,1,s010
0.46250117024871984,1,s010
0.4623309784775731,1,s010
0.46211359755120074,1,s010
0.4623890747444426,1,s010
0.4630679348540345,1,s010
0.4620534841995976,1,s010
0.46214302788542505,1,s010
0.46220302144314185,1,s010
1.2300965795519758e-05,0,s010
0.4619437850820993,1,s010
0.46213572766471667,1,s010
0.4626425388158051,1,s010
0.4625574168584985,1,s010
0.46206357240014895,1,s010
0.4623939591268966,1,s010
0.46205599295377264,1,s010
0.46211252676286296,1,s010
0.4619846045221856,1,s010
0.462025319629366,1,s010
0.4622850389703408,1,s010
0.4621398921407973,1,s010
0.4619869258347151,1,s010
0.4621972756854278,1,s010
0.4621943720144934,1,s010
0.7617310294800304,0,s010
0.4621114876030832,1,s010
0.4621383811668174,0,s010
0.46226447531369086,0,s010
0.46220229234700083,1,s010
0.46204550476334383,1,s010
0.4621273707631455,1,s010
0.46224446745935466,1,s010
0.4621847575820852,1,s010
0.7618354977066928,1,s010
0.46249578513629097,0,s010
0.46210652145836484,1,s010
0.7616637232629586,1,s010
0.4623488062714356,1,s010
0.7617066786172566,1,s010
0.4621803128661952,1,s010
0.4620714367004961,1,s010
0.46197143345754776,1,s010
0.46232504148336195,1,s010
0.46226546445463024,1,s010
0.4623541769705042,1,s010
0.4623414348528516,0,s010
0.4625435855718121,1,s010
0.46258672449975347,1,s010
0.4623127154169475,1,s010
0.46251691662194117,1,s010
0.46258028512400995,0,s010
0.4619663701578951,1,s010
0.4622635924370624,0,s010
0.4616522787348927,0,s010
0.46252581517836955,1,s010
0.7617817721725166,1,s010
0.46224808829127295,1,s010
0.4622080429609621,1,s010
0.4622411273371687,1,s010
0.462354127626299,1,s010
0.46226240883609093,1,s010
0.4626776484252262,1,s010
0.4621543679575506,1,s010
0.7618123047078758,1,s010
0.46215430228061427,1,s010
0.4625727154399004,0,s010
0.4619108669847194,1,s010
0.46225691754481524,1,s010
0.46178528206546,0,s010
0.7616245885515103,1,s010
0.46202831921105836,1,s010
0.7615586609246268,1,s010
0.4622936931744832,1,s010
0.4622539078800534,0,s010
0.46211859898888696,1,s010
0.46200821262200154,1,s010
0.4622849338028858,1,s010
0.46235816884748737,0,s010
0.46259126512600446,1,s010
0.4620278033231189,1,s010
0.4619985301901548,1,s010
0.4620581929763614,1,s010
0.4621555051298831,1,s010
0.7617838093532778,1,s010
0.46216550268577183,1,s010
0.46229316994573333,1,s010
0.4624237149699659,1,s010
0.46214259690307125,0,s010
0.46235299324796886,0,s010
0.4625026051063561,1,s010
0.7616087076993223,1,s010
0.46198321990449775,1,s010
0.4618151086837674,1,s010
0.4622781465012695,0,s010
0.46215511363947437,1,s010
0.4618381588643703,1,s010
0.46239645304430765,0,s010
0.7616067352728619,1,s010
0.46188768150759296,1,s010
0.4624990460997769,1,s010
0.46205293180528284,1,s010
0.4622564249562322,1,s010
0.46183584304096814,1,s010
0.46211343581998277,0,s010
0.46233711329579075,1,s010
0.4626629356351666,1,s010
0.46233334395362924,1,s010
0.46201592454626006,1,s010
0.9051966111616445,1,s010
0.4620422633627137,1,s010
0.4619978295110727,1,s010
0.4622923142018953,1,s010
0.4624537635325401,0,s010
0.46188705813005493,1,s010
0.4622297055362208,1,s010
0.46221504165684646,1,s010
0.9051946466618097,1,s010
0.4623340309313859,1,s010
0.462562681009999,1,s010
0.761716034676017,0,s010
0.4620547076821673,0,s010
6.566186190481993e-05,0,s010
0.46215822882551794,1,s010
0.46226864446793625,1,s010
0.46221210435398796,1,s010
0.4626079739774518,1,s010
0.46199124013453163,1,s010
0.46211452209915005,1,s010
0.4623471536505952,1,s010
0.4623916329751485,0,s010
0.46234128599148416,1,s010
0.4620720940313714,1,s010
0.46237747748879165,0,s010
0.4625992570889761,1,s010
0.46223885916365304,1,s010
0.46193091073246606,1,s010
0.7617697713250753,1,s010
0.46252611085349105,0,s010
0.4618035884748477,1,s010
0.4618991915733204,1,s010
0.46238452527812335,1,s010
0.46217152912397674,0,s010
0.4619860089400183,1,s010
0.4621737315680574,1,s010
0.4619392524031882,1,s010
0.46248915814125935,0,s010
0.46195995351688945,1,s010
0.4621049179859724,1,s010
0.7618014694698152,0,s010
0.46231092281291297,1,s010
0.0001905052119302031,0,s010
0.761520942287226,0,s010
0.4624116414510824,0,s010
0.4626683406315706,0,s010
0.7612000722430272,1,s011
0.7617795156048583,0,s011
0.4622224671063986,0,s011
0.46230722250751244,0,s011
0.46146603509457607,1,s011
0.4621105492394406,0,s011
0.46124781749686106,1,s011
0.4621976023719443,0,s011
0.46280861090964764,0,s011
0.4617748988274386,0,s011
0.7615875909828558,1,s011
0.4619263839753409,0,s011
0.46213881803531764,0,s011
0.7616116926041734,0,s011
0.46283217735087323,0,s011
0.4627015401092578,0,s011
0.46219400584478465,0,s011
0.7616266987581213,0,s011
0.4622919600326203,0,s011
0.7617672414025891,1,s011
0.7617695479740647,1,s011
0.46191957435934916,0,s011
0.761804057556233,0,s011
0.4622738612670134,0,s011
0.4621193778534092,1,s011
0.9053434130776319,1,s011
0.7616413608330892,1,s011
0.46188752840647984,0,s011
0.9051698279501339,1,s011
0.4628909704533757,1,s011
0.46248936539699637,0,s011
0.46262178419611866,0,s011
0.4622858675822976,0,s011
0.4620651192435987,0,s011
0.46248563893688055,0,s011
0.46272596770846364,1,s011
0.4619260152691236,0,s011
0.46224201014692,0,s011
0.4620763701243096,1,s011
0.46199239759779487,1,s011
0.4623199405009961,1,s011
0.46232525356868237,1,s011
0.7619049207462625,1,s011
0.46254366827785365,1,s011
0.4621859707988438,1,s011
0.4621484937197118,0,s011
0.46228089862196287,1,s011
0.46221618762615924,0,s011
0.4627503487081901,1,s011
0.4619371479633618,0,s011
0.9053430525060318,0,s011
0.4621282979200383,0,s011
0.7616347431670407,1,s011
0.46224896401770654,1,s011
0.4622494105949131,0,s011
0.7615331855678218,1,s011
0.00030613993877892653,0,s011
0.46212574725002376,1,s011
0.46217693109620916,0,s011
1.2318100036212698e-05,0,s011
0.4625051922324672,1,s011
0.4620951930613746,1,s011
0.462107423702784,0,s011
0.7617384911279188,0,s011
0.46200198858869035,1,s011
0.4619403302468972,1,s011
0.761529141249655,1,s011
0.46272757865274783,0,s011
0.4622746415603127,1,s011
0.4621521710142329,1,s011
0.4632305257421996,1,s011
0.4621405375460743,0,s011
0.7616175169128665,1,s011
0.46215950103838077,1,s011
0.4627650976861786,1,s011
0.46204682367530614,0,s011
0.46274109122331564,1,s011
0.4618539255604521,0,s011
0.4620670958135449,0,s011
0.4623768832122548,1,s011
0.46252937613881717,0,s011
0.4623681315725152,0,s011
1.6886497876678064e-05,0,s011
0.4619768888806024,1,s011
0.7616887029161818,1,s011
0.7618534918988973,1,s011
0.46245061145734256,0,s011
0.7616253167082951,0,s011
0.7616842879561188,1,s011
0.46231723556816995,0,s011
0.46231487613344524,0,s011
0.461848947372431,0,s011
0.4627113085539243,1,s011
0.9051749007771865,1,s011
0.4622633155961935,0,s011
0.4628212955198938,1,s011
0.7617575512043167,0,s011
0.7618104619804882,0,s011
0.46248672061012597,0,s011
0.4620386324379666,0,s011
0.46237240776092925,0,s011
0.7616973639766522,1,s011
0.46237339639921116,0,s011
0.4621243870957401,0,s011
0.46224116469040477,0,s011
0.7618351505002232,1,s011
0.4619958486186906,1,s011
0.4619818832089011,0,s011
0.7615826539025492,0,s011
0.46240727981499363,0,s011
0.4621940938722717,0,s011
0.4623172580758961,0,s011
0.461979474852815,0,s011
0.4622015489314071,0,s011
0.4623893245424042,1,s011
0.46223915100089563,1,s011
0.4624163904609542,1,s011
0.46268465151119376,1,s011
0.46229809187478543,0,s011
0.4621889997607982,0,s011
0.761417531449361,0,s011
0.46196554090537534,1,s011
0.46196308002873776,0,s011
0.46211814690271735,1,s011
0.7616175005337866,1,s011
5.19374310450349e-05,0,s011
0.46202561910740503,1,s011
0.46270167575840504,1,s011
0.462022772000378,1,s011
0.46238637522707204,0,s011
0.7614561163347227,1,s011
0.46183260725841113,1,s011
0.46202621264390076,1,s011
0.46220293247309874,0,s011
0.4622137265289279,1,s011
0.0003000342972039327,0,s011
0.4624118366417953,0,s011
0.7617155823306507,0,s011
0.4619847051091517,1,s011
0.46198024222505296,1,s011
0.4623508030433463,0,s011
0.4620651459417353,1,s011
0.46237317834369795,1,s011
0.46217304845977947,0,s011
0.00021277400389929646,0,s011
0.4618470390124716,0,s011
0.4620828228747391,1,s011
0.46256361503350796,0,s011
0.4633642922400283,1,s011
0.4620484453838576,0,s011
0.4622919694155547,0,s011
0.00025176552542571784,0,s011
0.7617528198990524,0,s011
0.46197698660297726,0,s011
0.46218921737660246,0,s011
0.4621228340289596,0,s011
7.123629259830899e-05,1,s011
0.46238446573529624,0,s011
0.4623825364948315,0,s011
0.46238270999587106,1,s011
0.46228483514434937,0,s011
0.761648951262949,0,s011
0.4619713527350917,1,s011
0.4624703854591319,1,s011
0.7618382429112747,1,s011
0.4622208948037223,1,s011
0.46212501090478453,0,s011
0.46207637699633874,0,s011
0.46230013998087105,0,s011
0.7615606589974007,0,s011
0.7616784186958281,0,s011
0.46247940352542094,1,s011
0.7615873262795494,1,s011
0.46214019564097364,1,s011
0.7615578478463367,1,s011
0.46208168449544185,1,s011
0.461919063170561,0,s011
0.462166569971018,0,s011
0.4620727344796911,1,s011
0.4621256467606425,1,s011
0.46190614411728426,0,s011
0.4621833229868302,0,s011
0.7616220738972006,0,s011
0.7616625905102781,0,s011
0.46209152882170845,0,s011
0.46232195363676043,0,s011
0.00014712054114407458,0,s011
0.461921741525644,1,s011
0.46184071532305837,0,s011
1.0664748362199106e-05,0,s011
0.46213931311270073,1,s011
0.46207923120742267,0,s011
0.4622398268871313,0,s011
0.761510457795084,0,s011
0.462102916938955,0,s011
0.462626616789797,0,s011
0.46200259366408014,0,s011
0.4623543695695511,1,s011
0.46227791254237083,0,s011
0.46194949615045977,0,s011
0.46229441913222,0,s011
0.46227798292232936,0,s011
0.46231786096722605,0,s011
0.7616912957511432,0,s011
0.46213031162300156,1,s011
0.4622447115344952,0,s011
0.462321359497069,0,s011
0.4621367919517556,1,s011
0.4623887475969808,0,s011
0.4623134076860018,1,s011
0.4629398118440191,1,s011
0.462505300325468,1,s011
0.7616190730677299,1,s011
0.46214986131918834,1,s011
0.4619331867831493,0,s011
0.4619166909268231,1,s011
0.761588885161341,1,s011
0.4622731198982424,0,s011
0.46218029609826305,0,s011
0.46216726212978965,1,s011
0.4621030407057467,0,s011
0.46255186669656356,1,s011
0.4623422246233466,0,s011
0.4632717998732161,1,s011
0.4619927330499425,0,s011
0.7616918737344698,1,s011
0.4627452655003541,1,s011
0.4623486294452761,1,s011
0.4620829851948276,1,s011
0.462194364198645,1,s011
0.46218534014328183,1,s011
0.4621002042998137,1,s011
0.462419531679102,1,s011
0.46221426574521574,1,s011
0.46234910909981175,1,s011
0.4621703344766459,1,s011
0.4622777444305801,1,s011
0.46237805046879066,1,s011
0.4620491345430535,1,s011
0.4635461713548248,1,s011
0.4624429057532864,1,s011
0.4622346791483196,1,s011
0.4620062491796728,0,s011
0.46239700877748535,1,s011
0.4625137439348115,0,s011
0.46267766463319804,1,s011
0.7615960342179537,1,s011
0.462246912026151,0,s011
0.4623716890175933,1,s011
0.46295046530382145,1,s011
0.4624961024453704,1,s011
0.46195166409074506,0,s011
0.46227533273385824,0,s011
0.46203954992015706,1,s011
0.46225523499659693,1,s011
0.46231390384315185,1,s011
0.7617418080561991,1,s011
0.462478082463877,1,s011
0.46202183665970487,1,s011
0.7616163694784495,0,s011
0.9052027301266576,1,s011
0.462051525667875,1,s011
0.46244767001594234,1,s011
0.46218369036870355,0,s011
0.7616675613630051,0,s011
0.4619337379433641,0,s011
0.462026853253491,1,s011
0.46236941444625757,1,s011
0.4617640889992711,0,s011
0.7615665690749314,1,s011
0.46236254981383196,1,s011
0.4622476651491203,1,s011
0.46224717319320274,1,s011
0.7616518385862354,1,s011
0.46224241752142214,1,s011
0.7616488270489492,1,s011
0.4622440078698784,1,s011
0.4623435965043414,1,s011
0.46220103092265363,0,s011
0.4622346206558523,0,s011
0.46231799047929956,1,s011
0.46263940691409466,1,s011
0.46202280272915996,1,s011
0.46269163940175617,1,s011
0.4617546045555909,0,s011
0.46206975162055497,1,s011
0.46227615774346487,1,s011
0.462324610996254,1,s011
0.4621905406718172,1,s011
0.46260627111109276,1,s011
0.4623497610924334,1,s011
0.46238336290741655,1,s011
0.4623563946039031,1,s011
0.46250172786829236,1,s011
0.7616806550535826,1,s011
0.7617944121639109,1,s011
0.4622684065199574,1,s011
0.7615938481428242,1,s011
0.462100115852218,1,s011
0.46234656553799547,1,s011
0.7615197931506554,0,s011
0.46232761958738067,0,s011
0.4619525652981502,1,s011
0.4623433189911519,1,s011
0.46228012698548593,1,s011
0.4621457111510723,1,s011
0.46217376258004794,1,s011
0.00031123002390187615,0,s011
0.46230468408980396,1,s011
0.46207263044007507,0,s011
0.46229884142405453,1,s011
0.462194423082259,1,s011
0.7618589710129235,1,s011
0.4624200057696679,1,s011
0.4622048885161849,1,s011
0.46208963093304467,0,s011
0.46211449577600994,1,s011
0.4621907031559256,1,s011
0.4626027639158534,1,s011
0.7615673158726932,1,s011
0.46220295612371065,1,s011
0.7617347009658544,1,s011
0.46228725197557097,1,s011
0.4625633425610438,1,s011
0.46238792016137964,1,s011
0.986652609085005,1,s011
0.46215840522924667,1,s011
0.46251121006754503,1,s011
0.4622856766872103,1,s011
0.46254093984297784,1,s011
0.46236673257552385,1,s011
0.4624396550457339,1,s011
0.4622768008800082,1,s011
0.46259943930063785,1,s011
0.7616972589398148,1,s011
0.46238477620953944,1,s011
0.4625863680700688,1,s011
0.46279908574963513,1,s011
0.4624128243437562,1,s011
0.46238686419160846,1,s011
0.4626429279554314,1,s011
0.7619312368374629,1,s011
0.4620807204024828,1,s011
0.46220531783407415,1,s011
0.46261567671024006,1,s011
0.46224790655223424,1,s011
0.4622554038470985,0,s011
0.46279490492500486,1,s011
0.46284032571390976,1,s011
0.4624005959901547,1,s011
0.4624042835760884,0,s011
0.7616202242050176,0,s011
0.4622907085535819,0,s011
0.4620592030153161,0,s011
0.4622875092672907,0,s011
0.46227460967140277,1,s011
0.462046023057221,1,s011
0.4622649545626427,1,s011
0.4621897573013549,0,s011
0.46227550103353354,1,s011
0.761739036319067,1,s011
0.7616827972172286,0,s011
0.46247914168961035,1,s011
0.46238011599422246,1,s011
0.4625621687010564,1,s011
0.4625086091474795,1,s011
0.4623088653431553,1,s011
0.4622888719499334,1,s011
0.46248034978737707,1,s011
0.4622366434050553,1,s011
0.4626654557005352,1,s011
0.4621923009128004,1,s011
0.4622152410740643,1,s011
0.46247480627033366,1,s011
0.4625883967134241,1,s011
0.46235624277542,1,s011
0.4626602772477184,1,s011
0.46240962267641006,1,s011
0.761518076326636,1,s011
0.4619590767787076,1,s011
0.4620384187105284,1,s011
0.46254784072156996,1,s011
0.4628300958969338,1,s011
0.46238212540642154,1,s011
0.46257196073046236,1,s011
0.4623592605925628,1,s011
0.46257176777398956,1,s011
0.4623475168440516,1,s011
0.7619273351438804,1,s011
0.46245174860689375,1,s011
0.4623307914918664,1,s011
0.4624577641288734,1,s011
0.761517514180545,1,s011
0.7616358141352049,1,s011
0.46233107905220927,1,s011
0.4624737916821491,1,s011
0.4623873046555418,1,s011
0.4626266520051534,1,s011
0.46228928240793055,1,s011
0.4624457217973563,1,s011
0.4622519101898932,1,s012
0.4613788743423659,1,s012
0.4620830269887697,1,s012
0.46145646895596837,1,s012
0.46303417024809357,1,s012
0.4625625734009342,1,s012
0.46166338406750973,1,s012
0.4617112685277831,1,s012
0.4625653342214249,0,s012
0.4624526865837608,1,s012
0.46393193454347403,1,s012
0.4622630412794455,1,s012
0.7615703137720169,0,s012
0.46243609828491183,0,s012
0.7614910340521379,1,s012
0.46259253909366205,0,s012
0.46229289480379854,1,s012
0.46222898749688524,1,s012
0.46220342559178706,1,s012
0.46246253566856943,1,s012
0.4622271951679293,1,s012
0.462090372617874,0,s012
0.46244375352523326,1,s012
0.46216365516522506,0,s012
0.461706576706451,1,s012
0.46218339093828553,0,s012
0.4622718719470691,1,s012
0.4620870795482772,1,s012
0.46200396771783137,1,s012
0.7615735636848355,1,s012
0.46206606964302566,1,s012
0.4625361968780646,0,s012
0.46217480001545774,1,s012
0.46182158128069783,1,s012
0.4624285774760082,0,s012
0.46182567537850594,1,s012
0.46065144055528084,1,s012
0.46173806433245046,1,s012
0.4615619123232393,1,s012
0.4622365392564094,0,s012
0.46194193412317497,1,s012
0.46225782054626086,1,s012
0.4619897292193409,1,s012
0.46203805885522886,1,s012
0.4615449032673593,1,s012
0.46212666807179636,1,s012
0.46216253619326997,1,s012
0.4623001829980593,1,s012
0.4622192067778734,1,s012
0.46192191242197667,1,s012
0.4610154483088269,1,s012
0.4623059078443901,0,s012
0.9053173005669501,0,s012
0.4624919698047616,0,s012
0.46217890615877444,0,s012
0.4618584920978841,1,s012
0.46195355124495396,1,s012
0.46198015828735084,1,s012
0.4617907171104563,1,s012
0.7617551187125258,0,s012
0.4619335681270602,1,s012
0.4622245614045237,0,s012
0.46204737248690475,1,s012
0.46208547644324804,1,s012
0.4622614366675395,0,s012
0.461894938588012,1,s012
0.4617799258809634,1,s012
0.7615890841497579,0,s012
0.46219628908010235,0,s012
0.46200354232561947,1,s012
0.4620239913361355,1,s012
0.7615091998415613,0,s012
0.46240565307571946,1,s012
0.46243180905339454,1,s012
0.4617662439961252,1,s012
0.4620619338095264,1,s012
0.4622024217505585,1,s012
0.46250807037699104,1,s012
0.46221001549139107,1,s012
0.4620577655101783,1,s012
0.4616651397023823,1,s012
0.46203545344582087,1,s012
0.46215677154975254,0,s012
0.7613795423631322,1,s012
0.46204077421895273,1,s012
0.761697823223827,1,s012
0.7615784572734503,1,s012
0.46201790942881216,1,s012
0.4622364288875478,1,s012
0.4621212459114996,0,s012
0.4620329970939323,1,s012
0.4619721274243245,1,s012
0.4623819978584671,0,s012
0.46132611667863466,1,s012
0.46209423247370496,1,s012
0.4619248628504258,1,s012
0.4618771885315127,1,s012
0.4608597508331378,1,s012
0.4621153037897705,1,s012
0.4620100190083889,1,s012
0.7614343820010598,1,s012
0.46197701704198924,1,s012
0.4618822240188927,1,s012
0.462722063990211,1,s012
0.46217692022044843,1,s012
0.4623872601891177,1,s012
0.4625230189419005,1,s012
0.4619770084656154,1,s012
0.46237795058560915,1,s012
0.462342466599156,1,s012
0.46216479781808295,0,s012
0.4617725909847348,1,s012
0.46241707112582864,1,s012
0.462584224232806,1,s012
0.46219379483453404,1,s012
0.4623027536005435,0,s012
0.46229251007870187,1,s012
0.46203612741244626,1,s012
0.46210217624049466,1,s012
0.4626972490082297,1,s012
0.46217376543617417,1,s012
0.462194995581781,1,s012
0.4624168421169921,1,s012
0.4617752879395485,1,s012
0.4622500142244901,1,s012
0.4624359029185334,1,s012
0.46257324192662463,1,s012
0.4622711902325791,1,s012
0.46250656686455605,1,s012
0.46198218864038565,1,s012
0.4622058731191365,1,s012
0.462461276267532,1,s012
0.46260914808283093,1,s012
0.4626738935546397,1,s012
0.46227446386142,1,s012
0.4615589598510823,1,s012
0.46240736230098123,1,s012
0.4623204889468733,1,s012
0.46212537284345556,0,s012
0.46196716864569765,1,s012
0.4624132000074319,1,s012
0.46275068702283395,1,s012
0.4624914403062679,1,s012
0.46257404384848666,1,s012
0.46216127006540675,1,s012
0.7615989303601693,1,s012
0.46200624762561016,1,s012
0.4624191046439017,1,s012
0.7617708497740967,1,s012
0.4625599914459826,1,s012
0.4625062455495905,1,s012
0.46183989769035994,1,s012
0.46193089828803435,1,s012
0.4622236506375996,1,s012
0.46217996427733943,0,s012
0.4616759488187523,1,s012
0.46210465706719583,1,s012
0.4622377548146581,1,s012
0.46213308806078257,1,s012
0.46192204623700106,1,s012
0.46173115517771857,1,s012
0.4621013147786941,1,s012
0.46218309314030614,1,s012
0.46177040115085743,1,s012
0.462529546360567,0,s012
0.4619165673433254,1,s012
0.4621341154679868,1,s012
0.4622382718608533,1,s012
0.46209993673017014,1,s012
0.46208131978205835,1,s012
0.4620633417225173,1,s012
0.4620778430022998,1,s012
0.46271255502893727,0,s012
0.4618915670751549,1,s012
0.4620726397612973,1,s012
0.4623138291104747,0,s012
0.46217670225726515,1,s012
0.46222331274005923,1,s012
0.46204939980166637,1,s012
0.46172105076341863,1,s012
0.46257318518279633,0,s012
0.4621124990133241,1,s012
0.4620435691290179,1,s012
0.4625549746854285,0,s012
0.46199229898808136,1,s012
0.462029707517549,1,s012
0.46191668117546336,1,s012
0.4618220371659343,1,s012
0.461834077530461,0,s012
0.46236624438488927,0,s012
0.4623286050956843,0,s012
0.46199975480797684,1,s012
0.46241855011639466,1,s012
0.46197598765889136,1,s012
0.4618824090181144,1,s012
0.46181077683357374,1,s012
0.761620490515512,1,s012
0.4620555989729307,1,s012
0.46204214212274874,1,s012
0.7615717125015544,1,s012
0.46232012859151816,1,s012
0.46238547109907113,1,s012
0.46255624448543586,1,s012
0.4623879882823305,1,s012
0.46210797938796633,1,s012
0.46237982865539795,1,s012
0.4623863075290493,1,s012
0.462590136632653,1,s012
0.46223163469563056,1,s012
0.46236706366175895,1,s012
0.46199292238752454,1,s012
0.46219165991246935,1,s012
0.7616086337905001,1,s012
0.4624730109277886,1,s012
0.4623702682648203,1,s012
0.46223851947259864,1,s012
0.46214949313854614,1,s012
0.46258749330087445,0,s012
0.4618840932523216,1,s012
0.4623704827527615,1,s012
0.46246910256221296,1,s012
0.4627057469722464,1,s012
0.46198133537906605,1,s012
0.4618619202865839,1,s012
0.46170644990744614,1,s012
0.46211603582190497,1,s012
0.46251168000827647,1,s012
0.46181464727054244,1,s012
0.7615248824215657,1,s012
0.7618019658558144,1,s012
0.46233018032441486,1,s012
0.46253328134670735,1,s012
0.4621828117157374,1,s012
0.4623320962682913,1,s012
0.4621729418119569,1,s012
0.4625357335374176,1,s012
0.4621370651415222,1,s012
0.7617236133022496,1,s012
0.4623659292924116,1,s012
0.4626254235529166,1,s012
0.46204232975970183,1,s012
0.46247405760606886,1,s012
0.462036654590283,1,s012
0.46168380677343723,0,s012
0.4624574454398551,1,s012
0.46251647244660243,1,s012
0.4620351472829791,1,s012
0.462568475677825,1,s012
0.462661453208834,1,s012
0.46230994503854017,1,s012
0.4619607205698113,1,s012
0.46192970916564424,1,s012
0.46162728918414153,1,s012
0.7617301826926659,1,s012
0.46236080612794983,1,s012
0.46222701625228346,1,s012
0.4627097062701837,0,s012
0.46252373251908985,0,s012
0.46211039526027675,1,s012
0.4620701989705249,1,s012
0.46201747075228505,1,s012
0.46233347492041754,1,s012
0.4623893582940186,1,s012
0.4617195110978578,1,s012
0.46253588265040935,1,s012
0.46212538641968925,1,s012
0.4621435213453542,1,s012
0.46179893275777006,1,s012
0.46210158803738666,1,s012
0.7617818292194929,1,s012
0.4625354148687697,1,s012
0.4620435712904294,1,s012
0.46267461978387114,1,s012
0.46277944992376274,1,s012
0.4623728859477825,1,s012
0.4627026184945868,1,s012
0.4620333547366693,1,s012
0.7615301983445608,1,s012
0.7618647783230506,1,s012
0.4621945780366805,1,s012
0.46243097480494777,1,s012
0.4626146497106407,1,s012
0.7616862163173448,1,s012
0.46236196127391294,1,s012
0.4624146223907093,1,s012
0.4621967917928478,1,s012
0.46189542965486097,1,s012
0.46216427299020046,1,s012
0.4619610892677901,1,s012
0.46229090114507954,1,s012
0.4620728705215107,1,s012
0.4618278847373154,1,s012
0.4619921007609944,1,s012
0.46187344107210904,1,s012
0.46215061253720946,1,s012
0.4622292490568203,1,s012
0.46207646148177495,1,s012
0.4619425455409667,1,s012
0.4622502860819575,0,s012
0.4619089820255442,1,s012
0.46225741035762,0,s012
0.4621360303481783,1,s012
0.4624538914742473,0,s012
0.4621365043483865,1,s012
0.46184875016142146,1,s012
0.4620376561283517,1,s012
0.46196937476320654,1,s012
0.461922349691106,1,s012
0.4627479128907819,1,s012
0.4620466607642122,1,s012
0.46230441535917954,1,s012
0.46272837093716146,1,s012
0.46158870861070245,1,s012
0.46221377173277123,0,s012
0.46207297992086027,1,s012
0.4619620623693217,1,s012
0.4617258396276216,1,s012
0.4619717078480907,1,s012
0.46194105141376807,1,s012
0.462596851440112,0,s012
0.4620983034744339,1,s012
0.4621098503214449,1,s012
0.46196040277940265,1,s012
0.4619901209525046,1,s012
0.46205929399816026,1,s012
0.4619252696540139,1,s012
0.46252645681459925,1,s012
0.4621179116885046,1,s012
0.46189246744429724,0,s012
0.7618269249312226,1,s012
0.4620297561966371,1,s012
0.46203659866648095,1,s012
0.46210152723087217,1,s012
0.46214506958419,1,s012
0.46212143634031344,1,s012
7.948684118685989e-05,0,s012
0.4624833846747445,1,s012
0.46212237026857417,1,s012
0.4626155092695181,1,s012
0.761613756481011,1,s012
0.46242377829214587,1,s012
0.4623267703504843,1,s012
0.4626065492953142,1,s012
0.4628245734131591,1,s012
0.4622930871872173,1,s012
0.4623041605877882,1,s012
0.7616655540045019,1,s012
0.4618032496229416,1,s012
0.46220676627764057,1,s012
0.46279530410419323,1,s012
0.46249839355765276,0,s012
0.46163494007745776,1,s012
0.46218089021782327,0,s012
0.4617553438543849,1,s012
0.4620720744758109,0,s012
0.46192837212653703,1,s012
0.4627250289198095,1,s012
0.4623465252265586,1,s012
0.46213049642712845,1,s012
0.4623422297983222,1,s012
0.7616689748980272,1,s012
0.46208083208909234,1,s012
0.4621870597261215,1,s012
0.46209036647310575,1,s012
0.4620644922242323,1,s012
0.4620821714000285,1,s012
0.4620091961973396,1,s012
0.4622653756091144,0,s012
0.4617607637729153,1,s012
0.4620667274705583,1,s012
0.46207188656242404,1,s012
0.46214183194848335,1,s012
0.4624155580490015,1,s012
0.4617855571488998,1,s012
0.4622288262585226,0,s012
0.4622980364171625,1,s012
0.4617737585237598,1,s012
0.4619898431579319,1,s012
0.4620317534416658,1,s012
0.46210862739536496,1,s012
0.46239021611529174,1,s012
0.46213645991550156,1,s012
0.4626399656002562,0,s012
0.46212718458837343,1,s012
0.46209179889294716,1,s012
0.46200704484831867,1,s012
0.4620984029444455,1,s012
0.4618933727503254,1,s012
0.46224923361940373,1,s012
0.4624650965290007,1,s012
0.4619334036739271,1,s012
0.4621715980952865,1,s012
0.4622161118757777,1,s012
0.4625231319842269,1,s012
0.46282632865165474,1,s012
0.4620563935782591,1,s012
0.4623354828272679,0,s012
0.46226973668001725,0,s012
0.4623588627994093,1,s012
0.4625706824494964,1,s012
0.761070632682028,1,s013
0.46212474615157184,1,s013
0.46203812106449016,1,s013
0.46208392141470855,0,s013
0.46187839560122956,1,s013
0.462190741570091,0,s013
0.46257686432765976,0,s013
0.4618725828360648,1,s013
0.46218921005471536,0,s013
0.4622643418485417,1,s013
0.46218436699531784,0,s013
0.4622647988051798,0,s013
0.4619105625886648,0,s013
0.4624686986710538,0,s013
0.4618975326989805,1,s013
0.4620177850290119,1,s013
0.46214585783760187,1,s013
0.4620718509319015,1,s013
0.4626098000909844,1,s013
0.46201166280524775,0,s013
0.4623544720496222,1,s013
0.4621018094874403,0,s013
0.46204131534699155,0,s013
0.4619427892959953,1,s013
0.46206648113043847,0,s013
0.46194590211257647,1,s013
0.46207998369435455,1,s013
0.46218640546250667,1,s013
0.7615838342304635,1,s013
0.46237447528761777,0,s013
0.46216810326255464,1,s013
0.4621148816993452,1,s013
0.46205586872479976,1,s013
0.000147770925079449,0,s013
0.4623376493944986,0,s013
0.4620439823796507,1,s013
0.4620326476326888,1,s013
0.4623591497424464,0,s013
0.4618237733048649,0,s013
0.9051778299044817,0,s013
0.4617502853113684,0,s013
0.4621852631059862,0,s013
0.4622751920530781,0,s013
0.7616178474932425,1,s013
0.4621614015866191,1,s013
0.46223791685625293,0,s013
0.7617170072900088,0,s013
0.7617717631984959,0,s013
0.46232408625884736,1,s013
0.4619605254290169,0,s013
0.00044832778198222734,0,s013
0.7616838195107929,0,s013
0.4622040611623477,1,s013
0.4623605080599835,0,s013
0.4620962967760722,0,s013
0.4622169984518063,0,s013
0.46213820318816756,1,s013
0.7616244073873593,0,s013
0.4622664101971379,1,s013
0.4621235052617838,0,s013
0.46236919602045967,0,s013
0.46227368292373794,0,s013
0.46218568723043596,0,s013
0.46202151006473957,1,s013
0.4621594877406552,1,s013
0.761647240644493,0,s013
0.462130192025493,1,s013
0.4620595509535459,0,s013
5.9332272428491706e-08,0,s013
0.7616072452511351,0,s013
0.4622787909749704,1,s013
0.7616524623077701,0,s013
0.462159914658693,0,s013
0.4621155582893737,1,s013
0.4622860657255896,1,s013
0.46220778083398684,1,s013
0.46210646290874036,1,s013
0.46183661215836036,1,s013
0.4621437683580667,1,s013
0.4620542815787232,1,s013
0.4622209628108491,0,s013
0.4620920931282968,0,s013
0.4620728818082127,1,s013
0.4621205572351339,1,s013
0.46204480717103213,1,s013
0.462253527319197,1,s013
0.46202705420356094,1,s013
0.46218541703470906,1,s013
0.462209944238406,1,s013
0.46225132573620975,1,s013
0.46217220897691824,1,s013
0.4621121863723854,0,s013
0.46238263886471165,1,s013
0.4624235430463648,0,s013
0.46234866410641406,1,s013
0.46209251798191997,1,s013
0.46199588947744097,1,s013
6.628285504706177e-05,0,s013
0.4622833908570496,1,s013
0.4622361286179497,0,s013
0.4620224489933953,1,s013
0.46201201409894654,0,s013
0.46231131735665776,1,s013
0.46213659319903666,1,s013
0.46230778403191897,1,s013
0.46244499031243524,0,s013
0.4620525026438267,1,s013
0.4622320974278029,1,s013
0.4622854719505354,0,s013
0.4623503216068019,1,s013
0.4621135630469597,0,s013
0.4623538172494175,1,s013
0.4620507740158315,1,s013
0.46230703078630486,1,s013
2.943126615173597e-05,0,s013
0.462227388026887,1,s013
0.4623526314430775,0,s013
0.46226394402106274,0,s013
0.4621063576821238,1,s013
0.4621271173268531,1,s013
0.4622355912802971,1,s013
0.46296893867017563,1,s013
0.4619801084298334,1,s013
0.4631568343558248,0,s013
0.4621213243850526,1,s013
0.46223199180724794,1,s013
0.46204726406621677,0,s013
0.4622146341311093,1,s013
0.4620101671939427,1,s013
0.46226320831431744,1,s013
0.46218556701898783,1,s013
0.4620394837650179,1,s013
0.4623179441668812,1,s013
0.4619928114277574,0,s013
0.4620586547022705,1,s013
0.4616148280769512,1,s013
0.4618426381062595,0,s013
0.46205917982631073,1,s013
0.4621984690570855,0,s013
0.4620929554063027,1,s013
0.46212151340639473,1,s013
0.46227640328569475,1,s013
0.46216271592244196,1,s013
0.46203791985209874,1,s013
0.4623496137055829,0,s013
0.4622165777549847,1,s013
0.46213976751289754,1,s013
6.394119817243471e-05,0,s013
0.4619971462796153,1,s013
0.46213101477938334,1,s013
0.4620710678597453,1,s013
0.46197129024252037,1,s013
0.4621046376177649,1,s013
0.46212641472501215,1,s013
0.4622259734206937,1,s013
0.4620275447231117,1,s013
0.46218323121809823,1,s013
0.4619560764906916,1,s013
0.46208249202985785,1,s013
0.4621297981552941,1,s013
0.4620937687237834,1,s013
0.46203247636905553,0,s013
0.46213995394403007,1,s013
0.46222715747022725,1,s013
0.4621763877712699,1,s013
0.7617856025820842,1,s013
0.4620099627581613,1,s013
0.4621607417668514,1,s013
0.462077342867224,1,s013
0.4622043571681096,0,s013
0.4623019380919511,0,s013
0.46211949956473863,1,s013
0.462510663750054,1,s013
0.4622173052973768,0,s013
0.4623534853585156,0,s013
0.4620992459115496,1,s013
0.4622498606625012,1,s013
0.46200936612999777,1,s013
0.4621291830513381,1,s013
0.4619894846263015,1,s013
0.46217895067678016,1,s013
0.4619047005369037,1,s013
0.4622554138246229,1,s013
0.4621347058734453,1,s013
0.4620731089547354,1,s013
0.4620075283687448,1,s013
0.4621744349113952,1,s013
0.4620650989429651,0,s013
0.46224237794034395,1,s013
0.4620487279784451,1,s013
0.46216157543376135,1,s013
0.46212149611524334,1,s013
0.46214142958831994,1,s013
0.4619636123146351,1,s013
0.4623388971236184,0,s013
0.46207666912460477,1,s013
0.46211667579180404,1,s013
0.46213575175978305,0,s013
0.4620721174980644,1,s013
0.4621861571747241,1,s013
0.4621324747562774,0,s013
0.462148438198571,1,s013
0.4620874180406007,1,s013
0.46203557018868957,1,s013
0.4622785794056439,0,s013
0.4622959971807661,1,s013
0.4622324316997395,1,s013
0.46210883322624996,1,s013
0.46201831284081196,1,s013
0.4620796553221478,1,s013
0.46249535181490176,0,s013
0.0003782122458095838,0,s013
0.46227250448815727,1,s013
0.00018587288965044024,0,s013
0.46209835393738574,1,s013
0.4621274749119135,1,s013
0.46213727035186336,1,s013
0.46214698376132746,1,s013
0.462092844535265,0,s013
0.4621220575254783,1,s013
0.4620667625080752,1,s013
0.4622397673726397,1,s013
0.4620942422167724,1,s013
0.46215678123906745,0,s013
0.46216169380362904,1,s013
0.4624499112166285,1,s013
0.4623573790731881,1,s013
0.46227688510808185,1,s013
0.46218980743081994,1,s013
0.4616023527389961,1,s013
0.46203749980678865,1,s013
0.4620765702089702,1,s013
0.462190026053926,1,s013
0.7616215047353234,1,s013
0.4625343885074218,1,s013
0.46212861353909296,0,s013
0.46206153349733525,1,s013
0.761644777424733,0,s013
0.46290593753328824,1,s013
0.46237456957133793,1,s013
0.46203470583011175,1,s013
0.46233424663875966,1,s013
0.4626046516119835,1,s013
0.9051861678099722,1,s013
0.4620038476969406,1,s013
0.7615244117628575,1,s013
0.4615718208559756,0,s013
0.7614747417251697,1,s013
0.46210286836774483,1,s013
0.46223777322120774,1,s013
0.4621228136572071,1,s013
0.46218839654248844,1,s013
0.46215761583199577,1,s013
0.46222413697354514,1,s013
0.46237731011547556,1,s013
0.4623366415600936,1,s013
0.4620281924228824,1,s013
0.46220517465565014,0,s013
0.4617001482974372,1,s013
0.4622278382310048,1,s013
0.4620851982948344,1,s013
0.46244217588297687,0,s013
0.46187689084422723,1,s013
0.46222356492369365,1,s013
0.46234827029653713,0,s013
0.462347582816818,1,s013
0.4623317494146526,1,s013
0.46256652123293085,1,s013
0.4621958961459274,1,s013
0.46227723975633417,1,s013
0.4621191489241585,1,s013
0.7616841137219763,0,s013
0.0004802519725628507,0,s013
0.7616242182403121,1,s013
0.00013146473812075676,0,s013
0.7616620568101495,1,s013
0.4619772879876054,0,s013
0.46248500627542044,0,s013
0.4618771203414189,0,s013
0.46219002575528734,0,s013
6.746236231403024e-05,0,s013
0.46220438926843244,0,s013
0.4620825808368427,1,s013
0.4622099905085837,0,s013
0.00025436428293046376,0,s013
0.46226110993005953,0,s013
0.4622279148272932,1,s013
0.46218720291946824,1,s013
0.46229936995615795,1,s013
0.4622639662969834,0,s013
0.46198371345557376,1,s013
0.46233788449905355,1,s013
0.46204667306004943,1,s013
0.4618200742655785,0,s013
0.4621009134694556,1,s013
0.7616853151344167,0,s013
0.4621520324831927,1,s013
0.4620831838804267,1,s013
0.4618635187025846,1,s013
0.46223000549509363,0,s013
0.4622713206521585,1,s013
0.46213861027703507,1,s013
0.46214544743389774,1,s013
0.46216247929852083,1,s013
0.46220643591896815,1,s013
0.4619728186038652,1,s013
0.46213343741826285,0,s013
0.7617042622255039,1,s013
0.7617029632781587,1,s013
0.46229313223619783,1,s013
0.46209674498251774,1,s013
0.4615610174529079,0,s013
0.46209320606580384,1,s013
0.462557191197972,1,s013
0.46222476414361413,0,s013
0.905205638404226,1,s013
0.4621719277262277,1,s013
0.4622521871147953,1,s013
0.46233439951354716,0,s013
0.46224323142155677,1,s013
0.4623849680536287,0,s013
0.46230234621260946,0,s013
0.4621535073402361,0,s013
0.46185999310114667,1,s013
0.7615700906893987,1,s013
0.4622205368432475,1,s013
0.46230192009704507,0,s013
0.00017694482933894307,0,s013
4.703466710953563e-05,0,s013
0.462206426738214,1,s013
0.4620211626479438,1,s013
0.46235237206604207,1,s013
0.4621080661760717,1,s013
0.46240995290203535,1,s013
0.761600965791658,1,s013
0.46244854340637875,1,s013
0.4621840610786181,1,s013
0.761637453742317,1,s013
0.46213036862241585,1,s013
0.4621445509738078,1,s013
0.4622430312172139,1,s013
0.46220296081478884,0,s013
0.4620669515303548,1,s013
0.46226984266972493,1,s013
0.4621684476851031,1,s013
0.46206229634437346,0,s013
0.46233619638442747,0,s013
0.46209779912996685,0,s013
0.46215953290247724,0,s013
0.46204171405513517,1,s013
0.4621535377073094,1,s013
0.46214404116531926,0,s013
0.4621081874615516,0,s013
0.46230507893442185,1,s013
0.4621600181357757,1,s013
0.4623289341408432,1,s013
0.46211154647336383,0,s013
0.4625747153037967,1,s013
0.4620793886491843,0,s013
0.46215286810124256,0,s013
0.4622943488312541,1,s013
0.462113442251032,0,s013
0.46199759062523116,0,s013
0.7616164798027325,1,s013
0.4622433053237964,1,s013
0.46250073393948443,1,s013
0.46252700467176955,0,s013
0.4621622988648484,1,s013
0.462568356044593,0,s013
0.462496562088879,1,s013
0.0003285306590081749,0,s013
0.4622311489812987,0,s013
0.4621354933027506,1,s013
0.7616528555551769,1,s013
0.4620398348463737,1,s013
0.46252726812374845,0,s013
0.4622825201254861,0,s013
0.7616640820565155,0,s013
0.462440130940617,0,s013
0.461987888532972,0,s013
0.46223817812289947,0,s013
0.7620482507019639,0,s013
0.46206703976534236,0,s013
0.4623609125707058,0,s013
0.4626235549380482,0,s013
0.4623112469642814,0,s013
0.4621976119022624,0,s013
0.4623578551929399,0,s013
0.461880377672784,1,s013
0.46219673663040695,1,s013
0.46243158572515086,0,s013
0.46225871643120686,0,s013
0.46231430274358254,0,s013
0.7617450878753242,0,s013
0.46236308117028857,0,s013
0.46242369751761125,1,s013
0.4619873173284579,0,s013
0.46192407520125656,1,s013
0.462311919435481,0,s013
0.4622630525704692,0,s013
0.00017851354975650935,0,s015
0.4624058907228319,0,s015
0.4622763010445987,0,s015
0.7617255051120766,0,s015
0.7616315932753344,1,s015
0.4625015866204101,1,s015
0.4631940756254067,1,s015
0.46217819856725817,1,s015
0.7616304492046773,0,s015
0.4622183461811795,0,s015
0.4627090219421919,1,s015
0.4623257788682289,1,s015
0.4622139286743625,1,s015
0.4625180998375864,0,s015
0.7616145361022688,1,s015
0.46221030240484895,1,s015
0.462241756795855,0,s015
0.4620875581122157,1,s015
0.46205744489403244,0,s015
0.4618849462630594,0,s015
0.46239465359644116,1,s015
0.7616260596324012,0,s015
0.46190016578408044,1,s015
0.46218051747115685,1,s015
0.7618061750871148,0,s015
0.4631280442347854,0,s015
0.4620034503087209,1,s015
0.761792111158333,0,s015
0.46196829517609306,0,s015
0.4622164397262345,0,s015
0.46201317834190236,0,s015
0.00010411723893022362,1,s015
0.46216888709385984,0,s015
0.46263887398441605,0,s015
0.46290128959673127,0,s015
0.46214724332541546,1,s015
0.7613535224207408,1,s015
0.4619530757968786,1,s015
0.46193861046015083,0,s015
0.46234074218042287,0,s015
0.462110731259082,0,s015
0.4623864865359453,1,s015
0.7616932648184536,1,s015
0.4623719209141657,0,s015
0.000248428199187245,0,s015
0.7617871803368124,0,s015
0.7614007410959613,1,s015
0.7617310421016128,1,s015
0.46214118122809067,1,s015
0.4623684654316782,1,s015
0.46223175513526593,0,s015
0.4619676156334973,1,s015
0.4622910286039985,0,s015
0.4613833718703033,0,s015
0.462258836530814,1,s015
0.4623517488151767,1,s015
0.4622875751407125,1,s015
0.00017720546716737395,0,s015
0.46232112918534285,0,s015
0.46212798158569734,1,s015
0.46211040312682616,0,s015
0.46207869691821557,0,s015
0.7616809925950709,0,s015
0.4623110082572417,1,s015
0.4623424085539216,1,s015
0.4635001913768404,1,s015
0.4622891297578666,1,s015
0.7617444558354094,1,s015
0.7616613840683886,1,s015
0.4619893064861669,0,s015
0.7617177935071322,1,s015
0.46230769518853054,1,s015
0.4621151178379508,1,s015
0.4622418340825525,0,s015
0.46215330556593304,1,s015
0.4620593702879616,0,s015
0.4622241045681723,0,s015
0.46218053223418387,0,s015
4.665500450129478e-05,0,s015
0.46228203119785705,0,s015
0.0005641217597915915,0,s015
0.4617326198464864,1,s015
0.46226798045470563,1,s015
3.499464809997299e-05,0,s015
0.46220351574288543,0,s015
0.7618274106660416,0,s015
0.46217940057369455,1,s015
0.4626134279752301,0,s015
0.7616508778627389,0,s015
0.4621213443082879,0,s015
0.4623372577538647,0,s015
0.46238702986784097,0,s015
0.4626451657570023,0,s015
0.462096102031613,0,s015
0.9640370514780658,1,s015
0.46231386986710277,1,s015
0.4625205185180603,1,s015
0.4623126749136348,0,s015
0.4614672034542686,0,s015
0.4622974717335715,1,s015
0.46220103301821625,0,s015
0.46236341343145915,1,s015
0.462190794380408,1,s015
0.46213720599058394,0,s015
0.4621694551235762,1,s015
0.4619844639576689,0,s015
0.462307425393369,1,s015
0.4623081726109648,1,s015
0.4620606913902745,1,s015
0.46231243428176616,1,s015
0.46216280849681546,1,s015
0.4622265087579396,1,s015
0.46222851433405876,0,s015
0.4621225677022458,0,s015
0.761696615819974,0,s015
0.4621817113749982,1,s015
0.4620132167567219,0,s015
0.462237636557137,0,s015
0.46200963526245564,1,s015
0.46217721110421106,1,s015
0.4621598076381348,0,s015
0.4615242717771375,0,s015
0.7615433777136424,0,s015
0.4622972614751377,0,s015
0.46225240106350896,1,s015
0.9052766497505271,1,s015
0.4621552052495841,1,s015
0.46254744329218034,0,s015
8.805512767628976e-05,1,s015
0.46230825225356353,1,s015
0.4623036869011523,0,s015
0.7616657125732604,0,s015
0.46215192429574437,0,s015
0.46236952779997553,0,s015
0.46192008041607147,0,s015
0.7616343256890665,1,s015
0.4621405056428274,1,s015
0.7618059006561824,1,s015
0.761661033620711,0,s015
0.46194490247251396,1,s015
0.46205964886125495,0,s015
0.4623504682909165,0,s015
0.00026392258539398306,0,s015
0.4624538088789776,1,s015
0.46229741486870823,1,s015
0.00017377288086217746,1,s015
0.4622035956211197,0,s015
0.46224453547057265,1,s015
0.46213595992648626,1,s015
0.46224776150756575,1,s015
0.46224342040545885,1,s015
0.46227192713556997,1,s015
0.7617131019416878,1,s015
0.46204700469605187,1,s015
0.46214607580108225,0,s015
0.46286642968377745,0,s015
0.7615486580112294,1,s015
0.4623704428334048,1,s015
0.4621805017923195,0,s015
0.7614038110579497,1,s015
0.4615942863401239,0,s015
4.589069643734511e-05,1,s015
0.4622805728672723,1,s015
0.4621078489293311,0,s015
0.4621321106484544,0,s015
0.46247425313011714,1,s015
0.7617614312542065,1,s015
0.46218744119068167,1,s015
0.7617258577187034,1,s015
0.7611086591558858,1,s015
0.4621603053230523,1,s015
0.7617141047262639,1,s015
0.46225892554292525,1,s015
0.46219909960576744,0,s015
0.7617297581907403,1,s015
9.357196265158407e-05,0,s015
0.46211506545331194,0,s015
0.46257455886972076,1,s015
0.4620164154037081,0,s015
0.4622907933704681,1,s015
0.462283955949393,1,s015
0.0001952806635803217,0,s015
0.4629449117007107,0,s015
0.46211741292320485,1,s015
0.46223088212406416,1,s015
0.4625575542300602,0,s015
0.4621915962969212,1,s015
0.7616579585564283,1,s015
0.46227884959206245,1,s015
0.4620343617638958,0,s015
0.4623445185207984,0,s015
0.461914453350591,0,s015
0.4621745348978208,0,s015
0.7617040230203116,1,s015
0.4633529819754798,1,s015
0.4623339393569621,1,s015
0.00015100675055612633,1,s015
0.46198367206575486,1,s015
0.46201291519649024,1,s015
0.4625332899412171,0,s015
0.7616315222943639,1,s015
0.4619563283831887,0,s015
0.46235864711693364,1,s015
0.46217673237479273,1,s015
0.4623309298538443,1,s015
0.4621633743788367,0,s015
0.4623551531856258,1,s015
0.46235746115804033,1,s015
0.46222081096044554,1,s015
0.462296666487519,1,s015
0.46219334043014193,1,s015
0.46210245050874965,1,s015
0.7616724884064485,0,s015
0.4621971443860371,1,s015
0.0021231378419757085,1,s015
0.7617665699947935,1,s015
0.46218991431577106,0,s015
0.46221348511631466,0,s015
0.4622516332833553,0,s015
0.4621817257741747,1,s015
0.9053685336340314,1,s015
0.4621147520409059,1,s015
0.46194556637206063,0,s015
0.00010492513053117491,1,s015
0.4625235798955756,1,s015
0.4624885325321537,1,s015
0.00010309167516520112,0,s015
0.4624170018694973,1,s015
0.4621919593871666,1,s015
0.7616068993745997,1,s015
0.4622649796720757,0,s015
0.4622501037806317,0,s015
0.4619966213589022,1,s015
0.4622413434054986,1,s015
0.4621590707573835,1,s015
0.46256039979753716,0,s015
0.46219184446814965,0,s015
0.7616214298783062,1,s015
0.4624550308046027,0,s015
0.4621736683912929,1,s015
0.4622601587413404,1,s015
0.46230489897474025,1,s015
0.4623549165028902,1,s015
0.46240777917376974,1,s015
0.7616680501306876,1,s015
0.4621697416847641,1,s015
0.4622371179367166,1,s015
0.462043733776889,1,s015
0.4630463863732108,1,s015
0.4626941433660672,1,s015
0.7616084090811435,1,s015
0.46196849414477503,1,s015
0.46237562595781756,1,s015
0.46208214863318653,1,s015
0.4623373256208825,1,s015
0.4623972999481798,1,s015
0.4622052814700508,1,s015
0.9052389420521068,1,s015
0.4624542725816263,1,s015
0.4623039267674287,1,s015
0.4623962212744468,1,s015
0.46209100962054506,1,s015
0.4621460955550347,1,s015
0.4622056448961118,1,s015
0.46198086893518875,1,s015
0.7617138240132464,1,s015
0.4621583175625745,1,s015
0.761885275883887,1,s015
0.4622989645210489,1,s015
0.46225361091660444,1,s015
0.46228174584861326,1,s015
0.46259470055872387,1,s015
0.7617314901894052,1,s015
0.46219586508518784,0,s015
0.4621292358765099,1,s015
0.46222925553583827,1,s015
0.4623424661776998,1,s015
0.4624372701935213,1,s015
4.8797448699122725e-05,0,s015
0.46225312364689586,0,s015
0.462746449244944,1,s015
0.9052778820009812,1,s015
0.4624884254811408,1,s015
0.462246198056385,1,s015
0.462549478793008,1,s015
0.4622389075961124,0,s015
0.9052591945124817,1,s015
0.7615448179662783,1,s015
0.46173050945849337,0,s015
0.46238515853985507,0,s015
0.462181910112464,0,s015
0.46212852294308093,0,s015
0.46219955361888543,1,s015
0.4621407849993169,1,s015
0.7621976500179108,0,s015
0.7616229572707922,0,s015
0.46213346695753454,0,s015
0.7615251006858377,0,s015
0.4622142190001286,0,s015
0.761673571141138,1,s015
0.4621999325497521,1,s015
0.4622425027481978,1,s015
0.4620799200449346,0,s015
0.4622904148170086,0,s015
0.4621641851152629,1,s015
0.4620400150234685,1,s015
0.7617222714467602,1,s015
0.46200589090090305,0,s015
0.46226742706308044,0,s015
0.4621011721815793,0,s015
0.0003384657832867788,1,s015
0.46208793102779344,1,s015
0.462286622018377,1,s015
0.46237210262453465,1,s015
0.46214073294266944,1,s015
0.46198414456702563,0,s015
0.4620868737341399,1,s015
0.46224908559344624,0,s015
0.4621705613966802,1,s015
0.46228984927947825,0,s015
0.761824950190563,1,s015
0.462104945551264,0,s015
0.46222189617046516,1,s015
5.924184178418557e-05,0,s015
0.7617317074418943,1,s015
0.4620381891768961,0,s015
0.46219098440309136,0,s015
0.4622350837865439,1,s015
0.4619604804587232,0,s015
0.46212608697491775,1,s015
0.46236609856508015,1,s015
0.4617476898313284,0,s015
0.46252192129660274,1,s015
0.4623899121567463,1,s015
0.46237661446955003,1,s015
0.46205903452478236,0,s015
0.7616141655054474,1,s015
0.46218968227444246,0,s015
0.7616385961748844,1,s015
0.7616352100759363,1,s015
0.46231459626124005,1,s015
0.4622156393348744,1,s015
0.46222938318304085,1,s015
5.758437439618014e-05,0,s015
0.4620601364575818,0,s015
0.4623870319372849,1,s015
0.7616454956947081,1,s015
0.4624703741994294,1,s015
0.4627305216284776,1,s015
0.46218130027419124,1,s015
0.46215668373296626,1,s015
0.4622428331749169,1,s015
0.46221906053370154,0,s015
0.462216899195967,1,s015
0.4621688033192233,0,s015
0.4622066328335521,1,s015
0.7614695121901089,0,s015
0.46220689588238106,1,s015
0.4622536707232239,1,s015
0.4622634968779753,1,s015
0.7617006354591196,1,s015
0.46208500910462624,1,s015
2.0005177632675952e-05,0,s015
0.46206658503361986,0,s015
0.4623067139012422,1,s015
0.46218265074303555,1,s015
0.46209428009769415,1,s015
0.4622037100729839,1,s015
0.46247589735759465,1,s015
0.462089160937575,0,s015
0.905193134740713,1,s015
0.46218064395931147,1,s015
0.4622853340871369,1,s015
0.4621677357015719,0,s015
0.4621277558823458,0,s015
0.4622143479267131,0,s015
0.4621101464252997,0,s015
0.4620380091367986,0,s015
0.46202884609870765,1,s015
0.00011229048575311928,0,s015
0.46230548740810296,1,s015
0.4622914998603824,1,s015
0.4621838121744444,0,s015
0.0002862356664532495,0,s015
0.4620877491685922,1,s015
0.46214829910567445,1,s015
0.4621314068753162,1,s015
0.4620336454204139,1,s015
0.4622787090827334,1,s015
0.46220776080777926,0,s015
0.4617263877638764,0,s015
0.4621686971817722,1,s015
0.462370043281048,1,s015
0.46215760939886374,0,s015
0.46227194701069396,1,s015
0.46192925340944124,0,s015
0.46217662207273835,1,s015
0.46241401988118835,1,s015
0.46259767820968767,1,s015
0.7616679982096124,1,s015
0.7618823289453769,1,s016
0.7620390063541549,1,s016
0.7619217517176582,1,s016
0.4623014497406479,1,s016
0.7626313632382204,1,s016
0.46261596050749887,1,s016
0.7619509703246494,1,s016
0.46245923617694906,1,s016
0.4627468198374729,1,s016
0.4645340260120596,1,s016
0.4624577282895168,1,s016
0.7620186545607068,1,s016
0.46205431830615806,1,s016
0.46262588399581417,1,s016
0.462927942209719,1,s016
0.4626269794509863,1,s016
0.4629894119865601,1,s016
0.7624342592881095,1,s016
0.7622695342830041,1,s016
0.7618091433726804,1,s016
0.4625978401620152,1,s016
0.905648060733566,1,s016
0.4626979819807613,1,s016
0.46322748621627596,1,s016
0.7626338299675546,1,s016
0.7616712401486634,1,s016
0.46185127489789446,1,s016
0.4634904236228681,1,s016
0.46267562103658655,0,s016
0.4617104113053949,1,s016
0.46161019362436173,1,s016
0.7620737748142214,1,s016
0.9641417562310559,1,s016
0.4623221328838161,1,s016
0.9055674924103383,1,s016
0.9866685457306203,1,s016
0.46293505211935937,1,s016
0.905320468871732,1,s016
0.4623600473103897,1,s016
0.7616933336424914,1,s016
0.46309218386333395,1,s016
0.46245645577124517,1,s016
0.7629402031177643,1,s016
0.7617026596039127,1,s016
0.4629404725121473,1,s016
0.46224465256487757,1,s016
0.9056493537264827,1,s016
0.7615300838207513,1,s016
0.4625325953306276,1,s016
0.4619934026401935,0,s016
0.964116172875841,1,s016
0.761770105463669,1,s016
0.9054151567858797,1,s016
0.9053163455626911,1,s016
0.46115489963566203,0,s016
0.4623997720093356,1,s016
0.4623499147092429,1,s016
0.46269006502696564,1,s016
0.7622426477722075,1,s016
0.761971751479982,1,s016
0.7627653920888748,1,s016
0.4641707928697061,1,s016
0.46284018571339924,1,s016
0.9054627779979658,1,s016
0.761850371392605,1,s016
0.9052100110302086,1,s016
0.7620430994776068,1,s016
0.7618321685042859,1,s016
0.46268119152502374,1,s016
0.4630425318299001,1,s016
0.9053170850364523,1,s016
0.7618367042313723,1,s016
0.46296646824517196,1,s016
0.4623727804927651,1,s016
0.46232614854181575,1,s016
0.7618810426806681,1,s016
0.7619658852257007,1,s016
0.4627013804487561,1,s016
0.9052175727026204,1,s016
0.46272652518154755,1,s016
0.46293196928839153,1,s016
0.4630021762523069,1,s016
0.4632762013165994,1,s016
0.762096629178975,1,s016
0.46288543252412806,1,s016
0.76265411497963,1,s016
0.4626874108676069,1,s016
0.46303224742847937,1,s016
0.4624971777237985,1,s016
0.4629394692688953,1,s016
0.46405421149611814,1,s016
0.4626557337274608,1,s016
0.7618702409154001,1,s016
0.9055578426082229,1,s016
0.7619525787643668,1,s016
0.7621322892527331,1,s016
0.4623729104911687,1,s016
0.46256121746472423,1,s016
0.46231104532932954,1,s016
0.7619496806947499,1,s016
0.4627748610357847,1,s016
0.9052534226616318,1,s016
0.9055160513505338,1,s016
0.46255371039119697,1,s016
0.4624253669633438,1,s016
0.7616629946752296,1,s016
0.7618816135117032,1,s016
0.7628942321041863,1,s016
0.7618060032719389,1,s016
0.46338702899037854,1,s016
0.46217127229722066,1,s016
0.4630988206258271,1,s016
0.762539694132041,1,s016
0.4628451380016352,1,s016
0.9641256178443167,1,s016
0.9053009021740075,1,s016
0.46235756480231616,1,s016
0.46212388959216244,1,s016
0.7616502150593298,1,s016
0.46268265500429506,1,s016
0.4625173447564703,1,s016
0.4624723559143473,1,s016
0.7623311603611174,1,s016
0.7622340045676543,1,s016
0.4631717467826295,1,s016
0.4640950674072746,1,s016
0.4624275668231752,1,s016
0.9055855832980997,1,s016
0.9055257541257731,1,s016
0.762141615062544,1,s016
0.46212636182504596,0,s016
0.4624726095195901,1,s016
0.46390416051495675,1,s016
0.4620808444307263,1,s016
0.9641252856856213,1,s016
0.46251932415252783,1,s016
0.7617232001211001,1,s016
0.46175701292177673,1,s016
0.462282694048908,1,s016
0.7622775234854808,1,s016
0.4626002315791047,1,s016
0.4621095331738334,1,s016
0.9640690440588251,1,s016
0.46249722369666846,1,s016
0.7617502766447901,1,s016
0.4625819810102374,1,s016
0.46257461604842054,1,s016
0.46327974463773547,1,s016
0.46386748667135014,1,s016
0.9057108544869128,1,s016
0.9050285907671589,1,s016
0.46288438496858597,1,s016
0.46219081198467515,1,s016
0.46229916509042446,1,s016
0.7618063848070009,1,s016
0.4623845931647361,1,s016
0.462736654304003,1,s016
0.7615725939418518,1,s016
0.7616903772178956,1,s016
0.46258692872597473,1,s016
0.46215016561685784,0,s016
0.4625454302058325,1,s016
0.46282524716933104,1,s016
0.46271276894611235,1,s016
0.46237074996889804,1,s016
0.4622253478523386,1,s016
0.4629580446760211,1,s016
0.46248573533737214,1,s016
0.4630249518959302,1,s016
0.46245663683003824,1,s016
0.9641960533265284,1,s016
0.9053147251843636,1,s016
0.46226534694780286,1,s016
0.4624435464003305,1,s016
0.462366168869069,1,s016
0.46240246092287474,1,s016
0.46307981430035783,1,s016
0.9641542396915506,1,s016
0.4626118893271267,1,s016
0.7619527341087375,1,s016
0.7620180910813807,1,s016
0.4622983019713891,1,s016
0.46233013415379043,1,s016
0.4624410665915806,1,s016
0.4625584471088753,1,s016
0.4625771411608812,1,s016
0.46268268985338623,1,s016
0.762033975366333,1,s016
0.4623754361609673,0,s016
0.7620040469564553,1,s016
0.46282877827616953,1,s016
0.46248370979768305,1,s016
0.7619464386724566,1,s016
0.4623374592554468,1,s016
0.462324485317158,1,s016
0.46260760619072916,1,s016
0.4631183432326236,1,s016
0.9054696182129309,1,s016
0.46234464553683186,1,s016
0.7616963850418523,1,s016
0.7619747920403526,1,s016
0.46242817711688855,1,s016
0.762377671417622,1,s016
0.4614533540360386,1,s016
0.46219678181375023,1,s016
0.46254142450741953,1,s016
0.9052918261407696,1,s016
0.4625026491914779,1,s016
0.4625337850666409,1,s016
0.7619163868537286,1,s016
0.4627550294671561,1,s016
0.4621915366210836,1,s016
0.7618097040255201,1,s016
0.7619420135743782,1,s016
0.46295259226570096,1,s016
0.7619115705936153,1,s016
0.7618490827411106,1,s016
0.4626445653114448,1,s016
0.4624798196826734,1,s016
0.7618144084430367,1,s016
0.7617986247532167,1,s016
0.46248767866853924,1,s016
0.9052324684630111,1,s016
0.4624576458166332,1,s016
0.7616650003433685,1,s016
0.4625966359904907,1,s016
0.4626671213600675,1,s016
0.4622885028947181,1,s016
0.7614444844539028,1,s016
0.4625072598165092,1,s016
0.46243488492092943,1,s016
0.4623734092592755,1,s016
0.7621407784101908,1,s016
0.461994801675792,1,s016
0.7618555008351973,1,s016
0.4623138697588931,1,s016
0.4623550902834266,1,s016
0.4626014636433611,1,s016
0.4623968671421781,0,s016
0.46191055847759976,1,s016
0.4622221556498096,1,s016
0.4622135432377781,1,s016
0.7617501360056806,1,s016
0.4625287867054684,1,s016
0.7618029085781606,1,s016
0.4625225036977605,1,s016
0.7627976428181067,1,s016
0.46235497693985894,1,s016
0.46265485112129645,1,s016
0.4624558148142741,1,s016
0.4622836110637272,1,s016
0.462404782413425,1,s016
0.7619690641480974,1,s016
0.4639227843920868,1,s016
0.4629838677068112,1,s016
0.46289394353518265,1,s016
0.7618637681294775,1,s016
0.4625441852808634,1,s016
0.46219839907036775,1,s016
0.00019790667765473557,0,s016
0.46226540189797194,1,s016
0.7616851623672238,1,s016
0.4621685556226829,1,s016
0.46244645594510647,1,s016
0.4622867183634001,1,s016
0.46211021842569644,1,s016
0.4621297910964519,0,s016
0.7615911933116695,1,s016
0.7614635734823212,0,s016
0.7616564875116401,0,s016
0.7622819654586674,0,s016
0.7617261942414952,1,s016
0.4619425493558791,1,s016
0.4620275585387106,0,s016
0.4623659198702219,1,s016
0.761733339152153,1,s016
0.46181798810472197,1,s016
0.46233801090265025,1,s016
0.4623121997852411,1,s016
0.761646200871356,1,s016
0.7616165814039464,1,s016
0.4622294534925979,1,s016
0.46227888963450114,1,s016
0.46194371744732843,1,s016
0.4620448479094643,1,s016
0.4620782086393971,1,s016
0.46212048251749294,1,s016
0.46262293489790984,1,s016
0.4624299365867801,1,s016
0.4623536472875478,1,s016
0.4625405769376283,0,s016
0.4619019081985525,1,s016
0.46157065898598426,1,s016
0.7618247821229127,1,s016
0.46240644523628305,1,s016
0.46198813069961275,1,s016
0.46214896147275275,1,s016
0.46224729458583846,1,s016
0.4618272272974464,1,s016
0.4618871890738463,1,s016
0.46228140047513855,1,s016
0.4622338694290318,0,s016
0.0001448513993260736,0,s016
0.46203545886439423,0,s016
0.46242815306318863,1,s016
0.46217014634210796,1,s016
0.4624483266528605,0,s016
0.4620032006689987,0,s016
0.46229355928977367,0,s016
0.46226956579081224,0,s016
0.00015544763887320734,0,s016
0.4616650165107543,0,s016
0.4619365654648715,1,s016
0.4622271978188772,1,s016
0.761314697179736,1,s016
0.46214624909698165,0,s016
0.7612934927422619,1,s016
0.46230053249432634,0,s016
0.46202571106350865,0,s016
0.4619893210942425,0,s016
0.46166563412413875,0,s016
0.4616753244497398,1,s016
0.4624747590237259,1,s016
0.4613897438819381,1,s016
0.46164258665008195,1,s016
0.46228477648767274,0,s016
0.46189427030631136,1,s016
0.4621029455143677,1,s016
0.4622284396773717,0,s016
0.46183787854130864,1,s016
0.4620416242522629,0,s016
0.4621701306870789,1,s016
0.00012258746803839315,0,s016
1.0236482352876664e-05,0,s016
0.46164421009326184,1,s016
0.4621000554560011,0,s016
0.46127309051552556,1,s016
0.7611349299978916,1,s016
0.46208742321081453,0,s016
0.7616838469687022,0,s016
0.46135548634344237,1,s016
0.4623750571954204,0,s016
0.4610595353524951,1,s016
0.4620675184280807,1,s016
0.0006008467188283184,0,s016
0.4618486147650427,0,s016
0.46245949503998585,0,s016
0.4620658265500248,0,s016
0.4623802921533158,0,s016
0.46176411860719635,1,s016
0.4620628583471067,1,s016
0.46217191227214527,1,s016
0.4622248307498673,1,s016
0.46209568531691336,0,s016
0.46202873064747996,0,s016
0.46198268845573276,0,s016
0.46172871007976046,1,s016
0.7618626115030587,1,s016
0.4626336903074677,0,s016
0.7621734052549773,0,s016
0.7615920100193285,0,s016
0.46227823556252545,0,s016
0.4620443097570046,1,s016
0.761488563090253,1,s016
0.46202007249964794,1,s016
0.46212664323199926,0,s016
0.461745757616,1,s016
0.46183273687636284,1,s016
0.7617364643125033,0,s016
0.7617258960536029,0,s016
5.696035642333008e-05,0,s016
0.4622473707693864,0,s016
0.4615347257993734,0,s016
0.4622417595594075,0,s016
0.7616731788874893,0,s016
0.46206764595418304,1,s016
0.46226817077923155,0,s016
0.46202591118075675,1,s016
0.4622007315174288,0,s016
0.46226962827935436,0,s016
0.4620764818677756,0,s016
0.4617400384896624,1,s016
0.4621876754733183,0,s016
0.0006097495418684318,0,s016
0.46130596315966077,1,s016
0.46202637859291307,1,s016
0.4622636734157326,0,s016
0.4624792811539151,1,s016
0.4623410497110043,0,s016
0.4620287042556286,0,s016
0.46220965024033056,1,s016
0.4624729403847192,0,s016
0.7615913707309825,1,s016
0.7616373803348422,1,s016
0.4619369869408858,1,s016
0.4625668382847039,1,s016
0.46224844999923054,1,s016
0.4627322001277361,0,s016
0.46234436869862816,0,s016
0.46217154025697704,1,s016
0.46208884690642704,0,s017
0.0007357198055037983,0,s017
0.462430416330756,1,s017
0.4621552119266892,1,s017
0.46209791304971626,0,s017
0.4621816982310616,0,s017
0.4624070395185751,1,s017
0.4624771930945344,1,s017
0.4625604322108232,1,s017
0.46285019092403656,1,s017
0.46230807410819996,1,s017
0.4621635344065853,1,s017
0.4620680037571172,0,s017
0.46238034533731387,0,s017
0.461981463314608,1,s017
0.46192920507967905,1,s017
0.46198749517191673,1,s017
0.46228517886905474,0,s017
0.46195362837050324,1,s017
0.4619243701723472,1,s017
0.4623107415973542,0,s017
0.462115782590961,1,s017
0.4623529305893459,1,s017
0.46219722254210827,1,s017
0.46283808268269166,1,s017
0.4621881560608385,1,s017
0.46204290402593107,0,s017
0.4623748189832626,1,s017
0.46231938651842164,1,s017
0.4620513919331861,0,s017
0.46249965761720446,1,s017
0.4623600068168674,1,s017
0.46213559453268815,0,s017
0.46218055155732385,1,s017
0.4621896982237137,0,s017
0.462261051800418,1,s017
0.7616704123734899,1,s017
0.46276424548946027,1,s017
0.46207908448936497,0,s017
0.761650891465711,1,s017
0.4622713007297705,1,s017
0.46210806254067016,0,s017
0.4621007422777852,1,s017
0.4623652778137648,1,s017
0.46228437665986144,1,s017
0.4626134294473798,1,s017
0.46236358647003484,1,s017
0.46200422796222873,1,s017
0.4624936944154432,1,s017
0.46233946022527483,1,s017
0.4615717069249168,0,s017
0.46233514346222027,1,s017
0.46209975589214447,1,s017
0.4622999978732689,1,s017
0.46211057419785107,0,s017
0.46218929751486426,1,s017
0.4621998072175393,1,s017
0.46214451949094415,1,s017
0.4622361521469207,1,s017
0.46214676159622137,1,s017
0.4621864080183944,1,s017
0.4622088187096536,0,s017
0.4624909731858817,1,s017
0.4625067253137012,1,s017
0.4626770036408756,1,s017
0.4623469737216028,1,s017
0.4625553815658512,1,s017
0.46247218356315023,1,s017
0.4622547566282642,1,s017
0.4622103482229194,1,s017
0.46215379097579823,1,s017
0.761639539029318,1,s017
0.7618030759978254,1,s017
0.7617601122834468,1,s017
0.46224328425276573,1,s017
0.46213596920248445,1,s017
0.46225986147677744,1,s017
0.46209680554575483,1,s017
0.4623866520912301,1,s017
0.4626612292857868,1,s017
0.7616242100992712,1,s017
0.4623257660929847,1,s017
0.46245528593114527,1,s017
0.4617487010932242,1,s017
0.4619603413389761,1,s017
0.46199527503745297,1,s017
0.4621333899338169,1,s017
0.4620821106242923,1,s017
0.4622907324519241,1,s017
0.46207606402586654,0,s017
0.46104766844624967,1,s017
0.7612248254104739,1,s017
0.461610277087118,1,s017
0.46116737694749244,1,s017
0.4619235647589801,1,s017
0.46167349653758505,1,s017
0.46176395923422797,1,s017
0.4623974290657886,1,s017
0.4622391753387598,1,s017
0.4616401011421476,1,s017
0.46217928712921563,0,s017
0.4623668308523754,1,s017
0.4623286762226435,1,s017
0.46218577648796,1,s017
0.46253504487236863,1,s017
0.4622236836856888,1,s017
0.46206876830388866,1,s017
0.46222524524371367,1,s017
0.46241699999048347,1,s017
0.46228883284322886,1,s017
0.4624023993858668,1,s017
0.4619114225862857,1,s017
0.462097447940244,1,s017
0.46239397266950477,1,s017
0.7616852104213785,1,s017
0.4624001298305418,1,s017
0.46196927606036775,1,s017
0.46251193731902407,0,s017
0.4620678018634319,0,s017
0.46281294420503305,1,s017
0.46210032941703183,0,s017
0.46196314275925654,0,s017
0.46212777976790975,1,s017
0.761699632819338,1,s017
0.46242776049169243,1,s017
0.46231669079192605,1,s017
0.46226511852048713,1,s017
0.46211852140388254,1,s017
0.46216017779446905,1,s017
0.4621420510189682,1,s017
0.4617098527356782,1,s017
0.46224843275330585,0,s017
0.4622467583107728,1,s017
0.462145942538573,1,s017
0.4620146262227627,0,s017
0.46185995336589825,1,s017
0.4626105775516891,1,s017
0.4628837398393033,1,s017
0.9051807917593113,1,s017
0.4621704112762435,1,s017
0.4623232068181782,0,s017
0.4620592094518299,1,s017
0.46189723499430224,1,s017
0.4616756866204197,1,s017
0.46199784350195583,1,s017
0.46209713382650675,1,s017
0.4621003738147065,1,s017
0.4622865435121939,1,s017
0.4622672742273044,1,s017
0.4620602035208967,1,s017
0.46238280308155555,1,s017
0.4625855856680934,1,s017
0.4623852370482042,1,s017
0.4625074950830388,1,s017
0.46241365877719676,1,s017
0.46226272972424787,1,s017
0.4624889162765309,1,s017
0.4630237923826228,1,s017
0.4622615072273777,1,s017
0.46230258509558797,1,s017
0.4622831194995196,1,s017
0.4616843524238041,1,s017
0.46213686366752604,0,s017
0.4620926095451363,1,s017
0.46216445952448004,1,s017
0.4621966795144885,1,s017
0.4618844888997171,1,s017
0.4623164422170227,1,s017
0.4621049872356535,1,s017
0.7615790234933697,1,s017
0.46208221352144996,1,s017
0.46206060788293657,1,s017
0.4619537455340834,1,s017
0.46204127752391777,1,s017
0.4624747119891486,1,s017
0.46207904724181215,1,s017
0.4622115552821082,1,s017
0.7614226209367649,1,s017
0.4621334308615834,1,s017
0.4622911031340393,1,s017
0.46194712439826313,1,s017
0.46218908914368106,1,s017
0.46234959058025726,1,s017
0.46196897811151993,1,s017
0.4619701745410605,1,s017
0.4619698590574224,1,s017
0.4616683647359512,1,s017
0.4619705046406959,1,s017
0.46214746048940847,1,s017
0.7615199881732408,1,s017
0.4621257629090856,1,s017
0.4621030590768125,1,s017
0.4622381941420408,0,s017
0.46216266837184206,1,s017
0.4627616509015391,0,s017
0.4620458599016495,1,s017
0.46195457043052635,1,s017
0.4621595641997631,1,s017
0.4622829098964214,1,s017
0.4619931951507401,1,s017
0.46199712888154587,1,s017
0.4620442294813123,0,s017
0.4624992563044723,1,s017
0.4622161563954794,1,s017
0.4622240049425006,1,s017
0.4621749436109086,1,s017
0.4619265577236651,1,s017
0.46194789746492404,1,s017
0.46221626015635,1,s017
0.46167801204972747,1,s017
0.46183676556385467,1,s017
0.4617372298645135,1,s017
0.46175952077863536,1,s017
0.4619365492908749,1,s017
0.00030409266951503255,1,s017
0.46200813665862017,0,s017
0.4617627262420241,1,s017
0.4616986056914354,1,s017
0.462954182016446,0,s017
0.46181395485588017,1,s017
0.46198067333407966,1,s017
0.46177810686006904,1,s017
0.4616513160647655,0,s017
0.4620468029100018,1,s017
0.4618283075287224,1,s017
0.46335598607707174,0,s017
0.4624334834220172,0,s017
0.4615880784627153,1,s017
0.4616521286449631,1,s017
0.46213507399346443,1,s017
0.46190649378220994,1,s017
0.46173915229224916,1,s017
0.7614818388026781,0,s017
0.4622061346984798,1,s017
0.46266340329936795,1,s017
0.46160709629571506,1,s017
0.4618792784827854,1,s017
0.46173632931141917,1,s017
0.46169115078971434,1,s017
0.7613574630149176,1,s017
0.4617479071182953,1,s017
0.4620137231229464,1,s017
0.9052012014375168,1,s017
0.7616114208518621,1,s017
0.46216900537001315,1,s017
0.46162275737335645,1,s017
0.46165995796589177,1,s017
0.4619518403425147,1,s017
0.4623803701295144,1,s017
0.4619688699708331,1,s017
0.4626305932739536,1,s017
0.46210886034825016,1,s017
0.4619612654817771,1,s017
0.46184397207523187,1,s017
0.4618800365907987,1,s017
0.4619277605995251,1,s017
0.7616994281338305,0,s017
0.461933392598058,1,s017
0.4616716234722955,1,s017
0.4618487202882444,1,s017
0.4620044665263725,1,s017
0.462294512211771,0,s017
0.4619439082444392,1,s017
0.4617437503989814,1,s017
0.46223379936459064,0,s017
0.4617055162667434,1,s017
0.4617747533271437,1,s017
0.4613182412385055,1,s017
0.4623394138684198,1,s017
0.46200034044246996,1,s017
0.4620338463066569,1,s017
0.46151741345053066,1,s017
0.4615388814654551,1,s017
0.7619933704810464,1,s017
0.462252162541511,1,s017
0.46226566455206664,1,s017
0.46133614579954996,1,s017
0.4621480526145978,1,s017
0.7618325942193427,0,s017
0.46127828868303467,1,s017
0.4618117682020919,1,s017
0.4625564438235792,0,s017
0.4616912295599078,1,s017
0.461426301573433,1,s017
0.4632124521957881,0,s017
0.4632127472936134,0,s017
0.000679294777498729,0,s017
0.461719898609922,1,s017
0.46157339716400525,1,s017
0.46177990466333685,1,s017
0.46136015264237407,1,s017
0.461772466771474,1,s017
0.46172100913226766,1,s017
0.46131760198420513,1,s017
0.7611407494910698,1,s017
0.4623757483733457,0,s017
0.4617567694884457,1,s017
0.4617084901472923,1,s017
0.4618143286650904,1,s017
0.4618158771711074,1,s017
0.46211612428659676,1,s017
0.462230883249408,1,s017
0.4620933432982508,1,s017
0.46230844475652066,1,s017
0.46183960557864046,1,s017
0.46154566108698014,1,s017
0.462074688037202,1,s017
0.46255506756990616,0,s017
0.4618675782959789,1,s017
0.46200383242663046,1,s017
0.7618439485392619,1,s017
0.761572297356063,1,s017
0.46202250456551264,1,s017
0.46212491295140024,1,s017
0.4622147477071823,1,s017
0.46184318809820124,1,s017
0.7618305395803453,1,s017
0.46230579668365546,1,s017
0.46253565830478216,1,s017
0.462069577780428,1,s017
0.462217939961898,1,s017
0.4620679714340574,1,s017
0.46238663986561,1,s017
0.46222297273910384,1,s017
0.46184460184126075,1,s017
0.4615719373421572,1,s017
0.4619950892570006,1,s017
0.4621367021175822,1,s017
0.4622156304410123,1,s017
0.4622172966162974,1,s017
0.7618247531624696,1,s017
0.4629496510477049,1,s017
0.7618255523299218,1,s017
0.4623321154334281,1,s017
0.4622115265695066,1,s017
0.7614717188310547,1,s017
0.46178657233201603,1,s017
0.4621826697728082,1,s017
0.46178115920131213,1,s017
0.9051831187477044,1,s017
0.7617858170984233,1,s017
0.46214437829871824,1,s017
0.46221965462773973,0,s017
0.4621058394401172,1,s017
0.9051607265295094,1,s017
0.46209779183606936,0,s017
0.7615025900180341,1,s017
0.46186930015815086,1,s017
0.46166963463778377,1,s017
0.4621513196324094,1,s017
0.4621996163330544,1,s017
0.46253843805492134,1,s017
0.4620135638971872,1,s017
0.4619668225368829,1,s017
0.4625778548526498,1,s017
0.4616341035000049,1,s017
0.4616829201433199,1,s017
0.4618675410212816,1,s017
0.46198883606169483,1,s017
0.461202843884011,1,s017
0.46188384404149074,1,s017
0.462078503945643,1,s017
0.4620689665879636,1,s017
0.4619400557960671,1,s017
0.4621860600570171,1,s017
0.46210869328832294,1,s017
0.46203270220711135,1,s017
0.4621365599298619,1,s017
0.4620446324738845,1,s017
0.4619308977499945,1,s017
0.46172013105780896,1,s017
0.4619163495321088,1,s017
0.4625322593657226,1,s017
0.4623395407544646,1,s017
0.4622052363516469,1,s017
0.4617001236242453,1,s017
0.46190821791495473,1,s017
0.46208754856856094,1,s017
0.46175379923668025,1,s017
0.46182597301730954,1,s017
0.4619624142671692,1,s017
0.7611093725217952,0,s017
0.46208331371586153,1,s017
0.7613737663023135,1,s017
0.4618263923605397,1,s017
0.46213644508931795,1,s017
0.461688673046468,1,s017
0.461735708423491,1,s017
0.7616849169532842,1,s017
0.46251547658608505,1,s017
0.46172434382576144,1,s017
0.4620003934616608,1,s017
0.7616695234411408,1,s017
0.4619100696736549,1,s017
0.46228099911535403,1,s017
0.4620830490940233,1,s017
0.46213645090124955,1,s017
0.7614453024985472,1,s017
0.9051212941572326,1,s017
0.46235112433046743,1,s017
0.46120040688073005,1,s018
0.46210699820996015,0,s018
0.46225889218864036,0,s018
0.46228597120007486,0,s018
0.4624652179362345,0,s018
0.7616881437143019,0,s018
7.001607365642037e-05,1,s018
0.46236519225177886,0,s018
0.46216851246760693,0,s018
0.7617393040381781,0,s018
0.7618368069797921,0,s018
0.0003063783106458384,0,s018
0.4611982300264237,0,s018
0.4626422097419447,0,s018
0.4619702654313851,0,s018
0.7616980349469986,1,s018
0.46220066787366343,0,s018
0.7618840907433191,0,s018
0.7617977043885347,0,s018
0.00011472985658866897,0,s018
0.4620641027763732,0,s018
0.7616309932535335,0,s018
0.4616292108357607,0,s018
0.462192420519844,1,s018
0.4623216416120093,0,s018
0.4620331019609818,1,s018
0.7619591571729896,0,s018
0.46203577066746715,1,s018
0.9640250807611432,0,s018
0.46218737099394924,0,s018
0.4623954719356298,0,s018
0.46236170092928885,0,s018
0.46215682563625493,0,s018
0.46200367085572447,0,s018
7.135730668017537e-05,0,s018
0.46207834420117533,1,s018
0.00016015618895637296,0,s018
0.7617019420929327,1,s018
0.7619413102819692,0,s018
0.46188952350663603,1,s018
0.4621381650363432,1,s018
0.4624544590082431,1,s018
0.761600554553177,1,s018
0.46239977304848146,1,s018
5.39632276153057e-05,1,s018
0.4626087488177755,1,s018
0.4621743431617753,0,s018
4.48832335120386e-05,1,s018
0.46223939238288114,0,s018
0.4627538754994578,0,s018
0.4617968793873377,0,s018
0.46226783548963457,0,s018
0.4618436166393993,0,s018
4.986058938305504e-05,0,s018
0.46203131043286794,0,s018
0.4621641986099725,0,s018
0.4616412573269666,0,s018
0.46243298255539766,0,s018
0.4624293733074356,0,s018
0.4627750583783967,0,s018
0.4621629231872737,0,s018
0.7614385036195503,1,s018
0.7614680287285744,1,s018
0.4622779812382063,1,s018
0.462020857336058,1,s018
0.4619601005827707,1,s018
0.4617125751274851,1,s018
0.46225715132348855,0,s018
0.4620228601909444,1,s018
0.4622933968338072,0,s018
0.46211142344014733,1,s018
0.4621269915351758,1,s018
0.46232219206476954,1,s018
0.46226162521303316,0,s018
2.3314885964298426e-05,0,s018
0.46254850887512045,1,s018
0.76188484008839,1,s018
0.46228687043246186,1,s018
0.0003586834467603772,1,s018
0.46233691270737953,0,s018
0.46224056549413195,1,s018
0.4623231451272971,1,s018
0.46232703665880703,1,s018
0.4621885936645491,1,s018
0.7616414976663364,1,s018
0.7617345412282914,1,s018
0.46219680129861507,1,s018
0.761837907254618,0,s018
0.46239890019918817,1,s018
0.4623753308864069,1,s018
0.46275033893769324,1,s018
0.4624644068717374,1,s018
0.46237046963189177,1,s018
0.46253485613347234,1,s018
0.9051141342337763,1,s018
0.7616155358078027,1,s018
0.462203837361401,1,s018
0.46246881783317795,1,s018
0.4625607550191775,1,s018
0.4623742339279677,1,s018
0.4621431762667032,1,s018
0.46142000031046826,1,s018
0.7624192317142324,0,s018
0.00018206375633678107,0,s018
0.4622155594106081,0,s018
0.7615963658965053,0,s018
0.46220016063325287,0,s018
0.46236423746625466,0,s018
0.4619513688751786,1,s018
0.4619272021767782,0,s018
0.46198393601760923,1,s018
0.46227475615652547,1,s018
0.4623444911024168,0,s018
0.4622341084221917,0,s018
0.46207103856776044,0,s018
0.4617350631783965,0,s018
0.4619506699192535,1,s018
0.46251808317988474,1,s018
0.4622725068459106,1,s018
0.4624527362717654,1,s018
0.4622390935336185,1,s018
0.46215097364998114,1,s018
0.46218991602797566,1,s018
0.46233239522146996,1,s018
0.46225753145518,1,s018
0.4621998500213673,0,s018
0.4621396309266228,0,s018
0.46237532290591576,1,s018
0.46213841282672674,0,s018
0.7617621714361453,1,s018
0.46214739371014923,1,s018
0.4624314360882995,1,s018
0.46172231081951254,1,s018
0.4622242066843827,1,s018
0.4623488001653855,1,s018
0.4624158254067383,1,s018
0.4620325627036055,1,s018
0.46223678422956094,1,s018
0.46212752092105847,0,s018
0.46226801665552975,1,s018
0.4623431778006353,1,s018
0.4620905770239365,0,s018
0.4622260614450793,0,s018
0.4622700718333732,0,s018
0.46205148648491856,1,s018
0.46226685177761495,0,s018
0.00014315026312350376,1,s018
0.46231288015283467,1,s018
0.46238303156717353,1,s018
0.00036821962498390093,0,s018
0.46236161343827153,0,s018
0.46200553693776425,0,s018
0.7616606866998343,0,s018
0.4623577840556621,0,s018
0.4623055077846243,0,s018
0.46239839315785014,0,s018
5.735732506306768e-05,0,s018
0.4624329938416514,1,s018
0.4619377697798952,0,s018
0.46208026901236754,1,s018
0.4625903765715105,1,s018
0.46222633277341396,0,s018
0.46207817358958514,0,s018
0.46227146455236445,1,s018
0.4622355488465246,1,s018
0.46226593180260456,0,s018
0.4605333362766937,0,s018
0.46249335932481794,1,s018
0.4621961474633225,0,s018
0.4624032888957146,1,s018
0.46254048225104416,1,s018
0.4620563754890201,1,s018
0.46216423811918705,0,s018
0.9052403032851315,1,s018
0.46274428065535433,0,s018
0.4617495374150431,0,s018
0.46205715734723873,0,s018
0.905146007539452,1,s018
0.7617119709465572,0,s018
0.46265844513669574,0,s018
0.46210447022424894,1,s018
0.46207913405133483,1,s018
0.4624351810879006,0,s018
0.46233183792693544,1,s018
0.46204507239646797,0,s018
0.46225058121535856,1,s018
0.7616792676824273,1,s018
0.7617166671747104,1,s018
0.4623575699622742,0,s018
0.4620465734180572,1,s018
0.4620410115679632,0,s018
0.4620915833518211,1,s018
0.462216283191883,1,s018
0.7618080992701761,0,s018
0.46197538778503144,0,s018
0.46251624391184243,1,s018
0.46185895440735614,1,s018
0.00022852849778298712,0,s018
0.4620935076984467,1,s018
0.4623830170331078,1,s018
0.4619967183036586,1,s018
0.7616109267826954,1,s018
0.46239763773002074,0,s018
0.4623322057991368,0,s018
0.7617205467234478,0,s018
0.4624315894544331,0,s018
0.761613559002581,0,s018
0.46239313161192075,0,s018
0.7616667053608674,1,s018
0.46225488978675333,1,s018
0.4625393207107287,1,s018
0.46251002285621934,1,s018
0.7617167933722981,0,s018
0.4624712942399478,0,s018
0.4625567535820245,1,s018
0.4622593696039412,1,s018
0.46227538586643147,1,s018
0.46223255978638345,1,s018
0.4621724596029846,1,s018
0.4623290138524816,0,s018
0.4622789662090736,1,s018
0.46199340467249295,1,s018
0.7616047554924499,1,s018
0.7616793953776226,1,s018
0.46227025832301893,0,s018
0.46278016595426075,1,s018
0.4622487183002437,1,s018
0.46235356185912924,0,s018
0.46255999277059834,0,s018
0.4623805494895008,1,s018
0.46243483658084616,1,s018
0.7618353489572975,1,s018
0.46246094201118737,1,s018
0.4622862604187761,1,s018
0.7617466530135075,1,s018
0.462191998988569,1,s018
0.761603884747597,0,s018
0.46205678413241946,1,s018
0.0005206495620304619,0,s018
0.46234569043918516,1,s018
0.7616876427333659,1,s018
0.4621513424843837,1,s018
0.4623764497834921,1,s018
0.46215205325301767,1,s018
0.46217250822830613,0,s018
0.46204284837898246,0,s018
0.4620664092848472,0,s018
0.46217819994802145,1,s018
0.461933816586678,0,s018
0.46226505550155395,0,s018
0.4622623282926297,1,s018
0.46218665334204023,0,s018
0.46216536050981016,0,s018
0.462149359220281,1,s018
0.46236976354851866,0,s018
0.4622178892496531,1,s018
0.4620237801286786,1,s018
0.4628287514432814,0,s018
0.46238273880067204,1,s018
0.4623289490192537,1,s018
0.761658073199126,1,s018
0.462003630957301,0,s018
0.4622810941887827,1,s018
0.46234877379583295,1,s018
0.4623376401340211,1,s018
0.46231290244333456,1,s018
0.46196749068428944,0,s018
0.4619589680595615,1,s018
0.00021540811092246592,0,s018
0.761655119365094,0,s018
0.7614984165802705,0,s018
0.4623051336592914,1,s018
0.7617903260342316,1,s018
0.4624870594410013,1,s018
0.7617511071285232,0,s018
0.4621696623482556,1,s018
0.9052020931615163,1,s018
0.7616950442128478,0,s018
0.4621909155650381,0,s018
0.4622392243395246,1,s018
0.46267359075755476,0,s018
0.46220687532139904,0,s018
0.46228048617049544,0,s018
0.0002518886319453628,0,s018
0.7616112943975435,1,s018
0.4622114959856465,1,s018
0.4624065801288457,1,s018
0.4621948705239629,0,s018
0.0006295207249984447,1,s018
0.4622862108007111,1,s018
0.7616905052824077,1,s018
0.4626146896795109,1,s018
0.4624541220429004,1,s018
0.46210766904825773,1,s018
9.209416981104113e-05,0,s018
0.46217552801895256,0,s018
0.4621017213776559,0,s018
0.7619346417611477,1,s018
0.46254191387520827,0,s018
0.4624380362693379,1,s018
0.4621139554295832,1,s018
0.7615386412769483,1,s018
0.46213772713907497,1,s018
0.4623892550345676,1,s018
0.46255722634590346,1,s018
0.46220143728637275,1,s018
0.4624090950744342,0,s018
0.46225367742464774,0,s018
0.9052044572427875,0,s018
0.46224392006936044,1,s018
0.46230130350870335,0,s018
0.46217071018245237,1,s018
0.46219989513722415,1,s018
2.748098114246922e-05,1,s018
0.4623120873366182,0,s018
0.4624439355897225,0,s018
0.46217081700634677,1,s018
0.46225904735896517,1,s018
0.4627657598758461,1,s018
0.4625019839850739,1,s018
0.4622120629567399,0,s018
0.4621578058300939,1,s018
0.7615948992355528,1,s018
0.00011915933441830617,1,s018
0.7615654759433101,1,s018
0.46215500406999666,0,s018
0.4626091900310898,1,s018
0.46186249101102006,0,s018
0.4621729507139678,1,s018
0.462194121106434,0,s018
0.4622443799088787,0,s018
0.7617496091383549,1,s018
0.4624148556750902,1,s018
0.9052071350262421,1,s018
0.7616719306539375,1,s018
0.4623570168386306,1,s018
0.46229120108704125,1,s018
0.4621467750845629,1,s018
0.46221360027388236,1,s018
0.4621087788594791,0,s018
0.00018204374611108243,0,s018
0.4625176686868133,0,s018
0.46232960776424115,1,s018
0.7622647174678505,1,s018
0.46206743350121937,0,s018
0.00028424084901357283,1,s018
0.761737546878382,1,s018
0.761785052839766,1,s018
0.46223478360451,1,s018
0.0005506103077650426,0,s018
0.7617724772580172,1,s018
0.46244978186044805,1,s018
0.462323929224318,1,s018
0.46205843598487695,0,s018
0.4622643055447755,1,s018
0.46245307996078866,1,s018
0.46222163484747814,1,s018
0.7619904063816925,0,s018
0.46195102204734817,0,s018
0.4621950901391787,1,s018
0.46228623234434707,1,s018
0.00019373632047514633,0,s018
0.7617725876916366,1,s018
0.4621092340959043,1,s018
0.4620570645978528,0,s018
0.462298603401917,1,s018
0.4622071249970905,0,s018
0.46239005895875174,1,s018
0.4623182538233708,1,s018
0.4622120747364935,1,s018
0.46249124909211003,0,s018
0.4620370520248722,0,s018
0.46164447220803817,0,s018
0.4621691558000025,0,s018
0.462247723048697,0,s018
0.4626654227619207,0,s018
0.4621648650217616,0,s018
0.4622157532490463,1,s018
0.7615604525581063,1,s018
0.4623100782386469,0,s018
0.46230738915666536,1,s018
0.462114284815331,0,s018
0.4625490108843504,1,s018
0.4622776558250514,0,s018
0.46212485776444767,1,s018
0.7617153922377395,1,s018
0.4619078362421023,0,s018
0.7616080364895927,1,s018
0.46204284494561554,0,s018
0.46232886004606955,1,s018
0.7617149936661121,1,s018
0.46306651838648016,1,s018
0.7615985480776635,1,s018
0.4619024911240177,0,s018
0.7616423119112508,0,s018
0.46232867302883784,1,s018
0.4620750185282496,0,s018
0.46183892302016494,0,s018
0.46208029311161125,0,s018
0.7615397850524805,0,s018
0.46227547161340055,1,s019
0.46270451177637684,0,s019
0.4623180994558005,1,s019
0.46185646829790383,1,s019
0.46227748934871604,0,s019
0.46163686830878836,1,s019
0.4623040521512938,1,s019
0.4625123664400841,1,s019
0.46298053700222574,1,s019
0.46201130271124424,0,s019
0.46200690098425023,1,s019
0.46187631123983053,1,s019
0.46231363719437923,1,s019
0.462415647993379,0,s019
0.4618073826083062,1,s019
0.7616704624438544,1,s019
0.4623244325071383,1,s019
0.46203670643841943,1,s019
0.4620953211344343,1,s019
0.4623706686026676,1,s019
0.4625087179535341,1,s019
0.4621504808078505,0,s019
0.4622000428008435,1,s019
0.4626547631714075,1,s019
0.4621019972013001,0,s019
0.4622009699905061,1,s019
0.46227427538080246,1,s019
0.4623287790997126,1,s019
0.46245750993088386,1,s019
0.4624426858625661,1,s019
0.46215561072299094,1,s019
0.46212508106573,1,s019
0.4621909223149816,1,s019
0.46247819422843617,1,s019
0.4622078310961648,1,s019
0.461893845608625,1,s019
0.4624555106512631,1,s019
0.4619812765612341,1,s019
0.462410635947232,1,s019
0.4623173859843315,1,s019
0.4623920836142874,1,s019
0.46244609865966746,1,s019
0.46214117167866675,1,s019
0.4622188187005374,1,s019
0.4620746055611744,1,s019
0.4628634988841054,1,s019
0.46234227797793204,1,s019
0.4623604197634532,1,s019
0.46223638811642465,1,s019
0.4624371532141254,0,s019
0.4620461185583957,0,s019
0.7619141038236823,0,s019
0.46214980048529797,0,s019
0.46207136817062744,1,s019
0.4621282611863471,1,s019
0.4622655946889487,1,s019
0.0003411561089186055,0,s019
0.4622220418125502,1,s019
0.9051982986714162,0,s019
0.462101664531712,1,s019
0.46158350117923286,1,s019
0.4623136233446141,0,s019
0.7616976277618459,0,s019
0.46237720675414984,1,s019
0.7613788553376015,1,s019
0.46191512238299537,1,s019
0.4619359147718751,1,s019
0.462118924510035,1,s019
0.4616464704356411,1,s019
0.46208118757972017,1,s019
0.4617739889808592,1,s019
0.4620051835278238,1,s019
0.4622995237529899,1,s019
0.761602549084466,1,s019
0.46203333808183267,1,s019
0.46207615416218917,1,s019
0.46156161791225236,1,s019
0.461989530813387,1,s019
0.46189914283510247,1,s019
0.4621013739740736,1,s019
0.46170356954832803,1,s019
0.7615937015530687,1,s019
0.4619749982095269,1,s019
0.46132974640438373,1,s019
0.4621554023233403,1,s019
0.46217735072288657,1,s019
0.4619319648192346,1,s019
0.4619832432436486,1,s019
0.46210733479533017,1,s019
0.46198168268819595,1,s019
0.4620287847487994,1,s019
0.905173040933557,1,s019
0.4622167764246792,1,s019
0.7617442414193958,1,s019
0.4619714092516185,1,s019
0.46232877761764213,0,s019
0.4620876107373222,1,s019
0.46205186811986776,1,s019
0.46195452055949393,1,s019
0.0005791263028429583,0,s019
0.4623067230850091,1,s019
0.46204085341672485,1,s019
0.4621543523560667,0,s019
0.4624567645459112,0,s019
0.46217215714910354,1,s019
0.46194493631687084,1,s019
0.4623019442901186,1,s019
0.46174550370504064,1,s019
0.4618173350842436,1,s019
0.46242160872113014,1,s019
0.46220665107087755,1,s019
0.4621492023260061,1,s019
0.4621688378576927,1,s019
0.4620423771802331,1,s019
0.4620001904632387,1,s019
0.46209093689318625,1,s019
0.46204212103065445,1,s019
0.462097034070559,1,s019
0.4619926422611491,1,s019
0.4621155933971055,1,s019
0.4618016248661887,1,s019
0.46214213350455213,1,s019
0.4621588393450533,1,s019
0.7620357441595016,1,s019
0.46195908997147495,1,s019
0.46218150689664017,1,s019
0.4622601703096205,1,s019
0.46217432187037955,1,s019
0.46217594928462136,1,s019
0.46225138455355586,1,s019
0.46215744339972886,1,s019
0.4621034268622004,1,s019
0.4620890985357522,1,s019
0.4623768086691604,1,s019
0.4619777909195386,1,s019
0.462202210213738,1,s019
0.46220449511232364,1,s019
0.7617026844653898,1,s019
0.4618707465104086,1,s019
0.4618966081775633,1,s019
0.4619961412481055,1,s019
0.46219023308403107,1,s019
0.4620757879844364,1,s019
0.46224704926729965,1,s019
0.46197438726832996,1,s019
0.4622493393529272,1,s019
0.46228222134845076,1,s019
0.46381870669826286,1,s019
0.4620534849408626,1,s019
0.4622378821852511,1,s019
0.46182970225915576,1,s019
0.7616942578289732,1,s019
0.7617828719564463,0,s019
0.461939309739688,1,s019
0.46225548187445553,1,s019
0.46253492789770045,1,s019
0.4624267085266922,1,s019
0.46219563714117085,1,s019
0.4623372910649417,1,s019
0.46167309381537613,1,s019
0.4622582481258817,1,s019
0.46204652025850135,1,s019
0.46223988707830355,1,s019
0.46209834319124665,1,s019
0.46206879055499206,1,s019
0.4623506356421261,1,s019
0.4621389220454455,1,s019
0.4623297608736503,1,s019
0.4623274855744379,1,s019
0.46240696536702086,0,s019
0.4620156388311316,1,s019
0.4622060549384803,1,s019
0.46210336800046115,1,s019
0.4622192542103083,1,s019
0.46212957155515344,1,s019
0.4618554519963305,1,s019
0.7615582255595508,1,s019
0.4622081698544749,1,s019
0.4619072879316244,1,s019
0.4619296666778776,1,s019
0.46225565009643343,1,s019
0.4619866409340181,1,s019
0.46197481758676995,1,s019
0.4617175039830077,1,s019
0.4620651998555161,1,s019
0.4619693510608782,1,s019
0.46304079004839527,0,s019
0.46172852406895104,1,s019
0.7618767992938469,1,s019
0.4623264353554526,1,s019
0.4618273554553727,1,s019
0.46187780789843247,1,s019
0.46192692699294513,1,s019
0.4620075005269626,1,s019
0.46222670476685335,1,s019
0.4618477450259604,1,s019
0.4621738930666264,0,s019
0.46198453802444783,1,s019
0.7615907277421947,1,s019
0.4618265605421814,1,s019
0.4619875886665792,1,s019
0.4618403902437662,1,s019
0.4623174988015224,1,s019
0.4620531675133617,1,s019
0.4623730109226045,1,s019
0.4627329964379867,1,s019
0.46223588218250855,1,s019
0.46176103762785803,1,s019
0.7616141466790964,1,s019
0.46217431512243334,1,s019
0.4620579184421507,1,s019
0.4619552409549865,1,s019
0.462017034395118,1,s019
0.4623447259992013,1,s019
0.4620110824122321,1,s019
0.4621221068889567,1,s019
0.7616503218049824,1,s019
0.46218033724957786,0,s019
0.46210206644454943,1,s019
0.4620051257352502,1,s019
0.46199611864794354,1,s019
0.7615688322488099,1,s019
0.46196231406297716,1,s019
0.4620355102144653,1,s019
0.46195191914306966,1,s019
0.4622666769496593,1,s019
0.4619186938497686,1,s019
0.46224940676958703,1,s019
0.46240869816525,1,s019
0.7615387769202768,1,s019
0.4622373528736565,1,s019
0.4620788038049064,1,s019
0.7613685042386202,1,s019
0.7614426623825585,1,s019
0.4618056620746773,1,s019
0.7615218852502641,1,s019
0.4619586071674131,1,s019
0.4622307489840234,1,s019
0.46215078689388056,1,s019
0.4619757571333656,1,s019
0.46213570630737544,1,s019
0.46207648909306087,1,s019
0.4622426516393954,1,s019
0.4624966461064832,1,s019
0.46193676594369526,1,s019
0.4621110196065661,1,s019
0.7616146970207924,1,s019
0.46225371106727753,1,s019
0.9051570431660432,1,s019
0.4629920943860273,1,s019
0.4626677358610043,0,s019
0.4619950691330874,1,s019
0.46195335459609943,1,s019
0.4622236630964718,1,s019
0.46210561738913203,1,s019
0.4621892142323991,1,s019
0.7614235978890769,1,s019
0.9052237244127253,0,s019
0.4619556802035656,1,s019
0.7617809540917073,0,s019
0.4618862274558386,1,s019
0.46176829592387625,1,s019
0.4620563953883514,1,s019
0.4621603170977837,1,s019
0.461901764232417,1,s019
0.46200655311404915,1,s019
0.46194022560025916,1,s019
0.46192972009406885,1,s019
0.46194890553362034,1,s019
0.4620329586338745,1,s019
0.7616577545788252,1,s019
0.4620865059328856,1,s019
0.4619784523046062,1,s019
0.46181159070258904,1,s019
0.4619513732250464,1,s019
0.4618982782189729,1,s019
0.4620089745554632,1,s019
0.46179671444405157,1,s019
0.46205016516345454,1,s019
0.462092781606694,1,s019
0.46137193688304423,1,s019
0.4620088813630845,1,s019
0.7613943158167893,1,s019
0.46208795820975124,1,s019
0.4617765370952085,1,s019
0.4616574572986647,1,s019
0.7615559803469296,1,s019
0.4620691879278369,1,s019
0.4621263609615429,1,s019
0.7620479440211083,0,s019
0.4616982466459816,1,s019
0.461787376954222,1,s019
0.4620803107740197,1,s019
0.4618510932747719,1,s019
0.4619763830820893,1,s019
0.4616392685735713,1,s019
0.4620063460360191,1,s019
0.9050652861518345,1,s019
0.4617512320244175,1,s019
0.7615189517206196,1,s019
0.4625668402239542,1,s019
0.0007786614225115951,0,s019
0.46184248655815097,1,s019
0.4620003102583483,1,s019
0.46207244852430795,1,s019
0.46194939412661995,1,s019
0.4622602997111058,1,s019
0.4619028525318074,1,s019
0.46205334486316163,1,s019
0.461951852396393,1,s019
0.4622288716382341,1,s019
0.4619708769387805,1,s019
0.46188670962867584,1,s019
0.4619568180652851,1,s019
0.46197660604002744,1,s019
0.46192676471496275,1,s019
0.46193684247272904,1,s019
0.46197318835886847,1,s019
0.46199301957416306,1,s019
0.46197984234729383,1,s019
0.46194612774669763,1,s019
0.46198478902881157,1,s019
0.4621550311563587,1,s019
0.46201753733967776,1,s019
0.46204718536292555,1,s019
0.46188141835315544,1,s019
0.4626703640966914,0,s019
0.46200313842633767,1,s019
0.46186622724898996,1,s019
0.7614894913798007,1,s019
0.46157601455909036,1,s019
0.4614394474379633,1,s019
0.46202573559669635,0,s019
0.46208864586694953,1,s019
0.46284704196931337,1,s019
0.4618328676120622,1,s019
0.46188674892225756,1,s019
0.46187405148144167,1,s019
0.46176981789054405,1,s019
0.46185753262764306,1,s019
0.4616972067055365,1,s019
0.4616033658249328,1,s019
0.46183675097451204,1,s019
0.46187478062555254,1,s019
0.4620145623005403,1,s019
0.46236734240608146,0,s019
0.4624540499117551,0,s019
0.46191144065695755,1,s019
0.46195543031657893,1,s019
0.461551315318242,1,s019
0.4624292450706775,1,s019
0.46210222594898753,0,s019
0.46225275123562093,1,s019
0.46137168295351416,1,s019
0.4621241694202165,1,s019
0.46136158329230725,0,s019
0.46221923244107566,1,s019
0.4620690913785632,1,s019
0.46200593989572747,1,s019
0.4619349252909728,1,s019
0.46184336231559353,1,s019
0.46196453267533855,1,s019
0.46201820422397044,1,s019
0.4621771208575729,1,s019
0.46202938884577316,1,s019
0.4622139354374577,1,s019
0.4619565620864863,1,s019
0.4621212749019281,1,s019
0.4621615554639582,1,s019
0.7616102341387396,1,s019
0.461915437387618,1,s019
0.46171963059654586,1,s019
0.46165580037243714,1,s019
0.4621618050879288,1,s019
0.4619460674028,1,s019
0.4617135683497655,1,s019
0.46264263500343517,0,s019
9.981197978947698e-05,0,s019
0.46200388580113994,1,s019
0.4617683948273337,1,s019
0.4615750667030458,1,s019
0.4620632129113704,1,s019
0.46194366793930075,1,s019
0.46231085794124316,0,s019
0.46200863346812815,0,s019
0.0006092122661338628,0,s019
0.4620802166162703,0,s019
0.46208310118023865,1,s019
0.4618904299571296,1,s019
0.461852055929338,1,s019
0.46200108481824476,1,s019
0.46209440847925376,1,s019
0.46199912083588623,1,s019
0.4620369701223743,1,s019
0.46170204203495313,1,s019
0.4619706060083746,1,s019
0.4620533119332215,1,s019
0.7614484666901327,0,s019
0.7614443390299446,1,s019
0.46209290009671733,1,s019
0.7625100811453807,1,s020
0.7618802379270679,0,s020
0.4623496213012226,0,s020
0.4622225821589261,0,s020
0.4622637289296796,1,s020
0.46214261179588934,0,s020
0.462235607411311,0,s020
0.461919145368507,1,s020
0.46222994353789293,0,s020
0.46252528468666143,0,s020
0.4620882105396822,0,s020
0.7616540105103793,0,s020
0.46217214719125477,0,s020
0.7617157456365411,1,s020
0.46198590725441013,1,s020
0.4619082694958254,0,s020
0.4621473916808214,1,s020
0.46238018514868684,1,s020
0.4620835298883015,1,s020
0.462135572991311,1,s020
0.4621987530268721,0,s020
0.46194392850919064,1,s020
0.46207231336713384,1,s020
0.461995582640119,1,s020
0.0001316299327847048,0,s020
0.46256059601333077,1,s020
0.4622176977068828,1,s020
0.00012355624794224696,0,s020
0.4621223922545692,1,s020
0.46213516266899046,1,s020
0.0001481856534499837,0,s020
0.4622387277192248,0,s020
0.46226780331038086,0,s020
0.4619716159582794,1,s020
0.4621467422233785,0,s020
0.4623158920677273,0,s020
0.4622574591041091,0,s020
0.4623468287161514,0,s020
0.4620280895435598,0,s020
0.4617779090345935,1,s020
0.4621002406098009,1,s020
0.4623075934287981,1,s020
0.7616301359450421,1,s020
0.0004333847977902039,0,s020
0.4621544149405221,0,s020
0.46212344906019553,1,s020
0.4621869305908646,1,s020
0.46224875390420705,1,s020
0.461990271551995,1,s020
0.46205471056492553,1,s020
0.4618346645528615,0,s020
0.7617564958732959,1,s020
0.46141678761243843,0,s020
0.7617025903586687,1,s020
0.46161331490400004,0,s020
0.46228242018772736,1,s020
0.7614971170586524,1,s020
0.7616111428031525,1,s020
0.7618115718352008,0,s020
0.9055250863058508,1,s020
0.46200919510621885,0,s020
0.4624933980813897,1,s020
0.4621798011703233,1,s020
0.4620855576121463,1,s020
0.7618086833335551,1,s020
0.46232923485463906,0,s020
0.4622531625687962,1,s020
0.4623126077846189,1,s020
0.46220700630692635,1,s020
0.4621962924624534,1,s020
0.4621558283185365,1,s020
0.46294488737017914,0,s020
0.46251440059852045,0,s020
0.46149438013694355,0,s020
0.7617798088816057,1,s020
0.46214999518533784,0,s020
0.46210148278573326,0,s020
0.7616595670484392,1,s020
0.4623510614324253,0,s020
0.46209898883437917,0,s020
0.7619776887412304,1,s020
0.4622782813917452,1,s020
0.4624157352281435,1,s020
0.4624690339206141,1,s020
0.4620485197525739,0,s020
0.4622808442304307,1,s020
0.46235459589515004,1,s020
0.4627322410220931,1,s020
2.754590132902912e-05,1,s020
0.46218475122646296,1,s020
0.4623011105004875,1,s020
0.46230104596429356,0,s020
0.46219772991822605,1,s020
0.4623071493345683,1,s020
0.00011160256979403371,1,s020
0.4621882625450888,1,s020
0.7620474225616494,1,s020
0.761490531860874,0,s020
0.462515285120193,0,s020
0.46215188610962854,0,s020
0.00044245019242117323,1,s020
0.46213557208696376,0,s020
0.7618002700820106,0,s020
0.7615117890099883,1,s020
0.46208808239329313,1,s020
0.46195442076733295,0,s020
0.7617399509366649,1,s020
0.4618376012685004,1,s020
0.4626615338734379,0,s020
0.4621053643618569,1,s020
0.46280514565210096,1,s020
0.462066894029447,1,s020
0.9640399477465731,1,s020
0.7616041570820518,0,s020
0.9050297476580422,1,s020
8.622718984652167e-05,0,s020
0.46253749801836275,1,s020
0.46297569794247706,0,s020
0.7617563836569268,0,s020
0.4620429292988446,0,s020
0.4623189432240087,0,s020
5.143764086046332e-05,1,s020
0.462250704166814,0,s020
0.7616025470130283,1,s020
0.46191253153173184,1,s020
0.7612357229951345,1,s020
0.7611966957586942,1,s020
0.46273284999200515,0,s020
0.46247871753653347,1,s020
0.46278991790785695,1,s020
0.4635369617288727,0,s020
0.4619646553530967,1,s020
0.7618698674827558,1,s020
0.00023285018288432546,0,s020
0.46236756920954325,0,s020
0.46221836518394577,1,s020
0.7617140025487765,1,s020
0.46254461440113204,0,s020
0.46316197045122376,0,s020
0.46225666219336614,1,s020
0.0002268082255636461,0,s020
0.4621376564856925,0,s020
0.4620702288357559,0,s020
0.4618974517523071,0,s020
0.46248225481967187,1,s020
0.46210973893737495,0,s020
0.4624169118965591,1,s020
0.46195184189517025,1,s020
0.46237663864548195,1,s020
0.4617551837563827,0,s020
0.46189845370512916,0,s020
0.7617190340110322,1,s020
0.4621604546842606,1,s020
0.4621514433676892,1,s020
0.46245324968041035,1,s020
0.4622659708285337,1,s020
0.7617454156661496,1,s020
0.46208211638711383,1,s020
0.4623495303201879,1,s020
0.4622235754407622,1,s020
0.46224199445571457,1,s020
0.4621368197362734,1,s020
0.4625024224516905,0,s020
0.46220924552446907,1,s020
0.7625141385140943,1,s020
0.46222259731568194,1,s020
0.46212187732901966,0,s020
0.7616777024868213,1,s020
0.462157900653938,1,s020
0.46218219893767887,1,s020
0.46239068053806776,1,s020
0.4618902698844576,0,s020
0.4621542284077367,0,s020
0.46237240006552227,0,s020
0.7615774682030585,0,s020
0.4622139127247604,1,s020
0.4622600096900109,0,s020
0.46217010759572674,0,s020
0.46116076227319924,1,s020
0.00023013795178661312,0,s020
0.4622360646280199,0,s020
0.7619220365505559,0,s020
0.0005231983208506819,0,s020
0.46219138935525805,0,s020
0.461891952215856,0,s020
0.46212623131307007,0,s020
0.46219153438521077,1,s020
0.4625695131160654,0,s020
0.46191628529577344,0,s020
0.4620921835483789,0,s020
0.4617351359617061,0,s020
0.46231829272180924,1,s020
0.46239962312502514,1,s020
0.4623057779368942,1,s020
0.4618647047889546,0,s020
0.46198183806062687,0,s020
0.7616682403341837,0,s020
0.7617401687515548,0,s020
0.4626951976530058,0,s020
0.4619355203129252,0,s020
0.4611148517047452,1,s020
0.46241544439977766,0,s020
0.4620736288967233,0,s020
0.46268419523054805,0,s020
0.46227502299144674,0,s020
0.4624455914341734,0,s020
0.46194241219392795,1,s020
0.4624724982950241,0,s020
0.4626166305495203,0,s020
0.46313747098644376,0,s020
0.46202201854374314,1,s020
0.46219824494477035,1,s020
0.4620363028621315,1,s020
0.4620416778843983,1,s020
0.46253958329956135,0,s020
0.46226807735577746,0,s020
0.46173572464392154,1,s020
0.4615705911590333,1,s020
0.7616342866055503,1,s020
0.4623621399296125,0,s020
0.46194775321058734,1,s020
0.4620186449813688,1,s020
0.46209324282459585,1,s020
0.4619007099930428,1,s020
0.46255932839151703,0,s020
0.46191496075495664,1,s020
0.7616696094236795,0,s020
0.4621846268962093,0,s020
0.462200243672537,1,s020
0.462241542121929,1,s020
0.462119247139293,0,s020
0.462267783557581,0,s020
0.46223333762973584,1,s020
0.7616959283136264,1,s020
0.4622365533497834,1,s020
0.4622864545112251,1,s020
0.4621596363756586,1,s020
0.4620594457652578,0,s020
0.46216868152607105,1,s020
0.46211806556171164,1,s020
0.46218664204052295,0,s020
0.7616861274952085,0,s020
0.4622534446339872,1,s020
0.4621793719483478,1,s020
0.4620400380216496,0,s020
0.46231106259722843,0,s020
0.46221705129027435,0,s020
0.46211428762210494,0,s020
0.46218283118603654,0,s020
6.28399245836686e-05,1,s020
0.4623486808298767,1,s020
0.46223009555174066,1,s020
0.7615563928788418,1,s020
0.46260637118170256,0,s020
0.46230018520206984,1,s020
0.46236734235968635,0,s020
0.4616138529078515,0,s020
0.46259374945646936,0,s020
0.4622794556065921,1,s020
0.7616598143990778,0,s020
0.4624785374306484,0,s020
0.00013795711620412376,1,s020
0.462116304263682,0,s020
0.46241032401621873,1,s020
0.4620479783492153,0,s020
0.4622419881009643,1,s020
0.4625590997967257,1,s020
0.4623747049304836,0,s020
0.46235388721390036,1,s020
0.7617282395166469,0,s020
0.00033837177932483087,0,s020
0.46273010712448537,0,s020
0.4616596922067735,1,s020
0.0001117296324264494,1,s020
0.7617099205656384,0,s020
0.46209651806311514,0,s020
0.4619412154608522,0,s020
0.7615254053491929,1,s020
0.46196543682468905,1,s020
0.46202541058344293,0,s020
0.46219386349991987,1,s020
0.4624040495083186,1,s020
0.7615509925077228,1,s020
0.4623258518995119,0,s020
0.7617524689753079,0,s020
0.46217985625230784,0,s020
0.46220188441701104,0,s020
0.46236418185882977,0,s020
0.4620659325843659,0,s020
0.46203531457499425,1,s020
0.46211777979053226,0,s020
0.4620239553563259,0,s020
0.4623596729729218,0,s020
0.4620594239621634,0,s020
0.4625905699699824,0,s020
0.4622695533126333,1,s020
0.4622584475529523,1,s020
0.46253250767040077,1,s020
0.4623825988330881,0,s020
0.46218808983967086,0,s020
0.7616203443049496,1,s020
0.7616786564846818,1,s020
0.7615865217404416,0,s020
0.46219212998228465,0,s020
0.4623573602133568,0,s020
0.46220391833198193,0,s020
0.9640397722700529,0,s020
0.4620267649378764,1,s020
0.7616407954124658,0,s020
0.46224553223431064,0,s020
0.46214078117440205,0,s020
0.7614891092813174,0,s020
0.462184351086133,1,s020
0.4624906923355232,1,s020
0.4621487580088355,1,s020
0.4618026758009077,0,s020
0.46185733083811265,1,s020
0.4619992462347364,0,s020
0.00086731362566006,0,s020
0.46185638625446224,0,s020
0.46227979242523354,1,s020
0.46204903613112025,0,s020
0.7618404784327837,1,s020
0.46199138824938,0,s020
0.46216692905035317,1,s020
0.7616758356938138,1,s020
0.46260824302954595,1,s020
0.462178702400023,1,s020
0.46229517999963177,1,s020
0.4624161651693861,0,s020
4.593764158022928e-05,0,s020
0.7615198262123632,1,s020
0.4622057744716417,0,s020
0.46239548483403037,1,s020
0.7617134747009415,1,s020
0.46184099580139515,0,s020
0.7616312196248587,0,s020
0.4624074709375319,1,s020
0.46242052378869647,1,s020
0.46229703566463076,1,s020
0.46211402599269435,0,s020
0.46229644205700926,1,s020
0.7614292736863741,1,s020
0.46197680425173404,0,s020
0.46218442658878045,0,s020
0.761480866515917,0,s020
0.4619646734144729,0,s020
0.9051792101719844,1,s020
0.761747941819505,1,s020
0.4621133650354261,0,s020
0.4619376916883904,1,s020
0.7617233440089248,0,s020
0.46259603145104666,1,s020
0.4623137860746742,0,s020
0.4623985134252706,1,s020
0.46233297615166924,1,s020
0.7618673405146104,1,s020
0.0002864374388877877,1,s020
0.46245619764646273,1,s020
0.461947624480586,0,s020
0.46205407115205244,0,s020
0.7623087968267517,1,s020
0.4618854669021992,0,s020
0.4621874930081864,0,s020
0.7617465880351633,0,s020
0.46193751246971115,0,s020
0.7617244318061713,1,s020
0.4622254437535165,1,s020
0.46194147314698153,0,s020
0.46244976290783013,1,s020
0.7618089847514737,1,s020
0.46227132626040146,0,s020
0.46245472187610703,1,s020
0.4622910271362317,1,s020
0.4624017290815985,1,s020
0.4622000663809882,0,s020
0.4620504038828781,0,s020
0.4621916061193041,0,s020
0.4620370999847072,0,s020
0.4624303978687456,0,s020
0.46216039985465684,0,s020
0.46223512972576675,0,s020
0.7615373102455045,0,s020
0.4619997701657108,0,s020
0.7617678873459139,1,s020
0.9052522420199929,1,s020
0.7625041920720488,1,s020
0.461844551748263,0,s020
0.46262593450928957,1,s020
0.4622352050528056,0,s020
0.4625636575569081,0,s020
0.46283814162576564,1,s020
0.4619669077371886,0,s020
0.46227512963846973,0,s020
0.4620937311404607,0,s020
0.46241027126873213,1,s020
0.46288213706904346,0,s020
0.46247564505732397,0,s020
0.461862671600032,0,s020
0.462033413730238,0,s020
0.46196574798943857,1,s021
0.9640297847614983,0,s021
0.4625671882980382,1,s021
0.46227292397576814,1,s021
4.382190280027842e-05,0,s021
0.46239914334764065,1,s021
0.46226591757047086,0,s021
0.462405127599133,1,s021
0.4621984646644064,0,s021
0.4621393267466334,0,s021
0.462073849794588,1,s021
0.4621230779733989,1,s021
0.761644357154079,1,s021
0.46217972756393544,1,s021
0.7615067701079039,1,s021
0.46192268780822165,1,s021
0.761861172137853,1,s021
0.46228672098757406,1,s021
0.4620188288173841,0,s021
0.4622188690913014,1,s021
0.4622209808491111,1,s021
0.46216914491567973,1,s021
0.46219180540027893,1,s021
0.46240177355050305,1,s021
0.4621138433530996,1,s021
0.46224344216613034,1,s021
0.46236115400746525,0,s021
0.4622104801255391,1,s021
0.4622685601046084,0,s021
0.46212397682315665,1,s021
0.4619533193765435,0,s021
0.4620068277588618,1,s021
0.4623648354415508,0,s021
0.7617821875602859,1,s021
0.7617010421527752,1,s021
0.46276227122167235,1,s021
0.4623160548539833,1,s021
0.46271016071303017,0,s021
0.4624750520592835,1,s021
0.7617941152961605,1,s021
0.46238655198026235,1,s021
0.4624607379101513,1,s021
0.4623801524627762,1,s021
0.46235003117511675,1,s021
0.4623428148186486,1,s021
0.7616780610066778,1,s021
0.4622779084418236,1,s021
0.46204689458203263,1,s021
0.4618976520570748,1,s021
0.46237778376017125,1,s021
0.46227036622946693,0,s021
0.46225368528638033,0,s021
0.4625937838870251,0,s021
0.46215512954311566,0,s021
0.46217336714348667,1,s021
0.46209154910481254,0,s021
0.761795337934646,0,s021
0.7616941625009916,1,s021
0.4621697203749313,0,s021
0.000314381125056995,0,s021
0.7617251731578074,0,s021
0.4620923551137055,0,s021
0.4622317267503733,1,s021
0.7615627706016981,1,s021
0.4622806134593631,1,s021
0.4623074282886068,1,s021
0.7618603303494795,1,s021
0.46212646019395365,0,s021
0.4624045639776091,0,s021
0.4624387643510053,1,s021
0.46234384457052236,0,s021
0.4624154378991048,1,s021
0.4624246536713521,1,s021
0.4625352909494711,1,s021
0.4623034115205431,1,s021
0.4623833950197782,1,s021
0.46210939166430154,1,s021
0.46198521335380827,0,s021
0.46236726369540504,0,s021
0.4621610188361591,0,s021
0.46190150260805773,1,s021
0.7617077395689551,0,s021
0.4623530916821432,0,s021
0.46227433691622255,1,s021
0.46227807714571334,1,s021
0.46202410071764777,1,s021
0.46235441877307437,0,s021
0.4621287528924862,1,s021
0.4621456649441258,0,s021
0.7616029369894015,1,s021
0.46243694844494265,1,s021
0.46219292308120696,1,s021
0.4619791440620209,0,s021
0.4622195877449031,1,s021
0.4621047170830266,1,s021
0.4623285704285467,1,s021
0.46228004485784746,1,s021
0.4621063710628084,1,s021
0.4622202595020095,1,s021
0.4622189306471598,0,s021
0.4616359919797919,1,s021
0.46217496826300253,1,s021
0.7615645929070682,1,s021
0.46216425749400636,1,s021
0.4622179786623739,1,s021
0.4620491991193163,0,s021
0.46230635907273765,1,s021
0.7615496587911474,0,s021
0.4628402434726433,0,s021
0.46185644455167774,1,s021
0.4620936558118396,1,s021
0.4622731302514955,1,s021
0.7614614260888088,1,s021
0.7614459063436239,1,s021
0.4622779763221292,0,s021
0.4619768376995652,1,s021
0.4621516860667101,1,s021
0.4617798182904318,1,s021
0.46256343312260895,0,s021
0.4620337048443319,1,s021
0.46208139551771565,1,s021
0.4617786881055479,1,s021
0.4617695641277608,1,s021
0.4621101593399781,1,s021
0.4618002397042207,1,s021
0.46174406414357727,1,s021
0.4625519313618316,0,s021
0.4622490825817771,1,s021
0.7616099170142467,0,s021
0.46195659737327066,1,s021
0.4620557132241834,1,s021
0.4621593657619125,1,s021
0.46251793976406463,0,s021
0.4621875269856828,1,s021
0.4619981817478527,1,s021
0.4621785598726278,1,s021
0.46200231125337976,0,s021
0.4626631416059772,1,s021
0.46215855022167074,1,s021
0.7617043576122839,1,s021
0.4626377515320912,0,s021
0.4620261968993842,0,s021
0.46255776139603744,1,s021
0.46221183945909994,0,s021
0.7622128435967215,1,s021
0.46184765837274333,1,s021
7.242288799025332e-05,0,s021
0.462408287280472,1,s021
0.46211413155668124,1,s021
0.00015599336731431102,0,s021
0.4621122794747421,1,s021
0.46216160735676715,0,s021
0.4618673286036632,1,s021
0.4621532393676502,0,s021
0.46202788938798545,1,s021
0.46259878877645866,0,s021
0.4620393204946025,1,s021
0.46221763144689154,0,s021
0.46239206029833846,1,s021
0.7617448954355177,1,s021
0.46209591377646064,1,s021
0.4620988617413735,0,s021
0.7616936816095246,1,s021
0.4622926512121115,1,s021
0.46212995690869185,1,s021
0.4621679718192262,1,s021
0.4623851836574058,1,s021
0.4621663290097868,1,s021
0.46200770472764585,1,s021
0.4623894441179144,0,s021
0.46217754461656235,0,s021
0.46216705366438693,1,s021
0.462096722874795,1,s021
0.46233458619836987,1,s021
0.4620888028289687,1,s021
0.46200383973790404,1,s021
0.4621021184941856,1,s021
0.46207992087460026,1,s021
0.4622258496294125,0,s021
0.0002277106899633008,0,s021
0.46262602467677194,1,s021
0.4621219878424443,1,s021
0.46193309935480564,0,s021
0.46223279688892727,1,s021
0.4615679538442845,0,s021
0.46222816252895016,1,s021
0.4623063695398171,1,s021
0.4623513169150386,1,s021
0.46215479488755884,1,s021
0.4622500852063365,1,s021
0.4623391051149235,0,s021
0.46229701367289144,1,s021
0.4626229890858311,1,s021
0.7615474233894448,1,s021
0.4622330062906428,1,s021
0.46215163501700096,0,s021
0.46233335492461136,1,s021
0.4623071445309992,1,s021
0.46217765063812255,1,s021
0.4622650675485689,0,s021
0.7616494355911745,1,s021
0.46208925002021894,0,s021
0.9051904795805137,1,s021
0.4622633352670622,0,s021
0.4624924485742159,1,s021
0.00018212013854768117,0,s021
0.46228000892824106,0,s021
0.46225864152781226,1,s021
0.4621082840006341,0,s021
0.4623286938855997,1,s021
0.462284545652101,1,s021
0.4623930754638983,1,s021
0.46243744490887595,1,s021
0.4617000540364944,0,s021
0.46250761542097174,1,s021
0.46198702674036274,1,s021
0.4623606243896583,1,s021
0.46227500138784094,1,s021
0.46205173850896997,1,s021
0.46198477988335473,0,s021
0.4623294222690617,1,s021
0.46207954189244504,0,s021
0.46232304856866224,1,s021
0.4622809776725001,1,s021
0.00022925278158858475,0,s021
0.46255413629758624,1,s021
0.46246213290472893,1,s021
0.7616417693293156,0,s021
0.46213699997295743,1,s021
0.46248449608221964,1,s021
0.4621269900270182,1,s021
0.4624307173031048,1,s021
0.4620164950205914,1,s021
0.46205054014274505,0,s021
0.4618787688204211,1,s021
0.4618887747559959,0,s021
0.462304661680073,0,s021
0.46228648513705206,1,s021
0.46237705383664474,0,s021
0.46236517067653216,0,s021
0.46211391134910307,0,s021
0.4622543140477049,0,s021
0.46236566912730437,0,s021
0.4623339248660405,0,s021
0.46201090043475723,0,s021
0.4621995533205072,0,s021
0.46220182631201334,0,s021
0.46212846505160754,1,s021
0.4623082175422679,1,s021
0.46248140425455264,1,s021
0.00030806641025837855,0,s021
0.4621240783825835,1,s021
0.4619391915060078,1,s021
0.46227541189304944,1,s021
0.7616828769580886,1,s021
0.46234271838988095,1,s021
0.761598269288619,1,s021
0.7617601397110743,0,s021
0.4622830598296641,1,s021
0.4625036847950479,1,s021
0.46309455803822663,0,s021
0.46187833791140287,0,s021
0.7618644570180855,1,s021
0.46219271393469485,1,s021
0.46200722469162425,0,s021
0.46228752635379355,1,s021
0.46222943222428836,1,s021
0.4622181839145092,1,s021
0.46188032196884277,1,s021
0.9052745487375209,0,s021
0.7615658474602718,0,s021
0.46210847909251207,1,s021
0.4620872763941062,1,s021
0.4621247201923031,0,s021
0.4623186058325661,0,s021
0.4626212967301737,1,s021
0.7614771706738708,0,s021
0.46241011081609074,1,s021
0.7616646751485698,0,s021
0.4625265249956807,1,s021
0.462470172535846,1,s021
0.7618139638373129,1,s021
0.4623108821869968,1,s021
0.4623397467995729,1,s021
0.7617006155563064,1,s021
0.7618323976417885,0,s021
0.7615436711632031,1,s021
0.4621245576886859,1,s021
0.7616109575024754,1,s021
0.4622289749161732,0,s021
0.46224181301088496,1,s021
0.4623194342750314,0,s021
0.4622439200028923,1,s021
0.4621091419125323,1,s021
0.7617282222779864,0,s021
0.46171983087596224,0,s021
0.4623727153346755,1,s021
0.46192027449598116,1,s021
0.4621647097561561,1,s021
0.46241412754030997,0,s021
0.46224827504622223,0,s021
0.4623216369183094,1,s021
0.46224473050374426,0,s021
0.4622663280176704,0,s021
0.46210126185591327,0,s021
0.46233873895232436,1,s021
2.585135565169594e-06,0,s021
0.46237653697482584,1,s021
0.4623115771487605,1,s021
0.46209446790115893,1,s021
0.4621119652938568,0,s021
0.46223701896995495,0,s021
0.46241888986380686,1,s021
0.46227635038442294,0,s021
0.7617181232383361,0,s021
0.4621700813146383,1,s021
0.4624542741387556,0,s021
0.46220645462277266,0,s021
0.46238560210920987,1,s021
0.9051829827571867,1,s021
0.4623687237011702,0,s021
0.4622311157910377,1,s021
0.4620924393981931,0,s021
0.46240903599035965,0,s021
0.4621450489750665,1,s021
0.46195514115386405,0,s021
0.4618884772208893,1,s021
0.4617738995372618,1,s021
0.4623648573076766,1,s021
0.7616198116580901,0,s021
0.4623310601730377,1,s021
0.46225978035221105,1,s021
0.4620718992441297,1,s021
0.7615947577772151,1,s021
0.46240741094653837,1,s021
0.4620237565736456,1,s021
0.46255480305794694,0,s021
0.46214179091076546,1,s021
0.76164793567064,1,s021
0.46212153522343846,1,s021
0.4623901217795028,0,s021
0.4621337282702809,0,s021
0.46219842552826407,1,s021
0.46216174836370794,1,s021
0.4622456883837798,0,s021
0.462469934941951,0,s021
0.4621898628726413,1,s021
0.4623106795172989,1,s021
0.4622009840398169,0,s021
0.46237048105793077,1,s021
0.4621512039866489,0,s021
0.4621833524911483,1,s021
0.4622873592162442,0,s021
0.46203260700032267,1,s021
0.46200540698056636,1,s021
0.4618287101159839,0,s021
0.4620974627163694,1,s021
0.7617259157699867,0,s021
0.4623476470476846,0,s021
0.46229600191400344,0,s021
0.4615689714796223,1,s021
0.7617149842830937,0,s021
0.4624133588140289,0,s021
0.0001344027807703707,1,s021
0.46243642295745646,0,s021
0.4616147480092132,0,s021
0.4621506507190465,0,s021
0.4622471599433331,0,s021
0.4618963641492899,1,s021
0.0005564599296665751,0,s021
0.7615301894199642,0,s021
0.9051899887193007,0,s021
0.4620586924653294,1,s021
0.00010481094941616753,0,s021
0.46229011463337577,0,s021
0.4622199802814131,1,s021
0.462252564251022,1,s021
0.7614416180580594,1,s021
0.46217359137600056,1,s021
0.4615721631592098,1,s021
0.4621017666865561,1,s021
0.4621622587870682,1,s021
0.46225635578103397,1,s021
0.46210997268018805,0,s021
0.4619051150470481,1,s021
0.0008233165857469693,0,s021
0.46223702382056553,0,s021
0.7616476337534805,0,s021
0.46232221858666867,0,s021
0.761732323290162,0,s021
0.462257712984419,0,s021
0.4623353075249106,1,s021
7.099084674222489e-05,0,s021
0.46205561126257244,1,s021
0.0006884832635503102,0,s021
0.7615977196650148,1,s021
0.46198204503612916,0,s021
0.462160705070672,0,s021
0.46226451954889813,0,s021
3.7991939890291704e-05,1,s021
0.46315059697492567,1,s022
0.4630697449979049,1,s022
0.46239322294159657,1,s022
0.4623280955056319,1,s022
0.4630391836188561,1,s022
0.4627410674178074,1,s022
0.4630871168860635,1,s022
0.46317725271405585,1,s022
0.7624010181767034,1,s022
0.46275442316217763,1,s022
0.46293696564552844,1,s022
0.4630259546324753,1,s022
0.7626810833071183,1,s022
0.4614378622498774,1,s022
0.4626215416692643,1,s022
0.4628629418201209,1,s022
0.46185166085643803,1,s022
0.46241931832735106,1,s022
0.463553280664887,1,s022
0.46194679236317526,1,s022
0.4617973938733657,1,s022
0.46143566167828487,1,s022
0.7620829136843073,1,s022
0.46271934059312647,1,s022
0.4642547314072716,1,s022
0.7622560013056887,1,s022
0.46244164054611137,1,s022
0.4626512433712593,1,s022
0.762477001029068,1,s022
0.46274576611954665,1,s022
0.46237394945687993,1,s022
0.46240473185381314,1,s022
0.46306846244152555,1,s022
0.46138452214310166,1,s022
0.9052692368629731,1,s022
0.9054660167078601,1,s022
0.46324911386359724,1,s022
0.4629648644675697,1,s022
0.4623619000041477,1,s022
0.4614537067159117,1,s022
0.4617725427305177,1,s022
0.46305633769974786,1,s022
0.46123262693798384,1,s022
0.4612123645332984,1,s022
0.7621849016730344,1,s022
0.46296623895748157,1,s022
0.4628397602872927,1,s022
0.46300170041371036,1,s022
0.46263889409445635,1,s022
0.7619518262581955,1,s022
0.4627278115218356,1,s022
0.46234273048640695,1,s022
0.46231635716038966,1,s022
0.46200119997070277,1,s022
0.4628257349500051,1,s022
0.46242427985868595,1,s022
0.46270020131711087,1,s022
0.4632265589981537,1,s022
0.4623511490984171,1,s022
0.46273113656565146,1,s022
0.46311101437028523,1,s022
0.46248753458714775,1,s022
0.4625151728525614,1,s022
0.46238249007335086,1,s022
0.46271542019090117,1,s022
0.4621882709719447,0,s022
0.46235380171303486,1,s022
0.4628150075024513,1,s022
0.463415803428221,1,s022
0.7622923389942098,1,s022
0.7623213148320536,1,s022
0.46291031459617127,1,s022
0.46311624676808494,1,s022
0.4625181995319452,1,s022
0.4620178268430952,0,s022
0.4633674088019204,1,s022
0.7619676324724955,1,s022
0.4628330023085856,1,s022
0.7621560035751973,1,s022
0.463264473720175,1,s022
0.46259676678173856,1,s022
0.46346710922057843,1,s022
0.4630543812490757,1,s022
0.4629845541647952,1,s022
0.46317347504207595,1,s022
0.4632326754131646,1,s022
0.46322042688851695,1,s022
0.46359782948686146,1,s022
0.4631679577374044,1,s022
0.7616357241556531,1,s022
0.4626965185796139,1,s022
0.46374774875484603,1,s022
0.4637506187880678,1,s022
0.46350460043216946,1,s022
0.7620457257689912,1,s022
0.46314321623674926,1,s022
0.4638849279568482,1,s022
0.7622612822067856,1,s022
0.7617203944270046,1,s022
0.46307380085939864,1,s022
0.46344778403357534,1,s022
0.4630858734174186,1,s022
0.4625609020109742,1,s022
0.4630687891088725,1,s022
0.4627538805409799,1,s022
0.4627970700436921,1,s022
0.46302664931587545,1,s022
0.4625804495973669,1,s022
0.46269811597528343,1,s022
0.46249761112796484,1,s022
0.4628486094048234,1,s022
0.4620045509703692,0,s022
0.46254403994340265,1,s022
0.46262911581635957,1,s022
0.46249943410872496,1,s022
0.46348321297743356,1,s022
0.46340222111033436,1,s022
0.4635471976179659,1,s022
0.7617209332435975,1,s022
0.4617309071058273,1,s022
0.4630289557669247,1,s022
0.46274710307359546,1,s022
0.46280304776766434,1,s022
0.46254766672969216,1,s022
0.4632388464348416,1,s022
0.46195112775097913,1,s022
0.46147894423023117,1,s022
0.4620733358059268,1,s022
0.46156245938862006,1,s022
0.4639393178676037,1,s022
0.4630460597602535,1,s022
0.4615319037588699,1,s022
0.46166062472125247,1,s022
0.4615827078859367,1,s022
0.461916304325086,1,s022
0.4630726455692371,1,s022
0.46154801126792155,1,s022
0.4614536460034644,1,s022
0.461619898509108,1,s022
0.46153011640573594,1,s022
0.46181939696738983,1,s022
0.4614385044235507,1,s022
0.46158953013989157,1,s022
0.46152497369607826,1,s022
0.4616214708314481,1,s022
0.46214702207098446,1,s022
0.4615632448735978,1,s022
0.46152465494195716,1,s022
0.4639730459217084,1,s022
0.4620792811335426,1,s022
0.7619078912786144,1,s022
0.4627762236517221,1,s022
0.46299913511900637,1,s022
0.4632877340740096,1,s022
0.4625074007915999,1,s022
0.46300753203377076,1,s022
0.46308633888901407,1,s022
0.4629602067110339,1,s022
0.4643852862809721,1,s022
0.4627587681948464,1,s022
0.4622263793753587,1,s022
0.4625459163550736,0,s022
0.4623261619416692,1,s022
0.46311468656096033,1,s022
0.4625578186258852,1,s022
0.462845496425659,1,s022
0.4629736979578356,1,s022
0.4630561110451541,1,s022
0.4628733198300099,1,s022
0.46193074671021117,1,s022
0.46265953045702024,1,s022
0.46188866038169496,1,s022
0.4631564917501796,1,s022
0.4629995594410561,1,s022
0.4630881937171947,1,s022
0.46345731183594596,1,s022
0.4620476817707251,1,s022
0.46227840153574906,1,s022
0.46207301959159164,1,s022
0.4632920118360122,1,s022
0.46269390429999024,1,s022
0.4636890152653441,1,s022
0.46211818784396597,1,s022
0.4624099453536905,1,s022
0.463235311394548,1,s022
0.762296661530367,1,s022
0.4624582139261608,1,s022
0.46331287475333394,1,s022
0.7621575286623761,1,s022
0.462330824219535,1,s022
0.461913300372895,1,s022
0.4620528321694779,1,s022
0.4624007948098878,1,s022
0.46227658468388255,1,s022
0.4620768546559708,1,s022
0.4621249225004058,1,s022
0.46355240677771326,1,s022
0.4623926109334462,1,s022
0.46255685642686784,1,s022
0.46202478445518214,1,s022
0.4627781020444468,1,s022
0.4624159627879687,1,s022
0.46272670047122855,1,s022
0.4632460334286168,1,s022
0.46358492807843565,1,s022
0.46353535658443357,1,s022
0.7619104718348519,1,s022
0.4618594582243649,1,s022
0.4634668599433498,1,s022
0.46329931266265545,1,s022
0.46262581286020144,1,s022
0.7621297547896175,1,s022
0.4622934616511636,0,s022
0.7619104302580488,1,s022
0.7623902577102404,1,s022
0.46261661739596804,1,s022
0.46244509529422917,1,s022
0.4627626529977944,1,s022
0.46211379665167196,1,s022
0.7619759315204737,1,s022
0.4619515148360118,1,s022
0.4630108089083578,1,s022
0.7619162127016428,1,s022
0.4623532090840212,1,s022
0.4617613820887019,1,s022
0.46254536640850974,1,s022
0.46214227398506447,1,s022
0.46212064665892827,1,s022
0.7620636246634493,1,s022
0.46344874788568036,1,s022
0.4618660605305309,1,s022
0.46247599450187304,1,s022
0.4625299381695771,1,s022
0.46219208200629125,1,s022
0.7617443270926618,1,s022
0.7621898443855564,1,s022
0.46215647103224367,1,s022
0.762079955857605,1,s022
0.46244096798187995,1,s022
0.46212867737564434,1,s022
0.46206353766825603,1,s022
0.7625337560242571,1,s022
0.7619613319833987,1,s022
0.4621401459251129,1,s022
0.4623282793185943,1,s022
0.4618994359047275,1,s022
0.4619485111317203,1,s022
0.4622967094959216,1,s022
0.7620893319083146,1,s022
0.4636339999135819,1,s022
0.7623358474249577,1,s022
0.7620648628946314,1,s022
0.46346056799966395,1,s022
0.7616825623932211,1,s022
0.4627143848811912,1,s022
0.46263686466905596,1,s022
0.46296090311948923,1,s022
0.46297241708363557,1,s022
0.4628896233746824,1,s022
0.4631593969441332,1,s022
0.46255984168119113,1,s022
0.46338637801917937,1,s022
0.46201252908473744,1,s022
0.46295439359783686,1,s022
0.46247413980554253,1,s022
0.461766443566467,1,s022
0.4620111275467045,1,s022
0.46239154004708594,1,s022
0.4637961336966907,1,s022
0.7616653163177665,1,s022
0.46256826208221447,1,s022
0.4622837223078753,1,s022
0.7616015797146733,1,s022
0.46204065231426905,1,s022
0.46205786744116617,1,s022
0.4617926306072766,1,s022
0.4622107938858271,1,s022
0.46152678500173394,1,s022
0.46177153575946295,1,s022
0.7623520849294947,1,s022
0.46170361253673375,1,s022
0.4617571087943475,1,s022
0.7620282345753087,1,s022
0.462011448718737,1,s022
0.4615635050666882,1,s022
0.4620100402458398,1,s022
0.4619817229861618,1,s022
0.46198354435188027,1,s022
0.4619891298389549,1,s022
0.46201561201035135,1,s022
0.7618297327143562,1,s022
0.46253508113273845,1,s022
0.7619059006593223,1,s022
0.46331404916191543,1,s022
0.46170459296886013,1,s022
0.46223562266127893,1,s022
0.46252454608548055,1,s022
0.46208679205357583,1,s022
0.4615136908873543,1,s022
0.46214915612863683,1,s022
0.4629795267940988,1,s022
0.46375614283225497,1,s022
0.4620862142069946,1,s022
0.46178894400856607,1,s022
0.4617428996154924,1,s022
0.4617190682569914,1,s022
0.7621381439447523,1,s022
0.4614010619347291,1,s022
0.4617119434700614,1,s022
0.4613670502041314,1,s022
0.4616933273182493,1,s022
0.4616164008643244,1,s022
0.4617320203611732,1,s022
0.4615990034223838,1,s022
0.46156014366011267,1,s022
0.4616916541363343,1,s022
0.4622076650533151,1,s022
0.4615153069259552,1,s022
0.4615384730162464,1,s022
0.46163184039181826,1,s022
0.46193708429500546,1,s022
0.46182269683486754,1,s022
0.4614393348005268,1,s022
0.46188048334238285,1,s022
0.4617899197291433,1,s022
0.4616629086076689,1,s022
0.4618983426688936,1,s022
0.4616531000598807,1,s022
0.4614845566839507,1,s022
0.461750715180278,1,s022
0.4614032455083523,1,s022
0.46151569251912306,1,s022
0.4615747078878061,1,s022
0.46176584793781994,1,s022
0.7616034761492665,1,s022
0.46328299620536506,0,s022
0.46106888733164353,1,s022
0.4618181844447977,1,s022
0.46188623414718033,1,s022
0.4614134118171693,1,s022
0.4613397181471923,1,s022
0.4618922450217351,1,s022
0.4617184416226181,1,s022
0.46179563309442573,1,s022
0.4618294857259959,1,s022
0.4620469829841898,1,s022
0.4617817878123971,1,s022
0.4611402467078676,1,s022
0.46153472538893037,1,s022
0.4614789387130882,1,s022
0.46229357798705295,1,s022
0.46256025698605807,1,s022
0.46197437004760333,1,s022
0.7625716879227771,1,s022
0.46216240573076517,1,s022
0.46183284016447623,1,s022
0.4616946099333201,1,s022
0.46178432495195,1,s022
0.7617147984876993,1,s022
0.4618431998456003,1,s022
0.4625569450377347,1,s022
0.46191057719382655,1,s022
0.4621681297888509,1,s022
0.4617928061548844,1,s022
0.4620891686006101,1,s022
0.4621755192867274,1,s022
0.46238791988766925,1,s022
0.4617327252928731,1,s022
0.4613858684000507,1,s022
0.46190059611221246,1,s022
0.461582744467675,1,s022
0.46177796913906244,1,s022
0.4617507186284888,1,s022
0.462415624411324,0,s022
0.4612561865711333,1,s022
0.4615548582006468,1,s022
0.46168065067105624,1,s022
0.4612717536655475,1,s022
0.46321764153741785,0,s022
0.46177025523513193,1,s022
0.4615261878078931,1,s022
0.4617460105553606,1,s022
0.4619965832675592,1,s022
0.46260159333421713,0,s022
0.46173573660643186,1,s022
0.46138421884430203,1,s022
0.4616648937605947,1,s022
0.4617037480595816,1,s022
0.4614733686724559,1,s022
0.46325671709907135,0,s022
0.46181524011521335,1,s022
0.4615734383797867,1,s022
0.46157394912032146,1,s022
0.4627898349268209,0,s022
0.4631495052413035,0,s022
0.46211458680094664,1,s022
0.46167897108402545,1,s022
0.46173364430304886,1,s022
0.46180570452620495,1,s022
0.4617105854048027,1,s022
0.000251613437215914,0,s024
0.46289789080976695,0,s024
0.4618880620146253,1,s024
0.4631910325360904,0,s024
0.46263665243356256,0,s024
0.4625610829713538,1,s024
0.4618368261149979,1,s024
0.4624861724848981,0,s024
0.46162198912030306,1,s024
0.4619558374811028,1,s024
0.462008713352533,0,s024
0.4616060028036406,0,s024
0.4619123262247695,1,s024
0.7617341421843578,1,s024
0.4620022977531326,1,s024
0.4619277384029028,1,s024
0.4617692141627676,1,s024
0.46190966484989304,1,s024
0.4619736822058398,1,s024
0.46204115218499897,1,s024
0.462034494188045,1,s024
0.46253112495919124,1,s024
0.4623747134481926,1,s024
0.4623624952824763,1,s024
0.4620586604044543,1,s024
0.46261599103154594,1,s024
0.4620719360133454,1,s024
0.4623661644931967,1,s024
0.46212573535997503,1,s024
0.7616462496543577,1,s024
0.46270176905901894,1,s024
0.46217481016920714,1,s024
0.46176645655973325,1,s024
0.46219663237534947,1,s024
0.46188626913924646,1,s024
0.46195058244321596,1,s024
0.46190563070392865,1,s024
0.4619264686360749,1,s024
0.4623395997016875,1,s024
0.4620362387616599,1,s024
0.462278723242022,1,s024
0.4619299221981781,1,s024
0.46213675024240897,1,s024
0.462021819755575,1,s024
0.46213916512657915,1,s024
0.4618743533566876,1,s024
0.4612844341559257,1,s024
0.46193004399601767,1,s024
0.4624600548155928,1,s024
0.46191080746742963,1,s024
0.4625393379375611,0,s024
0.46204058056600705,0,s024
0.761656616595153,0,s024
0.4608006679337757,1,s024
0.4629060788419328,1,s024
0.4618079215917954,1,s024
0.46157151903982707,1,s024
0.46259138476376505,0,s024
0.46171594375075875,1,s024
0.4617630340961789,1,s024
0.46160581923502186,1,s024
0.4622888175643223,1,s024
0.46197414980171914,1,s024
0.46175634222006834,1,s024
0.46302352002638636,0,s024
0.46223917727048014,0,s024
0.46194573464951083,1,s024
0.46189139281723657,1,s024
0.4625213831690964,1,s024
0.46210026310744934,1,s024
0.46210493065977043,1,s024
0.46196063608063564,1,s024
0.46200737719130736,1,s024
0.4619505349130033,1,s024
0.4623316676399938,1,s024
0.4623356909785681,1,s024
0.46209904972983784,1,s024
0.4624502149426004,1,s024
0.46197026405071484,1,s024
0.4619393237797149,1,s024
0.4624859678744353,1,s024
0.46211523551188494,1,s024
0.46227441364172206,1,s024
0.4623234263982945,1,s024
0.46190703073789563,1,s024
0.7619234905154448,1,s024
0.46202256486122195,1,s024
0.46271696112216,1,s024
0.46229842110144426,1,s024
0.4626365808236188,1,s024
0.46195232972649714,1,s024
0.4622349479875516,1,s024
0.4624752890640771,1,s024
0.4623271825997415,1,s024
0.4619617956496216,1,s024
0.4622304726165485,1,s024
0.4622849214503759,1,s024
0.4621028847079527,1,s024
0.4619597170339631,1,s024
0.46229162856775563,1,s024
0.46236721264067904,0,s024
0.4626604465350028,0,s024
0.4619959385767989,1,s024
0.4624023668236479,1,s024
0.7613326008017971,1,s024
0.46174269048263583,1,s024
0.46179691095043784,1,s024
0.4626375677444614,1,s024
0.4625983357440784,0,s024
0.46193984045269976,1,s024
0.4621545553087705,0,s024
0.4621902848707853,1,s024
0.46220050547919267,1,s024
0.4615571196297872,1,s024
0.46158396722097117,1,s024
0.461784277907185,1,s024
0.46186219769130177,1,s024
0.4627675102494424,1,s024
0.46183144253814823,1,s024
0.4620874645371382,1,s024
0.461930108255145,1,s024
0.46290829897317387,0,s024
0.46164883545071933,1,s024
0.46209334186611173,1,s024
0.7614180835679083,1,s024
0.4616324602708277,1,s024
0.46176967507220246,1,s024
0.4620905320508484,1,s024
0.46222160710604565,1,s024
0.7615724631631402,1,s024
0.0006918130820496859,0,s024
0.46183801067408004,1,s024
0.7614917758173965,1,s024
0.46239113969887247,0,s024
0.4623222119539816,1,s024
0.46220861834209526,0,s024
0.4620537080624696,1,s024
0.4620506410723819,1,s024
0.46160118905558045,1,s024
0.461972504260602,1,s024
0.4618719278855392,1,s024
0.4617993703815717,1,s024
0.4618365620917435,1,s024
0.4620070800463121,1,s024
0.46223508674105473,1,s024
0.46219925798204065,1,s024
0.46226920220526724,1,s024
0.4620444860812616,1,s024
0.4619120895884523,1,s024
0.46206447937789674,1,s024
0.46191962407402665,1,s024
0.4623687503581215,0,s024
0.4618962678445817,1,s024
0.46199221750330643,1,s024
0.4619437880673616,1,s024
0.4618913800615334,1,s024
0.461806985320677,1,s024
0.4619038674525928,1,s024
0.461737182467191,1,s024
0.46266509880953177,0,s024
0.4619083696738837,1,s024
0.46179425277193564,1,s024
0.4619146190211898,1,s024
0.4620092197209169,1,s024
0.4621049200899221,1,s024
0.4624540087095028,1,s024
0.4620104789182995,1,s024
0.46211920440133003,1,s024
0.462544290087022,0,s024
0.46248770131831973,1,s024
0.4621336618571914,1,s024
0.46224346712777975,1,s024
0.46200917123721386,1,s024
0.4618772155250719,1,s024
0.46252195170351307,0,s024
0.46255549036262456,1,s024
0.46166389404078534,1,s024
0.4623434969689344,0,s024
0.46223840331804356,0,s024
0.46217579842666745,1,s024
0.46280343240225963,1,s024
0.46250184146766005,1,s024
0.462193109887884,1,s024
0.46235238599437634,1,s024
0.4625929721137769,1,s024
0.46190687928472673,1,s024
0.46194504109918855,1,s024
0.46232034557249335,0,s024
0.46208395552785264,1,s024
0.46223059771297903,0,s024
0.46189525946916987,1,s024
0.462238453576054,1,s024
0.7615103011904609,1,s024
0.4619220517932461,1,s024
0.462588750465601,1,s024
0.46240972344959164,1,s024
0.46145548285749016,1,s024
0.46246923152114205,0,s024
0.46231087504774937,1,s024
0.7613615937883147,1,s024
0.4627268913930571,0,s024
0.46185259686955793,1,s024
0.46259219113882244,1,s024
0.4624583860773952,0,s024
0.46168588186828163,0,s024
0.4623852564757067,1,s024
0.4620312092013248,1,s024
0.4617531286732397,1,s024
0.4610704424291774,0,s024
0.4615845733109769,1,s024
0.46291780592044773,0,s024
0.4627033861028882,0,s024
0.46192514312429567,1,s024
0.4616255428241358,1,s024
0.4617526182448617,1,s024
0.4624799766819716,1,s024
0.462030709790751,0,s024
0.4624529396210644,1,s024
0.00014862081778233005,0,s024
0.4623283134498377,1,s024
0.46207538181931707,1,s024
0.4625728000756075,1,s024
0.4620155458621311,1,s024
0.4621781372415046,1,s024
0.4614594177675464,1,s024
0.4617049445915866,1,s024
0.0006483017277494341,0,s024
0.46192667414933797,1,s024
0.4618781966072807,1,s024
0.46253118438416063,0,s024
0.46170202345187206,1,s024
0.46193594639095537,1,s024
0.46164745618079595,1,s024
0.46180143150559205,0,s024
0.761439260658227,1,s024
0.4619537462459167,1,s024
0.46169661419174446,1,s024
0.4614129907090845,0,s024
0.46168898010361525,1,s024
0.46137989951241076,1,s024
0.46138303509581613,1,s024
0.7615749326379013,0,s024
0.4631940918179176,0,s024
0.7616381878255147,1,s024
0.4625004854783128,1,s024
0.46183257527976274,1,s024
0.4620446440626238,1,s024
0.4621114665092265,1,s024
0.4620588238196275,1,s024
0.4619846478523335,1,s024
0.4622264994022953,1,s024
0.4624749514661266,0,s024
0.4626083875330258,1,s024
0.4625402963013201,1,s024
0.4619802298213507,1,s024
0.4618278425416382,1,s024
0.461947484521412,1,s024
0.4620569889606809,1,s024
0.4620587920133805,1,s024
0.4622814480888271,0,s024
0.7615830918596742,1,s024
0.4621088251254133,1,s024
0.46161223859531564,1,s024
0.4623975721748417,1,s024
0.4624738471478922,1,s024
0.7615501062478414,1,s024
0.46241829247198263,0,s024
0.4619520268961572,1,s024
0.46201168728326314,1,s024
0.46204776267694436,1,s024
0.46189049121815473,1,s024
0.46189250211122745,1,s024
0.4615639479367004,1,s024
0.4620532590476809,1,s024
0.46196053723444974,1,s024
0.4625239617406802,0,s024
0.46240945491870367,1,s024
0.46254066795060256,1,s024
0.4624646496908422,0,s024
0.46223575388211247,1,s024
0.462260371279162,1,s024
0.46190330232101506,1,s024
0.4626976877487381,0,s024
0.46210924938156017,1,s024
0.4625696106239203,1,s024
0.4616805555551886,1,s024
0.4618807505255358,1,s024
0.462378147619227,0,s024
0.4618233544771415,1,s024
0.46252792490384964,1,s024
0.46197898388786474,1,s024
0.4619391596652289,1,s024
0.7612951532593963,1,s024
0.46199755417047306,1,s024
0.4620052547852669,1,s024
0.4619673779135276,1,s024
0.46206854787036145,1,s024
0.46224428822453545,1,s024
0.4623404160149922,1,s024
0.4620167208271393,1,s024
0.4621191181780593,1,s024
0.46223148674464554,1,s024
0.461755441292224,1,s024
0.46096621359222767,0,s024
0.4626258473589453,0,s024
0.4615035055927099,1,s024
0.46143764093957995,1,s024
0.4617904848137504,1,s024
0.4623163909984753,0,s024
0.00020917790228924815,0,s024
0.4621509997078841,0,s024
0.46161838998160754,1,s024
0.4630119079094255,0,s024
0.00032076467252450946,0,s024
0.4614236910369316,1,s024
0.46234720447654776,1,s024
0.46108696032457663,1,s024
0.4613794566502223,1,s024
0.46245053823612925,1,s024
0.46242069258706486,1,s024
0.4624627027741115,1,s024
0.46172590253805756,1,s024
0.461625187760238,1,s024
0.46286904359942005,0,s024
0.46134167964023987,1,s024
0.46150571600589885,1,s024
0.4612745537681402,1,s024
0.4618569764381084,1,s024
0.4618229053919616,1,s024
0.4623834624819281,1,s024
0.4619461628149055,1,s024
0.46170072361273773,1,s024
0.4617891607766771,1,s024
0.4610081099607253,1,s024
0.4617403494780561,1,s024
0.46297637253698887,0,s024
0.4617326119709142,1,s024
0.4620126896233494,1,s024
0.46176372811954525,1,s024
0.4617813200657397,1,s024
0.46186542501295325,1,s024
0.4629491782587274,0,s024
0.461523694794316,1,s024
0.46202127620091993,1,s024
0.46189426926021215,1,s024
0.4617929921381365,1,s024
0.46198295863175076,1,s024
0.4628230008633025,0,s024
0.4624822773577555,0,s024
0.4627946023281755,0,s024
0.4619170723756203,1,s024
0.462181555761503,0,s024
0.4620563075840236,1,s024
0.46248940566625274,0,s024
0.46229961543398224,0,s024
0.46228723824771834,1,s024
0.46223004982943583,1,s024
0.4617156654558987,1,s024
0.462348829483868,1,s024
9.056051350375682e-06,0,s024
0.46227923968459894,1,s024
0.4623557735673298,1,s024
0.46250197043387864,1,s024
0.4624460765850402,1,s024
0.46235107651240637,0,s024
0.46232708535287426,0,s024
0.46253190894561413,0,s024
0.46196464625994627,0,s024
0.4619441054278701,1,s024
0.4621698067673883,1,s024
0.46176315368218357,1,s024
0.46103518155810264,0,s024
0.46373257069881846,0,s024
0.46218041846501334,1,s024
0.46238153422370964,0,s024
0.46288478153972035,0,s024
0.46189159305235905,1,s024
0.7615303342416733,1,s024
0.46235203306592254,1,s024
0.46186078850001455,1,s024
0.4617513642598339,1,s024
0.4618650221938714,1,s024
0.46242885215252705,1,s024
0.4618958358930949,1,s024
0.76130277062545,1,s024
0.4620589169923688,1,s024
0.46212260579775744,1,s024
0.462142152244418,1,s024
0.46213217365414194,1,s024
0.4620074746090401,1,s024
0.4620748919164317,0,s024
0.7615389269485091,1,s024
0.462505922720156,1,s024
0.4620001536530538,0,s024
0.46186788273471,1,s024
0.46202913138592505,1,s024
0.46259050398287194,1,s024
0.4621167641836479,0,s024
0.4620838456117924,1,s024
0.46226415497664863,1,s024
0.4617803274292782,1,s025
0.9052536715844819,0,s025
0.4617053963370026,1,s025
0.9051607165062996,1,s025
0.46239535877583027,0,s025
0.4625623413884019,1,s025
0.4622260412711623,1,s025
0.7620751264279702,1,s025
0.4621526451792024,1,s025
0.9052339349565433,1,s025
0.4619344161437182,1,s025
0.7617851041566697,1,s025
0.7616945398859407,1,s025
0.7619232138812162,1,s025
0.7618349943044642,1,s025
0.9052298513328674,1,s025
0.4620412317542011,1,s025
0.46191427841108945,1,s025
0.9052377510364813,1,s025
0.7617607722589723,1,s025
0.4626042413356519,1,s025
0.4626262417570306,1,s025
0.46247175101777716,1,s025
0.46246710202876673,1,s025
0.7618077612813849,1,s025
0.4621226543582071,1,s025
0.46234918527532853,1,s025
0.4622843612656382,1,s025
0.462022592342481,1,s025
0.7616594381388657,1,s025
0.7617313080766153,1,s025
0.46255548440400496,0,s025
0.9051415373601512,1,s025
0.7616815940232431,1,s025
0.9051666840900183,1,s025
0.4623796966743825,1,s025
0.4624354584078305,1,s025
0.46201240461756665,0,s025
0.7616477691245547,1,s025
0.7619400131080154,1,s025
0.4622529821988093,1,s025
0.4621901427557904,0,s025
0.7616942347962774,1,s025
0.4623344371882694,1,s025
0.46176802997601163,1,s025
0.46191566587375377,1,s025
0.4622235961575152,1,s025
0.7617653548444541,1,s025
0.4621600058452333,1,s025
0.46247644070745597,1,s025
0.9640559560113722,0,s025
0.4623308503495913,0,s025
0.4621311865933124,1,s025
0.4626205826103129,1,s025
0.7623710099798424,1,s025
0.7616745702326031,1,s025
0.4620423672421301,1,s025
0.4628904738692574,1,s025
0.7615548453385195,1,s025
0.46227880661326126,1,s025
0.4628863250698747,1,s025
0.46188406152755657,1,s025
0.7619493793219743,1,s025
0.46195570168618016,1,s025
0.46199724863581815,1,s025
0.4620331118439165,1,s025
0.9051771327367955,1,s025
0.46232560765813213,1,s025
0.7617978396564751,1,s025
0.46280180746142485,1,s025
0.46207340400767705,1,s025
0.905182967323686,1,s025
0.4627418946894932,1,s025
0.4624801446099107,1,s025
0.7617855064818446,1,s025
0.7617465924560851,1,s025
0.462539472529256,1,s025
0.7615477451905623,1,s025
0.4623151296698993,1,s025
0.7619840584974251,1,s025
0.7617559683336557,1,s025
0.7617972884668345,1,s025
0.46212146501124907,0,s025
0.46249464395421325,1,s025
0.46231313053625,1,s025
0.46237922422860356,1,s025
0.4626966964587578,1,s025
0.462408179463615,1,s025
0.7615692753224672,1,s025
0.7619387319147402,1,s025
0.4625877443606301,1,s025
0.7609270480460915,0,s025
0.46174011188532704,1,s025
0.4623745362764775,1,s025
0.7617314158869541,1,s025
0.7615534307428484,1,s025
0.9051519004053046,1,s025
0.7616291964946365,1,s025
0.4624426481480768,1,s025
0.46245278208465335,1,s025
0.7617001780259367,1,s025
0.4626813529411533,1,s025
0.4624125796635987,1,s025
0.46221653956846853,1,s025
0.7617236205258662,1,s025
0.4624344390259705,1,s025
0.4625586092970746,1,s025
0.4623372579956191,1,s025
0.4622764482266184,1,s025
0.7617174113058025,1,s025
0.7618219915834199,1,s025
0.7617539153921402,1,s025
0.4626935200467601,1,s025
0.7618933166993618,1,s025
0.46263393918900464,1,s025
0.46281274611167333,0,s025
0.4624220183871941,1,s025
0.7619148431596274,1,s025
0.4628201951712807,1,s025
0.46242875503464465,1,s025
0.4625481043368094,1,s025
0.4623375428734475,1,s025
0.46262165793102095,1,s025
0.46239897168417965,1,s025
0.4622275758974539,1,s025
0.7618973971793586,1,s025
0.4626487855069834,1,s025
0.7617336627477014,1,s025
0.7618261210565773,1,s025
0.4623939950655058,1,s025
0.4626245346318827,1,s025
0.46277884285085835,1,s025
0.46235221006461735,1,s025
0.462360187895813,1,s025
0.46242642047296245,1,s025
0.4622755567651715,1,s025
0.4622448982727063,1,s025
0.4620625222901691,1,s025
0.46219366840966947,1,s025
0.4627139545103365,1,s025
0.7619355008652473,1,s025
0.4628043724895188,1,s025
0.761883796012929,1,s025
0.46261428144793815,1,s025
0.4624086584587348,1,s025
0.4626021195583343,1,s025
0.462435651306601,1,s025
0.462190648013197,1,s025
0.4625656757410528,1,s025
0.46263210411324596,1,s025
0.46217158085804044,1,s025
0.7615589878506668,1,s025
0.7617581508511166,1,s025
0.4618559938441409,1,s025
0.4619713532411005,1,s025
0.46234763442796,1,s025
0.4624162192666601,1,s025
0.46239638472675537,1,s025
0.4622702389715656,1,s025
0.7617950689238375,1,s025
0.462657791197451,1,s025
0.4621799535016109,1,s025
0.46260948275686364,1,s025
0.4621998343949367,1,s025
0.46175717517817816,1,s025
0.4620027419304802,1,s025
0.7617950040465207,1,s025
0.4620618603106672,1,s025
0.46231353171113576,1,s025
0.7617792731036042,1,s025
0.46257850162838166,1,s025
0.46264581111336356,1,s025
0.461821830302765,1,s025
0.4618670057701031,1,s025
0.4617316313372133,1,s025
0.4621835339289808,1,s025
0.7615908541918328,1,s025
0.4625725084101391,1,s025
0.46226135785373823,1,s025
0.76162308461899,1,s025
0.4619487428848952,1,s025
0.4624567123073988,1,s025
0.4624964474833664,1,s025
0.7620498630575532,1,s025
0.46238600731951474,1,s025
0.46285153751451746,1,s025
0.761528559453472,1,s025
0.7616909471760502,1,s025
0.46196759289113953,0,s025
0.4623859432701036,1,s025
0.4624489605355142,1,s025
0.46228393553410174,1,s025
0.4623973861982138,1,s025
0.46243918737075806,1,s025
0.4622583738657269,1,s025
0.0005661082012329288,0,s025
0.46228250735211174,1,s025
0.46270870821037935,1,s025
0.4621081354229457,1,s025
0.4624176277419112,1,s025
0.9053695557113766,1,s025
0.46116230868219743,1,s025
0.46268430547243455,1,s025
0.7614202740853,1,s025
0.46203568665338435,1,s025
0.4621581716415981,1,s025
0.761713693097356,1,s025
0.4625761624619944,1,s025
0.7618074818489091,1,s025
0.4622806942103834,1,s025
0.462431435928387,0,s025
0.46262851366556235,1,s025
9.403874193836259e-05,1,s025
0.4619801636301437,1,s025
0.4627603879466686,1,s025
0.4621736299123531,1,s025
0.462075884292767,1,s025
0.7618002041738767,1,s025
0.46162589462424664,1,s025
0.7617309606762457,1,s025
0.46291067332860836,1,s025
0.7617729480662201,1,s025
0.4622369626757832,1,s025
0.7617146470604121,1,s025
0.4618177890718751,1,s025
0.46231492007493347,1,s025
0.46209918628768354,1,s025
0.4621259306401684,0,s025
0.46264642309753423,1,s025
0.4618278149262003,1,s025
0.7616897010105381,1,s025
0.46174329247666734,1,s025
0.7617526730271038,1,s025
0.4623709114414749,1,s025
0.46215700634385026,1,s025
0.462521938808623,1,s025
0.4625192498863906,1,s025
0.46222974771046954,1,s025
0.46265567418891607,1,s025
0.46230815152569416,1,s025
0.46211993374554994,1,s025
0.7613020724801045,1,s025
0.46247216359730836,1,s025
0.4624320931368433,1,s025
0.4624802529708967,1,s025
0.7618709073743537,1,s025
0.9641082962240188,1,s025
0.4623905638136272,1,s025
0.7615329606369596,1,s025
0.761806545922239,1,s025
0.46193575079088234,1,s025
0.7614837168671635,1,s025
0.462357847737189,1,s025
0.9052206872376245,1,s025
0.46281740163827045,1,s025
0.905275777632375,1,s025
0.9054030026566615,1,s025
0.4628316409475366,1,s025
0.7618458785341082,1,s025
0.4624752518349202,1,s025
0.7616738313501539,1,s025
0.46205745896350403,1,s025
0.7619311496577494,1,s025
0.7616195468395244,1,s025
0.4627334608824676,1,s025
0.46252108217512466,1,s025
0.46241382203421977,1,s025
0.7617715536378042,1,s025
0.46209335049128053,1,s025
0.7619723106350131,1,s025
0.0004314158582030547,0,s025
0.761826920513297,0,s025
0.4626129878022902,1,s025
0.46264308611890304,1,s025
0.761752295028923,1,s025
0.7617068167149912,1,s025
0.7616242422515433,1,s025
0.4624405906588851,1,s025
0.7617682235181269,1,s025
0.905222466870643,1,s025
0.4623391306914073,1,s025
0.46215981982617493,1,s025
0.46191153275626196,1,s025
0.46216029766824307,1,s025
0.9052175582424871,1,s025
0.7615299246593497,1,s025
0.7613528994541456,1,s025
0.4620399635895278,1,s025
0.4619675523285629,1,s025
0.4622039350616489,1,s025
0.4628400626653666,1,s025
0.46240841227943696,1,s025
0.46189873288472216,1,s025
0.7619193956181542,1,s025
0.7617688421135482,1,s025
0.762027543863663,1,s025
0.4623531714953082,1,s025
0.46235238694968195,1,s025
0.4621455404344532,1,s025
0.4621589403786164,1,s025
0.46261148001341,1,s025
0.46273756112781683,1,s025
0.4623467347224668,1,s025
0.4626031136850399,0,s025
0.46200809952955435,1,s025
0.4622126421227932,1,s025
0.46231414173724916,1,s025
0.4624218197274548,1,s025
0.4622160314770236,1,s025
0.4625818067895917,1,s025
0.46189951144197416,1,s025
0.4615240831444729,1,s025
0.4622767905325764,1,s025
0.7617662340831912,1,s025
0.4614846904842851,1,s025
0.46252322909571264,1,s025
0.4622001791595991,1,s025
0.462075467878174,1,s025
0.4624448534792609,1,s025
0.4622538001298797,1,s025
0.46240827614951185,1,s025
0.7617977931714992,1,s025
0.461820060806273,1,s025
0.4619896361820677,1,s025
0.4618957894859401,1,s025
0.46229018678620504,1,s025
0.46238518893880975,1,s025
0.4619824490598414,1,s025
0.4620493896306217,1,s025
0.7616810944661958,1,s025
0.46192540145844774,1,s025
0.9053859676589926,1,s025
0.46217297078003616,1,s025
0.761918246667278,1,s025
0.4624895527589883,1,s025
0.4620079933641308,1,s025
0.4622136408259425,1,s025
0.4620689574343466,1,s025
0.4622750840340386,1,s025
0.4616417736170184,1,s025
0.7617260975176872,1,s025
0.46168913173799764,1,s025
0.46117327337839376,1,s025
0.46180435238230055,1,s025
0.4617482146747405,1,s025
0.46183108599214573,1,s025
0.4618286505853948,1,s025
0.46164303679380403,1,s025
0.000285788812035781,0,s025
0.46242422811907025,1,s025
0.00019393010350543527,0,s025
2.2340607156001724e-05,0,s025
0.7619255415610484,1,s025
0.4614646115028296,1,s025
0.4624180774478224,1,s025
0.46288557737220826,1,s025
0.7616140405043716,1,s025
0.4623113515525923,1,s025
0.46240632638995294,1,s025
0.46190002037507716,1,s025
0.46195201107669637,1,s025
0.46186321924260865,1,s025
0.4621928248340086,1,s025
0.4621375361106552,1,s025
0.46224978018189744,1,s025
0.46222445507623444,1,s025
0.4616789716351537,1,s025
0.4621180277000152,1,s025
0.46234116305721895,1,s025
0.462318040373777,1,s025
0.4619457162492633,1,s025
0.7619253657374618,0,s025
0.4618230864177022,1,s025
0.4618180738787421,1,s025
0.46334228202724037,0,s025
0.4623921264672113,1,s025
0.4623122922562042,0,s025
0.7616631391424438,1,s025
0.462852165214664,0,s025
0.46205361918566745,1,s025
0.4620520991466197,1,s025
0.4614771240550255,1,s025
0.4630209734526973,0,s025
0.4622238138340262,0,s025
0.46186864238393155,1,s025
0.4615047312266629,1,s025
0.46178204473846485,1,s025
0.4622307745680738,1,s025
0.46221009367578936,1,s025
0.46163128773599604,1,s025
0.4621236275362184,1,s025
0.7618641687212846,0,s025
0.4624618326254497,0,s025
0.46186386580317307,0,s025
0.7611909059877662,1,s025
0.7612654478471037,1,s025
0.46211923741062444,1,s025
0.000348749722456132,0,s025
0.4622732896272974,1,s025
0.46188304610012176,0,s025
0.4623195598400558,0,s026
0.46215251269586743,0,s026
0.46227352262005605,0,s026
0.4621527635663467,0,s026
0.4621516720354608,0,s026
0.46219199267048783,1,s026
0.4623489863735102,0,s026
0.00014275082249093352,0,s026
0.46215656446328435,1,s026
0.4621377879448414,0,s026
0.4623667406546985,1,s026
0.4622451368810132,1,s026
0.4620976821609306,1,s026
0.4620670371006508,1,s026
0.4620443968940904,0,s026
0.4625367624213179,1,s026
0.4621945332073556,1,s026
0.4621717968024046,0,s026
0.4622056500061067,0,s026
0.46224351059387625,0,s026
0.4621497301780644,1,s026
0.7614599628095438,0,s026
0.46198310190729397,1,s026
0.4622466601609949,1,s026
0.46218490406321266,1,s026
0.46221257087023493,1,s026
0.4623316820181147,1,s026
0.00011130521098445811,1,s026
0.4620945796822602,0,s026
0.4622002845177142,1,s026
0.46209236153714084,0,s026
0.46242906739320633,1,s026
0.46230257556944054,1,s026
0.4620390086016415,1,s026
0.4621557288631417,1,s026
0.46243175141856985,1,s026
0.4622125975298743,0,s026
0.4621953199310527,1,s026
0.9052185495360638,1,s026
0.46219149519010005,1,s026
0.46221780644473065,1,s026
0.4623400368232411,1,s026
0.4623561655464452,1,s026
0.46225293855229865,1,s026
0.46207766143051754,1,s026
0.46230403483305804,1,s026
0.46234241993481273,1,s026
0.4617037449901953,1,s026
0.4625042182002812,1,s026
0.7618487104110383,0,s026
0.46234433733926505,0,s026
0.46233640791956754,1,s026
0.7616313398616179,1,s026
0.4621833779038973,0,s026
0.46233251245387197,0,s026
0.46201807338123246,1,s026
0.4624360302527477,1,s026
0.46247879621226584,1,s026
0.46210851576738743,1,s026
0.4621822115114582,0,s026
0.46223862356396195,0,s026
0.46242149720515546,0,s026
0.46218594018328263,1,s026
0.4620287053811363,1,s026
0.46197424805272713,1,s026
0.4621525901996215,1,s026
0.461881121383376,1,s026
0.4619952528186091,0,s026
0.462031120821049,1,s026
0.4621421589819996,0,s026
0.7618221621392345,0,s026
0.46227697401662904,0,s026
0.461477326190072,1,s026
0.46210742459525567,1,s026
0.46178516600084074,1,s026
0.4620903697666674,1,s026
0.46242476215433403,0,s026
0.7616136670337876,0,s026
0.7615694010881771,0,s026
0.4624053859154409,0,s026
0.4623579305252763,0,s026
0.462172833479376,1,s026
0.761403894619358,1,s026
0.4626860126355634,0,s026
0.461977033921523,1,s026
0.46227829580618485,1,s026
0.7617815170089743,1,s026
0.7617581692902093,0,s026
0.46213442347176525,0,s026
0.46227211661343137,0,s026
0.46217567452950425,1,s026
0.46222944044843395,1,s026
0.46201088059377926,1,s026
0.7614826576483589,1,s026
0.46241556172553766,1,s026
0.4621476967554896,1,s026
0.46200107047965666,1,s026
0.4620154300317354,1,s026
0.7617585259175774,1,s026
0.46240302172013825,1,s026
0.46171074978539606,1,s026
0.46207799615998857,0,s026
0.7618528755427987,0,s026
0.4623052021109131,0,s026
0.4621198596746994,0,s026
0.4622304487804485,0,s026
0.46233338853306916,1,s026
0.46248608997332674,1,s026
0.7616092043847273,1,s026
0.4621160849985442,1,s026
0.7617373633335434,1,s026
0.9050064583386395,1,s026
0.46210520522099197,1,s026
0.7611208933774427,1,s026
0.7616013827546511,1,s026
0.46190762815862185,0,s026
0.46206424936363,1,s026
0.7617864067964859,1,s026
0.46200307716117517,1,s026
0.4630103863107087,0,s026
0.46209378552087,1,s026
0.46238542684458417,1,s026
0.46198806252261493,1,s026
0.46212048522891735,1,s026
0.4621394921850006,1,s026
0.4621259448235475,1,s026
0.462131056008958,0,s026
0.4620095173514174,1,s026
0.4620690804474181,1,s026
0.4622724079355527,0,s026
0.46216175474370247,1,s026
0.46215884918083083,1,s026
0.46212755963574215,1,s026
0.4627164870005549,1,s026
0.46214303313861116,1,s026
0.46214038957394554,1,s026
0.4621699123854861,1,s026
0.46177245033557957,1,s026
0.7617217858159664,1,s026
0.4624597383859357,1,s026
0.9051821733491217,1,s026
0.4620079841069744,1,s026
0.46255549213625313,1,s026
0.4621294193246599,1,s026
0.46208890038184625,1,s026
0.4621938231827978,1,s026
0.4619577484353581,0,s026
0.46205856590188144,1,s026
0.4621434800543194,1,s026
0.462152068349754,1,s026
0.0004415469942458117,0,s026
0.46206765999716204,1,s026
0.46219519450363333,1,s026
0.4621291399502927,1,s026
0.4621200393953315,1,s026
0.4622156429285842,1,s026
0.46207761498152045,1,s026
0.4619529460602674,1,s026
0.46219426164119404,1,s026
0.462350324973954,1,s026
0.46240397204717665,1,s026
0.4623148632422631,1,s026
0.46230387819485586,1,s026
0.46226410065159906,1,s026
0.7617285008320918,1,s026
0.4622032322866867,1,s026
0.46243314765386456,1,s026
0.46201346614002414,1,s026
0.4623498879969281,1,s026
0.4623774924442541,1,s026
0.4624953975563264,1,s026
0.46214256302948886,1,s026
0.46244687371257065,1,s026
0.7617731171299764,1,s026
0.46201071770289737,1,s026
0.46238279787061387,1,s026
0.4621087828357182,1,s026
0.4623702132697536,1,s026
0.7618614641732888,0,s026
0.4621265267604868,1,s026
0.46212256238585336,1,s026
0.4625153085713727,1,s026
0.4624917413468048,1,s026
0.4620697364709425,1,s026
0.4623580385927042,1,s026
0.4620301848180668,1,s026
0.4621814623987299,1,s026
0.462262175511571,1,s026
0.46239091074743444,1,s026
0.46245607821878965,1,s026
0.761436812589755,1,s026
0.4624641426916496,1,s026
0.46216161813259427,1,s026
0.4624674706021601,1,s026
0.4621977518434901,0,s026
0.46216576922632213,1,s026
0.46223406053601246,0,s026
0.46202294053890447,1,s026
0.7616357858259319,1,s026
0.46255221811026836,0,s026
0.46179249679399503,1,s026
0.4621880373757079,1,s026
0.4620956001926215,1,s026
0.4621309036431551,1,s026
0.4622561591851331,0,s026
0.46240790039733737,0,s026
0.46246315434790186,1,s026
0.4623361139311386,1,s026
0.7617025544066824,1,s026
0.4620896934437655,1,s026
0.4623344270505929,1,s026
0.4620894078438369,1,s026
0.4621877118230888,0,s026
0.46224971707226525,0,s026
0.7617701476881218,1,s026
0.46237551087807693,1,s026
0.4622906569491587,1,s026
0.46234065139109726,1,s026
0.46237302599036467,1,s026
0.4621632180948916,1,s026
0.4624190195644051,1,s026
0.4625601082072104,0,s026
0.4621957256571354,1,s026
0.46227741280589285,1,s026
0.7618351439676239,1,s026
0.46218198418885614,1,s026
0.7616894601649009,0,s026
0.4620965428728441,1,s026
0.46246906128515475,1,s026
0.4624740830956173,1,s026
0.4621442702131833,1,s026
0.4620332685059323,0,s026
0.7618313728034305,1,s026
0.4624459802613001,1,s026
0.4624718397722627,1,s026
0.4623734994023727,1,s026
0.46247992966567697,0,s026
0.7615516392749528,1,s026
0.4617334076260966,1,s026
0.46219845888626954,1,s026
0.4621011928581835,1,s026
0.46229812629550304,1,s026
0.4627564099800259,0,s026
0.46242873822548725,1,s026
0.4626893700255319,0,s026
0.4624487222126017,1,s026
0.7615705199726714,1,s026
0.4621058082856626,1,s026
0.4622116330429529,1,s026
0.7614771617108818,1,s026
0.462156251219356,0,s026
0.46206205073401585,0,s026
0.4625179469746945,0,s026
0.4621097063315862,0,s026
0.7617905834006027,0,s026
0.4622970704518361,0,s026
0.4622797579715654,1,s026
0.4620535884166572,1,s026
0.7618119769802332,0,s026
0.4620465614631235,1,s026
0.7616558080613767,1,s026
0.4621899023845393,1,s026
0.46196170367135836,1,s026
0.4622124707320918,1,s026
0.4620476955170827,1,s026
0.46211616709061154,1,s026
0.4623617476275146,1,s026
0.46214287041734803,1,s026
0.46233552387286214,1,s026
0.4622317536133622,1,s026
0.4621072260954602,1,s026
0.46242220047090155,1,s026
0.4621336711176942,1,s026
0.4623997373737345,1,s026
0.46218523664231315,1,s026
0.46223012461263724,1,s026
0.4621867268488171,1,s026
0.4622858757867485,1,s026
0.4620740390809932,1,s026
0.46209082061492235,1,s026
0.7615933965115353,1,s026
0.46234357341484356,1,s026
0.7616381957727103,1,s026
0.00020181471107538762,0,s026
0.4624483371217947,1,s026
0.46200903621314704,1,s026
0.46211401565453425,1,s026
0.46247825576150436,1,s026
0.4623472267459301,1,s026
0.4622066568383396,1,s026
0.46212816222319053,1,s026
0.46226578120107265,1,s026
0.46230085876136395,1,s026
0.4623514144909815,1,s026
0.4620492941526153,1,s026
0.4622186362343914,0,s026
0.4621292076453887,1,s026
0.4622148341147343,0,s026
0.7615911727195996,1,s026
0.46198391454205057,1,s026
0.7615755327202822,1,s026
0.4623345368337597,1,s026
0.4623377882035875,0,s026
0.4621481943296859,1,s026
0.46233560588225675,1,s026
0.4620479188253517,1,s026
0.4623667364782498,1,s026
0.4622102866475153,1,s026
0.4622787621335618,1,s026
0.4623913211310309,1,s026
0.4624919964819163,1,s026
0.46246992324586866,1,s026
0.4623883996396132,1,s026
0.4622773492915637,1,s026
0.4621884746470408,1,s026
0.4622425663163727,1,s026
0.46232550469596867,1,s026
0.46220204307252555,1,s026
0.4623752170361488,0,s026
0.4623425007693551,1,s026
0.46264679738917547,0,s026
0.46254932972076146,1,s026
0.4626453253508007,1,s026
0.46202231168930386,1,s026
0.90521480441789,1,s026
0.4622411523950929,1,s026
0.46230079623529075,1,s026
0.4624037372421179,1,s026
0.4624168294186288,1,s026
0.46233052501961747,1,s026
0.7618014523300498,1,s026
0.46241463492440205,1,s026
0.4627272528654227,1,s026
0.4621077762395889,1,s026
0.7614776054685428,0,s026
0.4620837658114061,1,s026
0.4617977901228254,1,s026
0.4618665675184743,1,s026
0.46217496406934644,0,s026
0.4625298754488907,1,s026
0.4620744377427608,1,s026
0.4621119717436817,1,s026
0.4621412562418379,1,s026
0.4618492707368418,1,s026
0.761710505782845,1,s026
0.46266033150840524,0,s026
0.4617190509061784,1,s026
0.7615210615293488,1,s026
0.4622011183494339,1,s026
0.46252776407879903,1,s026
0.46206864448834706,1,s026
0.4621119782649836,1,s026
0.7616929813140569,1,s026
0.4615260368837848,1,s026
0.4615409421016181,1,s026
0.4624814623179434,0,s026
0.46199768734681834,1,s026
0.46203442505430803,1,s026
0.462380531533251,0,s026
0.4623558062080555,1,s026
0.4620937919776056,1,s026
0.4620297736689971,1,s026
0.46217088938046613,0,s026
0.4623438568785816,0,s026
0.4623235195157802,0,s026
0.4621734452563617,1,s026
0.4621553364929507,1,s026
0.4621949475522027,1,s026
0.4622516148874223,1,s026
0.46217330286810765,1,s026
0.4622127540661054,1,s026
0.4621622524300628,1,s026
0.4622290308436585,1,s026
0.4621789193522077,1,s026
0.46216550510964804,1,s026
0.4622814333104919,1,s026
0.4623191163183089,1,s026
0.462253989630234,1,s026
0.46234138028188165,1,s026
0.4624167196182942,1,s026
0.9053512446121972,1,s026
0.46223360353376375,1,s026
0.4622009348618068,1,s026
0.4622621465365955,1,s026
0.46225159995229537,1,s026
0.4622742016219261,1,s026
0.9051493735865221,0,s026
0.4620388600442611,1,s026
0.46197664101964686,1,s026
0.462291565824003,1,s026
0.4622860064819727,1,s026
0.4623254525008764,1,s026
0.4624348285720927,1,s026
0.46218258670589885,1,s026
0.462790323106375,1,s026
0.4623866464131263,1,s026
0.4625885886853527,1,s026
0.7616381674790458,1,s026
0.4622895306959043,1,s026
0.46181166726479894,1,s026
0.46175613121814973,1,s027
0.46204854190117683,1,s027
0.7618389756493649,1,s027
0.46257028095526187,1,s027
0.46196825831544874,1,s027
0.7621363119137905,1,s027
0.462607556178142,1,s027
0.46304429028711347,0,s027
0.0005224034721773574,0,s027
0.4621438085070526,1,s027
0.4622470372662495,1,s027
0.9865859703713102,1,s027
0.46281819529529233,1,s027
0.4619872797594424,1,s027
0.4620647601614787,1,s027
0.4615432694541981,1,s027
0.4625618321548548,0,s027
0.46201256203734187,1,s027
0.4620126709168617,1,s027
0.462474302493608,1,s027
0.7617058365550988,1,s027
0.46253738011625467,1,s027
0.4630250235933828,1,s027
0.46237073968945874,1,s027
0.7615566642127569,1,s027
0.7620170509017281,1,s027
0.9866283628653902,1,s027
0.46266186402284415,1,s027
0.4625083779086385,1,s027
0.7622758999372079,1,s027
0.46264703662959605,1,s027
0.7617238176735939,0,s027
0.46203958188999916,1,s027
0.7615872416456584,1,s027
0.462166111154829,0,s027
0.4623256317347726,1,s027
0.46231506194008265,1,s027
0.462405482967976,1,s027
0.46272156055656954,1,s027
0.4622319013571716,1,s027
0.4623240042926582,1,s027
0.4620255959760706,1,s027
0.7614859104366627,1,s027
0.4625692013537914,1,s027
0.46293014834023083,1,s027
0.4626988706869257,1,s027
0.46232083552545133,1,s027
0.9053190602843548,1,s027
0.46212625780493655,1,s027
0.7620229694512375,0,s027
0.7616176600496969,0,s027
0.4623997573636476,0,s027
0.7617174828908142,0,s027
0.46234429896720397,1,s027
0.7621305372527734,1,s027
0.46320299657762654,1,s027
0.4627549841292531,1,s027
0.46233541415458856,1,s027
0.7617035795928175,1,s027
0.4625608789807083,1,s027
0.4624795671129023,1,s027
0.7617686265997163,1,s027
0.4623901307188445,1,s027
0.46229134242533276,1,s027
0.7616700183992098,1,s027
0.7617204914102169,1,s027
0.7618802895457166,1,s027
0.46226403672120875,1,s027
0.7614498403698458,1,s027
0.46213685423194106,1,s027
0.4622280391554776,1,s027
0.46220661651537065,1,s027
0.4623975967866165,1,s027
0.4620354695518032,0,s027
0.4622897167457751,1,s027
0.46217269662527816,0,s027
0.46303441438223847,1,s027
0.462305867393878,1,s027
0.4620433782081115,1,s027
0.4615402815859202,1,s027
0.46257680618968733,1,s027
0.7618419943316788,1,s027
0.4623115487711742,1,s027
0.463218333220637,1,s027
0.4622124348351335,1,s027
0.762355130823636,1,s027
0.4624728707613144,0,s027
0.46212901186230915,1,s027
0.46219190079525085,1,s027
0.4619630866679947,1,s027
0.462329004687422,1,s027
0.7615981572273209,1,s027
0.46211942170297404,1,s027
0.7617047053544466,1,s027
0.46236742488772076,1,s027
0.4624012229256873,1,s027
0.46232164293833766,1,s027
0.46197524819035163,0,s027
0.46229799922336734,1,s027
0.0002671582679878437,0,s027
0.4619793213227952,1,s027
0.762099173024267,1,s027
0.0007285530146250441,1,s027
0.46292778422569425,1,s027
0.46230058039825006,0,s027
0.0010357551243367347,0,s027
0.462655569843331,1,s027
0.46250709726515127,1,s027
0.46240917364708123,1,s027
0.4624702561240841,0,s027
0.46201199855340036,1,s027
0.4625878151999987,1,s027
0.7619580386766247,1,s027
0.4625663007576968,1,s027
0.46293505913177535,1,s027
0.9052371103091572,1,s027
0.46190805207654595,0,s027
0.4621505519575717,1,s027
0.4623403225741396,0,s027
0.46229509786835177,1,s027
0.46200318540108554,1,s027
0.4620606428561087,0,s027
0.46217665002807795,1,s027
0.46220619426907317,1,s027
0.7615776954637237,1,s027
0.4621910989581892,1,s027
0.4628668782973455,1,s027
0.4619262149214851,1,s027
0.4622687763947366,0,s027
0.46184873541552385,1,s027
0.0005648652084269123,0,s027
0.46265476408431394,0,s027
0.46201420645001523,1,s027
0.4626555053016457,0,s027
0.9052645863902236,1,s027
0.46214971134796556,1,s027
0.46219237889942977,1,s027
0.7616946088833758,1,s027
0.4625462389605135,1,s027
0.46235390544824706,1,s027
0.46231231664360584,1,s027
0.46212694956648015,1,s027
0.4622046641908151,1,s027
0.7615393761736107,1,s027
0.46240269168257697,1,s027
0.46222751411768903,1,s027
0.4620853257723829,1,s027
0.7616833010531647,1,s027
0.4623106506174586,1,s027
0.46173463989437846,1,s027
0.46206010584576074,1,s027
0.7615914926114542,0,s027
0.4622786247079529,1,s027
0.46249692998285497,0,s027
0.4623059715215452,0,s027
0.7614428305248435,1,s027
0.46217336873753956,1,s027
0.4622776235448911,1,s027
0.4620550281200555,0,s027
0.46209691440111955,1,s027
0.46213369561898077,1,s027
0.46279009223796597,1,s027
0.46222705760138116,1,s027
0.46232200507996013,1,s027
0.46216664112256156,1,s027
0.46225806346988785,1,s027
0.46208397811225366,1,s027
0.46212104890062955,1,s027
0.7615024709689966,1,s027
0.4623877057283239,1,s027
0.7614779201643196,1,s027
0.46253351767207884,1,s027
0.46205734374315943,1,s027
0.46206967321665493,1,s027
0.4620319338064771,1,s027
0.46227991021150094,1,s027
0.7616153449526171,1,s027
0.4619997557741353,1,s027
0.46200413359807646,1,s027
0.4620171351235307,1,s027
0.4629037676482892,1,s027
0.7617457912351775,1,s027
0.462282233663595,0,s027
0.46218183906935395,1,s027
0.46208956081218044,1,s027
0.46223425584567,1,s027
0.46233632019722326,1,s027
0.46245609862390413,0,s027
0.46234955654804244,0,s027
0.46205292189899216,1,s027
0.46187341904526247,1,s027
0.4625214960077286,0,s027
0.46242813285032436,0,s027
0.4621908908016856,0,s027
0.46240163436371073,0,s027
0.46201486568413097,1,s027
0.4623745785983113,1,s027
0.462117951123187,0,s027
0.4622601748010855,1,s027
0.4623315975918272,1,s027
0.46213881382575317,1,s027
0.46209852842307253,0,s027
0.46219989911129167,1,s027
0.46210191160079184,1,s027
0.46227097975467535,1,s027
0.00042099269764594993,0,s027
3.858436403292309e-05,0,s027
0.46213408459656535,1,s027
0.4623393451578206,1,s027
0.46191697387760167,1,s027
0.9640521102255488,1,s027
0.4620614165673651,1,s027
0.46204090669353315,1,s027
0.4621527844320017,1,s027
0.4620259019956292,1,s027
0.7614610495675318,1,s027
0.46225007816191566,0,s027
0.7616393997616921,1,s027
0.46265736985645267,0,s027
0.46154878141248235,1,s027
0.4624362093375125,0,s027
0.4627456468296809,0,s027
0.4622422736316054,1,s027
0.4620890055390865,1,s027
0.46214965791723484,1,s027
0.4617092404559453,1,s027
0.46235350341990467,0,s027
0.4623785454696059,1,s027
0.4619312900042867,1,s027
0.46223916110503027,1,s027
0.4616966879625639,1,s027
0.4620106081557307,1,s027
0.46237608833907284,1,s027
0.46266521555450213,0,s027
0.4620210905199593,1,s027
0.46205749744631164,1,s027
0.7615029139021339,1,s027
0.46226928298740977,1,s027
0.46178760187959544,1,s027
0.4622434762680039,1,s027
0.4619888470218598,1,s027
0.4622172622146805,1,s027
0.4620018069763667,1,s027
0.46198191529901145,1,s027
0.46230849256260687,1,s027
0.4621598158468161,1,s027
0.46284474527861574,0,s027
0.4620799679543115,1,s027
0.4624631806922612,1,s027
0.46217782099253313,1,s027
0.46240751963408444,1,s027
0.4624615564189789,0,s027
0.00012432862610256556,1,s027
0.46197864159052293,1,s027
0.4625530818125956,1,s027
0.4618481138112278,0,s027
0.46243151878903954,1,s027
0.46250201377437206,0,s027
0.46185726138287064,1,s027
0.461738743340508,0,s027
0.4627760163277572,0,s027
0.46214364556184173,1,s027
0.4627063973332153,0,s027
0.4619996069599972,1,s027
0.7616248616491905,1,s027
0.4621499203476096,1,s027
0.4624035507927131,1,s027
0.46188885524588885,1,s027
0.46277412987437194,0,s027
0.4620051430934762,1,s027
0.4619590932196529,1,s027
0.4615784060199135,1,s027
0.7616366808242048,1,s027
0.46256131996270766,0,s027
0.4619836042914285,1,s027
0.4621122517538059,1,s027
0.46236346634053804,1,s027
0.4617434007396113,1,s027
0.4619651354517995,1,s027
0.4624245803093776,0,s027
0.4621922086072294,1,s027
0.46251629735263666,0,s027
0.46244400888132264,0,s027
0.4619448637923338,1,s027
0.46220833083696466,1,s027
0.4618152781482152,1,s027
0.4621115428354319,1,s027
0.4619918067679536,1,s027
0.46196953782495287,1,s027
0.46237974375044777,1,s027
0.46182228271760106,1,s027
0.462050672869752,1,s027
0.4618629972624799,1,s027
0.4620225630668904,1,s027
0.46195343687571766,1,s027
0.46199654779515287,1,s027
0.4623552179965653,1,s027
0.4619042803118867,1,s027
0.4618921012238091,1,s027
0.4621946787983535,1,s027
0.46223770418030186,0,s027
0.4621722391218954,1,s027
0.46200854220522336,1,s027
0.46168216054815137,0,s027
0.7615245551149239,1,s027
0.4621674906849389,1,s027
0.4620063802429337,1,s027
0.4619190125222674,1,s027
0.46228082184128794,1,s027
0.46208007249034067,0,s027
0.46258290024848225,0,s027
0.7616840428546807,1,s027
0.7614464292066534,0,s027
0.46211603304359383,0,s027
0.7615687979935961,1,s027
0.4616803586710583,1,s027
0.46189192223787323,1,s027
0.7618183286848137,1,s027
0.46181358528539707,1,s027
0.4616157892011521,1,s027
0.46221098608604083,1,s027
0.461682520314201,1,s027
0.761543451008041,1,s027
0.46252489158782106,1,s027
0.4622074460485732,1,s027
0.4624253168712327,0,s027
0.46193327627995795,1,s027
0.7616287241992654,0,s027
0.4622337566889976,1,s027
0.46246892147197727,0,s027
0.462054387668803,1,s027
0.46216932156948287,1,s027
0.4618515842408264,1,s027
0.46220390363574015,1,s027
0.9055147298450392,1,s027
0.0006989792791842753,0,s027
0.46192594147275257,1,s027
0.4621432138363477,1,s027
0.4619973158924906,1,s027
0.46209352123946346,0,s027
0.46180907051604003,1,s027
0.0006563443520712919,0,s027
0.46198894996700623,1,s027
0.4622407863975999,1,s027
0.0003840827733685437,0,s027
0.4621161737235977,1,s027
0.4620489288170826,1,s027
0.46191528076575783,1,s027
0.4618267075189648,1,s027
0.4623311079151089,0,s027
0.7615273584128031,1,s027
0.4621425352939075,1,s027
0.46176720831492046,0,s027
0.7615558556870186,1,s027
0.46221499469968186,1,s027
0.4624070314404509,0,s027
0.7617536659791215,0,s027
0.46227720110827875,0,s027
0.7618997282053988,0,s027
0.4621596588037671,0,s027
0.4621441347906772,0,s027
0.46176731016519135,1,s027
0.46216770946293284,0,s027
0.00038827269887797833,0,s027
0.46206822343253884,0,s027
0.462473711686082,0,s027
0.4623958944026103,1,s027
0.4621116719969871,1,s027
0.462342039480125,0,s027
0.4623293010153682,0,s027
0.4622673053672057,1,s027
0.46186302902688925,1,s027
0.4617795849458439,0,s027
0.4620754953747692,1,s027
0.4627928365276428,0,s027
0.4621759218055319,0,s027
0.4624550242743626,1,s027
0.4622512642997354,0,s027
0.4619947059649505,1,s027
0.4620825990087565,1,s027
0.46205040527356744,1,s027
0.46204431942329305,1,s027
0.4621124328409689,1,s027
0.4619186970748852,1,s027
0.46201488558880865,1,s027
0.4622181610328009,1,s027
0.4620448631429792,1,s027
0.4620750979601489,0,s027
0.7616094799171136,1,s027
0.0005390266548583877,0,s027
0.4621582448854302,0,s027
0.4621569046098519,1,s027
0.46196574572460003,1,s027
0.46214187925998806,1,s027
0.46186948592937216,1,s027
0.46244595828304313,0,s027
0.46207003839126304,0,s027
0.0012407808599366188,0,s027
0.46206176067604443,1,s027
0.46225174346805264,1,s027
0.4618994280591422,1,s028
0.4627003462595243,0,s028
0.4623335470774059,1,s028
0.963987942784911,1,s028
0.4622773027022362,0,s028
0.46173303031133317,1,s028
0.4623356123626041,0,s028
0.4621936081262672,1,s028
0.46228254043717887,1,s028
0.7614122653389976,0,s028
0.4625302112910563,0,s028
0.4627349354526247,1,s028
0.462288532488782,1,s028
0.46246387921411913,1,s028
0.4624132793232125,1,s028
0.4622800237947051,1,s028
0.4624638502125997,1,s028
0.4624715631402758,1,s028
0.4626099113510538,1,s028
0.4624490633174274,1,s028
0.46251156045069,1,s028
0.7616393070221603,0,s028
0.46228441511694185,1,s028
0.4621596918393751,0,s028
0.46270981650498655,1,s028
0.46221363754708045,0,s028
0.4625169574487471,1,s028
0.4623775980595566,1,s028
0.4623868396367401,1,s028
0.4621470403526142,1,s028
0.46199821818788256,1,s028
0.46214245060146797,1,s028
0.4622053104048143,1,s028
0.462353079703715,0,s028
0.461899093249861,0,s028
0.4622625793077608,1,s028
0.46230956140963286,1,s028
0.46214359962633145,1,s028
0.7617145503991338,1,s028
0.4621918453707745,1,s028
0.4620722640105799,1,s028
0.46228654739016894,1,s028
0.4623309841411971,1,s028
0.4621648408511967,1,s028
0.4623018827219738,1,s028
0.46247703050533007,1,s028
0.4624880645087297,1,s028
0.4621138545040129,1,s028
0.4623709750443319,1,s028
0.46265339807505335,1,s028
0.9053255366557929,1,s028
0.4629226705384355,0,s028
0.46234797916750514,1,s028
0.4623249058649199,0,s028
0.46260859546805544,1,s028
0.4623686424270079,1,s028
0.4622914628765873,1,s028
0.46229984812550673,1,s028
0.46238378897076315,1,s028
0.46221760182503835,1,s028
0.46220863075908314,1,s028
0.46267628715224296,1,s028
0.4625718149179654,1,s028
0.46222123035581264,1,s028
0.4622306484197898,1,s028
0.4623756162839001,1,s028
0.4621558693336394,1,s028
0.4622436188665793,1,s028
0.4621973859452977,1,s028
0.462580945874812,1,s028
0.46217995128385914,1,s028
0.46208326580074965,1,s028
0.4623595977497148,1,s028
0.4623117393446925,1,s028
0.4622980716125782,1,s028
0.46223570197450825,1,s028
0.46223349092358745,1,s028
0.46208210748774037,1,s028
0.4623852927803205,1,s028
0.4620550388570679,1,s028
0.46246875173879776,0,s028
0.46202911453664175,1,s028
0.4623901851571066,1,s028
0.4622741346771584,1,s028
0.46221729866732164,1,s028
0.4623343977504324,1,s028
0.4622646470644183,1,s028
0.46236583708337675,1,s028
0.4623245433261183,1,s028
0.4625239166798376,1,s028
0.46244053049813494,1,s028
0.4623561172016146,1,s028
0.4623561820562061,1,s028
0.4622738857416937,1,s028
0.4623925846738295,1,s028
0.46247238109185385,1,s028
0.46239880670439826,1,s028
0.462436896326198,1,s028
0.46253656650577324,1,s028
0.4624367760623673,1,s028
0.46273513244921016,1,s028
0.9053148444310231,1,s028
0.4626265343802549,1,s028
0.4620910179899145,1,s028
0.462320104685072,1,s028
0.46252720459906804,1,s028
0.46242368501059117,1,s028
0.462254407886044,1,s028
0.46227424916463233,1,s028
0.46215964569116674,1,s028
0.4622397283361046,1,s028
0.46210879617298706,1,s028
0.4622199171831638,1,s028
0.4622063296592456,1,s028
0.46215271592716856,1,s028
0.46230806109087386,1,s028
0.4620394186355523,1,s028
0.4622327186494184,1,s028
0.46222784648538773,1,s028
0.4621956188282028,1,s028
0.4616955169513197,1,s028
0.46213372559472554,1,s028
0.4625372617718817,1,s028
0.4621989434718641,1,s028
0.46256896171752926,1,s028
0.46218974464437634,1,s028
0.4622434261769264,1,s028
0.46116250449734264,1,s028
0.4623592846005764,1,s028
0.462169748724095,1,s028
0.462251439259602,1,s028
0.46248211413090257,1,s028
0.462640012318156,1,s028
0.46217315328127806,1,s028
0.46260856618308055,1,s028
0.46269855032243656,1,s028
0.4626867493448301,1,s028
0.46235513948089424,1,s028
0.4621198701003446,1,s028
0.7615787953513273,1,s028
0.4625572830864917,1,s028
0.46199820688944593,1,s028
0.4623602928598043,1,s028
0.4621829619057083,1,s028
0.4621056503486296,1,s028
0.46232658094091783,1,s028
0.46227264101557064,1,s028
0.46235782488399746,1,s028
0.4623486504000387,1,s028
0.4621258819627563,1,s028
0.7615126121157592,1,s028
0.4626781207128139,1,s028
0.4625353567501571,1,s028
0.462212271721288,1,s028
0.46160060847538165,1,s028
0.46216655508103877,1,s028
0.46253521234876827,1,s028
0.4623305517375711,1,s028
0.4624465031050111,1,s028
0.462561302998713,1,s028
0.46239419929809666,1,s028
0.46203776190764434,1,s028
0.4625223903468729,1,s028
0.4622547742306462,1,s028
0.46240804010766445,1,s028
0.46207867121491963,1,s028
0.46215623341637335,1,s028
0.46234569527196645,1,s028
0.4621784411579435,1,s028
0.4623221662642021,1,s028
0.4623303492401438,1,s028
0.4623215886663161,1,s028
0.4624487669027535,1,s028
0.46227310325273296,1,s028
0.4626284117450752,1,s028
0.46245928910698253,1,s028
0.46255807087597334,1,s028
0.4623668094002029,1,s028
0.46194672774053314,1,s028
0.46235225697549764,1,s028
0.46239119289374453,1,s028
0.46238666572886,1,s028
0.4625538124097244,1,s028
0.46208051234590375,1,s028
0.462182846651912,1,s028
0.4624240587117896,1,s028
0.46204915973442984,1,s028
0.7615961310096011,0,s028
0.4624139566835692,1,s028
0.46211742839794745,1,s028
0.46225894569548487,1,s028
0.46204176622126725,1,s028
0.4621364765404643,1,s028
0.46209355547263176,1,s028
0.46219306972275787,1,s028
0.4621912718569292,1,s028
0.4621213295603608,1,s028
0.4621490369345089,1,s028
0.46249198060846664,1,s028
0.46231834547197415,1,s028
0.4623683691716103,1,s028
0.46306591864972924,0,s028
0.4612927493453163,1,s028
0.46122876600418583,1,s028
0.7613565894709209,1,s028
0.7614930207143913,1,s028
0.46122160753721175,1,s028
0.9051478080989679,1,s028
0.4614627756968783,0,s028
0.46224225906356287,1,s028
0.46153617411171033,1,s028
0.4623433022153327,1,s028
0.0006612753730657062,0,s028
0.46244286109756505,1,s028
0.46206668108308513,1,s028
0.46232797653018287,1,s028
0.46175393408830234,1,s028
0.4618194246416587,1,s028
0.46219886622938344,1,s028
0.4622686647195815,1,s028
0.46214226251133983,1,s028
0.46225972592831965,1,s028
0.4620909702417959,1,s028
0.46215814016316914,1,s028
0.46208131244742634,1,s028
0.46161283566759637,0,s028
0.462088320440317,1,s028
0.46233885519455864,1,s028
0.4616172295920731,1,s028
0.46213134202682093,1,s028
0.46229246980311234,1,s028
0.4623582479333377,1,s028
0.46224916982204656,1,s028
0.46152640497198316,0,s028
0.4624135433126917,1,s028
0.4622435326549479,1,s028
0.46210071161562816,1,s028
0.46234882337016736,1,s028
0.7614208433189251,1,s028
0.46218618181941085,1,s028
0.7618087493811956,1,s028
0.46228148152568815,1,s028
0.4624467285922391,1,s028
0.46235798123797234,1,s028
0.4613850127540162,1,s028
0.4622426732596212,1,s028
0.4623170608073859,1,s028
0.46189276025509374,1,s028
0.7612471890779218,1,s028
0.462219257631973,1,s028
0.4614858567450211,1,s028
0.46157671504955977,1,s028
0.46134164552196366,1,s028
0.4613498620090264,1,s028
0.46103013617520716,1,s028
0.4621344041881408,0,s028
0.4620752546746201,0,s028
0.4620299726187833,0,s028
0.4612731388831244,1,s028
0.7612338556666276,1,s028
0.9051252300134387,1,s028
0.4616190554608046,1,s028
0.9050443076016588,1,s028
0.46213716518428183,1,s028
0.4623268289746745,1,s028
0.4622767649395323,1,s028
0.46127884332352087,1,s028
0.4611204701943614,1,s028
0.46180801330877363,1,s028
0.7617865607954308,1,s028
0.4622688604402492,1,s028
0.46155586809376703,1,s028
0.7612862136256593,1,s028
0.4615821535712088,1,s028
0.46215345892112514,1,s028
0.46198445314674985,1,s028
0.7613347028961415,1,s028
0.4618148123381416,1,s028
0.7614458179241781,1,s028
0.46165682027382005,1,s028
0.46189788967790113,1,s028
0.7618480287082487,1,s028
0.4613765066897666,1,s028
0.7617276487407352,1,s028
0.46214628326865514,1,s028
0.46226568927828104,1,s028
0.4623055151972346,1,s028
0.461856034272738,1,s028
0.761482415381318,1,s028
0.7618419802413752,1,s028
0.4623079203627487,1,s028
0.4625601284504719,1,s028
0.46215089836164447,1,s028
0.46209244860579957,1,s028
0.46236343676636915,1,s028
0.4620360168403601,1,s028
0.4624506896533409,1,s028
0.7618568555496825,1,s028
0.4623505489299924,1,s028
0.7618468327576735,1,s028
0.9049298057648134,1,s028
0.7613475516191759,1,s028
0.4617433144803049,1,s028
0.46235959710873065,1,s028
0.7614812929371737,1,s028
0.4621891273450687,1,s028
0.4622068954217007,1,s028
0.7615296090709975,1,s028
0.46211532115059395,1,s028
0.4612262288884985,1,s028
0.4622342605213501,1,s028
0.46260633051363587,1,s028
0.46229289643128557,1,s028
0.4621305256640482,1,s028
0.7617173341097769,1,s028
0.4625560135602462,1,s028
0.4622280428557577,1,s028
0.7614180687581102,1,s028
0.4621876212869265,1,s028
0.46236029032305015,1,s028
0.4619400267989122,1,s028
0.462309984887201,1,s028
0.4623150058113856,1,s028
0.7613510645764334,1,s028
0.4623814049917876,1,s028
0.7613338690596472,1,s028
0.4623084094626533,1,s028
0.7617603158379034,1,s028
0.4623559388394507,1,s028
0.7617632621904658,1,s028
0.7617334748257611,1,s028
0.7617712874859657,1,s028
0.4623497495757818,1,s028
0.4622388263198176,1,s028
0.7615261785367786,1,s028
0.7614152893100918,1,s028
0.46230890224389776,1,s028
0.46230186197393874,1,s028
0.46174974596232077,1,s028
0.7614066410093496,1,s028
0.46237491591765,1,s028
0.46238706301029353,1,s028
0.4626613122794774,1,s028
0.761669450848304,1,s028
0.46233398117815194,1,s028
0.46244308125345923,1,s028
0.4622313736030075,1,s028
0.46218065559060917,1,s028
0.462069418220612,1,s028
0.4618402243861415,1,s028
0.46215053861907696,0,s028
0.46221315179635347,1,s028
0.46242388649235466,1,s028
0.4624375287652964,1,s028
0.46229015235297566,1,s028
0.7618877998396953,1,s028
0.4625903804236349,1,s028
0.46216021957602016,1,s028
0.4623112222960133,1,s028
0.4626576268336664,1,s028
0.46199713830654376,1,s028
0.462099393729517,1,s028
0.46229812526554315,1,s028
0.4622016235480284,1,s028
0.46211636725066896,1,s028
0.46239796196288774,1,s028
0.4621448660580376,1,s028
0.46226956581792344,1,s028
0.46216566003497217,1,s028
0.46228618441730385,0,s028
0.4623251230917471,0,s028
0.4619976400493446,1,s028
0.46218051977887953,1,s028
0.4621100068014383,1,s028
0.46206075720049133,1,s028
0.4622950716760903,1,s028
0.46234870641059467,1,s028
0.7617341092971768,1,s028
0.7611437307980309,1,s028
0.46219231058448984,1,s028
0.4620533223633254,1,s028
0.46215301715742996,1,s028
0.4622565764337485,1,s028
0.46233259356057577,1,s028
0.4621026370965857,1,s028
0.4623848858126476,1,s028
0.46252606859832546,1,s028
0.46230493901498315,1,s028
0.4621515379958192,1,s028
0.4624318811059136,1,s028
0.4623399444380629,1,s028
0.46237830912688316,1,s028
0.46227583227569213,1,s028
0.4622149441316341,1,s028
0.46243829334963293,1,s028
0.4622284852738836,1,s028
0.4622087821523957,1,s028
0.4621917337135264,1,s028
0.4628017745172026,1,s028
0.4620579413574186,1,s028
0.7614522633288492,0,s029
0.0002805258957383483,0,s029
0.0005516838792056777,0,s029
0.46112766297878593,0,s029
0.4624573494546298,0,s029
0.4620850361334359,0,s029
0.46203743744768566,1,s029
0.000126828250620159,0,s029
0.4622132487492958,1,s029
0.00021585898413545301,0,s029
0.4621014311649543,1,s029
0.7616135604840972,0,s029
0.46179676746363185,0,s029
0.4624802287060692,0,s029
0.7615410736523927,0,s029
0.46222785234219277,1,s029
0.46256615023466496,1,s029
0.4622045710798186,1,s029
0.7615977968702436,0,s029
0.46201954355744435,1,s029
0.4622959762133756,1,s029
0.4613932531284455,0,s029
0.4620235173495637,1,s029
7.170577193149619e-05,1,s029
0.46224130695983257,0,s029
0.46232851401723796,1,s029
0.4617561687592482,0,s029
0.4622303424672629,0,s029
0.4625173463601975,1,s029
0.46229520774678523,1,s029
8.84124736058034e-05,1,s029
0.46206469691167795,1,s029
0.4621897435098452,1,s029
0.46228537384601265,1,s029
0.4622658681409977,1,s029
0.46214214222977734,1,s029
0.4623852170369618,1,s029
0.7615878679800527,0,s029
0.4621817910890673,1,s029
0.4621539020587695,0,s029
0.46218253236868034,0,s029
0.4620610025099059,1,s029
0.4620961187424333,1,s029
0.46211246868286593,1,s029
0.4622909998909144,1,s029
0.461834681479685,0,s029
0.4622871715385328,0,s029
0.4622238287961946,0,s029
0.4628009057179865,0,s029
0.4622962944701783,0,s029
0.9051658783947296,0,s029
0.9051622150765546,0,s029
0.4629590022446264,0,s029
0.4621834858738292,1,s029
0.46236563450975754,0,s029
0.46201258373582244,0,s029
0.4627573678107131,1,s029
0.4623578193175839,0,s029
0.7619609141968804,0,s029
0.7615953700808824,1,s029
0.4621169877769118,1,s029
0.4624570738937097,1,s029
0.4621790006298683,1,s029
0.4624525645960855,0,s029
0.4623787808898594,0,s029
0.462317934058847,1,s029
0.4624526085863412,1,s029
0.46229380614061566,0,s029
0.462294797487387,1,s029
0.4623362681864074,1,s029
0.46219923919536066,0,s029
0.4622717835070056,0,s029
0.4620549288114959,1,s029
0.462348574940485,0,s029
0.4622430906302004,1,s029
0.462268896011375,1,s029
0.7616816674451194,0,s029
0.46216209751384363,0,s029
0.4623329807293899,1,s029
0.4622533959664663,0,s029
0.7618501756109393,0,s029
0.46209861259973417,1,s029
0.4624133114395499,0,s029
0.4621756103835335,1,s029
0.46222826017152574,1,s029
0.7619371286884702,0,s029
0.46231037109172357,1,s029
7.403128800098635e-05,1,s029
0.46227564156937473,0,s029
0.46214061348163193,1,s029
0.461787856977826,0,s029
0.46226477106342045,0,s029
0.00012594230581997046,0,s029
0.4623283241824012,1,s029
0.9051616382129792,0,s029
0.4622330374300667,1,s029
0.46238051629303745,1,s029
0.4621037127394405,0,s029
0.46230241682369555,1,s029
0.46195959478712134,0,s029
0.7616232252070412,1,s029
0.4624079276187574,0,s029
0.4620086073058465,1,s029
0.4620105421780789,0,s029
0.46201286737987024,0,s029
0.4623739937861233,1,s029
0.7617920849350797,0,s029
0.46210154404357806,1,s029
0.46242203945477933,1,s029
0.00043887323362268305,0,s029
0.46223507562450794,1,s029
0.4620093774493501,1,s029
0.4620962429116857,1,s029
0.46214322407813113,0,s029
0.4620723974762886,0,s029
0.46206335477635596,0,s029
0.4620594525788877,0,s029
0.462118955659494,1,s029
0.4622058233676938,0,s029
0.4621751130834626,0,s029
0.46199136995145706,0,s029
0.9051856385371448,0,s029
0.46212270992740256,1,s029
0.46202560758070343,0,s029
0.4621043050604854,1,s029
0.4620695606071499,1,s029
0.46227095000899965,0,s029
0.7618039268640759,1,s029
0.4622160862547642,1,s029
0.00017748036441567194,1,s029
0.46210632718515,0,s029
0.46212069179711546,0,s029
0.4621603270686454,1,s029
0.46219883710950715,0,s029
0.462426665472524,0,s029
0.4623883011894272,0,s029
0.462050108964539,0,s029
0.7615973675452865,1,s029
0.4621545046192974,1,s029
0.46218296305206374,1,s029
0.4623164106244615,1,s029
1.3781358012998624e-05,1,s029
0.4622191446722399,0,s029
0.4624088502229493,1,s029
0.46200863759403865,0,s029
0.46215537419042674,0,s029
0.46219556778485926,1,s029
0.4619322066648093,0,s029
0.4620906688792292,1,s029
0.46235973168755895,0,s029
0.46207238669082074,1,s029
0.4622198251080736,0,s029
0.462204916152241,0,s029
0.46227275998401773,1,s029
0.46208892034874705,1,s029
0.4624745117596978,1,s029
0.46224614608225445,1,s029
0.761721298745033,0,s029
0.4621643080815647,0,s029
0.7617035853526624,1,s029
0.4620613560671927,1,s029
0.46216287694837543,1,s029
0.462295984031891,0,s029
0.461966361268769,1,s029
0.46216350490250724,1,s029
0.7616282359126816,1,s029
0.46194485173372324,0,s029
0.4620664805345329,0,s029
0.46217121720504717,1,s029
0.4621660885750245,0,s029
0.46204224993199006,1,s029
0.4621831371988274,0,s029
0.4621289320769071,0,s029
0.46229662830731644,0,s029
0.7616553739883629,0,s029
0.462316234449627,0,s029
0.4621650723285087,0,s029
0.9052651150979152,0,s029
0.4621850321754106,1,s029
0.4623729282237925,1,s029
0.46229369723825964,0,s029
0.46256232274495934,0,s029
0.7615917750385601,0,s029
5.605060002089601e-05,0,s029
0.46259146573168053,1,s029
0.46240537007853266,1,s029
0.4621824622873518,0,s029
0.46223343728393007,0,s029
0.4622852735167322,1,s029
0.4625581666905878,0,s029
0.46219636317040935,0,s029
0.4622178506860726,1,s029
0.4622642090818434,1,s029
0.46234725498572926,0,s029
0.4621574312139203,0,s029
0.4618638988538706,0,s029
0.46244950032588106,1,s029
0.4622603591983958,1,s029
0.4622033991453023,0,s029
0.46215550572873587,0,s029
0.4622361533873103,1,s029
0.4620357687659884,0,s029
0.46249593688191837,1,s029
0.4617552390837756,0,s029
0.4620747747628975,1,s029
0.4621174292170376,1,s029
0.462004716997223,1,s029
0.46197804068881165,1,s029
0.4620023161768372,0,s029
0.4621426019318924,0,s029
0.4621967918101302,1,s029
0.4621010494513973,1,s029
0.7615755435083622,0,s029
0.4622590067522738,1,s029
0.4623971217012435,0,s029
0.46202738454255443,0,s029
0.461902741455418,0,s029
0.7615455747011979,1,s029
0.761681741667164,1,s029
0.4621507331318675,0,s029
0.46210861937999903,1,s029
0.46234515644565954,0,s029
0.46210281306455414,1,s029
0.46238702495180517,1,s029
0.4621924076775912,1,s029
0.462112537906437,1,s029
0.7616126954141713,1,s029
0.46230478051633983,1,s029
0.4621926524216704,1,s029
0.46205511501499164,1,s029
0.4621546665984462,1,s029
0.4623351519847221,1,s029
0.4620970308581467,1,s029
0.4623139600018531,1,s029
0.46219717060667365,1,s029
0.4622347052407023,0,s029
0.462133155719779,1,s029
0.4621654319787847,1,s029
0.4621271809648553,0,s029
0.46230202080705407,0,s029
0.46239471974988455,1,s029
0.46232822988018674,0,s029
0.7615949436191527,1,s029
0.7615322589004376,0,s029
0.462276904272787,0,s029
0.4622637883279288,0,s029
0.46218547343549243,1,s029
0.46217514737456145,1,s029
0.4620162897233633,1,s029
0.46232782126024063,1,s029
0.4622205607489811,1,s029
0.4622825978891565,0,s029
0.462612309173559,0,s029
0.46200399257987,1,s029
0.46297799884226243,0,s029
0.4621482003572899,1,s029
0.46210629498346356,1,s029
0.46206821406573195,0,s029
0.46200960218907405,0,s029
0.00011447736768221972,0,s029
0.46201656291583504,0,s029
0.7615818243930734,1,s029
0.46221209614624126,1,s029
0.4620941223127446,1,s029
0.4625411672096358,0,s029
0.46210148794453754,1,s029
0.4622159813694702,0,s029
0.46224050073271195,0,s029
0.4622875976926957,1,s029
0.4620735319958744,1,s029
0.4623183149467134,0,s029
0.4618783334420111,0,s029
0.462195316730438,1,s029
0.46225033443114594,0,s029
0.4621470854429579,1,s029
0.4621729218949895,0,s029
0.46218258055720063,1,s029
0.46209975883114596,1,s029
0.46222155009176036,1,s029
0.46210601731364265,0,s029
0.4622195534654967,1,s029
0.4621998809227792,1,s029
0.4620510546574639,0,s029
0.905185165455838,1,s029
0.4623578773200132,1,s029
0.9866460988572245,1,s029
0.4625938705511128,0,s029
0.46211901402582933,0,s029
0.4624457755090099,0,s029
0.4624597973007749,1,s029
0.46221432888597147,1,s029
0.46204223682269685,1,s029
0.46249512484790944,1,s029
0.4622009959374691,1,s029
0.4623857457116456,1,s029
0.7616953932037152,1,s029
0.00011285544568950812,0,s029
0.46216846397713995,1,s029
0.462193331670919,1,s029
0.46217064580965794,1,s029
0.46203068229132827,1,s029
0.46225474285198875,0,s029
0.4622056202656559,0,s029
0.00012956022550958401,0,s029
0.4619928387665304,0,s029
0.4620961264252941,1,s029
0.46224854656368164,1,s029
0.4621263104283655,1,s029
0.7616606292865831,1,s029
0.46208659977726807,1,s029
0.4623234866603112,0,s029
0.461878932521546,0,s029
0.46214803347471367,0,s029
0.46237105233368525,1,s029
0.462481491413935,1,s029
0.4620998813258528,1,s029
0.7617055514802655,1,s029
0.46211489187656407,0,s029
0.4620703736575855,0,s029
0.7615966100594367,0,s029
0.46222576180069597,1,s029
0.46222145353998423,0,s029
0.4622608922499578,1,s029
0.7616731317917631,1,s029
0.46235190874146737,0,s029
0.4620016438140828,0,s029
0.7616611318268265,1,s029
0.4624668509675749,0,s029
0.4623319877965433,1,s029
0.4623259033324536,0,s029
0.4622862351547745,0,s029
0.46218313810713885,1,s029
0.4624782789853188,1,s029
0.7616565304249447,0,s029
0.46216021532511187,1,s029
0.46218530086466103,0,s029
0.46203515294054753,0,s029
5.35510635428782e-05,1,s029
0.7617179246880703,0,s029
0.46210066636956904,0,s029
0.4620284193096884,1,s029
0.4623237263355384,0,s029
0.46236587506462046,0,s029
0.46220793130431437,0,s029
0.7614762703535431,0,s029
0.4620929520107715,0,s029
7.201825604474799e-05,0,s029
0.7615832602386479,1,s029
0.7616100346682873,0,s029
0.4622338443621268,0,s029
0.46212227677312323,1,s029
0.46210231509358857,1,s029
0.4621392725501463,1,s029
0.4625790089785795,1,s029
0.7617144018689592,1,s029
0.46204128348475537,1,s029
0.4621635216629809,1,s029
0.4622012510952438,0,s029
0.461917335206379,1,s029
0.4622550262586729,0,s029
0.4619053101190147,1,s029
0.4624174441107307,0,s029
0.4618150999220938,0,s029
0.4621839324985211,0,s029
0.0005624046795404958,0,s029
0.46212926388507825,1,s029
0.46203643064191025,1,s029
2.4974422553336595e-05,0,s029
0.46235480349794056,0,s029
0.4625775850809106,0,s029
0.4621229154510582,1,s029
0.7618150906556156,0,s029
4.400051325248455e-05,0,s029
0.46225793880091937,0,s029
0.46216962015094,0,s029
0.4623724420088853,0,s029
0.00016340268790537849,0,s029
0.4624688581679517,0,s029
0.4622635563938402,0,s029
0.0005429187462200336,0,s029
0.7615007798259203,0,s029
0.4619475470981458,1,s029
0.4619437796670083,1,s029
0.7616610664459469,0,s029
0.4619542778880825,0,s029
0.00015872145989304087,0,s029
0.46198025115596564,0,s029
0.462023043996147,1,s029
0.4623451873339681,0,s029
0.4624450410190388,0,s029
0.7616513880738591,0,s029
0.4619870553944798,1,s029
0.4619469299566896,1,s029
0.4621542411822548,0,s029
0.4622770300645147,1,s029
0.46204681649701995,1,s029
0.4620717452913181,1,s029
0.46206681837334074,1,s029
0.46238875553176206,1,s029
0.46206200799451036,0,s029
0.463498996174583,1,s030
0.7615037783185781,0,s030
0.4624608084127788,0,s030
0.9056121446647933,1,s030
0.9052298394563714,1,s030
0.46313940391677955,0,s030
0.7616845843423306,0,s030
0.46223987078816275,0,s030
0.4616662627207373,1,s030
0.46161142765526497,1,s030
0.4618689480534557,1,s030
0.46200395308183406,1,s030
0.46215226880097116,0,s030
0.46230152134452207,0,s030
0.7614615701749192,1,s030
0.4625059201939772,0,s030
0.4622032338458819,0,s030
0.46183037449074393,0,s030
0.4616695348342892,0,s030
0.7615458435151365,0,s030
0.46224323764096953,0,s030
0.4622893813014255,0,s030
0.7613923949951635,0,s030
0.46339262495283573,1,s030
0.4621894169696692,1,s030
0.7617651401181684,1,s030
0.462244088576897,1,s030
0.4622198885438238,0,s030
0.4623412042121029,1,s030
0.46234633831734784,1,s030
0.7616603770844401,1,s030
0.46208035290801774,1,s030
0.4625033253978619,1,s030
0.46254173231437723,1,s030
0.4621773179269508,1,s030
0.7617424658686418,1,s030
0.4620533424542783,1,s030
0.46225367603473777,1,s030
0.46208668474287395,0,s030
0.46278500651965015,1,s030
0.7616592022763997,1,s030
0.4624380977617961,1,s030
0.4620660824512104,1,s030
0.4624590004334861,0,s030
0.4624812777272418,1,s030
0.46238480191746634,0,s030
0.46207695061300047,0,s030
0.4614848766426203,1,s030
0.46209889725084574,0,s030
0.46303711914420487,1,s030
0.7615453309443445,0,s030
0.46159107342626116,1,s030
0.00023155756752779588,0,s030
0.4620959463167509,0,s030
0.46240644117517404,0,s030
0.761630732214547,0,s030
0.7618168757756572,0,s030
0.00019370824378150964,0,s030
0.461903382480213,1,s030
0.7615459605409964,0,s030
0.7614317785794384,0,s030
0.46229020145688215,0,s030
0.46198155480997616,1,s030
0.4620347954663382,0,s030
0.4622167155389625,0,s030
0.46215771445309595,0,s030
0.4620736014261624,1,s030
0.46221512302382095,1,s030
0.4621229419647266,0,s030
0.46213208821034923,1,s030
0.46207942371049704,0,s030
0.4619833037851928,0,s030
0.7616364768644714,0,s030
0.46204377548333686,0,s030
0.46158162823706417,0,s030
0.4621754284186059,0,s030
0.462464360507689,0,s030
0.4622509971060085,0,s030
8.795984226539488e-05,0,s030
0.4625276734815591,1,s030
0.46223218927195764,1,s030
0.4618774198906246,1,s030
0.4624331078481674,0,s030
0.4622236005575433,0,s030
0.7617369695721627,0,s030
0.46179456567785016,0,s030
0.4622118745934194,1,s030
0.7617827606745187,0,s030
0.4620578585365429,0,s030
0.46226541031008206,1,s030
0.462172907443827,1,s030
0.4620594698855336,0,s030
0.4623090988018568,1,s030
0.7619683934686874,1,s030
0.46199528701395653,1,s030
0.4620762156131202,1,s030
0.4621827879620213,1,s030
0.4623400407879412,0,s030
0.4621811498580415,1,s030
8.76870252950468e-05,0,s030
0.7615205476907378,1,s030
0.4620122835944165,1,s030
0.46213691878162133,1,s030
0.4627481782252003,0,s030
0.0002706923792601401,0,s030
0.7616302644174635,1,s030
0.7618894034581882,1,s030
0.46253585434736433,1,s030
0.4624467316171983,1,s030
0.4624434902567216,1,s030
0.46219938033333774,0,s030
0.46215391481902146,1,s030
0.7616543484847678,1,s030
0.4621699375107191,1,s030
0.46210745725947766,1,s030
0.46268139185037827,1,s030
0.7615794293682461,1,s030
0.46251450231624114,1,s030
0.4625854563778331,1,s030
0.4619552682162156,1,s030
0.4631273287680806,1,s030
0.46231974631069317,1,s030
0.7619688534996087,1,s030
0.4623708710541812,1,s030
0.46252845955856614,1,s030
0.4623735146473793,1,s030
0.46213662288716684,1,s030
0.46176556267023994,1,s030
0.46216413607246687,1,s030
0.4621286690591695,1,s030
0.46218969239992824,1,s030
0.4617960389508864,1,s030
0.4622931992073851,1,s030
0.7612489118622559,1,s030
0.4621868981121118,1,s030
0.4624102831243706,1,s030
0.461903175102391,1,s030
0.7616229734953399,1,s030
0.46218334908760506,1,s030
0.46223993218170345,1,s030
0.4620198535736926,0,s030
0.46208793147056104,1,s030
0.4621466643019334,1,s030
0.46213119069446096,1,s030
0.4617723517113703,1,s030
0.46200854279392356,1,s030
0.4618137983477948,0,s030
0.46204187105218786,1,s030
0.4624188961362121,1,s030
0.4622514143798959,1,s030
0.46219871971764626,0,s030
0.4623654806892219,0,s030
0.7616024047196608,0,s030
0.4619303629982838,1,s030
0.7614918419581833,1,s030
0.4624052231157423,1,s030
0.4621987547024802,0,s030
0.46180572766172245,1,s030
0.4620688442595089,1,s030
0.462041046723328,1,s030
0.0005703694775023305,0,s030
0.4622536499954031,0,s030
0.46265260509400563,0,s030
0.4622061914222808,1,s030
0.7617180149308387,1,s030
0.4622464464724241,1,s030
0.7616410554568285,1,s030
0.4627836633655422,1,s030
0.46213847451338297,1,s030
0.4624343293585831,1,s030
0.761496786108909,0,s030
0.4622949757709187,1,s030
0.46224868536355546,1,s030
0.46236678897154904,1,s030
0.46266741679397083,1,s030
0.4625254268519272,1,s030
0.4625156301175557,1,s030
0.7617286895468978,1,s030
0.4622133363309051,1,s030
0.4621852285470289,1,s030
0.4621659351814946,1,s030
0.7617080976397219,1,s030
0.4622179459987241,1,s030
0.46271902580065594,1,s030
0.46235499991622797,1,s030
0.4618143955197185,0,s030
0.462477700784814,1,s030
0.9052887436246695,0,s030
0.4620053435730491,0,s030
0.761524931547362,1,s030
0.46191314461051025,0,s030
0.4618518513508514,1,s030
0.46240753731429773,1,s030
0.761620244042643,1,s030
0.4624764704385167,1,s030
0.46231215375768686,0,s030
0.46233473659364077,1,s030
0.4622807544021472,1,s030
0.46238913100648515,1,s030
0.462151843917036,1,s030
0.7617596765518546,1,s030
0.4621539102678234,1,s030
0.4621527783256003,0,s030
0.7618638273271179,1,s030
0.46194725413246385,1,s030
0.4621680609606271,0,s030
0.4622379433002124,0,s030
0.4622677899820995,1,s030
0.4622199545332999,1,s030
0.46224433385933894,1,s030
0.46220857937046755,1,s030
0.4621233455651337,0,s030
0.4620877544981754,1,s030
0.46214129726485154,1,s030
0.4619593341375614,0,s030
0.46158602533003656,1,s030
0.46236604816677684,1,s030
0.46195179438882383,1,s030
0.4622160216340401,1,s030
0.4621327843834031,0,s030
0.46232668238764774,1,s030
0.4621589471484153,1,s030
0.46195179862531655,1,s030
0.46211556818870436,0,s030
0.4620033662001748,1,s030
0.46213699758674376,1,s030
0.46214771252989695,0,s030
0.4624804799068414,1,s030
0.4629950626443802,1,s030
0.4619229080339027,0,s030
0.46209676838907576,0,s030
0.4626400382437661,1,s030
0.4621219739069726,1,s030
0.4624627719524954,1,s030
0.4619176165479044,0,s030
0.4622574275217797,0,s030
0.7614295088378982,1,s030
0.4616580048825103,1,s030
0.4615924020322788,1,s030
0.4618348004226005,0,s030
0.46231088988646607,0,s030
0.4620829165406668,1,s030
0.4622601922424856,1,s030
0.4622905392055081,1,s030
0.4621943343964121,1,s030
0.46225045864928815,1,s030
0.46290275169158557,1,s030
0.4623187758569134,1,s030
0.46206450370169616,0,s030
0.4625793633945121,1,s030
0.4622213403644344,1,s030
0.4615671808444195,0,s030
0.4625775245053514,0,s030
0.4621219801543939,1,s030
0.7617137481819489,1,s030
0.46235594326160956,1,s030
0.4620669206481478,1,s030
0.4621199902670392,0,s030
0.4620999515804938,1,s030
0.46209213939893545,1,s030
0.4622754556964912,1,s030
0.46238938511193317,1,s030
0.46197051285758906,1,s030
0.4623676622438453,1,s030
0.46222292299601153,1,s030
0.4621947288278998,1,s030
0.4620553502139615,0,s030
0.46221382026070623,1,s030
0.4621171558834585,1,s030
0.4623711929655385,1,s030
0.461119314699896,0,s030
0.4619496109781078,1,s030
0.7616873693562756,1,s030
0.46244298236562953,0,s030
0.7614798273032664,0,s030
0.4622067147708213,1,s030
0.46227502977618373,1,s030
0.4621078582097877,1,s030
0.0002310313621940452,0,s030
0.4624591499326154,1,s030
0.761585011379833,1,s030
0.7624978091999357,1,s030
0.46217788237204305,1,s030
0.4622411016485908,1,s030
0.7616498131494815,1,s030
0.4622383091892732,1,s030
0.46242153784341045,1,s030
0.4624627355051594,1,s030
0.4624097628074244,1,s030
0.46207902281358915,1,s030
0.7616244499654565,1,s030
0.46234768939776716,1,s030
0.4623088797031083,1,s030
0.4620715264455293,0,s030
0.46196913209865054,1,s030
0.46232908584324584,1,s030
0.7615571950115221,1,s030
0.46259677461580906,1,s030
0.7616427195354363,1,s030
0.7616228202436366,1,s030
0.46166870458170206,1,s030
0.4620115803207958,1,s030
0.4629083037930075,1,s030
0.4629883071135623,0,s030
0.46161158501620014,1,s030
0.46229598055767185,1,s030
0.4623097870811079,1,s030
0.4628943414948803,1,s030
0.4620096303322978,1,s030
0.7618179549599311,1,s030
0.46237668174844426,1,s030
0.4626000899034397,1,s030
0.4621627208706751,1,s030
0.46211910217871766,1,s030
0.4622859043918228,1,s030
0.46244603542166485,1,s030
0.4626064516990547,1,s030
0.4628584727863674,1,s030
0.46299323524467084,1,s030
0.46243770184162125,1,s030
0.46230489745619385,1,s030
0.4620103810911296,1,s030
0.4626697583221031,1,s030
0.4623982918770677,1,s030
0.7615391687381872,1,s030
0.7616485518356286,1,s030
0.4622619989158132,1,s030
0.46281260762942944,1,s030
0.4622790413432729,1,s030
0.46202738489349837,0,s030
0.46266163796637216,1,s030
0.4626772564019943,1,s030
0.46205127956779535,1,s030
0.4619471464258218,1,s030
0.4622224284087304,1,s030
0.46256511101098297,1,s030
0.7615671977645668,1,s030
0.4620549058169978,1,s030
0.4620508247189783,1,s030
0.4620046808381624,1,s030
0.46255398527385805,1,s030
0.4621352315460294,1,s030
0.46239176598205667,1,s030
0.7617175056638665,1,s030
0.46200583501749604,1,s030
0.4625393594957308,1,s030
0.462329269201218,1,s030
0.4624415221848672,1,s030
0.761764457445377,1,s030
0.46222635554336544,1,s030
0.46188603779291304,1,s030
0.4622286723093767,1,s030
0.46246544795110367,1,s030
0.4622793262884013,1,s030
0.7616931060561813,1,s030
0.7617485312581935,1,s030
0.4624095196894067,1,s030
0.4622660805470964,1,s030
0.4624077790476404,1,s030
0.7618006983639507,1,s030
0.4625494108991952,1,s030
0.4623872096180648,1,s030
0.7617868994820054,1,s030
0.4625092366971173,1,s030
0.46259609504305077,1,s030
0.4622768938985753,1,s030
0.462068225897708,1,s030
0.46227822192900625,1,s030
0.4625529600928533,1,s030
0.46231859389297414,1,s030
0.46242609102344523,1,s030
0.7618751998844193,1,s030
0.4622353353224984,1,s030
0.4624696241027346,1,s030
0.7616584749261042,1,s030
0.46208023211284943,1,s030
0.462320623229572,1,s030
0.46189865072600855,1,s030
0.4620741737517535,0,s030
0.46240902986597,1,s030
0.46235794759301774,1,s030
0.46232788189409324,1,s030
0.4622871870784766,1,s030
0.46230413042950524,1,s030
0.4624713210797238,1,s030
0.462110565268423,1,s030
0.4623757599869147,1,s030
0.4625108903741073,1,s030
0.7622426198965284,1,s030
0.4621206123819164,1,s030
0.4622014380119732,1,s030
0.46252972464640574,1,s030
0.4629771178399438,1,s030
0.46333808253077335,1,s030
0.46255147057076473,1,s030
0.4622190028724398,1,s030
0.46250902558978413,1,s030
0.46197750229673096,0,s030
0.46235240711313597,1,s030
0.46291363674204744,0,s030
0.4622721738565798,1,s031
0.4624817793610252,0,s031
0.46190615114446976,0,s031
0.46220158877011386,1,s031
0.46233880518326065,0,s031
0.46208946460301803,0,s031
0.7617614489655198,1,s031
0.46248704259220497,1,s031
0.7618623514807241,1,s031
0.0001511476818161217,1,s031
0.46170950427113056,0,s031
0.7619548040910951,1,s031
0.46250736336747234,0,s031
0.761518447235596,0,s031
0.4617154355887867,0,s031
0.46180366171927534,0,s031
0.4622195884277165,0,s031
0.46176950027222774,0,s031
0.4617488468216402,0,s031
0.0005065424826093956,1,s031
0.46174714042094744,0,s031
0.46283236636369796,0,s031
0.46209106922755416,0,s031
0.00033807867712964956,1,s031
0.4624538468883619,1,s031
0.4625008190897564,1,s031
0.7623728127621232,1,s031
0.4623750990779174,0,s031
0.46320355959859905,1,s031
0.4626397767377166,0,s031
0.46285886449270475,0,s031
0.46204560334079003,0,s031
0.4624469007913108,0,s031
0.4628519222436003,0,s031
0.4619539337569323,0,s031
0.46248164991981633,1,s031
0.46230832690886503,0,s031
0.4621660834830168,0,s031
0.46127687256498895,0,s031
0.7611724841620797,0,s031
0.4628184204378172,0,s031
0.7615916169379251,0,s031
0.7618591425974963,0,s031
0.4620894226337149,0,s031
0.7617523116068954,1,s031
0.7623207480265406,1,s031
0.46211599453198904,0,s031
0.46198291340446707,0,s031
0.00024173687830364443,1,s031
1.483310510042024e-05,1,s031
0.7618161022190586,0,s031
0.46225333346286135,1,s031
0.46232341324392157,1,s031
0.4625098904222036,1,s031
0.4617591650751274,0,s031
0.4621537244582743,1,s031
0.9051974998614438,1,s031
0.46241574121606166,1,s031
0.46163683149087187,0,s031
0.46186836003287457,0,s031
0.4624292260202014,1,s031
0.7618077205538363,0,s031
0.7616571518542405,0,s031
0.7619057455439668,1,s031
0.4624935691877061,0,s031
0.4628275327243565,1,s031
0.4622242630322604,0,s031
0.46282430813884257,1,s031
0.46253078920865365,1,s031
0.4622630830911769,1,s031
0.4624313705455747,1,s031
0.7617236397291136,1,s031
0.46307040725715143,1,s031
0.4622979260334641,1,s031
0.7618026000082458,1,s031
0.7621272874896554,1,s031
0.00022661385749289664,1,s031
0.7614912321436413,0,s031
0.46251273587426467,1,s031
0.4619750933693003,0,s031
0.7616167044598505,1,s031
0.4627667898992145,1,s031
0.7616359121070655,1,s031
0.4619614032334649,1,s031
0.46240893384863146,1,s031
0.4629911728264948,0,s031
0.4619957473229004,1,s031
0.4621839738157043,1,s031
0.4625118861070625,1,s031
0.4628491116867244,1,s031
0.4623156642393502,1,s031
0.46191279590640977,0,s031
0.46202713646934157,0,s031
0.46273303178500647,1,s031
0.4621792168853378,0,s031
0.762103309955974,1,s031
0.4622004132973363,1,s031
0.4623608315599046,1,s031
0.46404472752778436,1,s031
0.46167194394711486,0,s031
0.00011923449993722635,0,s031
0.462395080886006,1,s031
0.4621478427003376,0,s031
0.4619995158955894,1,s031
0.4629339150334242,1,s031
0.46264663918098714,1,s031
0.7617156437571369,0,s031
0.7617887139065513,1,s031
0.761690207446813,0,s031
0.4615950440009413,0,s031
0.4623305029349585,0,s031
0.7615616953819513,0,s031
0.4620813291753689,1,s031
0.46223460432113317,0,s031
0.46211967660109377,1,s031
0.46218175686886975,0,s031
0.4616932265401099,0,s031
0.462718361561107,1,s031
0.46212394962097814,0,s031
0.46252685863053977,1,s031
8.74080696011692e-05,0,s031
0.46249864788665307,0,s031
0.4619917335613586,1,s031
0.4626400928279497,1,s031
0.4619727214418423,0,s031
0.7619077908707292,1,s031
0.46196988519698223,0,s031
0.4619172991499947,0,s031
0.762106383893211,1,s031
0.46249423478019147,1,s031
0.46161937700990285,0,s031
0.4622601385230489,0,s031
0.7618021826746038,1,s031
0.7617486856763964,1,s031
0.7617929995778934,1,s031
0.7617256240603361,1,s031
0.46251550381598716,1,s031
0.4620958724795836,0,s031
0.0004245208134705525,0,s031
0.7618816061708251,1,s031
0.9051819132316901,1,s031
0.4614910105517569,0,s031
0.7616117402546476,1,s031
0.7621039066394604,1,s031
0.46255799500655326,1,s031
0.00017864660173239066,1,s031
0.46199242772569105,0,s031
0.46235853903716984,1,s031
0.4622727585913873,1,s031
0.4624010227586952,1,s031
0.7613411282961442,0,s031
0.00020061754732991766,1,s031
8.711722622933848e-05,0,s031
0.4621952870104229,1,s031
0.4621187288385551,1,s031
0.4625665643701995,1,s031
4.026046930816207e-05,0,s031
0.4624698209205198,1,s031
0.7618349836826503,1,s031
0.7615418192583789,0,s031
0.46286781234179997,0,s031
0.4630550338730173,1,s031
0.7618263413937876,1,s031
0.46242244551514733,1,s031
0.7618836303551559,1,s031
0.7617670002841808,1,s031
0.4625454377577747,0,s031
0.7615741290993518,1,s031
0.4614253357101563,0,s031
0.4622224056399673,1,s031
0.4621586670107254,1,s031
0.46254210504854587,1,s031
0.7618526716005671,1,s031
0.46233555459482467,1,s031
0.46163192099428385,0,s031
0.46277005783149305,1,s031
0.4624135021537372,1,s031
0.46209968688722647,0,s031
0.46223334152374895,0,s031
0.46254391725691946,0,s031
0.46223044888444775,1,s031
0.4623329087911119,0,s031
0.7618605024417306,1,s031
0.7618087540755951,0,s031
0.9053574146261103,1,s031
0.4622093744615605,0,s031
0.4621993991087616,1,s031
0.46161510912198667,0,s031
0.46221227242627827,0,s031
0.7616633081775941,1,s031
0.4620946574704854,0,s031
0.4624112855183369,1,s031
0.4622798069370233,1,s031
0.46278052143303405,1,s031
0.46245083260197517,1,s031
0.4621346106507118,0,s031
0.4619352631457969,0,s031
0.7616716253829492,1,s031
0.4625165075650206,1,s031
0.46129298243257866,0,s031
0.46223316791157054,1,s031
0.4621543465477216,1,s031
0.46208408135330803,0,s031
0.4622494128105872,0,s031
0.46231480551166415,1,s031
0.4616950067355665,0,s031
0.7616492298057029,1,s031
0.46235644595599035,1,s031
0.9052708675878771,1,s031
0.46262396427092733,1,s031
0.4626273962976364,1,s031
0.4623826533506774,1,s031
0.4621933613146292,0,s031
0.7617548126268432,1,s031
0.462302402122007,0,s031
0.46214038832331883,1,s031
0.7617708836823882,1,s031
0.46253981428479274,1,s031
0.46175253736684363,1,s031
0.46227704115601154,0,s031
0.7617885663043231,1,s031
0.46234135717131264,0,s031
0.4620333513256072,0,s031
0.7616765544041939,1,s031
0.4622364210368832,1,s031
0.4622581722571395,1,s031
0.4621224708929381,0,s031
0.46250032207467284,0,s031
0.4622640822251143,1,s031
0.9051777496207773,1,s031
0.4620780693454456,1,s031
0.46209001981610776,1,s031
0.4622676406432704,0,s031
0.4623736939384768,1,s031
0.4626120312210713,1,s031
0.4622871969923561,0,s031
0.4624547292334962,0,s031
0.4620417443556537,1,s031
0.46161351324654887,0,s031
0.905333475999099,1,s031
0.46234119285016173,1,s031
0.0011779005612766458,1,s031
0.7617607307835128,0,s031
0.0006494522915416745,0,s031
0.46223686547248,0,s031
0.4622851218013766,0,s031
0.4620523287953622,0,s031
0.7614901715038083,0,s031
0.46179620713170966,0,s031
0.46179032578203705,0,s031
0.9051292326889513,1,s031
0.46246527536467763,0,s031
0.4626921359229037,0,s031
0.46201750768050887,0,s031
0.7614205894906085,0,s031
0.7617700052323089,1,s031
0.7617511090071898,1,s031
0.46198733182068996,0,s031
0.4626805150034885,1,s031
0.4619882965044313,1,s031
0.7615466349014757,1,s031
0.46217118748777164,0,s031
0.4624751796744977,0,s031
0.7616842752063608,0,s031
0.4625637657257151,0,s031
0.761695148240678,0,s031
0.4624678543935581,0,s031
0.4621563307911709,1,s031
0.7616637425806865,0,s031
0.4621263865184684,0,s031
0.4625597489136464,0,s031
0.46205729916975513,0,s031
0.46226382482640727,0,s031
0.4623698171932593,1,s031
0.761703241164229,1,s031
0.7619923876055834,1,s031
0.4620266805811144,0,s031
0.46227431979168654,1,s031
0.46245059259895416,1,s031
0.46217962327334283,1,s031
0.7619348884506707,1,s031
0.4625387996627697,0,s031
0.46237289192970943,0,s031
0.4619343315103872,0,s031
0.7615366227967946,0,s031
0.4623770993977516,1,s031
0.4622613679283274,1,s031
0.46250899402388934,1,s031
0.46212413280798126,1,s031
0.4623128737617328,1,s031
0.4623041886338397,0,s031
0.4627896539479519,1,s031
0.46211799025991285,1,s031
0.462056631785817,0,s031
0.46208188792532945,1,s031
0.4622137242043405,0,s031
0.46340913898374314,1,s031
0.7621831383630377,1,s031
0.4623038273283009,1,s031
0.46226073291972547,0,s031
0.4621088873282668,0,s031
0.46238221912441424,1,s031
0.46236096742446176,0,s031
0.4626729398548175,1,s031
0.4626921996772073,1,s031
0.4622380525824279,0,s031
0.4614718128269235,0,s031
0.46215191697280456,0,s031
0.46247696433648056,1,s031
0.7618305895636561,0,s031
0.4625080982295622,1,s031
0.4622984352564159,1,s031
0.46190292334037486,0,s031
0.7624388722374167,1,s031
0.4623095250629492,1,s031
0.46231060202888963,1,s031
0.46227585041193975,0,s031
0.9051632358158324,1,s031
0.4623179378030471,1,s031
0.46275411223159524,0,s031
0.46244879639722924,1,s031
0.4621975118685908,0,s031
0.4622459265676204,1,s031
0.4624267651780445,1,s031
0.4618524962127051,0,s031
0.4625186327381001,0,s031
0.7616520376857083,1,s031
0.4620525728775131,1,s031
0.4615802598852563,0,s031
0.7615578363138205,0,s031
0.4625107416647283,0,s031
0.4621297830082034,1,s031
0.7618580127603753,1,s031
0.4623183131347648,0,s031
0.0002874121673364094,0,s031
0.4624040790085804,1,s031
0.7616544449025331,1,s031
3.875652539719887e-05,1,s031
0.4620581493528928,0,s031
0.9640232885031959,0,s031
0.7616960887965252,0,s031
0.4620216845140612,0,s031
0.46211786000707766,1,s031
0.46222139848037735,0,s031
0.7615196855120174,0,s031
5.093817418222457e-05,0,s031
0.4621906673189897,0,s031
0.7616138254814238,1,s031
0.9051315376351283,0,s031
0.46215741283671385,1,s031
0.7616546324846927,1,s031
0.00029421224884451647,0,s031
0.463273092724924,1,s031
0.4623578055899431,1,s031
0.462519476469478,1,s031
0.4626293605137217,1,s031
0.4618999303937177,0,s031
0.4625032856589808,1,s031
0.46234489359094133,0,s031
0.4623326104039558,1,s031
0.4623523187140397,0,s031
0.0001744734778792445,0,s031
0.4625415060243767,1,s031
0.00027076758441935134,0,s031
0.4616213546138983,0,s031
0.46232097728478205,0,s031
0.46184635209433367,0,s031
0.462315377063129,0,s031
0.46197532178727085,1,s031
0.46228805583606936,1,s031
0.4621214674444847,1,s031
0.46188183169919483,0,s031
0.4620541477368618,0,s031
0.4623239998550397,0,s031
0.0007837836310360391,0,s031
0.9051688790750925,0,s031
0.4626210764480696,0,s031
0.46216625021339097,0,s031
0.4624290730773839,0,s031
0.4625116516669776,0,s031
0.46224504874955596,1,s031
0.7616773538584205,1,s031
0.4623255528609673,0,s031
0.4623423221807157,1,s031
0.4623941666415641,1,s031
0.4623486033773043,0,s031
0.46220722333759356,1,s031
0.46231303813976843,1,s031
0.4620112396243843,0,s031
0.46202419548836593,0,s031
0.00027246357399657306,1,s031
0.462372535859066,0,s031
0.00023114277739222366,0,s031
0.46223460572051955,0,s031
0.7616441682603996,0,s031
0.46218354295183595,0,s031
0.4618973158838018,0,s031
0.762192642966451,0,s031
0.4620019024751867,0,s031
0.46222268388807075,0,s031
0.4631886905873477,1,s032
0.4621569602642315,0,s032
0.7616155355402796,1,s032
0.46249046846372543,0,s032
0.4622145245242628,0,s032
0.4621853662481996,0,s032
0.9640527929998437,1,s032
0.0004864904536960868,0,s032
0.46247001252718745,0,s032
0.7619103599764856,1,s032
0.7617654380150096,1,s032
0.4621936505080362,0,s032
0.4619844874948009,0,s032
0.46232886715338894,0,s032
0.7614850099910853,1,s032
0.46206025465796174,1,s032
0.4619407597226437,0,s032
0.462095752934494,0,s032
0.46229658785232086,0,s032
0.7616049399213554,1,s032
0.4623075686301763,0,s032
0.7616882084556418,0,s032
0.46215907209630847,0,s032
0.46221149773693915,0,s032
0.46211615069149814,0,s032
0.46204949253496586,0,s032
0.46284169037305256,0,s032
0.4622556071777537,0,s032
0.46210822398682083,0,s032
0.4621929294480158,0,s032
0.4621933523923505,0,s032
0.4620009301849788,0,s032
0.46219559895528484,0,s032
0.00028822985644216814,0,s032
0.4622060792839908,0,s032
0.4621541093264385,0,s032
0.46216345260063485,0,s032
0.46214465676414385,0,s032
0.46224874172209796,0,s032
0.4622840725927031,0,s032
0.4622206640881721,0,s032
0.4613206275705177,0,s032
0.46237392494381857,0,s032
0.462243293284508,0,s032
0.46225529722983727,0,s032
0.7616782626645471,0,s032
0.46213526965032004,0,s032
0.905280234492589,1,s032
0.4623581013207929,0,s032
0.461941163389999,0,s032
0.7616127004854076,0,s032
0.9051411708308537,1,s032
0.7616919289593618,0,s032
0.7617309332912428,0,s032
0.46206106530181223,0,s032
0.7618570924824335,0,s032
0.461901443240339,0,s032
0.46185154865120936,1,s032
0.4625406594822492,0,s032
0.46203023167544743,0,s032
0.46227614812337214,1,s032
0.4619172980432402,0,s032
0.7620351183325922,1,s032
0.4624676195773283,0,s032
0.4620543571040703,0,s032
0.46202917279618405,0,s032
0.761573006171457,0,s032
0.4624991343224365,0,s032
0.761518664882809,0,s032
0.7617294649093043,1,s032
0.46205053103274096,0,s032
0.4621292408602171,1,s032
0.461989095654306,1,s032
0.46228188282437244,0,s032
0.46264019082207586,1,s032
0.7616128173025172,0,s032
0.46230208731877,0,s032
4.730605561342749e-05,0,s032
0.4619569047974461,0,s032
0.00029957783103085056,0,s032
0.7616053345094809,0,s032
0.46238469225122225,1,s032
0.4620584314096774,0,s032
0.4622683769735658,0,s032
8.735980634511087e-05,0,s032
0.4621523787195676,1,s032
0.7617107923081197,0,s032
0.4621821348405333,0,s032
0.4620918941566552,1,s032
0.46230521996473284,0,s032
0.46208925228181763,0,s032
0.46238918808731344,0,s032
0.4620176585236475,0,s032
0.46212661091214713,0,s032
0.4621474348118879,0,s032
0.7616987139831342,1,s032
0.4617378260482976,0,s032
0.4623883825785884,0,s032
0.46218325797407367,0,s032
0.0003712269634628118,0,s032
0.4621909418534509,0,s032
0.46222308220120834,1,s032
0.4621381499877766,0,s032
0.4621342249621554,0,s032
0.46215136451894256,0,s032
0.46197717781077885,0,s032
0.46199386799258213,0,s032
0.4622395178888692,0,s032
0.4620764207225474,1,s032
0.4621516688531244,1,s032
0.4621274801670421,0,s032
0.7613083717011582,0,s032
0.7615059529856945,1,s032
0.462158864001341,0,s032
0.462483096259088,1,s032
0.462367542566962,0,s032
0.4624352432216907,1,s032
0.4620775483845747,1,s032
0.7617203317433243,1,s032
0.46220593077238736,0,s032
0.7617351416131222,0,s032
0.7615562281718804,1,s032
0.7615270598781418,1,s032
0.46222414618193897,0,s032
0.0002814705583338295,0,s032
0.4625916085832802,1,s032
0.7615925930216898,1,s032
0.4625161856850666,1,s032
0.7617260656700426,0,s032
0.4622426369119448,1,s032
0.46206210625489486,0,s032
0.46229292260386723,1,s032
0.46224509205620223,0,s032
0.7615898897065494,1,s032
0.46224096605798537,1,s032
0.4623353187582788,1,s032
0.4622485331564645,0,s032
0.46216180994257217,1,s032
0.46192633499536906,1,s032
0.4625456558834513,1,s032
0.76162694725715,1,s032
0.7616017811550004,1,s032
0.462131871810622,0,s032
0.00010769063027216141,0,s032
0.9052529398297406,1,s032
0.4622534324216041,0,s032
0.46233108389026656,0,s032
0.46241621175981673,1,s032
0.462055242885715,0,s032
0.46224759522807957,0,s032
0.0006207984112633902,1,s032
0.46270320142025234,1,s032
0.46258585152974696,0,s032
0.4622122135611706,0,s032
0.4624281307518887,0,s032
0.46234118213613495,0,s032
0.46241138250906144,0,s032
0.46216047039995,0,s032
0.4621443751949228,0,s032
0.7616387500203712,1,s032
0.4622023929871739,1,s032
0.46197648999301966,0,s032
0.46192218946532293,0,s032
0.46214208136542867,1,s032
0.46210919239788084,0,s032
0.4621282316869664,1,s032
0.462383678771791,1,s032
0.46232734775784823,1,s032
0.46240701006687024,1,s032
0.4622726080986175,0,s032
0.4620698693200871,0,s032
0.46222976630922563,0,s032
0.7616760713170121,1,s032
0.7617574093535895,1,s032
0.4623398425695835,1,s032
0.46176723312031,1,s032
0.46201810489834694,1,s032
0.46211269373361774,0,s032
0.4619648374689074,0,s032
0.7614836133722778,1,s032
0.7616781731132503,1,s032
0.00036127152553055986,0,s032
0.0006441697632568744,1,s032
0.462193534463033,0,s032
0.7617310503321995,1,s032
0.7617428204211933,1,s032
0.4622486143324025,1,s032
0.7618424808596633,1,s032
0.4621552835688161,0,s032
0.46218313064567673,1,s032
0.46226793916826137,1,s032
0.4622337130414109,1,s032
0.7618903339227772,1,s032
0.4623537266372779,1,s032
0.7616987521494052,0,s032
0.4622112163041996,1,s032
0.46226698494885676,1,s032
7.327347551866481e-05,0,s032
0.46222632484358717,1,s032
0.46217278748804214,0,s032
0.4641761524974122,1,s032
0.4624262568776285,1,s032
0.46210268565581414,1,s032
0.9052293132637264,1,s032
0.46217296105240635,0,s032
0.4620764027559059,0,s032
0.4620281563057782,1,s032
0.46213690587445133,1,s032
0.46204696055280947,0,s032
0.46216545430882405,0,s032
0.46189026950879586,0,s032
9.985104738996498e-05,1,s032
0.7616933143187079,0,s032
0.46204368286611985,0,s032
0.4622051676126422,1,s032
0.9640676905841685,1,s032
0.7616834079848163,1,s032
0.4625888815985577,1,s032
0.00011268334012637382,0,s032
0.46230291795092526,1,s032
0.7616176305802855,0,s032
0.46233689649345755,1,s032
0.46241102648397514,1,s032
0.46220996322475694,1,s032
0.462153944899641,1,s032
0.46216883720119295,0,s032
0.4626016659271619,1,s032
0.46220954667334,1,s032
0.4621312957758128,1,s032
0.4624931574232132,1,s032
0.4628308347704757,1,s032
0.462049302112272,0,s032
0.7619411888720757,1,s032
0.46204010712801047,0,s032
2.2046208727033445e-05,0,s032
0.4622974983789683,0,s032
0.46244511396397536,1,s032
0.46246664802207205,1,s032
0.4620284112524071,0,s032
7.295559526654394e-05,0,s032
0.7617399587934359,1,s032
0.46204372436559615,0,s032
0.9052361956732633,1,s032
0.46265754142592663,1,s032
0.4625051614458249,1,s032
0.4623405894994541,1,s032
0.4618661306600724,0,s032
0.46210768892897724,1,s032
0.4623848060832625,1,s032
0.46232162257173104,0,s032
0.46204149530297256,0,s032
0.46223780064419806,0,s032
0.46170951456955844,0,s032
0.46283217224675255,1,s032
0.46258146639080255,1,s032
0.46212002443437994,0,s032
0.46205877232599346,0,s032
0.4622186377674793,0,s032
0.46254504639351723,0,s032
0.46300487980569294,0,s032
0.46193367329922985,0,s032
0.4623163440670739,1,s032
0.462364060558617,1,s032
0.46241144218415653,1,s032
0.7615927127517199,0,s032
0.4624371363034474,1,s032
0.0003467893011437351,1,s032
0.46242816429602573,1,s032
0.7617686329125479,0,s032
0.4621125115921205,0,s032
0.7616403586808569,0,s032
0.4623607768043412,0,s032
0.462529966884637,1,s032
0.4625750855166908,0,s032
0.4620780307759629,0,s032
0.4623296700815902,1,s032
0.4620630751458712,0,s032
0.4621289302868876,1,s032
0.4627202402036499,0,s032
0.761817571714223,0,s032
0.76171901104116,0,s032
0.46193467882316286,0,s032
0.46243667684985557,0,s032
0.46220024185828645,0,s032
0.9051993016649527,0,s032
0.4626249582918063,0,s032
0.4623064565777222,1,s032
0.46214231715800014,0,s032
0.4621837378815996,0,s032
0.4620234002323087,0,s032
0.46221122953295013,0,s032
0.46224210296961843,0,s032
0.46216233837666576,1,s032
0.761477181256268,0,s032
0.4623241120008361,0,s032
0.7615139501639436,0,s032
0.76165183012793,0,s032
0.46223934606038575,0,s032
0.4626233534197579,0,s032
0.46189039014054245,0,s032
0.46240038377325865,1,s032
0.462488524348563,1,s032
0.46229630087765394,1,s032
0.4623987029408123,0,s032
0.4627863965167922,1,s032
0.46219774692085025,1,s032
0.4616938101430381,0,s032
0.46250180994842793,0,s032
0.46209765840428196,0,s032
0.000256146414572056,1,s032
0.7615190363777691,0,s032
0.00012825054972886996,0,s032
0.46220518418340495,0,s032
0.4621500329769064,0,s032
0.7617504993999531,0,s032
0.7614565877031876,0,s032
0.7614731757047815,0,s032
0.4625401317030504,1,s032
0.46242241452867794,1,s032
0.4620745298839368,0,s032
0.4620949658789968,0,s032
0.0006125186912790959,1,s032
0.46204357691811304,0,s032
0.4622836936852013,1,s032
0.46200460776613483,0,s032
0.46206254535894087,0,s032
0.761720745230742,1,s032
0.46249922487038275,1,s032
0.7616537650470987,0,s032
0.7614674191691606,0,s032
0.46279370114262774,0,s032
0.46205648023974644,0,s032
0.46196597597595535,0,s032
0.4622421349862198,0,s032
0.46189252918272494,0,s032
0.4624451081851011,0,s032
0.46127348830430637,0,s032
0.46211993737139,0,s032
0.7615428897896659,0,s032
2.462640411815542e-05,0,s032
0.46217947253323266,0,s032
0.4621932639173558,0,s032
0.46224130062473856,1,s032
0.46236410934413663,0,s032
0.761574706300141,0,s032
0.4624599495103494,0,s032
0.4625883373117212,0,s032
0.46260170030828607,0,s032
0.4615640241517467,0,s032
0.46226078201268694,0,s032
0.46202896772534907,0,s032
0.46217209281833727,0,s032
0.46236469098379085,0,s032
0.4621568283061721,0,s032
0.4622265043541187,0,s032
0.7617937852157546,1,s032
0.46227934042896623,0,s032
0.4620897836579665,0,s032
0.46215035096209767,0,s032
0.4620719112872216,0,s032
0.46203293252039956,0,s032
0.4622705066869184,1,s032
0.0003753583282950501,1,s032
0.4622645805087675,0,s032
0.46219134153908037,0,s032
0.4620686091051247,0,s032
0.761694953660657,1,s032
0.46207163222316083,0,s032
0.4622474921017443,0,s032
0.46235204035280253,1,s032
0.4622089228509323,1,s032
0.7616868659096565,1,s032
0.7616949925287566,1,s032
0.4626099260044154,0,s032
0.7615812374706876,0,s032
0.46242017752937725,0,s032
0.46216864860945606,0,s032
0.46193939725713995,0,s032
0.46201289231622233,0,s032
0.4622689657605701,0,s032
0.46200056553369606,0,s032
0.46218556120125354,0,s032
0.4619381609603668,0,s032
0.0002487980021046443,0,s032
0.4617202411701238,0,s032
0.46259541397840054,1,s032
0.4618968624786768,0,s032
0.46181293947716706,0,s032
0.4621866134767385,0,s032
0.4619795099233106,0,s032
0.4622887402370004,1,s032
0.4622871810751803,0,s032
0.46217802902279415,1,s032
0.46199755516497776,0,s032
0.46234072875902243,0,s032
0.46236936388879357,1,s032
0.7615132686229784,0,s032
0.4620960419694269,0,s032
0.46210209614178877,0,s032
0.761635645951535,0,s032
0.46296436159465215,1,s033
0.462277948863004,1,s033
0.4623607784187489,1,s033
0.4616493388665286,1,s033
0.46201520744054214,1,s033
0.7616981932814686,1,s033
0.4635423822174589,1,s033
0.7621156990784235,1,s033
0.4630474504311417,1,s033
0.46355304800948516,1,s033
0.4635205244822711,1,s033
0.4626029315220146,1,s033
0.4626482221391548,1,s033
0.7624689448327728,1,s033
0.4622956571139616,1,s033
0.46230613909152285,1,s033
0.4618931704945721,1,s033
0.46329377669957683,1,s033
0.7621311138763371,1,s033
0.46191456212466386,1,s033
0.46252555981499976,1,s033
0.4619672458349664,1,s033
0.4623042596291962,1,s033
0.46243767592578244,1,s033
0.7617836066166002,1,s033
0.7623219076413934,1,s033
0.7623990981240949,1,s033
0.46213198052992754,1,s033
0.46266094026513316,1,s033
0.46253165498385296,1,s033
0.46253816020050253,1,s033
0.4619382908631351,1,s033
0.4616671516237212,1,s033
0.4628941060567253,1,s033
0.761834872032239,1,s033
0.4630975677968392,1,s033
0.7618736574298042,1,s033
0.4630569184413533,1,s033
0.4626843365486939,1,s033
0.4626676440214115,1,s033
0.7620933617602743,1,s033
0.4637906775788281,1,s033
0.7618390835059812,1,s033
0.4622012286561905,1,s033
0.4628575789391032,1,s033
0.463332255828262,1,s033
0.4632300208542688,1,s033
0.46218180244249374,1,s033
0.46242795034511097,0,s033
0.4627501307716453,1,s033
0.46431934544466724,0,s033
0.4627319877534586,0,s033
0.4617039818674409,1,s033
0.46194631964539057,1,s033
0.4618510979716046,1,s033
0.4622908709206688,1,s033
0.4625168148801291,1,s033
0.4617265859263906,1,s033
0.46221079802939413,1,s033
0.46177754942535976,1,s033
0.4611122236439351,1,s033
0.7613645103093869,1,s033
0.4618269903471006,1,s033
0.46236542935034763,1,s033
0.46285792294022254,0,s033
0.46172883628975114,1,s033
0.4620245516463606,1,s033
0.46224757129857785,1,s033
0.4620697696181819,1,s033
0.46235832378807395,1,s033
0.4622645273954318,1,s033
0.46209068360078565,1,s033
0.4620156868235592,1,s033
0.7622655248599415,1,s033
0.4619092566627532,1,s033
0.4621625214596856,1,s033
0.7617922149557674,1,s033
0.7613748259097315,1,s033
0.4622877877115006,1,s033
0.4614951454021399,1,s033
0.46200732575159686,1,s033
0.7619355180115577,1,s033
0.4621907404673795,1,s033
0.46186591303446445,1,s033
0.46206020307246787,1,s033
0.46319723321495676,1,s033
0.4616057680775656,1,s033
0.46243959737554907,1,s033
0.4623694752831813,1,s033
0.4621225433758507,1,s033
0.46339853955355603,1,s033
0.905528704717006,1,s033
0.9053096755599637,1,s033
0.4621123804132541,1,s033
0.46208658766229305,1,s033
0.4628338856134835,1,s033
0.46259056020025535,1,s033
0.7620416062580626,1,s033
0.4619544477590001,1,s033
0.4623680116395199,1,s033
0.4624879214021067,1,s033
0.4617833772465747,1,s033
0.0010453048780842966,0,s033
0.46177982066965817,1,s033
0.4630959700763877,1,s033
0.7615313298858934,0,s033
0.4629507446290786,0,s033
0.46176245819064654,1,s033
0.46191204944186315,1,s033
0.7619491379551178,1,s033
0.4616204116070546,1,s033
0.7616050107565127,1,s033
0.4614016465268951,1,s033
0.4617752075928847,1,s033
0.4620633098027178,1,s033
0.7615683568102294,1,s033
0.4633845671098371,0,s033
0.4623403738895382,1,s033
0.7613977133229659,1,s033
0.4621786790950446,1,s033
0.4617273045911512,1,s033
0.46151791635787975,1,s033
0.7615979904581098,1,s033
0.7617620856639278,1,s033
0.46129149471139996,1,s033
0.7610305164485598,1,s033
0.46182551030035635,1,s033
0.4619055101666367,1,s033
0.4628290713404737,1,s033
0.4620667649124328,1,s033
0.46179760602873143,1,s033
0.7619675281222553,1,s033
0.4623853893650911,1,s033
0.46206164956276474,1,s033
0.46188188892749826,1,s033
0.46282632865200357,0,s033
0.46157100996129086,1,s033
0.46218226681464314,1,s033
0.4618662898715584,1,s033
0.46196617788792294,1,s033
0.4630527488605627,0,s033
0.4622062976804644,1,s033
0.4618800822948126,1,s033
0.4620571883843261,1,s033
0.4623236148516525,1,s033
0.7615448704448811,1,s033
0.461774827845004,1,s033
0.46194063338035285,1,s033
0.46238449033230067,1,s033
0.7618078372683237,1,s033
0.46274802993624586,1,s033
0.761492094913579,1,s033
0.4620960182927607,1,s033
0.46353243628058505,1,s033
0.46264445180566804,1,s033
0.4619335041072523,1,s033
0.46235814674476194,1,s033
0.46210003501659735,1,s033
0.46176437788822255,1,s033
0.4624857581645816,1,s033
0.46200870392577165,1,s033
0.4621197285084935,1,s033
0.4628664032546841,1,s033
0.46196790528840936,1,s033
0.7617787071913946,1,s033
0.4621075679019404,1,s033
0.4622255914018225,1,s033
0.4625110807114976,1,s033
0.4625029702493171,1,s033
0.4623040309247033,1,s033
0.46247548217614964,1,s033
0.46212869126555045,1,s033
0.7618175865642667,1,s033
0.4622388553644725,1,s033
0.4625730040834215,1,s033
0.4620404846027031,1,s033
0.46206462303994544,1,s033
0.7618043592830408,1,s033
0.46248765921051427,1,s033
0.46238190250660294,1,s033
0.4618744999738309,1,s033
0.46217979482301774,1,s033
0.46196601224037304,1,s033
0.4621425526980094,1,s033
0.4619417334131273,1,s033
0.46163818245613575,1,s033
0.46185826185408074,1,s033
0.46282796605234955,1,s033
0.4619580968400234,1,s033
0.46216028361218675,1,s033
0.46226273561360354,1,s033
0.46250447714709275,1,s033
0.4628400687475609,1,s033
0.462543351576848,1,s033
0.46248059162633837,1,s033
0.461526831585525,1,s033
0.46195421781003354,1,s033
0.4619074395993852,1,s033
0.46274060849102083,1,s033
0.46204815800733967,1,s033
0.4629241051660531,1,s033
0.4625979048136586,0,s033
0.7618493631775753,0,s033
0.7613507884844688,1,s033
0.46114261668638656,1,s033
0.46193940289673807,0,s033
0.4620562391329688,1,s033
0.4622976762798594,1,s033
0.4620676905514107,1,s033
0.4621523155825089,1,s033
0.46186004777907197,1,s033
0.4626872797497483,1,s033
0.46245110589627747,1,s033
0.4632267398034833,1,s033
0.762024660483398,1,s033
0.462229698139329,1,s033
0.7617135001496271,1,s033
0.46211527299155475,0,s033
0.4616902723816636,1,s033
0.46274514360219676,1,s033
0.4625959733320397,1,s033
0.46205442224519033,1,s033
0.4634582097797444,0,s033
0.4619996507020485,1,s033
0.46245196544378797,1,s033
0.46172479469333716,1,s033
0.7616459070134285,1,s033
0.46219752192881347,1,s033
0.46223279188630717,1,s033
0.4628096897241838,1,s033
0.46219590058538484,1,s033
0.4619966812099108,1,s033
0.46350081234204676,1,s033
0.46227160267260103,1,s033
0.4619113188910242,1,s033
0.4622899119825117,1,s033
0.46253343262551594,1,s033
0.46257441667110566,1,s033
0.7618300209012081,1,s033
0.4622400877602406,1,s033
0.7618324778780035,1,s033
0.4618092368873623,1,s033
0.7621750596913837,1,s033
0.4628197146639117,1,s033
0.4624421877813494,1,s033
0.4621901401829893,1,s033
0.46173062101517237,1,s033
0.462567836371911,1,s033
0.7615497068414481,1,s033
0.4618600255716041,1,s033
0.46204943081262817,1,s033
0.7618248022665379,0,s033
0.7624596130725012,0,s033
0.4632072052757237,0,s033
0.4620657024553456,1,s033
0.46219912365719984,1,s033
0.46148330461841214,1,s033
0.46202076143008597,1,s033
0.7614041714476896,1,s033
0.46206343501516023,1,s033
0.4614307905029069,1,s033
0.4630351299680968,1,s033
0.7614533822315928,1,s033
0.4610461636354395,1,s033
0.4619213080372493,1,s033
0.4629742250873472,0,s033
0.46144067452216,1,s033
0.46176860432208255,1,s033
0.46171917392186135,1,s033
0.4625459225713202,0,s033
0.7616395944039969,1,s033
0.46183972603537304,1,s033
0.4614257169437721,1,s033
0.46182625308774994,1,s033
0.4617865701679227,1,s033
0.46189907593920254,1,s033
0.4618975620751773,1,s033
0.46178897264166885,1,s033
0.46208411482989753,1,s033
0.46174936335864936,1,s033
0.4622447813261359,1,s033
0.4620664157634091,1,s033
0.4621753226485854,1,s033
0.46142898259643506,1,s033
0.7618490483469262,1,s033
0.7619281464972698,1,s033
0.4616909866447483,1,s033
0.46182592063895167,1,s033
0.7619063834578852,1,s033
0.46164924373570426,1,s033
0.4618136686518308,1,s033
0.7615658143908743,1,s033
0.46223468108063415,1,s033
0.46240943061872675,1,s033
0.46264711639374,1,s033
0.7618957378706663,1,s033
0.4622335744943742,1,s033
0.4626245463390617,1,s033
0.4622115656753125,1,s033
0.4626664299461436,1,s033
0.461279190450943,1,s033
0.00010648374675437111,0,s033
0.4618353271786855,1,s033
0.46166041643038036,1,s033
0.4618052472777361,1,s033
0.46165086095350993,1,s033
0.46165674891561825,1,s033
0.46249603504525916,1,s033
0.46185958194515386,1,s033
0.46176883391486023,1,s033
0.46214869106345646,1,s033
0.46149989343323994,1,s033
0.4609443047728279,1,s033
0.4629015442948585,1,s033
0.46315651239524414,0,s033
0.7618061960556881,1,s033
0.46271679917939856,0,s033
0.4619424130694447,1,s033
0.46179434109279693,1,s033
0.46207081671037264,1,s033
0.46172232533479884,1,s033
0.46203184161893973,1,s033
0.46201461148062606,1,s033
0.4615052457683759,1,s033
0.46199054821316565,1,s033
0.4616371342468526,1,s033
0.46177420838448446,1,s033
0.4623623950560549,1,s033
0.46292303587629036,0,s033
0.46174612087463607,1,s033
0.46181550816935757,1,s033
0.46181629395300683,1,s033
0.46178539091282844,1,s033
0.4617349103915045,1,s033
0.4628405216910665,1,s033
0.4620267418702133,1,s033
0.46233006101624285,1,s033
0.46237511293853006,1,s033
0.4620314129366714,1,s033
0.761624724457068,1,s033
0.46181043995434434,1,s033
0.4622377870483454,1,s033
0.4617692292520754,1,s033
0.46223327168599604,1,s033
0.4623115947788359,1,s033
0.4620801995757138,1,s033
0.46214583786437324,1,s033
0.46174769957314066,1,s033
0.4618211530610956,1,s033
0.46101442650662583,1,s033
0.46243625410457323,1,s033
0.4624601773058754,1,s033
0.46182078182856623,1,s033
0.4618643209029518,1,s033
0.46217785064099415,1,s033
0.7611576492209009,1,s033
0.4619772879364159,1,s033
0.4621573786961477,1,s033
0.46148871097879707,1,s033
0.46307543381054006,0,s033
0.4614395358659398,1,s033
0.46176194842769913,1,s033
0.46177414501275416,1,s033
0.46206790403974307,1,s033
0.4612119223132971,1,s033
0.4626829184485566,1,s033
0.4614912740900192,1,s033
0.46179816310897936,1,s033
0.46169857141639703,1,s033
0.4605442966317619,1,s033
0.4622314865933361,1,s033
0.4621549038117594,1,s033
0.7616428692410753,0,s033
0.4615867497452881,1,s033
0.46146895733919613,1,s033
0.46253215003014425,1,s033
0.4615198046110074,1,s033
0.4617818721512583,1,s033
0.4614745869432204,1,s033
0.46279955802731965,0,s033
0.46118142142571217,1,s033
0.46178824521896056,1,s033
0.4615785218516961,1,s033
0.4628370818659462,0,s033
0.4618936629839745,1,s033
0.4622612291585899,1,s033
0.46233352659856686,1,s033
0.4627903423193991,1,s033
0.4616629842861635,1,s033
0.46194437269117694,1,s033
0.4622543742824736,1,s033
0.462000506896717,1,s033
0.7619860059611263,1,s033
0.46139687872256996,1,s033
0.4614773872327358,1,s033
0.46159209046023375,1,s033
0.46186502305546795,1,s033
0.46213307699259376,0,s033
0.4624528786643034,1,s033
0.4630491591687298,1,s033
0.0002507739314314694,0,s034
0.46205266963896885,0,s034
0.46203554841815464,1,s034
0.4620512830365897,1,s034
0.4617602199961981,0,s034
0.46178203210038626,0,s034
0.9866332816574339,1,s034
0.46220959182592547,1,s034
0.46288494005750724,1,s034
0.4625959716574126,0,s034
0.4618262566894291,1,s034
0.4621978697095015,1,s034
0.46244612893207315,0,s034
0.4622431089657413,0,s034
0.4622223786498585,1,s034
0.4623388851543673,1,s034
0.4620600781112971,1,s034
0.461830188591579,1,s034
7.588481594567043e-05,0,s034
0.4617176695755343,1,s034
0.4620739783464829,0,s034
0.46234915212145,1,s034
0.4621163766777443,0,s034
0.4622144643067978,1,s034
0.4626096830998705,0,s034
0.7617209148145416,1,s034
4.8323115015014295e-05,0,s034
0.46257378729988163,0,s034
0.4620483420427046,1,s034
0.46262208878116584,0,s034
0.4619232392145254,1,s034
0.4620206988401876,1,s034
0.4620976012348774,1,s034
0.46218009610367194,0,s034
0.462210946004028,0,s034
0.4619519450527043,1,s034
0.462342726759732,1,s034
0.4622566205791454,1,s034
0.4624713738003776,0,s034
0.4634385317537788,1,s034
0.46171280874829757,1,s034
0.46218277935778507,1,s034
0.4623585147787863,1,s034
0.462274754131597,1,s034
0.7618217560299709,1,s034
0.7615083792879627,1,s034
0.7616001844121816,1,s034
0.4624561989651912,1,s034
0.7616176511466082,1,s034
0.4620708822835593,0,s034
0.762440209178723,0,s034
0.46231785858120666,1,s034
0.7620308975919223,0,s034
0.4622669822572163,1,s034
0.462225384062551,0,s034
0.7614070806865496,1,s034
0.4621391744995986,1,s034
0.7615130224269371,1,s034
0.4621871374372519,0,s034
0.46182359487696534,1,s034
0.0007524707658677077,0,s034
0.46187804626754136,1,s034
0.4625487564225266,1,s034
0.4620113425798891,1,s034
0.9640464620146654,1,s034
0.4621385304430521,1,s034
0.462545616965476,1,s034
0.4622354548966139,1,s034
0.46188528886846325,1,s034
0.7616009993474149,1,s034
0.46209919285585666,1,s034
0.7617377596322001,1,s034
0.46215932011551564,1,s034
0.4621472818242318,0,s034
0.4621946046378067,1,s034
0.4624078315820137,1,s034
0.7615730898796449,1,s034
0.4630346227035824,1,s034
0.9052395631256323,1,s034
0.46248065184312614,1,s034
0.761620845767927,1,s034
0.7616753999926518,1,s034
0.9051276474606256,1,s034
0.4626913461264337,1,s034
0.46217818199622673,1,s034
0.46245824084036147,0,s034
0.46233970096323573,1,s034
0.7615921532873251,1,s034
0.46238674182157236,0,s034
0.46241428666409123,0,s034
0.46192260365124915,0,s034
0.46228695910854345,0,s034
0.4619586157023057,1,s034
0.7616111197907434,1,s034
0.4621789726834096,1,s034
0.46200896841991557,1,s034
0.46164882649507666,0,s034
0.46274610684123685,0,s034
0.0006029665048028487,0,s034
0.00013336759297088996,0,s034
0.00032744901418912953,0,s034
0.46175750175398345,1,s034
0.00011523068985552776,0,s034
0.4621038831572384,1,s034
0.7616227483211992,0,s034
0.46235218395466093,1,s034
0.46235117726670727,1,s034
0.9640222493734181,1,s034
0.46224748965516915,1,s034
0.46192369439270076,1,s034
0.46189842943498083,0,s034
0.7615574038105539,1,s034
0.46234892835888797,0,s034
0.46212078216667707,1,s034
0.462362226984264,1,s034
0.46239155496023376,0,s034
0.46234181308058075,1,s034
0.46236135168361203,1,s034
0.7616124057419218,1,s034
0.46244817336896826,0,s034
0.4621979355485155,1,s034
0.46201558896850226,0,s034
0.46192683940537904,1,s034
0.46224784071405134,1,s034
0.46228179777318834,0,s034
0.4618961331735607,1,s034
0.7615380219621539,0,s034
0.761734881089078,1,s034
0.4623207968981011,1,s034
0.7614955717257612,1,s034
0.4620048686656131,0,s034
0.7615003440178958,1,s034
0.7617317098535572,1,s034
0.462371103829742,0,s034
0.4622389456973073,0,s034
0.46211056895075986,1,s034
0.0006996033227641973,0,s034
0.46190990787017827,1,s034
0.4622369630039649,1,s034
0.4621767476646701,1,s034
0.46233594374930487,1,s034
0.00021575726203204582,0,s034
0.4625368503695273,1,s034
0.46234098256844924,1,s034
0.4624928809850892,1,s034
0.462636624526664,1,s034
0.4627341114935273,1,s034
0.761783265859203,1,s034
0.46223695874761783,0,s034
0.4623429960885981,1,s034
0.7618898329815149,1,s034
0.46233492520546804,0,s034
0.4621636788303203,0,s034
0.4620569045291989,0,s034
0.46193752849242564,1,s034
0.0003908782381170095,0,s034
0.462081164971305,0,s034
0.7615633824973027,1,s034
0.9052124543688351,0,s034
0.4619393000018752,1,s034
0.7620477712127085,1,s034
0.46224767311240833,0,s034
0.0006933589928064254,0,s034
0.761645556746998,0,s034
0.7620167065505252,0,s034
0.46204707954250157,0,s034
0.761557111680998,1,s034
0.4621154722284213,1,s034
0.7617550236025512,0,s034
0.462358509724178,0,s034
0.4625483276916229,0,s034
0.461918140105102,1,s034
0.46226411388667854,0,s034
0.0008635065550601784,0,s034
0.0002430027248603306,0,s034
0.46223122605815137,1,s034
0.46240898826248467,0,s034
0.46223584192252143,1,s034
0.4621319679538216,1,s034
0.4618715336684509,1,s034
0.7617672264429762,1,s034
0.462771071368157,1,s034
0.46210549235264065,0,s034
0.46217359080708587,0,s034
0.7615874772142817,1,s034
0.7616424011754539,1,s034
0.7617451704444766,1,s034
0.905084637492459,0,s034
0.7616677442566915,0,s034
0.7615615797922479,0,s034
0.00022150471786841486,0,s034
0.46216876037224375,0,s034
0.4620893970170139,1,s034
0.462076756132596,1,s034
0.46187539358302465,1,s034
0.9051442088767365,1,s034
0.46194817600546156,1,s034
0.4621049610997645,0,s034
0.4620707901367216,1,s034
0.4622554255060458,0,s034
0.46232543493634903,1,s034
0.4620984081838164,1,s034
0.4622197481005861,1,s034
0.4619800109164047,0,s034
0.4627628841007583,1,s034
0.46229742145520647,1,s034
0.7616210050515309,0,s034
0.4625582937127277,1,s034
0.46188636438469244,1,s034
0.46185356781417797,0,s034
0.4620159265053916,1,s034
0.462275629483043,0,s034
0.46249357402437496,1,s034
5.428264255868953e-05,0,s034
0.462340401494008,1,s034
0.4624309075597044,1,s034
0.4621334139207862,1,s034
0.4623202108529645,1,s034
0.46223500425923114,1,s034
0.7616782065744221,1,s034
0.46244423477499996,1,s034
0.4621393951237378,0,s034
0.46204746660654705,1,s034
0.46219344007625995,1,s034
0.7617918080029946,1,s034
0.7617752882070399,1,s034
0.4620776482761857,1,s034
0.4622464559529076,1,s034
0.46212717900684885,1,s034
0.4623044086618566,1,s034
0.7616398943868121,1,s034
0.4619950077991182,0,s034
0.7615757484220884,0,s034
0.4621584449562013,1,s034
0.4623609274308673,1,s034
0.46214250495741505,1,s034
0.46200024367579196,1,s034
0.9051231330313101,1,s034
0.46194174277716793,0,s034
0.46197228538459045,0,s034
0.4620148243018152,1,s034
0.761575905175589,0,s034
0.4621919729717554,1,s034
3.9466927142406405e-05,0,s034
0.46192748486240953,1,s034
0.7616332455527386,1,s034
0.4622330200183147,0,s034
0.7616671557537085,1,s034
0.46227648741779803,0,s034
0.761657433611421,1,s034
0.7620316564743159,1,s034
0.4624653476191507,1,s034
0.4625506960438952,1,s034
0.4623889939979351,1,s034
0.9640581346060495,1,s034
0.9051873004626829,1,s034
0.462259044254018,1,s034
0.4620932197995764,1,s034
5.8520926164318254e-05,0,s034
0.46217660927497906,0,s034
0.46189388600139347,0,s034
0.4622313483476701,1,s034
0.4623417371861789,1,s034
0.4620275734595882,1,s034
0.4617708289765463,0,s034
0.46183073463468816,0,s034
0.46182421729586354,0,s034
0.4628642109884522,0,s034
8.621744987591384e-05,0,s034
0.7618661322886195,0,s034
0.7616617102338388,0,s034
0.4617404875440163,0,s034
0.462272386552417,0,s034
0.4623059673600498,0,s034
0.4626209506846328,0,s034
0.46227349242872307,1,s034
0.46195674222747085,0,s034
0.4620212561365471,1,s034
0.46233262230079486,0,s034
0.4619137399836444,1,s034
0.46191536305019,1,s034
0.4623985038006295,0,s034
0.46230649333245455,0,s034
0.46208362239224177,1,s034
0.4624144057673609,0,s034
0.4623681383550595,1,s034
0.462205285727741,0,s034
0.4625617592608777,0,s034
0.4619533562733924,1,s034
0.4623593274302549,0,s034
0.462557110768006,0,s034
0.4621668327589481,0,s034
0.46244970611450165,1,s034
0.46188883445497386,0,s034
0.4620200167899404,1,s034
0.4626790895661337,0,s034
0.4622054470919059,0,s034
0.4621868527811728,0,s034
0.4625181995233101,1,s034
0.4622487208888135,1,s034
0.4617728174302016,0,s034
0.462561986521276,0,s034
0.7616168058575856,1,s034
0.46220841432431614,0,s034
0.46209326173549536,0,s034
0.0002752519720359281,0,s034
0.4621571372784039,0,s034
0.46222841099624046,0,s034
0.462011162088098,1,s034
0.00020828928936178492,0,s034
0.7618325397831145,1,s034
0.4625299330942334,0,s034
0.46179555741793266,0,s034
0.46258095224138795,0,s034
0.7618387554693151,1,s034
0.4623834833140761,1,s034
0.9051771920334122,1,s034
0.46220891888088533,1,s034
0.46230665555641326,1,s034
0.4621740547823521,1,s034
0.46232410925312983,1,s034
0.46218028953266077,1,s034
0.4622835037212927,1,s034
0.46216452670345687,0,s034
0.4623864584365529,0,s034
0.4622383728355077,0,s034
2.4375584248614857e-05,0,s034
0.46228612371909406,1,s034
0.4620673974807634,1,s034
0.46206082872957066,1,s034
0.4619920650755214,0,s034
5.258900427418389e-05,1,s034
0.4629228446751197,0,s034
0.46229961107050244,0,s034
0.4620982723592064,1,s034
0.4621099718545163,1,s034
0.46213980970003443,0,s034
0.46239654599431224,1,s034
0.46210802095307746,1,s034
0.46213327664506587,1,s034
0.4620529245720688,0,s034
0.46204088911185215,1,s034
0.4624750468094778,1,s034
0.4620736934174128,1,s034
0.7613481675074394,0,s034
0.462205781572782,1,s034
0.4620684000036144,1,s034
0.46205868747252166,1,s034
0.46205837440026953,1,s034
0.4621587479614859,1,s034
0.761642602722097,1,s034
0.4624578406108173,0,s034
0.4622542117388968,0,s034
0.4624799196899716,0,s034
0.4620535361639997,1,s034
0.46257000412351923,1,s034
0.46256611755065014,0,s034
0.4622350913351114,1,s034
0.4619002285720273,1,s034
0.46218196786802257,0,s034
0.46220083645464194,1,s034
0.4620064366739489,1,s034
0.46207812170782914,1,s034
0.46225526540230577,1,s034
0.4622585771895569,1,s034
0.7611341259004407,0,s034
0.4620275572211703,0,s034
0.4626907846800721,0,s034
0.46182570720785954,0,s034
0.4623483589571853,0,s034
0.46250308126652917,0,s034
0.46219390887144196,0,s034
0.4622693913197562,1,s034
0.46219058070775487,1,s034
0.4622047922644701,0,s034
0.4623570094017575,1,s034
0.46219355060765377,1,s034
0.7615448378459848,1,s034
0.4624986660350918,0,s034
0.46194279178634945,1,s034
0.46238578842065126,0,s034
0.7618057556341074,1,s034
0.7615369346880327,0,s034
0.46214314822654656,1,s034
0.4619923056125934,0,s034
0.4622889487844464,0,s034
0.4622118910135071,0,s034
0.46211755430072343,1,s034
0.4619853987685536,1,s034
0.46212847667637935,0,s034
0.46230398399191297,0,s034
0.46219447577391426,0,s034
0.46191038545716623,1,s034
0.462186373255137,0,s034
0.4619847153052139,0,s034
0.46229625181210166,0,s034
0.46245064122384427,0,s034
0.4621990072329145,0,s034
0.4623174144007962,0,s034
0.4620985041907124,0,s034
0.4621256572303871,1,s035
0.4622573991962995,0,s035
0.461607917089782,1,s035
0.4627608062580808,1,s035
0.46205210554415155,1,s035
0.00012602137843198413,0,s035
0.7613501268363569,0,s035
0.4625559612537691,1,s035
0.46156666861037077,0,s035
0.9052367104011569,1,s035
0.4622830387946879,1,s035
0.4622071122236766,1,s035
0.000284514613238418,0,s035
0.46224856291773575,1,s035
0.46213007525040006,0,s035
0.46210724791303526,1,s035
0.4627158542530414,1,s035
0.46214537392888233,0,s035
0.9051970754117336,1,s035
0.46224148207163585,1,s035
0.4620713315869791,1,s035
0.46241528210597393,0,s035
0.4621544873902039,0,s035
0.7615903597283129,1,s035
0.461663115317575,0,s035
0.0002192712146249498,0,s035
0.46298650829978194,0,s035
0.00011817234399980059,0,s035
0.46233429693668193,1,s035
0.76179025186323,1,s035
0.4622816047310798,1,s035
0.4628273048048248,1,s035
0.46241165994989664,1,s035
0.4624915847167954,1,s035
0.4625900560341889,1,s035
0.7617951600374313,1,s035
0.46215590500440507,1,s035
0.7615482732717713,1,s035
0.46286322262029,1,s035
0.4620515859253347,0,s035
0.46214886257351195,1,s035
0.9052476326403454,1,s035
0.0013293796812707814,1,s035
0.4623605548734504,1,s035
0.7615786999391718,1,s035
0.9052470659689227,1,s035
0.7617864635640552,1,s035
0.46247190580638997,1,s035
0.7617465921715136,1,s035
0.4620909511563618,1,s035
0.4625403738205691,0,s035
0.4616369993068328,0,s035
0.4622430633317103,1,s035
0.46157214244381617,0,s035
0.46234236828296327,0,s035
0.4619132198758247,1,s035
0.4629028463951712,1,s035
0.46222380745891667,0,s035
0.46235048265619483,0,s035
0.46251015831354314,1,s035
0.4618715518995258,1,s035
0.4619116981757079,1,s035
0.46267197357652257,0,s035
0.4622896871370812,1,s035
0.00016636987054119423,1,s035
0.46158771325812165,1,s035
0.7618445266351612,1,s035
0.4622331716104482,1,s035
0.46233973926596517,0,s035
0.46303929579744585,1,s035
0.4627751551364243,0,s035
0.462117992027022,1,s035
0.000175111217352919,1,s035
0.4621810430628799,0,s035
0.4624779307653828,1,s035
0.46229354753749385,0,s035
0.4621768146403198,0,s035
0.4620456848579839,0,s035
0.46200201570138955,0,s035
0.4621188816653352,0,s035
0.9052046916382559,0,s035
0.4620932097276256,0,s035
0.46235546598990185,0,s035
0.46243401054684385,0,s035
0.46192446272265486,0,s035
0.7615532285970954,0,s035
0.9052704437997361,1,s035
0.4622628733971885,0,s035
0.46209071369914523,1,s035
0.761682005254267,1,s035
0.4625597059279585,1,s035
0.462097842676485,1,s035
0.7616761435422026,1,s035
0.4624672526736331,1,s035
0.7618275505610175,1,s035
0.4620928306285288,0,s035
0.46247696803862404,1,s035
0.7625151116668669,1,s035
0.4628344614965936,1,s035
0.4621998506070133,1,s035
0.46247735428938475,1,s035
0.4618966783526921,0,s035
2.930143558765863e-05,1,s035
0.461670942379643,0,s035
0.4621302683713422,0,s035
0.4617079063048566,0,s035
0.46343370152017815,1,s035
0.46219936469571254,0,s035
0.4626597229803331,1,s035
0.4615245309135625,0,s035
0.7618273893239029,1,s035
0.4622393795258437,0,s035
0.4622700915335989,0,s035
0.4620146479530769,0,s035
0.4621794537787671,1,s035
0.46215830456365614,0,s035
0.46209151577887186,0,s035
0.46250545965385803,1,s035
0.46197822087628415,0,s035
0.4626886347311552,0,s035
0.4621482271852688,0,s035
0.4623166233902565,1,s035
0.46239123532870585,1,s035
0.4622606993236822,1,s035
0.4619977755994349,0,s035
0.46180424536599207,0,s035
0.46238192950297274,1,s035
0.7618050184735521,1,s035
0.46191749868413123,0,s035
0.46270621201660944,1,s035
0.46197233250154546,0,s035
0.4617984474086916,0,s035
0.46271993484257634,1,s035
0.46234454363580135,1,s035
0.4618279950862838,0,s035
0.4616867567192353,0,s035
0.4617100171391759,0,s035
0.4623642692763703,1,s035
0.46256357036383267,0,s035
0.4640665911797546,1,s035
0.00022858493368849153,0,s035
0.461566388969358,0,s035
0.46195690657771116,0,s035
0.46200675164259053,0,s035
0.4618738261100064,0,s035
0.46273023323539686,1,s035
0.4624351269884037,1,s035
0.4623507881184139,1,s035
0.46202468480020187,0,s035
0.4617906320938632,0,s035
0.46236984424992156,1,s035
0.46251348471147335,1,s035
0.4619660333076008,0,s035
0.46210755068980935,0,s035
0.46198958916759825,0,s035
0.4623645711200146,0,s035
0.4623852712225718,0,s035
0.46123191021064036,0,s035
0.46230263769037694,0,s035
0.4618960933241172,1,s035
6.062057405431531e-05,0,s035
0.4620492659289488,0,s035
0.46210997569471624,0,s035
0.4617537344270759,0,s035
0.46227992604736046,1,s035
0.46215050686351966,0,s035
0.4622962944894613,0,s035
0.4621033878828513,0,s035
0.46313302551242863,1,s035
0.46218294089880674,0,s035
0.46210879532383586,1,s035
0.46195700918049765,0,s035
0.46216470708019264,1,s035
0.4625044304904693,1,s035
0.4626135305106267,1,s035
0.0005760687178066881,1,s035
0.4625554997051211,1,s035
0.4614825431300573,1,s035
0.46231779542675633,0,s035
0.905231887060209,1,s035
0.4623213604319818,1,s035
0.46244368610277986,0,s035
0.00026091706644271184,1,s035
0.462193085190981,1,s035
0.4621314802922034,1,s035
0.46269020341485523,1,s035
0.4621711959954915,1,s035
0.7615828840247874,0,s035
0.4623464226522205,1,s035
0.46182062806088253,0,s035
0.46296980587833625,0,s035
0.00014958628540973073,1,s035
0.4621384499307146,0,s035
0.4624752193025965,1,s035
0.7618036904737078,1,s035
0.4623437211381358,1,s035
0.4627076674042616,1,s035
0.46220881771692124,0,s035
0.4620681425428306,1,s035
0.761738560357742,0,s035
0.46249272189907864,0,s035
0.46234739529377356,0,s035
0.4624576925721189,0,s035
0.4620372109545252,1,s035
0.4623339651688876,0,s035
0.46225493454942446,1,s035
0.4619791348296929,0,s035
0.761803641190405,1,s035
0.4620008133678539,0,s035
0.46214152763973937,0,s035
0.46217429136939914,0,s035
0.7617327449106188,0,s035
0.46227228789640296,1,s035
0.46150125589111823,0,s035
0.4623275296640812,1,s035
0.4619676780215749,0,s035
0.46206141907960285,0,s035
0.46247827909469463,1,s035
0.4621021283774589,1,s035
0.4619966996909217,1,s035
0.46231073159696967,1,s035
0.46248216684926713,1,s035
0.7618344017048484,1,s035
0.462136138489454,0,s035
0.4621750472634798,1,s035
0.4619292856762396,0,s035
0.46260699009477335,1,s035
0.46217071180026914,1,s035
0.4620685716918349,1,s035
0.4621152013503085,1,s035
0.46226207898157545,1,s035
0.4623814720252537,1,s035
0.46235605347252573,1,s035
0.7620988328164928,1,s035
0.4626140957755909,1,s035
0.0008080938924406311,0,s035
0.46213881151494496,1,s035
0.46222846941260487,1,s035
0.46227029130899044,1,s035
0.46236383892850763,1,s035
0.7616803084141937,1,s035
0.4626589141831481,1,s035
0.46267734248740244,1,s035
0.46223692165802777,1,s035
0.4629072794590092,1,s035
0.7616153515771913,0,s035
0.4618760401345501,0,s035
0.4619468652218526,0,s035
0.46223071148764716,1,s035
0.461865492538569,0,s035
0.46226624568907915,1,s035
0.4623890254675944,0,s035
0.46228190604468256,0,s035
0.4620924699611251,1,s035
0.46241840774280196,1,s035
0.4623797415346944,0,s035
0.46164230188125854,0,s035
0.46248489334062337,0,s035
0.4622467437368456,0,s035
0.4619385763556465,0,s035
0.7616275169806084,1,s035
0.46225995114197893,0,s035
0.4625661782275152,1,s035
0.4625972068849007,1,s035
0.7617169541430577,0,s035
0.761622853000598,0,s035
1.7417355708815307e-05,0,s035
0.46229406740962276,1,s035
0.4623860740302894,0,s035
0.00027598329560074575,0,s035
0.46225490010289505,0,s035
0.4619290737761417,0,s035
0.46214586341934183,0,s035
0.4621298858912646,0,s035
0.4620583044700832,0,s035
0.7616973937642526,0,s035
0.7612477676497598,0,s035
0.4625211042934527,0,s035
0.7618279644372277,0,s035
0.461971900447641,0,s035
0.462234965415079,0,s035
0.46244401744523334,1,s035
0.7617926185046509,1,s035
0.9051784767453999,1,s035
0.46234238770548486,1,s035
3.061990778374657e-05,0,s035
0.4623661742678302,1,s035
0.4623115116384944,0,s035
0.4623643835123119,1,s035
0.4625032212449449,1,s035
0.4623216526313807,1,s035
0.4623265142736239,0,s035
0.46207464392583786,1,s035
0.4619538851252747,0,s035
0.4622780615637565,1,s035
0.4623708435528675,1,s035
0.4622649648115058,1,s035
0.7617710953802095,1,s035
0.761785811823597,1,s035
0.7618591148703775,1,s035
0.46240779993014947,1,s035
0.4619731738892432,1,s035
0.761522690907886,0,s035
0.46245805526454453,1,s035
0.46232149256085453,0,s035
0.7616665826172873,0,s035
0.46203238349201325,0,s035
0.7618977451580398,0,s035
0.46231296247946196,1,s035
0.7615652259776722,0,s035
3.332736497263511e-05,1,s035
0.7615905493547885,0,s035
0.462433270800215,0,s035
0.4619903955393667,0,s035
0.46211535786580793,1,s035
0.46213797906482657,0,s035
0.4622528075517416,0,s035
0.9641221037085508,1,s035
0.4622851125270353,0,s035
0.7616998263529955,1,s035
0.7617454713949454,1,s035
0.4625194472189762,1,s035
0.46229203185117407,1,s035
0.46232900534473953,1,s035
0.46180260105025406,0,s035
0.4623643216270106,1,s035
0.46232413733982547,1,s035
0.4623467623165427,0,s035
0.46220342054023233,1,s035
0.7618638131952649,1,s035
0.4624186833601944,1,s035
0.9053092370192644,1,s035
0.4623475214457524,1,s035
0.4624156031464357,1,s035
0.46232235311798764,1,s035
0.4624678519433134,1,s035
0.4626189500241866,1,s035
0.4624056831033614,1,s035
0.00018142084126804292,1,s035
0.7616888801882142,0,s035
0.4621055851849347,1,s035
0.46252891994957235,1,s035
0.4621713062011634,1,s035
0.46206430159685263,0,s035
0.7618589293184068,1,s035
0.7616208962217696,0,s035
0.4624852502612449,1,s035
0.46224910678440745,1,s035
0.4624333416518278,1,s035
0.7617212917056668,1,s035
0.7620143326850732,1,s035
0.4620279604873254,1,s035
0.4620257217114918,1,s035
0.7617492189894453,1,s035
8.798668305964874e-05,1,s035
0.46214842211478113,1,s035
0.4622559303458771,1,s035
0.46226987323137125,1,s035
0.9052016835746175,1,s035
0.46234660438494957,0,s035
0.4627554893997772,1,s035
0.7615294637988854,0,s035
0.46212634276221287,0,s035
0.46226817655502317,0,s035
0.7617852344605998,0,s035
0.4619639988667872,0,s035
0.9052064039939736,0,s035
0.4622485603462314,1,s035
0.4624172528173669,1,s035
0.4621258597169542,0,s035
0.0002392594962399297,0,s035
0.4628322469263073,1,s035
0.46225270476277625,0,s035
0.4623778425109779,0,s035
0.46251041299419926,1,s035
0.46233030810874287,1,s035
0.4622387511335879,0,s035
0.46250618456296966,1,s035
0.46219687774042884,0,s035
0.46213171158012445,0,s035
0.4631512314719197,1,s035
0.46258596387404083,1,s035
0.461542684614485,1,s035
0.4620361185074193,0,s035
0.7615013059109739,1,s035
0.7615533119621514,0,s035
0.462517603164333,1,s035
0.46209167609408675,0,s035
0.7616371655060534,1,s035
0.46227343924380415,0,s035
0.46188665631945924,0,s035
0.46252443522745756,0,s035
0.4624856033446758,1,s035
0.46260482077115705,1,s035
0.4617836299844047,0,s035
0.4623762737521755,1,s035
0.4626852149023881,1,s035
0.462134635639351,0,s035
0.0002690139367955702,0,s035
0.46255262588647295,1,s035
0.4634991185936497,1,s036
0.46350609359630623,1,s036
0.46351101892977176,1,s036
0.4634952743807341,1,s036
0.46401110941015045,1,s036
0.46349012297912373,1,s036
0.4635621877058078,1,s036
0.46351225121345085,1,s036
0.46333462900555356,1,s036
0.462769624393103,1,s036
0.46248519650824726,1,s036
0.4630383331831147,1,s036
0.4631967076429915,1,s036
0.4636344018792491,1,s036
0.46312290424319547,1,s036
0.46364448374173794,1,s036
0.4631189085009486,1,s036
0.4626486623077739,1,s036
0.46308634406051796,1,s036
0.4635386013652827,1,s036
0.46282209754260983,0,s036
0.4637128393022889,1,s036
0.46351267123161355,1,s036
0.4635042983093658,1,s036
0.7626490002262876,1,s036
0.4625668433556078,1,s036
0.7625553949295747,1,s036
0.462498116803423,1,s036
0.46282881799162,1,s036
0.46350841121436237,1,s036
0.46262226023552766,1,s036
0.4633773226119251,1,s036
0.4631443193766067,1,s036
0.46351363254619127,1,s036
0.46352108158881444,1,s036
0.46307325217903705,1,s036
0.9055911653802373,1,s036
0.7626911462877779,1,s036
0.4639300119655234,1,s036
0.4626305622340243,1,s036
0.4628744803822804,1,s036
0.463378140276977,1,s036
0.7626717657982842,1,s036
0.4625248758980156,0,s036
0.4630961389718262,1,s036
0.4632103086597712,1,s036
0.4635158926705123,1,s036
0.4631886353784618,1,s036
0.4622871188209112,1,s036
0.46404169393151173,1,s036
0.4620752510160766,1,s036
0.4627959501721923,1,s036
0.7618886658599893,1,s036
0.46262655250363727,1,s036
0.7625140335797258,1,s036
0.46312800916833274,1,s036
0.4630249723912505,1,s036
0.46226187334901647,1,s036
0.46271374220951444,1,s036
0.7624915824021206,1,s036
0.9056491927739712,1,s036
0.7625571014286696,1,s036
0.4629019010950104,1,s036
0.7625614541878791,1,s036
0.761942757947689,1,s036
0.4625346668303463,1,s036
0.46281910842471174,1,s036
0.762172072254534,1,s036
0.46276329681389194,1,s036
0.463489687171345,1,s036
0.46318568196745913,1,s036
0.7626147449467757,1,s036
0.46414404685691957,1,s036
0.9055780436829586,1,s036
0.7624203521204955,1,s036
0.7624354205368684,1,s036
0.7620151189085342,1,s036
0.4636382214689807,1,s036
0.9053563947293928,1,s036
0.46243312329001895,1,s036
0.46295895419385835,1,s036
0.7618384557904083,1,s036
0.46267601707746975,1,s036
0.46345778564713647,1,s036
0.46249669584961106,1,s036
0.7614997633568414,1,s036
0.7620546889401523,1,s036
0.7616278596314083,1,s036
0.4637218168509578,1,s036
0.7620653982864414,1,s036
0.7624094097499083,1,s036
0.7613959400890624,1,s036
0.7623290789183839,1,s036
0.46293473711292754,1,s036
0.7615057719014251,1,s036
0.46395206942667033,1,s036
0.462769630044102,1,s036
0.7612681326581916,1,s036
0.4625594455399227,1,s036
0.4624574410563811,1,s036
0.4635551073375124,1,s036
0.462849080672048,1,s036
0.4634775315890338,1,s036
0.4631155603331678,1,s036
0.46271184561688306,1,s036
0.4621353785825244,0,s036
0.46264704356470476,1,s036
0.4626602731382907,1,s036
0.46353137670470934,1,s036
0.46262150692857706,1,s036
0.46299533354997924,1,s036
0.46266911258073296,1,s036
0.462372687772298,1,s036
0.462550277466099,1,s036
0.46262755978889936,1,s036
0.7619320889111287,1,s036
0.4629783562573795,1,s036
0.46243715331611357,1,s036
0.46308591920881903,1,s036
0.7625416469737369,1,s036
0.7624985345638751,1,s036
0.46256728239383804,1,s036
0.4629851014166977,1,s036
0.46313230115126935,1,s036
0.4628200013626689,1,s036
0.4622464372672528,1,s036
0.46304114286253495,1,s036
0.4631539090755059,1,s036
0.46273407778828557,1,s036
0.4627762372689954,1,s036
0.4625373718444372,1,s036
0.4627402234473983,1,s036
0.4624018302828432,1,s036
0.4625502900262817,1,s036
0.46265264204092404,1,s036
0.46353777621215175,1,s036
0.46250177219972244,1,s036
0.46290571968449257,1,s036
0.46238632408375846,1,s036
0.46238261353904586,1,s036
0.46259328728986415,1,s036
0.4628832228815438,1,s036
0.4633002118003886,1,s036
0.46301062471819954,1,s036
0.46279728394974673,1,s036
0.4630362339778771,1,s036
0.46225478961781485,1,s036
0.46258799624386016,1,s036
0.4628404635138508,1,s036
0.46245157556390515,1,s036
0.4637632146598285,1,s036
0.7621982274156989,1,s036
0.4635468229664077,1,s036
0.46281189974778125,1,s036
0.4625421045988267,1,s036
0.7625109419830323,1,s036
0.4626993307931324,1,s036
0.4624529561858486,1,s036
0.46305775083460965,1,s036
0.46232033680044693,1,s036
0.4628780203354186,1,s036
0.4626229074149273,1,s036
0.46350450025080936,1,s036
0.46308000093240365,1,s036
0.4625468665475274,1,s036
0.4629382552506949,1,s036
0.46327848067433,1,s036
0.46295869717833904,1,s036
0.4626958900268321,1,s036
0.4625668405573704,1,s036
0.46310813102151327,1,s036
0.46264711875066644,1,s036
0.4643075449587426,1,s036
0.46275711230129746,1,s036
0.46298460037113864,1,s036
0.4631179154052594,1,s036
0.4625737904272593,1,s036
0.46275592007963495,1,s036
0.46192371095082985,1,s036
0.4629615156238589,1,s036
0.7620557249200126,1,s036
0.7618865177474903,1,s036
0.7618150854699586,1,s036
0.4621765536621134,1,s036
0.7620191300335364,1,s036
0.463830296307312,1,s036
0.4627034940627288,1,s036
0.4630139717502233,1,s036
0.46237461971970517,1,s036
0.7623165192317627,1,s036
0.4625961122881872,1,s036
0.4633155971576446,1,s036
0.4625359821186108,1,s036
0.46325707639265423,1,s036
0.46247736058687705,1,s036
0.46322307123649265,1,s036
0.46298855909322856,1,s036
0.7623708686595019,1,s036
0.46256179578390455,1,s036
0.46259606709496337,1,s036
0.4630587667680044,1,s036
0.4626038392048404,1,s036
0.4627903421194077,1,s036
0.762504343827574,1,s036
0.46292617181148943,1,s036
0.4628015846989042,1,s036
0.462955953670543,1,s036
0.4622363862085219,1,s036
0.4623180913405567,1,s036
0.46270288964967166,1,s036
0.46295286519705847,1,s036
0.4627844030391066,1,s036
0.46393895023178255,1,s036
0.462956906690305,1,s036
0.46218079453929906,1,s036
0.4630529306307154,1,s036
0.4619976403970092,1,s036
0.4618615803394608,1,s036
0.4621956872920445,1,s036
0.4621649198424531,1,s036
0.46238479919232356,1,s036
0.4619892015078402,1,s036
0.4618489737899445,1,s036
0.46192251698067066,1,s036
0.4627881180124185,1,s036
0.761905187355485,1,s036
0.46284734869579625,1,s036
0.4630095633000051,1,s036
0.4627107443963441,1,s036
0.4623228700962134,1,s036
0.4625012966596327,1,s036
0.4617903491854993,1,s036
0.4624392099571093,1,s036
0.4625300839202233,1,s036
0.46159711070975096,1,s036
0.4623355138338501,1,s036
0.4625433850332843,1,s036
0.46237081692441384,1,s036
0.7619573687660894,1,s036
0.4629448710596056,1,s036
0.4641595425914453,1,s036
0.4629478450912976,1,s036
0.4623722195676716,1,s036
0.4624589934840817,1,s036
0.46269430183955795,1,s036
0.46181038189907353,1,s036
0.46192618503229,1,s036
0.4622937478916269,1,s036
0.4621661134926971,1,s036
0.4623168137413052,1,s036
0.761895687609053,1,s036
0.4626455948506616,1,s036
0.7620455653435787,1,s036
0.46230023474541104,1,s036
0.9050868802193384,1,s036
0.46270726400552564,1,s036
0.7619519132538266,1,s036
0.4631438077766643,1,s036
0.761897046661905,1,s036
0.7615721823054817,1,s036
0.7616970975129822,1,s036
0.7617750726459602,1,s036
0.46237016049869273,1,s036
0.7617773247518655,1,s036
0.761489269532218,1,s036
0.7617423036299567,1,s036
0.46222288203696715,1,s036
0.4619858670669954,1,s036
0.7614743212769051,1,s036
0.7620222680931119,1,s036
0.7616050944340702,1,s036
0.7613053170731738,1,s036
0.4617598610173361,1,s036
0.7619179156380211,1,s036
0.7618374694464547,1,s036
0.7620499126234432,1,s036
0.46210087283841483,1,s036
0.4624799910268633,1,s036
0.46242855926053217,1,s036
0.4624022467433144,1,s036
0.4625292737763762,1,s036
0.46250920721050326,1,s036
0.462917384350334,1,s036
0.46219619094207065,1,s036
0.4619690088972428,1,s036
0.4628409637146793,1,s036
0.7618981274617638,1,s036
0.761291464871602,1,s036
0.4623512810038821,1,s036
0.4621905810693654,1,s036
0.46256562634445775,1,s036
0.4624743662971851,1,s036
0.4623216039541762,1,s036
0.46290418621858787,1,s036
0.4625472799860091,1,s036
0.46263139621122007,1,s036
0.7618212693428794,1,s036
0.7613341275862768,1,s036
0.4626746016880876,1,s036
0.7620452591281066,1,s036
0.46230207288112357,1,s036
0.4631708711230451,1,s036
0.7619044723542097,1,s036
0.4621474816542077,1,s036
0.7617133447124189,1,s036
0.7617579044256573,1,s036
0.7619982761224426,1,s036
0.46244215260051225,1,s036
0.4617263388727455,1,s036
0.4622278981756607,1,s036
0.4619931540192077,1,s036
0.4623399417246006,1,s036
0.4620509176341474,1,s036
0.46233706087056725,1,s036
0.46242737896123165,1,s036
0.4622039821964219,1,s036
0.7619368930692645,1,s036
0.46286945021495196,1,s036
0.46220968199398493,1,s036
0.4642279168216923,1,s036
0.4622303376390502,1,s036
0.46237565582126217,1,s036
0.7620920992253308,1,s036
0.46226822577851845,1,s036
0.46261000948344866,1,s036
0.7618902325595003,1,s036
0.4626692115227029,1,s036
0.4624880025137015,1,s036
0.4621061230036767,1,s036
0.46132148135957673,1,s036
0.7618447148419258,1,s036
0.46265742725157377,1,s036
0.46174504839393293,1,s036
0.4618665217323463,1,s036
0.46273257791504974,1,s036
0.4623250835900665,1,s036
0.46209514360746007,1,s036
0.46177295370116367,1,s036
0.46317598283351447,1,s036
0.7615778642630566,1,s036
0.4627492711548755,1,s036
0.4623257501427509,1,s036
0.4623263511851141,1,s036
0.46250671552031863,1,s036
0.4622087602077871,1,s036
0.4627248673769502,1,s036
0.4629554003375873,1,s036
0.4629851940999574,1,s036
0.4622326680195088,1,s036
0.4625952913665303,1,s036
0.4627228741760565,1,s036
0.4627930194628733,1,s036
0.46243068601970383,1,s036
0.46305143691538486,1,s036
0.4627829588011745,1,s036
0.4626995339540301,1,s036
0.46273013425259424,1,s036
0.46271043090091957,1,s036
0.4619333410206823,1,s036
0.4631589157527598,1,s036
0.46351211958927396,1,s036
0.4631031084719366,1,s036
0.4623666388879766,1,s036
0.46252413686215244,1,s036
0.46284646639285865,1,s036
0.4622695066316844,1,s036
0.4622916791570806,1,s036
0.4626932101314136,1,s036
0.4623607773026801,1,s036
0.46212451980321645,1,s036
0.4623520471708962,1,s036
0.4624741174084215,1,s036
0.4622593314106247,1,s036
0.46278811315857915,1,s036
0.46233293771382966,1,s036
0.4618733670449271,1,s036
0.46288909762154784,1,s036
0.462697715292548,1,s036
0.462342384089498,1,s036
0.4619888338916267,1,s036
0.46193011251750127,1,s036
0.46243914841772593,1,s036
0.4618714848913139,1,s036
0.46232193067163796,1,s036
0.4622468117096681,1,s036
0.761538205877609,1,s036
0.4619730880649642,1,s036
0.4621045409051119,1,s036
0.46210637572731117,1,s036
0.46159543195735475,1,s036
0.462187445476234,1,s036
0.4618594048666871,1,s036
0.4622214821337318,1,s036
0.4619943661146413,1,s036
0.46257544204989975,1,s036
0.461990484416525,1,s036
0.46212959661125885,1,s036
0.462222474555676,1,s036
0.46168056935940993,1,s036
0.462195753470829,1,s036
0.46158379759758805,1,s037
0.7616294989107064,0,s037
0.7617513432472662,0,s037
0.4614521607106996,1,s037
0.46274519705118533,1,s037
0.46210371978203346,0,s037
0.9051996079101927,0,s037
0.46212837799915363,0,s037
0.4622956126058515,0,s037
0.46206724382712117,0,s037
0.761746630767985,1,s037
0.4623903845305479,1,s037
0.46246458795572387,1,s037
0.7616578681797486,0,s037
0.4624188389080688,1,s037
0.46252748646839614,1,s037
0.4623257758597279,1,s037
0.761694061379091,0,s037
0.4624029217833947,1,s037
0.46244374560660595,1,s037
0.4624454733006238,1,s037
0.46247330532977204,1,s037
0.4625581624848498,1,s037
0.46224876845452756,1,s037
0.46227136805377445,1,s037
0.4621100207840205,1,s037
0.46224078998410745,0,s037
0.46213785639738325,1,s037
0.46212094583774443,0,s037
0.46213469969843657,1,s037
0.4623395497876426,1,s037
0.46226869953735195,0,s037
0.4621812014445541,1,s037
0.4630078601831973,0,s037
0.4623575439487624,0,s037
0.7616053540549406,1,s037
0.46213548141109473,1,s037
0.00018101185021479616,0,s037
0.4621877544079196,0,s037
3.6651195232106915e-05,1,s037
0.46223427415407103,0,s037
0.7615187238073735,1,s037
0.46220517385044535,0,s037
0.46244715008772497,0,s037
0.7619902288626468,0,s037
0.46215677049624215,0,s037
0.4624693110617819,0,s037
0.4621806368078123,0,s037
0.7616238596606222,0,s037
0.462455955781895,1,s037
0.4617109312123855,0,s037
0.46262663441861074,0,s037
0.4622364580859095,0,s037
0.00018960415583002543,0,s037
0.4620730143309828,1,s037
0.46217141883136725,0,s037
0.0001103300439737609,0,s037
0.4621021276044368,1,s037
0.4624307993797141,1,s037
0.4623027962168118,0,s037
0.462187622435267,0,s037
0.46218801358076456,1,s037
0.7617307551754622,1,s037
0.0003368907734702109,0,s037
0.46194476807766893,0,s037
2.480044216057742e-05,0,s037
0.462331044216445,1,s037
0.46196701346108027,0,s037
0.46222284010973835,0,s037
0.4623761902742345,1,s037
0.7617640560223766,1,s037
0.46208109184183255,1,s037
0.46234702896795277,0,s037
3.433922389173283e-05,0,s037
0.4621372431625179,0,s037
0.46223750123880203,1,s037
0.46214510476747317,1,s037
0.4623007391313625,1,s037
0.46222478598683536,0,s037
0.4618771894058833,0,s037
0.46218056969585164,1,s037
0.4622113943255146,0,s037
0.4624641979819699,1,s037
0.9051476713737852,0,s037
0.4621843474690128,1,s037
0.46242565893743204,0,s037
0.4620867454739044,1,s037
0.4622938784007744,1,s037
0.4619679307393496,1,s037
0.4621113678404498,1,s037
0.4622679496647546,0,s037
0.4623613589294522,1,s037
0.4621059376401131,1,s037
0.4624508618646417,1,s037
0.46248204653384617,0,s037
0.4622875249608578,1,s037
0.46208535779619786,0,s037
0.0002242177133608969,0,s037
0.4614189440135945,0,s037
0.46250641359671674,0,s037
0.7621194431943497,0,s037
0.4620796893658021,0,s037
0.7618475000961042,0,s037
0.4617911431447179,1,s037
0.46181294564254727,0,s037
0.46232541392051063,0,s037
0.4622802023223367,1,s037
0.461970246906108,0,s037
0.4622275001996434,0,s037
0.46226992021376856,0,s037
0.4623992902305465,1,s037
0.462197329971185,0,s037
0.46213522611099234,1,s037
0.761835389253946,0,s037
0.4620553326517334,0,s037
0.4623423434812999,1,s037
0.46213240202368944,0,s037
0.46217663888197436,0,s037
0.4621200344689955,0,s037
0.7617565431599354,0,s037
0.4623703204779597,1,s037
0.4622721169773758,1,s037
0.7617130669862575,1,s037
0.00034019694058384786,0,s037
0.00014600429433642148,1,s037
0.46235779491401297,1,s037
0.00017864721174398746,0,s037
0.4624544994073232,0,s037
0.00022514693523656426,1,s037
7.681832008721301e-05,1,s037
0.46248674210670004,1,s037
0.4620127287348881,0,s037
0.46220658223898115,1,s037
0.46223978562838264,1,s037
0.46253140756369704,1,s037
0.00016461489541974572,0,s037
0.4621980984200751,0,s037
0.9051824066125134,0,s037
0.4616942334152121,0,s037
0.4622245995819523,1,s037
0.46224022551769783,0,s037
4.67097784928594e-05,0,s037
0.46196047226751036,1,s037
0.46208706265940847,1,s037
0.4618648505136549,0,s037
0.0004674435910909658,0,s037
0.7614929091947302,0,s037
0.462215297752274,1,s037
0.7616869053686006,0,s037
0.4625360062185242,0,s037
0.761367328828221,1,s037
8.924280446476196e-05,0,s037
0.4622761405106448,0,s037
0.46211409253496183,0,s037
3.857922892303023e-05,1,s037
0.46226550631125196,1,s037
0.4622320004965308,1,s037
0.46224542981897376,0,s037
0.4622058666083628,0,s037
0.4621625261032394,1,s037
0.4622716236055002,0,s037
0.46227225108895076,1,s037
0.7616537412776103,1,s037
0.46193188906246174,0,s037
6.145844989635663e-05,0,s037
0.46220130071013554,1,s037
0.4621507635565105,1,s037
0.7615633110124687,1,s037
0.4622062048180431,1,s037
0.46264777673076973,1,s037
0.46228035897363484,1,s037
0.4623444694026795,1,s037
0.4624885714800877,1,s037
0.4621585644894963,0,s037
0.4624537441205365,1,s037
0.46249012747151075,0,s037
0.46213360748681853,0,s037
0.4620731709925079,1,s037
0.46213704403741396,1,s037
0.46190941284097176,1,s037
0.46220047444589674,1,s037
0.4621998811217167,0,s037
0.7615208628822536,1,s037
0.4625738171660678,0,s037
0.4621593637916843,0,s037
0.46228983811766144,1,s037
0.46216767139150905,1,s037
0.4621616968289959,1,s037
0.46213760704943363,1,s037
0.46223324489829043,1,s037
0.0004692354532815912,0,s037
0.761676114068415,1,s037
0.46220601883814116,0,s037
0.46218849919266836,1,s037
0.4621891671838543,1,s037
0.46219507817360816,0,s037
0.46223159817169246,0,s037
0.46216640168368706,1,s037
0.00014522622932000573,0,s037
0.7617051486872879,0,s037
0.461767167402352,0,s037
0.7618466412964204,0,s037
0.46206072896880834,0,s037
0.46206137201592146,0,s037
0.46231404537991927,0,s037
0.4622154424755116,0,s037
0.4621878449461325,0,s037
0.46215081191535945,0,s037
0.4622609197628509,0,s037
0.46226479392637065,1,s037
0.46242543310836415,1,s037
0.4620730496058063,0,s037
0.4622018204803602,0,s037
0.46213479599994955,1,s037
0.4621316053208613,0,s037
0.46229599725112713,1,s037
0.462096485484889,0,s037
0.46219084354513007,0,s037
0.7616597114165236,0,s037
0.46207476726126306,0,s037
0.46238965421337275,0,s037
0.46224443045687513,0,s037
0.4622090473280547,0,s037
0.46231961063518767,0,s037
0.7615777299504967,1,s037
0.7614878735362649,1,s037
0.0004447872940356312,0,s037
0.7616026403136396,0,s037
0.4628015780217023,1,s037
0.4623256920994756,1,s037
0.46224378850687997,0,s037
0.46218921818828407,0,s037
0.46237190674111917,1,s037
0.4624333319745981,1,s037
0.7612845347524118,1,s037
0.46216312497928036,0,s037
0.7617549365548819,0,s037
0.7616313933054335,0,s037
0.4622938624681807,1,s037
6.440717026356957e-05,1,s037
0.7616713128230492,1,s037
0.46219826232038197,0,s037
0.46214651557790964,1,s037
0.761647672632374,1,s037
0.4622731129630877,1,s037
0.4622139768285132,1,s037
0.4621646296500683,0,s037
0.7616387540114102,1,s037
0.46213701414941055,1,s037
0.46221321984008523,1,s037
0.4624237611015929,0,s037
0.4620328926587094,0,s037
0.46208042196447385,0,s037
0.46232429221405935,0,s037
8.979417401411283e-06,0,s037
0.4621708571831986,0,s037
0.4620558865934177,0,s037
0.461907550478853,0,s037
0.4622066060956913,0,s037
0.46237709142588845,0,s037
0.46209207471896097,0,s037
0.46229481138567374,0,s037
0.4622919332126241,1,s037
0.7615894302483492,0,s037
0.46235705189360266,0,s037
0.4620791895102372,0,s037
0.7616224077277569,1,s037
0.4624605036411198,1,s037
0.0002487765395728925,0,s037
0.4622101838909338,0,s037
0.46225037302460614,0,s037
0.4622320963191249,0,s037
0.462305935231456,1,s037
0.4618878154774473,0,s037
0.46234319609611907,1,s037
0.46168789688548406,0,s037
0.4620446300135621,0,s037
0.0003674173554639726,0,s037
0.4623110391735541,1,s037
0.4621314913057659,1,s037
0.4621823249903354,1,s037
0.7616470674110887,0,s037
0.4624372765935667,1,s037
0.46210031030691523,0,s037
0.4623660031565602,0,s037
0.46230245457811714,0,s037
0.761774186413239,0,s037
0.4621597440636107,0,s037
0.00011247130679414852,0,s037
0.4623613768103074,0,s037
0.4623531687263638,0,s037
0.4621105223251114,0,s037
0.4621318210720402,0,s037
0.46220501383784596,0,s037
0.46204680877119086,0,s037
0.462173331467469,0,s037
0.7616878324532237,1,s037
0.4620779968676356,0,s037
0.4621390313950371,0,s037
0.46206347849077667,0,s037
0.462214114844524,0,s037
0.0001302055705489913,0,s037
0.46222431576079304,0,s037
0.7616186725141689,0,s037
0.4619855315840551,0,s037
0.00018621324104084458,0,s037
0.4622079973397166,0,s037
0.4622811529942594,0,s037
0.4623760645378798,0,s037
0.46238430376668904,0,s037
0.4624358851181949,1,s037
0.4624346745138257,1,s037
0.0001223842813686815,0,s037
0.000318315137973757,0,s037
0.46210142089438055,0,s037
0.4621959893698082,0,s037
0.4623166198370361,0,s037
0.4621132578689813,0,s037
0.4621483746277655,0,s037
0.46234778025250267,1,s037
0.0001524538485551119,0,s037
0.4624535173560884,1,s037
0.00019308323311273412,0,s037
0.46229020930156106,0,s037
0.4624514674991449,1,s037
0.4620565065573883,0,s037
0.4622246515029398,1,s037
0.4621344505671252,0,s037
0.7615805808499356,0,s037
0.00025015617211909813,1,s037
0.7616040710379086,0,s037
0.7615437294821752,0,s037
0.7616351280790423,1,s037
0.4629022335061501,0,s037
0.46240440271613403,1,s037
0.4623533137796578,0,s037
0.4619777360857271,0,s037
0.46213667472551667,1,s037
0.46311813843719407,0,s037
0.0008297770307106322,1,s037
0.9052205233180977,1,s037
0.4623132984306928,0,s037
0.4623948887314848,1,s037
0.9052453354919188,0,s037
0.46227149387721744,0,s037
0.46234965611579293,0,s037
0.4622292720441097,0,s037
0.462144651732161,0,s037
0.46217998581878583,0,s037
0.4622699268067598,0,s037
0.46198380659328153,0,s037
0.46203240083651065,0,s037
0.46228458139742856,0,s037
0.4622507765177557,0,s037
0.4624068064841962,0,s037
0.4623440484049175,0,s037
0.46220930284233197,0,s037
0.0001550479496732482,0,s037
0.4623311875152436,0,s037
0.46207585366545456,1,s037
0.46207923324171607,0,s037
0.46215478645988806,0,s037
0.7618274524792417,1,s037
0.4623759449441087,0,s037
0.46230194982894135,0,s037
0.4621755835987227,0,s037
0.46222354700318147,0,s037
0.46192771020768264,1,s037
0.4622600936547927,0,s037
0.46211585316664205,0,s037
0.7617534591992123,1,s037
0.462099447878463,0,s037
0.46268907532808456,0,s037
0.4624112689374962,0,s037
0.00028061101166731994,0,s037
0.462180010567411,0,s037
0.7614983911735655,1,s037
0.4623487360572751,0,s037
0.46208307674736515,0,s037
0.4621040554480469,0,s037
0.46225804999196507,0,s037
0.4625257525149469,0,s037
0.7614403048053873,0,s037
0.7615923447742647,0,s037
0.462153544239597,0,s037
0.46231206619877585,0,s037
0.46226890822518163,0,s037
0.4620735824988855,0,s037
0.4619030873249117,0,s037
0.4623403764803182,0,s037
0.46209647097723106,0,s037
0.46222808882259603,0,s037
0.7616933813066469,0,s037
0.46223110312424587,0,s037
0.761651190444594,0,s037
0.46256786998287214,0,s037
0.4619652851556646,1,s037
0.46227933419825784,0,s037
0.46235694279989215,0,s037
0.46221442211771935,0,s037
0.4627325115577454,1,s038
0.4625537756307043,0,s038
0.46208986596824886,1,s038
0.4620583914460441,1,s038
0.46241197953121826,0,s038
0.4619798384293792,0,s038
0.4622883051029869,0,s038
0.4619927458019031,1,s038
0.7615341138499714,1,s038
0.46253529339591926,1,s038
0.7615817964966376,1,s038
0.46270014897599077,1,s038
0.7618512156357395,1,s038
0.4620412506308107,1,s038
0.7614378780745115,1,s038
0.905325489393487,1,s038
0.9052802863038365,1,s038
0.46358655239038393,1,s038
0.4625050916450364,1,s038
0.905283169410376,1,s038
0.46194179047453265,0,s038
0.46239715495284206,1,s038
0.4621046854160884,0,s038
0.46208036500972804,0,s038
0.462659497222204,1,s038
0.761880531402918,1,s038
0.9049958508170413,1,s038
0.7621260819533004,1,s038
0.46225322772279176,0,s038
0.46206177078753363,0,s038
0.7617773412229456,1,s038
0.7617987198416678,1,s038
0.4626364401934364,1,s038
0.46163502149563707,0,s038
0.4621874383294047,1,s038
0.46241943948222364,1,s038
0.46186522440252875,0,s038
0.46335826908850475,1,s038
0.46270989343407987,1,s038
0.4623332537800089,1,s038
0.462203829074713,0,s038
0.9054378523434956,1,s038
0.462589656545344,1,s038
0.4620721976783153,0,s038
0.4628198849301648,1,s038
0.46276411761205427,1,s038
0.4629309683588818,1,s038
0.4621228195596685,0,s038
0.4629014009501209,1,s038
0.46289423533130036,1,s038
0.46294708500693815,0,s038
0.4620917006541023,0,s038
0.46231909818476313,1,s038
0.46149183433314667,0,s038
0.7618787530056044,1,s038
0.0004964848667672328,0,s038
0.7617127769360508,1,s038
0.46232991549351077,1,s038
0.4632715362343214,1,s038
0.4635638270857807,1,s038
0.4623593071086085,1,s038
0.46239781857360973,1,s038
0.9053181937419552,1,s038
0.7624265395968788,1,s038
0.46230022366607515,1,s038
0.462802941613065,0,s038
0.46213153662095197,0,s038
0.46264909689181355,1,s038
0.7617180188369583,1,s038
0.9053168911183098,1,s038
0.46227725827724164,1,s038
0.46223207740283523,0,s038
0.4623305750823581,1,s038
0.46203156929080214,1,s038
0.46256965505007885,1,s038
0.7615562946969627,1,s038
0.46247563086553223,1,s038
0.7618842073866978,1,s038
0.46200456724329775,1,s038
0.00024426732433213694,0,s038
0.46260229454429935,1,s038
0.462376189831623,1,s038
0.7618611291090098,1,s038
0.7624422357507805,1,s038
0.4625132418954492,1,s038
0.4627865874515644,1,s038
0.46334086960087073,1,s038
0.7614803744923018,1,s038
0.4629802005898602,1,s038
0.7620765307268857,1,s038
0.46306092178259006,1,s038
0.4623079409157904,1,s038
0.46304622274746765,1,s038
0.4626481483541325,1,s038
0.46265718652655385,1,s038
0.46228630024481654,0,s038
0.7618498773966145,1,s038
0.46286433276778416,1,s038
0.7617333034699392,1,s038
0.46192472882549884,0,s038
0.46209737773997306,1,s038
0.7620325686647398,1,s038
0.761887728390453,1,s038
0.46264116156310586,1,s038
0.7614700136035377,1,s038
0.46171697693863756,0,s038
0.4628446510325972,1,s038
0.7617039995687322,1,s038
0.4622309019370916,1,s038
0.7616217399630445,1,s038
0.4624701851529862,1,s038
0.4631778202326289,1,s038
0.46275108906297757,1,s038
0.761591219123064,1,s038
0.761777266097821,1,s038
0.46229646199840424,1,s038
0.46185694904503105,1,s038
0.7615241293671433,1,s038
0.4629132428687224,1,s038
0.4618363712507303,1,s038
0.4626895418375927,1,s038
0.4624349544994708,1,s038
0.4623097386292849,1,s038
0.7618354341840365,1,s038
0.9055690385474622,1,s038
0.46221052967874376,1,s038
0.7616643130914753,1,s038
0.9051806048845763,1,s038
0.46212575257438737,1,s038
0.7616261318305462,1,s038
0.4619547702006477,1,s038
0.7616020205656877,1,s038
0.4620829413083887,1,s038
0.4623653513745156,1,s038
0.4620871053422233,1,s038
0.46232375057913466,1,s038
0.7618575995122743,1,s038
0.761710481320534,1,s038
0.9052116996182393,1,s038
0.761980060307675,1,s038
0.7618922941810418,1,s038
0.7617588213938802,1,s038
0.46290167423772566,1,s038
0.46293828632343237,1,s038
0.4618942186231012,1,s038
0.4620883309643353,1,s038
0.4624019443698464,1,s038
0.7618212610020001,1,s038
0.4622348187481542,1,s038
0.46277908417220215,1,s038
0.4624891678279994,1,s038
0.0007432267997995456,1,s038
0.4624797698040186,1,s038
0.4622193502636667,1,s038
0.46198677575177394,1,s038
0.46232431223100656,1,s038
0.462254114432638,1,s038
5.2270174885515885e-05,0,s038
0.46292481454598855,1,s038
0.46210599561024623,1,s038
0.4620675756235837,1,s038
0.4623688800759247,0,s038
0.46226549877498635,1,s038
0.0005899538505462765,0,s038
0.4623188163619636,0,s038
0.7616009429485144,1,s038
0.46204970721764127,1,s038
0.7623815509434244,1,s038
0.761615810302932,0,s038
0.7613747545979361,1,s038
0.7616874298280192,1,s038
0.46250090609503136,1,s038
0.46222169450097805,1,s038
0.46216906081100273,0,s038
0.46297853005137735,1,s038
0.4625890762421425,1,s038
0.7617645821389918,0,s038
0.9053199501320581,1,s038
0.7615905077338379,0,s038
0.4621833450108579,0,s038
0.4619577033542004,1,s038
0.4620869603021447,1,s038
0.7619145863244281,1,s038
0.4627315083771908,1,s038
0.46282065079382306,1,s038
0.46239253367955335,0,s038
0.7615932236743583,1,s038
0.4619267975428698,1,s038
0.4622407922547376,1,s038
0.4622204631593254,0,s038
0.46230457268214264,0,s038
0.46265049532771174,1,s038
0.46235583551157355,1,s038
0.4619525453291602,1,s038
0.46245213600330226,1,s038
0.761486009157557,1,s038
0.46238781068847645,0,s038
0.4619571687611095,0,s038
0.46226977561992966,0,s038
0.46215310200641624,1,s038
0.46174722616149255,0,s038
0.4624424150159867,1,s038
0.4627585391389706,1,s038
0.9052047776984982,1,s038
0.4627423530685235,1,s038
0.7617162804965845,1,s038
0.4622639475279573,1,s038
0.7615029929517423,1,s038
0.46264838516882745,1,s038
0.46200671115508163,1,s038
0.4621241690798821,1,s038
0.462343884016184,1,s038
0.4619816818650433,1,s038
0.0002526709347723255,0,s038
0.4621648350014427,1,s038
0.4623902091702743,1,s038
0.46228680319966253,1,s038
0.46215477268690486,1,s038
0.46227642501148636,1,s038
0.46219573887549625,1,s038
0.4624597848889873,0,s038
0.46211628726163156,1,s038
0.4620389251220052,1,s038
0.4619571139979797,0,s038
0.46245072554651534,1,s038
0.00013654892920245132,0,s038
0.4619675395708427,1,s038
0.46216895393445023,1,s038
0.9055678663825864,1,s038
0.7618264808974373,1,s038
0.9641017919641297,1,s038
0.4619070627670183,1,s038
0.4621212950992848,1,s038
0.761406671483005,0,s038
0.46248440983194805,1,s038
0.46193659716539637,0,s038
0.46207719727230057,1,s038
0.46217869734295447,1,s038
0.4620033539398547,1,s038
0.4624371306981834,1,s038
0.46240993208690595,0,s038
0.4623183095799923,0,s038
0.4626389342691799,1,s038
0.7619492270823855,1,s038
0.4626041597564752,1,s038
0.4621126107486122,1,s038
0.461635217306134,0,s038
0.4622941511780043,0,s038
0.4622732447499156,1,s038
0.462241031146575,1,s038
0.4625066307784178,1,s038
0.46224627713063304,1,s038
0.7619919779605804,0,s038
0.7616673259932096,1,s038
0.46211742855805604,1,s038
0.46236877191716586,1,s038
0.4634677865584582,1,s038
0.46270360514115194,0,s038
0.4623368724015855,1,s038
0.4622577611594645,1,s038
0.4618987290992964,1,s038
0.9640432553624056,1,s038
0.4622963974929708,1,s038
0.46208204008780895,1,s038
0.4628451881290627,1,s038
0.4620737158152626,1,s038
0.7616532401102618,1,s038
0.4623785712478685,1,s038
0.4622707723744497,1,s038
0.46209832979236376,0,s038
0.4623215897847377,1,s038
0.4622202740058221,1,s038
0.9052223927542891,1,s038
0.46194338360953613,1,s038
0.4621165767903268,1,s038
0.7615868942591861,1,s038
0.46274039592479,0,s038
0.4620698742555598,1,s038
0.4623743910137239,1,s038
0.4627222313955044,1,s038
0.4621923029295356,1,s038
0.4617549885106884,1,s038
0.7617195354950617,1,s038
0.4616228902126265,1,s038
0.4620643053167395,1,s038
0.4625968658961974,0,s038
0.4625329130179623,1,s038
0.0001334600900866345,0,s038
0.46211806444684167,1,s038
0.46224883073538847,0,s038
0.46179280806332046,1,s038
0.46216915773599987,1,s038
0.4619890809593976,1,s038
0.4621162264296437,1,s038
0.7618194427820102,1,s038
0.46213792541737764,0,s038
0.46264593898973705,1,s038
0.4620105073829732,1,s038
0.4621104776396403,1,s038
0.4628102830941392,1,s038
0.46319841083334223,1,s038
0.7621208716764338,1,s038
0.46204526842497673,1,s038
0.46258392861186026,0,s038
0.46290419511948167,1,s038
0.46255385697342266,1,s038
0.46294918454876655,1,s038
0.4627577663697946,1,s038
0.4626819786108993,0,s038
0.4623399605376113,0,s038
0.4633370377566639,1,s038
0.00016615436779909842,0,s038
0.7616290156872305,1,s038
0.7616036679841678,1,s038
0.7616445874695881,1,s038
0.4625202946167952,1,s038
0.7616938581037376,1,s038
0.4628091378818491,1,s038
0.4626029710447592,1,s038
0.4622088290344952,1,s038
0.46208622749352646,1,s038
0.4631341521109438,1,s038
0.46234767467362436,1,s038
0.46290826182961053,1,s038
0.4624779386153397,0,s038
0.7616573399962587,1,s038
0.4620954905715595,1,s038
0.4621388228370882,1,s038
0.4620728011064863,0,s038
0.4625829175309428,1,s038
0.7617475470122581,1,s038
0.7617238489359344,1,s038
0.00012535843776428912,1,s038
0.46293968478642844,1,s038
0.4623521637285912,1,s038
0.4623975027196001,1,s038
0.4621847617016237,0,s038
0.4622159565900741,1,s038
0.46228482054557296,1,s038
0.761854592006437,1,s038
0.4620843174444804,1,s038
0.4622597297219624,1,s038
0.4622624060088685,1,s038
0.4629352678812457,1,s038
0.9866359579739012,1,s038
0.4621923334506002,1,s038
0.4629839632827417,1,s038
0.7616302926058145,1,s038
0.4621450934534994,1,s038
0.46297557500794206,1,s038
0.462386177233133,0,s038
0.46217247011928,1,s038
0.4619090169595519,1,s038
0.9051386056102231,1,s038
0.4626494793806384,1,s038
0.7617202935161835,1,s038
0.4622399285634424,1,s038
0.46201861590119364,1,s038
0.761875220455589,1,s038
0.4627278506807888,1,s038
0.46221955643766166,1,s038
0.4626568934343731,1,s038
0.4629729661075319,1,s038
0.7617445045489806,1,s038
0.4624762162939353,1,s038
0.4619974792493271,1,s038
0.4621553473596838,1,s038
0.4624832139800725,1,s038
0.4622732206870055,1,s038
0.4621439674015173,0,s038
0.4621473542415613,1,s038
0.7616401836228923,1,s038
0.9052091661121218,1,s038
0.46221192945853007,1,s038
0.7613143663357345,0,s038
0.46212778225166806,1,s038
0.7616538158000086,1,s038
0.46239255534849844,1,s038
0.46190795123630757,1,s038
0.7617771758010563,1,s038
0.46220263268450656,1,s038
0.4619038797121686,1,s038
0.46191585049888806,1,s038
0.46246939954736277,0,s038
0.9052079440453487,1,s038
0.46175239989181427,0,s038
0.4620153653638259,1,s038
0.46196592301200945,1,s038
0.46171248670167064,1,s038
0.46187670473912634,1,s038
6.591316084625376e-05,0,s038
0.4621907861068104,1,s038
0.4618900250363056,1,s038
0.46243126898966214,0,s038
0.4619420705207018,1,s038
0.4617048172872842,1,s038
0.4622607590486727,0,s038
0.46307496869243003,1,s038
0.4625724221086964,0,s038
0.46191955891168335,1,s038
0.7614807837429647,1,s039
0.9050839510552209,1,s039
0.4614188135399131,1,s039
0.46189810335563064,1,s039
0.4619283313492546,1,s039
0.46184137270318004,1,s039
0.4621775761384046,0,s039
0.46153499538171405,1,s039
0.46213059614503904,1,s039
0.7615458359797305,0,s039
0.46225892948373315,0,s039
0.46224579680866396,1,s039
0.4619186989570794,1,s039
0.46217020398307085,1,s039
0.46232204650822384,0,s039
0.46195024411080876,1,s039
0.4624545245740359,0,s039
0.7616338527638409,1,s039
0.46199828330790904,1,s039
0.462536514727635,1,s039
0.46260887780030857,1,s039
0.46225871093705906,1,s039
0.46211312972575236,1,s039
0.4619884156032876,1,s039
0.7616806923822417,0,s039
0.46199191344193213,1,s039
0.46202281701248715,1,s039
0.7615733265350237,1,s039
0.7615676178785189,1,s039
0.461916401535146,1,s039
0.4620482283135825,0,s039
0.4623296750252126,0,s039
0.4617586659909383,0,s039
0.7620330423768065,0,s039
0.7617077126023555,0,s039
0.46229917017038114,1,s039
0.46188647939304905,1,s039
0.46222168864406354,1,s039
0.4623334447401768,1,s039
0.46240444061475894,0,s039
0.4620194929336072,1,s039
0.46202814289157,1,s039
0.4623150911025651,1,s039
0.46246552097512317,0,s039
0.4622391519258333,1,s039
0.762047903728698,1,s039
0.4620643375895932,1,s039
0.7615845319578454,1,s039
4.5003337767468565e-06,0,s039
0.46248930873024996,0,s039
0.463329458788714,0,s039
0.9051132151474854,1,s039
0.46221044383404886,1,s039
0.00032146916091235767,1,s039
0.4621914502417568,1,s039
0.46216558796246354,0,s039
0.4625339208600878,0,s039
0.7614141320990506,1,s039
0.462580287167605,0,s039
0.4627666660242731,1,s039
0.4620782458967687,0,s039
0.4622368908783725,0,s039
0.4619917752277616,1,s039
0.46185567473295164,1,s039
0.4620433354130933,1,s039
0.46227030965313864,0,s039
0.4620039117183474,1,s039
0.46228808909679975,1,s039
0.4624945318880349,0,s039
0.4621907340511908,1,s039
0.4626241213068125,1,s039
0.46226538610475076,1,s039
0.46192852838031295,1,s039
0.46226269195661196,1,s039
0.4620440655547977,1,s039
0.4624189915480581,1,s039
0.4622868858497695,1,s039
0.7622415911612388,1,s039
0.4614489099501349,1,s039
0.4626693053957709,1,s039
0.4618940754427163,0,s039
0.46237236639318446,1,s039
0.4616950354736693,1,s039
0.46220735752643627,1,s039
0.7614811870776828,1,s039
0.4614874204250601,1,s039
0.4624786859856329,1,s039
0.4618905882632045,1,s039
0.46342388377343746,1,s039
0.4624633047953708,1,s039
0.46224597804089695,1,s039
0.46252802499061896,1,s039
0.462377517801311,1,s039
0.4622091977139271,1,s039
0.7616557778793438,1,s039
0.4620214926883992,1,s039
0.46214866525514764,1,s039
0.46214225282264465,0,s039
0.7616774316109012,1,s039
0.7617838201585334,1,s039
0.7615321191541358,1,s039
0.7621123957234097,1,s039
0.4622617288509301,1,s039
0.4621576926307689,1,s039
0.7617466640976149,1,s039
0.7619860936093152,1,s039
0.4614699944669629,1,s039
0.7618135096974676,1,s039
0.7616353243040754,1,s039
0.4622595031295158,1,s039
0.4621832599300766,1,s039
0.46263799386974847,1,s039
0.4621784083580658,1,s039
0.46247361287816724,1,s039
0.7618174694673987,0,s039
0.46218502522410754,1,s039
0.761855498326748,1,s039
0.7618450085101418,1,s039
0.4624169051254783,1,s039
0.4624699984060787,1,s039
0.4622134613242843,1,s039
0.4621695599352025,1,s039
0.4617535104263826,1,s039
0.7616921618435009,1,s039
0.7617268563214672,1,s039
0.4622089496901489,1,s039
0.9052939597182956,1,s039
0.4621082756468884,1,s039
0.7616405804078241,1,s039
0.4624470940916592,1,s039
0.46252871462999834,1,s039
0.46200986289628854,1,s039
0.462359460974447,1,s039
0.7617189954981964,1,s039
0.4621385475862809,1,s039
0.4620389922674222,1,s039
0.4621663502232971,1,s039
0.4616307096308927,1,s039
0.46248061555701026,1,s039
0.4621402895216462,1,s039
0.46246691383017446,1,s039
0.46227010006232017,1,s039
0.46218131288652176,1,s039
0.46228468449445503,1,s039
0.7615729197566798,1,s039
0.4621816260472902,1,s039
0.7616070048943793,1,s039
0.7616153567862531,1,s039
0.46213447681846587,1,s039
0.46236630387179867,0,s039
0.46228251485910743,1,s039
0.462092767163947,1,s039
0.4622723713306578,1,s039
0.46207922507982224,1,s039
0.4624456362608107,1,s039
0.4627366974536311,1,s039
0.4624240629522465,1,s039
0.4614361320785241,1,s039
0.9052843440854597,1,s039
0.4623438586180151,1,s039
0.46226615039154706,1,s039
0.4622105177297897,1,s039
0.46181274371818337,0,s039
0.4622223752645409,1,s039
0.4622396472244519,1,s039
0.46196216203351104,1,s039
0.7617080476109077,1,s039
0.4624035315016093,1,s039
0.4621606597273933,1,s039
0.46230331057378704,1,s039
0.46259577681618835,1,s039
0.4623208612348535,1,s039
0.7618744719176451,1,s039
0.4624271683517429,1,s039
0.46191951831252775,0,s039
0.462619033890205,0,s039
0.46239688514587574,1,s039
0.4627878110324475,1,s039
0.4627309085539255,1,s039
0.4623519069285209,1,s039
0.4627943256260352,1,s039
0.7618510896351633,1,s039
0.7616634199805381,1,s039
0.4621515995340475,1,s039
0.9053250227586127,1,s039
0.00022391279541866815,0,s039
0.9051960718954675,1,s039
0.4621053449272168,1,s039
0.7617238909376411,1,s039
0.46248816613312815,1,s039
0.7618851847766632,1,s039
0.7617727620310444,1,s039
0.7618565085917792,1,s039
0.4625545674936722,1,s039
0.462391380871916,1,s039
0.7616751828163129,1,s039
0.46223906438650975,1,s039
0.4625276790062578,1,s039
0.46195016459298355,1,s039
0.46260123386653795,1,s039
0.7613266953542925,1,s039
0.46214292783705724,1,s039
0.46237509986375236,1,s039
0.4623883480937103,1,s039
0.00030681766417850476,0,s039
0.4626314931628823,1,s039
0.462333482087953,1,s039
0.462130953817528,1,s039
0.46232603506201086,1,s039
0.7616339682771123,1,s039
0.4624340419135182,1,s039
0.4625634591351846,1,s039
0.46249421694391657,1,s039
0.9052403760112879,1,s039
0.46213826514694767,1,s039
0.4621447135376382,1,s039
0.7616248826256133,1,s039
0.46237113502400407,1,s039
0.761704374765293,1,s039
0.46256365926936804,1,s039
0.46207726688294004,1,s039
0.46203900501388073,1,s039
0.4628710869898003,1,s039
0.46228989992277536,1,s039
0.46260155857087426,1,s039
0.7617735482887402,1,s039
0.4626192663062596,1,s039
0.46244151529834254,1,s039
0.4623793439790509,1,s039
0.4620006671697916,0,s039
0.4621350315333179,1,s039
0.462030442063013,1,s039
0.7615568298457349,1,s039
0.7616733210335807,1,s039
0.462622345940094,1,s039
0.7617760666710045,0,s039
0.46171293679912306,1,s039
0.4622607693638945,1,s039
0.7617018357036296,1,s039
0.46205079653026515,1,s039
0.00021068485869535358,0,s039
0.46213298407199455,1,s039
0.4623892108647476,1,s039
0.46211996613359196,1,s039
0.7618092464045141,1,s039
0.46267026158468494,1,s039
0.4623936030747049,1,s039
0.46244440742260196,1,s039
0.46248226253569524,1,s039
0.46224246833369387,1,s039
0.4620122004372893,1,s039
0.4620027746445088,1,s039
0.46208528540453986,1,s039
0.4622928467327152,1,s039
0.46266576219782896,1,s039
0.761794881307472,1,s039
0.46190881467630596,1,s039
0.46225012364679796,0,s039
0.46229428563386854,1,s039
0.46225212265275983,1,s039
0.7611825500733773,1,s039
0.761646002952177,1,s039
0.761815068519526,1,s039
0.46211746640225493,1,s039
0.4621785649275121,1,s039
0.4624703440760569,1,s039
0.4625758579159265,1,s039
0.761789504908952,1,s039
0.7617726027191216,1,s039
0.7619155580608994,1,s039
0.4627621862955731,1,s039
0.4622334297179238,1,s039
0.9640905290325381,1,s039
0.9051142725117318,1,s039
0.46194998726792447,1,s039
0.4623655356179772,0,s039
0.46244840864976267,0,s039
0.761779564076593,1,s039
0.7616480284165643,1,s039
0.7617472151787472,1,s039
0.46186352719421286,1,s039
0.46254247242061575,1,s039
0.4628848709383222,1,s039
0.7620315217383966,1,s039
0.9052427589622454,1,s039
0.9641172873114676,1,s039
0.7617516252345202,1,s039
0.4626375727133949,1,s039
0.7616851123044968,1,s039
0.46234347648608387,1,s039
0.4627510183408088,1,s039
0.9052310414852323,1,s039
0.7616664949212564,1,s039
0.7620528902005652,1,s039
0.905243585408311,1,s039
0.761695940803836,1,s039
0.9052675118299731,1,s039
0.7620351348524821,1,s039
0.462456253809266,1,s039
0.9053126205960191,1,s039
0.46234500830039615,1,s039
0.4618117331196372,1,s039
0.7617700453602383,1,s039
0.4623848546788114,1,s039
0.46259702771422084,1,s039
0.46219730279056725,1,s039
0.4624181712407358,1,s039
0.4619859105477726,1,s039
0.46211231679528475,1,s039
0.00042868852979549565,0,s039
0.7618504905366157,1,s039
0.46241869778959055,1,s039
0.46236478061674724,1,s039
0.761837662817888,1,s039
0.4628021066196002,1,s039
0.7617699431519103,1,s039
0.9052724278582258,1,s039
0.4624568815430885,1,s039
0.46208532603163044,1,s039
0.4622145350567919,1,s039
0.4623354284720482,1,s039
0.4630553637218122,1,s039
0.9053473259282532,1,s039
0.4623385736737482,1,s039
0.46187483827887377,1,s039
0.7618717215769495,1,s039
0.4620056673741242,1,s039
0.46274868184288653,1,s039
0.4622736042617732,1,s039
0.462801405575455,1,s039
0.4623079477960421,1,s039
0.46201395749971774,1,s039
0.4622726486183313,1,s039
0.46265108236544994,1,s039
0.4622787212032975,1,s039
0.7618114966010141,1,s039
0.4621989269647555,1,s039
0.7616297697103342,1,s039
0.46247198312618387,1,s039
0.7616661454671645,1,s039
0.7617353962275393,1,s039
0.7617360318715727,1,s039
0.7620089801198127,1,s039
0.4628025125240407,1,s039
0.7617856494845965,1,s039
0.7614503543112565,1,s039
0.4625558920698065,1,s039
0.7619006229249323,1,s039
0.46245774001448625,1,s039
0.7617440007835561,1,s039
0.46227672964007915,1,s039
0.46225962387184816,1,s039
0.4621280823337919,1,s039
0.46217250023135015,1,s039
0.462260768523834,1,s039
0.4620502127648065,1,s039
0.46212143932678007,1,s039
0.761451155513452,1,s039
0.7613631831629422,1,s039
0.46203244132779964,1,s039
0.46235691496429454,0,s039
0.7617450402842412,1,s039
0.4620195743375157,1,s039
0.7616814710068402,1,s039
0.4623210623974374,1,s039
0.761673403501469,1,s039
0.7616032093890868,1,s039
0.7617641305181748,1,s039
0.7617463896132013,1,s039
0.461785946922602,1,s039
0.46234143119016213,1,s039
0.462184435191765,1,s039
0.4619196807725694,1,s039
0.00015467122419754453,0,s039
0.9051890545971473,1,s039
0.46223372362711124,1,s039
0.4624413464688035,1,s039
0.7616931310980541,1,s039
0.4621901683784546,1,s039
0.46199143483534355,1,s039
0.46246926962661816,1,s039
0.4620160624786587,1,s039
0.7616678878970338,1,s039
0.4625623647769501,1,s039
0.4617856335101249,1,s039
0.4618228020777735,1,s039
0.7617406489845697,1,s039
0.46200103730120223,1,s039
0.4620816596548767,0,s039
0.7617550152273933,1,s039
0.761521877780396,0,s039
0.4617155127364576,1,s039
0.4621792728714098,1,s039
0.4623452184100365,0,s039
0.761282120467377,1,s039
0.7621975767626477,1,s039
0.7616839259135588,1,s039
0.7616108441166445,0,s039
0.46217109429927805,1,s039
0.4623796087981016,0,s039
0.4628880584171129,1,s040
0.46263554123401485,1,s040
0.4632830464819637,1,s040
0.46157725745989686,1,s040
0.4620905789841394,0,s040
0.46218917783440494,1,s040
0.4617853162664558,0,s040
0.46246429431907354,1,s040
0.46241970477864824,1,s040
0.4630703076665339,0,s040
0.4627212394568323,1,s040
0.7617909781800936,1,s040
0.761953847035755,1,s040
0.00024382351490337406,0,s040
0.4630359229089538,1,s040
0.7615172085951503,1,s040
0.4629843403152363,1,s040
0.4619957245139066,1,s040
0.46397919410866706,1,s040
0.4620953874480511,1,s040
0.4622447545255677,1,s040
0.46262441357125383,1,s040
0.4623523547449997,1,s040
0.46253505934987826,1,s040
0.7623305646946232,1,s040
0.46367193531799167,1,s040
0.9052275980442748,1,s040
0.4619643168991421,1,s040
0.46351175734677375,1,s040
0.4624129685313796,1,s040
0.4622237337251258,1,s040
0.4620638924870899,1,s040
0.4617738245204839,1,s040
0.4621353466082876,1,s040
0.46187713232162464,1,s040
0.7615578428299268,1,s040
0.9640440945612185,1,s040
0.46307405591014295,0,s040
0.46192363164849914,1,s040
0.4624418968789039,1,s040
0.46153605552133703,1,s040
0.7615224422360418,1,s040
0.4613279324674098,1,s040
0.46222655217509456,1,s040
0.4636905389589494,1,s040
0.46171459835905937,1,s040
0.461816784238287,1,s040
0.4620174025390189,1,s040
0.4625935543404853,0,s040
0.7620828496381167,0,s040
0.46358000428566837,0,s040
0.4627866944420731,1,s040
0.7620454436811841,0,s040
0.0006100267551534255,0,s040
0.46316753256730414,1,s040
0.46325708748172145,1,s040
0.46297790858960153,1,s040
0.4623301442835541,1,s040
0.4625577759088686,1,s040
0.761644316137249,1,s040
0.4633496316165686,1,s040
0.4624923474369569,1,s040
0.4631192189103499,1,s040
0.7614532828470357,1,s040
0.4623380657794929,1,s040
0.4621768550578782,1,s040
0.4621579616853555,1,s040
0.46213890952532943,1,s040
0.7615881160630802,1,s040
0.46261742979637277,1,s040
0.46247807312735234,1,s040
0.46348791198853245,1,s040
0.46257145525737275,1,s040
0.4622521386531786,1,s040
0.4626038943883397,1,s040
0.4622005647045182,1,s040
0.4635854288051042,1,s040
0.4630112345477442,1,s040
0.46143465292882113,1,s040
0.4631233795054146,1,s040
0.4622188958552442,1,s040
0.4623967897638903,1,s040
0.46215125356517417,1,s040
0.4617444802023771,1,s040
0.46349667032813224,1,s040
0.4619386107475232,1,s040
0.4622885146894,1,s040
0.4622545879510731,1,s040
0.000371349384399311,1,s040
0.4633736648850655,1,s040
0.46256877830823173,1,s040
0.4633902993328147,1,s040
0.4624459966629306,1,s040
0.462211496052064,1,s040
0.4624095489107416,1,s040
0.46211877096097775,1,s040
0.4620614204428348,1,s040
0.4621152087286349,1,s040
0.4622735069343822,1,s040
0.4621324064511845,1,s040
0.4630907960641999,1,s040
0.46184728428659283,1,s040
0.46277177857660523,0,s040
0.46247249094885134,1,s040
0.46156052941219405,1,s040
0.46184842156761974,1,s040
0.7617681608499114,1,s040
0.462350361406052,1,s040
0.46243251713799816,0,s040
0.4618212068209435,1,s040
0.4618061397168627,1,s040
0.46364395999544805,1,s040
0.46398034414459177,1,s040
0.7613533994957802,1,s040
0.7617655280562565,1,s040
0.7616920324763443,1,s040
0.761738086875223,1,s040
0.46228998776247376,0,s040
0.46335590701870055,1,s040
0.7619560754694039,1,s040
0.7620797033612032,1,s040
0.4627294630504384,1,s040
0.4620452557015835,1,s040
0.4637209444960988,1,s040
0.46274578835916547,1,s040
0.46185062801258825,1,s040
0.4623021458640213,1,s040
0.4621321346057796,1,s040
0.9866068449305327,1,s040
0.463436155626721,0,s040
0.7624009293607912,0,s040
0.46214886861431803,1,s040
0.46143168011921665,1,s040
0.7615987322019591,0,s040
0.4625658173843492,0,s040
0.7617847426876168,1,s040
0.46173471520532705,1,s040
0.46330488126685165,1,s040
0.7617948280548779,1,s040
0.4629579576049574,1,s040
0.7626089955002948,1,s040
0.4620144098485137,1,s040
0.4626430500442591,1,s040
0.46204407661203417,1,s040
0.4629656450946107,1,s040
0.4629770472006631,1,s040
0.46314444396613297,1,s040
0.46244309820342466,1,s040
0.7617671762921809,1,s040
0.46171659151536626,0,s040
0.4623259818286398,1,s040
0.7620262628247667,0,s040
0.4617090686926524,1,s040
0.4622541683242962,1,s040
0.46271172019438733,1,s040
0.9055341532025214,1,s040
0.4630140624972465,1,s040
0.4627596162528418,1,s040
0.46196778593028953,1,s040
0.46213333759288,1,s040
0.46215710900413187,0,s040
0.4623523050037679,1,s040
0.46231220374259063,1,s040
0.4625660761371795,1,s040
0.462845824573898,1,s040
0.7615954874813258,1,s040
0.4620999934458574,1,s040
0.4624881703764796,1,s040
0.4625362889108664,1,s040
0.46235561217612764,1,s040
0.46233736578054296,1,s040
0.4619856040005397,1,s040
0.9052499751569412,1,s040
0.7622042824958628,1,s040
0.7617366916555206,1,s040
0.46219152833746624,1,s040
0.46220090232246425,1,s040
0.46174525959354273,1,s040
0.46257454683231036,1,s040
0.4622402920408455,1,s040
0.7616503974694435,1,s040
0.4622650567842377,1,s040
0.4633231760978087,1,s040
0.46261291895091294,1,s040
0.46251245229026194,0,s040
0.4624914408669689,1,s040
0.46297622119118165,0,s040
0.4631259526148068,1,s040
0.4622918669232714,0,s040
0.4628962959086813,1,s040
0.46224195571986626,1,s040
0.4625514989399515,1,s040
0.462781923443768,1,s040
0.46230301108557903,1,s040
0.4624134286637531,1,s040
0.46192415198780123,1,s040
0.7618798488514169,1,s040
0.4630828656072774,1,s040
0.4620872249842989,1,s040
0.46225984919648866,0,s040
0.4621013353031216,1,s040
0.4613299498290262,0,s040
0.46237304249568356,1,s040
0.4617834945683241,1,s040
0.4619044220991473,1,s040
0.7614091869058948,1,s040
0.46248782959943635,1,s040
0.4625926193530898,1,s040
0.4627589998048909,1,s040
0.463080499431918,1,s040
0.4626722277304023,1,s040
0.4624820392161557,1,s040
0.46326078718524477,1,s040
0.46223243519318413,0,s040
0.905193285184686,1,s040
0.4624559987546075,1,s040
0.46239612616772274,1,s040
0.46348835567070457,1,s040
0.46295995562658265,1,s040
0.4625807269664459,0,s040
0.4625038234081458,1,s040
0.46232951507932607,1,s040
0.7621612117468284,1,s040
0.46267431371903167,1,s040
0.46311772363844717,1,s040
0.4630343268034596,1,s040
0.4624128223291244,1,s040
0.46278885707450224,1,s040
0.46231676567520785,1,s040
0.4617602516747008,1,s040
0.4623467733316138,1,s040
0.4640550711256455,1,s040
0.4616529292745206,1,s040
0.46158592938109066,1,s040
0.46239869741162476,1,s040
0.46222128765872905,0,s040
0.46198603580470454,1,s040
0.9051462087342084,1,s040
0.7615058388086986,1,s040
0.46183354245312125,0,s040
0.46180575978605054,1,s040
0.0009822990578016721,1,s040
0.4620567555003041,1,s040
0.46296698779918066,1,s040
0.46230219936770367,0,s040
0.46206558248715734,1,s040
0.7618055920814122,1,s040
0.4619971544325967,1,s040
0.4624186508947914,1,s040
0.4618896930941603,1,s040
0.7619344795885099,1,s040
0.463049557856716,1,s040
0.46248593050067033,1,s040
0.4620734900619561,1,s040
0.46235391215149835,1,s040
0.7619024493789248,1,s040
0.4623232163215465,1,s040
0.9051567086935004,1,s040
0.4631351603355389,1,s040
0.46263056248149237,1,s040
0.4619205664349295,1,s040
0.4621484858191214,1,s040
0.46283641055046276,1,s040
0.4624457068522241,1,s040
0.46403559158403884,1,s040
0.46245246183218525,1,s040
0.46220197392620577,1,s040
0.46183706074827735,1,s040
0.461896911167762,1,s040
0.46206813522599877,1,s040
0.4625214906517441,1,s040
0.4623562756193469,1,s040
0.4627404775896178,1,s040
0.7619934707225329,1,s040
0.761586418713571,1,s040
0.4635588695043218,1,s040
0.4623368643467025,0,s040
0.4623839455833265,1,s040
0.4623642762825506,1,s040
0.4623695706720834,0,s040
0.7616179711981308,0,s040
0.46262684622274297,1,s040
0.46221738274348634,1,s040
0.46264857493774736,1,s040
0.4623638231231819,1,s040
0.4624713677278145,1,s040
0.462671698790601,1,s040
0.462787178949412,1,s040
0.46198514984632943,1,s040
0.905248133200907,1,s040
0.46316141609939376,1,s040
0.46359821724976413,1,s040
0.46211942303657194,1,s040
0.4622738151761223,1,s040
0.4623433707659288,0,s040
0.00034287852156422716,0,s040
0.46259118673644917,1,s040
0.4619599082249808,1,s040
0.46290178686608785,1,s040
0.4624632617469524,1,s040
0.4620408652389354,1,s040
0.46239310747720386,1,s040
0.4620893713054184,1,s040
0.7616347041817793,1,s040
0.4623495685449559,1,s040
5.0703883885283574e-05,0,s040
0.4625145349259472,1,s040
0.9052637038983384,1,s040
0.46246245965579,1,s040
0.4623270905945154,1,s040
0.4624365398633494,1,s040
0.4629347438729088,1,s040
0.46218768230406737,1,s040
0.4621743546995378,1,s040
0.46352092207382545,1,s040
0.4627866247966892,1,s040
0.46186919531981663,1,s040
0.46206745190779963,1,s040
0.4624953946495969,1,s040
0.46330558015433176,1,s040
0.46227314648800366,1,s040
0.4624635246347275,0,s040
0.46241834544865923,1,s040
0.46383400832122,1,s040
0.4623982176821473,1,s040
0.46200627091127666,1,s040
0.46203359458202,1,s040
0.46179509026940013,1,s040
0.00027496100314849947,0,s040
0.46235190090929024,1,s040
0.4620085263854403,1,s040
0.4608097676639058,1,s040
0.4637353237057318,1,s040
0.46209785348712074,1,s040
0.4619424780233894,1,s040
0.46258777367373916,1,s040
0.46303798654518125,0,s040
0.461949861970097,1,s040
0.905149601851529,1,s040
0.4615976876214041,1,s040
0.0009058799103953685,0,s040
0.4613121445622177,1,s040
0.9640651855847999,1,s040
0.4620988364673857,1,s040
0.4620455804653152,1,s040
0.7616478388897534,0,s040
0.461952787797973,1,s040
0.46252159296958717,0,s040
0.7618648336903744,0,s040
0.4614722712070525,1,s040
0.4629898327880366,1,s040
0.7621297024740692,1,s040
0.4627807682165075,1,s040
0.46246256074917436,1,s040
0.46155434734783274,1,s040
0.4626216996423189,1,s040
0.462453512376789,1,s040
0.4625462085764893,1,s040
0.46217241976252543,0,s040
0.00019958111899898157,0,s040
5.6060861650442106e-05,0,s040
0.4623255133084818,1,s040
0.46198528650066506,0,s040
0.46174898351647053,0,s040
0.4624000718849186,1,s040
0.0003583245652170053,0,s040
0.462920804611342,1,s040
0.46152895652956794,0,s040
0.4618204530142851,1,s040
0.4635856657424664,1,s040
0.9051467118805654,1,s040
0.7615616532495488,1,s040
0.7619021986950083,1,s040
0.46335631251282283,1,s040
0.4622431544155594,1,s040
0.46273746611162125,1,s040
0.4632254680742205,1,s040
0.4621385852897393,1,s040
0.462601406046355,1,s040
0.4622427562489346,1,s040
0.46200854962255344,1,s040
0.905172435225277,1,s040
0.46221668305558894,1,s040
0.4621053928151735,1,s040
0.4624210544641718,1,s040
0.7614968160470772,1,s040
0.4620620538527198,1,s040
0.4619124594680215,1,s040
0.7615361171170296,1,s040
0.462515979751688,1,s040
0.4619009859861909,0,s040
0.46099233942619344,1,s040
0.4616589342291493,1,s040
0.4618154779838428,1,s040
0.46309775350427973,1,s040
0.7620098738449756,1,s040
0.7615663729473001,1,s040
0.4625929156490489,1,s040
0.4622955273614413,1,s040
0.46213336804521865,0,s040
0.4614082701095048,1,s041
0.46204678472435257,1,s041
0.761558237346323,1,s041
0.4620861495322641,1,s041
0.7615420291398265,1,s041
0.4623669668023902,0,s041
0.4619839636283536,1,s041
0.4623517698333197,1,s041
0.4618162696413508,1,s041
0.7615524304642369,1,s041
0.9049964628486904,1,s041
0.4628537319315016,1,s041
0.46224274741164173,1,s041
0.7612122153208323,1,s041
0.7618379796973784,1,s041
0.7617945183517771,1,s041
0.905236075002418,1,s041
0.9640219212873948,1,s041
0.4621027194465275,1,s041
0.46213309480173304,0,s041
0.4630100117128695,1,s041
0.4622737487081734,0,s041
0.7609634627139072,1,s041
0.4625513109925523,0,s041
0.46294647303129643,0,s041
0.7613212607088875,1,s041
0.7616692441195874,1,s041
0.46257274677949534,1,s041
0.7615043933828047,1,s041
0.4636274925776491,0,s041
0.46210242158873305,1,s041
0.4634407421983626,0,s041
0.4621680138347404,1,s041
0.4627416291193174,1,s041
0.7612212163370955,1,s041
0.46246209450389175,0,s041
0.9640649144028834,1,s041
0.46209319895597867,1,s041
0.46249734410235943,1,s041
0.46189030056312186,1,s041
0.7614989757752464,1,s041
0.4621878057345976,1,s041
0.9051741468238841,1,s041
0.4619821095847281,0,s041
0.7618235909436255,1,s041
0.46259325033084764,1,s041
0.4614328253945097,1,s041
0.4626032377067357,1,s041
0.46233575574873953,1,s041
0.4614484145215243,0,s041
0.7618108988360841,0,s041
0.4612835574107914,1,s041
0.4622181215510466,1,s041
0.4627879535449726,0,s041
0.4622336840455472,1,s041
0.4622100160656901,1,s041
0.4618579791779065,0,s041
0.7612795633767875,1,s041
0.762056286156606,1,s041
0.4629476565390276,1,s041
0.7626863900050609,1,s041
0.7621631700900946,1,s041
0.4623303082854431,1,s041
0.4624693004730376,1,s041
0.7616562368765285,1,s041
0.46208931809922804,0,s041
0.9051989940188745,1,s041
0.462161809691523,1,s041
0.46298795752158517,1,s041
0.46275753562868327,1,s041
0.46257001651318297,1,s041
0.46308019370090814,1,s041
0.4629179454021264,1,s041
0.4626033456611611,1,s041
0.4632203455717836,1,s041
0.4626872547862533,1,s041
0.4634049605463444,1,s041
0.7620444401144262,1,s041
0.7622257859649748,1,s041
0.46259832319472305,1,s041
0.4617947713912538,0,s041
0.46284598631636564,1,s041
0.46241501396629014,1,s041
0.4629071382540735,1,s041
0.4624831618958103,1,s041
0.7617334162716711,1,s041
0.46245199115479396,1,s041
0.4622923616155905,1,s041
0.462566624900385,1,s041
0.4621998997635768,1,s041
0.46215609724961904,1,s041
0.4627842509552549,1,s041
0.46224477149964893,1,s041
0.46331418147158976,1,s041
0.462303252702873,1,s041
0.462595864722412,1,s041
0.4622821846219143,1,s041
0.4627364908930076,1,s041
0.46219678149233356,1,s041
0.46268313476494494,1,s041
0.4619907857508645,0,s041
0.4621651499726249,0,s041
0.4626185007150645,1,s041
0.46172838800212324,1,s041
0.4617626891666411,1,s041
0.4620550805965231,1,s041
0.7616715594137553,1,s041
0.4623143554061937,1,s041
0.4625706863793846,1,s041
0.46229584452927885,1,s041
0.4624476090827139,1,s041
0.4631225485103605,1,s041
0.7620953990632169,1,s041
0.46293163107452595,1,s041
0.4629648438813634,1,s041
0.46355657890519697,1,s041
0.46312080960418167,1,s041
0.7621594240226555,1,s041
0.46244441174592743,1,s041
0.46229283749882355,1,s041
0.4622454473189592,1,s041
0.7620079546896597,1,s041
0.46233906117086376,1,s041
0.4625711456306747,1,s041
0.46218255628313965,1,s041
0.4619839022834207,1,s041
0.7619082945425493,1,s041
0.46233645321541306,1,s041
0.4636614191001416,1,s041
0.46238197083181887,1,s041
0.9053942977884788,1,s041
0.4622465274184384,1,s041
0.46222324074138554,1,s041
0.46272613695032816,1,s041
0.46290795929471873,1,s041
0.7623288378437072,1,s041
0.46254242866156847,1,s041
0.4628633991580897,1,s041
0.46231630746586627,1,s041
0.46245301107142356,1,s041
0.7615929671188486,1,s041
0.46230113365049585,1,s041
0.46225693519105326,1,s041
0.462107046998379,1,s041
0.4623623757175468,1,s041
0.4628640138712472,1,s041
0.46222685420818155,1,s041
0.4621247188869386,1,s041
0.46201745678729567,1,s041
0.4623851417791176,1,s041
0.7618093366525147,1,s041
0.46135758241499647,0,s041
0.761720158229017,1,s041
0.4622294704810981,1,s041
0.4626648140200127,1,s041
0.46228912689847657,0,s041
0.4628027092035454,1,s041
0.4631273184198301,1,s041
0.46188929127850553,1,s041
0.9051483078051592,1,s041
0.46200671427201523,1,s041
0.46233473725379204,1,s041
0.46271790109946354,0,s041
0.46272981161091353,1,s041
0.4631834182851895,1,s041
0.762251391249851,1,s041
0.46284895937397463,1,s041
0.46314588361738807,1,s041
0.46251792392246993,1,s041
0.4627148577357967,1,s041
0.46305551227745756,1,s041
0.7619417267805555,1,s041
0.4623119183355804,1,s041
0.46307496683243476,1,s041
0.4626849572378633,0,s041
0.4629398500864561,1,s041
0.46250782641227084,1,s041
0.462381815825732,1,s041
0.46291238547664304,1,s041
0.4614681655386683,0,s041
0.462904542855497,1,s041
0.4627731929450989,1,s041
0.7623495732474621,1,s041
0.4624022412624784,1,s041
0.4631279560859307,1,s041
0.46240247005064794,1,s041
0.4637223711959406,1,s041
0.4628119253970353,1,s041
0.4626740300795209,1,s041
0.4622342602067919,1,s041
0.4623647175804684,1,s041
0.46205635349575913,0,s041
0.46222823946211355,1,s041
0.4624628738931489,1,s041
0.4625309315458923,1,s041
0.4631309104552246,1,s041
0.4623524463289679,1,s041
0.46337882323079427,1,s041
0.4625812505860756,1,s041
0.4620380346813777,1,s041
0.46222603033640675,1,s041
0.4622289152736738,0,s041
0.46267985603100703,0,s041
0.462310368606071,1,s041
0.7617566743020532,1,s041
0.46249657002183553,1,s041
0.4623610968164473,1,s041
0.4622373677060212,1,s041
0.4628338703857504,1,s041
0.4623405324012513,1,s041
0.4624758752646887,1,s041
0.4620079144592233,1,s041
0.4621855285117904,1,s041
0.4621446557143709,1,s041
0.46210795615465483,0,s041
0.4623255010767364,1,s041
0.4623856314899899,1,s041
0.0005348804071949598,1,s041
0.46236036288587545,1,s041
0.4622308623242417,1,s041
0.4622494026292614,1,s041
0.46206614900295184,1,s041
0.46223755637878416,1,s041
0.461934968277957,1,s041
0.7620795395176543,1,s041
0.46261933245688835,1,s041
0.4620809818974383,1,s041
0.4624278257297556,1,s041
0.46222508464516276,1,s041
0.46284396754963586,1,s041
0.4624393808604612,1,s041
0.462115750606628,1,s041
0.4623007467912601,1,s041
0.463158546470096,1,s041
0.46255866388523925,1,s041
0.46233587724188485,1,s041
0.46270768666742845,1,s041
0.4615028975993727,0,s041
0.4623414387730147,1,s041
0.46247555196479984,1,s041
0.7617352132536668,1,s041
0.46195683125008347,1,s041
0.4629312148497673,1,s041
0.46246129554671467,0,s041
0.46220716291473907,1,s041
0.4616627837392009,1,s041
0.4630573840257344,1,s041
0.4635283660286518,1,s041
0.46214175470722374,1,s041
0.4624265962629781,1,s041
0.7617645158836839,1,s041
0.4621618715690874,1,s041
0.46235624740034664,1,s041
0.46208344352337183,1,s041
0.4620593713291832,0,s041
0.4624333412875248,0,s041
0.7613197042706772,1,s041
0.46163073001667665,1,s041
0.4624724655432584,0,s041
0.4619679974505859,1,s041
0.46204982613603707,1,s041
0.46351014813016644,1,s041
0.4616871916148084,1,s041
0.4622561225298887,0,s041
0.4626879004859168,1,s041
0.46207781911783474,0,s041
0.4622411082960909,1,s041
0.4619031893896064,1,s041
0.46369163079304565,1,s041
0.4623370716774593,1,s041
0.46229647446367106,1,s041
0.4627467256277058,1,s041
0.4632146166962823,1,s041
0.7620991175918927,1,s041
0.46274307959294236,1,s041
0.4621948690271176,1,s041
0.4621482948631608,1,s041
0.4626339038045537,1,s041
0.4637087257537693,1,s041
0.7622535351846831,1,s041
0.7619658109906196,1,s041
0.4621125566927853,1,s041
0.4622106743289687,1,s041
0.7622159198914147,1,s041
0.7626515813486598,1,s041
0.46244126897931004,1,s041
0.7619063569203226,1,s041
0.4627898556462573,1,s041
0.46271828938770376,1,s041
0.462421114651544,1,s041
0.7620947925478188,1,s041
0.7624388962677779,1,s041
0.4621165911848275,1,s041
0.46232678689240836,1,s041
0.462207506279392,1,s041
0.46231116549997964,1,s041
0.7626600483879076,1,s041
0.46246642493203405,1,s041
0.46315366124559065,1,s041
0.7626498522695935,1,s041
0.46086849305908495,1,s041
0.4619114037447323,1,s041
8.44838950209148e-05,0,s041
0.7615945244937563,0,s041
0.46164507086646456,1,s041
0.46204743476074217,1,s041
0.46186725933115036,1,s041
0.46227645658794514,1,s041
0.46204913291074656,1,s041
0.4624880776874609,1,s041
0.4621316433600666,1,s041
0.4620887051423954,1,s041
0.46209650985916273,1,s041
0.46210363858559944,1,s041
0.4620651598335419,1,s041
0.46239484381436435,0,s041
0.4617102674673266,1,s041
0.4624772805192301,1,s041
0.46178795788597293,1,s041
0.46184322666638455,1,s041
0.4621263295866198,1,s041
0.4621783616159141,0,s041
0.46296067542240227,0,s041
0.46180322113539884,1,s041
0.7616005729659445,1,s041
0.7620913724253244,1,s041
0.4622234355848689,1,s041
0.4622570321173969,1,s041
0.4619699607474739,1,s041
0.46213345637170145,1,s041
0.4621880405086818,0,s041
0.4617963600145705,1,s041
0.46199525391090757,1,s041
0.4620576892333603,1,s041
0.46236077621825866,1,s041
0.46215663030934495,1,s041
0.46198455259367277,1,s041
0.4623473507031295,0,s041
0.4620146862173369,1,s041
0.46204471571770944,1,s041
0.46313660299674253,1,s041
0.46144932932866434,1,s041
0.46248941284249145,1,s041
0.4624241835391505,1,s041
0.46269241065215905,1,s041
0.46208183396094804,1,s041
0.4624987037778834,1,s041
0.46219711866134294,1,s041
0.4623900647491477,0,s041
0.46219335576778486,1,s041
0.7611567912958603,1,s041
0.7626614190979586,1,s041
0.46291402495764866,1,s041
0.46264103400851586,1,s041
0.4624672127273335,1,s041
0.4628067249820771,1,s041
0.46307381849290463,1,s041
0.4630850125148982,1,s041
0.7621577172962637,1,s041
0.4625013619315246,1,s041
0.462607358640738,1,s041
0.46273009870839377,1,s041
0.462728819721304,1,s041
0.7623738647017,1,s041
0.462119001549236,1,s041
0.4624316348845281,1,s041
0.46272444722371175,1,s041
0.46227932701939367,1,s041
0.462248324562484,1,s041
0.4622528936993484,0,s041
0.4624461715771675,1,s041
0.4624397661013835,1,s041
0.46230785902867355,1,s041
0.46243410166283816,1,s041
0.4633518879210199,1,s041
0.46282542316017383,1,s041
0.46211528982716854,1,s041
0.4624811260762878,1,s041
0.4629269730350074,1,s041
0.7621601453967988,1,s041
0.46257355714185233,1,s041
0.7621108021950909,1,s041
0.7623576570788544,1,s041
0.46226453327852823,1,s041
0.4624075195104742,1,s041
0.7621670527360136,1,s041
0.46242970247867365,1,s041
0.4619889917376412,1,s041
0.46248588403735846,1,s041
0.46209809227369636,1,s041
0.46213485491086503,1,s041
0.4629320599137572,1,s041
0.462655018035772,1,s041
0.46304459381623,1,s041
0.46221351615017237,1,s041
0.46254748353706443,1,s041
0.46206794590628664,1,s041
0.9053898662574325,1,s041
0.7620215192951656,1,s041
0.4628286824067078,1,s041
0.4624416716532451,0,s042
0.46243746434377964,0,s042
0.4615727099467486,1,s042
0.46186093112773596,0,s042
0.46164296912113567,1,s042
0.4611987436687497,1,s042
0.462329353296141,1,s042
0.4634155275561842,0,s042
0.4631560502774834,1,s042
0.46213149266783216,0,s042
0.4622179096911312,1,s042
0.7615127486688036,1,s042
0.7613049461316326,1,s042
0.9052300546883534,1,s042
0.46170123596718815,1,s042
0.46166339728600825,1,s042
0.7615130154665104,1,s042
0.761588940924478,0,s042
0.7620968908504555,1,s042
0.4616475979896826,1,s042
0.4619541533091329,0,s042
0.4617708983342832,1,s042
0.4621226828082996,1,s042
0.4623209533901196,1,s042
0.0002723721793249645,0,s042
0.46233383386750515,1,s042
0.4622209874243195,1,s042
0.4622304056970181,1,s042
0.4624288198278297,1,s042
0.7616882250477992,1,s042
0.4623316696143258,1,s042
0.7616808508220858,1,s042
0.4622118022179422,1,s042
0.4621779377559436,1,s042
0.46203782330545873,1,s042
0.46229502755703633,1,s042
0.7615669694933318,1,s042
0.4623342180561576,1,s042
0.001000620330214197,0,s042
0.46167676973705984,1,s042
0.462142403866284,1,s042
0.46213263889721534,0,s042
0.4623325159156064,1,s042
0.4622082576427251,1,s042
0.4623101732480628,1,s042
0.4616883197021415,1,s042
0.4622953683447104,1,s042
0.46227396966084,1,s042
0.46237991550100244,1,s042
0.46206830699950907,1,s042
0.46201970241699275,0,s042
0.0002515645359697505,0,s042
0.4618345234359853,0,s042
0.0006903317100079853,1,s042
0.46197752516402524,1,s042
0.7618803249809603,1,s042
0.4621911624220414,1,s042
0.4622788989314841,1,s042
0.46249130513134795,1,s042
0.761771061030599,1,s042
0.761662607505244,1,s042
0.46197007946879487,0,s042
0.46309119043117475,1,s042
0.46224302206555046,1,s042
0.9051745861091163,1,s042
0.46383964902856545,1,s042
0.4628600874050588,1,s042
0.46264785104578765,1,s042
0.4622165109331857,1,s042
0.46372051374273804,1,s042
0.4620249449877465,1,s042
0.4629694546476879,1,s042
0.4615353082466449,0,s042
0.461720326355753,1,s042
0.46272462492282807,1,s042
0.9640383931188061,1,s042
0.4621966060756415,1,s042
0.4625449591049571,1,s042
0.7616549217687261,1,s042
0.4626352320754643,1,s042
0.4623342751826285,1,s042
0.4621983089691879,1,s042
0.4624056503083118,1,s042
0.4626004241648758,1,s042
0.4625493137438026,1,s042
0.7619058410607589,1,s042
0.7620550895361176,1,s042
0.0009718301381689276,0,s042
0.4629662584169283,1,s042
0.46261985904619163,1,s042
0.7616946903748825,1,s042
0.4626083448130085,1,s042
0.7614305849561724,1,s042
0.4628631618565915,1,s042
0.4624895056630953,1,s042
0.46209807833477967,1,s042
0.46245853478830234,1,s042
0.4631460246639716,1,s042
0.4623636545081027,1,s042
0.7615986506827364,1,s042
0.46111124246725144,1,s042
0.761394591820403,1,s042
0.7618282348883343,1,s042
0.4623422519201763,1,s042
0.46210303073257664,1,s042
0.46234029446904823,1,s042
0.4623097062129995,1,s042
0.4619047252502082,0,s042
0.46256634246250594,1,s042
0.46129494841202634,1,s042
0.46224644526246617,1,s042
0.4620686189838443,1,s042
0.4618627010705283,1,s042
0.4623181924714006,1,s042
0.4622893606022396,1,s042
0.7617712079690739,1,s042
0.4623948623366263,0,s042
0.4622775067162195,1,s042
0.7613889094415951,1,s042
0.4622295577679125,1,s042
0.761764152664268,1,s042
0.7625967922924466,1,s042
0.4622132481052903,1,s042
0.7616139684325576,1,s042
0.4624342816260054,1,s042
0.9052733839662488,1,s042
4.630579191200468e-06,0,s042
0.9052411074295825,1,s042
0.7619196206233179,1,s042
0.4623816645319545,1,s042
0.462477900704765,1,s042
0.46202317436911744,1,s042
0.46264809709780796,1,s042
0.4618535331531586,1,s042
0.46214239278430536,1,s042
0.46239130829624187,1,s042
0.46195008111763736,1,s042
0.46185019316014886,1,s042
0.46258619667138334,1,s042
0.7614342645470724,1,s042
0.7617413001099074,1,s042
0.4622487595939426,1,s042
0.46312351779584326,0,s042
0.7618281632750787,0,s042
0.4624353469906144,1,s042
0.46243990698975446,1,s042
0.46263478668074676,1,s042
0.462478820597634,1,s042
0.4621829880808377,1,s042
0.4623093879421458,1,s042
0.46222323231987095,1,s042
0.4622475093357734,1,s042
0.46248135277123814,1,s042
0.46243167598398527,1,s042
0.4622837363368235,1,s042
0.4621429276248743,1,s042
0.0004911268071987607,0,s042
0.4622477426274858,1,s042
0.761677070207047,1,s042
0.462072628861238,1,s042
0.4622369385383627,1,s042
0.4624430973152851,1,s042
0.46249619568193734,1,s042
0.46216762410401824,1,s042
0.4624261369873268,1,s042
0.46243547368358007,1,s042
0.4623671885094245,1,s042
0.7616648483196067,1,s042
0.46208924679401586,1,s042
0.4624012803194655,1,s042
0.4623004749820938,1,s042
0.4620707679860543,1,s042
0.4621478554455234,1,s042
0.462258272506036,1,s042
0.46219656785685803,1,s042
0.9052525468535397,1,s042
0.4618168608569728,1,s042
0.4622565159851679,1,s042
0.4624110211864205,1,s042
0.4623302033267225,1,s042
0.4624429864166799,1,s042
0.46212365984461967,1,s042
0.7617180959529002,1,s042
0.7617109523740946,1,s042
0.4623029789770614,1,s042
0.46228846673106716,1,s042
0.4621498685643719,1,s042
0.46223766248765297,1,s042
0.46210635025538616,1,s042
0.4620710057068924,1,s042
0.4624349693713117,1,s042
0.46242404035389595,1,s042
0.4620999124117,1,s042
0.4622269594607866,1,s042
0.46246880152212766,1,s042
0.7617526055539554,1,s042
0.4623681306521954,1,s042
0.7615635112598655,1,s042
0.4622662459729916,1,s042
0.7620360407987021,1,s042
0.9052228535513906,1,s042
0.9053207584289849,1,s042
0.462282304072128,1,s042
0.7617758580272114,1,s042
0.46243082247358536,1,s042
0.462347207321413,1,s042
0.4618825070780477,1,s042
0.4622480904124542,1,s042
0.4620866547341249,1,s042
0.4621460257682666,1,s042
0.4618305696242515,1,s042
0.4622093053795169,1,s042
0.4622412381797294,1,s042
0.4621941779357215,1,s042
0.4619947213364095,1,s042
0.4624822799486028,1,s042
0.46225917828868024,1,s042
0.7617714895545393,1,s042
0.46244144136936716,1,s042
0.46216547840345923,1,s042
0.46247691913051536,0,s042
0.46220811794538585,1,s042
0.4624203401524689,1,s042
0.46143778731170326,1,s042
0.46229113299658375,1,s042
0.761607699495096,1,s042
0.761653870695592,1,s042
0.46229747909819086,1,s042
0.4624297761727847,1,s042
0.46232986998246806,1,s042
0.4622487655377332,1,s042
0.4626581330141548,1,s042
0.462295326953043,1,s042
0.9052681647892655,1,s042
0.4623618156904328,1,s042
0.4622231240041874,1,s042
0.46239228183818004,1,s042
0.7618013952558849,1,s042
0.4623989977108809,1,s042
0.7618423811565416,1,s042
0.9981814443558008,1,s042
0.46254791037514775,1,s042
0.46237994914393976,1,s042
0.4620873807385615,1,s042
0.46216521821211276,1,s042
0.46310350791336075,1,s042
0.4619460309082064,1,s042
0.9640894826893245,1,s042
0.462523742074026,1,s042
0.4622478170251776,1,s042
0.7616206756419173,1,s042
0.4623211442641595,1,s042
0.9640666198718371,1,s042
0.7621785419692486,1,s042
0.4620421514302382,1,s042
0.46230340048114704,1,s042
0.462613636794019,1,s042
0.4623727839897227,1,s042
0.4620923401360617,1,s042
0.9054952492579924,1,s042
0.46208470532438084,1,s042
0.4624001859891702,1,s042
0.46301325348140865,1,s042
0.4622318164079302,1,s042
0.4623842615021938,1,s042
0.46227453749896563,1,s042
0.4622689534067361,1,s042
0.46239388242559887,1,s042
0.46226239935259805,1,s042
0.7620035989764724,1,s042
0.4626541808756517,1,s042
0.4621010382193469,0,s042
0.46269212715380914,1,s042
0.7618057873337853,1,s042
0.46216767414347015,1,s042
0.4622036520223094,1,s042
0.4622201389275631,1,s042
0.7619230099771335,1,s042
0.9051049062654113,1,s042
0.4627724359380223,1,s042
0.7618100052814452,1,s042
0.7617802592656606,1,s042
0.4624534542176777,1,s042
0.46156146543877585,1,s042
0.7617542552727399,1,s042
0.761717546216256,1,s042
0.4624223871483133,1,s042
0.46216120223995416,1,s042
0.4624195856517461,1,s042
0.462459912134924,1,s042
0.00041154675767884896,0,s042
0.46207183720483114,1,s042
0.761853857760505,1,s042
0.46280459708141297,0,s042
0.46215845448454385,1,s042
0.7618107046863285,1,s042
0.7612903310171837,1,s042
0.7615536424209377,1,s042
0.4624154508701319,1,s042
0.46246348558931616,1,s042
0.7616691868493264,1,s042
0.4618545732544024,1,s042
0.4620421800718224,1,s042
0.4623733660475007,1,s042
0.46191517646476776,1,s042
0.7613929975807798,1,s042
0.46232573425083623,1,s042
0.4622262421993226,1,s042
0.46183927036419936,1,s042
0.7617287840595883,1,s042
0.462284001717292,1,s042
0.46204062125816736,1,s042
0.4618014240924866,1,s042
0.4623253891345622,1,s042
0.4624226650672214,1,s042
0.4622442774859048,1,s042
0.7616800731140463,1,s042
0.4620074210062588,1,s042
0.7614653503282471,1,s042
0.4620039938847549,1,s042
0.4625216296636723,0,s042
0.4619824674020361,1,s042
0.46181515584847466,1,s042
0.4624026240958399,1,s042
0.4622217297064397,1,s042
0.46203674527877525,1,s042
0.46250605652966215,1,s042
0.4623823443309447,1,s042
0.4617616802628046,1,s042
0.4620781300814689,1,s042
0.46216992178858907,1,s042
0.46231272894618725,1,s042
0.4617792438382853,1,s042
0.4620578604986374,1,s042
0.46231413229756346,1,s042
0.4621903796555671,1,s042
0.4622535448084617,1,s042
0.46226410892002523,1,s042
0.4620190015035315,1,s042
0.46220710568614853,1,s042
0.4621595706488082,1,s042
0.4621310730484516,1,s042
0.4623524526617704,1,s042
0.4622543967371209,1,s042
0.4620916903607313,1,s042
0.46214668626371713,1,s042
0.46229602417250293,1,s042
0.4623938699312118,1,s042
0.46225100918651907,1,s042
0.4622429197791158,1,s042
0.46202460437629744,1,s042
0.761514952732044,1,s042
0.46285500684546865,0,s042
0.46191440947454177,1,s042
0.46203730772937424,1,s042
0.46263819456630384,0,s042
0.4622960245930574,1,s042
0.4620181230225322,1,s042
0.462000251905593,0,s042
0.4625514953144936,0,s042
0.46232079421261174,0,s042
0.4620992643312136,1,s042
0.46213047402059204,1,s042
0.4622034586329007,1,s042
0.4617343413188941,1,s042
0.4624514981712897,1,s042
0.4618326052854784,1,s042
0.4622883981196477,1,s042
0.7616155684890678,0,s042
0.4625149506064017,0,s042
0.46184208778392066,1,s042
0.4619195588122156,1,s042
0.4622324862447187,1,s042
0.4623025266401304,1,s042
0.4616554562091646,1,s042
0.46224482171404646,1,s042
0.4621457264397275,1,s042
0.462104981286813,1,s042
3.525426709649615e-05,0,s042
0.4622040546399324,1,s042
0.4619479404009874,1,s042
0.46187965154628574,1,s042
0.4620956335395201,1,s042
0.4621900693794241,1,s042
0.7616339412245714,1,s042
0.46207709055130786,1,s042
0.7615632102290135,0,s042
0.4622458548805706,1,s042
0.46233373170679193,1,s042
0.4624779204920908,1,s042
0.46224500046012396,1,s042
0.46190914881614975,0,s042
0.4620919200523086,1,s042
0.4627137872774294,0,s042
0.4617835716248213,1,s042
0.4620775823410044,1,s042
0.46206791478764675,1,s042
0.46191888061831543,1,s042
0.46237818210725323,1,s042
0.4619920627999159,1,s042
0.7622467248485589,1,s043
0.46289295901254945,0,s043
0.7619946577207075,1,s043
0.7617060000138256,1,s043
0.7622348490211697,1,s043
0.4624582149102401,1,s043
0.46250468407612355,1,s043
0.46222322999624854,1,s043
0.4623537832686675,1,s043
0.4614365421223463,1,s043
0.905211567169955,1,s043
0.7618828809139129,1,s043
0.7617834155031951,1,s043
0.4623020235068185,1,s043
0.4632569897457559,1,s043
0.46259644368465835,1,s043
0.4622546388765787,1,s043
0.46285496789525915,1,s043
0.4624144077328647,1,s043
0.7617829826018498,1,s043
0.46303529708814173,1,s043
0.46230360227897105,1,s043
0.7617914153744121,1,s043
0.46184124267814486,1,s043
0.4622885071052487,1,s043
0.4631218856323709,1,s043
0.46234048592966714,1,s043
0.46172598831711786,1,s043
0.4622386886539962,1,s043
0.4624988346433796,1,s043
0.46232658564343754,1,s043
0.4620001746034941,1,s043
0.4623150772888076,1,s043
0.7617331449016107,1,s043
0.46237549808510026,1,s043
0.4622313511364158,1,s043
0.4623316194577267,1,s043
0.7616587713035783,1,s043
0.761696586894798,1,s043
0.9640312691261084,1,s043
0.46226106898296093,0,s043
0.7616870670795142,1,s043
0.4621599646528345,1,s043
0.7616364697672844,1,s043
0.7618086088974072,1,s043
0.7617155529974957,1,s043
0.761731161079958,1,s043
0.9052065570435299,1,s043
0.4629220638137377,1,s043
0.46265679002880344,1,s043
0.4621837192079017,1,s043
0.46162458656805616,1,s043
0.00042550873058133654,1,s043
0.001752328260011149,1,s043
0.4614142500410827,1,s043
0.762165242897451,1,s043
0.46217463039615936,1,s043
0.463073809668767,1,s043
0.4621355718923166,1,s043
0.46191024665824854,0,s043
0.46223352041592447,1,s043
0.46253593434229057,1,s043
0.46243421608703605,1,s043
0.4623222162035945,1,s043
0.46231429386243694,1,s043
0.4622769197428658,1,s043
0.46219676474388294,1,s043
0.46245118602744073,1,s043
0.7616320970198105,1,s043
0.46205106670911866,1,s043
0.4622303241507455,1,s043
0.46192303835775816,1,s043
0.7616055028036428,1,s043
0.46210842578345157,1,s043
0.4621949127836511,1,s043
0.4623531743810019,1,s043
0.462194139673874,1,s043
0.4622170646347967,1,s043
0.7615304361457569,1,s043
0.4618568766565587,1,s043
0.00010639764555975262,1,s043
0.4622775937531345,1,s043
0.9053617394136104,1,s043
0.4618376582927963,1,s043
0.46207092568177366,1,s043
0.46240819164671665,1,s043
0.46178430476849197,1,s043
0.46160091511492296,1,s043
0.46339622201513575,1,s043
0.7615177159383582,1,s043
0.4620799428058513,1,s043
0.46183220258711377,1,s043
0.4622338516252986,1,s043
0.46219479251400486,1,s043
0.4616601092757284,1,s043
0.4617333065838949,1,s043
0.46184343100531633,1,s043
0.4617235870644416,1,s043
0.4612374983287726,0,s043
0.46197840595173245,1,s043
0.4625914691820423,1,s043
0.4631239362760988,1,s043
0.4625401367312023,1,s043
0.7623808284030686,1,s043
0.46309407453472917,1,s043
0.7620054516701347,1,s043
0.46242924538188457,1,s043
0.46304290736663645,1,s043
0.46216339028081177,1,s043
0.46184010130530284,1,s043
0.4631724853889625,1,s043
0.4631881473004873,1,s043
0.4616232491402097,0,s043
0.46250487815819996,1,s043
0.4632147729793836,1,s043
0.4614717624266904,1,s043
0.46150086501479914,1,s043
0.4618988090615266,1,s043
0.4637813439540919,1,s043
0.4618137245209124,1,s043
0.46187642779877747,1,s043
0.4623863921011029,1,s043
0.46222086319147526,1,s043
0.4634083898881749,0,s043
0.4614720968361732,1,s043
0.4618118546143035,1,s043
0.4616228996423366,1,s043
0.46356352447690985,1,s043
0.4614404290124816,1,s043
0.461860461470583,1,s043
0.46184381379881234,1,s043
0.46200451934418774,1,s043
0.46224911921086975,1,s043
0.4618953558327603,1,s043
0.4610358317709833,1,s043
0.46218615554391773,1,s043
0.46199752060178945,1,s043
0.46313902676822627,1,s043
0.461598030863686,1,s043
0.4614621800211067,1,s043
0.46340600581009195,1,s043
0.7612910301377482,1,s043
0.4618037855676047,1,s043
0.46174789018918005,1,s043
0.761479925469069,1,s043
0.4619754148446664,1,s043
0.4619623735224525,1,s043
0.7616145993444803,1,s043
0.4622987539969938,1,s043
0.4632214885736612,1,s043
0.7615879249919761,1,s043
0.4620408008257706,1,s043
0.7619160023533049,1,s043
0.4636224481910749,1,s043
0.7621802798063686,1,s043
0.46387545671709196,1,s043
0.46281294828712216,1,s043
0.462269498523159,1,s043
0.46168488014283104,0,s043
0.46306069988215603,1,s043
0.46297326082381773,1,s043
0.7615897172372352,1,s043
0.46329655973739725,1,s043
0.46203757139108426,1,s043
0.4623850041465565,1,s043
0.4621732863039627,1,s043
0.46207403785587475,1,s043
0.46229679135840995,1,s043
0.4630071342645907,1,s043
0.4620187808966383,1,s043
0.4631318152600239,1,s043
0.4634135268493531,1,s043
0.4631574809505541,1,s043
0.4618948965961105,1,s043
0.4623351630887207,1,s043
0.46330628547258823,1,s043
0.46224099654609074,1,s043
0.4621006843176403,1,s043
0.46309062076758223,1,s043
0.4633489919500249,1,s043
0.4615875302926806,1,s043
0.46328623989528883,1,s043
0.4616808676805175,1,s043
0.4619214254793389,1,s043
0.46132913008778487,1,s043
0.46214444078958405,1,s043
0.7616110334661086,1,s043
0.4619874210733148,1,s043
0.4617527585986754,1,s043
0.463271244826879,1,s043
0.7616221451859444,1,s043
0.46169277250740026,1,s043
0.4621345725271859,1,s043
0.46261238547863215,1,s043
0.4619674424159108,1,s043
0.4615437158127391,1,s043
0.46215511299692524,1,s043
0.46160293456330326,1,s043
0.46189470531488475,1,s043
0.4618071064181968,1,s043
0.4624148001790924,0,s043
0.4624047631486632,1,s043
0.46228536186575875,1,s043
0.4624895227201409,1,s043
0.46281066024976125,1,s043
0.4617290303493087,1,s043
0.4622111081681193,1,s043
0.7617405238136408,1,s043
0.46124865718200736,1,s043
0.46199363733146703,1,s043
0.4627230311589725,1,s043
0.4620815681380075,0,s043
0.761394160847793,1,s043
0.46282399476850733,1,s043
0.46200553465014504,1,s043
0.4615039333781401,1,s043
0.4621480676723295,1,s043
0.46323115971144446,1,s043
0.4624982352337015,1,s043
0.7614628448157208,1,s043
0.4619575613671376,1,s043
0.46169752452383683,0,s043
0.46151012810362735,1,s043
0.46290331581655364,1,s043
0.46173078942897017,1,s043
0.46315541972857854,1,s043
0.463115326507026,1,s043
0.46190932281878205,1,s043
0.46185029273532097,1,s043
0.46242194018367044,1,s043
0.4617597188209448,1,s043
0.4614783665580098,1,s043
0.4630869698352966,0,s043
0.4620627662930954,1,s043
0.4617857903326754,1,s043
0.4616487122934205,1,s043
0.46161627690395246,1,s043
0.4628203440119063,1,s043
0.46173344385046944,1,s043
0.4614318742038408,1,s043
0.46158721995512186,1,s043
0.46195222694691584,1,s043
0.4635503033578916,1,s043
0.4634340664502856,0,s043
0.46281627334539044,0,s043
0.4613905715997362,1,s043
0.46144801792219936,1,s043
0.46180322759914016,1,s043
0.46131651839783316,1,s043
0.46195860637908304,1,s043
0.46194572621729035,1,s043
0.4619032099582867,1,s043
0.4631279020391095,1,s043
0.46248460336493946,1,s043
0.46212666735833086,1,s043
0.462282126080652,1,s043
0.4620040134843433,1,s043
0.46172072789594587,1,s043
0.4625942812169572,1,s043
0.46302573429625493,1,s043
0.46163746844205655,1,s043
0.4634138448416676,1,s043
0.4621556568436638,1,s043
0.46131801426879093,1,s043
0.4630270775666123,1,s043
0.46151489026810366,1,s043
0.7614415127585421,1,s043
0.46288545247271173,1,s043
0.4631516842148564,1,s043
0.4625878522984177,1,s043
0.4621730632503491,1,s043
0.46170531307569873,1,s043
0.7615327822774027,1,s043
0.4619815638911249,1,s043
0.46210080029496425,1,s043
0.46189341837247744,1,s043
0.46173951323039675,1,s043
0.4618206798790907,1,s043
0.46216465488349634,1,s043
0.46162506701296047,1,s043
0.4616275364415827,1,s043
0.461754590471918,1,s043
0.46247728452582804,1,s043
0.462789890285525,1,s043
0.4617189442837639,1,s043
0.4623522732526313,1,s043
0.461919698112234,1,s043
0.46146315277316163,1,s043
0.4619162225300657,1,s043
0.46259437036771245,1,s043
0.46229087066110397,0,s043
0.46189511578452125,1,s043
0.4632418702273833,1,s043
0.4614782701390352,1,s043
0.46321694794088253,1,s043
0.761262230105658,1,s043
0.4621365734476741,1,s043
0.4614480843602833,1,s043
0.4623889588788008,1,s043
0.4618673220037097,1,s043
0.4615263722897267,1,s043
0.4619627841327798,1,s043
0.4613364653133456,1,s043
0.46285587589827704,1,s043
0.46318044256102775,1,s043
0.463025685878524,1,s043
0.46303725225728876,1,s043
0.46298477717620234,1,s043
0.4630580470657941,1,s043
0.461446627022732,0,s043
0.4629975647605964,1,s043
0.4624218616461806,1,s043
0.4616340757333428,1,s043
0.46203010397994193,1,s043
0.46157535527621363,1,s043
0.46289628367218527,1,s043
0.4619846793347626,1,s043
0.4612518276972202,1,s043
0.4617685088661647,1,s043
0.46270600844741105,0,s043
0.46161517822868947,1,s043
0.46178615105099285,1,s043
0.46203192849341645,1,s043
0.46248415880347027,1,s043
0.4617877518951248,1,s043
0.46172989914154705,1,s043
0.4613631538490426,1,s043
0.4615449950822592,1,s043
0.4613284757529197,1,s043
0.4612723942568442,1,s043
0.4610345667745892,1,s043
0.4615353538982483,1,s043
0.4614632291322147,1,s043
0.46175792867858956,1,s043
0.46181901477785403,1,s043
0.46178988212198835,1,s043
0.46138392160746045,1,s043
0.4629819608693708,0,s043
0.46144639105833174,1,s043
0.46150767399734605,1,s043
0.7614161395323555,1,s043
0.4618356622043087,1,s043
0.46159614441615915,1,s043
0.46343131082314315,1,s043
0.46139139279613905,1,s043
0.46179831261574344,1,s043
0.46104414605752053,1,s043
0.4617321927290583,1,s043
0.46133114570290745,1,s043
0.4631610877292902,1,s043
0.4618581624593834,1,s043
0.7614780815495876,1,s043
0.7613274697671573,1,s043
0.4620297837885423,1,s043
0.46163346119908977,1,s043
0.46198149952802625,1,s043
0.4633889912507754,1,s043
0.4626449083889095,1,s043
0.4621430684663579,1,s043
0.4619898915654723,1,s043
0.4619535505449721,1,s043
0.46190565908955494,1,s043
0.46235815200554087,0,s043
0.46227252422062537,1,s043
0.4623516731844146,0,s043
0.46177900885657874,1,s043
0.4618095526059347,1,s043
0.4620215320233485,1,s043
0.4618016959164011,1,s043
0.4613791871946169,1,s043
0.4615308627814063,1,s043
0.46235149771937256,1,s043
0.4632334077069007,1,s043
0.46144459405640004,1,s043
0.46135094892259154,1,s043
0.7616040011987033,1,s043
0.46175817134246455,1,s043
0.4621470784498103,1,s043
0.4632825857171434,1,s043
0.4613617626784914,1,s043
0.4611109336607164,1,s043
0.46327424801106787,1,s043
0.4629434862262005,1,s043
0.4614244770791638,1,s043
0.46177057972688784,1,s043
0.7614705132418269,1,s043
0.46119652554155643,1,s043
0.4617383524242813,1,s043
0.4615330036218963,1,s043
0.4612500206460832,1,s043
0.46100152807107775,1,s043
0.46195643154038324,1,s043
0.46168709744104497,1,s043
0.46174966379250204,1,s043
0.46141553792167334,1,s043
0.4611106983309803,1,s043
0.46169998152109515,1,s043
0.4619665196910523,1,s043
0.4617700105895659,1,s043
0.46206368516194773,1,s043
0.4628681626535278,1,s044
0.46206950384426637,0,s044
0.46288081400684766,1,s044
0.4623539498681484,1,s044
0.46247559690177487,1,s044
0.4621531546144191,1,s044
0.4622091738461398,1,s044
0.4622098506400085,1,s044
0.461873187832591,0,s044
0.46239648693219104,0,s044
0.4614917699893626,1,s044
0.46177829953975746,0,s044
0.4619246955938354,0,s044
0.4625775943784811,0,s044
0.46205796358476636,0,s044
0.461553163407151,0,s044
0.4618348729152304,0,s044
0.4621047215626748,0,s044
0.46206814467864676,0,s044
0.7616049307603594,1,s044
0.4620852575103378,0,s044
0.7616388940776591,1,s044
0.46274565271573254,1,s044
0.4621721433407524,1,s044
0.4618297859947924,0,s044
0.46194536800948693,0,s044
0.46244028056943276,1,s044
0.46230065575450485,1,s044
0.4632286200173863,1,s044
0.4625835470664299,1,s044
0.4617839369385832,0,s044
0.4624740210716438,1,s044
0.46194654584879147,0,s044
0.46276968717233524,1,s044
0.46188259750932614,0,s044
0.4619805167055471,1,s044
0.4628677302191413,1,s044
0.46181195345358916,0,s044
0.4622547103466488,1,s044
0.46191367818139795,0,s044
0.461855341899569,0,s044
0.46241558154368345,1,s044
0.46238481348164306,1,s044
0.4633169001119428,1,s044
0.46184875410981974,0,s044
0.4637187465073278,1,s044
0.7623388602625141,1,s044
0.4623113473126097,1,s044
0.4621031083595688,1,s044
0.00020688316655248506,0,s044
0.4617796761468145,0,s044
0.4626962504284362,1,s044
0.46286144907561155,0,s044
0.46133248003254335,0,s044
0.4630770168202878,1,s044
0.4618911738968834,0,s044
0.46191611535130694,0,s044
0.4621434865807079,1,s044
0.4615801082122932,0,s044
0.46266512282049654,1,s044
0.46219614216426996,1,s044
0.46255893734383124,1,s044
0.4609893262879292,0,s044
0.4618054785319028,0,s044
0.4628975890971738,1,s044
0.462456539960721,1,s044
0.46168569792370007,0,s044
0.7612708510775985,1,s044
0.7615706565447131,1,s044
0.4630549639987327,1,s044
0.46198452793845735,1,s044
0.7613847513788352,0,s044
0.4629705808132092,1,s044
0.4614572375918491,0,s044
0.4628673308806237,1,s044
0.761321251914755,1,s044
0.0004481391208195351,1,s044
0.46233388797143715,1,s044
0.46248052337425904,1,s044
0.46175944409643366,0,s044
0.46194400517752787,0,s044
0.46200613204365837,1,s044
0.46163763943448455,0,s044
0.4627266564629373,1,s044
0.46220012375704855,1,s044
0.4620665432729034,0,s044
0.46239950529726603,1,s044
0.46186428163081983,0,s044
0.761583880068462,0,s044
0.46230677934623277,1,s044
0.4619176122513653,0,s044
0.462367993461267,1,s044
0.4625456757316897,1,s044
0.46182851900693733,0,s044
0.46187648991771924,0,s044
0.4624208655943889,1,s044
0.46180307555638045,0,s044
0.46398281084719706,1,s044
0.0006817316563976217,1,s044
0.462396335094595,1,s044
2.407893767286673e-05,0,s044
0.4616822529714011,0,s044
0.4623863052621262,1,s044
0.46254858642157126,1,s044
0.4622022166749591,1,s044
4.565077451013089e-05,0,s044
0.4628221896448206,1,s044
0.46268220269697524,1,s044
0.4619598595926726,1,s044
0.46331684554734354,1,s044
0.46205198200955233,1,s044
0.4630133888084864,1,s044
0.46261003090494923,1,s044
0.4622323856923902,0,s044
0.46235419259136434,1,s044
0.4621540594048821,1,s044
0.46213916107513464,1,s044
0.462002212112157,1,s044
0.4617296383578626,1,s044
0.4618031200249064,1,s044
0.46192179424619817,1,s044
0.461868899501368,1,s044
0.461315257823838,0,s044
0.4619800312053244,1,s044
0.4617459828802972,1,s044
0.4617366962434213,1,s044
0.4619038149528494,1,s044
0.4619414889316864,1,s044
0.462096167882738,1,s044
0.462863470647233,1,s044
0.00010758930217891205,0,s044
0.4617997052805176,1,s044
0.4617425569242577,1,s044
0.4616794462667133,1,s044
0.4619805348305859,1,s044
0.4628823767121417,1,s044
0.461863098885132,1,s044
0.4620753852915147,1,s044
0.46147354114041406,1,s044
0.4618678031121981,1,s044
0.46299403282603113,0,s044
0.461909630203694,1,s044
0.46243394072451505,0,s044
0.46130996757374154,0,s044
0.4620005740384132,1,s044
0.7612450180082713,1,s044
0.46170456719871167,1,s044
0.462715850157279,1,s044
0.7613317251332286,1,s044
0.4617519300739623,1,s044
0.4620503301634462,1,s044
0.7611794010155095,0,s044
0.4622548460014748,1,s044
0.4618082316139398,0,s044
0.4618330771154835,0,s044
0.46133063191851886,0,s044
0.46271652999991764,1,s044
0.46240607149424906,1,s044
0.46254821002334,1,s044
0.4626897691920673,1,s044
0.7615568977111364,1,s044
0.46251252597581627,1,s044
0.46175219203735574,1,s044
0.4620184932844664,1,s044
0.46197596462150003,1,s044
0.46280303747079077,1,s044
0.46185393451482515,0,s044
0.4620590915877476,1,s044
0.4631717532979438,1,s044
0.46261207971606755,1,s044
0.4628419720408925,1,s044
0.4624854669055487,1,s044
0.761617702375156,1,s044
0.46184106830687455,1,s044
0.46202576114174754,1,s044
0.4621091550951837,1,s044
0.4620157924280539,1,s044
0.4620743491659085,1,s044
0.46202898543973236,0,s044
0.46196443714888,1,s044
0.46188574141886507,0,s044
9.053725247332167e-05,0,s044
0.46181492242118605,1,s044
0.4628996906460976,1,s044
0.46193851516387685,1,s044
0.0005099309313829625,0,s044
0.4625112129042457,1,s044
0.4621630847876832,1,s044
0.4620901709625769,1,s044
0.46251129791684154,1,s044
0.761871583127474,0,s044
0.46330410477688666,1,s044
0.46207680394458994,1,s044
0.46298568731767564,0,s044
0.46189428219925555,1,s044
0.46156083050804675,1,s044
0.4620224423464081,1,s044
0.7615423652725808,1,s044
0.46203112517471223,1,s044
0.4619161091188271,1,s044
0.4633099566789691,1,s044
0.46097728378194014,0,s044
0.4628260253742802,1,s044
0.46227437668755167,0,s044
0.4628109699783065,1,s044
0.46190561348881487,1,s044
0.7614891178226479,1,s044
0.46161189704111827,1,s044
0.46167448066730854,1,s044
0.46199368420044196,1,s044
0.46198982541203426,1,s044
0.46160399102492433,0,s044
0.46222145585231966,0,s044
0.46203899277727234,1,s044
0.46174960033623225,1,s044
0.46206297068704516,1,s044
0.7611428041446509,0,s044
0.4624804357665784,1,s044
0.46272043614035097,1,s044
0.46184460074017775,0,s044
0.46180074792889236,1,s044
0.46315193227391527,1,s044
0.4617469661633715,1,s044
0.4620397948853041,1,s044
0.4618234132318153,1,s044
0.4618854384832789,1,s044
0.46189457133242584,1,s044
0.4620863335766676,1,s044
0.4618094191498614,1,s044
0.4619872715552389,1,s044
0.4618189613280401,1,s044
0.46208908652490166,1,s044
0.46228391280760195,1,s044
0.761924484991169,1,s044
0.4615571395481579,0,s044
0.46202961491434613,0,s044
0.46081622810476874,0,s044
0.46160961304410386,1,s044
0.4623171723897621,1,s044
0.7618242534657866,1,s044
0.4618325506018224,1,s044
0.7612322586058227,1,s044
0.4623198142653846,1,s044
0.46232638438462237,0,s044
0.46200116074906306,0,s044
0.46228987976235913,0,s044
0.4623544321919264,1,s044
0.462115845132278,0,s044
0.4625972731601036,0,s044
0.462069449238137,0,s044
0.46202481154930486,0,s044
0.4618466929321636,0,s044
0.46205661666607045,1,s044
0.7616053392686322,1,s044
0.4621057518472489,1,s044
0.46152774596105384,0,s044
0.4627290791825689,1,s044
0.46238730352614255,1,s044
0.46233086247437605,1,s044
0.4618521553254946,0,s044
0.4621694569861141,1,s044
0.46196014605766944,1,s044
0.46150950322109696,1,s044
0.4622268334718518,1,s044
0.4619442803301479,1,s044
0.4623802151432188,1,s044
0.46208536052573956,1,s044
0.7613894298215971,1,s044
0.4616982943606709,1,s044
0.7615090191539386,1,s044
0.46194362583671666,1,s044
0.46221865132979834,1,s044
0.461791460312273,1,s044
0.461775633645902,1,s044
0.4620534211196945,1,s044
0.4615684202203729,0,s044
0.46176970360593095,0,s044
0.46276784456007825,1,s044
0.4618641969005266,1,s044
0.7616008512050523,1,s044
0.4621605366874515,1,s044
0.4618395237890258,1,s044
0.4619199389972768,1,s044
0.4624157748777076,1,s044
0.7614286233803231,1,s044
0.46182543102839024,1,s044
0.4629365021779017,0,s044
0.4613602165684354,1,s044
0.46205151049234816,1,s044
0.462532420189786,1,s044
0.46319579241493236,1,s044
0.7616572040425833,1,s044
0.46289239348276223,1,s044
0.7616930045024415,0,s044
0.4620273442762526,1,s044
0.7614897974351102,1,s044
0.46210969242765665,0,s044
0.4622116583402003,1,s044
0.4621988100900729,1,s044
0.46199966514394175,1,s044
0.4626563997916473,1,s044
0.46246135638620456,1,s044
0.46225841067994233,1,s044
0.4621246805595971,1,s044
0.4626698091129493,1,s044
0.46192132007855347,1,s044
0.761563444096768,1,s044
0.46226684405397944,1,s044
0.7615858817171826,1,s044
0.4623966831687987,0,s044
0.4620439143427739,1,s044
0.4619087921730187,0,s044
0.7616245875290923,1,s044
0.46239094945806625,1,s044
0.7614698360925771,1,s044
0.461900581781979,1,s044
0.4623477453101388,0,s044
0.46281696998080113,1,s044
0.4618771712137013,1,s044
0.7615954881401472,1,s044
0.46169854841865643,1,s044
0.7616545140246198,0,s044
0.4618771932371477,1,s044
0.46306988339500865,1,s044
0.46161875519701656,1,s044
0.7614437769790827,1,s044
0.7615065393545308,1,s044
0.46200909868985285,0,s044
0.46167641772897516,1,s044
0.461874056907124,1,s044
0.46266446039586695,1,s044
0.46193167445193906,0,s044
0.46194375183455993,1,s044
0.4616027158325322,0,s044
0.4620204659546452,1,s044
0.46215712854836766,1,s044
0.46248116690173524,1,s044
0.4629177937333986,0,s044
0.46175893082364605,1,s044
0.46205491936239795,1,s044
0.7614405086174385,1,s044
0.4631152684567408,1,s044
0.4620435336144426,0,s044
0.46266004124238624,0,s044
0.4623565147130446,1,s044
0.46224158808216287,0,s044
0.7618216187299693,1,s044
0.4629243801058338,1,s044
0.46165288210405264,1,s044
0.46177515521113377,1,s044
0.46202531562127835,0,s044
0.46160457600184257,0,s044
0.7615607507285864,1,s044
0.4622267436796985,1,s044
0.46282953535761595,1,s044
0.46194404756177443,0,s044
0.46198391317420673,1,s044
0.46171437396284665,0,s044
0.46183706549583725,0,s044
0.46226339203513667,0,s044
0.46191056250246243,1,s044
0.4620330908971537,1,s044
0.46153181051459846,1,s044
0.4623602174364563,0,s044
0.7613620342479352,0,s044
0.4629987275939178,1,s044
0.7613242496255186,1,s044
0.46211302776489327,1,s044
0.4621881922482136,1,s044
0.462528697974937,1,s044
0.4627987128858453,1,s044
0.46183154875170884,0,s044
0.4621048518738913,1,s044
0.4626475565635686,1,s044
0.46242435287105943,1,s044
0.46202762742007786,0,s044
0.46238733840416635,1,s044
0.4619997466691794,1,s044
0.46253100641870626,1,s044
0.46249816875310645,1,s044
0.4624976415154829,1,s044
0.462633275738771,1,s044
0.4618889147586289,0,s044
0.46198136071025564,0,s044
0.4618575459432084,0,s044
0.46174160404422904,0,s044
0.46175885664900984,0,s044
0.4625857431192868,1,s044
0.46161982934042256,0,s044
0.46210996271704863,0,s044
0.46195528531727725,0,s044
0.46193913752941285,0,s044
0.461967506094793,0,s044
0.4619860854398723,0,s044
0.4625412772337776,1,s044
0.4619779795087957,0,s044
0.4621425441400111,0,s044
0.4624053595917994,0,s044
0.4617735308671689,0,s044
0.4619881239294721,0,s044
0.9051929212670973,1,s046
0.4609832168034127,0,s046
0.46228681397629745,1,s046
0.46194440538687753,1,s046
0.462246285290173,1,s046
0.00031673284258015855,0,s046
0.4619766332017987,1,s046
0.00020347872441406345,0,s046
0.4620300497827663,1,s046
0.4615568337849001,1,s046
0.4620651756787193,0,s046
0.46230224957476884,0,s046
0.4624627847117526,1,s046
0.7616313565383437,1,s046
0.7619242669297555,0,s046
0.4616721622122999,1,s046
0.4622475738926686,0,s046
0.4624116149165103,0,s046
0.7615347523081779,0,s046
0.4623148423333172,0,s046
0.46215454390840893,0,s046
0.4617275236355747,0,s046
0.46227084704519084,1,s046
0.46246518085371235,1,s046
0.4623341451993821,0,s046
0.00033971036731972326,0,s046
0.46226265263302513,0,s046
0.4622823923342283,0,s046
0.7616147308690031,1,s046
0.4623525147159524,0,s046
0.46134216121493954,1,s046
0.4625136154464853,1,s046
0.4620533276935517,0,s046
0.46219443665906423,0,s046
0.4622202737975918,0,s046
0.46222760123478257,0,s046
0.7616053026338443,1,s046
0.4620010608555227,1,s046
0.46213635536206366,1,s046
0.4620104017292874,0,s046
0.46181605877834575,1,s046
0.7616707849704889,1,s046
0.4622940995143958,0,s046
0.7618602023258585,0,s046
0.46226019015459463,1,s046
0.46204861030327526,0,s046
0.761724671607956,1,s046
0.4632996096139155,1,s046
0.7616335916185346,0,s046
0.9049836279423917,0,s046
0.00020135785056751843,0,s046
0.46246060554741897,0,s046
0.46184138540550856,0,s046
0.46204541042198066,0,s046
0.46176947209533425,0,s046
0.4620099849068484,0,s046
0.7615484746305454,1,s046
0.7616701552291891,0,s046
0.461507625450561,0,s046
0.4623452833094952,1,s046
0.4627857835926996,1,s046
0.4620886082306228,1,s046
0.46219109137558045,0,s046
0.7617161537782016,1,s046
0.46223097340023345,0,s046
0.46220084706555964,0,s046
0.4622604883366299,1,s046
0.4621103953858383,1,s046
0.7616425519362977,1,s046
0.46274482888489965,1,s046
0.7616619852317228,1,s046
0.4622806153478747,1,s046
0.4622310769712421,1,s046
0.46215762500408464,0,s046
0.4627013497086725,1,s046
0.4622123956855315,0,s046
0.46211677081885916,1,s046
0.9051854965431572,1,s046
0.4623430451470203,1,s046
0.00043676197343867074,0,s046
0.46205929343081453,0,s046
0.46274969631108687,0,s046
0.462068772607209,0,s046
0.46231810114612637,1,s046
0.4620284985449892,0,s046
0.7615137384460189,0,s046
0.761497999731416,0,s046
0.4621699244998503,0,s046
0.4622312322720563,0,s046
0.46219674292173907,1,s046
0.4623487636374539,1,s046
8.962831559755635e-05,0,s046
0.4621336902687141,1,s046
0.4622863467749183,1,s046
0.46224788065928024,1,s046
0.46208033321492636,0,s046
0.462390672742349,0,s046
0.4622525314431969,0,s046
0.46210124378096684,0,s046
0.4621267365885866,1,s046
0.4619502836748208,0,s046
0.4623197441352398,0,s046
0.46153756396029233,0,s046
0.46232642234154175,1,s046
0.46184407134294636,0,s046
0.462206792574855,0,s046
0.46171055904329306,0,s046
0.4619712523308761,0,s046
0.4620109103629084,0,s046
0.46203755544404723,0,s046
0.00029974133489307775,0,s046
0.46202478001449077,0,s046
0.4621738517637861,0,s046
0.905133501908199,1,s046
0.46272598945327625,1,s046
0.462546009860745,1,s046
0.7618072021049411,0,s046
0.4621658527665533,1,s046
0.4623232776754529,1,s046
0.4623755508982219,1,s046
0.76172459315266,0,s046
0.4621361235986041,1,s046
0.4622600204479277,1,s046
0.0003140490798503315,0,s046
0.46223153757855884,1,s046
0.4620863774191144,1,s046
0.7617233283967133,1,s046
0.4621299563709731,0,s046
0.46216958347600534,0,s046
0.4627764491823174,1,s046
0.4622537470847603,0,s046
0.46194354737254484,0,s046
0.46275769786819043,1,s046
0.7616675564047724,1,s046
0.4625471776543495,0,s046
0.7617819064981697,1,s046
0.7619327601405947,0,s046
0.46217866545068476,0,s046
0.9052010224205196,1,s046
7.318412773349436e-06,0,s046
0.4624619663364715,0,s046
0.7617069847623228,0,s046
0.46223061287547274,0,s046
0.9052326068709529,0,s046
0.46250671597925597,1,s046
0.4631875333086315,0,s046
0.46240159100049083,1,s046
0.4622370046118449,0,s046
0.46187577452319095,0,s046
0.461801602343894,0,s046
0.7616252298786153,1,s046
0.7616825936501248,1,s046
0.46216436394007987,0,s046
0.46209246774914137,1,s046
0.4622490040711875,0,s046
0.46203964027864175,0,s046
0.46215510343623345,1,s046
0.4622613867700147,1,s046
0.4624783942764623,1,s046
0.4621620599237073,0,s046
0.4622678502176434,1,s046
0.4610401497113239,0,s046
0.46236964056494,0,s046
0.46222330914648246,1,s046
0.4623670798268449,1,s046
0.7616069675474,1,s046
8.212068790669491e-05,0,s046
0.00013058024995182826,0,s046
0.46198700761073686,1,s046
0.46217587905456337,0,s046
0.4621343215932281,0,s046
0.4623084192738125,0,s046
0.4622703981172369,1,s046
0.4615172241015224,0,s046
0.4621752752669792,1,s046
0.46248986668841807,1,s046
0.7616062069544625,1,s046
0.4629817532165148,1,s046
0.46250000108373945,1,s046
0.46297575271028446,1,s046
0.7618236450086198,0,s046
0.4619338534914088,0,s046
0.46264841544416013,1,s046
0.46246580233128975,0,s046
0.4621854197562889,0,s046
0.46181360582132625,1,s046
0.4623343206404964,0,s046
0.4621385797194346,1,s046
0.4617107559820326,0,s046
0.462299639759602,1,s046
0.4624190885175281,1,s046
0.46202489383143086,0,s046
2.9720538409216957e-05,1,s046
0.4621246070438414,0,s046
0.905196384168135,1,s046
0.9051822575151467,1,s046
0.46226806485052974,0,s046
0.46179825026434074,0,s046
0.46194483561981636,1,s046
0.4620954026697921,1,s046
0.4623840489630415,0,s046
0.4623697269164524,0,s046
0.7615417980281702,1,s046
0.4620264158786611,1,s046
0.46219206612337516,0,s046
0.4620694455589811,0,s046
0.7616853818484683,1,s046
0.4624239322277943,1,s046
0.4632834829059256,1,s046
0.46268839576542153,1,s046
0.7616201197621728,1,s046
0.7619186883868276,1,s046
0.46225041238818654,1,s046
0.761608428083582,1,s046
0.462133687432279,0,s046
0.4631897712099886,0,s046
0.46257331359735043,0,s046
0.462833000883041,0,s046
0.46241434318639163,0,s046
0.46216846964103286,0,s046
0.46222876814335545,1,s046
0.46242095980864373,0,s046
0.46238838949290484,0,s046
0.46210079412416905,0,s046
0.000698352342019426,1,s046
0.7619891528158302,0,s046
0.46214762380926633,0,s046
8.716369222616649e-06,1,s046
0.4622155622349915,0,s046
0.4623765621194096,1,s046
0.46234520920142597,1,s046
0.46195703812410627,0,s046
0.4621759891018886,1,s046
0.4620866925428071,1,s046
0.4621790962716992,0,s046
0.46201444117002155,1,s046
0.4621932232720569,0,s046
0.4623188902975166,1,s046
0.4622060985228671,0,s046
0.46203157541077355,1,s046
0.4621575989630111,0,s046
0.4620814111386766,0,s046
0.4621450269554619,0,s046
0.462344411156161,1,s046
0.0007028805410735917,1,s046
0.46222045695452163,1,s046
7.224689313156674e-05,0,s046
0.9051337695726656,1,s046
0.761529912930017,1,s046
0.7617060307017418,0,s046
0.46203016107101536,0,s046
0.7616372718691218,0,s046
0.7616702676751792,0,s046
0.4620059314432796,1,s046
0.4620622965363044,1,s046
0.46213762311133877,1,s046
0.46210292842126255,0,s046
0.46214179045481085,0,s046
0.4622276205728497,1,s046
0.4625557350877001,0,s046
0.761595537475722,1,s046
0.00014213927025097384,0,s046
0.4621832383563327,0,s046
0.7615633620057038,0,s046
0.4620110134385105,0,s046
0.4621366084505114,0,s046
0.4621689921760934,0,s046
0.4621297759931091,0,s046
0.4623611417321445,0,s046
0.4621153035915675,0,s046
0.7614718712737141,0,s046
0.7616898268733923,0,s046
0.462749005361236,0,s046
0.7617184105026775,0,s046
0.4621721189036605,0,s046
0.46251718533802055,0,s046
0.46221618218601557,0,s046
0.4625707434013233,0,s046
0.4621520953163425,1,s046
0.00020505046268959326,0,s046
0.4619800324230836,1,s046
0.0001673666348449565,0,s046
0.46221787504025236,0,s046
0.4623026265883421,0,s046
0.46226206720708185,0,s046
0.4621750359933454,1,s046
0.00027224641260570337,0,s046
0.7617324943521127,0,s046
0.46209378118505784,0,s046
0.4622742537854183,0,s046
0.4621565106298948,0,s046
0.4620917397302242,0,s046
0.00014050723553804545,0,s046
0.4622119402239806,0,s046
0.46215454957171875,0,s046
0.46232894643497,0,s046
0.46162923122470634,0,s046
0.4620547875392822,0,s046
0.46242666312480596,0,s046
0.4621870306181952,0,s046
0.7615660628704173,1,s046
0.4623841227146246,1,s046
0.7617134677270838,1,s046
0.4625198203777561,1,s046
0.46228457465172856,0,s046
0.4617789433624997,0,s046
0.46290525394600857,1,s046
0.46290930536992136,1,s046
0.4617760083305329,0,s046
0.761761460989357,1,s046
0.46219371926629593,0,s046
0.7617500894529974,1,s046
0.46203186506990446,0,s046
0.46194955323862286,0,s046
0.46236264158432516,1,s046
0.46195001369512245,0,s046
0.46173044120646445,0,s046
0.0003577786557402707,1,s046
0.7617247813235881,1,s046
0.4615810576291617,0,s046
0.46261180068629515,1,s046
0.46202233176962704,1,s046
0.4624912007782169,1,s046
0.4627510533848842,1,s046
0.46323448846054927,1,s046
0.4622479207925134,1,s046
0.46193152259369774,1,s046
0.46237604629261786,1,s046
0.4625706293592231,1,s046
0.46216233599603807,1,s046
0.9052439868354458,1,s046
0.4620052067197953,1,s046
0.7615810681597828,1,s046
0.4623547780366051,0,s046
0.46220237018947063,1,s046
0.4620136052343906,1,s046
0.4625130345791879,1,s046
0.46233488362946806,1,s046
0.46218922571564325,1,s046
6.185452541918046e-05,0,s046
0.7617441327124872,0,s046
0.4619892824877776,1,s046
0.46247961912731816,1,s046
0.7616572727211799,1,s046
0.4621947939095761,1,s046
0.4628148687507916,1,s046
0.7618216959249093,1,s046
0.4621288431516761,0,s046
0.46207639640798237,0,s046
0.4621888345712337,0,s046
0.46223057932715084,1,s046
0.4623042458663207,0,s046
0.7616739776363532,0,s046
0.46243757459931145,1,s046
0.4620519541235215,0,s046
0.46201936700801616,0,s046
0.9054612995396942,1,s046
0.4621512298842443,0,s046
0.46224057184180833,0,s046
0.7618620335822572,0,s046
0.4623865793158368,0,s046
0.46234303293473666,0,s046
0.4624201473977154,0,s046
0.00018135504695959703,0,s046
0.4619279716461495,0,s046
0.4622179138469307,0,s046
0.46222768261905234,1,s046
0.00013163915608771504,0,s046
0.46221685751108454,1,s046
0.4622841975598795,1,s046
0.4622064865128048,1,s046
0.4620693827406761,0,s046
0.461844120363478,1,s046
0.4621117022202912,0,s046
0.4622993959682873,1,s046
0.00019440669517445386,0,s046
0.7618072773210178,1,s046
0.46223882139252104,1,s046
0.462443863052447,1,s046
0.761693994160884,0,s046
0.7615337758705012,1,s046
0.462061618427152,0,s046
0.7616515665193984,1,s046
0.4621721651318005,0,s046
0.7615854873135686,0,s046
0.7616609692247782,0,s046
0.4620629837153729,1,s046
0.7616023307311179,1,s046
0.7614676883275715,1,s046
0.9051775404924365,1,s046
0.7616291535145419,0,s046
0.00017466674791322134,1,s046
0.46245816428388875,1,s046
0.4621766261254463,0,s046
0.4623786011338873,0,s046
0.7615970282698961,0,s046
0.4622780351641427,0,s046
0.4623559772632002,0,s046
0.46248781751461254,1,s046
0.4621012983099346,0,s046
0.4635066625998079,1,s047
0.7621059096764042,0,s047
0.9054321136903682,1,s047
0.9054276933952381,1,s047
0.7617534069747236,1,s047
0.4640810283447683,1,s047
0.761876662260605,1,s047
0.46211423131681073,1,s047
0.4620460126382353,1,s047
0.7621330977507119,1,s047
0.4633526300455413,1,s047
0.46234971962588944,1,s047
0.9055284523804439,1,s047
0.7615744288659123,0,s047
0.46240354501200875,1,s047
0.7620623361785519,1,s047
0.9052414273713691,1,s047
0.4621465087483081,1,s047
0.46202782521246766,1,s047
0.462242906727828,1,s047
0.4616612388286372,0,s047
0.46296224078449577,1,s047
0.4622388650646112,1,s047
0.4623395357773523,1,s047
0.4628066263624935,1,s047
0.4632018039006591,1,s047
0.7615652963501232,1,s047
0.7616743849437837,1,s047
0.4621555335856107,0,s047
0.4622292177906042,1,s047
0.4625820604166615,0,s047
0.4630210611902561,1,s047
0.46340534297604563,1,s047
4.613932332309112e-05,1,s047
0.46321955300590956,0,s047
0.761867313017768,1,s047
0.46264629606631336,1,s047
0.46225316446666875,1,s047
0.4626662591762556,1,s047
0.9052377020974427,1,s047
0.4628784887376469,1,s047
0.4619365678941536,1,s047
0.4620761014561816,1,s047
0.761652934537582,0,s047
0.46207628044320326,0,s047
0.46242620564550574,1,s047
0.4628987397575546,0,s047
0.46242185909715894,0,s047
0.7615838581523184,0,s047
0.46218033801583247,0,s047
0.4607297416449563,0,s047
0.4627622840803691,1,s047
0.462742251665597,1,s047
0.4625874267791257,1,s047
0.46205187125060476,1,s047
0.4628535278437016,1,s047
0.4624222220525491,1,s047
0.4622132620542103,1,s047
0.4624952496749326,1,s047
0.9051350964786273,1,s047
0.46200925750417854,1,s047
0.46254380253992267,1,s047
0.46218840537167094,0,s047
0.46235724504265696,1,s047
0.4622644260663118,1,s047
0.46183035614298373,0,s047
0.4623626598120347,0,s047
0.761610037582414,1,s047
0.7616980125053503,1,s047
0.7617954214683924,1,s047
0.462321563441926,1,s047
0.7614952450497974,0,s047
0.4623136917546544,1,s047
0.462212352221256,1,s047
0.4624666966802842,1,s047
0.7616804584578363,0,s047
0.46214358319168847,1,s047
0.4621038726031719,0,s047
0.46256634365259197,1,s047
0.46263600051680687,1,s047
0.46242137807528705,0,s047
0.46230027304214705,0,s047
0.4628265596410426,1,s047
0.7616423209384697,1,s047
0.46242167291813874,1,s047
0.4626644831739428,1,s047
0.46223020245365776,1,s047
0.46100643353564763,0,s047
0.46234779096117573,0,s047
0.4619266154276078,0,s047
0.46239691922327064,1,s047
0.4623037428164565,0,s047
0.7618945054353996,1,s047
0.4620964303369617,1,s047
0.9053424268734294,1,s047
0.9053210807835808,1,s047
0.46222636793550453,1,s047
0.4625165159732809,1,s047
0.4623934196965107,1,s047
0.4609245640045374,0,s047
0.9053787024020798,1,s047
0.4619975832800549,0,s047
0.0008779071820403939,1,s047
0.4623058505384734,0,s047
0.4626470694750189,0,s047
0.46207675126903713,0,s047
0.4630298403950064,0,s047
0.4620937508618983,1,s047
0.46224941730821834,0,s047
0.4615493148204717,0,s047
0.46214900845931406,0,s047
0.46204885750197566,1,s047
0.46270251744418434,0,s047
0.4621213022514197,1,s047
0.7616643235622478,1,s047
0.7621267313404141,1,s047
0.7616250963075575,1,s047
0.4625833002024937,1,s047
0.7617749200154729,1,s047
0.7617631754796597,1,s047
0.4623675662579563,0,s047
0.4626684214691792,1,s047
0.46258620825518526,1,s047
0.46212083556011074,1,s047
0.46224822874065086,1,s047
0.46237880470103754,1,s047
0.46250148836460325,1,s047
0.46251271185896736,1,s047
0.46242595319927426,1,s047
0.7617097734450713,1,s047
0.7615439953977592,0,s047
0.9052072786553644,1,s047
0.46239741869934003,0,s047
0.46222116012398606,1,s047
0.9051851799615618,1,s047
0.46193680248179314,0,s047
0.7615636840216131,0,s047
0.462356270907623,0,s047
0.4622621464405896,1,s047
0.7616183964875045,0,s047
0.4622885939876491,0,s047
0.4623750812948886,1,s047
0.46254871100545025,1,s047
0.46227675360406173,1,s047
0.4627375627070336,1,s047
0.4624861616001723,1,s047
0.7617124677922289,1,s047
0.4620210303510872,0,s047
0.46268983789316587,0,s047
0.462188569808929,0,s047
0.7618765058185097,1,s047
0.46206097988694417,0,s047
0.7617475105525346,1,s047
0.4621223319012535,0,s047
0.4621707369747592,1,s047
0.46232125184744577,1,s047
0.46248073047521765,1,s047
0.00012443637190950874,1,s047
0.46223295926120334,1,s047
0.46173957383444386,0,s047
0.9053562541243698,1,s047
0.7618245184684993,1,s047
0.4624023164109763,1,s047
0.4623780288044752,0,s047
0.7616955744197869,1,s047
0.46222669946139794,1,s047
0.4621369661341106,1,s047
0.4624281097063294,1,s047
0.46208369555115936,1,s047
0.7615546977950423,0,s047
0.46190226792309796,0,s047
0.4624948751144933,1,s047
0.4623598828598403,1,s047
0.7618283836695721,1,s047
0.46215553307221513,0,s047
0.46245446719304706,1,s047
0.46242544812509956,1,s047
0.46246814114504664,1,s047
0.7618901732881675,1,s047
0.4622445615967181,1,s047
0.4625053999745079,1,s047
0.4618657401350934,0,s047
0.4624391417918079,1,s047
0.46220235499559426,1,s047
0.4626021101306983,1,s047
0.46232423207663254,1,s047
0.4624635796550747,1,s047
0.46225833863859567,0,s047
0.46243071539813796,0,s047
0.462018481555033,1,s047
0.7620899904687763,0,s047
0.4612685133568395,0,s047
0.761549293312058,1,s047
0.4620935637269705,1,s047
0.46225505042156034,0,s047
0.46228784461834516,0,s047
0.4620207546684256,1,s047
0.4619692475595487,1,s047
0.761524979621683,1,s047
0.462295614948403,0,s047
0.46359966468795055,1,s047
0.46239215096441955,0,s047
0.4623378161936913,1,s047
0.4613173013513334,0,s047
0.4617290839287116,0,s047
0.4621852893207248,1,s047
0.4626611488765513,1,s047
0.4621501939707411,1,s047
0.00010576263519723739,0,s047
0.7616685937706695,0,s047
0.46221003440157804,0,s047
0.4624059754563403,0,s047
0.001045288999368621,1,s047
0.4619462365229028,1,s047
0.7618228363764721,0,s047
0.4625055854854001,0,s047
0.00019005439726860196,0,s047
0.7616705882224359,1,s047
0.4621608464855149,1,s047
0.4624409557189251,0,s047
0.4621485213486676,1,s047
0.4623677597074831,0,s047
0.9640236320080684,1,s047
0.7615001243087574,1,s047
0.7617051604409757,1,s047
0.46215789679007213,1,s047
0.9640534857525094,1,s047
0.7616873024007187,1,s047
0.4623747867132122,1,s047
0.7615974168906381,1,s047
0.4623618119243369,1,s047
0.4623740540945822,1,s047
0.46216871304472695,1,s047
0.46185838822030134,1,s047
0.7616206580721085,1,s047
0.761536785535506,1,s047
0.46253157155900926,0,s047
0.46226424016132106,0,s047
0.9051474515875162,1,s047
0.46216205989377634,1,s047
0.4621794411058082,1,s047
0.4622674039046706,1,s047
0.7616954956948341,1,s047
0.7616993326054349,1,s047
0.4617458124892777,0,s047
0.46246841395553795,0,s047
0.4620604508431181,0,s047
0.4622620881417523,1,s047
0.4621795186628206,0,s047
0.0003403239795458646,0,s047
0.4618428860399253,0,s047
0.7617696380993648,0,s047
0.4623265048680618,0,s047
0.46222829270358634,0,s047
0.46208134524345246,0,s047
0.7618774287905847,1,s047
0.9052263321807772,0,s047
0.4619684696736803,0,s047
0.9052620584361812,1,s047
0.46224988056766625,0,s047
0.7615809973076801,0,s047
7.560137884410345e-05,0,s047
0.4619948582584963,0,s047
0.46216928293923787,0,s047
0.46222933961062806,0,s047
0.46239344249055403,0,s047
0.4622476612408335,1,s047
0.46222031234301,1,s047
0.46223047713262866,1,s047
0.76193979481163,0,s047
0.46248238662869556,0,s047
0.7619165385465376,0,s047
0.4621641190999841,1,s047
0.46224610784888154,1,s047
0.4622759158182552,1,s047
0.7614776546793658,1,s047
0.9052171427982636,1,s047
0.4624048454726337,0,s047
0.46230352442036815,0,s047
0.7616113350394189,1,s047
0.462205821809319,1,s047
0.7616674106547776,1,s047
0.46265534730827595,0,s047
0.462313451354329,0,s047
0.7615989926842206,0,s047
0.4623757081306388,1,s047
0.4625181499766733,0,s047
0.7616838372180803,1,s047
0.905174006157943,1,s047
0.46165193636993984,0,s047
0.46203907008616785,0,s047
0.4617212630595584,0,s047
0.4625718765717084,0,s047
0.4627959774045176,1,s047
0.0002178040661304781,0,s047
0.46176206841918344,0,s047
0.46221435969881663,0,s047
0.462248578595992,1,s047
0.4621249150042037,1,s047
0.4625126833570712,1,s047
0.46224964146035297,0,s047
0.46221067110375724,0,s047
0.7616440976914203,1,s047
0.4620771918869164,0,s047
0.4621986644577474,0,s047
0.4624538156887059,0,s047
0.0002296473793517162,0,s047
0.46238576646854357,0,s047
0.7616073304221995,1,s047
0.00015288585460981885,1,s047
0.4623184663731239,0,s047
0.46240354794710337,1,s047
0.461924706951927,0,s047
0.7618968503795123,0,s047
0.4623269815090394,0,s047
0.4619185849888956,0,s047
0.46228999868512965,1,s047
0.4621308714173451,1,s047
0.761686997715014,1,s047
0.4622238373645666,1,s047
0.761833854504157,1,s047
0.4621426427046913,1,s047
0.7616420075138253,1,s047
0.46244289387917537,1,s047
0.9053357213525037,1,s047
0.46242449884044423,1,s047
0.4621539955266756,0,s047
0.4625547912423149,0,s047
0.4625449928720593,1,s047
0.7615976931988264,0,s047
0.46241461484869295,1,s047
0.4622634694801422,1,s047
0.46216739319552036,0,s047
0.0004970521582559062,0,s047
0.7616328215431434,1,s047
0.7615165052257118,0,s047
0.7615387674155465,1,s047
0.46198155356839354,1,s047
6.983765352353011e-05,0,s047
0.4621955155335751,0,s047
0.7614251447979858,1,s047
0.7618065618251175,1,s047
0.7616647549858062,1,s047
0.4623573617035839,0,s047
0.4619278517591927,0,s047
0.46214159355370543,0,s047
0.46239480539059197,0,s047
0.461954293767171,0,s047
0.9051487391668476,0,s047
0.46253548834558433,0,s047
0.4621340253764217,1,s047
0.46203783160937273,0,s047
0.7616786734561711,1,s047
0.46210500195778415,1,s047
0.46252035543631353,0,s047
0.4624181068400208,0,s047
0.4622941740307227,0,s047
0.4623735596013685,0,s047
0.46251265238563777,0,s047
0.7614957131174007,0,s047
0.4622824524363853,0,s047
0.4623113375194432,1,s047
0.46217284624422206,1,s047
0.46242194832896466,1,s047
0.4619785886215022,1,s047
0.46211637542353645,0,s047
8.713994855780172e-05,1,s047
0.46198670620440807,1,s047
0.7621442092509485,0,s047
0.4619447743868519,0,s047
0.4622765455316433,0,s047
0.4622177911636651,1,s047
0.9051467914723212,0,s047
0.4621302292098397,1,s047
0.7617851219672882,1,s047
0.4620880361912587,1,s047
0.7617348164758673,1,s047
0.46222462643780804,1,s047
0.7617505060257534,1,s047
0.4625801132654652,1,s047
0.0002333017477040844,0,s047
0.7617042229600213,0,s047
0.46209367904194565,1,s047
0.4621802097608618,0,s047
0.905255641200754,1,s047
0.462224048773336,0,s047
0.0011763809608156262,1,s047
0.4624204232756335,1,s047
0.7619353301065708,1,s047
0.46187749459636707,1,s047
0.4603578383908462,0,s047
0.7618046947725181,1,s047
0.4616950355838141,0,s047
0.7617255936325984,0,s047
0.4625746880076096,1,s047
0.7613485694105022,1,s047
0.46202751602472936,0,s047
0.4627080800212866,0,s047
0.00019275093042425695,0,s047
0.4618597974757226,0,s047
0.7618244684143889,0,s048
0.46194098777954906,0,s048
0.4619542652116386,0,s048
0.462123329116054,0,s048
0.0003678792829715505,0,s048
0.4620301845979451,0,s048
0.46190587068595645,0,s048
0.0006835361092063508,0,s048
0.46158384288442145,0,s048
0.4629187904391592,0,s048
0.4625839060126056,0,s048
0.9052071389317926,1,s048
0.7616095684202622,0,s048
0.7617057850152493,0,s048
0.46259162359207817,1,s048
0.46101420671919713,1,s048
0.46215844240861914,0,s048
0.4622448389499594,0,s048
0.0005556583474946031,0,s048
0.4621601142074645,1,s048
0.462385264436902,1,s048
3.741142498414618e-05,0,s048
0.4622488675148093,1,s048
0.46221041268226815,0,s048
0.00024256945670897423,1,s048
0.4621774177131506,1,s048
0.46227441751452303,1,s048
0.7615986588697901,1,s048
0.4623945854756726,1,s048
0.4619994401200549,1,s048
0.46234398757622697,0,s048
0.4621516602558515,0,s048
0.46224476345581667,0,s048
0.46276972093764046,0,s048
0.4622064174098306,0,s048
0.4620292487952129,0,s048
0.46219276261592435,1,s048
0.4621531891306081,1,s048
0.46195106550294285,0,s048
0.905149451219176,0,s048
0.7616601716653115,0,s048
0.46218251039420477,1,s048
0.46220804198273346,0,s048
0.4620920987792334,1,s048
0.46210492265406233,0,s048
0.46224767606160366,1,s048
0.46235193699567523,0,s048
0.4619287073474987,0,s048
0.4621600358523372,0,s048
0.46211334748806365,0,s048
0.7616221864785744,1,s048
0.46222158841271566,0,s048
0.4624230795764799,0,s048
0.46231380635740726,0,s048
0.46210793039563214,0,s048
0.4620705758349768,1,s048
0.7622189835467088,1,s048
0.46202963657015017,0,s048
0.46209883432467835,0,s048
0.46238306418490405,0,s048
0.4623807645080338,0,s048
0.4619224415186569,1,s048
0.4622607088533939,0,s048
0.46204230883045394,1,s048
0.461974843144622,1,s048
0.7615075243599265,1,s048
0.4621748668300172,1,s048
0.462278722977403,0,s048
0.4621981143243512,1,s048
0.4620677248922693,0,s048
0.4622045508234036,0,s048
0.4621089468956394,0,s048
0.7616140092852912,0,s048
0.4621423003011369,0,s048
0.4617256704140078,0,s048
0.46204887179245224,1,s048
0.46224938805171445,1,s048
0.46244281636611073,1,s048
0.4621448170914584,0,s048
0.46225850594109796,1,s048
0.46217816383700705,0,s048
0.46233632254395585,0,s048
0.4622751988643825,1,s048
0.4622769738169723,0,s048
0.4623969114286093,0,s048
0.4624186932493588,1,s048
0.4621966307310752,0,s048
0.7616393465272193,1,s048
6.499273166316044e-05,0,s048
0.4623816440112909,0,s048
0.4629697946985709,1,s048
0.7616945582565622,0,s048
0.7616981081199179,0,s048
0.7617047081786656,0,s048
0.4622402703307862,1,s048
0.46238397847425605,1,s048
0.4622932400937241,0,s048
0.00035888918128135217,0,s048
0.46221179269632096,1,s048
0.4620786149199543,0,s048
0.46209411611918494,0,s048
0.46229240729660503,1,s048
0.00014127487484372203,1,s048
0.46226748677021723,0,s048
0.4619971700063106,1,s048
0.7615974575130737,0,s048
0.46221973292500285,0,s048
0.4621674622024632,0,s048
0.7615032671522053,0,s048
0.7617065328465917,0,s048
0.4619840795231398,0,s048
0.46179544555986607,0,s048
0.7616052843069716,0,s048
0.4622092000835196,1,s048
0.4622108928990769,0,s048
0.4621461868152428,1,s048
0.4620054681050063,0,s048
0.7616354612858884,1,s048
0.46205563453226617,1,s048
0.4619869516235562,0,s048
0.462317068042567,1,s048
0.0006965493623616315,0,s048
0.46244819133422954,1,s048
0.4620566795560561,0,s048
0.4621688555283743,1,s048
0.7614914174040475,0,s048
0.46238194901712215,0,s048
0.4622128907509335,1,s048
0.46210299209768735,0,s048
0.4621481222905519,0,s048
0.46210990697471455,1,s048
0.46222177919360563,0,s048
0.46210381268137746,1,s048
0.46217524371705787,1,s048
0.4621202567905043,0,s048
0.7616070098496577,1,s048
0.4620946377700694,1,s048
0.46231035708094437,1,s048
0.46228720153955316,1,s048
0.4621086430507322,0,s048
0.7617845655128996,0,s048
0.46240900976420884,0,s048
0.46217285475700476,0,s048
0.4621454496546702,1,s048
0.4621348786279913,0,s048
0.4621777151808495,1,s048
0.7617586761290296,1,s048
0.46257969949026934,1,s048
0.4623109084626429,0,s048
0.4618694724795871,0,s048
0.7617826649764543,1,s048
0.4623247297418098,0,s048
0.4623424866337593,1,s048
0.7616180867822258,1,s048
0.46200389415527576,0,s048
0.46208081979079774,1,s048
0.4626036421671731,0,s048
0.462287475221725,1,s048
0.7620931031782039,1,s048
0.7616999437256795,0,s048
0.4620943693795547,0,s048
0.4623939257771932,0,s048
0.46226424598422144,0,s048
0.4624082004644283,1,s048
0.4618860248479981,0,s048
0.46219186889902586,1,s048
0.46228333085387296,1,s048
0.4621131290309648,1,s048
0.4621823202438402,1,s048
0.00014771324650397766,0,s048
0.461959498019358,1,s048
0.4622308938489188,1,s048
0.00017931704266871407,0,s048
0.4622154872475701,0,s048
0.761620891308781,1,s048
0.46224862321144333,1,s048
0.46202726625590906,1,s048
0.46209805196640596,1,s048
0.4620100266322609,1,s048
0.46211670252969994,0,s048
0.46221066237422836,0,s048
0.00018099300364826654,0,s048
0.4620217659937689,1,s048
0.4621473109150951,1,s048
0.46217460805998,1,s048
0.4622634599119051,0,s048
0.4621978354251801,1,s048
0.4622959822242696,1,s048
0.46221874802170015,0,s048
0.4621033861007213,0,s048
0.4619744166990005,0,s048
0.4623413977344184,0,s048
0.46215222445677795,1,s048
0.9055173792713047,1,s048
0.7617955057220878,0,s048
0.4620085179925806,0,s048
0.7616533729432371,0,s048
0.4620171961482613,1,s048
0.0003064405183330621,0,s048
0.4622068789137965,1,s048
0.4622080747126789,1,s048
0.46234650152785806,1,s048
0.7617729557549489,1,s048
0.4623986019305335,1,s048
0.9866466460090328,1,s048
0.9051778932516039,0,s048
0.46228172190921724,0,s048
0.46226964610125076,1,s048
0.4621732235217477,0,s048
0.46205970513970374,1,s048
0.46218521904892995,1,s048
0.4622042623766045,1,s048
0.4623530417631112,1,s048
0.4622754179855053,1,s048
0.46229682405287154,1,s048
0.4621069693906843,0,s048
0.4620998448565652,1,s048
0.4621486304873894,0,s048
0.761814198319529,0,s048
0.46222371100762527,1,s048
0.4621737114433948,0,s048
0.4620668821850431,1,s048
0.7615853591341724,1,s048
0.4620639404843665,1,s048
0.7617544850719964,1,s048
0.7616756625973753,0,s048
0.46215188224151094,1,s048
0.46217816149303137,0,s048
0.4622061326334961,1,s048
0.46241470694454234,0,s048
0.46209862468535645,1,s048
0.4623863005620876,1,s048
0.7616405998169109,1,s048
0.4622811436566614,1,s048
0.4623379879461542,0,s048
0.46201106144047643,1,s048
0.46195306907808265,1,s048
0.4621934488323025,1,s048
0.46214197810087887,1,s048
0.46231002893476414,1,s048
0.4622416512110372,1,s048
0.4622378605019688,1,s048
0.4622163454021595,0,s048
0.4622263078041349,1,s048
0.46226822345593477,1,s048
0.4623112768755975,1,s048
0.46208002465046594,1,s048
0.00013077690975693557,1,s048
0.4620555032589526,1,s048
0.4620873551437188,1,s048
0.4622345140096056,1,s048
0.46215038832624056,1,s048
0.4621639442851768,0,s048
0.46241255480890153,1,s048
0.46200201404965524,1,s048
7.446594207838331e-05,0,s048
0.46229583184887457,1,s048
0.4618464461181577,0,s048
0.4620573242183488,1,s048
0.4620665041146601,1,s048
0.4622520876063434,1,s048
0.46233938654933726,1,s048
0.46233837306008674,0,s048
0.4629518320288326,1,s048
0.4621106931729184,0,s048
0.46208553822054443,1,s048
0.4619718144146019,1,s048
0.46231833891328655,0,s048
0.4621754486360472,1,s048
0.4624122435658262,0,s048
0.4620044583155245,0,s048
0.7617654012773465,0,s048
0.46247595640092665,0,s048
0.46210715238586486,1,s048
0.0002729040220579293,0,s048
0.46218164984722865,1,s048
0.4623546876580189,1,s048
0.00012484579255001016,1,s048
0.4620192299767565,1,s048
0.46197545729320977,1,s048
0.4620492105167249,0,s048
0.4621514823557977,1,s048
0.46230293214935725,1,s048
0.46209553739220155,1,s048
0.4625752040081219,1,s048
0.46223126558821703,1,s048
0.46240376953224094,1,s048
0.4622723833320206,1,s048
0.46210959155389353,0,s048
0.4621537738682895,1,s048
0.46205709585385946,1,s048
0.4622431832840024,1,s048
0.46222149557876024,1,s048
0.7615947839851798,1,s048
0.7617346680987305,1,s048
0.7616299159596602,1,s048
0.462250536500868,1,s048
0.4621730256778265,1,s048
0.46216788784810525,0,s048
0.46224221869883797,1,s048
0.4622232868221161,1,s048
0.46227135737590985,1,s048
0.4622920022215289,0,s048
0.7616968673026219,1,s048
0.4623827377183567,0,s048
0.462036526461872,0,s048
0.46201051517424907,0,s048
0.4622413809352286,0,s048
0.46212863351021416,0,s048
0.4624018636361025,1,s048
0.46202560909623047,1,s048
0.46226081833975363,1,s048
0.7617000831446388,0,s048
0.461977645101034,0,s048
0.4623951356305702,1,s048
0.46225055462790277,0,s048
0.7616720098422523,1,s048
0.46210739397427236,0,s048
0.46230700682243797,0,s048
0.46227765389487385,0,s048
0.46233791976892613,1,s048
0.7615906534536103,1,s048
0.4621306921160442,0,s048
0.46202263114030284,0,s048
0.7616320138988577,0,s048
0.7616606014154346,1,s048
0.46240332310896526,1,s048
0.46241663210988504,0,s048
0.46201043478280646,1,s048
0.46209660134808783,0,s048
0.46239535216846894,1,s048
0.46228743811135864,1,s048
0.4622474139928636,0,s048
0.46236145183318067,1,s048
0.4623541527034909,1,s048
0.4622829844170615,0,s048
0.0003100265357933729,0,s048
0.4624372161584429,1,s048
0.4622626045543321,1,s048
0.46196275907321915,0,s048
0.46216941651682797,0,s048
0.4623247726690827,1,s048
0.4619403220969651,0,s048
0.462184644501596,0,s048
0.0003495696982123153,0,s048
0.7616602844277898,1,s048
0.4622098885634889,0,s048
0.46224204343413855,1,s048
0.46216299521652715,0,s048
0.46216444534691714,0,s048
0.7617223598234777,0,s048
0.7617731833666854,0,s048
0.7615881346378235,0,s048
0.7617254458231197,1,s048
0.462099682889056,0,s048
0.00018297799322009034,0,s048
0.46219171907765144,1,s048
0.46222527685870873,0,s048
0.4618915541469977,0,s048
0.4620251451168469,0,s048
0.4619210456963896,0,s048
0.4621479608141472,1,s048
0.46253243923107634,1,s048
0.4623443744563549,0,s048
0.7616967469347649,1,s048
0.4620871586913151,0,s048
0.4618099750955138,0,s048
0.4621101694894838,1,s048
0.7616920091057187,1,s048
0.00011605896011812611,0,s048
0.4623821363666576,0,s048
0.4621537618377498,0,s048
0.4623966790366112,1,s048
0.4622393838488206,1,s048
0.46211475707084704,1,s048
0.4620602462258925,1,s048
0.46196365286496643,0,s048
0.46219832158613583,0,s048
0.46226512125095254,0,s048
0.4623021174541444,1,s048
0.761734220839704,0,s048
0.7615852343032921,1,s048
0.46206953738814605,1,s048
0.46229732465633777,0,s048
0.00012047692192118653,1,s048
0.4622661834138093,1,s048
0.4622588292056291,1,s048
0.46203782484466793,1,s048
0.7616569548068959,1,s048
0.4621647151241868,1,s048
0.4622594817068286,1,s048
0.7616121909183096,1,s048
0.46204564014654737,1,s048
0.4623725660006053,1,s048
0.4623684423374985,1,s048
0.00014243306365058217,0,s048
0.4621762904633051,1,s048
0.46224374654986833,1,s048
0.7618752462247054,0,s048
4.406618767660575e-05,0,s048
0.46433833942384184,1,s049
0.46301182160695475,1,s049
0.4642770310830995,1,s049
0.4638640746225755,1,s049
0.4642922745870983,1,s049
0.46422701859690507,1,s049
0.4643384314244021,1,s049
0.46433838022198715,1,s049
0.46422857616718693,1,s049
0.9056723847313628,1,s049
0.7625063466499176,1,s049
0.7629611308397277,1,s049
0.7623701128700875,1,s049
0.46378434313051975,1,s049
0.46433931725267596,1,s049
0.4640287390114539,1,s049
0.7628153320646609,1,s049
0.46388111619308026,1,s049
0.7625081797221547,1,s049
0.46366564807093114,1,s049
0.461882603531103,1,s049
0.7621737333764749,1,s049
0.46471409087296234,1,s049
0.4642961513056756,1,s049
0.46332461908162625,1,s049
0.46437227296992134,1,s049
0.46450476403052376,1,s049
0.4643105070258944,1,s049
0.46432958709773486,1,s049
0.463912144663569,1,s049
0.4643383620177979,1,s049
0.4623220623123929,1,s049
0.762880636987262,1,s049
0.46432226652281017,1,s049
0.4633446197829463,1,s049
0.4643302397751141,1,s049
0.46407265650427165,1,s049
0.46426473751640707,1,s049
0.46448858360317913,1,s049
0.4616969376113196,1,s049
0.4642812004489132,1,s049
0.46357887445061063,1,s049
0.4644249034277159,1,s049
0.4636319813338263,1,s049
0.4643281709592644,1,s049
0.46160282855547075,1,s049
0.46433846073493457,1,s049
0.4643731696889237,1,s049
0.4629805481936702,1,s049
0.4636388788027477,1,s049
0.7623146370622234,1,s049
0.762768740511212,1,s049
0.46273365331197946,1,s049
0.7625318281653581,1,s049
0.46432370061345374,1,s049
0.46278002512944494,1,s049
0.46391254602716603,1,s049
0.7629039805765692,1,s049
0.4629398672511442,1,s049
0.462860277767861,1,s049
0.4625555270917505,1,s049
0.46262526074990995,1,s049
0.4626147675412917,1,s049
0.9056818540330966,1,s049
0.4625735199904826,1,s049
0.7617586195809347,1,s049
0.46432484101061644,1,s049
0.9052645886571744,1,s049
0.7617659074507046,1,s049
0.4622297506421662,1,s049
0.46204013246730113,1,s049
0.7620090881866741,1,s049
0.46254582166784486,1,s049
0.46194871208866406,1,s049
0.7620768517659935,1,s049
0.462985765628956,1,s049
0.4642767452522285,1,s049
0.4623479387134415,1,s049
0.4625119417406758,1,s049
0.000528861654844226,0,s049
0.46242475605217814,1,s049
0.7621375832509918,1,s049
0.462263110400031,1,s049
0.7613309746970602,1,s049
0.46205111743174876,1,s049
0.46390380430197387,1,s049
0.762294634273192,1,s049
0.46199785656328785,1,s049
0.46344204674293255,1,s049
0.7626099237998816,1,s049
0.4624612673376356,1,s049
0.4620797561661254,1,s049
0.46376106634048053,1,s049
0.46254030388948353,1,s049
0.7617528363496187,1,s049
0.7619281931202471,1,s049
0.761828045116161,1,s049
0.4623440247017905,1,s049
0.4622273569174471,1,s049
0.001141002200086394,1,s049
0.4625643935893855,1,s049
0.9639756017322312,1,s049
0.46265211980605647,1,s049
0.7619751251303462,1,s049
0.4634822367714746,1,s049
0.7619075106917148,1,s049
0.46232789423542586,1,s049
0.7618366837794361,1,s049
0.7619475430441827,1,s049
0.46221791154113134,1,s049
0.9053440409509452,1,s049
0.761731330610611,1,s049
0.46221961787069876,1,s049
0.7620292484210116,1,s049
0.4621218655389341,1,s049
0.4625927964036911,1,s049
0.7618074565675805,1,s049
0.7619299481503132,1,s049
0.9053055290893837,1,s049
0.7618454833894583,1,s049
0.4626670933746171,1,s049
0.7619420391971732,1,s049
0.46245853133609915,1,s049
0.7620089088184345,1,s049
0.4629608565786887,1,s049
0.46210814703627423,1,s049
0.7621111009406989,1,s049
0.4634552772211682,1,s049
0.46354668424005285,1,s049
0.46240622144352117,1,s049
0.4635430332199213,1,s049
0.4642371723301115,1,s049
0.7619712884980496,1,s049
0.46283399628132216,1,s049
0.9643178120701406,1,s049
0.963977217152072,1,s049
0.4643384270348423,1,s049
0.46435100515075445,1,s049
0.7627370620299658,1,s049
0.905754191062818,1,s049
0.7618254448550554,1,s049
0.4624014893938113,1,s049
0.46406222621876747,1,s049
0.46433836740005185,1,s049
0.4620096285541131,1,s049
0.4635565726236186,1,s049
0.4618402246698943,1,s049
0.4625701965389788,1,s049
0.4627137747942818,1,s049
0.7621690374885675,1,s049
0.4643672466084148,1,s049
0.4617159874579013,0,s049
0.46427411879745684,1,s049
0.762392296974582,1,s049
0.7618904235008663,1,s049
0.4629444088534109,1,s049
0.462110577578017,1,s049
0.7617551114160184,1,s049
0.4625641662611524,1,s049
0.4639604416033958,1,s049
0.00046684560833165634,1,s049
0.4621667886190215,0,s049
0.4623169019668172,1,s049
0.762558901955356,1,s049
0.7618770716402106,1,s049
0.7627921374779942,1,s049
0.4626202473834158,1,s049
0.4628001248965956,1,s049
0.461791878048043,1,s049
0.4619293086736702,1,s049
0.462092009878424,1,s049
0.4629587031033673,1,s049
0.905140899013517,1,s049
0.7620589172624916,1,s049
0.7616611674013145,1,s049
0.7619551301672802,1,s049
0.4635743236435217,1,s049
0.4622332427172995,1,s049
0.46320278565000117,0,s049
0.46202007185123195,0,s049
0.46367745934705207,1,s049
0.4623206049673074,0,s049
0.462327914721699,1,s049
0.4617161637132048,1,s049
0.46304535971206273,1,s049
0.7616371122015142,1,s049
0.761563146897783,1,s049
0.4620489002709447,1,s049
0.4616685263252016,1,s049
0.4619959248338308,0,s049
0.4624462802183411,1,s049
0.46297328364736523,1,s049
0.4619470197129196,1,s049
0.46132158514202026,1,s049
0.4627222115408256,1,s049
0.461709907775429,1,s049
0.4626077755999891,1,s049
0.46459114226571385,1,s049
0.46213071062692457,1,s049
0.4626535954728159,1,s049
0.46268715893026013,0,s049
0.7616315348427591,1,s049
0.46245766663212473,1,s049
0.4630434018338887,1,s049
0.4627847079496459,1,s049
0.7620155204172874,1,s049
0.46234565604957156,1,s049
0.7623070032065786,1,s049
0.461987709761313,1,s049
0.4622081240968692,1,s049
0.7616139273709128,1,s049
0.463978993917346,1,s049
0.461690902446277,1,s049
0.4624151082913148,1,s049
0.46189634909763,1,s049
0.46236422409838007,1,s049
0.4623039826527968,1,s049
0.46180830495464287,1,s049
0.4621221451568682,0,s049
0.4625645225040971,1,s049
0.46228737608106885,1,s049
0.4621359328852712,1,s049
0.4616971270722532,1,s049
0.46187645303763425,1,s049
0.7615587538402444,1,s049
0.46197456544233173,1,s049
0.4623895106199267,1,s049
0.4624093676375107,1,s049
0.46203075261966187,1,s049
0.4623133329854465,1,s049
0.4621551318461321,1,s049
0.7616378470776317,1,s049
0.7612737936571627,1,s049
0.4617284075001651,1,s049
0.7621901718864976,1,s049
0.7615045101623448,1,s049
0.4633456426600653,0,s049
0.46210139035695597,1,s049
0.46215244730381944,1,s049
0.46224773092244376,1,s049
0.7615393287638335,1,s049
0.46213272354418433,0,s049
0.46141862907454767,1,s049
0.4623955459587732,1,s049
0.46173102554729506,1,s049
0.462594151777761,1,s049
0.463231806370638,1,s049
0.46240185293609026,1,s049
0.4619802248067191,1,s049
0.46170354482826714,1,s049
0.4625001009258085,1,s049
0.4622373359519898,1,s049
0.0011205568546330813,1,s049
0.46248590581808857,1,s049
0.4621907664332443,1,s049
0.46254805563877177,0,s049
0.4621854288576466,1,s049
0.7616267066249633,1,s049
0.7614215006404252,1,s049
0.4620813402123862,1,s049
0.46191434571590473,1,s049
0.4616201412630121,1,s049
0.7613075405115373,1,s049
0.7617585453164535,1,s049
0.7615752956743238,1,s049
0.46223993968991306,1,s049
0.46227914214019794,1,s049
0.46199850889789484,1,s049
0.4618144297649336,1,s049
0.46239203633874193,1,s049
3.5556851521123534e-05,0,s049
0.9053359362518596,1,s049
0.46315317908066755,1,s049
0.46263572580169354,1,s049
0.4625130813663849,1,s049
0.4627479737781517,1,s049
0.4625655394585446,1,s049
0.9051427151528828,1,s049
0.46188006033002016,1,s049
0.4622608188512447,1,s049
0.4619030162280875,1,s049
0.4619423705075394,1,s049
0.4619881552425884,1,s049
0.4623706513431356,1,s049
0.4624293143466318,1,s049
0.462063336647182,1,s049
0.4621431179688873,1,s049
0.4621264199352342,1,s049
0.7616066338223084,1,s049
0.4615246160822526,1,s049
0.4622979926274542,1,s049
0.4626873658688555,1,s049
0.462917997754666,1,s049
0.46238369831299386,1,s049
0.46187100608724285,1,s049
0.4630421477167497,1,s049
0.46273596732366995,1,s049
0.7617724361967211,1,s049
0.7616075830346978,1,s049
0.46204136727343914,1,s049
0.46277883176303414,1,s049
0.4619434941861571,1,s049
0.46203139637423507,1,s049
0.7615557822907009,1,s049
0.46098968628115156,1,s049
0.7614644585355006,1,s049
0.46199118399445793,1,s049
0.4620082140886015,1,s049
0.4620048275617614,1,s049
0.4619429955342027,0,s049
0.46223775005479983,1,s049
0.4645357893861417,1,s049
0.7629008005252276,1,s049
0.46200125406629455,1,s049
0.4619937971255903,1,s049
0.4618457851606883,1,s049
0.46227913697407375,1,s049
0.4627800375835047,1,s049
0.9051582664739779,1,s049
0.46177982682618834,1,s049
0.4616455663910035,1,s049
0.46158792033162577,1,s049
0.4643384195607543,1,s049
0.7613961170864711,1,s049
0.4626589807393986,1,s049
0.9052945285914746,1,s049
0.4621183718487927,1,s049
0.46182046544514543,1,s049
0.462096824813637,1,s049
0.4618383340217427,1,s049
0.0001800614776472642,0,s049
0.46218609022588764,1,s049
0.7615598202404903,1,s049
0.46199369530882795,1,s049
0.46217957003730326,1,s049
0.4610304574352293,1,s049
0.46251059438512376,1,s049
0.46189840279708205,1,s049
0.46214212054008175,1,s049
0.7618009538294983,1,s049
0.462398054149437,1,s049
0.4615434941564782,1,s049
0.4615421889780331,1,s049
0.4614168056918231,1,s049
0.760956032399928,1,s049
0.4618476840598533,1,s049
0.4623364642887102,1,s049
0.4615950176033654,1,s049
0.46169317148212374,1,s049
0.46141660045995647,1,s049
0.9050068586821098,1,s049
0.7616829625949746,1,s049
0.461882130150689,1,s049
0.4625302095560564,1,s049
0.4621835122748217,1,s049
0.4619857404048442,1,s049
0.46168508805925135,1,s049
0.46241057051132417,1,s049
0.4617434401320897,1,s049
0.46281092651179856,0,s049
0.4624437274351505,1,s049
0.4620118022307256,0,s049
0.4620431096415347,1,s049
0.46229403944519754,1,s049
0.7613019517244548,1,s049
0.4619698032456456,1,s049
0.4626602036684788,0,s049
0.7616358092356386,1,s049
0.4633928517640338,0,s049
0.9051060309732637,0,s049
0.4623890272545108,1,s049
0.76150289875312,1,s049
0.4626129827127432,0,s049
0.4624403117417233,1,s049
0.4621458499746742,1,s049
0.7614469133830493,1,s049
0.7615746080398265,1,s049
0.4618793775719978,1,s049
0.7619234665382335,1,s049
0.462064652006859,1,s049
0.9052203763287043,1,s049
0.46187372480841216,1,s049
0.7612675022591691,1,s049
0.4621902192465268,1,s049
0.4644189089588395,1,s049
0.9640354400213842,1,s049
0.4615948809227721,1,s049
0.462314954146527,1,s049
0.4620603646180237,1,s049
0.4627627985169007,1,s049
0.0005468804128554439,0,s049
0.4621207188245573,1,s049
0.7619388356861454,1,s049
0.46259614629525836,0,s049
0.46219845089346867,1,s049
0.46203908120895854,1,s049
0.461785158522096,1,s049
0.46168721784784705,1,s049
0.7615452418372481,1,s049
0.46246381443902873,1,s049
0.9051387993725823,1,s050
0.46209057640140294,0,s050
0.4622672501213614,0,s050
0.46213877497058165,0,s050
0.4621615810983486,1,s050
0.46205136143321157,1,s050
0.4624808189544427,0,s050
0.46235746258648347,0,s050
0.46316302277347643,0,s050
0.7614651654910898,1,s050
0.46260444387877975,1,s050
0.4622142661900379,1,s050
0.46232558004096713,0,s050
0.4620558680397955,0,s050
0.4620200224191604,0,s050
0.4621744604086251,0,s050
0.4622655884891895,1,s050
0.7615322505146345,1,s050
0.46234647846415955,1,s050
0.4622119690179298,1,s050
0.46216519736561557,1,s050
0.4620755665587497,0,s050
0.46230071231116576,1,s050
0.4621823523809676,0,s050
0.4622334981306633,0,s050
0.7617302357275408,0,s050
0.4621686650817318,0,s050
0.46211719385771155,1,s050
0.7615957067102717,1,s050
0.7619218089212001,1,s050
0.46219088494558713,0,s050
0.4625736442462369,1,s050
0.4624309011485286,0,s050
0.00019737022580068597,0,s050
0.46234282696238527,1,s050
0.7616227215981082,0,s050
0.4621219175144049,1,s050
0.461728472979954,0,s050
0.4623306286252715,1,s050
0.4621246370311827,0,s050
0.7616006619485627,0,s050
0.4624125190192876,1,s050
0.46202277234844,1,s050
0.9051590844521988,0,s050
0.4621646257035652,1,s050
0.46193991846268156,1,s050
0.46234119594621426,0,s050
0.4637823592764585,1,s050
0.7615190257717712,1,s050
0.46183903777966107,0,s050
0.9051704008053447,0,s050
0.46227243045987176,1,s050
0.46242440711232846,0,s050
3.1964212179991236e-05,0,s050
0.462305259929374,0,s050
0.46249080072324045,0,s050
0.46223171492992,1,s050
0.7617853771574934,0,s050
0.4621727567944134,0,s050
0.4622684014762444,0,s050
0.461885920772225,1,s050
0.461303717935422,0,s050
0.46196944937000683,0,s050
0.4630176025230892,1,s050
0.4619617087061334,0,s050
0.4624219653439152,1,s050
0.4621367923155344,0,s050
0.46233356918182933,1,s050
0.46221174929058195,1,s050
0.0002344131438343222,0,s050
0.462243287180262,1,s050
0.4621207094759916,0,s050
0.4620848891746838,1,s050
0.46201396112892956,0,s050
0.4628056894556756,1,s050
0.7616493899645393,0,s050
0.46204582211125245,0,s050
0.4621329672076959,0,s050
0.7619209974712395,0,s050
0.4628505176373081,0,s050
0.46222076386602406,1,s050
0.4622756517449529,1,s050
0.7618665584150872,0,s050
0.46249696533299045,1,s050
0.4619500334834721,1,s050
0.46222170138227936,1,s050
0.46233698451126815,1,s050
0.46217902117281073,0,s050
0.7617752587807343,0,s050
0.462235696524558,1,s050
0.4619469286436244,0,s050
0.761641606475389,1,s050
0.761607894967862,0,s050
0.4621175916920166,1,s050
0.7616668258782533,1,s050
0.46272777597114434,1,s050
0.7618015732932415,1,s050
0.7613650612011347,0,s050
0.4624001968027789,0,s050
0.00019542159367968992,0,s050
0.7615024203896428,1,s050
0.46225679021011223,0,s050
0.46132905637904775,0,s050
0.46205598902661316,1,s050
0.46211965056430127,0,s050
0.46307218788927296,0,s050
0.4621850031647454,0,s050
0.46266358584021505,1,s050
0.4622479426705799,1,s050
0.46222030713802575,0,s050
0.9052747661840075,0,s050
0.46216899682427215,0,s050
0.4617367164295838,0,s050
0.46221996096528706,0,s050
0.46198079909518364,0,s050
0.462233819559547,0,s050
0.0005586694131594072,0,s050
0.46256618311603903,1,s050
0.4624279468375574,1,s050
0.4625554540794081,1,s050
0.4626772795673071,1,s050
0.4622155617040684,0,s050
0.4628249745282671,1,s050
0.4622931844112139,1,s050
0.4622093375683758,0,s050
0.00026147127491338296,0,s050
0.9051734097559143,1,s050
0.4620399237713273,1,s050
0.46223735736947713,1,s050
0.0005844002489816535,0,s050
0.905167326459468,0,s050
0.46232689532610993,1,s050
0.46200317172541694,0,s050
0.4621504082542154,0,s050
0.0001418650554936285,0,s050
0.7616241976071672,1,s050
0.4622756109849202,0,s050
0.7616033465470644,1,s050
9.695860718217375e-05,0,s050
0.4621112755754937,1,s050
0.4618797146598108,1,s050
0.46200764903959857,0,s050
0.46220587743789454,0,s050
0.4622970740579595,1,s050
0.4619972123851077,0,s050
0.00044804502793782675,0,s050
0.46213553364190396,0,s050
0.46233149218868386,0,s050
0.7617075890085598,0,s050
0.7618136115024949,0,s050
0.9052613057590011,0,s050
0.0009285563035457134,0,s050
0.4621962547582612,0,s050
0.46214601991705595,1,s050
0.46229832140327787,1,s050
0.46227017127430514,1,s050
0.4622336299999241,0,s050
0.9050807571146249,1,s050
0.46247454939681343,0,s050
0.4622278379617435,0,s050
0.4623106786060369,0,s050
0.0007063928037007727,1,s050
0.4623124129234,1,s050
0.46229079309792764,1,s050
0.4622818951927401,0,s050
0.462726378424396,1,s050
0.46189470152121626,0,s050
0.4620914646201424,0,s050
0.4621018919903619,0,s050
0.7615941416463634,1,s050
0.7616057859784724,1,s050
0.46225054601043736,1,s050
0.46267238585573267,1,s050
0.46207227758990443,1,s050
0.46211242053566015,0,s050
0.4624056418204945,1,s050
0.4622418277361038,0,s050
0.46229820616631856,0,s050
0.46244875917648876,1,s050
0.46200683525694775,1,s050
0.461955340606921,0,s050
0.46219537907558017,1,s050
0.4623886691179011,1,s050
0.4622396740559418,1,s050
0.46234490023804087,0,s050
0.46143329514163445,0,s050
0.46217975066141603,1,s050
0.7616468680724986,1,s050
0.7617108843495191,1,s050
0.4620938458494146,0,s050
0.46221123448137313,1,s050
0.46218387677284545,0,s050
0.7617337729808948,1,s050
0.761856870021848,1,s050
0.7620525749438996,1,s050
0.4626062610179804,1,s050
0.46245484225537115,1,s050
0.46269498241775175,1,s050
0.7620921377650769,1,s050
0.4625639003894648,1,s050
0.761572318011924,1,s050
0.4621839906245908,1,s050
0.4623486400360095,0,s050
0.4620273069192984,0,s050
0.4623421962877241,1,s050
0.4624565770401208,0,s050
0.4621962685070269,1,s050
0.4620120887722494,1,s050
0.46192490496497407,1,s050
0.46247791496587864,0,s050
0.462323907800541,0,s050
0.4622850510894094,1,s050
0.4621478319963941,1,s050
0.46235664255877684,1,s050
0.4621116710481974,0,s050
0.4622891858088145,0,s050
0.00036298233743115027,1,s050
0.46238368453191914,1,s050
0.4623690173831443,1,s050
0.4627102928480662,1,s050
0.46211165196937176,0,s050
0.46218864700777784,1,s050
0.46214697910630065,0,s050
0.46207432948883165,1,s050
0.4619592684735603,0,s050
0.4621696493363656,0,s050
0.4621354142733882,1,s050
0.46240542930857087,1,s050
0.4616914979382536,0,s050
0.4626329054965408,1,s050
0.7615827645854001,0,s050
0.9052470008675626,0,s050
0.4619965578309,1,s050
0.4616933131886076,0,s050
0.4623030675180584,1,s050
0.462238881802592,0,s050
0.4623625638538369,0,s050
0.4621950129713466,0,s050
0.4620669057554525,0,s050
0.46210024995046917,1,s050
0.7620537335593631,0,s050
0.46227883468097697,1,s050
0.0005552924453691155,0,s050
0.46254143535635617,1,s050
0.46199610011990955,0,s050
0.4624205045167389,1,s050
0.462537400482085,1,s050
0.4620814183012252,1,s050
0.4625070423250528,0,s050
0.4622578093379994,1,s050
0.4621466917739774,1,s050
0.4621147478426668,1,s050
0.4621995078154906,1,s050
0.4622247074301644,0,s050
0.761752477937099,1,s050
0.4623084559716928,1,s050
5.802893378836771e-05,1,s050
0.46202660475115853,0,s050
0.46235030227719487,1,s050
0.4619576663599907,0,s050
0.46237909217920414,1,s050
0.46246047071393326,1,s050
0.46241536785438786,1,s050
0.0003520288687037798,1,s050
0.4623167330098825,0,s050
0.4619618229202429,1,s050
0.761733895162866,1,s050
5.532251338680183e-05,0,s050
0.46238828174815105,1,s050
0.4626208420894544,0,s050
0.4626239788705171,0,s050
0.4622557517740742,0,s050
0.7617960586735855,1,s050
0.46196076608759506,0,s050
0.7616145908490692,1,s050
0.4620546363772797,0,s050
0.4625391338737084,1,s050
0.7618393567596655,0,s050
0.7616875978850728,0,s050
0.46248345994592355,1,s050
0.46194829103875046,0,s050
0.7617512970767442,1,s050
0.4622817635319756,1,s050
0.4621843017545304,1,s050
0.46215447933978493,1,s050
0.46320933121264596,0,s050
0.46211858768916225,1,s050
0.46237237470524883,1,s050
0.0007622546270638075,0,s050
0.7616966397508984,1,s050
0.4621064164321118,0,s050
0.4621351923126569,0,s050
0.46209415945186083,1,s050
0.4623069751481852,1,s050
0.4627792157569188,1,s050
0.7617403539925549,1,s050
0.4619376484987274,1,s050
0.7614708287338372,1,s050
0.4625846915318179,1,s050
0.4626221133995605,1,s050
0.46215410482610175,1,s050
0.4619982364638733,0,s050
0.4622501502078955,0,s050
0.462169406201443,1,s050
0.4620320384252383,0,s050
0.4621542887370529,0,s050
0.4623236589803883,1,s050
0.46185355269517037,0,s050
0.4621614326332675,0,s050
0.4619199029319596,0,s050
0.4613817233039186,1,s050
0.46210027954846433,0,s050
0.4624637422174709,0,s050
0.46218881329164696,0,s050
0.46219395129990226,0,s050
0.7615519699681477,0,s050
0.46235932633669474,0,s050
0.7617787083004466,0,s050
0.46241176646509174,0,s050
0.7617066966894119,1,s050
5.490164102717188e-05,0,s050
0.4620197992087931,0,s050
0.4624304774657848,1,s050
0.46246317166022677,1,s050
0.00014773855212424358,0,s050
0.46297333184866973,1,s050
0.46236180715740516,1,s050
0.46216464010987623,1,s050
0.46210663679868635,1,s050
0.46237837069023735,0,s050
0.7618630521809444,0,s050
0.4621051350958676,0,s050
0.4620426365839396,0,s050
0.4621823327044041,0,s050
0.7616403737894506,0,s050
0.46240345100669367,1,s050
0.7616370883507999,1,s050
0.4621783314936443,1,s050
0.46236716284066226,1,s050
0.46227743456410253,1,s050
0.7616298553945613,0,s050
0.4621252422714357,1,s050
0.4623149420620083,0,s050
0.46226365080645926,0,s050
0.462256019605392,1,s050
0.4617233014208688,0,s050
0.461974193378784,0,s050
0.7617126570006278,0,s050
0.7617435851209415,1,s050
0.4624093824723079,0,s050
9.487999061219554e-05,0,s050
0.46223410730293657,0,s050
0.7615914381727797,1,s050
0.46214571183186637,0,s050
0.46265231941713747,1,s050
0.46223357676396204,0,s050
0.46177377248827667,0,s050
0.46215861802266733,0,s050
0.7616122746086105,0,s050
0.46229866299521993,1,s050
0.46226116998959665,0,s050
0.46224801363757506,0,s050
0.7616066241704396,0,s050
0.4618216705669562,0,s050
0.46194584690790697,0,s050
0.46214202333465537,1,s050
0.46238015931331633,0,s050
0.4616061635192634,0,s050
0.4624231286578737,0,s050
0.4622500815580517,0,s050
0.4624970880528314,0,s050
0.7617466136555684,0,s050
0.46250051702271766,1,s050
0.7616537151613316,1,s050
0.46240445791520246,1,s050
0.46271551794020405,1,s050
0.0007925204707619482,0,s050
0.46223819388457743,0,s050
0.9052592256156529,1,s050
0.7617402644924494,1,s050
0.4620538920850019,0,s050
0.4619004054271574,0,s050
0.4621415041426731,1,s050
0.46237635223335727,1,s050
0.46232919587410226,0,s050
0.4626736917031431,1,s050
0.46200886426915755,1,s050
0.4627134559520225,1,s050
0.4622043545650478,1,s050
0.4621312015423973,0,s050
0.4625347185165931,0,s050
0.4617586529615343,0,s050
0.46216274002677116,1,s050
0.4619742491473886,0,s050
0.4621184128057412,0,s050
5.807714284378207e-06,1,s050
0.46197403816414595,0,s050
0.4623253390967428,1,s050
0.4620295452943157,0,s050
0.46251457181992706,1,s050
0.4626298457554032,0,s051
0.7617874554360595,0,s051
0.4614482854401536,1,s051
0.4622945794965392,0,s051
0.46191180717263536,0,s051
0.46236457318915836,0,s051
0.46284814397027163,0,s051
0.46211368529726604,0,s051
0.4621242307770792,1,s051
0.46215443016442026,0,s051
0.46185423771667367,0,s051
0.4622019490958711,0,s051
0.7616558626273613,0,s051
0.4617966241813505,0,s051
0.4620638669634973,0,s051
0.462342740715439,0,s051
0.4621874433962243,0,s051
0.46212577625316276,0,s051
0.00032266216882059773,0,s051
0.4620151057461659,0,s051
0.4623546546737429,0,s051
0.46222094332974506,0,s051
0.4624363538688978,1,s051
0.4626651861251274,0,s051
0.4620472856858724,1,s051
0.4620958156644257,0,s051
0.4622173407535921,1,s051
0.4625095837772015,1,s051
0.46233630243793367,1,s051
0.46221186639315803,0,s051
3.1481182173331845e-05,1,s051
0.4627939070525213,0,s051
0.00017629334761415372,1,s051
0.462518825186387,1,s051
0.4622455582283638,0,s051
0.46236516083234735,0,s051
0.46223715204000326,0,s051
0.46209544683896,0,s051
0.4622100525445758,0,s051
0.4629549252458831,1,s051
0.4624261383999271,1,s051
0.4623853869222674,0,s051
0.4621537286222215,0,s051
0.7616134323936097,0,s051
0.4622592902972964,0,s051
0.4612904231434065,0,s051
0.4622764686320162,0,s051
0.4621600594304951,0,s051
0.00010789964654778217,0,s051
0.46247182926133656,0,s051
0.46174361945262854,0,s051
0.46280463845881825,0,s051
0.4619688964138291,0,s051
0.46208035102751377,0,s051
0.46241823356868417,0,s051
0.4626055886266549,0,s051
0.4620517359070617,0,s051
0.4622278523789711,0,s051
0.4623047174006405,1,s051
0.46207169632657474,0,s051
0.46229325638521157,0,s051
0.761557961266875,0,s051
0.7619181657732852,1,s051
0.4620699273693163,0,s051
0.4620774273108226,0,s051
0.46225726748250917,0,s051
0.00021786685114033588,1,s051
0.4621976180871734,0,s051
0.4622713645123182,1,s051
0.4627004236340433,0,s051
0.7617211638827432,0,s051
0.46220623770872926,0,s051
0.9640421783076483,0,s051
0.4620278428910629,0,s051
0.7616710672640274,0,s051
0.4621304527940726,0,s051
0.46212514330926635,0,s051
0.46241750830508743,1,s051
0.905141057742378,1,s051
0.7615007984825755,0,s051
0.761623172247881,0,s051
0.4620794861151811,1,s051
0.46233890010100587,0,s051
0.4622363287714335,0,s051
0.4621824377633754,0,s051
0.9051592230743146,1,s051
0.4623833370719137,0,s051
0.00018074661609546183,0,s051
0.46225574050472673,0,s051
0.4626315386580664,1,s051
0.7618182278263694,0,s051
0.4620758267692351,1,s051
0.46229347877778637,1,s051
0.46206245579505056,0,s051
0.46206989099195317,0,s051
0.761503771135478,0,s051
0.46222428736252463,0,s051
0.46217353787141113,0,s051
0.46225695898008534,1,s051
0.46204393458587,0,s051
0.46271804939506134,1,s051
0.46192265121297127,0,s051
0.4631697363651157,0,s051
0.46197570410542554,0,s051
0.46227266071710305,1,s051
0.4620737903393477,0,s051
0.46246042191876136,0,s051
0.46292346730144196,1,s051
0.4622781456705598,0,s051
0.4621365204614616,0,s051
0.4622979103396476,1,s051
0.4619844001935107,0,s051
0.4623174745549883,1,s051
0.46240464153137406,1,s051
0.7615685823892571,0,s051
0.7616732823531578,0,s051
0.4619786844541425,0,s051
0.4621724644032439,0,s051
0.46198808966978255,0,s051
0.7616010312428989,0,s051
0.4623266097640899,1,s051
0.46153239818504677,0,s051
0.4622417334997897,1,s051
0.7613183003371049,1,s051
0.46217717025417104,1,s051
0.7614799541986415,0,s051
7.795909894703357e-05,0,s051
0.4620566308827079,0,s051
0.7616499496797795,0,s051
0.4621749004690896,1,s051
0.4619773511497638,0,s051
0.46205577582134794,0,s051
0.4623310917230625,0,s051
0.46240966031497743,0,s051
0.46210249640698997,0,s051
0.46216301141977567,1,s051
0.46225679372220196,0,s051
0.4620743175321107,0,s051
0.462150798281175,0,s051
0.46224009444102054,0,s051
0.46225044106526014,0,s051
0.46205166253147256,0,s051
0.4620806165704645,0,s051
0.4622481245848138,1,s051
0.4626004107870103,1,s051
0.46243464166269677,1,s051
0.4621588495119455,0,s051
0.4622373408572249,1,s051
0.46259431400566964,1,s051
0.4621926247171402,1,s051
0.46201603873273656,0,s051
0.4623256065136063,1,s051
0.4620662606404211,0,s051
0.46215472893779186,1,s051
0.4623859054674948,1,s051
0.4622292267437731,1,s051
0.46231653405563367,1,s051
0.4620839915228492,1,s051
0.46213071952101226,0,s051
0.4624125592004471,0,s051
0.46242154584716366,1,s051
0.46232244606406536,1,s051
0.46191098760411053,0,s051
0.46203125697957703,0,s051
0.4621320494776937,0,s051
0.46224514215358736,0,s051
0.46201097825599846,0,s051
0.0008691716923587833,0,s051
0.4622031657847032,0,s051
0.7616796113536008,0,s051
0.4621076043326269,0,s051
0.4622400452521669,0,s051
0.46227261818545684,1,s051
4.4260483853530985e-05,0,s051
0.46234356384419195,0,s051
0.46190150159754695,0,s051
0.4623671785153909,1,s051
0.4621068170892404,0,s051
0.46252588316708665,1,s051
0.46291733188847317,0,s051
0.46211471399236226,0,s051
0.46189282629349315,0,s051
0.0006729587935274672,0,s051
0.4621359806121277,1,s051
0.4624795995359212,0,s051
0.46225783265612974,1,s051
0.4623626971752173,1,s051
1.486751062773628e-05,0,s051
0.4626537764959935,0,s051
0.46235363857626255,0,s051
0.46227410866315877,0,s051
0.46187621693951453,0,s051
0.4620551779108584,0,s051
0.7616621029619424,0,s051
0.46225044625262224,0,s051
0.4620761636472861,0,s051
0.46229162826397907,0,s051
0.46210406283871075,0,s051
0.7615413994026128,0,s051
0.46211102646699964,0,s051
0.4621396151372439,0,s051
0.7616594257997158,0,s051
0.4622537421519577,1,s051
0.46223086949422876,1,s051
0.46228447623906566,1,s051
0.4623937260992863,1,s051
0.4622583776288558,1,s051
0.4623683984058371,1,s051
0.4617869913955055,0,s051
0.4623395978916809,1,s051
0.46276027140384146,0,s051
0.4623027348186355,0,s051
0.46212410953056016,0,s051
0.7616240821550921,0,s051
0.46201312134958283,0,s051
0.7617501903664332,0,s051
0.46236978915977467,0,s051
0.4622241288074287,0,s051
0.4620765546681824,0,s051
0.46218202636142824,1,s051
0.46200129909958054,0,s051
8.8034336257925e-05,1,s051
0.46199865979987487,0,s051
0.7615298666187047,0,s051
0.7615995700430878,0,s051
0.46207991302951346,0,s051
0.4621896206063001,0,s051
0.4623806207629202,0,s051
0.462038396375515,1,s051
0.7615325337140326,1,s051
0.00028088000501069743,0,s051
0.4623729999531285,1,s051
0.46211152372638264,0,s051
0.4623457518221845,0,s051
1.7123056251344693e-05,1,s051
0.4622782910712844,1,s051
0.46220077356929234,0,s051
0.4622564939929621,0,s051
0.00026753495495190904,0,s051
0.4619931789715148,0,s051
0.4620026538064488,0,s051
0.7616865930109424,0,s051
0.7615781815321776,0,s051
0.46256263080608506,0,s051
0.00030920410676427146,0,s051
0.46231987511787986,0,s051
0.4625574009439828,0,s051
0.46202032649667424,0,s051
0.4620293223543144,0,s051
0.46241604449939655,1,s051
0.4621350314425168,0,s051
0.4620083232464165,0,s051
0.4624125859403183,1,s051
0.46197911793167923,0,s051
0.4622096467759169,0,s051
0.46227999274873377,1,s051
0.46200584443451453,0,s051
0.4624746199214227,1,s051
0.46210654831166686,0,s051
0.4622097079263894,0,s051
0.7617589282751112,0,s051
0.46228439687520795,1,s051
0.4627387483037315,1,s051
0.4623677512339015,1,s051
0.46228321458161403,1,s051
0.4627845085622171,1,s051
0.462221127856572,1,s051
0.46231179591707194,1,s051
0.4620078469456985,0,s051
0.46203664483037166,0,s051
0.4623903986593896,1,s051
0.4621050787140446,0,s051
0.46214436739152576,0,s051
4.091203977396596e-05,1,s051
0.46242885439485626,1,s051
0.46151853889611627,0,s051
0.46221815571468694,1,s051
0.4625312341831753,1,s051
0.46234016548678714,1,s051
0.4621136350707298,0,s051
0.4621018296229402,0,s051
0.4623285938556181,1,s051
0.4620777891117349,0,s051
0.46244866889715297,1,s051
0.4622980250031532,1,s051
0.00010280334337431363,1,s051
7.673013600695278e-05,1,s051
0.7615325414472385,0,s051
0.7616288332003693,0,s051
0.7616963674865069,0,s051
0.46204107317206233,0,s051
0.4623366416027641,1,s051
0.4621553249780552,1,s051
0.7615989811858854,0,s051
0.4621125884749222,0,s051
0.46206055575673144,0,s051
0.46230337300363233,1,s051
0.4624329069294406,1,s051
0.46210928402496076,0,s051
0.4619704836727194,0,s051
0.4622095124501575,1,s051
0.4623317333587338,1,s051
0.46248258936944375,1,s051
0.46195710963825687,0,s051
0.46246172788654594,1,s051
0.7618055565598885,0,s051
0.4622872828795732,1,s051
0.7615987172633834,0,s051
0.462390069419103,0,s051
0.4621507414051702,0,s051
0.4623647916560365,0,s051
0.46226826737389026,1,s051
0.46245722007107704,1,s051
0.4621218820460655,0,s051
0.4625440887872414,1,s051
0.00034525334687418585,1,s051
0.7617083546954395,1,s051
0.4625329126989628,1,s051
0.46184941231028165,0,s051
0.46212412138084225,1,s051
0.4622981826717365,1,s051
0.4622718939626529,1,s051
0.4621904107995298,1,s051
0.46211964986417153,0,s051
0.0001762865623611276,0,s051
0.761624017220204,0,s051
0.4621232025002784,1,s051
0.46194061521125707,0,s051
0.4621830553013173,0,s051
0.46201048647507736,0,s051
0.7616700424166143,0,s051
0.4622212789819924,0,s051
0.4618681736464838,0,s051
0.7617484065804114,1,s051
0.00012264977542697508,0,s051
0.761626907160277,0,s051
0.4621847541443569,0,s051
0.4620672116915583,0,s051
0.00017690709953144257,0,s051
0.46199061086839865,0,s051
0.4624668056094916,0,s051
0.4620447855887091,0,s051
0.46175650818050706,0,s051
0.4622572060043457,0,s051
0.00010605424327225776,0,s051
0.4623050831265956,0,s051
0.00017110927428354294,0,s051
0.46224662295426455,1,s051
0.4622260260127309,0,s051
0.46225844484124967,1,s051
0.462335357779323,1,s051
0.46219563740220937,0,s051
0.4621590304639085,1,s051
0.4619141897689849,0,s051
0.4621511020640243,1,s051
0.46196765798799455,0,s051
0.4621674186246154,0,s051
0.46236997154983706,1,s051
0.4622695909056682,1,s051
0.7616374350869177,1,s051
0.00010655311363017006,1,s051
0.46236281047247485,0,s051
0.4626886531685548,1,s051
0.46240243734178343,1,s051
0.46225330791483366,1,s051
0.46220698247254655,0,s051
0.46218852943194233,0,s051
0.4620955578376029,0,s051
0.46227760377510574,1,s051
0.4624831391490425,1,s051
0.46218345383072834,1,s051
0.46237027573338096,1,s051
0.4622152956939807,1,s051
0.4622611345535146,1,s051
0.7616975219321189,0,s051
0.4621009509746543,1,s051
0.7617251757509425,1,s051
6.0220415280198836e-05,1,s051
0.46221443476702806,1,s051
0.462397511864878,1,s051
0.46223593514919337,0,s051
0.4621935105829804,0,s051
0.4624160210667214,1,s051
0.46206344480552275,0,s051
0.462311810348472,1,s051
0.4622912197737601,1,s051
0.46209669025955225,1,s051
0.4623492783720857,1,s051
0.46213458828202425,1,s051
0.4622621187989764,1,s051
0.4621232088136846,1,s051
0.46226416522698255,0,s051
0.4622504167423005,1,s051
0.4621448251003981,1,s051
0.4622603147664206,0,s051
0.46208259232157056,0,s051
0.4621816455206871,1,s051
0.4620460026619071,0,s051
0.4623777481461746,1,s051
0.46207399112302183,0,s051
0.4612664417805936,1,s052
0.4631796000662498,0,s052
0.4615058715269158,1,s052
0.46168530732161384,1,s052
0.905439985785867,1,s052
0.9054390687589824,1,s052
0.761770725340817,1,s052
0.9052131662625225,1,s052
0.7622459365204952,1,s052
0.46149139112850457,1,s052
0.9051374403636334,1,s052
0.4629175657006077,1,s052
0.4622865241768128,1,s052
0.9640284136564274,1,s052
0.46229011289760624,1,s052
0.9640456832753697,1,s052
0.7615522426852204,1,s052
0.4618633350855723,1,s052
0.4619200579042284,1,s052
0.7615008401961798,1,s052
0.9051213544502887,1,s052
0.905139747856746,1,s052
0.4619508867051938,1,s052
0.7619526139265407,1,s052
0.7620423310677633,1,s052
0.4626884333282577,1,s052
0.46247191817012245,1,s052
0.905014847418093,1,s052
0.7614997292530477,1,s052
0.4625396878980774,1,s052
0.7620329900824814,1,s052
0.7620448453045419,1,s052
0.4631628624202515,0,s052
0.76207677263439,1,s052
0.905266778752875,1,s052
0.46200720389237704,1,s052
0.46225175217040837,1,s052
0.9051351932807388,1,s052
0.7613487065342361,1,s052
0.7616402520342476,1,s052
0.4614639414397106,1,s052
0.4623122087288629,1,s052
0.46152116721298975,1,s052
0.7613509723078975,1,s052
0.46109844612903816,1,s052
0.46177528132676193,1,s052
0.761438372961456,1,s052
0.7614620548426947,1,s052
0.46220307306717534,1,s052
0.7615484460538289,1,s052
0.761398822548877,1,s052
0.9053071729195674,1,s052
0.905076166770838,1,s052
0.4624717469965016,0,s052
0.462675792757943,1,s052
0.7620192184692998,1,s052
0.7617906834580073,1,s052
0.46192103223277736,1,s052
0.7617612270185645,1,s052
0.46192207222501547,1,s052
0.7615520276636436,1,s052
0.4614026148028201,1,s052
0.46168095970476686,1,s052
0.7615531846663404,1,s052
0.9051631359847816,1,s052
0.46239178257571023,1,s052
0.7623277259251182,1,s052
0.9642078512179126,1,s052
0.46169949141382016,1,s052
0.7611413614325482,1,s052
0.7617279318281045,1,s052
0.4621475605972989,1,s052
0.905230730802147,1,s052
0.7614648520488563,1,s052
0.7617978392167755,1,s052
0.4617253594220758,1,s052
0.4620201615873798,1,s052
0.4624757519808138,1,s052
0.761712560056109,1,s052
0.461727194177018,1,s052
0.46201986564289355,1,s052
0.4622984113327331,1,s052
0.7615625379569089,1,s052
0.46202101113055694,1,s052
0.46240019476231486,1,s052
0.4631493576613699,1,s052
0.9051303435566735,1,s052
0.7620522752371042,1,s052
0.7612767181469307,1,s052
0.7616717390517327,1,s052
0.9054049853212618,1,s052
0.761761788937598,1,s052
0.46215399089380127,1,s052
0.761793356830716,1,s052
0.7617784259680473,1,s052
0.7616578763705104,1,s052
0.7617228118052222,1,s052
0.9052478200991274,1,s052
0.4624807220880047,1,s052
0.9051778962984911,1,s052
0.4622143752889163,1,s052
0.4621978886440574,0,s052
0.46238998212400695,0,s052
0.4620812559539804,1,s052
0.46210472255662416,1,s052
0.46188779125667856,1,s052
0.7614358868802833,1,s052
0.7615089070275638,1,s052
0.46195747340447824,1,s052
0.7614539396110163,1,s052
0.4619190155748927,1,s052
0.4615653317297994,1,s052
0.9051137033618708,1,s052
0.46220822449032295,1,s052
0.7614579172606526,1,s052
0.7619378493288467,1,s052
0.4626403732151392,1,s052
0.7615792576270237,1,s052
0.964046916877662,1,s052
0.46221703721755514,1,s052
0.7616941420151311,1,s052
0.4619554005632551,1,s052
0.7619403547363277,1,s052
0.461724416976961,1,s052
0.4630657057409362,0,s052
0.7616335588338894,1,s052
0.461841153366249,1,s052
0.7611525910733683,1,s052
0.4617278595077474,1,s052
0.7616973851458366,1,s052
0.4619990282396449,1,s052
0.7617010324560014,1,s052
0.7616225878555403,1,s052
0.7613989054076591,1,s052
0.4617395664984021,1,s052
0.9051964210179797,1,s052
0.7616088654314093,1,s052
0.7617158138385061,1,s052
0.4615275250278361,1,s052
0.0014653781848668057,0,s052
0.7616757020402654,1,s052
0.7615118181682969,1,s052
0.7620327217108596,1,s052
0.4624496227257078,1,s052
0.4621498402157749,1,s052
0.46170068528940256,1,s052
0.9050821349040021,1,s052
0.4618839985785359,1,s052
0.4618488511976506,1,s052
0.46164678993189634,1,s052
0.7613921339462775,1,s052
0.46101724099028885,1,s052
0.7618188471810077,1,s052
0.9052097304326561,1,s052
0.7615801781326004,1,s052
0.761526365864649,1,s052
0.4618620878836801,1,s052
0.4621756554229377,1,s052
0.4624895545403451,1,s052
0.46182375871242964,1,s052
0.4622197583752181,1,s052
0.7615042101386416,1,s052
0.461944717769019,1,s052
0.4620554927038194,1,s052
0.7617158132481765,1,s052
0.9640767660290166,1,s052
0.7616410188582323,1,s052
0.9051784166032131,1,s052
0.7617514574517781,1,s052
0.4623933496406756,1,s052
0.46226574414284527,1,s052
0.4622976322935284,1,s052
0.7616250210232842,1,s052
0.7622050144513393,1,s052
0.4620375585468519,1,s052
0.46222784291227126,1,s052
0.4622097325542043,1,s052
0.7615797260732049,1,s052
0.46205248302308477,1,s052
0.4621250416543141,1,s052
0.46218984466453095,1,s052
0.4617929347924028,1,s052
0.7614803028948431,1,s052
0.46207808771784387,1,s052
0.4620165808913712,1,s052
0.46206820209743826,1,s052
0.4621910028059566,1,s052
0.4620702891274613,1,s052
0.46235741144839415,1,s052
0.4622230376402656,1,s052
0.7615909357254356,1,s052
0.9051490246031804,1,s052
0.7616660146567282,1,s052
0.46204133318013163,1,s052
0.4622168691566573,1,s052
0.4624230906844329,1,s052
0.7616357901131172,1,s052
0.4622270490790783,1,s052
0.46210238036715356,1,s052
0.4621820133168415,1,s052
0.46177489021442786,1,s052
0.9051012964370582,1,s052
0.46135118710554557,1,s052
0.46163964410104463,1,s052
0.46178956352991607,1,s052
0.4626245800734188,1,s052
0.7615796533869883,1,s052
0.46166682615049814,1,s052
0.4617923277785352,1,s052
0.46195741285782166,1,s052
0.7616426816186803,1,s052
0.461750837575724,1,s052
0.46170201487984275,1,s052
0.4621015354351732,1,s052
0.4620290030532883,1,s052
0.7614720134822879,1,s052
0.7614906901964986,1,s052
0.46157364196589956,1,s052
0.7614857396667316,1,s052
0.7613163524567068,1,s052
0.46199683728739993,1,s052
0.7613940034514246,1,s052
0.46195085621466303,1,s052
0.46201252271679394,1,s052
0.461410426124651,1,s052
0.4620743759130057,1,s052
0.7614676670279394,1,s052
0.4617460819582442,1,s052
0.4622233842170471,1,s052
0.761576605459586,1,s052
0.461959273706642,1,s052
0.7616683999373022,1,s052
0.46207034634267785,1,s052
0.46165022526659083,1,s052
0.7612824047683588,1,s052
0.4612767379898379,1,s052
0.46214004922442764,1,s052
0.46198866128604865,1,s052
0.4619775564620252,1,s052
0.46178178333905495,1,s052
0.7614023849262916,1,s052
0.4621590249316061,1,s052
0.46179780416384664,1,s052
0.0007979288677146812,0,s052
0.4614125516646854,1,s052
0.46180288674954006,1,s052
0.7616378890068976,1,s052
0.46211137823919746,1,s052
0.7615466743350787,1,s052
0.4618516899765981,1,s052
0.7616786632943853,1,s052
0.4622516683485889,1,s052
0.7614889536038516,1,s052
0.4621829684233931,1,s052
0.9052486288101773,1,s052
0.7615752993714671,1,s052
0.4626195685951784,1,s052
0.46184608148550166,1,s052
0.4621434004559615,1,s052
0.462015491824447,1,s052
0.46178651669483295,1,s052
0.46177107883588153,1,s052
0.7616191069844787,1,s052
0.46168388804241234,1,s052
0.7612527528176418,1,s052
0.761584247880416,1,s052
0.46190774647071664,1,s052
0.46182349291058133,1,s052
0.7616559036406385,1,s052
0.9052738499394328,1,s052
0.46227393935125116,1,s052
0.46221303009470516,1,s052
0.46221459360599737,1,s052
0.761852506050892,1,s052
0.9051864507945193,1,s052
0.7615845755393615,1,s052
0.7616132491583123,1,s052
0.4626021216363043,1,s052
0.4615126954445059,1,s052
0.7617417505637292,1,s052
0.9054704203334232,1,s052
0.4622236897236278,1,s052
0.4618710592200541,1,s052
0.9052508205820897,1,s052
0.7617756675150467,1,s052
0.7616174872801234,1,s052
0.9052681737192296,1,s052
0.4623714453942984,1,s052
0.7613787328904751,1,s052
0.462052361076446,1,s052
0.7615550612226791,1,s052
0.4624759476685718,1,s052
0.4622821396799166,1,s052
0.4620253379390806,1,s052
0.4623418725330519,1,s052
0.46225935802200624,1,s052
0.7616549785459008,1,s052
0.7615989345695713,1,s052
0.4621543022216461,1,s052
0.7618457947195705,1,s052
0.4614581467646304,1,s052
0.9050523522316318,1,s052
0.46169436168057065,1,s052
0.46213743237156435,1,s052
0.46219225305620615,1,s052
0.46218694580773856,1,s052
0.7614847581944555,1,s052
0.7613647418141343,1,s052
0.4619271367407092,1,s052
0.9051146170330633,1,s052
0.4620555763910068,1,s052
0.7616685185608094,1,s052
0.4625478994527725,1,s052
0.9051948686535951,1,s052
0.46214180750945055,1,s052
0.46220184593201075,1,s052
0.4624238174992312,1,s052
0.9051950082378888,1,s052
0.761663967320829,1,s052
0.4615971404369712,1,s052
0.4626630922867485,1,s052
0.4613107498836233,1,s052
0.4617335736446333,1,s052
0.4626091542442945,1,s052
0.4623718163202635,1,s052
0.4622718171799385,1,s052
0.7615764770680922,1,s052
0.4622264124246991,1,s052
0.46209031621971364,1,s052
0.4614981471927808,1,s052
0.4620171220264053,1,s052
0.7615995685907713,1,s052
0.46218859528613687,1,s052
0.46230449448469035,1,s052
0.9052206585543539,1,s052
0.46182653845360533,1,s052
0.46194762218275653,1,s052
0.46286809669640094,1,s052
0.7617098367527275,1,s052
0.7617665314665323,1,s052
0.7617683840811553,1,s052
0.46187666929616866,1,s052
0.7616345924178813,1,s052
0.7614581811190893,1,s052
0.46232176575121864,1,s052
0.7614854065966947,1,s052
0.46143911270781035,1,s052
0.46225090170826877,1,s052
0.7616890136850565,1,s052
0.7615888256273236,1,s052
0.46173801474612164,1,s052
0.461416217789975,1,s052
0.4617765446650668,1,s052
0.46178319203926144,1,s052
0.4619581882269259,1,s052
0.4613462238642989,1,s052
0.9051893093346266,1,s052
0.46205240378343637,1,s052
0.761292626678383,1,s052
0.7614453518191973,1,s052
0.761522857277904,1,s052
0.4620553967537535,1,s052
0.4621965585636292,1,s052
0.46218238278998847,1,s052
0.4619515367987488,1,s052
0.4620871947372247,1,s052
0.46216946457291375,1,s052
0.7616576282968961,1,s052
0.7617508320379718,1,s052
0.46224923581951494,1,s052
0.7616422443021771,1,s052
0.46191561953245186,1,s052
0.4617595396549643,1,s052
0.4618478552359331,1,s052
0.761650130969256,1,s052
0.4621882829029229,1,s052
0.4617363688963747,1,s052
0.4621772528496091,1,s052
0.7615918796628323,1,s052
0.4622778151203544,1,s052
0.9050682894336077,1,s052
0.4620295523416078,1,s052
0.4620455037073712,1,s052
0.7616676233670259,1,s052
0.46220334652478634,1,s052
0.46240140032947696,1,s052
0.7615917422948528,1,s052
0.4618105498121159,1,s052
0.761647022657703,1,s052
0.7614337955696022,1,s052
0.7615007394693893,1,s052
0.46103819738603646,1,s052
0.7616629089993909,0,s052
0.462092909494896,0,s052
0.46322548351147375,0,s052
0.46109432617661583,1,s052
0.7619861334959821,0,s052
0.7616719096123057,1,s052
0.4619112869497424,1,s052
0.4620063889736641,1,s052
0.46315382685528816,0,s053
0.46241163827279363,1,s053
0.46210774566610335,1,s053
0.46200392121729106,1,s053
0.4616767881091164,1,s053
0.46209402424437873,1,s053
0.000262579402336538,0,s053
0.9050831067074536,1,s053
0.4618691309006242,1,s053
0.4619029514370412,1,s053
0.46233272096676203,1,s053
0.4621855598231144,1,s053
0.7610890409928954,1,s053
0.7615705459572453,1,s053
0.46217815277772445,1,s053
0.00014035144537993816,0,s053
0.46195469430414726,1,s053
0.4627637411815977,1,s053
0.7615901463369734,1,s053
0.4621072131265911,1,s053
0.00013278946945871617,0,s053
0.4626784630830698,0,s053
0.462149047283833,1,s053
0.4621936952366166,1,s053
0.46208111638826077,1,s053
0.461904927502071,1,s053
0.4622897183679102,1,s053
0.4623285851812302,1,s053
0.00037230192724013733,0,s053
0.46238503306739887,1,s053
0.4621451219701558,1,s053
0.4620801572080422,0,s053
0.46210077040674635,0,s053
0.4621508600963702,0,s053
0.7616494590567087,0,s053
0.46222941496454895,0,s053
0.46230154804737533,0,s053
0.46186920761956407,1,s053
0.46218529371662664,1,s053
0.46222976428524865,1,s053
0.46240758110025815,1,s053
0.7614643276874944,1,s053
0.4622153647379237,1,s053
0.46254858734654647,0,s053
0.46222978480323906,1,s053
0.4622975970544303,1,s053
0.46223018948908257,1,s053
0.4618622869173796,1,s053
0.761778962455296,0,s053
0.7618039979265097,1,s053
0.7614378085985869,1,s053
0.46154661709208544,1,s053
1.7361631618584283e-05,0,s053
0.46197303946035606,1,s053
0.46255738301037197,0,s053
0.4617657781826976,1,s053
0.4621843089798805,0,s053
0.46189690446358966,1,s053
0.46255194998404114,0,s053
0.4618849982901716,1,s053
0.4621163507243029,0,s053
0.4620432048965706,0,s053
0.7616424601857232,0,s053
0.4616504765388545,1,s053
0.4621196744372966,0,s053
0.46211987431082413,1,s053
0.46134052670291714,1,s053
0.4620332060057426,1,s053
0.4624503676553111,0,s053
0.46199750521011285,1,s053
0.46228933400719097,1,s053
0.4619852144022689,1,s053
0.4621260117211785,1,s053
0.46244026946621775,1,s053
0.7616555159548064,1,s053
0.46214833752590034,1,s053
0.46211064380705946,1,s053
0.46205411627103987,0,s053
0.761715384944641,1,s053
0.46232205090423983,1,s053
0.46209472061013757,1,s053
0.7616779183726841,0,s053
0.4620197876979961,1,s053
0.462357074066827,1,s053
0.4625137138075306,0,s053
0.4623499432066729,1,s053
0.46191476206931337,1,s053
0.7614847589014329,0,s053
0.4627820076156628,0,s053
0.46202389289545587,1,s053
4.4574563498711584e-05,0,s053
0.7616976828565067,1,s053
0.46163955226605724,1,s053
0.7616955275967427,0,s053
0.4617473364212006,1,s053
0.4625201969162731,1,s053
0.46253061708153,1,s053
0.4615346688072144,1,s053
0.46230769009869466,1,s053
0.4620859691797583,1,s053
0.4621106316804291,1,s053
0.4625532707497859,0,s053
0.46234440114535147,0,s053
0.46213290168159693,0,s053
0.46153883507942095,1,s053
0.46224543916581684,1,s053
0.4624095906494621,0,s053
0.7615216931798066,1,s053
0.4619335618108107,1,s053
0.761696858110664,1,s053
0.7616307163285227,1,s053
0.46229522503675247,1,s053
0.4622524107330679,1,s053
0.4623578689933212,1,s053
0.4621805325069275,1,s053
0.4622258561708865,1,s053
0.7617090087659055,1,s053
0.46240073625460565,1,s053
0.46194601759219145,1,s053
0.7616700239509986,1,s053
0.9052585803987876,1,s053
0.7614394289014683,1,s053
0.4623014810881618,1,s053
0.4622804767083033,1,s053
0.7617963494262263,1,s053
0.7619184277097639,1,s053
0.7615729482884455,1,s053
0.46234005057873273,1,s053
0.4620349537742827,0,s053
0.7616313238730419,1,s053
0.4623573763676916,1,s053
0.7616567602370059,1,s053
0.4620559659614105,1,s053
0.9052509791550671,1,s053
0.4622449525651686,1,s053
0.46201267473077823,1,s053
0.46249706582808203,1,s053
0.4624826203469079,1,s053
0.4619939862430338,1,s053
0.4621205832801547,1,s053
0.46209100988850316,1,s053
0.9051275830028975,1,s053
0.7617663283808693,1,s053
0.4619569036042013,1,s053
0.46220277245130226,1,s053
0.7616481220212781,1,s053
0.46199701362834866,1,s053
0.4621178954900329,1,s053
0.761867104441579,1,s053
0.761826875111465,1,s053
0.7617140035992322,1,s053
0.4620905900257726,1,s053
0.4619314135752628,1,s053
0.46210321523099207,1,s053
0.761639617290014,1,s053
0.46227241868356894,1,s053
0.4622483736193337,1,s053
0.7615816894657106,1,s053
0.7618126908916019,1,s053
0.4622319407958926,1,s053
0.4622435845649071,1,s053
0.7618083575904724,1,s053
0.4621194634546051,1,s053
0.7617013111567441,1,s053
0.46208572221334987,1,s053
0.7618277646534695,1,s053
0.7618316662868128,1,s053
0.7620998457260861,1,s053
0.46233197695859474,0,s053
0.46226839868025094,1,s053
0.46231704255910056,1,s053
0.46193828768071343,1,s053
0.4618849081732008,1,s053
0.4624891172883874,1,s053
0.4622178775043564,1,s053
0.4616744858166544,1,s053
0.4625913246155995,1,s053
0.4625058757579068,1,s053
0.46218439409952783,1,s053
0.46190529477594255,1,s053
0.46238294364292964,1,s053
0.4621937245341461,1,s053
0.4620894669071931,1,s053
0.761626927182977,1,s053
0.46236116897783464,1,s053
0.4622157220380796,1,s053
0.7614849948900317,1,s053
0.4623495805261013,1,s053
0.4618475888963265,1,s053
0.4624360371662213,0,s053
0.4620215569044037,1,s053
0.7617968818446734,1,s053
0.7616264397089207,1,s053
0.7614812603316892,1,s053
0.761132436479008,1,s053
0.46233577286965843,1,s053
0.46186156124689615,1,s053
0.4611691786674643,1,s053
0.761566243459411,1,s053
0.46167055523581935,1,s053
0.46173323639790165,1,s053
0.4621451330976567,0,s053
0.4622258016441574,0,s053
0.7616959015154783,1,s053
0.4621175239754831,1,s053
0.4620808442040094,1,s053
0.00011953646273621388,0,s053
0.7616772519684945,1,s053
0.4622515916550298,1,s053
0.46341117940590104,1,s053
0.461973201270397,1,s053
0.761689817804176,1,s053
0.4620122694582287,1,s053
0.46250150089815745,1,s053
0.46209817872908165,1,s053
0.4622347616960516,0,s053
0.46221353409152743,1,s053
0.46206960244441553,1,s053
0.4622209158152657,1,s053
0.4621933953450399,1,s053
0.46220712531266184,1,s053
0.7614454189132411,1,s053
0.7613750798073475,1,s053
0.4618518279296491,1,s053
0.7616573807677374,1,s053
0.46216869265870364,1,s053
0.4621368751066923,1,s053
0.4622974833464579,1,s053
0.4621200603884499,1,s053
0.7614385574865612,1,s053
0.4619955149745998,1,s053
0.7618264672488932,1,s053
0.7616070686370373,1,s053
0.9051965661915726,1,s053
0.7614703937262706,1,s053
0.7616290889024944,1,s053
0.46167243323485696,1,s053
0.4620773957115687,1,s053
0.46198843334628026,1,s053
0.7617014544754106,1,s053
0.7617123663641419,1,s053
0.462012904493172,1,s053
0.46215829046253476,1,s053
0.7614916563358285,0,s053
0.4622226337076787,1,s053
0.4622694518005108,1,s053
0.7615548253453746,1,s053
0.462103625868709,1,s053
0.46169647486526033,1,s053
0.7614768316417535,1,s053
0.4616035719788578,1,s053
0.7615472702029162,1,s053
0.7614870773485187,1,s053
0.46197772390847547,1,s053
0.46200085710808847,1,s053
0.00010780133533372371,0,s053
0.4615497390174008,1,s053
0.0010289964604845991,0,s053
0.7622078530724523,1,s053
0.4614196457909385,1,s053
0.46177335782460704,1,s053
0.4620573071013281,1,s053
0.76155256614223,1,s053
0.46267028021410694,0,s053
0.7616855357428609,1,s053
0.4620660984564162,1,s053
0.7616264813616722,1,s053
0.46154770714155013,1,s053
0.4621992816169953,1,s053
0.00015918245455837088,0,s053
0.46248113841980265,0,s053
0.46150554479088224,1,s053
0.7615733725504439,1,s053
0.46196466786155765,1,s053
0.4615879616120895,1,s053
0.46179994330805507,1,s053
0.46245208375405666,1,s053
0.7616397828085713,1,s053
0.46235208488471,1,s053
0.7617641305301919,1,s053
0.4631344137805018,1,s053
0.46220075517272297,1,s053
0.46216209568398314,1,s053
0.46185054892036015,1,s053
0.7618792232336489,1,s053
0.7612873298255605,1,s053
0.46237320425321293,1,s053
0.46231963951652433,1,s053
0.46292147570806774,1,s053
0.4622846569799983,1,s053
0.461978009241498,1,s053
0.46204542703215234,1,s053
0.461938270828687,1,s053
0.4623780771096009,0,s053
0.46214210708248626,1,s053
0.46155285764259046,1,s053
0.46180245118164875,1,s053
0.46201538277918597,1,s053
0.4622334775500816,1,s053
0.7613039825184278,1,s053
0.4621804879695286,1,s053
0.46210646178345827,1,s053
0.4617916905713675,1,s053
0.761640136646996,0,s053
0.46174344764397546,1,s053
0.462315197621032,1,s053
0.46226195453265695,1,s053
0.46192769410072043,1,s053
0.4625236366370813,0,s053
0.46217862018433586,1,s053
0.4622980516316686,1,s053
0.9051670895246415,1,s053
0.4622492715048032,1,s053
0.7617658455571563,0,s053
0.7617244754605268,1,s053
0.46221476495833813,1,s053
0.46230557938605066,1,s053
0.7619105007622939,1,s053
0.4623580972622596,1,s053
0.46211962898206016,1,s053
0.76177378533377,1,s053
0.7616547213372817,1,s053
0.7619197811976719,1,s053
0.4621629279520767,1,s053
0.9052058930704072,1,s053
0.7618065706960531,1,s053
0.7617624860684473,1,s053
0.4621424036734212,1,s053
0.4619964819566602,1,s053
0.46224559307834334,1,s053
0.46163906748075156,1,s053
0.4619015995841418,1,s053
0.46234623337558656,1,s053
0.7618976013566345,1,s053
0.4620309763143662,1,s053
0.4621301234050812,1,s053
0.7616793097368464,1,s053
0.7617577783146265,1,s053
0.46185450076176426,1,s053
0.46330324418677193,1,s053
0.7617332119495588,1,s053
0.9052022395366996,1,s053
0.7619063851183026,1,s053
0.9640518567314247,1,s053
0.90534198571329,1,s053
0.7614343860718265,1,s053
0.4618661856196178,1,s053
0.4619866145218623,1,s053
0.46207868788491324,1,s053
0.4618485155539762,1,s053
0.761772879078797,1,s053
0.46238051280917536,1,s053
0.46238650569480044,1,s053
0.46237325550726105,1,s053
0.4624009701027396,1,s053
0.46199325685172066,0,s053
0.46239441454534647,1,s053
0.4624724815636807,1,s053
0.7620380162025022,1,s053
0.9051920618634031,1,s053
0.46214596856919643,1,s053
0.4619160816199557,1,s053
0.46216759360646065,1,s053
0.4621730878367083,1,s053
0.4626870070260607,1,s053
0.46248737258813466,1,s053
0.4623992064101694,1,s053
0.7616399642251317,1,s053
0.4621512757535515,1,s053
0.46208112008217817,1,s053
0.46190324659959425,1,s053
0.7615241743569028,1,s053
0.46157715855487247,1,s053
0.46104093375842736,1,s053
0.46245089255806526,1,s053
0.7615521138271877,1,s053
0.9051433953004002,1,s053
0.7616352445872407,1,s053
0.4622021489357955,1,s053
0.4622159497215439,1,s053
0.46177158044113664,1,s053
0.4619781270115848,1,s053
0.4624528740584082,1,s053
0.46234999276589983,1,s053
0.46193706537442103,1,s053
0.46219396062412565,1,s053
0.7615981537696737,1,s053
0.7617693166489086,1,s053
0.4619940064809296,1,s053
0.7618502768623938,1,s053
0.7617403671625238,1,s053
0.46254249374466694,1,s053
0.7616981664207114,1,s053
0.46187427381587254,1,s053
0.46230565680023594,1,s053
0.7617960501505363,1,s053
0.46231581520032083,1,s053
0.46239187107025304,0,s053
0.46237808576895945,1,s053
0.4619638164751476,0,s053
0.7613490260228544,1,s054
0.7617113761128211,0,s054
0.46254398992939705,0,s054
0.46183501716506736,0,s054
0.4617080769792783,1,s054
0.7620380922682548,0,s054
0.46255164427860507,0,s054
0.4624828542551187,0,s054
0.7618710348084365,0,s054
0.4622383030639359,0,s054
0.46218575006146634,0,s054
0.7618361668386096,1,s054
0.4625731384112348,0,s054
0.46215416595814585,1,s054
0.462292590365333,0,s054
0.46213021236933893,0,s054
0.4622181431518564,0,s054
0.9052109954630239,0,s054
0.00040237965492684324,0,s054
0.4621727885411582,0,s054
0.4622846792881803,0,s054
0.46215302488666143,0,s054
0.9051700202823059,0,s054
0.7617619421522235,0,s054
0.4620895789705781,1,s054
0.4621642730395261,0,s054
0.7615968816807765,1,s054
0.46227457386557047,1,s054
0.46176967228130916,0,s054
0.7618066161518366,1,s054
0.0001896422128775388,0,s054
0.0002488979700219218,0,s054
0.4620455213822654,1,s054
0.4621141092252474,1,s054
0.462045069249994,1,s054
0.46221422499371245,0,s054
0.4622132473854357,1,s054
0.00011493074726787178,0,s054
0.00011297146537980751,0,s054
0.46202076145824167,1,s054
0.4621578857457249,1,s054
0.46231394415141724,0,s054
0.46198340156621365,0,s054
0.4621074710477191,1,s054
0.46211669910987485,1,s054
0.46209827769839107,1,s054
0.46216586728500575,1,s054
0.4622780421561914,1,s054
0.46213365660546213,1,s054
0.46225638789432866,1,s054
0.0006408544279341566,0,s054
0.4618124383933466,1,s054
0.4620496968391361,1,s054
0.46235381366371864,0,s054
0.46218893694536534,0,s054
0.4621650347473214,0,s054
0.4622590433718765,0,s054
0.46208716952571627,0,s054
0.761709878262377,0,s054
0.4621383187320087,1,s054
0.46205368543082215,1,s054
0.46228795258125244,0,s054
0.4620998830438321,0,s054
0.46216146365833755,1,s054
0.00011801323972737698,0,s054
5.700812305997616e-05,1,s054
0.46155952732222016,0,s054
0.46236636823704536,1,s054
0.46213047976140187,0,s054
0.4623674213188751,1,s054
0.4622576320168694,1,s054
0.46217061376936996,1,s054
0.4621230939777452,0,s054
0.00028852238852472567,0,s054
0.46238768719138434,1,s054
0.4620733843471756,1,s054
0.46215249399173475,1,s054
0.4622932759659304,0,s054
0.4622698722317986,1,s054
0.46226339103162317,1,s054
0.46229781223240307,1,s054
0.46226085282527585,1,s054
0.4621728702567971,1,s054
0.7618228812539378,0,s054
0.46213241569965047,0,s054
0.7618048302020244,1,s054
0.4620553354751009,1,s054
0.46225469456317403,0,s054
0.4622091592307245,0,s054
0.46218495277289406,0,s054
0.4623789198186379,0,s054
0.4623778744200573,0,s054
0.7615800827150443,1,s054
0.46194951860231614,1,s054
5.245479139226461e-05,0,s054
0.7617823804825716,1,s054
0.4620968818097204,0,s054
0.46233558584096945,1,s054
0.46215088890459866,1,s054
0.46225728220889906,1,s054
0.4616702485708679,1,s054
0.4619972020583074,0,s054
0.46256124987845926,0,s054
0.00016925375580378876,0,s054
0.46203717241179065,1,s054
0.0004168917679758799,0,s054
0.4622100529875144,1,s054
0.4619402006644835,0,s054
0.46217072213216404,0,s054
0.46207789510847364,1,s054
0.7617088118224022,0,s054
0.4621276062391051,0,s054
9.74718031092614e-05,0,s054
0.46215858718350233,0,s054
0.00031010808460130157,0,s054
0.46236328304551977,0,s054
0.4621135512295813,1,s054
0.462274198307256,0,s054
0.7615050821522285,0,s054
0.4622073537689062,1,s054
0.4623258779490327,0,s054
0.4619269197565614,1,s054
0.46237339462808813,0,s054
0.46233526777200096,0,s054
0.46205225735997435,0,s054
0.4620470613225367,1,s054
0.46216272072981357,0,s054
0.46208584529764285,0,s054
0.4621579559825546,0,s054
0.462261615256631,0,s054
0.46226451728519247,1,s054
0.46243594132512866,1,s054
0.4621267272819858,0,s054
0.7616498181789646,0,s054
0.46274092577293935,0,s054
0.4626791046825769,0,s054
0.4620539071900662,0,s054
0.7616275641654353,1,s054
0.4621159393774499,1,s054
0.46208287643060264,1,s054
0.46210920490011653,1,s054
0.4620209033022895,0,s054
0.4621369125572625,1,s054
0.7618016430016843,0,s054
0.7616472740715459,1,s054
0.7616926743646593,1,s054
0.4624053557623262,1,s054
0.7616304840928438,1,s054
0.4622500408663788,0,s054
0.4621194312787018,0,s054
0.0003255662711130203,0,s054
0.4620109699453958,0,s054
0.7616547803438309,0,s054
0.00015824852391399524,0,s054
0.46231759261245653,0,s054
4.3738551465555275e-05,0,s054
0.46218394565032983,1,s054
0.4622232132358337,0,s054
0.7616237225210669,0,s054
0.4622188339879987,1,s054
0.46212924868603755,1,s054
0.4621381081677667,1,s054
0.46196634467972353,0,s054
0.46226734632372857,1,s054
0.46248724745340186,0,s054
0.46219717803830096,0,s054
0.00023174938021308655,0,s054
0.46224226389705203,0,s054
0.7616455627076066,0,s054
0.46227288101322506,0,s054
0.7615439176845502,0,s054
0.462233265609042,0,s054
0.4623356442169193,0,s054
0.7617973079658236,1,s054
0.7617327965800538,1,s054
0.7616703090603854,1,s054
0.4623258248160613,1,s054
0.46232836221849727,0,s054
0.4621426511446445,1,s054
0.761660866374116,0,s054
0.4620313188906635,1,s054
0.46240033793456514,1,s054
0.7613150225170113,1,s054
0.7616329868646321,1,s054
0.7615481247216687,1,s054
0.46261775386482595,1,s054
0.4622101565897925,0,s054
0.7617130288662266,1,s054
0.4623433503270582,0,s054
0.7618391948985535,0,s054
0.4622544835861082,1,s054
0.7615628778945023,1,s054
0.46226994848951497,1,s054
0.4622209830814392,1,s054
0.4617665282921537,0,s054
0.7615484562909596,1,s054
0.46222154064802146,1,s054
0.46209227412999776,1,s054
0.46227708245831955,1,s054
0.46199561044585713,1,s054
0.00032927287904072067,0,s054
0.46233987122718045,0,s054
0.462054371064635,1,s054
0.4620794379363431,0,s054
0.46218503704136493,0,s054
0.46201420865076215,1,s054
0.0003790944874437763,0,s054
0.46228730726872813,1,s054
0.7617088285492806,0,s054
0.4622575915126399,0,s054
0.0001814349488733491,0,s054
0.46230435269356907,1,s054
0.7616512408421965,1,s054
0.462023262356944,1,s054
0.4621152538718074,0,s054
0.46233081664759634,1,s054
0.7616204477618176,1,s054
0.7616963038976161,1,s054
0.46206875415124804,1,s054
0.4622437660672143,1,s054
0.462256373237405,1,s054
0.7616889161723759,1,s054
0.46202254543035237,0,s054
0.4620904794100966,1,s054
0.46187226516916136,1,s054
0.4621288573587219,1,s054
0.46218373431823556,1,s054
0.4615815209187517,1,s054
0.4618909511443461,1,s054
0.46219462861634253,1,s054
0.4622887252500476,1,s054
0.4620583936628664,1,s054
0.4622284875763494,1,s054
0.4621990461216485,1,s054
0.46185077520652684,1,s054
0.7618376145035448,1,s054
0.462551177593312,1,s054
0.4623080947578504,1,s054
0.4624077581676309,0,s054
0.46196021578000535,1,s054
0.46207746068937006,1,s054
0.4623261990432619,0,s054
0.00039047863035746033,0,s054
0.461982745321184,0,s054
0.4619979794996456,1,s054
0.46195138698869864,0,s054
0.46219180743977617,1,s054
0.4626342483227075,0,s054
0.46190938468031884,1,s054
0.76161870760587,1,s054
0.9051319793849086,0,s054
0.4618776546448311,0,s054
0.4621227005557773,0,s054
0.4624926592861529,1,s054
0.00023190200734601873,0,s054
0.46211849767808877,1,s054
0.46212153360405583,0,s054
0.46236024594769676,0,s054
0.46248989919698413,1,s054
0.7616993743820439,0,s054
0.46200447096503483,1,s054
0.4620023989406119,1,s054
0.46205265432741416,1,s054
0.46205213722424854,1,s054
0.4620985195888301,1,s054
0.4623171044162082,0,s054
0.46218010823953204,0,s054
0.4621123715582587,1,s054
0.7616107192952641,1,s054
0.4620850204194129,1,s054
0.00025501742039657493,0,s054
0.4620480007419465,1,s054
0.4621237719887412,1,s054
0.46285255606025055,0,s054
0.4622061110400386,0,s054
0.46211117387067935,0,s054
0.4623829939257569,1,s054
0.46208053720877174,0,s054
0.46241777275507623,1,s054
0.4622564569801195,0,s054
0.761641959866248,0,s054
0.46222962272770785,0,s054
0.0003479454061572351,0,s054
0.4621196247371766,1,s054
0.4621401599902444,0,s054
0.4622876086974377,0,s054
0.00022869492600730013,0,s054
0.4620767742953462,1,s054
0.46233780768258503,1,s054
0.46181715128426903,1,s054
0.4620363354181525,0,s054
0.4620740135713768,1,s054
0.4622480883265281,0,s054
0.46274445284834775,0,s054
6.587429767601627e-05,0,s054
0.46125484822581675,0,s054
0.000731718802125636,0,s054
0.46207941956646903,1,s054
0.4623455090672606,0,s054
0.4621307427593211,1,s054
0.000491130114742333,1,s054
0.4623953979310176,0,s054
0.462335226095808,0,s054
1.4188448104412998e-05,0,s054
0.46212211232459754,1,s054
0.46216074137881225,0,s054
0.7616643433544257,0,s054
0.46212860573900216,0,s054
0.46194642559396093,0,s054
0.4620317031639367,1,s054
0.4620466806050605,1,s054
0.46225491756329107,1,s054
0.4620998590827683,1,s054
0.46212861124658833,1,s054
0.462412706703478,0,s054
7.3531558333339575e-06,0,s054
0.4619999887571069,1,s054
0.46201302148681744,0,s054
0.4622509421662113,0,s054
0.46234603233315497,1,s054
0.4622379500668601,0,s054
0.4621866643434087,0,s054
0.4622617884372855,1,s054
0.46182887680497564,0,s054
0.4623159812770008,1,s054
0.46209539591996274,0,s054
0.46229180363326305,1,s054
0.4623333929192781,0,s054
0.4624804530990423,0,s054
0.4624157221562726,1,s054
0.4621044030586585,0,s054
0.7616114205811915,0,s054
0.46191753634272126,0,s054
0.4623343272045468,1,s054
0.7615501892054886,0,s054
0.4624227207866618,1,s054
0.4625513013414726,0,s054
0.46242596014626214,1,s054
0.761534268597766,1,s054
0.4621074842018471,1,s054
0.46229218309102005,0,s054
0.46190951524600754,0,s054
1.3512435542928358e-05,0,s054
0.00022254008703348482,0,s054
0.4626656047016542,1,s054
0.46267278379542853,1,s054
0.46220508336342503,0,s054
0.4622580261752265,1,s054
0.4621915326961028,0,s054
0.4622247543697855,1,s054
0.7616800643946258,1,s054
0.4622072752693722,1,s054
0.4619990075882203,1,s054
0.46202602818654714,1,s054
0.46222188086478533,0,s054
0.4623300669093975,0,s054
0.462171576583128,0,s054
0.46206768091992134,1,s054
0.4620961008764428,1,s054
0.7615822485160908,1,s054
0.46199219106718803,0,s054
0.4621270463852918,1,s054
0.4623860877838104,0,s054
0.46238911463138144,0,s054
0.4619570148928247,0,s054
1.044354283030735e-05,0,s054
0.46225617582203493,0,s054
0.4622793585259075,0,s054
0.4619869552564293,1,s054
0.46218908176404794,0,s054
0.46230650152040687,0,s054
0.4623189366749296,0,s054
0.4621915799162619,0,s054
0.4623664133247094,0,s054
0.46209178315148525,0,s054
0.4622127320097895,0,s054
0.4621234203556732,1,s054
0.46197881286550757,0,s054
0.46202663636746855,1,s054
0.46222057294181385,0,s054
0.46187387080912834,0,s054
0.46224168272006705,0,s054
0.46219769743274997,0,s054
0.7615620490317165,0,s054
0.4621391273097484,0,s054
0.46215956279037984,0,s054
0.4622163717329797,0,s054
0.4619726015293324,0,s054
0.46206109028344344,1,s054
0.4623978894589662,1,s054
0.0001566381616144863,1,s054
0.4620619080234267,0,s054
0.46210444879023926,0,s054
0.46206800829661465,1,s054
0.46203497979016106,0,s054
0.4623588626093105,0,s054
0.46228251382801155,0,s054
0.7616538167265927,0,s054
0.4619488667068399,0,s054
0.46222538344523145,0,s054
0.7617558172824563,0,s055
0.00010229650092541398,0,s055
8.772789994404562e-05,0,s055
0.762257361261532,0,s055
0.46223895627339084,0,s055
0.4620094948072664,0,s055
0.4620371646537622,0,s055
0.46227144476447046,0,s055
0.7617258863546927,0,s055
0.7616447886920217,0,s055
0.4620452295302031,0,s055
0.7618702966657591,0,s055
0.4620844079017987,1,s055
0.4620663321377123,0,s055
0.46212511841682513,0,s055
0.4620502878797861,1,s055
0.46196897705135265,0,s055
0.00015748049846764367,0,s055
0.46206813742253794,0,s055
0.4622891806859579,0,s055
0.46222784448736487,0,s055
0.7614625734365892,1,s055
0.4621979588073022,0,s055
0.46197805467042374,0,s055
0.7617438200436202,0,s055
0.46245032376032347,0,s055
0.4623510415870242,0,s055
0.4627863987329788,0,s055
0.46199603792204647,1,s055
0.4623011786550426,0,s055
0.46198559201273626,0,s055
0.7614899783008486,1,s055
0.4622586646068889,0,s055
0.4622886401254791,0,s055
0.46203444569837404,1,s055
0.761671162523565,0,s055
0.4621000583281445,0,s055
0.462469940834217,0,s055
0.4621220044962251,0,s055
0.46192124897019204,0,s055
0.46221752593997856,0,s055
0.7614952061271596,1,s055
0.4619138041860289,1,s055
0.462329996741746,0,s055
0.4621452909791186,1,s055
0.46212553499289855,1,s055
0.4617891495438682,0,s055
0.46202636548992504,0,s055
0.4621060390184135,0,s055
0.46187131190115527,1,s055
0.46198594902285817,1,s055
0.4623603982847817,0,s055
0.46219759980269126,0,s055
0.7615187189744794,0,s055
0.7616080533384668,0,s055
0.4622787575983902,0,s055
0.4624406287707117,0,s055
0.4623205711345708,0,s055
0.46233332375528446,0,s055
0.46204819630834093,1,s055
0.46235546245611125,0,s055
0.7616484930055396,1,s055
0.4621443692673872,1,s055
0.46192832704875086,1,s055
0.4619505989030823,1,s055
0.46189624906239457,1,s055
0.46206919988502926,0,s055
0.4617440621595521,1,s055
0.46235607849431015,0,s055
0.46197393196879855,1,s055
0.4627998484840319,0,s055
0.00021824623255173314,1,s055
0.46236471343293895,1,s055
0.7615903587016393,0,s055
4.304229640617052e-05,0,s055
0.7617487861297649,0,s055
0.4618711903001389,1,s055
0.7615669506421348,0,s055
0.46190137320379354,1,s055
0.46225636825366023,1,s055
0.7616535274251206,0,s055
0.46220214334248144,0,s055
0.46232107279430323,0,s055
0.7615082625291234,1,s055
0.46182093157520954,1,s055
0.46213427315414113,0,s055
0.7615458335507852,1,s055
0.4621798910406909,0,s055
0.46205780436055455,1,s055
0.4621675104556042,1,s055
0.4623416860825207,0,s055
0.4621286225061816,0,s055
3.6540753285407845e-06,0,s055
0.46212293598388277,1,s055
9.425000392737637e-05,0,s055
0.7615789685995373,1,s055
0.7615667020780843,0,s055
0.46221551714621834,0,s055
0.9051565827829846,1,s055
0.46223601748047294,0,s055
0.7616115672229604,1,s055
0.46200517001344066,1,s055
0.462106577005194,1,s055
0.462049581044057,1,s055
0.4620984324708426,1,s055
0.4618968484740582,1,s055
0.46194450308419954,1,s055
1.1934304001259832e-05,0,s055
0.7615701923370648,1,s055
0.46208029112840565,1,s055
0.4621274158455908,1,s055
0.462202754388257,1,s055
0.4623530545765706,0,s055
0.4621823611388396,0,s055
0.4620748754294035,1,s055
0.46210855167922515,1,s055
0.4620865962622378,1,s055
0.46218614932744817,1,s055
0.46194380469240226,1,s055
0.46202057005309594,1,s055
0.4621216915350286,0,s055
0.46214985606242953,0,s055
0.46214980434914743,0,s055
0.4623003883183001,0,s055
0.4619737325537623,1,s055
0.7614418656196362,1,s055
0.4619466570467239,1,s055
0.46223733445599025,0,s055
0.4620491418278816,1,s055
0.7616437891363501,0,s055
0.4624648110498324,0,s055
0.46237814419601975,0,s055
0.4622992538182824,1,s055
0.4624934710519246,0,s055
0.46219488005893505,0,s055
0.4621112808919874,1,s055
0.4622800506454894,0,s055
0.4620443528429572,1,s055
0.46190168887781846,1,s055
0.4620332920078425,1,s055
0.7615834763077074,1,s055
0.46199127885229396,1,s055
0.9051708767106674,1,s055
0.4619944380920964,1,s055
0.46233479235880504,1,s055
4.1729192695738604e-05,0,s055
0.46196830545723544,1,s055
0.4620099440917689,1,s055
0.4622420634944675,0,s055
0.46205302813902627,1,s055
0.4619732226834754,1,s055
0.4619441676256484,0,s055
0.7614759933138684,1,s055
0.4619260967907135,1,s055
0.4620766498722848,1,s055
0.46197724715915145,1,s055
0.46188454752891617,1,s055
0.4620419677467833,1,s055
0.46196455896488775,1,s055
0.46218373032504156,0,s055
0.4622762579899651,0,s055
0.462148677355247,1,s055
0.7617941518483513,0,s055
0.46204483641123684,1,s055
0.462050334393145,1,s055
0.46236706381487114,0,s055
0.7615944236163603,1,s055
0.7616255512458203,1,s055
0.7616054516820818,1,s055
0.4620779867666358,1,s055
0.4622094037673139,1,s055
0.4619869259795293,1,s055
0.4619509075745494,1,s055
0.46201205277896507,0,s055
0.00012580984607923895,0,s055
0.4620137775436488,1,s055
0.46220660375671363,1,s055
0.46221066343766504,1,s055
0.46240393933411617,0,s055
0.7614238272685123,1,s055
0.46198015745766896,1,s055
0.4620441160572548,1,s055
0.4619620822147017,1,s055
0.4620554262391483,1,s055
0.46200165145844596,1,s055
0.46208650304915366,0,s055
0.4617244879984983,1,s055
0.7618813398460735,0,s055
0.7616688835272749,0,s055
0.46222923130515614,0,s055
0.4620646260940213,1,s055
0.46203586898723326,1,s055
0.4620479851862329,1,s055
0.461916442416652,1,s055
0.46220329774725055,1,s055
0.46250075964610793,0,s055
0.46192943474817083,1,s055
0.46166375483350786,1,s055
0.4621015756860145,1,s055
0.461745062425744,0,s055
0.4618782042464411,1,s055
0.4622665780532085,0,s055
0.7615756832460814,1,s055
0.761614269198718,1,s055
0.462265958123417,1,s055
0.7615755781339817,1,s055
0.462022777892926,1,s055
0.7617576931323813,1,s055
0.4620166707268045,1,s055
0.46200019843044693,1,s055
0.462216896017716,1,s055
0.46214447425208993,1,s055
0.46197941519550034,1,s055
0.4621021829487786,1,s055
0.461963178623255,1,s055
0.46221929525412886,1,s055
0.46195113441164337,1,s055
0.46223112252428855,1,s055
0.46243786995827474,1,s055
0.462137887203778,1,s055
0.46228610688910154,1,s055
0.46206269732409844,1,s055
0.4626545938500839,0,s055
0.7616483997841701,0,s055
0.7616175206351918,1,s055
0.7616820702421545,1,s055
0.7615952124431127,1,s055
0.46201816931114736,1,s055
0.4620779043024035,1,s055
0.46211944835078844,1,s055
0.0001326964251504581,0,s055
0.4624750994165112,0,s055
0.46183469003097133,1,s055
0.46202614670794806,1,s055
0.46246927115210723,0,s055
0.4620902803638436,1,s055
0.00013157495023907728,0,s055
0.4620327670398776,1,s055
0.46193416456072356,1,s055
0.4623511928082942,0,s055
0.462167346353481,1,s055
0.4619994096763116,1,s055
0.4621075476003582,1,s055
0.4620957565920021,1,s055
0.4620171342885444,1,s055
0.4619595221768782,1,s055
0.4621796898563715,0,s055
0.46204666466930666,0,s055
0.462367831144997,0,s055
0.761563556980458,1,s055
0.7616107533009961,1,s055
0.46217376549000866,1,s055
0.46229588813783984,1,s055
0.7616136496375914,1,s055
0.4621501571621238,1,s055
0.46221886798152245,1,s055
0.7615985891411212,1,s055
0.4621735222496661,1,s055
0.4622383738620506,1,s055
0.4621949725235728,1,s055
0.4620922471860711,1,s055
0.46220079973016737,1,s055
0.462002525369023,1,s055
0.46213526189400467,1,s055
0.46198169353734775,1,s055
0.46224969344996714,1,s055
0.7615914539292394,1,s055
0.4623035433048468,1,s055
0.7616036962099797,1,s055
0.4621850177542133,1,s055
0.7616316039143753,1,s055
0.7616194523478512,1,s055
0.462334658475245,1,s055
0.462256400377707,1,s055
0.0002509414365561291,0,s055
0.46230379832867374,1,s055
0.7615037791065067,0,s055
0.4621450118390431,1,s055
0.46197729737042237,1,s055
0.4618531208172614,1,s055
0.4622203798961957,1,s055
0.46189663071298237,1,s055
0.462210446547187,1,s055
0.46226546266274715,1,s055
0.4623549751953142,0,s055
0.46229870078344115,1,s055
0.4622971456487939,1,s055
0.46221340978620673,1,s055
0.4623343014867556,1,s055
0.46221762917658493,1,s055
0.4620190539347304,1,s055
0.46194931381102644,1,s055
0.46186393242537727,1,s055
0.4617248999691972,1,s055
0.46186339890882255,1,s055
0.46204540448110043,1,s055
0.46199143485031624,1,s055
0.46182512431142064,1,s055
0.4619651601357122,1,s055
0.4619493696849981,1,s055
0.4620122777033635,1,s055
0.46220288123504005,1,s055
0.46196489353302805,1,s055
0.4620469353911545,1,s055
0.7615513327819066,1,s055
0.4621937405154113,1,s055
0.4621148223344944,1,s055
0.4621230450265512,1,s055
0.7615714921437922,1,s055
0.46229405132136825,1,s055
0.4622536174319487,1,s055
0.761735094348426,1,s055
0.46235785358383086,1,s055
0.462320718826325,0,s055
0.46202030779396464,0,s055
0.46213983213097065,1,s055
0.46205615328151906,1,s055
0.4621172824091857,1,s055
0.4622921681898533,1,s055
0.4624184289805555,1,s055
0.4621625903916726,1,s055
0.7617601412744366,1,s055
0.46212245756421266,1,s055
0.4620330616717998,1,s055
0.7615179540171437,1,s055
0.46230925359645836,1,s055
0.46210584446542247,1,s055
0.4620514856147868,1,s055
0.46209555664741386,1,s055
0.46218909943684605,1,s055
0.4621654562412678,1,s055
0.4621521338417218,1,s055
0.462286739234415,0,s055
0.462104947475678,1,s055
0.4620780407522762,1,s055
0.4621948103000888,1,s055
0.4622323967753228,1,s055
0.4621262604119536,1,s055
0.4622055409549577,1,s055
0.4626367360485686,0,s055
0.4620033925498479,1,s055
0.4621333361869262,1,s055
0.4622795285129788,1,s055
0.46204863069300517,1,s055
0.46214646125178116,1,s055
0.46204936180645184,1,s055
0.46190085874791764,1,s055
0.4620827046052902,1,s055
0.46215080518919516,1,s055
0.46212234429368726,1,s055
0.46233506266033086,0,s055
0.46204160418999596,1,s055
0.4620226493463999,1,s055
0.46202872648560067,1,s055
0.46227163516190295,1,s055
0.761628182455697,1,s055
0.4623044599979236,1,s055
0.46223298040159055,1,s055
0.4620894536414244,1,s055
0.462164896462431,1,s055
0.46207930797624264,1,s055
0.46186207060268303,1,s055
0.46235948587889353,0,s055
0.46201046100973864,1,s055
0.4620353663267478,1,s055
0.4620522968234617,1,s055
0.46204386349675297,1,s055
0.4620274081359592,1,s055
0.4619454721437899,1,s055
0.46192196455647627,1,s055
0.46202321505147737,1,s055
0.46214654491485696,1,s055
0.46203082471503953,0,s055
0.462058247535893,1,s055
0.4619811554047273,1,s055
0.4619120007636792,1,s055
0.46262752097553506,0,s055
0.4623849866008476,0,s055
0.4618918120108173,1,s055
0.46254830013795023,0,s055
0.46200321759999197,1,s055
0.4619163108750348,1,s055
0.4619168312031998,1,s055
0.4617226837042867,1,s055
0.4618452070585912,1,s055
0.46231909804017346,0,s055
0.4621166038876128,1,s055
0.4620932160556077,1,s055
0.4617988265448545,1,s055
0.4621471482948796,1,s055
0.4618438917282044,1,s055
0.4619198078116906,1,s055
0.46179745503959935,1,s055
0.4620764944154665,1,s055
0.46240698263767244,0,s055
0.46204300226711714,1,s055
0.46210481172456186,1,s055
0.4620367299204817,1,s055
0.46202462110515885,1,s055
0.4615707806998699,1,s055
0.46251623199137737,0,s056
0.905292518346231,0,s056
0.46212636282945607,0,s056
0.4631774174147796,0,s056
0.4614167515563512,1,s056
0.46268731552170417,0,s056
0.46204344306736167,0,s056
0.4623749660323362,0,s056
0.4625622384192105,0,s056
4.2611025463656915e-06,0,s056
0.7617753854737668,0,s056
0.46215386331880604,0,s056
0.00017212895182971977,0,s056
0.461691234569362,0,s056
0.0001229041025709865,0,s056
0.761472882580291,1,s056
0.4621951289266497,0,s056
0.0005059692781932412,0,s056
0.4623549184833464,0,s056
8.911725787763558e-05,1,s056
0.46202127538827864,0,s056
0.46234136993695096,1,s056
0.4621683448096521,0,s056
0.00020182315845818088,0,s056
0.4620728907814462,0,s056
0.00034447407330073787,0,s056
0.4619928731810383,1,s056
0.761754249798182,0,s056
0.46198271267591196,0,s056
0.46219729214830974,0,s056
0.462318727040415,0,s056
0.4622961843448141,1,s056
0.46226351625692264,0,s056
0.4621856607350836,0,s056
0.46213881974316573,0,s056
7.085839956255668e-05,0,s056
0.46209456823980655,1,s056
0.9051996891144187,0,s056
0.4622614645260188,0,s056
0.46220682828905413,1,s056
0.46180176171743104,0,s056
0.4626906140317839,1,s056
0.46252834716722524,0,s056
0.7616743775374868,0,s056
0.4621975206995257,0,s056
0.46234663794480335,1,s056
0.4620383153306111,0,s056
0.00039938106394665773,0,s056
0.7616477380516897,0,s056
0.4622607726488601,0,s056
0.46245097931408297,0,s056
0.46221821787070994,0,s056
0.0003350649994138255,0,s056
0.4623027123567278,0,s056
0.46208774829096755,0,s056
0.0002507650337673084,0,s056
0.46236619337010887,1,s056
0.7614356489822263,0,s056
0.4618484645764558,0,s056
0.4622100081616731,0,s056
0.905259784699779,1,s056
0.46212803440652084,0,s056
0.4627699921583861,1,s056
0.9052184972633646,1,s056
0.4621254744295715,0,s056
0.7617903093215357,1,s056
0.7617851931864228,1,s056
0.46198600688213776,1,s056
0.46235944347829094,1,s056
0.4621427810019325,1,s056
0.4621706618889878,0,s056
0.46229922657900224,1,s056
0.46191220106616204,1,s056
0.7617846396921748,1,s056
0.4626403296615018,1,s056
0.4623097658667221,1,s056
0.46233458455242915,0,s056
0.462544660758367,1,s056
0.7616670896150415,0,s056
0.46247521665527325,1,s056
0.00029415507286834064,0,s056
0.7612064183358318,1,s056
0.46225213728000547,1,s056
0.46208307912021507,1,s056
0.46223695631813166,0,s056
0.46203877334584686,1,s056
0.905173002187597,1,s056
0.4618353350284021,0,s056
0.4622814660347132,1,s056
0.7615594606047094,0,s056
0.4625089751482554,1,s056
0.4622874064998279,0,s056
2.7494482648160457e-05,1,s056
0.4626251680287743,0,s056
0.46194949017675047,1,s056
6.084569910980164e-05,1,s056
0.7616110588668736,0,s056
0.4621662433639915,1,s056
0.46212997038587256,1,s056
0.4621492292178362,1,s056
0.462187578736327,0,s056
0.4622547165964501,0,s056
0.46213034172692735,0,s056
0.00010726993049270384,0,s056
0.46213443740427795,0,s056
0.761554827716757,0,s056
0.00010158169269880446,0,s056
0.4621198738481578,0,s056
0.46232380306581944,0,s056
0.46184238774396036,1,s056
0.46265228688166626,1,s056
0.4629410728095942,1,s056
0.761757241324931,1,s056
0.4621875676399534,1,s056
0.46222866328446344,1,s056
0.46204497425841673,0,s056
0.9050845373896828,1,s056
0.46219789181003135,1,s056
0.46208136371880837,0,s056
0.46224227140550944,0,s056
0.46233117668824875,1,s056
0.4622300489667195,0,s056
0.46204488621731543,0,s056
0.462116860056891,0,s056
0.4620676971762079,1,s056
0.4619321059843169,0,s056
0.462153952600844,1,s056
0.46242363333348613,1,s056
0.46232947446730677,0,s056
0.4622027835519613,0,s056
0.4618230317263692,0,s056
0.46219278516035844,0,s056
0.46246864236792407,1,s056
0.4623444144705606,1,s056
0.462298957899304,1,s056
0.7615252778157631,0,s056
0.4624931871904978,1,s056
0.462821975648406,1,s056
0.4623396093724923,1,s056
0.46188086783686955,1,s056
0.7616884130280164,1,s056
0.46221755823318667,1,s056
0.4622090200292708,1,s056
0.46222506865074164,1,s056
0.46235995510968575,1,s056
0.4624021506583853,1,s056
0.46209647451035396,1,s056
0.4621875896270715,1,s056
0.4621848697195201,0,s056
0.46203167089485864,1,s056
0.7617072443195689,0,s056
0.000506051597934043,0,s056
0.46227556655362134,0,s056
0.46221057014330014,0,s056
0.46210878080204876,0,s056
0.46219604586666097,1,s056
0.4622512692429195,0,s056
0.4621112177959328,0,s056
0.4621828765166369,0,s056
0.46217100039157377,0,s056
0.462700351472646,0,s056
0.4615855759136229,0,s056
0.46235022591214103,0,s056
0.7616665363292372,0,s056
0.7615163266380154,0,s056
0.46232149793115296,0,s056
0.00022661376902677333,0,s056
0.7615610866346594,0,s056
0.7616512052745545,0,s056
0.46216884947262904,0,s056
0.4624690012907544,0,s056
0.46207181196144176,0,s056
0.7615751560644435,0,s056
0.4620660458431596,0,s056
0.7615976445184653,0,s056
0.4621804586592533,0,s056
0.46191137336236476,0,s056
0.9051445502536077,0,s056
0.000281178410873828,0,s056
0.46219580926202286,0,s056
0.4621009833326004,0,s056
0.46224914320130606,0,s056
0.7615351736962663,0,s056
0.4622938798426437,0,s056
0.7616652479500872,0,s056
0.462189362394714,0,s056
0.4621647736269532,0,s056
0.4617180126061362,0,s056
0.7617114798494993,0,s056
0.4625454477930204,1,s056
0.46251308437231287,0,s056
0.4620835480170118,1,s056
0.00030897319014222546,0,s056
0.4620242431180712,1,s056
0.46221091334046305,0,s056
0.4620112302918349,0,s056
0.46189485115025786,0,s056
0.46240632943856497,1,s056
0.00013144120541119797,0,s056
0.46212756729429905,0,s056
0.4618435811037933,0,s056
0.46223264856477675,0,s056
0.46227571792936883,0,s056
0.46223494337038806,0,s056
0.4622140837051365,0,s056
0.7617042689643512,0,s056
0.4622485118517259,0,s056
0.46220686886407725,0,s056
0.761553377235713,0,s056
0.7615625453274126,0,s056
0.7616061751287155,0,s056
0.7616176160619905,1,s056
0.46195950019680043,0,s056
7.659965145334624e-05,0,s056
0.4619465143218846,0,s056
0.4622467673990063,1,s056
0.4622041114175426,0,s056
0.4619390907984371,0,s056
0.4621256636071849,0,s056
0.7615721808783142,1,s056
0.46186551727054614,0,s056
0.4624417654943782,0,s056
0.46239888656193884,1,s056
0.4620720727049905,0,s056
0.4616950149688208,0,s056
0.7615658458562966,0,s056
0.4622369949288969,0,s056
0.46217741572184856,0,s056
2.1246602319502372e-05,0,s056
0.46198494099902154,0,s056
0.7616824033291556,0,s056
0.4621303934211778,0,s056
0.46229903835370845,0,s056
0.7616711053259977,0,s056
1.767144329534176e-06,0,s056
0.46226579179285476,0,s056
0.4623411505985988,1,s056
0.46246317462438746,1,s056
0.4625872807742115,0,s056
0.00020817342019285867,0,s056
0.4622379439599775,0,s056
0.46249196190607167,1,s056
0.761632315148006,1,s056
0.4620732416202604,0,s056
0.4618312023985929,1,s056
0.7615278154830123,0,s056
0.7616650170441945,1,s056
0.4621939488261686,0,s056
0.4619964429002108,0,s056
0.46243072279297137,1,s056
0.46213778337711187,0,s056
0.4623612376548807,0,s056
0.461934775421009,0,s056
0.4619282512871996,0,s056
0.46200850125112947,0,s056
0.4621288067111924,0,s056
0.4622882721596637,1,s056
0.46207432750088984,0,s056
0.46236781681667005,1,s056
0.7616222545782363,1,s056
0.7615953097216439,1,s056
0.7615585223474852,0,s056
0.46233509212628765,1,s056
0.46219847392192115,1,s056
0.4622570588102608,1,s056
0.4624045278757303,1,s056
0.7615748716157433,0,s056
0.46239741074133156,1,s056
0.4620526080919849,0,s056
0.46209441400244566,0,s056
0.46220196287621196,0,s056
0.4625211523423811,1,s056
0.4622404999827847,0,s056
0.7616541860218249,1,s056
0.46182430370871574,0,s056
0.46218390792434905,0,s056
0.4620199216253944,0,s056
0.4621765004548728,0,s056
0.7617164942743866,1,s056
0.4624490677575184,1,s056
0.46215001740825823,1,s056
0.7616513017688835,0,s056
0.46235025663324825,1,s056
0.4622497085812094,1,s056
0.46192949979427533,1,s056
0.4625526889499465,0,s056
0.46230662859876936,1,s056
0.4625376821300484,0,s056
0.46186217793282247,0,s056
0.7615617018169727,0,s056
0.46205710541990497,0,s056
0.4622131236789744,1,s056
0.00027868511458084555,0,s056
1.0354574896620505e-05,0,s056
0.4622101322201715,1,s056
0.4619897516873275,0,s056
0.4621668938334682,0,s056
0.4622119924942787,0,s056
0.46230171788116414,1,s056
0.4622256519571648,0,s056
0.4618480896155184,0,s056
0.7615578038858188,0,s056
0.4623777018057724,1,s056
0.4621612772408752,0,s056
0.4624784715785457,1,s056
0.4625109342856528,1,s056
0.4621342946379201,1,s056
0.46205422632127413,1,s056
0.4622264951548747,0,s056
0.4624073115766507,1,s056
0.4624012519384908,1,s056
0.46240170763811594,1,s056
0.46213358060329557,1,s056
0.46231151652875124,0,s056
0.46236721460402097,1,s056
0.4624359662034745,1,s056
0.462112344711765,0,s056
0.46212504260507536,1,s056
0.4623981286528751,1,s056
0.7617676455884519,0,s056
0.46200740639808036,0,s056
0.46213361975105127,0,s056
0.46228745076296995,1,s056
0.4621466814217221,0,s056
0.46216217544780824,1,s056
0.46195203699765996,0,s056
0.4621364574388178,0,s056
0.4618838201833424,0,s056
0.46182935972520545,0,s056
0.46236788056665,1,s056
0.46245765709278963,1,s056
0.00025286058220452823,1,s056
0.4620324708925594,0,s056
0.4622789109704113,0,s056
0.4621566373947188,0,s056
0.4620251676916227,1,s056
0.4619255395106763,1,s056
0.7614897387291935,0,s056
0.4620252153338089,0,s056
0.76155060010041,0,s056
0.4622787789604006,1,s056
0.4622583325647902,1,s056
0.4627982524340768,0,s056
0.4622542544425472,0,s056
0.46211404535581835,0,s056
0.46247408956641056,1,s056
0.4624178556773959,1,s056
0.46214885258487515,0,s056
0.4620524181816854,0,s056
0.4622761336306389,1,s056
0.4620972437592388,0,s056
5.123259776018685e-05,1,s056
0.7617649535872788,0,s056
0.4620680606726577,0,s056
0.46197018510804133,1,s056
0.4620047052083811,0,s056
0.7615392296805121,0,s056
0.7615854662602211,0,s056
0.46190883069834454,0,s056
0.4621410775007655,1,s056
0.4623814833948685,0,s056
0.46216179826893855,1,s056
0.7615217525347564,0,s056
0.46230313535481193,1,s056
0.4622065919129472,0,s056
0.4624991265901701,0,s056
0.4621285526518495,1,s056
0.46223053306124995,1,s056
0.4618113842694216,0,s056
0.46221044482425966,1,s056
0.7615802510956986,1,s056
0.46228972498709564,0,s056
0.46220132573695105,1,s056
0.46196750874896186,1,s056
0.46201542750563607,1,s056
0.46198977678571884,1,s056
0.46202719629491074,0,s056
0.7614652112673832,1,s056
0.46217148556222587,1,s056
0.461890659776925,1,s056
0.4620435476253302,1,s056
0.4621464038277061,0,s056
0.46235118216750104,1,s056
0.4623091406787536,0,s056
0.00017468267861486808,0,s056
0.4619391810688014,0,s056
0.4620330271271793,1,s056
0.4624540969536872,0,s056
0.46198617413988186,1,s056
0.461916699488107,1,s056
9.404882863939257e-05,0,s056
0.46223958778686147,0,s056
0.46225497894836187,0,s056
0.4621467574281526,1,s056
0.46215103247910805,0,s056
0.4621632521308219,1,s056
0.46218407375734727,0,s056
0.7616753092810089,0,s056
0.4623077974967822,1,s056
0.4618934579386411,1,s056
0.462758027443289,1,s057
0.46264698350466715,0,s057
0.7619975183613639,0,s057
0.4623587927758259,0,s057
0.46250057163464664,0,s057
0.4624222772344033,1,s057
0.7616905194541197,0,s057
0.46175076770649603,0,s057
0.4629484799514867,0,s057
0.4615745699763356,1,s057
0.7615791414135975,0,s057
0.7617619570752336,1,s057
0.4622686612569138,1,s057
0.46206478984880106,0,s057
0.4618994865780244,1,s057
0.46194026587639403,0,s057
0.46194937243225187,0,s057
0.00081317317308649,1,s057
0.00021305868877363743,1,s057
0.761582345146774,1,s057
0.7615110491820787,0,s057
0.0030815702580833104,0,s057
0.4622730536581001,0,s057
8.195196963489693e-05,0,s057
0.7616150098546237,0,s057
0.4623183523500465,1,s057
0.4623941092850239,1,s057
0.4621808121602258,1,s057
0.00012464131112932542,0,s057
0.9051628203046835,0,s057
0.46226212973764813,0,s057
0.46217924460816606,0,s057
0.7618131184414052,0,s057
0.4624145703882081,0,s057
0.4620750188618641,1,s057
0.7613855883487741,0,s057
0.00019092092427208662,0,s057
0.46250502575321706,0,s057
0.46225449924369144,0,s057
0.4623497160410839,0,s057
0.46232078804313836,1,s057
0.462115230581319,0,s057
0.46221630141938297,1,s057
0.46224057577027833,0,s057
0.46201645914800293,1,s057
0.46205412589533124,0,s057
0.462202426384527,1,s057
0.4621567791432475,1,s057
0.4621102645321855,0,s057
0.46233125292183086,0,s057
0.7619004592895868,0,s057
0.46229807796872247,0,s057
0.7618033109741498,0,s057
0.46238757760724525,0,s057
0.4627312808175039,0,s057
0.46235788731619776,0,s057
0.7615390618970324,1,s057
0.4619917627109744,0,s057
0.4623887313536774,0,s057
0.46228790833026,0,s057
4.458872824275595e-05,0,s057
0.76171445615497,0,s057
0.46214747771960263,0,s057
0.4621569995388941,0,s057
0.7616502986367686,0,s057
0.4621333821832734,1,s057
0.7615665623825076,1,s057
0.7616163912016853,1,s057
0.0015270455237124114,1,s057
0.46215582175383774,0,s057
0.7619521593805823,1,s057
0.462206867125291,0,s057
0.4621188739943871,0,s057
0.4623157432886753,0,s057
0.4614144683554142,1,s057
0.4620695520959439,0,s057
0.4621803343576849,0,s057
0.4621020194423475,0,s057
0.46219447056341334,1,s057
0.4624113910975223,1,s057
0.0004620310212144485,0,s057
0.4622198747360573,0,s057
0.7616479945114605,0,s057
0.4621251166458664,0,s057
0.7616144449779434,0,s057
0.46212385808591394,0,s057
0.46240798905710223,0,s057
0.4622037818754048,0,s057
0.4622426278222118,0,s057
0.7617448907832398,1,s057
0.7617046237266607,1,s057
0.4621242945148112,0,s057
0.46204145614438685,0,s057
0.46218680364135833,0,s057
0.4620898778741942,0,s057
0.9054000136590719,1,s057
0.46221502109983303,1,s057
0.46228920563433396,0,s057
0.46212222559406424,1,s057
9.851238946145813e-06,0,s057
0.46223805493371706,1,s057
0.761617842639221,0,s057
0.46242556732013695,1,s057
0.46243300935818077,1,s057
0.4620224463058489,1,s057
0.9051894850127158,1,s057
0.462324776041515,1,s057
0.4626695865836832,1,s057
0.46224820654672905,0,s057
0.46218114371714436,1,s057
0.4621650545774416,0,s057
0.4629564008450173,1,s057
0.7622410154774717,1,s057
0.46215844750226553,0,s057
0.4619567557079902,0,s057
0.462643595514423,0,s057
0.46242931057569336,1,s057
0.4619222700494905,0,s057
0.4618092252097705,0,s057
0.761541491368162,1,s057
0.46208737260804233,0,s057
0.0007574929188447488,0,s057
0.4623933687473878,0,s057
0.46255927366067207,0,s057
0.4621404668344089,0,s057
0.4622969314746681,0,s057
0.46220476689880097,1,s057
0.7616638983186119,1,s057
0.4620621991388063,0,s057
0.46168043741020526,0,s057
0.46215842582159916,1,s057
0.46212359269993697,0,s057
0.4623672317196279,1,s057
0.46227729473895773,1,s057
0.4620353088969056,0,s057
0.46211088053260974,0,s057
0.4627155872033437,0,s057
0.4621604862418327,0,s057
0.46229043745803056,0,s057
0.46213511210006164,0,s057
0.4622854640727634,0,s057
5.4600316299335816e-05,1,s057
0.4621746953174959,0,s057
0.46226677700854846,0,s057
0.4620873244337891,1,s057
0.7616777377244888,1,s057
0.00010152608264779595,0,s057
0.7617462277598821,0,s057
0.4620773854427307,1,s057
0.4620360934513448,0,s057
0.4623286834018312,0,s057
0.4621847813694868,0,s057
0.46200102917542485,1,s057
9.301209611045635e-05,1,s057
0.4621648354741983,0,s057
0.7616400448325145,0,s057
0.46218332091424763,1,s057
0.4622306593216212,0,s057
0.7618159383641119,0,s057
0.4621968140205832,0,s057
0.7616265494082874,0,s057
0.7616311132385138,0,s057
0.7615323357875787,1,s057
0.7615647166317214,1,s057
0.46217668902646913,0,s057
0.4621126739080077,0,s057
0.46203154526615586,0,s057
0.0003039747691235828,0,s057
2.7891439937866025e-05,0,s057
0.4622009590910905,0,s057
0.9050807152305174,0,s057
0.4621953279928026,1,s057
0.46220988959732145,0,s057
0.4623888077092788,0,s057
0.4620687351052055,1,s057
0.46217648394616107,0,s057
0.4624127709844392,0,s057
0.90516337214431,1,s057
0.46227605228815016,0,s057
2.281515142454893e-05,0,s057
0.4625101822694888,0,s057
0.0001190040015042193,1,s057
0.00012165668984231992,0,s057
0.46207864385854225,1,s057
6.576639027966458e-05,0,s057
0.46234107583200346,0,s057
0.4622845564809914,1,s057
0.7617039700982298,0,s057
0.4621060819001972,1,s057
0.46216030664489094,0,s057
0.4621011673838209,0,s057
0.4625782614092038,1,s057
0.462135838537054,1,s057
0.4624240167675153,0,s057
0.46224171458787966,1,s057
0.4624300695809278,1,s057
0.462370736645096,1,s057
0.46234284936621384,1,s057
0.7615365699423813,0,s057
0.4622491860883926,1,s057
6.226015684651642e-05,0,s057
0.4622548112002087,0,s057
0.46207951327024355,1,s057
0.7619456440493677,1,s057
0.46219703029086867,0,s057
0.7616443138262998,1,s057
0.46209665415864065,0,s057
0.4621927705972042,0,s057
0.4622223218265784,0,s057
0.46228940841883226,1,s057
0.46218359972018175,0,s057
0.4623608959703771,1,s057
0.4619622192086681,1,s057
0.4626527581952107,1,s057
0.46198425297568924,1,s057
0.46248390927676764,1,s057
0.7617678629846913,0,s057
0.7617172838204727,0,s057
0.46209399655672634,0,s057
0.4623204740171767,0,s057
0.7616277744716866,1,s057
0.7616583902896978,1,s057
0.4618475463621501,0,s057
0.4622599094488502,0,s057
0.7616300768727795,0,s057
0.4622781750325149,1,s057
0.4621498532355699,0,s057
0.4623830516641416,0,s057
0.4622661636769563,1,s057
0.7615881414723817,0,s057
0.462038874639342,0,s057
0.46211518459180856,0,s057
0.46202453282095823,1,s057
0.4617549302561772,0,s057
0.4621028953186337,0,s057
0.761695318876666,1,s057
0.46228922524899696,0,s057
0.46236930592011327,0,s057
0.4620316069847441,0,s057
0.761676340376584,1,s057
0.46199836647998493,0,s057
0.4621259973270577,0,s057
0.4621254144262077,1,s057
0.4624387104337735,1,s057
0.46216750937160955,1,s057
0.46227590754887093,1,s057
0.4622126052512898,0,s057
0.9052252036893293,1,s057
0.46248593385465075,1,s057
0.4622303882126415,0,s057
0.462142160974756,1,s057
0.4623514831674469,1,s057
0.4621637040402462,0,s057
0.46223767701380525,0,s057
0.4620853495259001,0,s057
0.46231173861594876,1,s057
0.46238303198035613,0,s057
0.4621520176286429,0,s057
0.4622412396311668,1,s057
0.46195589801836423,0,s057
0.4622501477298917,1,s057
0.4623313750547815,1,s057
0.46209660098106986,1,s057
0.7616265180874653,0,s057
0.7613817472641722,0,s057
0.462265432563119,1,s057
0.4621794356603166,0,s057
0.4621986554869857,1,s057
0.4623004259625916,1,s057
0.4623085868866421,1,s057
0.46224794309241246,1,s057
0.4620517428202924,1,s057
0.4623422544401321,1,s057
0.7616235651790697,1,s057
0.4622247327393043,1,s057
0.4625441821940621,1,s057
0.4622858211984693,1,s057
0.4621129963318431,1,s057
0.46212131598704076,1,s057
0.46215560023446556,1,s057
0.46215209502166354,0,s057
0.46228101410689315,0,s057
0.4621028533463578,1,s057
0.7616580293181581,1,s057
0.4624200505954481,0,s057
0.4620234035051165,1,s057
0.46212474779193413,1,s057
0.4624309347871074,1,s057
0.46217624740336305,0,s057
0.46191993890348226,1,s057
0.46220635552183365,0,s057
0.7616786191370057,1,s057
0.4622530389158628,0,s057
0.46223947260495146,1,s057
0.46209212525846066,0,s057
0.462181118284537,1,s057
0.0002095360115561551,0,s057
0.4623499368880051,0,s057
0.46237213798171095,0,s057
0.7617231055853053,1,s057
0.46230162927585616,0,s057
0.46218185526697164,0,s057
0.46167433199684615,0,s057
0.46221368930909357,0,s057
0.7616758150710501,1,s057
0.46212959628439654,0,s057
0.46211548195175145,1,s057
0.4622561889671284,1,s057
0.46224571388277136,1,s057
0.46232982892107577,1,s057
0.46214784064790204,1,s057
0.46222911053246163,1,s057
0.7617558433602585,0,s057
0.46230810402635947,1,s057
0.46235908012579063,1,s057
0.7615777816735705,1,s057
0.46215737038090055,1,s057
0.4620876672027545,0,s057
0.46218685132317217,0,s057
0.46215555782097884,0,s057
0.4622151380368087,0,s057
0.46221891306680485,1,s057
0.4620339413039467,1,s057
0.46204161283596457,0,s057
0.462157599985888,1,s057
0.4622773826532398,0,s057
0.462186905514983,1,s057
0.4620515781879053,0,s057
0.4620002729666559,0,s057
0.4623132798003655,0,s057
0.46213962452735746,0,s057
0.46221449667597136,0,s057
0.7616549914527242,1,s057
0.7617148640670084,1,s057
0.46209084607474127,0,s057
0.4620990695138092,0,s057
0.4623643642019122,1,s057
0.4620354202257835,0,s057
0.46250609073750026,0,s057
0.7617380056106045,0,s057
0.4620395242681332,1,s057
0.46226244784729253,1,s057
0.4620931770354273,0,s057
0.00014083940813569562,1,s057
0.4624648564363003,0,s057
0.4623486373347645,1,s057
0.4622287407937202,0,s057
0.46223137871301523,0,s057
0.46230763037191847,1,s057
0.4622142722145839,0,s057
0.46210372196803373,0,s057
0.4620822631621049,1,s057
0.46217880893556607,1,s057
0.4622422137686113,1,s057
0.00018840318293045222,0,s057
2.648525926307599e-05,1,s057
0.462107559086814,1,s057
0.4618701946785537,0,s057
0.4621772062097149,1,s057
0.46221417391988284,1,s057
0.46223664890184346,1,s057
0.7617097740037297,0,s057
0.4620423349399838,1,s057
0.4620491755093141,1,s057
0.7615731389480314,1,s057
0.7617217033359927,1,s057
0.46221929576750265,1,s057
0.46232501598176556,1,s057
0.46177617587836206,0,s057
0.4620341613375425,0,s057
0.46206863634410844,1,s057
0.4620644778413123,1,s057
0.46237488982297714,1,s057
0.00022812949816519712,1,s057
0.46215052296839465,1,s057
0.46238165519594054,0,s057
0.46235028481199514,0,s057
0.7617092352749388,0,s057
0.4622947458930642,1,s057
1.3781663713352543e-05,0,s057
0.7615358957544813,1,s057
0.4621975127544893,1,s057
0.46211258415769074,1,s057
0.4622763389729776,1,s057
0.4623271597906451,1,s057
0.4622075960393943,0,s057
0.46213631516510034,1,s057
0.7615513344704246,0,s057
0.4622246336131557,0,s057
0.4621136016166034,1,s057
0.46221217488560096,1,s057
0.761715292457483,1,s057
0.7617343279615971,1,s057
0.4620068096983545,0,s057
0.46286546586488675,0,s057
0.4621741941457196,0,s057
0.46200942850760485,1,s057
0.46210996724425746,0,s057
0.46206250765048984,1,s057
0.4623346950191374,0,s057
