tp,fp,tn,fn,accuracy,precision,recall,f1,far,frr
1884,666,305334,4236,0.9842945021145714,0.7388235294117647,0.307843137254902,0.43460207612456747,0.002176470588235294,0.692156862745098
