trust_score,label,user_id
0.8334164136490211,1,user12
0.7621709406220477,1,user12
0.6918072022151734,1,user12
0.7685956143595447,1,user12
0.7785778511201923,1,user12
0.7684303973890914,1,user12
0.8249068529485931,1,user12
0.4263425823679192,0,user12
0.8207578050084389,1,user12
0.595888170751462,1,user12
0.30121459682047325,0,user12
0.3619651976347303,1,user12
0.6479840548784853,0,user12
0.637390679704759,1,user12
0.7335829981005761,1,user12
0.7207390510049013,1,user12
0.5402041869936075,1,user12
0.32934906730873176,1,user12
0.44511863497618004,1,user12
0.6526458894752392,1,user12
0.4958213730789168,0,user12
0.7576877243768676,1,user12
0.8620777883363305,1,user12
0.7842767547936762,1,user12
0.8110504939082382,1,user12
0.802550673659944,1,user12
0.9355025018474659,1,user12
0.8336496312527127,1,user12
0.500192059213526,0,user12
0.7412077590576437,1,user12
0.8650749442575567,1,user12
0.41663513229214066,1,user12
0.7746111967665327,1,user12
0.7705639111955287,1,user12
0.725342226683377,1,user12
0.6913305858607526,1,user12
0.6756094773950987,1,user12
0.6889848577526426,1,user12
0.7951810079247154,1,user12
0.525500952309839,1,user12
0.33358156480892465,0,user12
0.45093558692855545,0,user12
0.7311855595456646,0,user12
0.7727255169003476,1,user12
0.8352744321711998,1,user12
0.6840220944018478,1,user12
0.7744821731303809,1,user12
0.7094546492031153,1,user12
0.6929725072326175,1,user12
0.7191850211303835,1,user12
0.7056379928466583,1,user12
0.7412365269281661,1,user12
0.6468691161449245,1,user12
0.8597027898715237,1,user12
0.8123669173430328,1,user12
0.7905658959251578,1,user12
0.8132931281254575,1,user12
0.6905461639202564,0,user12
0.6035085824634364,1,user12
0.6395585336672022,1,user12
0.8195816349743241,1,user12
0.7312587900630309,1,user12
0.7141958855768984,1,user12
0.7382220138281982,1,user12
0.8409852274334477,1,user12
0.7087404407108003,1,user12
0.9562317714270946,1,user12
0.7880254504842686,1,user12
0.7462116945825884,0,user12
0.7906694037698251,1,user12
0.729859782425237,1,user12
0.7354006376398846,1,user12
0.7402232842820915,1,user12
0.7491435487106883,1,user12
0.7389533351718164,1,user12
0.6931446280357824,1,user12
0.7319609786926371,1,user12
0.7101541069298912,1,user12
0.7212841128296287,1,user12
0.5933544610219718,1,user12
0.9015943608543531,1,user12
0.7044442586494954,1,user12
0.6923886028241723,1,user12
0.8482865778655043,0,user12
0.5397090385081879,1,user12
0.2633133114204156,1,user12
0.4470178709961573,1,user12
0.6678346851630669,1,user12
0.473676240070348,0,user12
0.6839355082139239,1,user12
0.6654639806480361,1,user12
0.8207591096032886,1,user12
0.8429095623682725,1,user12
0.7862059458737766,1,user12
0.6939559910610011,1,user12
0.791390377201968,1,user12
0.9055513824314364,1,user12
0.6832597981283159,1,user12
0.6847732950291612,1,user12
0.6702160430829305,1,user12
0.7603812440229326,1,user12
0.4204624246696991,0,user12
0.5099675447506227,1,user12
0.8275284043838649,1,user12
0.7708306658091283,1,user12
0.8012908631767529,1,user12
0.2703898990442067,1,user12
0.9637745333641777,1,user12
0.9604803001046662,1,user12
0.24618598611314843,0,user12
0.5597537608247392,1,user12
0.7640603091705618,1,user12
0.8127502080664551,1,user12
0.8276123172246235,1,user12
0.506879418495196,0,user12
0.8258580560333314,1,user12
0.9797942450125603,1,user12
0.9266531972883251,1,user12
0.7278785559278006,1,user12
0.7767521498256735,1,user12
0.4646021409990378,1,user12
0.5567932334360437,1,user12
0.5901190371359631,1,user12
0.5769363093454258,1,user12
0.565904862481675,1,user12
0.8329111647665226,1,user12
0.35741542442242186,1,user12
0.9020290552166641,1,user12
0.792066809915919,1,user12
0.37062383038731384,1,user12
0.5408228232261821,0,user12
0.6988944900111199,1,user12
0.769258588055126,1,user12
0.7008291337221974,1,user12
0.7075407560315206,1,user12
0.6865218217269069,1,user12
0.7538878649520083,1,user12
0.7741744115236571,1,user12
0.446457606247287,0,user12
0.6993633750248162,1,user12
0.6846732884774518,1,user12
0.3609721081816216,0,user12
0.7721988749246612,1,user12
0.809979677974343,0,user12
0.45940907762617444,1,user12
0.37910222108931996,1,user12
0.6080901491011543,0,user12
0.5753627019328943,0,user12
0.7799586570065496,1,user12
0.8273722066085019,1,user12
0.9134643302578659,1,user12
0.7378983960333556,1,user12
0.546421692334319,1,user12
0.8111411299800575,1,user12
0.7959335463796233,1,user12
0.7214070396731879,1,user12
0.8372964386294519,1,user12
0.4197862667289634,1,user12
0.9675891072851055,1,user12
0.7305483018561769,1,user12
0.4070173649194994,1,user12
0.3883950640014943,0,user12
0.3149862762226902,1,user12
0.7014156263928437,1,user12
0.6789432776218991,1,user12
0.22604992116614978,0,user12
0.744400879291384,1,user12
0.42223467488996275,1,user12
0.8419456467006821,1,user12
0.931546887589529,1,user12
0.8478682502425434,1,user12
0.6673748563269176,1,user12
0.7909665275002121,1,user12
0.6191276455994272,1,user12
0.7481528062749918,1,user12
0.7062770100561144,1,user12
0.653208883657281,1,user12
0.7053751520442804,1,user12
0.7123398684509911,1,user12
0.7063142132536249,1,user12
0.6907801026750897,1,user12
0.8690774311977882,1,user12
0.8749019595025328,1,user12
0.8035360467650906,1,user12
0.31057614696210745,1,user12
0.753233793767303,1,user12
0.7254491927910647,1,user12
0.7315660119775579,1,user12
0.6931300249453215,1,user12
0.6284257518614091,1,user12
0.8907914295235174,1,user12
0.43787042062093007,1,user12
0.8989151875381718,1,user12
0.7947342465645936,1,user12
0.29967784536961656,0,user12
0.38309832051996995,0,user12
0.5378129929661959,0,user12
0.8313822167087414,1,user12
0.9076064886307744,1,user12
0.8999428053744281,1,user12
0.7580192538875036,1,user12
0.6804594092555222,1,user12
0.7783779752073189,1,user12
0.9543819378086046,1,user12
0.8019259115242913,1,user12
0.6617707540546566,1,user12
0.6483953396626098,1,user12
0.6904367177941647,1,user12
0.508014328677198,0,user12
0.5269599620487838,1,user12
0.7578650485067966,0,user12
0.8355533531616821,1,user12
0.7724150571023326,1,user12
0.47280627917545837,0,user12
0.7882982714828314,1,user12
0.7331787700354605,1,user12
0.45276592513768027,1,user12
0.7973498494531032,1,user12
0.6766678455452492,1,user12
0.6809363850962513,1,user12
0.7176938632581731,1,user12
0.6624188541151332,1,user12
0.5290526192579812,1,user12
0.38417444482100493,0,user12
0.6560533751694283,1,user12
0.6581478774593201,1,user12
0.4767809400942365,1,user12
0.3272270937093952,1,user12
0.7064853202581348,1,user12
0.7594781470309762,1,user12
0.3127636796798737,0,user12
0.7733268311150518,1,user12
0.5849026100301523,1,user12
0.623912148879661,1,user12
0.40175657258020686,0,user12
0.5852188940826953,1,user12
0.24306777053309844,1,user12
0.7580187339165085,1,user12
0.6716633005628314,1,user12
0.5085754999499372,1,user12
0.4298630335882548,0,user12
0.2741533676665999,0,user12
0.9667261827154139,1,user12
0.9695622702442586,1,user12
0.74396261344641,1,user12
0.5564493617374876,1,user12
0.7564273273450868,1,user12
0.953170004923165,1,user12
0.6795399616560661,1,user12
0.6659903883957402,1,user12
0.5415500426680667,0,user12
0.5433261558766298,1,user12
0.889819730004376,1,user12
0.9623353214933387,1,user12
0.8454814045577038,1,user12
0.7544358575919603,1,user12
0.659555628653242,1,user12
0.6826032629561626,1,user12
0.7213491509227227,1,user12
0.8512797069505577,1,user12
0.8286032476857095,1,user12
0.7168165295155905,1,user12
0.7940605045061577,1,user12
0.7339577636214769,1,user12
0.624100620145208,1,user12
0.8428284726797141,1,user12
0.7437579232301641,1,user12
0.7558861889985956,1,user12
0.6786454858564974,1,user12
0.7607814003988923,1,user12
0.7059435841431512,1,user12
0.6352745917604553,1,user12
0.7164305280715556,1,user12
0.7907848498900428,1,user12
0.7472502247501627,1,user12
0.7876638532521786,1,user12
0.36867377504498233,0,user12
0.6960768033437763,1,user12
0.9634026088472017,1,user12
0.326653696918527,1,user12
0.7275276615209815,1,user12
0.6269892782847869,1,user12
0.8846575630943966,1,user12
0.6924598631146184,1,user12
0.6703417348412477,1,user12
0.7040886549911206,1,user12
0.4330803486667876,1,user12
0.8678727373698227,0,user12
0.7502211342394981,0,user12
0.7245871360490118,1,user12
0.8061710098415393,1,user12
0.7596778210657497,1,user12
0.8380271565888103,1,user12
0.6341784412675741,1,user12
0.9154948140545971,1,user12
0.6012471767759193,1,user12
0.7766135986177782,0,user12
0.5004943102687283,1,user12
0.872125798044647,1,user12
0.7773273556860583,1,user12
0.3219126465909071,0,user12
0.8957992270028117,1,user12
0.7570829606177547,1,user12
0.7799229259347512,1,user12
0.493815110436903,1,user12
0.8317056669227245,1,user12
0.5452247162551452,0,user12
0.7996230110325907,1,user12
0.7229371983970858,1,user12
0.8397160737213645,1,user12
0.982776251263994,1,user12
0.9634945366012614,1,user12
0.7076208607856829,1,user12
0.9851852064569995,1,user12
0.8708595463131956,1,user12
0.7366047871901378,1,user12
0.7983120743008675,1,user12
0.8735617787812269,1,user12
0.8393754019453366,1,user12
0.3865145589328478,1,user12
0.7729823363012834,1,user12
0.7843913151732147,1,user12
0.7711494580335393,1,user12
0.7919559244525688,1,user12
0.8766888440533979,1,user12
0.5379254808789312,0,user12
0.8929043459282286,1,user12
0.9405401830754538,1,user12
0.9088722208679156,1,user12
0.8790142191582425,1,user12
0.6287027785146422,1,user12
0.6998991942002298,1,user12
0.6320470176629038,1,user12
0.5907156452282717,1,user12
0.780446722656098,1,user12
0.922319132325512,1,user12
0.8741923982648746,1,user12
0.9647024086260455,1,user12
0.822305351104517,1,user12
0.9447253188733926,1,user12
0.6811655344939681,1,user12
0.8113966283222638,1,user12
0.6042823014672403,1,user12
0.7929214780664591,1,user12
0.7606587208960571,1,user12
0.7744613894152991,1,user12
0.6890105074100727,1,user12
0.735007487059633,1,user12
0.45511517137339635,0,user12
0.7334078338798568,1,user12
0.9057143717316011,1,user12
0.5157154360953181,0,user12
0.44517403450381693,0,user12
0.6142924581524766,1,user12
0.6757034797157287,1,user12
0.9777558426103463,1,user12
0.9923293545512291,1,user12
0.5791377001503965,0,user12
0.42302112098104555,0,user12
0.6784167092916629,1,user12
0.2855611448842892,0,user12
0.3878252373513972,0,user12
0.4768348719639557,1,user12
0.900213943590579,1,user12
0.5510279062894835,1,user12
0.7177205582472076,1,user12
0.7452183761735595,1,user12
0.8922009987075947,1,user12
0.5733884147061031,1,user12
0.7420402561820056,1,user12
0.655245015921624,1,user12
0.6764995737731057,1,user12
0.25045819918066886,0,user12
0.5145404781844655,1,user12
0.6136884995043294,1,user12
0.5651085053936478,1,user12
0.5619612837150851,1,user12
0.47491941245480507,1,user12
0.7094995767965785,1,user12
0.7402009567208425,1,user12
0.9323750182329851,1,user12
0.78894815931251,1,user12
0.733403058979873,1,user12
0.35635807053111074,0,user12
0.6247901981497321,1,user12
0.9487800951475165,1,user12
0.9125864243773324,1,user12
0.6390338964743947,1,user12
0.48117920845821366,1,user12
0.2882624403529962,0,user12
0.8587454253554933,1,user12
0.3180755320720003,0,user12
0.33035330880308966,0,user12
0.6352445458397737,0,user12
0.653642690892058,1,user12
0.8158340948873379,1,user12
0.6560906107371108,1,user12
0.6377110556011983,1,user12
0.7207086151828562,1,user12
0.7627912331401464,1,user12
0.6939965650324408,1,user12
0.7514050611672309,1,user12
0.980159637721195,1,user12
0.9715143595200618,1,user12
0.7823040142513381,1,user12
0.7336519202236632,1,user12
0.26819096598040193,0,user12
0.8878260607481826,1,user12
0.5882539655905934,1,user12
0.83001749021906,1,user12
0.8177235262829834,1,user12
0.4626873273717209,1,user12
0.8019596854135578,1,user12
0.6440637662273071,1,user12
0.8301155431017563,1,user12
0.8187198462684119,1,user12
0.6510631647453037,1,user12
0.6761976349827462,1,user12
0.4409107167262262,1,user12
0.37430919275571256,1,user12
0.7650377968183179,1,user12
0.8257584951708026,1,user12
0.7539734571135156,1,user12
0.7734693383837918,1,user12
0.7843485299013259,1,user12
0.5728318192843794,0,user12
0.5955878267548492,1,user12
0.6916095751031637,1,user12
0.5335716303422489,0,user12
0.8247627562352604,0,user12
0.8677159103732786,1,user12
0.874195163649055,1,user12
0.8326446588574232,1,user12
0.7722733098636516,1,user12
0.7830773644124848,1,user12
0.8234848608737333,1,user12
0.6271860443814852,1,user12
0.8163390992275183,1,user12
0.9078166299534715,1,user12
0.734130364976148,1,user12
0.8009044731596718,1,user12
0.6662626177293353,1,user12
0.7785546725604795,1,user12
0.8352773974089499,1,user12
0.9030675642642255,1,user12
0.9064586599893648,1,user12
0.3307017213038154,0,user12
0.5557290937756599,0,user12
0.42004288806425205,1,user12
0.6264637043446569,1,user12
0.6313971128101993,1,user12
0.7144299300115173,1,user12
0.6451091530891259,1,user12
0.6308141629419695,1,user12
0.7100965627789277,1,user12
0.7348014637626566,1,user12
0.7367910477540397,1,user12
0.7642970197504615,1,user12
0.7689876974581643,1,user12
0.6218304940804162,1,user12
0.6437156435135746,1,user12
0.6543738227771069,1,user12
0.6535565889403133,1,user12
0.7840549571006119,1,user12
0.8851195481535533,1,user12
0.758146937336777,1,user12
0.7738326629161102,1,user12
0.8048721044551337,1,user12
0.6455792233701994,1,user12
0.6271731942069222,1,user12
0.7819379849130776,1,user12
0.7359041740221932,1,user12
0.477383894995563,1,user12
0.593251129575291,1,user12
0.6729304042615695,1,user12
0.31247852406067783,1,user12
0.8220761580006747,1,user12
0.8356845082292474,1,user12
0.5573794556209907,1,user12
0.7930768442102116,1,user12
0.9011032050959993,1,user12
0.27825026056768337,1,user12
0.590995431549572,0,user12
0.6040869614227896,1,user12
0.36706770390785165,0,user12
0.7491005779080413,1,user12
0.7734654926559665,1,user12
0.7219593967871284,1,user12
0.7664557319958485,1,user12
0.506858686912665,1,user12
0.7428367680751151,1,user12
0.6933936723834095,1,user12
0.8797576865992749,1,user12
0.8689124764234238,1,user12
0.7478505260401229,1,user12
0.8917430318844412,1,user12
0.5408345408512765,1,user12
0.7934839968808838,1,user12
0.7432826783215674,1,user12
0.39153264133886606,0,user12
0.8010071208634816,1,user12
0.6224217307075255,1,user12
0.768033369961654,1,user12
0.7403551349287172,1,user12
0.6572596041854479,1,user12
0.8025979532156001,1,user12
0.8270057883994338,1,user12
0.7035736005113807,1,user12
0.7684770510347909,1,user12
0.7221743201060281,1,user12
0.7481006585924312,1,user12
0.8078366191434718,1,user12
0.7825457220561436,1,user12
0.64935992555712,1,user12
0.6771008213893275,1,user12
0.6472568047132324,1,user12
0.7091853895889304,1,user12
0.7435876229647916,1,user12
0.6646328099087435,1,user12
0.7133257330627213,1,user12
0.8403261760833834,1,user12
0.7400550261064862,1,user12
0.7143861513463932,1,user12
0.7513468779174064,1,user12
0.3248122800826876,0,user12
0.7548731410473831,1,user12
0.7613407744907594,1,user12
0.7615327825068927,1,user12
0.5898249323259815,1,user12
0.5892196913083182,1,user12
0.40010568424115767,0,user12
0.29493984424785313,0,user12
0.3979002668880685,1,user12
0.4043318586429024,1,user12
0.7921556467686791,1,user12
0.8646264990669607,1,user12
0.32629695875384424,0,user12
0.5235560741175105,0,user12
0.6042526430365457,1,user12
0.4856599958379726,1,user12
0.5373543701013054,1,user12
0.801395099296798,1,user12
0.7090056419069009,1,user12
0.6767581022711622,1,user12
0.7033818565329086,1,user12
0.4256750343916344,0,user12
0.25165544432275216,1,user12
0.7244103564442016,1,user12
0.27566956574420404,1,user12
0.6514828760924716,1,user12
0.5957922307857708,1,user12
0.6372884218837191,1,user12
0.43029568708800925,1,user12
0.7308932620013772,1,user12
0.8363793614323431,1,user12
0.7237661775582503,1,user12
0.44007606944096395,0,user12
0.38985732020422886,0,user12
0.8274135598144488,1,user12
0.9197356607973786,1,user12
0.43887759402693743,1,user12
0.45262305472390735,1,user12
0.6939668931968926,1,user12
0.28731258352305644,0,user12
0.7430261214076959,1,user12
0.833449166967638,1,user12
0.8167503686500015,1,user12
0.4287562798050097,1,user12
0.5127941460039696,0,user12
0.3313441614703021,1,user12
0.3493595007350189,1,user12
0.3450775635883627,1,user12
0.3023866649887292,1,user12
0.6320147097671338,1,user12
0.5394252904575915,1,user12
0.7022293560019486,1,user12
0.6873953611908091,1,user12
0.27300247918174836,0,user12
0.7180912469785222,1,user12
0.760915520852785,1,user12
0.7157093692067149,1,user12
0.3936810606870702,0,user12
0.4340637450437955,1,user12
0.8402953036548478,1,user12
0.6829654857864508,1,user12
0.7744598773382071,1,user12
0.7364486302040808,1,user12
0.6316556902996951,1,user12
0.7001746707406292,1,user12
0.8852682442091999,1,user12
0.37193912467156964,1,user12
0.6565118504701525,1,user12
0.7712630985322221,1,user12
0.5476068755766662,0,user12
0.2595200460608989,1,user12
0.48366881687417806,0,user12
0.7364352753412414,1,user12
0.8490263435371775,1,user12
0.42344096731351927,1,user12
0.27816954490236306,1,user12
0.914630157027688,1,user12
0.480783578965521,1,user12
0.8529120210622049,1,user12
0.6910605840744363,1,user12
0.7211655928689829,1,user12
0.8229443543411566,1,user12
0.6999852028211722,1,user12
0.6836704232237725,1,user12
0.7773122100551558,1,user12
0.40285208066370887,1,user12
0.5356640274733945,1,user12
0.7868362824848992,1,user12
0.7317533021107389,1,user12
0.7895478982125204,1,user12
0.3771331414146756,1,user12
0.7656770800679976,1,user12
0.6178411369183138,1,user12
0.4858161018452582,1,user12
0.47003215168321594,0,user12
0.4491239564432786,0,user12
0.47084373400726154,1,user12
0.41176419893300936,1,user12
0.19797859633401907,0,user12
0.5281779659268716,1,user12
0.5993534149368408,1,user12
0.9066860189825597,1,user12
0.6501129168562476,1,user12
0.5843604179361005,1,user12
0.7101747657507799,1,user12
0.7776028843461117,1,user12
0.442673135435675,1,user12
0.5991440790319601,1,user12
0.8683369162894348,1,user12
0.7410108717626017,1,user12
0.9244637702577134,1,user12
0.9693284359475413,1,user12
0.8901655134342856,1,user12
0.9779250697771638,1,user12
0.8441599660035021,1,user12
0.33375505462474037,0,user12
0.6895200066850794,1,user12
0.8034178244166557,1,user12
0.2472321408815189,0,user12
0.3606583661999272,1,user12
0.837478912192963,0,user12
0.8084901893141339,1,user12
0.8900859605704331,1,user12
0.7506741971011581,1,user12
0.9200183081153657,1,user12
0.9710408821213481,1,user12
0.8721473662837669,1,user12
0.8748736928327839,1,user12
0.8641669711823451,1,user12
0.9547970070490814,1,user12
0.762914622773229,1,user12
0.7121827455684216,1,user12
0.8027679845312042,0,user12
0.694315672900804,1,user12
0.7382436276587039,1,user12
0.652151669997891,1,user12
0.3720208578577181,1,user12
0.7609824077782066,1,user12
0.9024914761238102,1,user12
0.7781397941180159,1,user12
0.8901824573304213,1,user12
0.6773745098560716,1,user12
0.7885720472187836,1,user12
0.8469784611957123,1,user12
0.8803072239101214,1,user12
0.6430567428377851,1,user12
0.514026155521736,0,user12
0.37854217644090843,0,user12
0.4047522987103891,1,user12
0.8106699044029664,1,user12
0.7316712538150215,1,user12
0.3189025483408113,0,user12
0.29689006277956953,0,user12
0.963317330765402,1,user12
0.912588468638414,1,user12
0.8013868724866153,1,user12
0.9230365339583496,1,user12
0.8053246406010494,1,user12
0.5180048159716214,1,user12
0.8164653142877298,1,user12
0.3874793165439772,0,user12
0.6738155464469908,1,user12
0.7654613517346873,1,user12
0.37976845167772544,0,user12
0.6905735576563455,1,user12
0.7545654476661287,1,user12
0.44605537889023783,0,user12
0.47867007071494516,1,user12
0.5975832852949157,1,user12
0.4716154084438098,1,user12
0.5050513959143088,1,user12
0.7013583244676789,1,user12
0.7181679436574745,1,user12
0.7622314762855746,1,user12
0.9083494886893049,0,user12
0.2234108303888386,0,user12
0.4899772643379589,0,user12
0.6908658575197434,1,user12
0.7265330400448222,1,user12
0.48804297079507275,1,user12
0.5458971020398774,0,user12
0.3325436651388765,0,user12
0.34552134642934285,0,user12
0.4690159683371183,0,user12
0.777809951908424,1,user12
0.28176783854300125,1,user12
0.35776991080176296,0,user12
0.5412769257556196,0,user12
0.5047200593992295,0,user12
0.7850315447262186,1,user12
0.8737382452893816,1,user12
0.4107402456769699,0,user12
0.8299149002011782,0,user12
0.4876523835713189,0,user12
0.37615510817863285,0,user12
0.3545288334487987,0,user12
0.3083414039586873,0,user12
0.39023982731819484,1,user12
0.8350427860088211,1,user12
0.8036131857303975,1,user12
0.6538945331422078,1,user12
0.7342179457742227,1,user12
0.983413054068255,1,user12
0.3015488677436508,0,user12
0.32718482301897367,0,user12
0.3803171296410926,0,user12
0.7884724031792706,1,user12
0.8919378955990787,1,user12
0.672750423013015,1,user12
0.8083404003963403,1,user12
0.8094578995806563,1,user12
0.3777028338287767,0,user12
0.35328658559349513,1,user12
0.3389888665738849,0,user12
0.4725954970085352,1,user12
0.36799272455779436,1,user12
0.7182871542705174,1,user12
0.6649316012495965,1,user12
0.49059704093364526,0,user12
0.6859525993731879,1,user12
0.5710117715147047,0,user12
0.6568328523340289,0,user12
0.5821847611220796,1,user12
0.4561880079456594,1,user12
0.451919208661086,1,user12
0.7834757008980248,1,user12
0.7616259086164133,1,user12
0.3718999878400349,0,user12
0.26284445401093937,1,user12
0.8227020395903717,1,user12
0.8619879453032319,1,user12
0.8147765531525457,1,user12
0.6689019006978217,1,user12
0.2832743419843856,1,user12
0.5629360399295337,1,user12
0.6802005988155799,1,user12
0.9382116090485605,1,user12
0.878592961221311,1,user12
0.6916407813116571,1,user12
0.47345452096023494,1,user12
0.8006229293190548,1,user12
0.3589268558966113,0,user12
0.7413952382664627,1,user12
0.4169066868279079,1,user12
0.8810073486202057,1,user12
0.47695664307196417,0,user12
0.4461969546803821,0,user12
0.5037547084143575,0,user12
0.6912096139063253,1,user12
0.6775715331830134,1,user12
0.5436270431045949,1,user12
0.5585545534982729,1,user12
0.8303245048597374,1,user12
0.6487628052766815,1,user12
0.6412138523384191,0,user12
0.331031204906177,1,user12
0.4692254128174013,1,user12
0.7888814062133969,1,user12
0.7343518324382056,1,user12
0.6908197365584284,1,user12
0.6562270537752406,1,user12
0.905472546076902,1,user12
0.6871799195257661,1,user12
0.2797355087723152,0,user12
0.8261603371204744,1,user12
0.6368747659852494,1,user12
0.7802571382140939,1,user12
0.6817891004849812,1,user12
0.8255400790643035,1,user12
0.7274733713870598,1,user12
0.6745269061943828,1,user12
0.8350321765606574,1,user12
0.6939890708582379,1,user12
0.7708390463357466,1,user12
0.5018354438360932,0,user12
0.3822773403374306,0,user12
0.40378696562093686,1,user12
0.37826560678426513,0,user12
0.2906162913428042,1,user12
0.37754403189723607,1,user12
0.5256683748064368,1,user12
0.4184324229045718,1,user12
0.5471443385785585,0,user12
0.7029354770465789,1,user12
0.6591156318426652,1,user12
0.5277572409679294,1,user12
0.4417852660895226,1,user12
0.6696863598409416,0,user12
0.8354361652595317,1,user12
0.7391662614670871,1,user12
0.4564832607589595,1,user12
0.5476629707788987,0,user12
0.3926896561823381,0,user12
0.8036956518069674,1,user12
0.6100123948961185,1,user12
0.5860172822172036,1,user12
0.8112704731257715,0,user12
0.7125701958649763,1,user12
0.7516776205959539,1,user12
0.8601443686562913,1,user12
0.5269825757336666,1,user12
0.3319293368538771,0,user12
0.764717134949474,1,user12
0.8425817295028529,1,user12
0.5474248681564833,0,user12
0.7283410422568479,1,user12
0.4817416265783557,1,user12
0.4963906410276864,0,user12
0.28740845014633565,0,user12
0.20319442829574244,0,user12
0.5024905094304063,0,user12
0.2814951517113048,0,user12
0.5642777289899351,0,user12
0.2900342446999294,0,user12
0.34875724499227373,1,user12
0.7836364141022927,1,user12
0.9141433413368909,1,user12
0.5587117267649974,0,user12
0.42143008342837046,0,user12
0.24295775905139597,0,user12
0.37609137102575974,0,user12
0.3896718599099482,0,user12
0.8815475062313591,1,user12
0.9180799175696218,1,user12
0.5661917876339934,1,user12
0.9161316043556839,1,user12
0.8721533810813195,1,user12
0.7937962531967253,1,user12
0.4082277287577522,0,user12
0.48845987652469297,1,user12
0.6971837347776956,1,user12
0.7437714766440744,1,user12
0.7340237944835143,1,user12
0.85747442531881,1,user12
0.760954285807575,1,user12
0.5153728763975636,1,user12
0.670504935704008,1,user12
0.7600666042557744,1,user12
0.3870336298069756,0,user12
0.3723774394668243,0,user12
0.39159282609532553,1,user12
0.31630340643451094,1,user12
0.6888813428646495,1,user12
0.5490842216480105,1,user12
0.45028069255110287,0,user12
0.33091623384120933,0,user12
0.5433544594870914,0,user12
0.27289265465861456,0,user12
0.349360752497948,0,user12
0.35374260525844964,1,user12
0.7989968564880867,1,user12
0.5456632941401633,1,user12
0.40046107763576705,1,user12
0.5173433121947323,0,user12
0.4126148843906365,1,user12
0.7783406811567726,1,user12
0.7124189918004731,1,user12
0.8502596314621078,1,user12
0.8792090693621604,1,user12
0.7962502691638873,1,user12
0.8503369382294917,1,user12
0.775522713071054,1,user12
0.28315245948563916,1,user12
0.6367810601649817,1,user12
0.7268602120297246,1,user12
0.7482945792228934,1,user12
0.7475472768242023,1,user12
0.28725255059159194,0,user12
0.6851299804544471,1,user12
0.5466856601218547,1,user12
0.5367965349388335,1,user12
0.3606049921314379,1,user12
0.7421723083725423,1,user12
0.8516650040819329,1,user12
0.6146636915995666,1,user12
0.3003854833918627,1,user12
0.9177306839504982,1,user12
0.7671910867242546,1,user12
0.5685549804343999,1,user12
0.671000521618366,1,user12
0.7135505773012394,1,user12
0.7399194564289339,1,user12
0.4929755573137192,1,user12
0.8031702285722623,1,user12
0.4324550635016116,1,user12
0.22163088791344263,1,user12
0.30605229709470827,0,user12
0.8177723704256314,1,user12
0.8016184816106366,1,user12
0.8743737382917639,1,user12
0.3787014166426125,1,user12
0.4658604312678511,0,user12
0.7723741050779873,1,user12
0.9762505904688307,1,user12
0.5401588225907316,1,user12
0.7233884115552001,1,user12
0.34748339380792387,0,user12
0.41485485372209985,1,user12
0.7176059123592755,1,user12
0.5117404751250455,1,user12
0.356927426350893,0,user12
0.4823687259943764,1,user12
0.755572247168665,1,user12
0.809770194142646,1,user12
0.8997197341387333,1,user12
0.42653921530744593,1,user12
0.3110018366023679,0,user12
0.33373365600089266,0,user12
0.18048348564110434,1,user12
0.2133903375177928,0,user12
0.2703080747601515,0,user12
0.28974411904871566,0,user12
0.4104097914894177,1,user12
0.3303378265924258,0,user12
0.2870065660292392,0,user12
0.37795831951220055,1,user12
0.4233226106816644,1,user12
0.7302744746993245,1,user12
0.46786687992341086,0,user12
0.7111550668023556,1,user12
0.639665896631729,1,user12
0.6409111748251026,1,user12
0.7165823528555997,1,user12
0.8409514798727,0,user12
0.3640965813207355,0,user12
0.7098704563044821,1,user12
0.7399067304996342,0,user12
0.9944470188838339,1,user12
0.9961072056931176,1,user12
0.6443611342922336,1,user12
0.8247874916934578,1,user12
0.7814409140608696,1,user12
0.6649743616585766,1,user12
0.7404109535417763,1,user12
0.8458320706974551,1,user12
0.8577131085289126,1,user12
0.7978649343505855,1,user12
0.8861869002240127,1,user12
0.9906916149947317,1,user12
0.8821475905346683,1,user12
0.9869426443986759,1,user12
0.8437140421051794,1,user12
0.7880691041384974,1,user12
0.8249130595073043,1,user12
0.7448612051692364,1,user12
0.7537262643047582,1,user12
0.40778701936535705,0,user12
0.4745301834389104,0,user12
0.7672407123687859,1,user12
0.7783521258765275,1,user12
0.6838759454163407,1,user12
0.26526281099513377,0,user12
0.7026217958282057,1,user12
0.7003164294929244,1,user12
0.5695064418224556,1,user12
0.7873221324434896,1,user12
0.881576024720615,1,user12
0.7326132641911577,1,user12
0.33656244834258114,0,user12
0.4931205859253912,0,user12
0.9494124081346049,1,user12
0.881402313052159,1,user12
0.539154576861526,1,user12
0.6888922117209431,1,user12
0.8288119514167163,1,user12
0.5714065877787898,1,user12
0.8302239434171858,1,user12
0.7931547705771479,1,user12
0.9359703289803141,1,user12
0.711284671599952,1,user12
0.8139801043159335,1,user12
0.2897757390126006,1,user12
0.7374567536874771,1,user12
0.7502629604917603,1,user12
0.8431784278097774,1,user12
0.5950823448262982,1,user12
0.7548739328055971,1,user12
0.7631104367113157,1,user12
0.3250333635731601,1,user12
0.5603997222541388,1,user12
0.7475862663782566,1,user12
0.7646091785493192,1,user12
0.7258434144841909,1,user12
0.6074520544364436,0,user12
0.8083236731459377,1,user12
0.6977262428382808,1,user12
0.7505469506188925,1,user12
0.7039175282418858,1,user12
0.8498660502206266,1,user12
0.7742508243644619,1,user12
0.7011286434269213,1,user12
0.8586569154908772,1,user12
0.7388670794987,1,user12
0.8115313414160612,1,user12
0.7173123585686084,1,user12
0.7991825937870938,1,user12
0.7577356503693186,1,user12
0.505366982864661,0,user12
0.8177835631772267,1,user12
0.9143105997577475,1,user12
0.6827017031278739,1,user12
0.38325332975722304,0,user12
0.7307976960344237,1,user12
0.8741197064029252,1,user12
0.7378710115779501,1,user12
0.7452157169918339,1,user12
0.7683535503885467,1,user12
0.945149987686524,1,user12
0.8040841158932545,1,user12
0.3883459784765746,0,user12
0.8145491593020077,1,user12
0.6387760730203913,1,user12
0.729752262064352,1,user12
0.8499088687578942,1,user12
0.5796591276650003,1,user12
0.7866880657352119,1,user12
0.34854268045945175,1,user12
0.7500322153852365,1,user12
0.8578456258179702,1,user12
0.7547015469955537,1,user12
0.7952465432263803,1,user12
0.6891375327690765,1,user12
0.9107005472042197,1,user12
0.9617222438666193,1,user12
0.7982270179772814,1,user12
0.797973188109234,1,user12
0.7576053988208167,1,user12
0.9520923918963726,1,user12
0.7993832791401587,1,user12
0.8339076447130784,1,user12
0.8197234775030244,1,user12
0.8187241608772277,1,user12
0.7377019723581004,1,user12
0.6597054015833788,1,user12
0.5937186444808512,1,user12
0.5567968592765803,1,user12
0.472579007363532,1,user12
0.39586190207043986,0,user12
0.672435366469477,1,user12
0.4695840364747121,1,user12
0.42894216859872936,1,user12
0.7742087231221766,1,user12
0.8088167317852467,1,user12
0.8000515896883867,1,user12
0.8546640850244749,1,user12
0.48216310908500876,0,user12
0.9084793823876829,1,user12
0.9604992833495487,1,user12
0.9578168771537872,1,user12
0.9829837228664176,1,user12
0.77667028223005,1,user12
0.9033110297074697,1,user12
0.9018894758460702,1,user12
0.5985421946893545,1,user12
0.6495065176342942,1,user12
0.7475855661902789,1,user12
0.7989569505113673,1,user12
0.37151306729894573,0,user12
0.9057083192508909,1,user12
0.7392740145499533,1,user12
0.7763799803689965,1,user12
0.7386057396442716,1,user12
0.711943032448556,1,user12
0.303719009836871,0,user12
0.9073242419418874,1,user12
0.7274782948142735,1,user12
0.8838409051352155,1,user12
0.9028855144346735,1,user12
0.9748451893066096,1,user12
0.8748215665438162,1,user12
0.7459401171769001,1,user12
0.9081652169226994,1,user12
0.7712268527566019,1,user12
0.9644705564930629,1,user12
0.8066346575244475,1,user12
0.7514979568871593,1,user12
0.6706770444105644,1,user12
0.7636837014053564,1,user12
0.6352459653482415,1,user12
0.49493149768137323,0,user12
0.279693084525626,0,user12
0.7993251146229476,1,user12
0.7768643903591511,1,user12
0.764525635071535,1,user12
0.6291424163186667,1,user12
0.6033845641683551,1,user12
0.4834129003095228,1,user12
0.5255126305105374,1,user12
0.6398221505302175,1,user12
0.8006022287357513,1,user12
0.62156694074869,1,user12
0.4812685247171651,1,user12
0.8354970905609738,1,user12
0.720376660748778,1,user12
0.7156313651214906,1,user12
0.48884246139770665,0,user12
0.6162969294229418,1,user12
0.5936209994052637,1,user12
0.7192788798353471,1,user12
0.8196612868472302,1,user12
0.7216994086878236,1,user12
0.8410317107947858,1,user12
0.7086823697733716,1,user12
0.9823731717925974,1,user12
0.9442561230809143,1,user12
0.62507123788152,1,user12
0.6826931703866688,1,user12
0.5766488718502034,1,user12
0.8132103684469909,1,user12
0.9416723413002912,1,user12
0.5968160763910135,0,user12
0.7090330580902195,1,user12
0.8357347664040766,1,user12
0.7579114060093214,1,user12
0.7289743503533647,1,user12
0.7193285248508814,1,user12
0.8512533946648708,1,user12
0.7081586849662806,1,user12
0.71793131605729,1,user12
0.7134972983658506,1,user12
0.5185791620543023,1,user12
0.9209357181900342,1,user12
0.9524870827199683,1,user12
0.6234131852041264,0,user12
0.5924542528675245,0,user12
0.6352940462773385,0,user12
0.3566350266949977,0,user12
0.24478601877555067,0,user12
0.3249333246643504,1,user12
0.7033066218588276,1,user12
0.5652669772096015,1,user12
0.8362257345351429,1,user12
0.7099951503878962,1,user12
0.722099037330357,1,user12
0.6915827445507995,1,user12
0.9695884203770679,1,user12
0.7242434830071066,1,user12
0.7146971069454792,1,user12
0.27995089289286695,0,user12
0.2760724357410709,1,user12
0.7354110153789463,1,user12
0.9974773307991802,1,user12
0.9355057544815275,1,user12
0.7536355849753419,1,user12
0.3205966833274385,0,user12
0.42609793877559227,0,user12
0.7141788235571338,1,user12
0.8108926634121142,1,user12
0.5629429590969404,1,user12
0.5516006619576053,1,user12
0.4118970129064484,1,user12
0.49112183072484333,0,user12
0.37028404897667117,0,user12
0.8209199969043306,1,user12
0.47869970351390656,1,user12
0.9706119286132417,1,user12
0.9983435083794739,1,user12
0.9860723917603016,1,user12
0.7614960369598702,1,user12
0.31827309646279367,0,user12
0.6435339343365634,1,user12
0.7616134226505329,1,user12
0.5968414660022356,1,user12
0.9282130196282613,1,user12
0.7871962463168256,1,user12
0.3146254606750424,1,user12
0.29634769820265805,0,user12
0.7677202744816165,1,user12
0.3068644133363885,0,user12
0.5846931643281086,0,user12
0.5658422807170299,1,user12
0.7798586177868974,0,user12
0.4550086641352418,0,user12
0.23118139371648655,0,user12
0.5970170149217114,1,user12
0.645883796466323,1,user12
0.6114162723872884,1,user12
0.6027716786558263,1,user12
0.6615816047990714,1,user12
0.7668572888185525,1,user12
0.8412266119284547,1,user12
0.31467592630005375,1,user12
0.2826817090566289,0,user12
0.4525708371023002,1,user12
0.6690311002684812,1,user12
0.9183138405060494,1,user12
0.9312519899238674,1,user12
0.753832632875135,1,user12
0.723962763524381,1,user12
0.9045856323701396,1,user12
0.8917643275697152,1,user12
0.38947050372162756,1,user12
0.5713363998126136,1,user12
0.7247206376098203,1,user12
0.45604681079393206,1,user12
0.6347678032721034,1,user12
0.6466479610080239,1,user12
0.43270315813995375,1,user12
0.4130677982326994,0,user12
0.6806948660911517,1,user12
0.726226669577528,1,user12
0.7821679499946742,1,user12
0.5511280743706555,0,user12
0.4118793785061809,0,user12
0.877912799334204,1,user12
0.45691497650044044,1,user12
0.7380627539779803,1,user12
0.7280721701280984,1,user12
0.9674635018692646,1,user12
0.8704745889839403,1,user12
0.35804599381742974,0,user12
0.5598035648388123,1,user12
0.4855130019555889,1,user12
0.5716197267443701,1,user12
0.8033537929740565,1,user12
0.3062568180121054,0,user12
0.7108783465932195,1,user12
0.6537177685580747,1,user12
0.9634589316329881,1,user12
0.7946076625151033,1,user12
0.3313949145867642,1,user12
0.40910444665861667,1,user12
0.3274211417147469,0,user12
0.6041170704759276,1,user12
0.6011676836553214,1,user12
0.5487257382030665,1,user12
0.39432979581277355,1,user12
0.741714962402054,1,user12
0.659640416152512,1,user12
0.3228866707409981,0,user12
0.39864243014259004,1,user12
0.48247734586922325,0,user12
0.323121934983825,0,user12
0.4699346381093942,1,user12
0.8275039831297183,1,user12
0.8077131574344952,0,user12
0.44157691094544804,1,user12
0.7467024646294466,1,user12
0.4389802958730853,1,user12
0.340061880094207,1,user12
0.7536281864623517,1,user12
0.8768972012065523,1,user12
0.9369630047058409,1,user12
0.24057034239250127,0,user12
0.7505661369765028,1,user12
0.9781897374593426,1,user12
0.7288791717978097,1,user12
0.8034398122892766,1,user12
0.40905338078138637,1,user12
0.35035216161737076,0,user12
0.3656931205383328,1,user12
0.6289963768339432,1,user12
0.4315128454595502,1,user12
0.7334521086540269,1,user12
0.7231910761729657,1,user12
0.847025199751218,1,user12
0.7122341230957692,1,user12
0.37670940374936585,0,user12
0.7892038130283894,1,user12
0.9424230325935418,1,user12
0.8300764251981407,1,user12
0.700891605930426,1,user12
0.5282166719086709,1,user12
0.7534632085707128,0,user12
0.7967622084747034,1,user12
0.7568518165841316,1,user12
0.7267299271938488,1,user12
0.5756927876745483,1,user12
0.45272861377632384,1,user12
0.6032658022830756,1,user12
0.4762717100185865,1,user12
0.39980184638156857,1,user12
0.8473012718398005,1,user12
0.6358602425808669,1,user12
0.8644426322863816,1,user12
0.4655103317049472,1,user12
0.5364903023564818,1,user12
0.6726344085807595,1,user12
0.39031532778685524,1,user12
0.724127816749396,1,user12
0.5447466380596717,0,user12
0.892240531410141,1,user12
0.9048962492074841,1,user12
0.39653500721460616,1,user12
0.8895649563521544,0,user12
0.6752341188869835,1,user12
0.6241641155537676,1,user12
0.7729979619350441,1,user12
0.570095576607359,1,user12
0.7584837704057898,1,user12
0.9964368907857132,1,user12
0.9272140843210165,1,user12
0.8362858936403806,1,user12
0.5291842219793734,0,user12
0.8605108788076984,1,user12
0.7813105485178355,1,user12
0.7137439186119942,1,user12
0.9054140972394455,1,user12
0.7849284876066808,1,user12
0.6271862037522242,1,user12
0.7206818256887771,1,user12
0.8196586400866882,1,user12
0.43441881582954583,1,user12
0.547748223185169,0,user12
0.5612586425840352,1,user12
0.6361235002538469,1,user12
0.7260234786653973,1,user12
0.6986700363788191,1,user12
0.6715982053452072,1,user12
0.8182279503325169,0,user12
0.7524401656077603,1,user12
0.6133615314618479,1,user12
0.7523318300440941,1,user12
0.8207154999533146,1,user12
0.7464867285400475,1,user12
0.8980327694305413,1,user12
0.9047798241077784,1,user12
0.6265042844091353,1,user12
0.5989708773081509,1,user12
0.7397116795971455,1,user12
0.9767108725474017,1,user12
0.7484775594279796,1,user12
0.8651620764904331,1,user12
0.9338615323372401,1,user12
0.32086984069464447,0,user12
0.3814647517703679,0,user12
0.37592004536010953,1,user12
0.792793007970893,1,user12
0.8526269435210015,1,user12
0.6559943321662921,0,user12
0.7189129075170648,1,user12
0.6852679846899664,1,user12
0.7570658034985358,1,user12
0.4388077674897977,1,user12
0.46446066408327297,1,user12
0.8313052668939349,1,user12
0.321118620908409,0,user12
0.8364281837813993,1,user12
0.7469114937749161,1,user12
0.7212651852260932,1,user12
0.8055241025314103,1,user12
0.5591929148896111,0,user12
0.5733915149597206,1,user12
0.7268210266920277,1,user12
0.7150062786883771,1,user12
0.7968340195774609,1,user12
0.4970796411344194,1,user12
0.7176095447742473,1,user12
0.8690449598813085,1,user12
0.8461820295787706,1,user12
0.8338906198026484,0,user12
0.5940017216119589,1,user12
0.8703778248449072,1,user12
0.9867968786422738,1,user12
0.782486182083524,1,user12
0.30112867667709725,1,user12
0.2603765831524032,1,user12
0.3167528151120555,0,user12
0.27027255098914643,0,user12
0.2513410473428662,1,user12
0.5898262952607923,1,user12
0.5952806818626867,1,user12
0.7728745167688066,1,user12
0.2534820780620153,0,user12
0.330789497985444,0,user12
0.49479150797531607,1,user12
0.6080677686657694,1,user12
0.7492083459257489,1,user12
0.49883464110682063,1,user12
0.4951900831274181,0,user12
0.7287956358590751,1,user12
0.37942378332392185,1,user12
0.6998594879480462,1,user12
0.38926672027849296,1,user12
0.443520806280269,1,user12
0.80607504691166,1,user12
0.8532751526493063,1,user12
0.8427253898488936,1,user12
0.6582382771312603,1,user12
0.45882299245994945,1,user12
0.7623123612440122,1,user12
0.35602923639970824,1,user12
0.3299623045649521,0,user12
0.35464991707392907,1,user12
0.6106560062791199,1,user12
0.6531682421303773,1,user12
0.2698120035738559,0,user12
0.3706363874266597,1,user12
0.4709799758007135,1,user12
0.7607483724809984,1,user12
0.4001604589668288,0,user12
0.26637735795734346,0,user12
0.7447317507512334,1,user12
0.44193917679316996,1,user12
0.750043309842085,1,user12
0.7906643628206649,1,user12
0.7085536178036381,1,user12
0.7233996560387946,1,user12
0.3248086246586789,0,user12
0.7145311995130694,1,user12
0.6932689493622257,1,user12
0.7470544099803036,1,user12
0.613993079768915,1,user12
0.7397541779728513,1,user12
0.6512644737876001,1,user12
0.5272258383485993,1,user12
0.7913892492588424,1,user12
0.5835633962050101,1,user12
0.8947160710711132,1,user12
0.7807842754331692,1,user12
0.5421593297054847,0,user12
0.7439037339025911,1,user12
0.7617558421718011,1,user12
0.7521544977741866,1,user12
0.5630706300617676,1,user12
0.6657075129194123,1,user12
0.8861870681305228,1,user12
0.7693643697785947,1,user12
0.8302180606605405,1,user12
0.7772400327746919,1,user12
0.7784796610023312,1,user12
0.8421640707721725,1,user12
0.6701668625305989,1,user12
0.7267729598269776,1,user12
0.5004202434597513,1,user12
0.7492422297005581,1,user12
0.6190453238137521,0,user12
0.9027408478263247,1,user12
0.6385619996630302,0,user12
0.6711940740992985,1,user12
0.3841205065576101,1,user12
0.6830206115669286,1,user12
0.8536998595348767,1,user12
0.7230508964449852,1,user12
0.8113255889721512,1,user12
0.9500922801721645,1,user12
0.7494427360025319,1,user12
0.30193551075076486,1,user12
0.31469010163367167,0,user12
0.8484857512821753,1,user12
0.7504232957868838,1,user12
0.7559089306240746,1,user12
0.6557565043309316,1,user12
0.47255457972123804,0,user12
0.8379021812248179,1,user12
0.8326161488306976,1,user12
0.5303605097229052,1,user12
0.6266911092847731,1,user12
0.9818573610412098,1,user12
0.34595735155346624,1,user12
0.8338642012485316,1,user12
0.40687745356336064,1,user12
0.4355723035616388,0,user12
0.5607441367801888,0,user12
0.9652015868563287,1,user12
0.8753958967534243,1,user12
0.6733396119849735,1,user12
0.831357639891393,1,user12
0.934943035659478,1,user12
0.9769303864944271,1,user12
0.7811243475226227,1,user12
0.6858392975191189,1,user12
0.8273847621742159,1,user12
0.7889879269957649,1,user12
0.8196107168673286,1,user12
0.5192111654830303,1,user12
0.7302801121881213,1,user12
0.8116709700950189,1,user12
0.4986793666957524,0,user12
0.4018845576701721,1,user12
0.3764045693667188,0,user12
0.7022396859077871,1,user12
0.45727121859990905,1,user12
0.6781609257806669,1,user12
0.6403966167355386,1,user12
0.7913249128104198,1,user12
0.8402772205013443,1,user12
0.8301727803547159,1,user12
0.8755544968657824,1,user12
0.6544031815014677,1,user12
0.7065510605888976,1,user12
0.891457065686424,1,user12
0.2977114410591934,1,user12
0.38577231475918117,0,user12
0.6709992520874993,1,user12
0.4702083396109961,1,user12
0.45447495065714355,1,user12
0.3680423075285005,0,user12
0.6264893317525526,1,user12
0.918890677603741,1,user12
0.7560754466226385,1,user12
0.8326626563488592,1,user12
0.9170250545552532,1,user12
0.7287703082413279,1,user12
0.7073958108334674,1,user12
0.7931056627132583,1,user12
0.689240200273203,1,user12
0.3577130976219747,1,user12
0.6195450247560218,1,user12
0.6322751156671207,1,user12
0.7512749922886591,1,user12
0.625689311317745,0,user12
0.5820800329831023,0,user12
0.46651501894276076,0,user12
0.6698952763731749,1,user12
0.6335617991815008,1,user12
0.3270523986295215,0,user12
0.3775253250554002,1,user12
0.4460928075340131,0,user12
0.7282954575005429,1,user12
0.6806571044512675,1,user12
0.5871366441662019,1,user12
0.6650195019239182,1,user12
0.7727363253104651,1,user12
0.5257823174871763,1,user12
0.7706622171567161,1,user12
0.8249330948627929,1,user12
0.7346674790638013,1,user12
0.7336609223615818,1,user12
0.9736480783261211,1,user12
0.9707789603931638,1,user12
0.5091743004396253,1,user12
0.45604531694076567,0,user12
0.4346576910164673,1,user12
0.7743884609239301,1,user12
0.7655754656677919,1,user12
0.42955720530536146,0,user12
0.8268399562361333,1,user12
0.918979563620374,1,user12
0.6209271451804893,0,user12
0.7780561768148325,1,user12
0.5407961649628762,1,user12
0.20980668498326074,0,user12
0.5260384937960549,1,user12
0.34424858918150525,1,user12
0.4408596711819147,0,user12
0.45333195385616537,0,user12
0.7927863160885559,1,user12
0.8502591777444782,1,user12
0.404376157063526,0,user12
0.7533866869673919,1,user12
0.7870804604929837,1,user12
0.8163830948919136,1,user12
0.46836534009214303,1,user12
0.7458919101727617,1,user12
0.7398394840698954,1,user12
0.7862839919956324,1,user12
0.7867699371466801,1,user12
0.894870015591102,1,user12
0.28407554441443383,0,user12
0.3767668865725678,1,user12
0.7765819815946947,1,user12
0.7643442737827535,1,user12
0.5087896718143757,0,user12
0.7499026623179839,1,user12
0.8437110354831289,1,user12
0.48370326894700877,0,user12
0.7112196565544125,1,user12
0.705758812333598,1,user12
0.89967113554591,1,user12
0.7426439422465545,1,user12
0.8390698903660564,1,user12
0.7148702726990076,1,user12
0.4179230494391212,1,user12
0.8244775877352706,1,user12
0.808359969823832,1,user12
0.8542424839482693,1,user12
0.8296068097230711,1,user12
0.604240854792793,1,user12
0.6342792044781197,1,user12
0.785058478103927,1,user12
0.7123161383543749,1,user12
0.6396224749567112,0,user12
0.9076968363055786,0,user12
0.34318447490952286,0,user12
0.2898921392982793,1,user12
0.533578655336597,0,user12
0.7072901218388917,0,user12
0.4741851207637826,1,user12
0.6339251324946422,1,user12
0.9242566930727716,1,user12
0.882441291798564,1,user12
0.6725743064757594,1,user12
0.7400553766788668,1,user12
0.7349232314989638,1,user12
0.31918579379245793,0,user12
0.68397659449551,1,user12
0.7414090536028679,1,user12
0.9772863792596918,1,user12
0.7077563013853886,1,user12
0.7777727027164649,1,user12
0.9239030907837316,1,user12
0.8336539462391681,1,user12
0.7154596542079361,1,user12
0.6879347568679226,1,user12
0.2817989643055514,1,user12
0.42166462112939185,1,user12
0.8482014864578404,0,user12
0.4688705142712279,0,user12
0.4893242645769602,0,user12
0.3887334916404357,0,user12
0.251899047632299,0,user12
0.3438414999927459,1,user12
0.5218253846539213,1,user12
0.3588576276323666,0,user12
0.6744892238203097,1,user12
0.6645926665338493,1,user12
0.9222089413015818,1,user12
0.8132357297148904,1,user12
0.4620585692432503,0,user12
0.6808514488820291,1,user12
0.754182100365537,1,user12
0.6064868539594434,1,user12
0.6740485009142883,0,user12
0.7012830493620927,1,user12
0.9155590435926009,1,user12
0.9428088047132429,1,user12
0.6681294928004532,1,user12
0.6852073490453485,1,user12
0.4680667473782866,1,user12
0.46640171894845855,1,user12
0.7472526182610191,1,user12
0.7609709911658069,1,user12
0.7874672158546759,1,user12
0.7484843528381782,1,user12
0.7509458185682925,1,user12
0.7654868781004748,1,user12
0.9423565530290944,1,user12
0.844551665160751,1,user12
0.7452875683956763,1,user12
0.7430977038869927,1,user12
0.41430761406864647,1,user12
0.6417083515948745,1,user12
0.8778199401127065,1,user12
0.7908131373581,1,user12
0.7244687676323682,1,user12
0.8935938622969378,1,user12
0.5029682273516671,1,user12
0.33360301919288965,0,user12
0.7706551117764834,1,user12
0.8338307693263092,1,user12
0.8578854003388438,1,user12
0.7764014809953957,1,user12
0.82502025195309,1,user12
0.7150923554343906,1,user12
0.8819282473029865,1,user12
0.8403356037297323,1,user12
0.9043666944751249,1,user12
0.47161123913153236,1,user12
0.3837723533938017,1,user12
0.6278378227511835,0,user12
0.4207927309295771,1,user12
0.7872135846347306,1,user12
0.439698232487138,1,user12
0.6651450138550823,1,user12
0.4767503491428997,1,user12
0.7027142882360203,1,user12
0.30090056366406887,0,user12
0.7046302260547042,1,user12
0.370559152969614,0,user12
0.41662175782235916,1,user12
0.4477947923481163,1,user12
0.45319023177966106,1,user12
0.6827265891517921,1,user12
0.406789625838992,1,user12
0.47561877698565336,0,user12
0.40880337146045076,1,user12
0.7759249649584182,1,user12
0.32846268900936965,0,user12
0.37483321887687804,1,user12
0.48702205838002605,1,user12
0.6091300573587006,1,user12
0.2998470292569391,0,user12
0.5477811976311685,0,user12
0.5436110101698319,0,user12
0.48530985336328597,0,user12
0.5664977171379268,0,user12
0.6266215079833716,0,user12
0.497642334752438,0,user12
0.5416130407319445,0,user12
0.3228130632635162,0,user12
0.5664993389831563,1,user12
0.8403059191432247,1,user12
0.7261621916669921,1,user12
0.7136640586906927,1,user12
0.7501890353735617,1,user12
0.4293281630196707,1,user12
0.5012670036722852,0,user12
0.6564232669162656,0,user12
0.47043605259073634,0,user12
0.839050976634085,1,user12
0.7583885484526398,1,user12
0.7370415688646139,1,user12
0.6954074465173667,1,user12
0.8997032475228852,1,user12
0.9503282675196186,1,user12
0.8057968478925736,1,user12
0.32224637973603104,1,user12
0.7997302766202379,1,user12
0.7727644219913188,1,user12
0.856734565342067,1,user12
0.7758151135648071,1,user12
0.9160359426349978,1,user12
0.5029074929429288,1,user12
0.7431699555646819,1,user12
0.7408671454360753,1,user12
0.6762003827843348,1,user12
0.38484535639971923,0,user12
0.7707280414930743,1,user12
0.6137725793827575,1,user12
0.5497289838169398,1,user12
0.5943188698122479,0,user12
0.5216366782979857,1,user12
0.4688289800875253,0,user12
0.4909917409303545,1,user12
0.38276587581211236,1,user12
0.5658922987000701,0,user12
0.8758532954583105,1,user12
0.8650850004239186,1,user12
0.43468208016486715,0,user12
0.45087083488760826,1,user12
0.8760438436226547,1,user12
0.9756490705868234,1,user12
0.774763043843193,1,user12
0.7652080590848063,1,user12
0.6710958984547005,1,user12
0.709904251524909,1,user12
0.8403477620818038,1,user12
0.7975553164466526,1,user12
0.7601587312968415,1,user12
0.9928741239270614,1,user12
0.7083553146759568,1,user12
0.8370511606213186,1,user12
0.7544327099912257,1,user12
0.360082984184727,1,user12
0.443193740089729,0,user12
0.7391580046825857,1,user12
0.7827007986670047,1,user12
0.44286508753257653,0,user12
0.6846037155495269,1,user12
0.9025347238483582,1,user12
0.9000337281449798,1,user12
0.7279667923655183,1,user12
0.6400822930312235,1,user12
0.734529207293703,1,user12
0.553455828175443,1,user12
0.49048870132282174,0,user12
0.9689320442913091,1,user12
0.818467714507241,1,user12
0.7098338170444686,1,user12
0.7380213433574286,1,user12
0.7119505443461542,1,user12
0.3818303866592372,1,user12
0.6710117495141024,1,user12
0.8113953604882332,1,user12
0.7466237833325706,1,user12
0.6653198664229459,1,user12
0.7823287880775092,1,user12
0.5565373777359093,1,user12
0.7892169202132138,1,user12
0.8088141772476597,1,user12
0.7594330657489874,1,user12
0.8461050903207085,1,user12
0.7474375315231195,1,user12
0.7105640068351102,1,user12
0.398748619007189,1,user12
0.7268904054944599,1,user12
0.7081057026366889,1,user12
0.7047035438175481,1,user12
0.7325715317871546,1,user12
0.7215565118594768,1,user12
0.7656400118609671,1,user12
0.7486362155859377,1,user12
0.7421651280756125,1,user12
0.7192656772439792,1,user12
0.7954288945321186,1,user12
0.7154829025953762,1,user12
0.7678044784089683,1,user12
0.3723148771120567,1,user12
0.6857481208296592,1,user12
0.8641876427592288,1,user12
0.7460668348819554,1,user12
0.7902188317812032,1,user12
0.7127338295348812,1,user12
0.3724626373973775,0,user12
0.6340085290292271,1,user12
0.6414887898642786,1,user12
0.7668144248986087,1,user12
0.9309061237978783,1,user12
0.8378408685868675,1,user12
0.418923066114327,1,user12
0.2189121307402486,0,user12
0.3950042175543451,0,user12
0.834775866252466,1,user12
0.7551858364472513,1,user12
0.7418514508546298,1,user12
0.7995383152221534,1,user12
0.8173666447309065,1,user12
0.9486523837605567,1,user12
0.8831891620379694,1,user12
0.9093037956173512,1,user12
0.7980698743719847,1,user12
0.7920630865295273,1,user12
0.5219374567349392,1,user12
0.7589453276216399,1,user12
0.7713501205855474,1,user12
0.5941707183328288,1,user12
0.2945939869556526,0,user12
0.5845617767598746,0,user12
0.38158889233636184,0,user12
0.6981388968316606,1,user12
0.6904711219132557,1,user12
0.8185686312792312,1,user12
0.8745812908683882,1,user12
0.7805452184650626,1,user12
0.505143970788013,1,user12
0.5579581164954363,0,user12
0.6056831937249483,1,user12
0.4818826930014952,0,user12
0.7426422927812004,1,user12
0.7644385805163727,1,user12
0.7996997896823554,1,user12
0.8280342772654852,1,user12
0.5726151374920667,0,user12
0.7909056834169388,1,user12
0.7527359243087078,1,user12
0.6837350566613152,1,user12
0.673344392714997,1,user12
0.6551242104626971,1,user12
0.7179010488280505,1,user12
0.7054174288200055,1,user12
0.3793429279155416,1,user12
0.613859118418197,1,user12
0.6921465667239941,1,user12
0.7450088055510979,1,user12
0.8732210385059659,1,user12
0.823509824083472,1,user12
0.27699588298237726,0,user12
0.7449434360876243,1,user12
0.7593843072037624,1,user12
0.7147436207036716,1,user12
0.5676664958083434,0,user12
0.8271236407094574,1,user12
0.6984197489524087,1,user12
0.6939848828787468,1,user12
0.7062153244071208,1,user12
0.6576402934501069,1,user12
0.8036697331793528,1,user12
0.8222178764408261,1,user12
0.7868192029990339,1,user12
0.8171046112820876,1,user12
0.7312705102498341,1,user12
0.74393507957568,1,user12
0.6463396544783648,1,user12
0.6769541843032242,1,user12
0.8033226320288158,1,user12
0.635703178035394,1,user12
0.6379863329415126,1,user12
0.5444894256519625,1,user12
0.8366184791777154,1,user12
0.677428446934707,1,user12
0.5391494392592764,1,user12
0.6859807469421615,1,user12
0.6663301576003671,1,user12
0.5398707555299237,1,user12
0.7187025577974788,0,user12
0.6960756606033134,1,user12
0.7313091848746608,1,user12
0.5819219102162722,0,user12
0.5044179411451467,1,user12
0.9547213351687189,0,user12
0.7582508638515053,1,user12
0.7514101432929605,1,user12
0.5058596183660626,1,user12
0.7372721748376077,1,user12
0.6704677553509001,1,user12
0.7321665629626486,1,user12
0.342266482754572,0,user12
0.29441196630825106,0,user12
0.5834034010743309,1,user12
0.47592851083693716,1,user12
0.7607524500286487,1,user12
0.8818531374743007,1,user12
0.7884798151210552,1,user12
0.4905872624260282,0,user12
0.3923586928085281,0,user12
0.8068902844361964,1,user12
0.7098522270268034,1,user12
0.6199033564797902,1,user12
0.6763726360119656,1,user12
0.46743660133065534,1,user12
0.5715168057769263,1,user12
0.5605077056776153,1,user12
0.47418109252013135,0,user12
0.6213874739116628,1,user12
0.7138391915978397,1,user12
0.507661984500957,1,user12
0.6842065855219504,1,user12
0.8319496202366417,1,user12
0.48013687357528156,0,user12
0.3675168978775398,0,user12
0.742331718920694,1,user12
0.48026810893752864,1,user12
0.8171334919387157,1,user12
0.6341742607251832,1,user12
0.8080706594387598,1,user12
0.5533726932342915,1,user12
0.8542712172860801,0,user12
0.8484778448524906,1,user12
0.9280513592129055,1,user12
0.797676215263723,1,user12
0.7218853986025096,1,user12
0.7353711348480092,1,user12
0.8118819032639706,1,user12
0.8476174407312578,1,user12
0.34278867400159807,0,user12
0.5095085960381135,0,user12
0.31400262820640223,0,user12
0.2885194737476147,1,user12
0.36261018938736594,0,user12
0.22547112543949518,0,user12
0.8210810002822506,0,user12
0.3686251961607002,0,user12
0.4814430681843777,0,user12
0.22701891769447452,0,user12
0.5208990745496013,0,user12
0.8383535424554923,1,user12
0.4784437201159883,1,user12
0.6983821027442683,1,user12
0.9427600744364748,1,user12
0.4219765419592675,0,user12
0.3442811266317995,0,user12
0.3907217031193995,0,user12
0.32577300544047977,0,user12
0.5511167307738988,0,user12
0.5191900040666766,1,user12
0.6378135464790691,1,user12
0.7523136487525767,1,user12
0.7842626338649139,1,user12
0.7367190998395933,1,user12
0.48629371063982535,1,user12
0.5518681855663541,0,user12
0.7234574998579918,1,user12
0.4498362029255427,0,user12
0.6733621538807217,0,user12
0.7004622615497305,1,user12
0.5603737262101686,1,user12
0.7486819285586519,1,user12
0.7604358357058465,1,user12
0.7624821552372728,1,user12
0.844094490912467,1,user12
0.6327834985182784,1,user12
0.7053365674107275,1,user12
0.8784633354963122,1,user12
0.8660669852926939,1,user12
0.5758709467924116,1,user12
0.23067726213855552,0,user12
0.3661822230882471,1,user12
0.4188977886046114,0,user12
0.5649506265720956,1,user12
0.3475853437798575,0,user12
0.43463905881727,1,user12
0.7757521859428176,1,user12
0.7999848387941848,1,user12
0.5052150294586933,1,user12
0.4059815040051576,0,user12
0.7542254386281392,1,user12
0.3798105240450572,0,user12
0.7239235860482163,1,user12
0.5656063790094742,0,user12
0.24890268219350115,0,user12
0.38390558858600543,1,user12
0.5105886052331868,1,user12
0.4401632777213456,0,user12
0.2587650068250963,0,user12
0.914317231576502,1,user12
0.9550135244655634,1,user12
0.4086278979498785,0,user12
0.2758913048980883,0,user12
0.39883320361271757,0,user12
0.9180666584310041,1,user12
0.5235257720475499,1,user12
0.30725865462575663,0,user12
0.7113462736842558,0,user12
0.6182358448772388,0,user12
0.6243677601473044,0,user12
0.7130177478345534,1,user12
0.6725885600400336,1,user12
0.6959588877653118,1,user12
0.6158166364477022,1,user12
0.367928732263696,0,user12
0.9328055985910205,1,user12
0.7981738826722107,1,user12
0.6872522632604217,1,user12
0.5789742802719715,1,user12
0.555646711130458,0,user12
0.4176750437572384,1,user12
0.37530031136897124,0,user12
0.8334164136490211,1,user12
0.7621709406220477,1,user12
0.6918072022151734,1,user12
0.7685956143595447,1,user12
0.7785778511201923,1,user12
0.7684303973890914,1,user12
0.8249068529485931,1,user12
0.4263425823679192,0,user12
0.8207578050084389,1,user12
0.595888170751462,1,user12
0.30121459682047325,0,user12
0.3619651976347303,1,user12
0.6479840548784853,0,user12
0.637390679704759,1,user12
0.7335829981005761,1,user12
0.7207390510049013,1,user12
0.5402041869936075,1,user12
0.32934906730873176,1,user12
0.44511863497618004,1,user12
0.6526458894752392,1,user12
0.4958213730789168,0,user12
0.7576877243768676,1,user12
0.8620777883363305,1,user12
0.7842767547936762,1,user12
0.8110504939082382,1,user12
0.802550673659944,1,user12
0.9355025018474659,1,user12
0.8336496312527127,1,user12
0.500192059213526,0,user12
0.7412077590576437,1,user12
0.8650749442575567,1,user12
0.41663513229214066,1,user12
0.7746111967665327,1,user12
0.7705639111955287,1,user12
0.725342226683377,1,user12
0.6913305858607526,1,user12
0.6756094773950987,1,user12
0.6889848577526426,1,user12
0.7951810079247154,1,user12
0.525500952309839,1,user12
0.33358156480892465,0,user12
0.45093558692855545,0,user12
0.7311855595456646,0,user12
0.7727255169003476,1,user12
0.8352744321711998,1,user12
0.6840220944018478,1,user12
0.7744821731303809,1,user12
0.7094546492031153,1,user12
0.6929725072326175,1,user12
0.7191850211303835,1,user12
0.7056379928466583,1,user12
0.7412365269281661,1,user12
0.6468691161449245,1,user12
0.8597027898715237,1,user12
0.8123669173430328,1,user12
0.7905658959251578,1,user12
0.8132931281254575,1,user12
0.6905461639202564,0,user12
0.6035085824634364,1,user12
0.6395585336672022,1,user12
0.8195816349743241,1,user12
0.7312587900630309,1,user12
0.7141958855768984,1,user12
0.7382220138281982,1,user12
0.8409852274334477,1,user12
0.7087404407108003,1,user12
0.9562317714270946,1,user12
0.7880254504842686,1,user12
0.7462116945825884,0,user12
0.7906694037698251,1,user12
0.729859782425237,1,user12
0.7354006376398846,1,user12
0.7402232842820915,1,user12
0.7491435487106883,1,user12
0.7389533351718164,1,user12
0.6931446280357824,1,user12
0.7319609786926371,1,user12
0.7101541069298912,1,user12
0.7212841128296287,1,user12
0.5933544610219718,1,user12
0.9015943608543531,1,user12
0.7044442586494954,1,user12
0.6923886028241723,1,user12
0.8482865778655043,0,user12
0.5397090385081879,1,user12
0.2633133114204156,1,user12
0.4470178709961573,1,user12
0.6678346851630669,1,user12
0.473676240070348,0,user12
0.6839355082139239,1,user12
0.6654639806480361,1,user12
0.8207591096032886,1,user12
0.8429095623682725,1,user12
0.7862059458737766,1,user12
0.6939559910610011,1,user12
0.791390377201968,1,user12
0.9055513824314364,1,user12
0.6832597981283159,1,user12
0.6847732950291612,1,user12
0.6702160430829305,1,user12
0.7603812440229326,1,user12
0.4204624246696991,0,user12
0.5099675447506227,1,user12
0.8275284043838649,1,user12
0.7708306658091283,1,user12
0.8012908631767529,1,user12
0.2703898990442067,1,user12
0.9637745333641777,1,user12
0.9604803001046662,1,user12
0.24618598611314843,0,user12
0.5597537608247392,1,user12
0.7640603091705618,1,user12
0.8127502080664551,1,user12
0.8276123172246235,1,user12
0.506879418495196,0,user12
0.8258580560333314,1,user12
0.9797942450125603,1,user12
0.9266531972883251,1,user12
0.7278785559278006,1,user12
0.7767521498256735,1,user12
0.4646021409990378,1,user12
0.5567932334360437,1,user12
0.5901190371359631,1,user12
0.5769363093454258,1,user12
0.565904862481675,1,user12
0.8329111647665226,1,user12
0.35741542442242186,1,user12
0.9020290552166641,1,user12
0.792066809915919,1,user12
0.37062383038731384,1,user12
0.5408228232261821,0,user12
0.6988944900111199,1,user12
0.769258588055126,1,user12
0.7008291337221974,1,user12
0.7075407560315206,1,user12
0.6865218217269069,1,user12
0.7538878649520083,1,user12
0.7741744115236571,1,user12
0.446457606247287,0,user12
0.6993633750248162,1,user12
0.6846732884774518,1,user12
0.3609721081816216,0,user12
0.7721988749246612,1,user12
0.809979677974343,0,user12
0.45940907762617444,1,user12
0.37910222108931996,1,user12
0.6080901491011543,0,user12
0.5753627019328943,0,user12
0.7799586570065496,1,user12
0.8273722066085019,1,user12
0.9134643302578659,1,user12
0.7378983960333556,1,user12
0.546421692334319,1,user12
0.8111411299800575,1,user12
0.7959335463796233,1,user12
0.7214070396731879,1,user12
0.8372964386294519,1,user12
0.4197862667289634,1,user12
0.9675891072851055,1,user12
0.7305483018561769,1,user12
0.4070173649194994,1,user12
0.3883950640014943,0,user12
0.3149862762226902,1,user12
0.7014156263928437,1,user12
0.6789432776218991,1,user12
0.22604992116614978,0,user12
0.744400879291384,1,user12
0.42223467488996275,1,user12
0.8419456467006821,1,user12
0.931546887589529,1,user12
0.8478682502425434,1,user12
0.6673748563269176,1,user12
0.7909665275002121,1,user12
0.6191276455994272,1,user12
0.7481528062749918,1,user12
0.7062770100561144,1,user12
0.653208883657281,1,user12
0.7053751520442804,1,user12
0.7123398684509911,1,user12
0.7063142132536249,1,user12
0.6907801026750897,1,user12
0.8690774311977882,1,user12
0.8749019595025328,1,user12
0.8035360467650906,1,user12
0.31057614696210745,1,user12
0.753233793767303,1,user12
0.7254491927910647,1,user12
0.7315660119775579,1,user12
0.6931300249453215,1,user12
0.6284257518614091,1,user12
0.8907914295235174,1,user12
0.43787042062093007,1,user12
0.8989151875381718,1,user12
0.7947342465645936,1,user12
0.29967784536961656,0,user12
0.38309832051996995,0,user12
0.5378129929661959,0,user12
0.8313822167087414,1,user12
0.9076064886307744,1,user12
0.8999428053744281,1,user12
0.7580192538875036,1,user12
0.6804594092555222,1,user12
0.7783779752073189,1,user12
0.9543819378086046,1,user12
0.8019259115242913,1,user12
0.6617707540546566,1,user12
0.6483953396626098,1,user12
0.6904367177941647,1,user12
0.508014328677198,0,user12
0.5269599620487838,1,user12
0.7578650485067966,0,user12
0.8355533531616821,1,user12
0.7724150571023326,1,user12
0.47280627917545837,0,user12
0.7882982714828314,1,user12
0.7331787700354605,1,user12
0.45276592513768027,1,user12
0.7973498494531032,1,user12
0.6766678455452492,1,user12
0.6809363850962513,1,user12
0.7176938632581731,1,user12
0.6624188541151332,1,user12
0.5290526192579812,1,user12
0.38417444482100493,0,user12
0.6560533751694283,1,user12
0.6581478774593201,1,user12
0.4767809400942365,1,user12
0.3272270937093952,1,user12
0.7064853202581348,1,user12
0.7594781470309762,1,user12
0.3127636796798737,0,user12
0.7733268311150518,1,user12
0.5849026100301523,1,user12
0.623912148879661,1,user12
0.40175657258020686,0,user12
0.5852188940826953,1,user12
0.24306777053309844,1,user12
0.7580187339165085,1,user12
0.6716633005628314,1,user12
0.5085754999499372,1,user12
0.4298630335882548,0,user12
0.2741533676665999,0,user12
0.9667261827154139,1,user12
0.9695622702442586,1,user12
0.74396261344641,1,user12
0.5564493617374876,1,user12
0.7564273273450868,1,user12
0.953170004923165,1,user12
0.6795399616560661,1,user12
0.6659903883957402,1,user12
0.5415500426680667,0,user12
0.5433261558766298,1,user12
0.889819730004376,1,user12
0.9623353214933387,1,user12
0.8454814045577038,1,user12
0.7544358575919603,1,user12
0.659555628653242,1,user12
0.6826032629561626,1,user12
0.7213491509227227,1,user12
0.8512797069505577,1,user12
0.8286032476857095,1,user12
0.7168165295155905,1,user12
0.7940605045061577,1,user12
0.7339577636214769,1,user12
0.624100620145208,1,user12
0.8428284726797141,1,user12
0.7437579232301641,1,user12
0.7558861889985956,1,user12
0.6786454858564974,1,user12
0.7607814003988923,1,user12
0.7059435841431512,1,user12
0.6352745917604553,1,user12
0.7164305280715556,1,user12
0.7907848498900428,1,user12
0.7472502247501627,1,user12
0.7876638532521786,1,user12
0.36867377504498233,0,user12
0.6960768033437763,1,user12
0.9634026088472017,1,user12
0.326653696918527,1,user12
0.7275276615209815,1,user12
0.6269892782847869,1,user12
0.8846575630943966,1,user12
0.6924598631146184,1,user12
0.6703417348412477,1,user12
0.7040886549911206,1,user12
0.4330803486667876,1,user12
0.8678727373698227,0,user12
0.7502211342394981,0,user12
0.7245871360490118,1,user12
0.8061710098415393,1,user12
0.7596778210657497,1,user12
0.8380271565888103,1,user12
0.6341784412675741,1,user12
0.9154948140545971,1,user12
0.6012471767759193,1,user12
0.7766135986177782,0,user12
0.5004943102687283,1,user12
0.872125798044647,1,user12
0.7773273556860583,1,user12
0.3219126465909071,0,user12
0.8957992270028117,1,user12
0.7570829606177547,1,user12
0.7799229259347512,1,user12
0.493815110436903,1,user12
0.8317056669227245,1,user12
0.5452247162551452,0,user12
0.7996230110325907,1,user12
0.7229371983970858,1,user12
0.8397160737213645,1,user12
0.982776251263994,1,user12
0.9634945366012614,1,user12
0.7076208607856829,1,user12
0.9851852064569995,1,user12
0.8708595463131956,1,user12
0.7366047871901378,1,user12
0.7983120743008675,1,user12
0.8735617787812269,1,user12
0.8393754019453366,1,user12
0.3865145589328478,1,user12
0.7729823363012834,1,user12
0.7843913151732147,1,user12
0.7711494580335393,1,user12
0.7919559244525688,1,user12
0.8766888440533979,1,user12
0.5379254808789312,0,user12
0.8929043459282286,1,user12
0.9405401830754538,1,user12
0.9088722208679156,1,user12
0.8790142191582425,1,user12
0.6287027785146422,1,user12
0.6998991942002298,1,user12
0.6320470176629038,1,user12
0.5907156452282717,1,user12
0.780446722656098,1,user12
0.922319132325512,1,user12
0.8741923982648746,1,user12
0.9647024086260455,1,user12
0.822305351104517,1,user12
0.9447253188733926,1,user12
0.6811655344939681,1,user12
0.8113966283222638,1,user12
0.6042823014672403,1,user12
0.7929214780664591,1,user12
0.7606587208960571,1,user12
0.7744613894152991,1,user12
0.6890105074100727,1,user12
0.735007487059633,1,user12
0.45511517137339635,0,user12
0.7334078338798568,1,user12
0.9057143717316011,1,user12
0.5157154360953181,0,user12
0.44517403450381693,0,user12
0.6142924581524766,1,user12
0.6757034797157287,1,user12
0.9777558426103463,1,user12
0.9923293545512291,1,user12
0.5791377001503965,0,user12
0.42302112098104555,0,user12
0.6784167092916629,1,user12
0.2855611448842892,0,user12
0.3878252373513972,0,user12
0.4768348719639557,1,user12
0.900213943590579,1,user12
0.5510279062894835,1,user12
0.7177205582472076,1,user12
0.7452183761735595,1,user12
0.8922009987075947,1,user12
0.5733884147061031,1,user12
0.7420402561820056,1,user12
0.655245015921624,1,user12
0.6764995737731057,1,user12
0.25045819918066886,0,user12
0.5145404781844655,1,user12
0.6136884995043294,1,user12
0.5651085053936478,1,user12
0.5619612837150851,1,user12
0.47491941245480507,1,user12
0.7094995767965785,1,user12
0.7402009567208425,1,user12
0.9323750182329851,1,user12
0.78894815931251,1,user12
0.733403058979873,1,user12
0.35635807053111074,0,user12
0.6247901981497321,1,user12
0.9487800951475165,1,user12
0.9125864243773324,1,user12
0.6390338964743947,1,user12
0.48117920845821366,1,user12
0.2882624403529962,0,user12
0.8587454253554933,1,user12
0.3180755320720003,0,user12
0.33035330880308966,0,user12
0.6352445458397737,0,user12
0.653642690892058,1,user12
0.8158340948873379,1,user12
0.6560906107371108,1,user12
0.6377110556011983,1,user12
0.7207086151828562,1,user12
0.7627912331401464,1,user12
0.6939965650324408,1,user12
0.7514050611672309,1,user12
0.980159637721195,1,user12
0.9715143595200618,1,user12
0.7823040142513381,1,user12
0.7336519202236632,1,user12
0.26819096598040193,0,user12
0.8878260607481826,1,user12
0.5882539655905934,1,user12
0.83001749021906,1,user12
0.8177235262829834,1,user12
0.4626873273717209,1,user12
0.8019596854135578,1,user12
0.6440637662273071,1,user12
0.8301155431017563,1,user12
0.8187198462684119,1,user12
0.6510631647453037,1,user12
0.6761976349827462,1,user12
0.4409107167262262,1,user12
0.37430919275571256,1,user12
0.7650377968183179,1,user12
0.8257584951708026,1,user12
0.7539734571135156,1,user12
0.7734693383837918,1,user12
0.7843485299013259,1,user12
0.5728318192843794,0,user12
0.5955878267548492,1,user12
0.6916095751031637,1,user12
0.5335716303422489,0,user12
0.8247627562352604,0,user12
0.8677159103732786,1,user12
0.874195163649055,1,user12
0.8326446588574232,1,user12
0.7722733098636516,1,user12
0.7830773644124848,1,user12
0.8234848608737333,1,user12
0.6271860443814852,1,user12
0.8163390992275183,1,user12
0.9078166299534715,1,user12
0.734130364976148,1,user12
0.8009044731596718,1,user12
0.6662626177293353,1,user12
0.7785546725604795,1,user12
0.8352773974089499,1,user12
0.9030675642642255,1,user12
0.9064586599893648,1,user12
0.3307017213038154,0,user12
0.5557290937756599,0,user12
0.42004288806425205,1,user12
0.6264637043446569,1,user12
0.6313971128101993,1,user12
0.7144299300115173,1,user12
0.6451091530891259,1,user12
0.6308141629419695,1,user12
0.7100965627789277,1,user12
0.7348014637626566,1,user12
0.7367910477540397,1,user12
0.7642970197504615,1,user12
0.7689876974581643,1,user12
0.6218304940804162,1,user12
0.6437156435135746,1,user12
0.6543738227771069,1,user12
0.6535565889403133,1,user12
0.7840549571006119,1,user12
0.8851195481535533,1,user12
0.758146937336777,1,user12
0.7738326629161102,1,user12
0.8048721044551337,1,user12
0.6455792233701994,1,user12
0.6271731942069222,1,user12
0.7819379849130776,1,user12
0.7359041740221932,1,user12
0.477383894995563,1,user12
0.593251129575291,1,user12
0.6729304042615695,1,user12
0.31247852406067783,1,user12
0.8220761580006747,1,user12
0.8356845082292474,1,user12
0.5573794556209907,1,user12
0.7930768442102116,1,user12
0.9011032050959993,1,user12
0.27825026056768337,1,user12
0.590995431549572,0,user12
0.6040869614227896,1,user12
0.36706770390785165,0,user12
0.7491005779080413,1,user12
0.7734654926559665,1,user12
0.7219593967871284,1,user12
0.7664557319958485,1,user12
0.506858686912665,1,user12
0.7428367680751151,1,user12
0.6933936723834095,1,user12
0.8797576865992749,1,user12
0.8689124764234238,1,user12
0.7478505260401229,1,user12
0.8917430318844412,1,user12
0.5408345408512765,1,user12
0.7934839968808838,1,user12
0.7432826783215674,1,user12
0.39153264133886606,0,user12
0.8010071208634816,1,user12
0.6224217307075255,1,user12
0.768033369961654,1,user12
0.7403551349287172,1,user12
0.6572596041854479,1,user12
0.8025979532156001,1,user12
0.8270057883994338,1,user12
0.7035736005113807,1,user12
0.7684770510347909,1,user12
0.7221743201060281,1,user12
0.7481006585924312,1,user12
0.8078366191434718,1,user12
0.7825457220561436,1,user12
0.64935992555712,1,user12
0.6771008213893275,1,user12
0.6472568047132324,1,user12
0.7091853895889304,1,user12
0.7435876229647916,1,user12
0.6646328099087435,1,user12
0.7133257330627213,1,user12
0.8403261760833834,1,user12
0.7400550261064862,1,user12
0.7143861513463932,1,user12
0.7513468779174064,1,user12
0.3248122800826876,0,user12
0.7548731410473831,1,user12
0.7613407744907594,1,user12
0.7615327825068927,1,user12
0.5898249323259815,1,user12
0.5892196913083182,1,user12
0.40010568424115767,0,user12
0.29493984424785313,0,user12
0.3979002668880685,1,user12
0.4043318586429024,1,user12
0.7921556467686791,1,user12
0.8646264990669607,1,user12
0.32629695875384424,0,user12
0.5235560741175105,0,user12
0.6042526430365457,1,user12
0.4856599958379726,1,user12
0.5373543701013054,1,user12
0.801395099296798,1,user12
0.7090056419069009,1,user12
0.6767581022711622,1,user12
0.7033818565329086,1,user12
0.4256750343916344,0,user12
0.25165544432275216,1,user12
0.7244103564442016,1,user12
0.27566956574420404,1,user12
0.6514828760924716,1,user12
0.5957922307857708,1,user12
0.6372884218837191,1,user12
0.43029568708800925,1,user12
0.7308932620013772,1,user12
0.8363793614323431,1,user12
0.7237661775582503,1,user12
0.44007606944096395,0,user12
0.38985732020422886,0,user12
0.8274135598144488,1,user12
0.9197356607973786,1,user12
0.43887759402693743,1,user12
0.45262305472390735,1,user12
0.6939668931968926,1,user12
0.28731258352305644,0,user12
0.7430261214076959,1,user12
0.833449166967638,1,user12
0.8167503686500015,1,user12
0.4287562798050097,1,user12
0.5127941460039696,0,user12
0.3313441614703021,1,user12
0.3493595007350189,1,user12
0.3450775635883627,1,user12
0.3023866649887292,1,user12
0.6320147097671338,1,user12
0.5394252904575915,1,user12
0.7022293560019486,1,user12
0.6873953611908091,1,user12
0.27300247918174836,0,user12
0.7180912469785222,1,user12
0.760915520852785,1,user12
0.7157093692067149,1,user12
0.3936810606870702,0,user12
0.4340637450437955,1,user12
0.8402953036548478,1,user12
0.6829654857864508,1,user12
0.7744598773382071,1,user12
0.7364486302040808,1,user12
0.6316556902996951,1,user12
0.7001746707406292,1,user12
0.8852682442091999,1,user12
0.37193912467156964,1,user12
0.6565118504701525,1,user12
0.7712630985322221,1,user12
0.5476068755766662,0,user12
0.2595200460608989,1,user12
0.48366881687417806,0,user12
0.7364352753412414,1,user12
0.8490263435371775,1,user12
0.42344096731351927,1,user12
0.27816954490236306,1,user12
0.914630157027688,1,user12
0.480783578965521,1,user12
0.8529120210622049,1,user12
0.6910605840744363,1,user12
0.7211655928689829,1,user12
0.8229443543411566,1,user12
0.6999852028211722,1,user12
0.6836704232237725,1,user12
0.7773122100551558,1,user12
0.40285208066370887,1,user12
0.5356640274733945,1,user12
0.7868362824848992,1,user12
0.7317533021107389,1,user12
0.7895478982125204,1,user12
0.3771331414146756,1,user12
0.7656770800679976,1,user12
0.6178411369183138,1,user12
0.4858161018452582,1,user12
0.47003215168321594,0,user12
0.4491239564432786,0,user12
0.47084373400726154,1,user12
0.41176419893300936,1,user12
0.19797859633401907,0,user12
0.5281779659268716,1,user12
0.5993534149368408,1,user12
0.9066860189825597,1,user12
0.6501129168562476,1,user12
0.5843604179361005,1,user12
0.7101747657507799,1,user12
0.7776028843461117,1,user12
0.442673135435675,1,user12
0.5991440790319601,1,user12
0.8683369162894348,1,user12
0.7410108717626017,1,user12
0.9244637702577134,1,user12
0.9693284359475413,1,user12
0.8901655134342856,1,user12
0.9779250697771638,1,user12
0.8441599660035021,1,user12
0.33375505462474037,0,user12
0.6895200066850794,1,user12
0.8034178244166557,1,user12
0.2472321408815189,0,user12
0.3606583661999272,1,user12
0.837478912192963,0,user12
0.8084901893141339,1,user12
0.8900859605704331,1,user12
0.7506741971011581,1,user12
0.9200183081153657,1,user12
0.9710408821213481,1,user12
0.8721473662837669,1,user12
0.8748736928327839,1,user12
0.8641669711823451,1,user12
0.9547970070490814,1,user12
0.762914622773229,1,user12
0.7121827455684216,1,user12
0.8027679845312042,0,user12
0.694315672900804,1,user12
0.7382436276587039,1,user12
0.652151669997891,1,user12
0.3720208578577181,1,user12
0.7609824077782066,1,user12
0.9024914761238102,1,user12
0.7781397941180159,1,user12
0.8901824573304213,1,user12
0.6773745098560716,1,user12
0.7885720472187836,1,user12
0.8469784611957123,1,user12
0.8803072239101214,1,user12
0.6430567428377851,1,user12
0.514026155521736,0,user12
0.37854217644090843,0,user12
0.4047522987103891,1,user12
0.8106699044029664,1,user12
0.7316712538150215,1,user12
0.3189025483408113,0,user12
0.29689006277956953,0,user12
0.963317330765402,1,user12
0.912588468638414,1,user12
0.8013868724866153,1,user12
0.9230365339583496,1,user12
0.8053246406010494,1,user12
0.5180048159716214,1,user12
0.8164653142877298,1,user12
0.3874793165439772,0,user12
0.6738155464469908,1,user12
0.7654613517346873,1,user12
0.37976845167772544,0,user12
0.6905735576563455,1,user12
0.7545654476661287,1,user12
0.44605537889023783,0,user12
0.47867007071494516,1,user12
0.5975832852949157,1,user12
0.4716154084438098,1,user12
0.5050513959143088,1,user12
0.7013583244676789,1,user12
0.7181679436574745,1,user12
0.7622314762855746,1,user12
0.9083494886893049,0,user12
0.2234108303888386,0,user12
0.4899772643379589,0,user12
0.6908658575197434,1,user12
0.7265330400448222,1,user12
0.48804297079507275,1,user12
0.5458971020398774,0,user12
0.3325436651388765,0,user12
0.34552134642934285,0,user12
0.4690159683371183,0,user12
0.777809951908424,1,user12
0.28176783854300125,1,user12
0.35776991080176296,0,user12
0.5412769257556196,0,user12
0.5047200593992295,0,user12
0.7850315447262186,1,user12
0.8737382452893816,1,user12
0.4107402456769699,0,user12
0.8299149002011782,0,user12
0.4876523835713189,0,user12
0.37615510817863285,0,user12
0.3545288334487987,0,user12
0.3083414039586873,0,user12
0.39023982731819484,1,user12
0.8350427860088211,1,user12
0.8036131857303975,1,user12
0.6538945331422078,1,user12
0.7342179457742227,1,user12
0.983413054068255,1,user12
0.3015488677436508,0,user12
0.32718482301897367,0,user12
0.3803171296410926,0,user12
0.7884724031792706,1,user12
0.8919378955990787,1,user12
0.672750423013015,1,user12
0.8083404003963403,1,user12
0.8094578995806563,1,user12
0.3777028338287767,0,user12
0.35328658559349513,1,user12
0.3389888665738849,0,user12
0.4725954970085352,1,user12
0.36799272455779436,1,user12
0.7182871542705174,1,user12
0.6649316012495965,1,user12
0.49059704093364526,0,user12
0.6859525993731879,1,user12
0.5710117715147047,0,user12
0.6568328523340289,0,user12
0.5821847611220796,1,user12
0.4561880079456594,1,user12
0.451919208661086,1,user12
0.7834757008980248,1,user12
0.7616259086164133,1,user12
0.3718999878400349,0,user12
0.26284445401093937,1,user12
0.8227020395903717,1,user12
0.8619879453032319,1,user12
0.8147765531525457,1,user12
0.6689019006978217,1,user12
0.2832743419843856,1,user12
0.5629360399295337,1,user12
0.6802005988155799,1,user12
0.9382116090485605,1,user12
0.878592961221311,1,user12
0.6916407813116571,1,user12
0.47345452096023494,1,user12
0.8006229293190548,1,user12
0.3589268558966113,0,user12
0.7413952382664627,1,user12
0.4169066868279079,1,user12
0.8810073486202057,1,user12
0.47695664307196417,0,user12
0.4461969546803821,0,user12
0.5037547084143575,0,user12
0.6912096139063253,1,user12
0.6775715331830134,1,user12
0.5436270431045949,1,user12
0.5585545534982729,1,user12
0.8303245048597374,1,user12
0.6487628052766815,1,user12
0.6412138523384191,0,user12
0.331031204906177,1,user12
0.4692254128174013,1,user12
0.7888814062133969,1,user12
0.7343518324382056,1,user12
0.6908197365584284,1,user12
0.6562270537752406,1,user12
0.905472546076902,1,user12
0.6871799195257661,1,user12
0.2797355087723152,0,user12
0.8261603371204744,1,user12
0.6368747659852494,1,user12
0.7802571382140939,1,user12
0.6817891004849812,1,user12
0.8255400790643035,1,user12
0.7274733713870598,1,user12
0.6745269061943828,1,user12
0.8350321765606574,1,user12
0.6939890708582379,1,user12
0.7708390463357466,1,user12
0.5018354438360932,0,user12
0.3822773403374306,0,user12
0.40378696562093686,1,user12
0.37826560678426513,0,user12
0.2906162913428042,1,user12
0.37754403189723607,1,user12
0.5256683748064368,1,user12
0.4184324229045718,1,user12
0.5471443385785585,0,user12
0.7029354770465789,1,user12
0.6591156318426652,1,user12
0.5277572409679294,1,user12
0.4417852660895226,1,user12
0.6696863598409416,0,user12
0.8354361652595317,1,user12
0.7391662614670871,1,user12
0.4564832607589595,1,user12
0.5476629707788987,0,user12
0.3926896561823381,0,user12
0.8036956518069674,1,user12
0.6100123948961185,1,user12
0.5860172822172036,1,user12
0.8112704731257715,0,user12
0.7125701958649763,1,user12
0.7516776205959539,1,user12
0.8601443686562913,1,user12
0.5269825757336666,1,user12
0.3319293368538771,0,user12
0.764717134949474,1,user12
0.8425817295028529,1,user12
0.5474248681564833,0,user12
0.7283410422568479,1,user12
0.4817416265783557,1,user12
0.4963906410276864,0,user12
0.28740845014633565,0,user12
0.20319442829574244,0,user12
0.5024905094304063,0,user12
0.2814951517113048,0,user12
0.5642777289899351,0,user12
0.2900342446999294,0,user12
0.34875724499227373,1,user12
0.7836364141022927,1,user12
0.9141433413368909,1,user12
0.5587117267649974,0,user12
0.42143008342837046,0,user12
0.24295775905139597,0,user12
0.37609137102575974,0,user12
0.3896718599099482,0,user12
0.8815475062313591,1,user12
0.9180799175696218,1,user12
0.5661917876339934,1,user12
0.9161316043556839,1,user12
0.8721533810813195,1,user12
0.7937962531967253,1,user12
0.4082277287577522,0,user12
0.48845987652469297,1,user12
0.6971837347776956,1,user12
0.7437714766440744,1,user12
0.7340237944835143,1,user12
0.85747442531881,1,user12
0.760954285807575,1,user12
0.5153728763975636,1,user12
0.670504935704008,1,user12
0.7600666042557744,1,user12
0.3870336298069756,0,user12
0.3723774394668243,0,user12
0.39159282609532553,1,user12
0.31630340643451094,1,user12
0.6888813428646495,1,user12
0.5490842216480105,1,user12
0.45028069255110287,0,user12
0.33091623384120933,0,user12
0.5433544594870914,0,user12
0.27289265465861456,0,user12
0.349360752497948,0,user12
0.35374260525844964,1,user12
0.7989968564880867,1,user12
0.5456632941401633,1,user12
0.40046107763576705,1,user12
0.5173433121947323,0,user12
0.4126148843906365,1,user12
0.7783406811567726,1,user12
0.7124189918004731,1,user12
0.8502596314621078,1,user12
0.8792090693621604,1,user12
0.7962502691638873,1,user12
0.8503369382294917,1,user12
0.775522713071054,1,user12
0.28315245948563916,1,user12
0.6367810601649817,1,user12
0.7268602120297246,1,user12
0.7482945792228934,1,user12
0.7475472768242023,1,user12
0.28725255059159194,0,user12
0.6851299804544471,1,user12
0.5466856601218547,1,user12
0.5367965349388335,1,user12
0.3606049921314379,1,user12
0.7421723083725423,1,user12
0.8516650040819329,1,user12
0.6146636915995666,1,user12
0.3003854833918627,1,user12
0.9177306839504982,1,user12
0.7671910867242546,1,user12
0.5685549804343999,1,user12
0.671000521618366,1,user12
0.7135505773012394,1,user12
0.7399194564289339,1,user12
0.4929755573137192,1,user12
0.8031702285722623,1,user12
0.4324550635016116,1,user12
0.22163088791344263,1,user12
0.30605229709470827,0,user12
0.8177723704256314,1,user12
0.8016184816106366,1,user12
0.8743737382917639,1,user12
0.3787014166426125,1,user12
0.4658604312678511,0,user12
0.7723741050779873,1,user12
0.9762505904688307,1,user12
0.5401588225907316,1,user12
0.7233884115552001,1,user12
0.34748339380792387,0,user12
0.41485485372209985,1,user12
0.7176059123592755,1,user12
0.5117404751250455,1,user12
0.356927426350893,0,user12
0.4823687259943764,1,user12
0.755572247168665,1,user12
0.809770194142646,1,user12
0.8997197341387333,1,user12
0.42653921530744593,1,user12
0.3110018366023679,0,user12
0.33373365600089266,0,user12
0.18048348564110434,1,user12
0.2133903375177928,0,user12
0.2703080747601515,0,user12
0.28974411904871566,0,user12
0.4104097914894177,1,user12
0.3303378265924258,0,user12
0.2870065660292392,0,user12
0.37795831951220055,1,user12
0.4233226106816644,1,user12
0.7302744746993245,1,user12
0.46786687992341086,0,user12
0.7111550668023556,1,user12
0.639665896631729,1,user12
0.6409111748251026,1,user12
0.7165823528555997,1,user12
0.8409514798727,0,user12
0.3640965813207355,0,user12
0.7098704563044821,1,user12
0.7399067304996342,0,user12
0.9944470188838339,1,user12
0.9961072056931176,1,user12
0.6443611342922336,1,user12
0.8247874916934578,1,user12
0.7814409140608696,1,user12
0.6649743616585766,1,user12
0.7404109535417763,1,user12
0.8458320706974551,1,user12
0.8577131085289126,1,user12
0.7978649343505855,1,user12
0.8861869002240127,1,user12
0.9906916149947317,1,user12
0.8821475905346683,1,user12
0.9869426443986759,1,user12
0.8437140421051794,1,user12
0.7880691041384974,1,user12
0.8249130595073043,1,user12
0.7448612051692364,1,user12
0.7537262643047582,1,user12
0.40778701936535705,0,user12
0.4745301834389104,0,user12
0.7672407123687859,1,user12
0.7783521258765275,1,user12
0.6838759454163407,1,user12
0.26526281099513377,0,user12
0.7026217958282057,1,user12
0.7003164294929244,1,user12
0.5695064418224556,1,user12
0.7873221324434896,1,user12
0.881576024720615,1,user12
0.7326132641911577,1,user12
0.33656244834258114,0,user12
0.4931205859253912,0,user12
0.9494124081346049,1,user12
0.881402313052159,1,user12
0.539154576861526,1,user12
0.6888922117209431,1,user12
0.8288119514167163,1,user12
0.5714065877787898,1,user12
0.8302239434171858,1,user12
0.7931547705771479,1,user12
0.9359703289803141,1,user12
0.711284671599952,1,user12
0.8139801043159335,1,user12
0.2897757390126006,1,user12
0.7374567536874771,1,user12
0.7502629604917603,1,user12
0.8431784278097774,1,user12
0.5950823448262982,1,user12
0.7548739328055971,1,user12
0.7631104367113157,1,user12
0.3250333635731601,1,user12
0.5603997222541388,1,user12
0.7475862663782566,1,user12
0.7646091785493192,1,user12
0.7258434144841909,1,user12
0.6074520544364436,0,user12
0.8083236731459377,1,user12
0.6977262428382808,1,user12
0.7505469506188925,1,user12
0.7039175282418858,1,user12
0.8498660502206266,1,user12
0.7742508243644619,1,user12
0.7011286434269213,1,user12
0.8586569154908772,1,user12
0.7388670794987,1,user12
0.8115313414160612,1,user12
0.7173123585686084,1,user12
0.7991825937870938,1,user12
0.7577356503693186,1,user12
0.505366982864661,0,user12
0.8177835631772267,1,user12
0.9143105997577475,1,user12
0.6827017031278739,1,user12
0.38325332975722304,0,user12
0.7307976960344237,1,user12
0.8741197064029252,1,user12
0.7378710115779501,1,user12
0.7452157169918339,1,user12
0.7683535503885467,1,user12
0.945149987686524,1,user12
0.8040841158932545,1,user12
0.3883459784765746,0,user12
0.8145491593020077,1,user12
0.6387760730203913,1,user12
0.729752262064352,1,user12
0.8499088687578942,1,user12
0.5796591276650003,1,user12
0.7866880657352119,1,user12
0.34854268045945175,1,user12
0.7500322153852365,1,user12
0.8578456258179702,1,user12
0.7547015469955537,1,user12
0.7952465432263803,1,user12
0.6891375327690765,1,user12
0.9107005472042197,1,user12
0.9617222438666193,1,user12
0.7982270179772814,1,user12
0.797973188109234,1,user12
0.7576053988208167,1,user12
0.9520923918963726,1,user12
0.7993832791401587,1,user12
0.8339076447130784,1,user12
0.8197234775030244,1,user12
0.8187241608772277,1,user12
0.7377019723581004,1,user12
0.6597054015833788,1,user12
0.5937186444808512,1,user12
0.5567968592765803,1,user12
0.472579007363532,1,user12
0.39586190207043986,0,user12
0.672435366469477,1,user12
0.4695840364747121,1,user12
0.42894216859872936,1,user12
0.7742087231221766,1,user12
0.8088167317852467,1,user12
0.8000515896883867,1,user12
0.8546640850244749,1,user12
0.48216310908500876,0,user12
0.9084793823876829,1,user12
0.9604992833495487,1,user12
0.9578168771537872,1,user12
0.9829837228664176,1,user12
0.77667028223005,1,user12
0.9033110297074697,1,user12
0.9018894758460702,1,user12
0.5985421946893545,1,user12
0.6495065176342942,1,user12
0.7475855661902789,1,user12
0.7989569505113673,1,user12
0.37151306729894573,0,user12
0.9057083192508909,1,user12
0.7392740145499533,1,user12
0.7763799803689965,1,user12
0.7386057396442716,1,user12
0.711943032448556,1,user12
0.303719009836871,0,user12
0.9073242419418874,1,user12
0.7274782948142735,1,user12
0.8838409051352155,1,user12
0.9028855144346735,1,user12
0.9748451893066096,1,user12
0.8748215665438162,1,user12
0.7459401171769001,1,user12
0.9081652169226994,1,user12
0.7712268527566019,1,user12
0.9644705564930629,1,user12
0.8066346575244475,1,user12
0.7514979568871593,1,user12
0.6706770444105644,1,user12
0.7636837014053564,1,user12
0.6352459653482415,1,user12
0.49493149768137323,0,user12
0.279693084525626,0,user12
0.7993251146229476,1,user12
0.7768643903591511,1,user12
0.764525635071535,1,user12
0.6291424163186667,1,user12
0.6033845641683551,1,user12
0.4834129003095228,1,user12
0.5255126305105374,1,user12
0.6398221505302175,1,user12
0.8006022287357513,1,user12
0.62156694074869,1,user12
0.4812685247171651,1,user12
0.8354970905609738,1,user12
0.720376660748778,1,user12
0.7156313651214906,1,user12
0.48884246139770665,0,user12
0.6162969294229418,1,user12
0.5936209994052637,1,user12
0.7192788798353471,1,user12
0.8196612868472302,1,user12
0.7216994086878236,1,user12
0.8410317107947858,1,user12
0.7086823697733716,1,user12
0.9823731717925974,1,user12
0.9442561230809143,1,user12
0.62507123788152,1,user12
0.6826931703866688,1,user12
0.5766488718502034,1,user12
0.8132103684469909,1,user12
0.9416723413002912,1,user12
0.5968160763910135,0,user12
0.7090330580902195,1,user12
0.8357347664040766,1,user12
0.7579114060093214,1,user12
0.7289743503533647,1,user12
0.7193285248508814,1,user12
0.8512533946648708,1,user12
0.7081586849662806,1,user12
0.71793131605729,1,user12
0.7134972983658506,1,user12
0.5185791620543023,1,user12
0.9209357181900342,1,user12
0.9524870827199683,1,user12
0.6234131852041264,0,user12
0.5924542528675245,0,user12
0.6352940462773385,0,user12
0.3566350266949977,0,user12
0.24478601877555067,0,user12
0.3249333246643504,1,user12
0.7033066218588276,1,user12
0.5652669772096015,1,user12
0.8362257345351429,1,user12
0.7099951503878962,1,user12
0.722099037330357,1,user12
0.6915827445507995,1,user12
0.9695884203770679,1,user12
0.7242434830071066,1,user12
0.7146971069454792,1,user12
0.27995089289286695,0,user12
0.2760724357410709,1,user12
0.7354110153789463,1,user12
0.9974773307991802,1,user12
0.9355057544815275,1,user12
0.7536355849753419,1,user12
0.3205966833274385,0,user12
0.42609793877559227,0,user12
0.7141788235571338,1,user12
0.8108926634121142,1,user12
0.5629429590969404,1,user12
0.5516006619576053,1,user12
0.4118970129064484,1,user12
0.49112183072484333,0,user12
0.37028404897667117,0,user12
0.8209199969043306,1,user12
0.47869970351390656,1,user12
0.9706119286132417,1,user12
0.9983435083794739,1,user12
0.9860723917603016,1,user12
0.7614960369598702,1,user12
0.31827309646279367,0,user12
0.6435339343365634,1,user12
0.7616134226505329,1,user12
0.5968414660022356,1,user12
0.9282130196282613,1,user12
0.7871962463168256,1,user12
0.3146254606750424,1,user12
0.29634769820265805,0,user12
0.7677202744816165,1,user12
0.3068644133363885,0,user12
0.5846931643281086,0,user12
0.5658422807170299,1,user12
0.7798586177868974,0,user12
0.4550086641352418,0,user12
0.23118139371648655,0,user12
0.5970170149217114,1,user12
0.645883796466323,1,user12
0.6114162723872884,1,user12
0.6027716786558263,1,user12
0.6615816047990714,1,user12
0.7668572888185525,1,user12
0.8412266119284547,1,user12
0.31467592630005375,1,user12
0.2826817090566289,0,user12
0.4525708371023002,1,user12
0.6690311002684812,1,user12
0.9183138405060494,1,user12
0.9312519899238674,1,user12
0.753832632875135,1,user12
0.723962763524381,1,user12
0.9045856323701396,1,user12
0.8917643275697152,1,user12
0.38947050372162756,1,user12
0.5713363998126136,1,user12
0.7247206376098203,1,user12
0.45604681079393206,1,user12
0.6347678032721034,1,user12
0.6466479610080239,1,user12
0.43270315813995375,1,user12
0.4130677982326994,0,user12
0.6806948660911517,1,user12
0.726226669577528,1,user12
0.7821679499946742,1,user12
0.5511280743706555,0,user12
0.4118793785061809,0,user12
0.877912799334204,1,user12
0.45691497650044044,1,user12
0.7380627539779803,1,user12
0.7280721701280984,1,user12
0.9674635018692646,1,user12
0.8704745889839403,1,user12
0.35804599381742974,0,user12
0.5598035648388123,1,user12
0.4855130019555889,1,user12
0.5716197267443701,1,user12
0.8033537929740565,1,user12
0.3062568180121054,0,user12
0.7108783465932195,1,user12
0.6537177685580747,1,user12
0.9634589316329881,1,user12
0.7946076625151033,1,user12
0.3313949145867642,1,user12
0.40910444665861667,1,user12
0.3274211417147469,0,user12
0.6041170704759276,1,user12
0.6011676836553214,1,user12
0.5487257382030665,1,user12
0.39432979581277355,1,user12
0.741714962402054,1,user12
0.659640416152512,1,user12
0.3228866707409981,0,user12
0.39864243014259004,1,user12
0.48247734586922325,0,user12
0.323121934983825,0,user12
0.4699346381093942,1,user12
0.8275039831297183,1,user12
0.8077131574344952,0,user12
0.44157691094544804,1,user12
0.7467024646294466,1,user12
0.4389802958730853,1,user12
0.340061880094207,1,user12
0.7536281864623517,1,user12
0.8768972012065523,1,user12
0.9369630047058409,1,user12
0.24057034239250127,0,user12
0.7505661369765028,1,user12
0.9781897374593426,1,user12
0.7288791717978097,1,user12
0.8034398122892766,1,user12
0.40905338078138637,1,user12
0.35035216161737076,0,user12
0.3656931205383328,1,user12
0.6289963768339432,1,user12
0.4315128454595502,1,user12
0.7334521086540269,1,user12
0.7231910761729657,1,user12
0.847025199751218,1,user12
0.7122341230957692,1,user12
0.37670940374936585,0,user12
0.7892038130283894,1,user12
0.9424230325935418,1,user12
0.8300764251981407,1,user12
0.700891605930426,1,user12
0.5282166719086709,1,user12
0.7534632085707128,0,user12
0.7967622084747034,1,user12
0.7568518165841316,1,user12
0.7267299271938488,1,user12
0.5756927876745483,1,user12
0.45272861377632384,1,user12
0.6032658022830756,1,user12
0.4762717100185865,1,user12
0.39980184638156857,1,user12
0.8473012718398005,1,user12
0.6358602425808669,1,user12
0.8644426322863816,1,user12
0.4655103317049472,1,user12
0.5364903023564818,1,user12
0.6726344085807595,1,user12
0.39031532778685524,1,user12
0.724127816749396,1,user12
0.5447466380596717,0,user12
0.892240531410141,1,user12
0.9048962492074841,1,user12
0.39653500721460616,1,user12
0.8895649563521544,0,user12
0.6752341188869835,1,user12
0.6241641155537676,1,user12
0.7729979619350441,1,user12
0.570095576607359,1,user12
0.7584837704057898,1,user12
0.9964368907857132,1,user12
0.9272140843210165,1,user12
0.8362858936403806,1,user12
0.5291842219793734,0,user12
0.8605108788076984,1,user12
0.7813105485178355,1,user12
0.7137439186119942,1,user12
0.9054140972394455,1,user12
0.7849284876066808,1,user12
0.6271862037522242,1,user12
0.7206818256887771,1,user12
0.8196586400866882,1,user12
0.43441881582954583,1,user12
0.547748223185169,0,user12
0.5612586425840352,1,user12
0.6361235002538469,1,user12
0.7260234786653973,1,user12
0.6986700363788191,1,user12
0.6715982053452072,1,user12
0.8182279503325169,0,user12
0.7524401656077603,1,user12
0.6133615314618479,1,user12
0.7523318300440941,1,user12
0.8207154999533146,1,user12
0.7464867285400475,1,user12
0.8980327694305413,1,user12
0.9047798241077784,1,user12
0.6265042844091353,1,user12
0.5989708773081509,1,user12
0.7397116795971455,1,user12
0.9767108725474017,1,user12
0.7484775594279796,1,user12
0.8651620764904331,1,user12
0.9338615323372401,1,user12
0.32086984069464447,0,user12
0.3814647517703679,0,user12
0.37592004536010953,1,user12
0.792793007970893,1,user12
0.8526269435210015,1,user12
0.6559943321662921,0,user12
0.7189129075170648,1,user12
0.6852679846899664,1,user12
0.7570658034985358,1,user12
0.4388077674897977,1,user12
0.46446066408327297,1,user12
0.8313052668939349,1,user12
0.321118620908409,0,user12
0.8364281837813993,1,user12
0.7469114937749161,1,user12
0.7212651852260932,1,user12
0.8055241025314103,1,user12
0.5591929148896111,0,user12
0.5733915149597206,1,user12
0.7268210266920277,1,user12
0.7150062786883771,1,user12
0.7968340195774609,1,user12
0.4970796411344194,1,user12
0.7176095447742473,1,user12
0.8690449598813085,1,user12
0.8461820295787706,1,user12
0.8338906198026484,0,user12
0.5940017216119589,1,user12
0.8703778248449072,1,user12
0.9867968786422738,1,user12
0.782486182083524,1,user12
0.30112867667709725,1,user12
0.2603765831524032,1,user12
0.3167528151120555,0,user12
0.27027255098914643,0,user12
0.2513410473428662,1,user12
0.5898262952607923,1,user12
0.5952806818626867,1,user12
0.7728745167688066,1,user12
0.2534820780620153,0,user12
0.330789497985444,0,user12
0.49479150797531607,1,user12
0.6080677686657694,1,user12
0.7492083459257489,1,user12
0.49883464110682063,1,user12
0.4951900831274181,0,user12
0.7287956358590751,1,user12
0.37942378332392185,1,user12
0.6998594879480462,1,user12
0.38926672027849296,1,user12
0.443520806280269,1,user12
0.80607504691166,1,user12
0.8532751526493063,1,user12
0.8427253898488936,1,user12
0.6582382771312603,1,user12
0.45882299245994945,1,user12
0.7623123612440122,1,user12
0.35602923639970824,1,user12
0.3299623045649521,0,user12
0.35464991707392907,1,user12
0.6106560062791199,1,user12
0.6531682421303773,1,user12
0.2698120035738559,0,user12
0.3706363874266597,1,user12
0.4709799758007135,1,user12
0.7607483724809984,1,user12
0.4001604589668288,0,user12
0.26637735795734346,0,user12
0.7447317507512334,1,user12
0.44193917679316996,1,user12
0.750043309842085,1,user12
0.7906643628206649,1,user12
0.7085536178036381,1,user12
0.7233996560387946,1,user12
0.3248086246586789,0,user12
0.7145311995130694,1,user12
0.6932689493622257,1,user12
0.7470544099803036,1,user12
0.613993079768915,1,user12
0.7397541779728513,1,user12
0.6512644737876001,1,user12
0.5272258383485993,1,user12
0.7913892492588424,1,user12
0.5835633962050101,1,user12
0.8947160710711132,1,user12
0.7807842754331692,1,user12
0.5421593297054847,0,user12
0.7439037339025911,1,user12
0.7617558421718011,1,user12
0.7521544977741866,1,user12
0.5630706300617676,1,user12
0.6657075129194123,1,user12
0.8861870681305228,1,user12
0.7693643697785947,1,user12
0.8302180606605405,1,user12
0.7772400327746919,1,user12
0.7784796610023312,1,user12
0.8421640707721725,1,user12
0.6701668625305989,1,user12
0.7267729598269776,1,user12
0.5004202434597513,1,user12
0.7492422297005581,1,user12
0.6190453238137521,0,user12
0.9027408478263247,1,user12
0.6385619996630302,0,user12
0.6711940740992985,1,user12
0.3841205065576101,1,user12
0.6830206115669286,1,user12
0.8536998595348767,1,user12
0.7230508964449852,1,user12
0.8113255889721512,1,user12
0.9500922801721645,1,user12
0.7494427360025319,1,user12
0.30193551075076486,1,user12
0.31469010163367167,0,user12
0.8484857512821753,1,user12
0.7504232957868838,1,user12
0.7559089306240746,1,user12
0.6557565043309316,1,user12
0.47255457972123804,0,user12
0.8379021812248179,1,user12
0.8326161488306976,1,user12
0.5303605097229052,1,user12
0.6266911092847731,1,user12
0.9818573610412098,1,user12
0.34595735155346624,1,user12
0.8338642012485316,1,user12
0.40687745356336064,1,user12
0.4355723035616388,0,user12
0.5607441367801888,0,user12
0.9652015868563287,1,user12
0.8753958967534243,1,user12
0.6733396119849735,1,user12
0.831357639891393,1,user12
0.934943035659478,1,user12
0.9769303864944271,1,user12
0.7811243475226227,1,user12
0.6858392975191189,1,user12
0.8273847621742159,1,user12
0.7889879269957649,1,user12
0.8196107168673286,1,user12
0.5192111654830303,1,user12
0.7302801121881213,1,user12
0.8116709700950189,1,user12
0.4986793666957524,0,user12
0.4018845576701721,1,user12
0.3764045693667188,0,user12
0.7022396859077871,1,user12
0.45727121859990905,1,user12
0.6781609257806669,1,user12
0.6403966167355386,1,user12
0.7913249128104198,1,user12
0.8402772205013443,1,user12
0.8301727803547159,1,user12
0.8755544968657824,1,user12
0.6544031815014677,1,user12
0.7065510605888976,1,user12
0.891457065686424,1,user12
0.2977114410591934,1,user12
0.38577231475918117,0,user12
0.6709992520874993,1,user12
0.4702083396109961,1,user12
0.45447495065714355,1,user12
0.3680423075285005,0,user12
0.6264893317525526,1,user12
0.918890677603741,1,user12
0.7560754466226385,1,user12
0.8326626563488592,1,user12
0.9170250545552532,1,user12
0.7287703082413279,1,user12
0.7073958108334674,1,user12
0.7931056627132583,1,user12
0.689240200273203,1,user12
0.3577130976219747,1,user12
0.6195450247560218,1,user12
0.6322751156671207,1,user12
0.7512749922886591,1,user12
0.625689311317745,0,user12
0.5820800329831023,0,user12
0.46651501894276076,0,user12
0.6698952763731749,1,user12
0.6335617991815008,1,user12
0.3270523986295215,0,user12
0.3775253250554002,1,user12
0.4460928075340131,0,user12
0.7282954575005429,1,user12
0.6806571044512675,1,user12
0.5871366441662019,1,user12
0.6650195019239182,1,user12
0.7727363253104651,1,user12
0.5257823174871763,1,user12
0.7706622171567161,1,user12
0.8249330948627929,1,user12
0.7346674790638013,1,user12
0.7336609223615818,1,user12
0.9736480783261211,1,user12
0.9707789603931638,1,user12
0.5091743004396253,1,user12
0.45604531694076567,0,user12
0.4346576910164673,1,user12
0.7743884609239301,1,user12
0.7655754656677919,1,user12
0.42955720530536146,0,user12
0.8268399562361333,1,user12
0.918979563620374,1,user12
0.6209271451804893,0,user12
0.7780561768148325,1,user12
0.5407961649628762,1,user12
0.20980668498326074,0,user12
0.5260384937960549,1,user12
0.34424858918150525,1,user12
0.4408596711819147,0,user12
0.45333195385616537,0,user12
0.7927863160885559,1,user12
0.8502591777444782,1,user12
0.404376157063526,0,user12
0.7533866869673919,1,user12
0.7870804604929837,1,user12
0.8163830948919136,1,user12
0.46836534009214303,1,user12
0.7458919101727617,1,user12
0.7398394840698954,1,user12
0.7862839919956324,1,user12
0.7867699371466801,1,user12
0.894870015591102,1,user12
0.28407554441443383,0,user12
0.3767668865725678,1,user12
0.7765819815946947,1,user12
0.7643442737827535,1,user12
0.5087896718143757,0,user12
0.7499026623179839,1,user12
0.8437110354831289,1,user12
0.48370326894700877,0,user12
0.7112196565544125,1,user12
0.705758812333598,1,user12
0.89967113554591,1,user12
0.7426439422465545,1,user12
0.8390698903660564,1,user12
0.7148702726990076,1,user12
0.4179230494391212,1,user12
0.8244775877352706,1,user12
0.808359969823832,1,user12
0.8542424839482693,1,user12
0.8296068097230711,1,user12
0.604240854792793,1,user12
0.6342792044781197,1,user12
0.785058478103927,1,user12
0.7123161383543749,1,user12
0.6396224749567112,0,user12
0.9076968363055786,0,user12
0.34318447490952286,0,user12
0.2898921392982793,1,user12
0.533578655336597,0,user12
0.7072901218388917,0,user12
0.4741851207637826,1,user12
0.6339251324946422,1,user12
0.9242566930727716,1,user12
0.882441291798564,1,user12
0.6725743064757594,1,user12
0.7400553766788668,1,user12
0.7349232314989638,1,user12
0.31918579379245793,0,user12
0.68397659449551,1,user12
0.7414090536028679,1,user12
0.9772863792596918,1,user12
0.7077563013853886,1,user12
0.7777727027164649,1,user12
0.9239030907837316,1,user12
0.8336539462391681,1,user12
0.7154596542079361,1,user12
0.6879347568679226,1,user12
0.2817989643055514,1,user12
0.42166462112939185,1,user12
0.8482014864578404,0,user12
0.4688705142712279,0,user12
0.4893242645769602,0,user12
0.3887334916404357,0,user12
0.251899047632299,0,user12
0.3438414999927459,1,user12
0.5218253846539213,1,user12
0.3588576276323666,0,user12
0.6744892238203097,1,user12
0.6645926665338493,1,user12
0.9222089413015818,1,user12
0.8132357297148904,1,user12
0.4620585692432503,0,user12
0.6808514488820291,1,user12
0.754182100365537,1,user12
0.6064868539594434,1,user12
0.6740485009142883,0,user12
0.7012830493620927,1,user12
0.9155590435926009,1,user12
0.9428088047132429,1,user12
0.6681294928004532,1,user12
0.6852073490453485,1,user12
0.4680667473782866,1,user12
0.46640171894845855,1,user12
0.7472526182610191,1,user12
0.7609709911658069,1,user12
0.7874672158546759,1,user12
0.7484843528381782,1,user12
0.7509458185682925,1,user12
0.7654868781004748,1,user12
0.9423565530290944,1,user12
0.844551665160751,1,user12
0.7452875683956763,1,user12
0.7430977038869927,1,user12
0.41430761406864647,1,user12
0.6417083515948745,1,user12
0.8778199401127065,1,user12
0.7908131373581,1,user12
0.7244687676323682,1,user12
0.8935938622969378,1,user12
0.5029682273516671,1,user12
0.33360301919288965,0,user12
0.7706551117764834,1,user12
0.8338307693263092,1,user12
0.8578854003388438,1,user12
0.7764014809953957,1,user12
0.82502025195309,1,user12
0.7150923554343906,1,user12
0.8819282473029865,1,user12
0.8403356037297323,1,user12
0.9043666944751249,1,user12
0.47161123913153236,1,user12
0.3837723533938017,1,user12
0.6278378227511835,0,user12
0.4207927309295771,1,user12
0.7872135846347306,1,user12
0.439698232487138,1,user12
0.6651450138550823,1,user12
0.4767503491428997,1,user12
0.7027142882360203,1,user12
0.30090056366406887,0,user12
0.7046302260547042,1,user12
0.370559152969614,0,user12
0.41662175782235916,1,user12
0.4477947923481163,1,user12
0.45319023177966106,1,user12
0.6827265891517921,1,user12
0.406789625838992,1,user12
0.47561877698565336,0,user12
0.40880337146045076,1,user12
0.7759249649584182,1,user12
0.32846268900936965,0,user12
0.37483321887687804,1,user12
0.48702205838002605,1,user12
0.6091300573587006,1,user12
0.2998470292569391,0,user12
0.5477811976311685,0,user12
0.5436110101698319,0,user12
0.48530985336328597,0,user12
0.5664977171379268,0,user12
0.6266215079833716,0,user12
0.497642334752438,0,user12
0.5416130407319445,0,user12
0.3228130632635162,0,user12
0.5664993389831563,1,user12
0.8403059191432247,1,user12
0.7261621916669921,1,user12
0.7136640586906927,1,user12
0.7501890353735617,1,user12
0.4293281630196707,1,user12
0.5012670036722852,0,user12
0.6564232669162656,0,user12
0.47043605259073634,0,user12
0.839050976634085,1,user12
0.7583885484526398,1,user12
0.7370415688646139,1,user12
0.6954074465173667,1,user12
0.8997032475228852,1,user12
0.9503282675196186,1,user12
0.8057968478925736,1,user12
0.32224637973603104,1,user12
0.7997302766202379,1,user12
0.7727644219913188,1,user12
0.856734565342067,1,user12
0.7758151135648071,1,user12
0.9160359426349978,1,user12
0.5029074929429288,1,user12
0.7431699555646819,1,user12
0.7408671454360753,1,user12
0.6762003827843348,1,user12
0.38484535639971923,0,user12
0.7707280414930743,1,user12
0.6137725793827575,1,user12
0.5497289838169398,1,user12
0.5943188698122479,0,user12
0.5216366782979857,1,user12
0.4688289800875253,0,user12
0.4909917409303545,1,user12
0.38276587581211236,1,user12
0.5658922987000701,0,user12
0.8758532954583105,1,user12
0.8650850004239186,1,user12
0.43468208016486715,0,user12
0.45087083488760826,1,user12
0.8760438436226547,1,user12
0.9756490705868234,1,user12
0.774763043843193,1,user12
0.7652080590848063,1,user12
0.6710958984547005,1,user12
0.709904251524909,1,user12
0.8403477620818038,1,user12
0.7975553164466526,1,user12
0.7601587312968415,1,user12
0.9928741239270614,1,user12
0.7083553146759568,1,user12
0.8370511606213186,1,user12
0.7544327099912257,1,user12
0.360082984184727,1,user12
0.443193740089729,0,user12
0.7391580046825857,1,user12
0.7827007986670047,1,user12
0.44286508753257653,0,user12
0.6846037155495269,1,user12
0.9025347238483582,1,user12
0.9000337281449798,1,user12
0.7279667923655183,1,user12
0.6400822930312235,1,user12
0.734529207293703,1,user12
0.553455828175443,1,user12
0.49048870132282174,0,user12
0.9689320442913091,1,user12
0.818467714507241,1,user12
0.7098338170444686,1,user12
0.7380213433574286,1,user12
0.7119505443461542,1,user12
0.3818303866592372,1,user12
0.6710117495141024,1,user12
0.8113953604882332,1,user12
0.7466237833325706,1,user12
0.6653198664229459,1,user12
0.7823287880775092,1,user12
0.5565373777359093,1,user12
0.7892169202132138,1,user12
0.8088141772476597,1,user12
0.7594330657489874,1,user12
0.8461050903207085,1,user12
0.7474375315231195,1,user12
0.7105640068351102,1,user12
0.398748619007189,1,user12
0.7268904054944599,1,user12
0.7081057026366889,1,user12
0.7047035438175481,1,user12
0.7325715317871546,1,user12
0.7215565118594768,1,user12
0.7656400118609671,1,user12
0.7486362155859377,1,user12
0.7421651280756125,1,user12
0.7192656772439792,1,user12
0.7954288945321186,1,user12
0.7154829025953762,1,user12
0.7678044784089683,1,user12
0.3723148771120567,1,user12
0.6857481208296592,1,user12
0.8641876427592288,1,user12
0.7460668348819554,1,user12
0.7902188317812032,1,user12
0.7127338295348812,1,user12
0.3724626373973775,0,user12
0.6340085290292271,1,user12
0.6414887898642786,1,user12
0.7668144248986087,1,user12
0.9309061237978783,1,user12
0.8378408685868675,1,user12
0.418923066114327,1,user12
0.2189121307402486,0,user12
0.3950042175543451,0,user12
0.834775866252466,1,user12
0.7551858364472513,1,user12
0.7418514508546298,1,user12
0.7995383152221534,1,user12
0.8173666447309065,1,user12
0.9486523837605567,1,user12
0.8831891620379694,1,user12
0.9093037956173512,1,user12
0.7980698743719847,1,user12
0.7920630865295273,1,user12
0.5219374567349392,1,user12
0.7589453276216399,1,user12
0.7713501205855474,1,user12
0.5941707183328288,1,user12
0.2945939869556526,0,user12
0.5845617767598746,0,user12
0.38158889233636184,0,user12
0.6981388968316606,1,user12
0.6904711219132557,1,user12
0.8185686312792312,1,user12
0.8745812908683882,1,user12
0.7805452184650626,1,user12
0.505143970788013,1,user12
0.5579581164954363,0,user12
0.6056831937249483,1,user12
0.4818826930014952,0,user12
0.7426422927812004,1,user12
0.7644385805163727,1,user12
0.7996997896823554,1,user12
0.8280342772654852,1,user12
0.5726151374920667,0,user12
0.7909056834169388,1,user12
0.7527359243087078,1,user12
0.6837350566613152,1,user12
0.673344392714997,1,user12
0.6551242104626971,1,user12
0.7179010488280505,1,user12
0.7054174288200055,1,user12
0.3793429279155416,1,user12
0.613859118418197,1,user12
0.6921465667239941,1,user12
0.7450088055510979,1,user12
0.8732210385059659,1,user12
0.823509824083472,1,user12
0.27699588298237726,0,user12
0.7449434360876243,1,user12
0.7593843072037624,1,user12
0.7147436207036716,1,user12
0.5676664958083434,0,user12
0.8271236407094574,1,user12
0.6984197489524087,1,user12
0.6939848828787468,1,user12
0.7062153244071208,1,user12
0.6576402934501069,1,user12
0.8036697331793528,1,user12
0.8222178764408261,1,user12
0.7868192029990339,1,user12
0.8171046112820876,1,user12
0.7312705102498341,1,user12
0.74393507957568,1,user12
0.6463396544783648,1,user12
0.6769541843032242,1,user12
0.8033226320288158,1,user12
0.635703178035394,1,user12
0.6379863329415126,1,user12
0.5444894256519625,1,user12
0.8366184791777154,1,user12
0.677428446934707,1,user12
0.5391494392592764,1,user12
0.6859807469421615,1,user12
0.6663301576003671,1,user12
0.5398707555299237,1,user12
0.7187025577974788,0,user12
0.6960756606033134,1,user12
0.7313091848746608,1,user12
0.5819219102162722,0,user12
0.5044179411451467,1,user12
0.9547213351687189,0,user12
0.7582508638515053,1,user12
0.7514101432929605,1,user12
0.5058596183660626,1,user12
0.7372721748376077,1,user12
0.6704677553509001,1,user12
0.7321665629626486,1,user12
0.342266482754572,0,user12
0.29441196630825106,0,user12
0.5834034010743309,1,user12
0.47592851083693716,1,user12
0.7607524500286487,1,user12
0.8818531374743007,1,user12
0.7884798151210552,1,user12
0.4905872624260282,0,user12
0.3923586928085281,0,user12
0.8068902844361964,1,user12
0.7098522270268034,1,user12
0.6199033564797902,1,user12
0.6763726360119656,1,user12
0.46743660133065534,1,user12
0.5715168057769263,1,user12
0.5605077056776153,1,user12
0.47418109252013135,0,user12
0.6213874739116628,1,user12
0.7138391915978397,1,user12
0.507661984500957,1,user12
0.6842065855219504,1,user12
0.8319496202366417,1,user12
0.48013687357528156,0,user12
0.3675168978775398,0,user12
0.742331718920694,1,user12
0.48026810893752864,1,user12
0.8171334919387157,1,user12
0.6341742607251832,1,user12
0.8080706594387598,1,user12
0.5533726932342915,1,user12
0.8542712172860801,0,user12
0.8484778448524906,1,user12
0.9280513592129055,1,user12
0.797676215263723,1,user12
0.7218853986025096,1,user12
0.7353711348480092,1,user12
0.8118819032639706,1,user12
0.8476174407312578,1,user12
0.34278867400159807,0,user12
0.5095085960381135,0,user12
0.31400262820640223,0,user12
0.2885194737476147,1,user12
0.36261018938736594,0,user12
0.22547112543949518,0,user12
0.8210810002822506,0,user12
0.3686251961607002,0,user12
0.4814430681843777,0,user12
0.22701891769447452,0,user12
0.5208990745496013,0,user12
0.8383535424554923,1,user12
0.4784437201159883,1,user12
0.6983821027442683,1,user12
0.9427600744364748,1,user12
0.4219765419592675,0,user12
0.3442811266317995,0,user12
0.3907217031193995,0,user12
0.32577300544047977,0,user12
0.5511167307738988,0,user12
0.5191900040666766,1,user12
0.6378135464790691,1,user12
0.7523136487525767,1,user12
0.7842626338649139,1,user12
0.7367190998395933,1,user12
0.48629371063982535,1,user12
0.5518681855663541,0,user12
0.7234574998579918,1,user12
0.4498362029255427,0,user12
0.6733621538807217,0,user12
0.7004622615497305,1,user12
0.5603737262101686,1,user12
0.7486819285586519,1,user12
0.7604358357058465,1,user12
0.7624821552372728,1,user12
0.844094490912467,1,user12
0.6327834985182784,1,user12
0.7053365674107275,1,user12
0.8784633354963122,1,user12
0.8660669852926939,1,user12
0.5758709467924116,1,user12
0.23067726213855552,0,user12
0.3661822230882471,1,user12
0.4188977886046114,0,user12
0.5649506265720956,1,user12
0.3475853437798575,0,user12
0.43463905881727,1,user12
0.7757521859428176,1,user12
0.7999848387941848,1,user12
0.5052150294586933,1,user12
0.4059815040051576,0,user12
0.7542254386281392,1,user12
0.3798105240450572,0,user12
0.7239235860482163,1,user12
0.5656063790094742,0,user12
0.24890268219350115,0,user12
0.38390558858600543,1,user12
0.5105886052331868,1,user12
0.4401632777213456,0,user12
0.2587650068250963,0,user12
0.914317231576502,1,user12
0.9550135244655634,1,user12
0.4086278979498785,0,user12
0.2758913048980883,0,user12
0.39883320361271757,0,user12
0.9180666584310041,1,user12
0.5235257720475499,1,user12
0.30725865462575663,0,user12
0.7113462736842558,0,user12
0.6182358448772388,0,user12
0.6243677601473044,0,user12
0.7130177478345534,1,user12
0.6725885600400336,1,user12
0.6959588877653118,1,user12
0.6158166364477022,1,user12
0.367928732263696,0,user12
0.9328055985910205,1,user12
0.7981738826722107,1,user12
0.6872522632604217,1,user12
0.5789742802719715,1,user12
0.555646711130458,0,user12
0.4176750437572384,1,user12
0.37530031136897124,0,user12
0.7094403862952453,1,user15
0.7492281202642038,1,user15
0.8376414331770011,1,user15
0.8832217879141551,1,user15
0.8002842823607591,1,user15
0.7957341387971101,1,user15
0.8297281741799399,1,user15
0.7995984801818136,1,user15
0.8883301136757599,1,user15
0.7785885980604278,1,user15
0.784697997593461,1,user15
0.8772702910969694,1,user15
0.6755402880307921,1,user15
0.7660416978387131,1,user15
0.7333107252324902,1,user15
0.7446692131321021,1,user15
0.6504714334238911,0,user15
0.8210990483883607,1,user15
0.9761381246430905,1,user15
0.7837260018094309,1,user15
0.837030120255161,1,user15
0.9136848402992254,1,user15
0.9294494239804719,1,user15
0.9812498993591011,1,user15
0.7775549774592818,1,user15
0.8190592686743082,1,user15
0.7685649335170632,1,user15
0.9246733744014226,1,user15
0.8619096924399773,1,user15
0.7767705581566244,1,user15
0.7768287140777533,1,user15
0.9037842532627512,1,user15
0.7759732186905487,1,user15
0.7051365015630039,1,user15
0.7073444454236886,1,user15
0.8457603289534671,1,user15
0.7058684590823174,1,user15
0.7188375401583919,1,user15
0.7547076963215015,1,user15
0.7905402056627743,1,user15
0.800493272546317,1,user15
0.6305051525936809,0,user15
0.7795472636374425,1,user15
0.7388915665540107,1,user15
0.7194472990655704,1,user15
0.8448690329461853,1,user15
0.7239206147888596,1,user15
0.877522605855264,1,user15
0.6872426756644635,1,user15
0.6915821457889084,1,user15
0.6845195775896027,1,user15
0.7148419870982117,1,user15
0.7801048294546856,1,user15
0.9811679477123931,1,user15
0.8750383520158642,1,user15
0.7003960978808232,1,user15
0.7817821450393025,1,user15
0.9041148658346587,1,user15
0.39536966014395913,0,user15
0.8008070125243314,1,user15
0.6955529313529232,1,user15
0.8346954641237704,1,user15
0.42065731275789703,1,user15
0.8231279373946215,1,user15
0.9201354477956963,1,user15
0.9173464065512543,1,user15
0.37978848361189893,0,user15
0.9120866456875494,1,user15
0.6902119004908471,1,user15
0.6942062416440061,1,user15
0.8170980016813986,1,user15
0.7195198969183552,1,user15
0.7330822234118116,1,user15
0.7818460635849633,1,user15
0.8123909520250635,1,user15
0.807505480804463,1,user15
0.8306317986700432,1,user15
0.7701230370678643,1,user15
0.8153534496672243,1,user15
0.6796482521926983,1,user15
0.6879237741160643,1,user15
0.7567005587429888,1,user15
0.7581638272835481,1,user15
0.7175581576915298,1,user15
0.6824021679134471,1,user15
0.7710965841145776,1,user15
0.7861038500796599,1,user15
0.9417897205770503,1,user15
0.7383121140908717,1,user15
0.7954052660193031,1,user15
0.8546222069319027,1,user15
0.9416050072596849,1,user15
0.9629289978516898,1,user15
0.7866031122833479,1,user15
0.6413328185906652,1,user15
0.7649856276368615,0,user15
0.811587908104227,1,user15
0.8588026286981828,1,user15
0.8431286357589799,1,user15
0.8235383929559665,1,user15
0.7805585231763363,1,user15
0.7018175604098649,1,user15
0.8791551919444502,1,user15
0.8258851223552824,1,user15
0.8577722838846956,1,user15
0.786508695366229,1,user15
0.8585718348262145,1,user15
0.848941857584308,1,user15
0.719137518463802,1,user15
0.9874929839937145,1,user15
0.8457270783269063,1,user15
0.7879744817227182,1,user15
0.9906999302761897,1,user15
0.8075401718484296,1,user15
0.9163339134270937,1,user15
0.9893497068384502,1,user15
0.8817390987188147,1,user15
0.7270705958653175,1,user15
0.7236076315933287,1,user15
0.7898212494647846,1,user15
0.7691217740873163,1,user15
0.6719434648484441,1,user15
0.6756405546076982,1,user15
0.7406150161880027,1,user15
0.9232989895226796,1,user15
0.8907819951899012,1,user15
0.6197670950161872,1,user15
0.8603554488625736,1,user15
0.8093394342213566,1,user15
0.24377061165428013,0,user15
0.296942276993936,0,user15
0.32420653258752663,1,user15
0.34724628701654575,0,user15
0.31726466701570155,0,user15
0.36490198290482345,0,user15
0.9798847550079431,1,user15
0.8784801223512564,1,user15
0.9848928682505251,1,user15
0.9939533143482308,1,user15
0.7440959289254564,1,user15
0.7981012289048145,1,user15
0.7554609156939118,1,user15
0.9734335034446515,1,user15
0.7685970506918479,1,user15
0.8335226620745659,1,user15
0.8507465056284091,1,user15
0.8785204415652579,1,user15
0.7694848816435972,1,user15
0.8689278023392153,1,user15
0.7594881429676311,1,user15
0.6909971502834691,1,user15
0.6904063561728151,1,user15
0.9410268622034668,1,user15
0.9246347124565133,1,user15
0.7664067852351941,1,user15
0.7369676410911103,1,user15
0.8489159040063768,1,user15
0.8369810203566768,1,user15
0.8138963770063322,1,user15
0.6987212920530707,1,user15
0.5184058651958375,0,user15
0.7241463575274151,1,user15
0.31979077197349376,1,user15
0.31627166081711006,0,user15
0.7096704462777789,1,user15
0.7503975063389813,1,user15
0.7770157602158678,1,user15
0.7326473972994071,1,user15
0.7053549382625587,1,user15
0.7285800709765858,1,user15
0.4379861412031789,1,user15
0.6206653710719667,1,user15
0.8624514578316517,1,user15
0.794862718534705,1,user15
0.4180131881489894,1,user15
0.6324421355627017,0,user15
0.5619876896382264,0,user15
0.729603252786436,1,user15
0.40806189534630277,1,user15
0.4760486903498066,0,user15
0.5397463087883096,0,user15
0.662778436772813,1,user15
0.6905226023344799,0,user15
0.5338146747543624,0,user15
0.7784084288418618,1,user15
0.7271354869561371,1,user15
0.7853989198069005,1,user15
0.32603348897588824,1,user15
0.7142513156324126,1,user15
0.3908635334024931,0,user15
0.817409413579406,1,user15
0.6899105136631475,1,user15
0.6898897614260104,1,user15
0.7032680477295948,1,user15
0.748250596290372,1,user15
0.6496966790449743,1,user15
0.6770777609501556,1,user15
0.6678602392203238,1,user15
0.7557580785492447,1,user15
0.8768913245859357,1,user15
0.7179994051076436,1,user15
0.7144258861741879,1,user15
0.8295314261046846,1,user15
0.7348806023340458,1,user15
0.8537551669452572,1,user15
0.9075960661654197,1,user15
0.45428916104323,0,user15
0.6877681003028459,0,user15
0.3018218421243804,1,user15
0.3122720816928603,0,user15
0.6842644072420376,1,user15
0.3924406519927174,0,user15
0.7723014812533773,1,user15
0.4377697250843231,0,user15
0.5372907094081839,0,user15
0.7916403551567881,1,user15
0.7419244625191304,0,user15
0.578140649859691,1,user15
0.8334768940622627,1,user15
0.8022972215925145,1,user15
0.8339000949699051,1,user15
0.3262920770988672,0,user15
0.7147190771398865,1,user15
0.8194200290625913,1,user15
0.7890432674235328,1,user15
0.48042669592109943,1,user15
0.24492249666123805,0,user15
0.9479080772513369,0,user15
0.42451175314454376,1,user15
0.8341850385706968,1,user15
0.7554850055053837,1,user15
0.7838291271865142,1,user15
0.38123321430146545,0,user15
0.6693296421413245,0,user15
0.3477217058796355,0,user15
0.8250664608253888,1,user15
0.84625972205982,1,user15
0.9103900387500156,1,user15
0.8597622647571389,1,user15
0.7990571926747768,1,user15
0.6403397824149355,0,user15
0.7087660677141809,1,user15
0.361013102736539,0,user15
0.7860310237439434,1,user15
0.8465150910451336,1,user15
0.8378548967320459,1,user15
0.7503283500132332,1,user15
0.4495996703234399,1,user15
0.7456681382876252,1,user15
0.7728601142271345,1,user15
0.3367474790947473,0,user15
0.29342553422753925,1,user15
0.30563767910454065,0,user15
0.369856148543541,0,user15
0.2668438438974606,0,user15
0.4653822012068601,0,user15
0.35809166616222304,1,user15
0.3002374467529831,0,user15
0.7471064263375793,1,user15
0.6105930863365826,0,user15
0.3552033301076714,1,user15
0.8789894000771563,1,user15
0.8190250664263329,1,user15
0.7787254906610926,1,user15
0.7974862019822239,1,user15
0.6128971351133763,0,user15
0.28249947939203535,0,user15
0.37619900561766456,0,user15
0.6152065692846346,0,user15
0.8357478985138987,1,user15
0.7413163727399311,1,user15
0.769606256288958,1,user15
0.580400804060436,0,user15
0.6862865866005359,1,user15
0.8230963531939147,1,user15
0.8653552154216662,1,user15
0.4121085920788282,1,user15
0.2992772987865352,0,user15
0.4132776482247873,1,user15
0.40869817251800794,0,user15
0.44666247857537944,0,user15
0.42196608859094314,0,user15
0.8380886996236332,1,user15
0.8063942802335688,1,user15
0.9121550424656788,1,user15
0.8976050027461672,1,user15
0.788303986051136,1,user15
0.7793028927945758,1,user15
0.7678876262083677,1,user15
0.8114174133114281,1,user15
0.6774799479295559,1,user15
0.8005943564905195,1,user15
0.7910910822052346,1,user15
0.7949642742724045,1,user15
0.963862912532299,1,user15
0.9994907012373232,1,user15
0.8370459099839888,1,user15
0.8253106985191244,1,user15
0.7885791998622654,1,user15
0.7604491201402468,1,user15
0.7471281177455101,1,user15
0.8487963249168193,1,user15
0.7406275575136543,1,user15
0.61804339693843,0,user15
0.8013382617644247,1,user15
0.6590738867348364,0,user15
0.5382123013906496,0,user15
0.7416128846819486,1,user15
0.8265238910483855,1,user15
0.9426297307756395,1,user15
0.7514095469609474,1,user15
0.705967658757935,1,user15
0.7418355772317831,1,user15
0.9011464426152901,1,user15
0.8693020571361121,1,user15
0.5169247966624221,1,user15
0.5044364439420508,1,user15
0.7060416664809177,1,user15
0.4425126503750205,0,user15
0.8101156843534406,1,user15
0.709194082985237,0,user15
0.8455771084572781,0,user15
0.8291683387671345,1,user15
0.96342867702426,0,user15
0.7527349347468237,1,user15
0.8123266913287276,1,user15
0.7909180537058662,1,user15
0.9461873134829887,1,user15
0.9450469719715107,1,user15
0.8599593979329098,1,user15
0.8674554699953179,1,user15
0.9189631360810011,1,user15
0.7585831834505558,1,user15
0.8363983888970173,1,user15
0.8855485270236162,1,user15
0.7781174599540559,1,user15
0.8061182100596106,1,user15
0.39034794962318453,0,user15
0.28952219739966806,0,user15
0.7247689200555202,1,user15
0.8354817809883837,1,user15
0.8003661659138637,1,user15
0.8045492731382784,1,user15
0.8428092508778589,1,user15
0.7181636807403813,1,user15
0.7222303027957251,1,user15
0.8473755924410294,1,user15
0.8536576501169257,1,user15
0.8170684847900899,1,user15
0.8349180014788227,1,user15
0.7333308054001739,1,user15
0.837981945173154,1,user15
0.7453767952383624,1,user15
0.7588217898095168,1,user15
0.8099716893367516,1,user15
0.771674358031344,1,user15
0.9698832272189456,1,user15
0.8017677268236053,1,user15
0.9007181721559907,1,user15
0.7453099770215165,0,user15
0.827925568593325,1,user15
0.8017637116330786,1,user15
0.7692933906425617,1,user15
0.7020473586621084,1,user15
0.6890789531783426,1,user15
0.7624262255007938,1,user15
0.7650340607049301,1,user15
0.4527243676063776,1,user15
0.96091098917169,1,user15
0.8413521670428049,1,user15
0.7329288423526982,1,user15
0.9530085197704357,1,user15
0.9315728323857358,1,user15
0.4027250909951375,1,user15
0.7938909909502714,1,user15
0.8356330918971386,1,user15
0.7347260739412848,1,user15
0.7563942989871569,1,user15
0.4411327714845056,1,user15
0.810891052888096,1,user15
0.8608740867818913,1,user15
0.7004349050224534,1,user15
0.5050716719766893,1,user15
0.3394888396992982,1,user15
0.9262719509825911,1,user15
0.905041543455758,1,user15
0.9989393325004147,1,user15
0.7870021137838089,1,user15
0.981294091055109,1,user15
0.8888642048603621,1,user15
0.9739481968106986,1,user15
0.8622019857710254,1,user15
0.801139028890399,1,user15
0.8146358177588189,1,user15
0.9807721442864304,1,user15
0.8972699752740747,1,user15
0.8187859224648113,1,user15
0.7871401377894017,1,user15
0.8503571572260885,1,user15
0.8759470478595829,1,user15
0.7991649349834534,1,user15
0.7798473279063901,1,user15
0.7375291856685932,1,user15
0.7117534637762287,1,user15
0.45399935832214766,1,user15
0.8163341853686628,1,user15
0.7000416078612124,1,user15
0.812129888900924,1,user15
0.9344830687219992,1,user15
0.9312302071943878,1,user15
0.7254970226702985,1,user15
0.7740334653292907,1,user15
0.8712890483304256,1,user15
0.7164976522947931,1,user15
0.9699744432931582,1,user15
0.9362568734541958,1,user15
0.8423019923191786,1,user15
0.7986623767719594,1,user15
0.9141020064039299,1,user15
0.5326379533456403,1,user15
0.8172408160003097,1,user15
0.8139764856385635,1,user15
0.5904011112367064,0,user15
0.7383630003913412,1,user15
0.683752198555233,1,user15
0.7335600113261403,1,user15
0.9197010385133775,1,user15
0.5135028728014667,0,user15
0.7446997305809191,1,user15
0.5641912585023743,1,user15
0.27637023957287227,0,user15
0.5171083546563913,0,user15
0.9975907187504109,1,user15
0.9987770464591965,1,user15
0.45370700491596555,0,user15
0.6803539729108883,1,user15
0.8022507470274599,1,user15
0.5721177626896794,0,user15
0.3517215678667366,0,user15
0.9785649048060062,1,user15
0.8812192159070942,1,user15
0.9384848878703616,1,user15
0.7877046182097052,1,user15
0.9771359539642596,1,user15
0.8762215923653177,1,user15
0.7348093434314754,1,user15
0.4932197457438469,0,user15
0.4456909571598754,0,user15
0.4923810553137183,0,user15
0.8463818492284028,1,user15
0.9997521716409312,1,user15
0.8602444406838307,1,user15
0.41624737017476754,0,user15
0.6795919152361075,1,user15
0.6803282447346931,1,user15
0.669517865636359,1,user15
0.7753564015953195,1,user15
0.7280822322391227,1,user15
0.6763796460741742,1,user15
0.6915900945810727,1,user15
0.6889177753955604,1,user15
0.80001760589081,1,user15
0.7464589748717981,1,user15
0.4087719579011357,1,user15
0.7566836436092582,1,user15
0.4049568770460851,1,user15
0.7078840756369711,1,user15
0.6662492951564256,1,user15
0.6825205009334132,1,user15
0.8090057309342725,1,user15
0.8512736920358362,1,user15
0.8144530125618502,1,user15
0.7490615431903815,1,user15
0.5491699344600709,1,user15
0.8093873580341644,1,user15
0.7672077640402739,1,user15
0.6920948817499012,1,user15
0.687392011442572,1,user15
0.8567944240096813,1,user15
0.880021501620139,1,user15
0.6527459343102658,1,user15
0.38886467915953843,0,user15
0.41072655119020685,0,user15
0.5978363246500794,0,user15
0.6264209036129891,1,user15
0.7688154175754466,1,user15
0.867750674984912,0,user15
0.8935368660557925,1,user15
0.7775084817951949,1,user15
0.833890121290521,1,user15
0.8970179832609644,1,user15
0.8802420274816692,1,user15
0.8578697316521026,1,user15
0.8455548355796073,1,user15
0.8355837555314796,1,user15
0.8358164388386621,1,user15
0.8010605061442743,1,user15
0.869823339278952,1,user15
0.8078655160824725,1,user15
0.6897758951082612,1,user15
0.6966863293664721,1,user15
0.8842574794420505,1,user15
0.9158753230143231,1,user15
0.7726528330279108,1,user15
0.29077215795337563,0,user15
0.28604958063508473,0,user15
0.3719366535021748,1,user15
0.6653382312701442,1,user15
0.7616802609928356,1,user15
0.7322446853935713,1,user15
0.6722166148689167,1,user15
0.6881309914796574,1,user15
0.6910104732776614,1,user15
0.9983328937893501,1,user15
0.9961038779785992,1,user15
0.9864013466293015,1,user15
0.8762614905252524,1,user15
0.9326501892981374,1,user15
0.8385602541203919,1,user15
0.3369033304661017,0,user15
0.5838420441246381,1,user15
0.3048445526420368,1,user15
0.8359293889393744,1,user15
0.9430138764379936,1,user15
0.7606353598293968,1,user15
0.7421141648323434,1,user15
0.7322342619098436,1,user15
0.660948405848937,1,user15
0.37770662181268094,0,user15
0.8828609527486704,1,user15
0.8000094847042529,1,user15
0.9822627503933827,1,user15
0.7516240506782499,1,user15
0.7792142212777433,1,user15
0.7688445002347443,1,user15
0.9713304496217764,1,user15
0.8023315487081614,1,user15
0.8740818884292557,1,user15
0.8637487163090241,1,user15
0.7294897014264693,1,user15
0.7340013538437262,1,user15
0.7666148116258423,1,user15
0.8408336923133451,1,user15
0.9185979114709898,1,user15
0.37264453201573944,0,user15
0.8655670736354135,0,user15
0.7902285565115713,1,user15
0.7676375755801063,1,user15
0.7180549918667678,1,user15
0.3675013872292836,0,user15
0.8528460447320578,1,user15
0.7716695311631674,1,user15
0.7640003784884044,1,user15
0.9704451007619069,0,user15
0.8500411905112104,0,user15
0.35287562772466957,0,user15
0.8591736905157035,1,user15
0.522892946427346,1,user15
0.8034137983087163,1,user15
0.8325037270576064,1,user15
0.916328469017675,1,user15
0.8083088922793243,1,user15
0.4215319486912883,1,user15
0.7372166022457608,1,user15
0.7972245559161547,1,user15
0.902310407587589,1,user15
0.7289902507311878,1,user15
0.7312469163030901,1,user15
0.4539322729278456,1,user15
0.7708080304119042,0,user15
0.6172636234774856,0,user15
0.30940686027189235,0,user15
0.7213195534509329,1,user15
0.3023279640237399,1,user15
0.6499935477485133,0,user15
0.46711152479705204,0,user15
0.32426201762972884,0,user15
0.5989492124157815,0,user15
0.7700520225802302,1,user15
0.7686047490948228,1,user15
0.7718896624125047,1,user15
0.7751156159989407,1,user15
0.8636028978029152,1,user15
0.7301945305560418,1,user15
0.8751652795305787,1,user15
0.826879897664671,1,user15
0.8593614440978842,1,user15
0.7570976623952951,1,user15
0.4305780958919674,0,user15
0.9101974013149887,1,user15
0.9737217651055443,1,user15
0.831990976571256,0,user15
0.8962839109447123,1,user15
0.8642839170536052,1,user15
0.9702608471888813,1,user15
0.5549516967514431,1,user15
0.8679935244415242,1,user15
0.7338420546558447,1,user15
0.7297489322939114,1,user15
0.9406709718925714,1,user15
0.9803110024519043,1,user15
0.8188722408693229,1,user15
0.7011684522977536,1,user15
0.9142553287664826,1,user15
0.7075125462471705,1,user15
0.5590731284005335,0,user15
0.347537981161558,0,user15
0.4856673268954721,1,user15
0.6790002286019341,1,user15
0.6856016626812395,1,user15
0.8567489198647062,1,user15
0.27386957646241133,0,user15
0.4236241619104626,0,user15
0.6519532281229756,0,user15
0.48435156179902455,0,user15
0.7284982009775001,1,user15
0.7988901088505006,1,user15
0.8111426050327751,1,user15
0.8537097063102772,1,user15
0.8019157386422457,0,user15
0.6288570231358039,0,user15
0.686626210877721,1,user15
0.6868393764608722,1,user15
0.5738537747281673,0,user15
0.448341045009452,0,user15
0.45282583342031263,0,user15
0.6838855138371117,0,user15
0.6903381534850215,1,user15
0.6906446704205629,1,user15
0.791620523468144,1,user15
0.790408611240707,1,user15
0.7367899020615561,1,user15
0.3104755676894811,0,user15
0.4402467960137892,0,user15
0.5688450899288758,1,user15
0.5242448393291876,1,user15
0.6972656943344184,1,user15
0.8198463429262101,1,user15
0.4813231814051485,1,user15
0.5877201210609027,0,user15
0.3376318149640647,0,user15
0.7460554217696914,1,user15
0.7876352668743657,1,user15
0.7474872692834384,1,user15
0.7616171202512522,1,user15
0.795033160337713,1,user15
0.7422204660478001,1,user15
0.7560179178357659,1,user15
0.7162140592959952,1,user15
0.6231469959214898,1,user15
0.6873992116295049,1,user15
0.6884717761640169,1,user15
0.8349403378130352,1,user15
0.5083714049965784,1,user15
0.775436400662141,1,user15
0.7862169329057723,1,user15
0.8522026530667236,1,user15
0.7659470481342688,1,user15
0.6814869088766525,1,user15
0.775504109791201,1,user15
0.8060688975949858,1,user15
0.7710389923303315,1,user15
0.8538386746637309,1,user15
0.870744946409165,1,user15
0.8294872462168308,1,user15
0.8008025712522437,1,user15
0.7273675033264277,1,user15
0.7727274846796991,1,user15
0.7458653525529926,1,user15
0.7492002614140443,1,user15
0.7067433467190648,1,user15
0.6975824986768393,1,user15
0.6930896311419342,1,user15
0.7064938125981985,1,user15
0.7684008361838395,1,user15
0.7797540416428459,1,user15
0.8865586069713388,1,user15
0.6594424947474206,1,user15
0.9568147827099122,1,user15
0.6793968655161503,1,user15
0.6982388347650426,1,user15
0.9957835792301452,1,user15
0.9874792078170642,1,user15
0.7429470079205712,1,user15
0.8262147929805922,1,user15
0.85671074113783,1,user15
0.7012464172107739,1,user15
0.7472065318691822,1,user15
0.7483935173693547,1,user15
0.887323095107382,1,user15
0.38360984014320676,0,user15
0.8678777316052835,1,user15
0.8465753448708427,1,user15
0.8057928591334329,1,user15
0.6693287681055234,1,user15
0.7619015426173951,1,user15
0.722607857531257,1,user15
0.9985731035751747,1,user15
0.8778925200205996,1,user15
0.7968221164598598,1,user15
0.5349425543790355,0,user15
0.865518492917129,1,user15
0.9122991360179135,1,user15
0.740603439129908,1,user15
0.8519740988708202,1,user15
0.9746977544543046,1,user15
0.986667016499455,1,user15
0.789732149823223,1,user15
0.3431916789780063,1,user15
0.36064228855821184,1,user15
0.80300658352265,1,user15
0.8100736939317787,1,user15
0.8859937474989391,1,user15
0.7046561225103102,1,user15
0.8769247684463,1,user15
0.9583437228384482,1,user15
0.9119431627591585,1,user15
0.8773438712891648,1,user15
0.7940335869601379,1,user15
0.8717289368891551,1,user15
0.8697004037347552,1,user15
0.35265457613719275,0,user15
0.904621777806111,1,user15
0.8716789638581691,1,user15
0.8267017174548711,1,user15
0.7809201549621723,1,user15
0.43175571854990713,0,user15
0.7822787589859652,1,user15
0.9120353751978204,1,user15
0.8814816653767388,1,user15
0.5303170123775743,1,user15
0.3798458884075477,1,user15
0.6775643862397706,1,user15
0.6689982150205416,1,user15
0.7829354331861498,1,user15
0.3067773808539713,0,user15
0.8409550783296232,1,user15
0.7383804004522244,1,user15
0.7353193696802063,0,user15
0.8645612445260604,1,user15
0.7269183070911035,1,user15
0.7822493678213975,1,user15
0.8395888252563197,1,user15
0.9495383101480517,1,user15
0.9203405790086218,1,user15
0.7028240295958247,1,user15
0.691527717542132,1,user15
0.6914120480403848,1,user15
0.7930323088319711,1,user15
0.7423013866841582,1,user15
0.8427117977468539,1,user15
0.9466913248114638,1,user15
0.9762555541074238,1,user15
0.97058512703125,1,user15
0.7944460778968471,1,user15
0.7818695290467904,1,user15
0.8448924176694932,1,user15
0.9383015961553027,1,user15
0.9510038523000813,1,user15
0.9777003624944522,1,user15
0.9615685334628464,1,user15
0.7636236851244632,1,user15
0.8989024799659997,1,user15
0.9292780694194787,1,user15
0.6972897100643235,1,user15
0.6968862693579386,1,user15
0.7920847792559302,1,user15
0.7941345270783737,1,user15
0.7576733348954374,1,user15
0.7109180417303911,1,user15
0.7072560281293537,1,user15
0.6857663663976068,1,user15
0.7100326802940109,1,user15
0.9687639531521611,1,user15
0.930040768591899,1,user15
0.6938853604013809,1,user15
0.6806805801262549,1,user15
0.6822951615607995,1,user15
0.8123303337730936,1,user15
0.7666664075128566,1,user15
0.8422536759703396,1,user15
0.8478363180163587,1,user15
0.8610363500952027,1,user15
0.9992310865151894,1,user15
0.6681462938175455,1,user15
0.8215335360711147,1,user15
0.6895367216754555,1,user15
0.7126165527970937,1,user15
0.7084859222782273,1,user15
0.8150123753165612,1,user15
0.9476216462402306,1,user15
0.7939330548585402,1,user15
0.8430690790781279,1,user15
0.7237665439214263,1,user15
0.8478894414075941,1,user15
0.9932813845628101,1,user15
0.9527178826411651,1,user15
0.6118712962721862,1,user15
0.8182401760650782,1,user15
0.7307117157147929,0,user15
0.6238743030330122,0,user15
0.2039123755713558,0,user15
0.5657720758183672,1,user15
0.7262799987270364,1,user15
0.8121715493583691,1,user15
0.7776534812294967,1,user15
0.5265692410692331,1,user15
0.5736200492936818,1,user15
0.6366466263022754,1,user15
0.8649094012401345,1,user15
0.8533269253081975,1,user15
0.8302242687268887,1,user15
0.8618351015906706,1,user15
0.7236275159856309,1,user15
0.792889186062859,1,user15
0.8615800987334455,0,user15
0.6917861338405575,1,user15
0.48246345836890486,0,user15
0.7734974360931276,1,user15
0.6845409345316313,1,user15
0.7089847814754637,1,user15
0.944394338561107,1,user15
0.8754101691539633,1,user15
0.7961883003829527,1,user15
0.7609202357129999,1,user15
0.7627676149467406,1,user15
0.8530578494033498,1,user15
0.7837785067531451,1,user15
0.8087880758067231,1,user15
0.8006460329605415,1,user15
0.7773667268385523,0,user15
0.8320301633231845,1,user15
0.7707690410095335,1,user15
0.8260361292837328,1,user15
0.8747565092877945,1,user15
0.7025090090441035,1,user15
0.6915244093054433,1,user15
0.6903857778345587,1,user15
0.6967843486048121,1,user15
0.6939193323288343,1,user15
0.6926266428719611,1,user15
0.6821324912173954,1,user15
0.729398793170755,1,user15
0.6915622674173513,1,user15
0.6925052619284305,1,user15
0.7338774526880317,1,user15
0.8255206849161004,1,user15
0.8294781242002818,1,user15
0.693622705510413,1,user15
0.9537227654107163,1,user15
0.8161957781701121,1,user15
0.897013070104424,1,user15
0.7451951479027447,1,user15
0.7380642502338293,1,user15
0.6906821996184033,1,user15
0.7688635652795976,1,user15
0.8019205771244827,1,user15
0.8038597875973337,1,user15
0.8076716258410661,1,user15
0.9080962520579862,1,user15
0.712484706853575,1,user15
0.6910920236666861,1,user15
0.7506741680078245,1,user15
0.6914117774400544,1,user15
0.6914681407440694,1,user15
0.6914191628206998,1,user15
0.6914558259762884,1,user15
0.6836064423799365,1,user15
0.7942150623457471,1,user15
0.7748941027793036,1,user15
0.5524347529715503,1,user15
0.7446671902174773,1,user15
0.8670379161890606,1,user15
0.9013419869872519,1,user15
0.9185752279431465,1,user15
0.7855381442705127,1,user15
0.7560480158321292,1,user15
0.7431093875181821,1,user15
0.6961107959771157,1,user15
0.824677911506123,1,user15
0.7610495864113972,1,user15
0.7584661771498763,1,user15
0.6972042529283475,1,user15
0.79767833937115,1,user15
0.9468360918190305,1,user15
0.9913848582853502,1,user15
0.7606601059139503,1,user15
0.828972410225078,1,user15
0.7108301941577801,1,user15
0.7081383926377707,1,user15
0.8499530785938103,1,user15
0.951123604616345,1,user15
0.8806621471087619,1,user15
0.8464743820400578,1,user15
0.6899931702780292,1,user15
0.7928580785922315,1,user15
0.7284886304437231,1,user15
0.6957271288578185,1,user15
0.7011059203498134,1,user15
0.7952955958064307,1,user15
0.554327958638509,0,user15
0.7839340391159255,1,user15
0.7564511250525882,1,user15
0.8129742216272164,1,user15
0.9751454404635916,1,user15
0.8094387395918172,1,user15
0.6889755962958366,1,user15
0.7807246429519128,1,user15
0.8344699448771034,1,user15
0.6940646054086566,1,user15
0.8007245951311768,1,user15
0.8302238179780362,1,user15
0.7966340798174393,1,user15
0.7105500303651622,1,user15
0.7326597613753576,1,user15
0.7378255616293159,1,user15
0.9846966772249773,1,user15
0.901646435600773,1,user15
0.8273023945164864,1,user15
0.7044278253048492,1,user15
0.688461616682129,1,user15
0.7440878897361003,1,user15
0.6811311682106704,1,user15
0.8282117388766804,1,user15
0.7599257323865088,1,user15
0.8595867020247696,1,user15
0.959294831895342,1,user15
0.773574666176964,1,user15
0.6933776081379132,1,user15
0.8145865832056632,1,user15
0.7266648997769708,1,user15
0.6871746527723508,1,user15
0.8160649203916369,1,user15
0.9787668924239175,1,user15
0.7702036073719294,1,user15
0.6926668955259226,1,user15
0.6909966688113256,1,user15
0.7176653801585442,1,user15
0.6915715791063876,1,user15
0.73681069727434,1,user15
0.903192780101984,1,user15
0.6848117661996679,1,user15
0.6997735086328446,1,user15
0.6936133793898528,1,user15
0.6943397281131789,1,user15
0.8437367173382829,1,user15
0.9650491498966896,1,user15
0.7272147859450696,1,user15
0.8739195686691051,1,user15
0.8844371286826552,1,user15
0.7903145256659588,1,user15
0.7431075598684032,1,user15
0.7637119563220188,0,user15
0.23473157307652975,0,user15
0.29409214244877624,1,user15
0.6077851999765068,1,user15
0.9077683468941837,1,user15
0.7202197102602915,1,user15
0.7655369263722643,1,user15
0.7907221166662599,1,user15
0.2880082086503376,1,user15
0.400408232937629,0,user15
0.9023593642126501,1,user15
0.6506947955346447,1,user15
0.6726815294042554,1,user15
0.7968633587921443,1,user15
0.48529160043315367,1,user15
0.6741214677560851,1,user15
0.6597063171714831,1,user15
0.7879672216075367,1,user15
0.760893333513329,1,user15
0.6024147979590644,0,user15
0.5469789506814757,1,user15
0.44916061995786266,1,user15
0.5555521173373335,0,user15
0.6083760629863844,0,user15
0.3387519144991694,0,user15
0.7372213390735871,1,user15
0.9386900996172407,1,user15
0.9763980489508801,1,user15
0.8220993626834893,1,user15
0.9693679877947707,1,user15
0.8414613999014924,1,user15
0.8800173114725196,1,user15
0.780652164073751,1,user15
0.8101803240666398,1,user15
0.7390332679758401,1,user15
0.6966189272879812,1,user15
0.8770511784845865,1,user15
0.9928883415832384,1,user15
0.9636163595496139,1,user15
0.7095362604844264,1,user15
0.6689301229990131,1,user15
0.729639827944726,1,user15
0.6803540729234204,1,user15
0.6930318752256247,1,user15
0.5929840101453522,1,user15
0.7474622101506392,1,user15
0.759018772614599,1,user15
0.7278882539028242,1,user15
0.8681095449068249,1,user15
0.5228438797064163,0,user15
0.25215501262941575,1,user15
0.34865470767670925,1,user15
0.508635313859757,0,user15
0.45601271478860844,1,user15
0.5247188167148151,0,user15
0.4148662980587467,0,user15
0.3324408871571768,0,user15
0.337495924461645,0,user15
0.8215549318318297,1,user15
0.8422062636298765,1,user15
0.8118562086593368,1,user15
0.7778670080832726,1,user15
0.7632947579130277,1,user15
0.7566835624441627,1,user15
0.6181000640970865,1,user15
0.45720093467873973,0,user15
0.7824733242911036,1,user15
0.8956641192058123,1,user15
0.7725740265090759,0,user15
0.4520580436917577,0,user15
0.4210376262842964,0,user15
0.8138109426197669,1,user15
0.8968402898430595,1,user15
0.9183469387653606,1,user15
0.8021003625609658,1,user15
0.7264601682944833,1,user15
0.8052649762223102,1,user15
0.8744577577239079,1,user15
0.3415374318206989,1,user15
0.9529077309034403,1,user15
0.6903231455924355,1,user15
0.6870144908579636,1,user15
0.933069803741862,1,user15
0.7114328591617679,1,user15
0.756752382836718,1,user15
0.6460058411430077,1,user15
0.7646179578542,1,user15
0.9761013061994402,1,user15
0.9844471202843247,1,user15
0.7855748928287754,1,user15
0.5889083267467868,1,user15
0.2914824419516539,1,user15
0.7137041510966403,1,user15
0.7956022223877942,1,user15
0.7377709026060534,1,user15
0.8494030957683578,1,user15
0.9876921810670549,1,user15
0.7430736844141052,1,user15
0.6960696115968981,1,user15
0.7779026642204586,1,user15
0.9575505362440083,1,user15
0.979360688158037,1,user15
0.6873748890897678,1,user15
0.6979297271577084,1,user15
0.6915211480359391,1,user15
0.7305118399473354,1,user15
0.9967717450705929,1,user15
0.9061184041103896,1,user15
0.7587136575621335,1,user15
0.9574209785151137,1,user15
0.7581383255629432,1,user15
0.7850039614102704,1,user15
0.8638892843266575,1,user15
0.9945636188507982,1,user15
0.8063023544516429,1,user15
0.9400501867479274,1,user15
0.9899601909831978,1,user15
0.8294030233493858,1,user15
0.7528977947396284,1,user15
0.7348248902500492,1,user15
0.8109531551635876,1,user15
0.8838386174204376,1,user15
0.772964214790869,1,user15
0.7555160480571909,1,user15
0.849881566845011,1,user15
0.8333735665534923,1,user15
0.9395993046420211,1,user15
0.9541791949046547,1,user15
0.9621531494853995,1,user15
0.7940080138944068,1,user15
0.8146613896984609,1,user15
0.5857088079400808,0,user15
0.7471430819465095,1,user15
0.6917905728309908,1,user15
0.715227872866125,1,user15
0.69100822558184,1,user15
0.6953342956252656,1,user15
0.4909282899055223,0,user15
0.848448472256117,1,user15
0.9031322146409527,1,user15
0.7660106095247587,1,user15
0.9195785734981109,1,user15
0.8518892545209135,1,user15
0.8132283480577965,1,user15
0.773428147854671,1,user15
0.8335689543000929,1,user15
0.6239604335466712,0,user15
0.5998925702925728,0,user15
0.2990513890652855,1,user15
0.3043718342637424,0,user15
0.5963888646294254,1,user15
0.7286127189246431,0,user15
0.6622286550454294,1,user15
0.5360043197637931,1,user15
0.7758831298291496,1,user15
0.45572138571985377,1,user15
0.7817510381392417,1,user15
0.448437115268518,0,user15
0.4167951224316544,1,user15
0.2692273312795594,0,user15
0.33662908444546885,0,user15
0.7981309439302983,1,user15
0.8265265173845205,1,user15
0.8631066853416124,1,user15
0.7336279413712098,1,user15
0.7937185973808757,1,user15
0.48010633838080724,1,user15
0.46712817765104153,0,user15
0.7803693490282722,1,user15
0.9018478981450203,1,user15
0.7231543215228289,1,user15
0.35111892902298714,0,user15
0.7947846638630307,1,user15
0.6962423218429158,0,user15
0.9056311593310976,1,user15
0.8799348140482737,1,user15
0.9423586217727812,1,user15
0.3733130625742126,1,user15
0.7657161471180521,1,user15
0.8939262246224954,1,user15
0.7261730108150094,1,user15
0.7356168146134041,1,user15
0.7575268645231676,1,user15
0.7155851762276076,1,user15
0.8931516260039084,1,user15
0.9082837065650716,1,user15
0.7743940208169623,1,user15
0.4856297511837187,0,user15
0.6925264149264525,0,user15
0.4406566992198881,1,user15
0.7464931958375515,1,user15
0.8736427323224892,1,user15
0.7365791237769447,1,user15
0.6897894535589008,1,user15
0.7369498234062855,1,user15
0.3517077614573464,1,user15
0.4460050966090105,1,user15
0.49412923561761835,1,user15
0.7720218616650506,1,user15
0.6772401424950166,1,user15
0.8468561481105102,1,user15
0.9283367887507514,1,user15
0.8681601669193867,1,user15
0.7842386640955207,1,user15
0.7993428738314499,1,user15
0.8747925894927943,1,user15
0.753171931460382,1,user15
0.8126299787716225,1,user15
0.8544373843053347,1,user15
0.7491724760990751,1,user15
0.7641172639887539,1,user15
0.9207211631289512,1,user15
0.8268376248337036,1,user15
0.7926545457012137,1,user15
0.7808235097182105,1,user15
0.7979610530380755,1,user15
0.6954972037610069,1,user15
0.7039317017509686,1,user15
0.7189687804527738,1,user15
0.801811561173237,1,user15
0.7827413154919648,1,user15
0.9557175884535839,1,user15
0.6896375823640115,1,user15
0.7151474440558425,1,user15
0.692047615512073,1,user15
0.7080310556513757,1,user15
0.8764288115162499,1,user15
0.7669324351954452,1,user15
0.7322780469068807,1,user15
0.511980417156992,0,user15
0.7469214265778472,1,user15
0.47198102704664346,1,user15
0.7450779076734337,1,user15
0.7230116799929807,1,user15
0.7985721750175622,1,user15
0.7786275981135996,1,user15
0.6850130446284222,1,user15
0.691635852000004,1,user15
0.6921787046356447,1,user15
0.943624062934883,1,user15
0.7966771898286691,1,user15
0.7237897573099099,1,user15
0.9291091906973523,1,user15
0.9910699848346846,1,user15
0.9847554069018541,1,user15
0.7382751722116191,1,user15
0.7246418599623822,1,user15
0.8964583236936642,1,user15
0.8288284820203222,1,user15
0.935696602721466,1,user15
0.8529823678925054,1,user15
0.868764332001755,1,user15
0.9027905929557435,1,user15
0.7549833576805052,1,user15
0.7827243746225515,1,user15
0.7998931500962452,1,user15
0.7952343025741777,1,user15
0.8889891182442247,1,user15
0.9053188582690732,1,user15
0.8287379129929422,1,user15
0.6808951151778764,1,user15
0.693957034516599,1,user15
0.719744710161133,1,user15
0.7720944759530032,1,user15
0.9643244507593283,1,user15
0.7992710033482449,1,user15
0.8435284926020669,1,user15
0.8500320281312456,1,user15
0.7289260904340646,1,user15
0.762360324707687,1,user15
0.7521976855440211,1,user15
0.7975320060699579,1,user15
0.8330137630990732,1,user15
0.7832708547444113,1,user15
0.8397133837120472,1,user15
0.6904486529948013,1,user15
0.6892947222817717,1,user15
0.7702562982428448,1,user15
0.7469439819800239,1,user15
0.6498220770063831,1,user15
0.765423237655111,1,user15
0.7634050326604007,1,user15
0.7352806873366596,1,user15
0.8593456976542411,1,user15
0.8625221180802022,1,user15
0.6003106760110675,0,user15
0.808579236745444,1,user15
0.8137404651813993,1,user15
0.4661139729536408,0,user15
0.6722057641746975,1,user15
0.6908198630580098,1,user15
0.7298579103041568,1,user15
0.8891536310468036,1,user15
0.7430735506461643,1,user15
0.7036340844604774,1,user15
0.7513009934463147,1,user15
0.35167291761133473,0,user15
0.45447738160688766,1,user15
0.44765664777039305,1,user15
0.797081644568954,1,user15
0.9834527524334306,1,user15
0.9842074969362528,1,user15
0.9215970810402712,1,user15
0.7462090282340937,1,user15
0.7522694013266843,1,user15
0.7541302975516688,1,user15
0.7308059833069144,1,user15
0.8034461745411423,1,user15
0.3635163307106874,0,user15
0.9791313618330457,1,user15
0.8853505711854576,1,user15
0.7180882522039481,1,user15
0.8088179010470667,1,user15
0.7370431349254312,1,user15
0.37088023119567715,0,user15
0.5437059206507852,1,user15
0.9444005255330828,1,user15
0.9897660340963348,1,user15
0.7585979233757628,1,user15
0.7560158689664467,1,user15
0.3917016220629856,0,user15
0.5434388855296343,1,user15
0.8333993585424136,1,user15
0.8215431333161689,1,user15
0.4238781694184252,1,user15
0.8536961024462564,1,user15
0.8058668397137025,1,user15
0.9403571024244319,1,user15
0.7851111133597594,1,user15
0.8688525652753487,1,user15
0.9373171268368757,1,user15
0.7752241169232121,1,user15
0.7271318416395536,1,user15
0.6838121897819778,1,user15
0.9963657677292604,1,user15
0.7344885847451484,1,user15
0.6805039953289693,1,user15
0.6828675484654546,1,user15
0.8780221578204882,1,user15
0.7817955164144194,1,user15
0.5580190379290381,0,user15
0.8019512261230257,1,user15
0.6455597345523699,1,user15
0.7470915998142671,1,user15
0.7685740860157272,1,user15
0.7094403862952453,1,user15
0.7492281202642038,1,user15
0.8376414331770011,1,user15
0.8832217879141551,1,user15
0.8002842823607591,1,user15
0.7957341387971101,1,user15
0.8297281741799399,1,user15
0.7995984801818136,1,user15
0.8883301136757599,1,user15
0.7785885980604278,1,user15
0.784697997593461,1,user15
0.8772702910969694,1,user15
0.6755402880307921,1,user15
0.7660416978387131,1,user15
0.7333107252324902,1,user15
0.7446692131321021,1,user15
0.6504714334238911,0,user15
0.8210990483883607,1,user15
0.9761381246430905,1,user15
0.7837260018094309,1,user15
0.837030120255161,1,user15
0.9136848402992254,1,user15
0.9294494239804719,1,user15
0.9812498993591011,1,user15
0.7775549774592818,1,user15
0.8190592686743082,1,user15
0.7685649335170632,1,user15
0.9246733744014226,1,user15
0.8619096924399773,1,user15
0.7767705581566244,1,user15
0.7768287140777533,1,user15
0.9037842532627512,1,user15
0.7759732186905487,1,user15
0.7051365015630039,1,user15
0.7073444454236886,1,user15
0.8457603289534671,1,user15
0.7058684590823174,1,user15
0.7188375401583919,1,user15
0.7547076963215015,1,user15
0.7905402056627743,1,user15
0.800493272546317,1,user15
0.6305051525936809,0,user15
0.7795472636374425,1,user15
0.7388915665540107,1,user15
0.7194472990655704,1,user15
0.8448690329461853,1,user15
0.7239206147888596,1,user15
0.877522605855264,1,user15
0.6872426756644635,1,user15
0.6915821457889084,1,user15
0.6845195775896027,1,user15
0.7148419870982117,1,user15
0.7801048294546856,1,user15
0.9811679477123931,1,user15
0.8750383520158642,1,user15
0.7003960978808232,1,user15
0.7817821450393025,1,user15
0.9041148658346587,1,user15
0.39536966014395913,0,user15
0.8008070125243314,1,user15
0.6955529313529232,1,user15
0.8346954641237704,1,user15
0.42065731275789703,1,user15
0.8231279373946215,1,user15
0.9201354477956963,1,user15
0.9173464065512543,1,user15
0.37978848361189893,0,user15
0.9120866456875494,1,user15
0.6902119004908471,1,user15
0.6942062416440061,1,user15
0.8170980016813986,1,user15
0.7195198969183552,1,user15
0.7330822234118116,1,user15
0.7818460635849633,1,user15
0.8123909520250635,1,user15
0.807505480804463,1,user15
0.8306317986700432,1,user15
0.7701230370678643,1,user15
0.8153534496672243,1,user15
0.6796482521926983,1,user15
0.6879237741160643,1,user15
0.7567005587429888,1,user15
0.7581638272835481,1,user15
0.7175581576915298,1,user15
0.6824021679134471,1,user15
0.7710965841145776,1,user15
0.7861038500796599,1,user15
0.9417897205770503,1,user15
0.7383121140908717,1,user15
0.7954052660193031,1,user15
0.8546222069319027,1,user15
0.9416050072596849,1,user15
0.9629289978516898,1,user15
0.7866031122833479,1,user15
0.6413328185906652,1,user15
0.7649856276368615,0,user15
0.811587908104227,1,user15
0.8588026286981828,1,user15
0.8431286357589799,1,user15
0.8235383929559665,1,user15
0.7805585231763363,1,user15
0.7018175604098649,1,user15
0.8791551919444502,1,user15
0.8258851223552824,1,user15
0.8577722838846956,1,user15
0.786508695366229,1,user15
0.8585718348262145,1,user15
0.848941857584308,1,user15
0.719137518463802,1,user15
0.9874929839937145,1,user15
0.8457270783269063,1,user15
0.7879744817227182,1,user15
0.9906999302761897,1,user15
0.8075401718484296,1,user15
0.9163339134270937,1,user15
0.9893497068384502,1,user15
0.8817390987188147,1,user15
0.7270705958653175,1,user15
0.7236076315933287,1,user15
0.7898212494647846,1,user15
0.7691217740873163,1,user15
0.6719434648484441,1,user15
0.6756405546076982,1,user15
0.7406150161880027,1,user15
0.9232989895226796,1,user15
0.8907819951899012,1,user15
0.6197670950161872,1,user15
0.8603554488625736,1,user15
0.8093394342213566,1,user15
0.24377061165428013,0,user15
0.296942276993936,0,user15
0.32420653258752663,1,user15
0.34724628701654575,0,user15
0.31726466701570155,0,user15
0.36490198290482345,0,user15
0.9798847550079431,1,user15
0.8784801223512564,1,user15
0.9848928682505251,1,user15
0.9939533143482308,1,user15
0.7440959289254564,1,user15
0.7981012289048145,1,user15
0.7554609156939118,1,user15
0.9734335034446515,1,user15
0.7685970506918479,1,user15
0.8335226620745659,1,user15
0.8507465056284091,1,user15
0.8785204415652579,1,user15
0.7694848816435972,1,user15
0.8689278023392153,1,user15
0.7594881429676311,1,user15
0.6909971502834691,1,user15
0.6904063561728151,1,user15
0.9410268622034668,1,user15
0.9246347124565133,1,user15
0.7664067852351941,1,user15
0.7369676410911103,1,user15
0.8489159040063768,1,user15
0.8369810203566768,1,user15
0.8138963770063322,1,user15
0.6987212920530707,1,user15
0.5184058651958375,0,user15
0.7241463575274151,1,user15
0.31979077197349376,1,user15
0.31627166081711006,0,user15
0.7096704462777789,1,user15
0.7503975063389813,1,user15
0.7770157602158678,1,user15
0.7326473972994071,1,user15
0.7053549382625587,1,user15
0.7285800709765858,1,user15
0.4379861412031789,1,user15
0.6206653710719667,1,user15
0.8624514578316517,1,user15
0.794862718534705,1,user15
0.4180131881489894,1,user15
0.6324421355627017,0,user15
0.5619876896382264,0,user15
0.729603252786436,1,user15
0.40806189534630277,1,user15
0.4760486903498066,0,user15
0.5397463087883096,0,user15
0.662778436772813,1,user15
0.6905226023344799,0,user15
0.5338146747543624,0,user15
0.7784084288418618,1,user15
0.7271354869561371,1,user15
0.7853989198069005,1,user15
0.32603348897588824,1,user15
0.7142513156324126,1,user15
0.3908635334024931,0,user15
0.817409413579406,1,user15
0.6899105136631475,1,user15
0.6898897614260104,1,user15
0.7032680477295948,1,user15
0.748250596290372,1,user15
0.6496966790449743,1,user15
0.6770777609501556,1,user15
0.6678602392203238,1,user15
0.7557580785492447,1,user15
0.8768913245859357,1,user15
0.7179994051076436,1,user15
0.7144258861741879,1,user15
0.8295314261046846,1,user15
0.7348806023340458,1,user15
0.8537551669452572,1,user15
0.9075960661654197,1,user15
0.45428916104323,0,user15
0.6877681003028459,0,user15
0.3018218421243804,1,user15
0.3122720816928603,0,user15
0.6842644072420376,1,user15
0.3924406519927174,0,user15
0.7723014812533773,1,user15
0.4377697250843231,0,user15
0.5372907094081839,0,user15
0.7916403551567881,1,user15
0.7419244625191304,0,user15
0.578140649859691,1,user15
0.8334768940622627,1,user15
0.8022972215925145,1,user15
0.8339000949699051,1,user15
0.3262920770988672,0,user15
0.7147190771398865,1,user15
0.8194200290625913,1,user15
0.7890432674235328,1,user15
0.48042669592109943,1,user15
0.24492249666123805,0,user15
0.9479080772513369,0,user15
0.42451175314454376,1,user15
0.8341850385706968,1,user15
0.7554850055053837,1,user15
0.7838291271865142,1,user15
0.38123321430146545,0,user15
0.6693296421413245,0,user15
0.3477217058796355,0,user15
0.8250664608253888,1,user15
0.84625972205982,1,user15
0.9103900387500156,1,user15
0.8597622647571389,1,user15
0.7990571926747768,1,user15
0.6403397824149355,0,user15
0.7087660677141809,1,user15
0.361013102736539,0,user15
0.7860310237439434,1,user15
0.8465150910451336,1,user15
0.8378548967320459,1,user15
0.7503283500132332,1,user15
0.4495996703234399,1,user15
0.7456681382876252,1,user15
0.7728601142271345,1,user15
0.3367474790947473,0,user15
0.29342553422753925,1,user15
0.30563767910454065,0,user15
0.369856148543541,0,user15
0.2668438438974606,0,user15
0.4653822012068601,0,user15
0.35809166616222304,1,user15
0.3002374467529831,0,user15
0.7471064263375793,1,user15
0.6105930863365826,0,user15
0.3552033301076714,1,user15
0.8789894000771563,1,user15
0.8190250664263329,1,user15
0.7787254906610926,1,user15
0.7974862019822239,1,user15
0.6128971351133763,0,user15
0.28249947939203535,0,user15
0.37619900561766456,0,user15
0.6152065692846346,0,user15
0.8357478985138987,1,user15
0.7413163727399311,1,user15
0.769606256288958,1,user15
0.580400804060436,0,user15
0.6862865866005359,1,user15
0.8230963531939147,1,user15
0.8653552154216662,1,user15
0.4121085920788282,1,user15
0.2992772987865352,0,user15
0.4132776482247873,1,user15
0.40869817251800794,0,user15
0.44666247857537944,0,user15
0.42196608859094314,0,user15
0.8380886996236332,1,user15
0.8063942802335688,1,user15
0.9121550424656788,1,user15
0.8976050027461672,1,user15
0.788303986051136,1,user15
0.7793028927945758,1,user15
0.7678876262083677,1,user15
0.8114174133114281,1,user15
0.6774799479295559,1,user15
0.8005943564905195,1,user15
0.7910910822052346,1,user15
0.7949642742724045,1,user15
0.963862912532299,1,user15
0.9994907012373232,1,user15
0.8370459099839888,1,user15
0.8253106985191244,1,user15
0.7885791998622654,1,user15
0.7604491201402468,1,user15
0.7471281177455101,1,user15
0.8487963249168193,1,user15
0.7406275575136543,1,user15
0.61804339693843,0,user15
0.8013382617644247,1,user15
0.6590738867348364,0,user15
0.5382123013906496,0,user15
0.7416128846819486,1,user15
0.8265238910483855,1,user15
0.9426297307756395,1,user15
0.7514095469609474,1,user15
0.705967658757935,1,user15
0.7418355772317831,1,user15
0.9011464426152901,1,user15
0.8693020571361121,1,user15
0.5169247966624221,1,user15
0.5044364439420508,1,user15
0.7060416664809177,1,user15
0.4425126503750205,0,user15
0.8101156843534406,1,user15
0.709194082985237,0,user15
0.8455771084572781,0,user15
0.8291683387671345,1,user15
0.96342867702426,0,user15
0.7527349347468237,1,user15
0.8123266913287276,1,user15
0.7909180537058662,1,user15
0.9461873134829887,1,user15
0.9450469719715107,1,user15
0.8599593979329098,1,user15
0.8674554699953179,1,user15
0.9189631360810011,1,user15
0.7585831834505558,1,user15
0.8363983888970173,1,user15
0.8855485270236162,1,user15
0.7781174599540559,1,user15
0.8061182100596106,1,user15
0.39034794962318453,0,user15
0.28952219739966806,0,user15
0.7247689200555202,1,user15
0.8354817809883837,1,user15
0.8003661659138637,1,user15
0.8045492731382784,1,user15
0.8428092508778589,1,user15
0.7181636807403813,1,user15
0.7222303027957251,1,user15
0.8473755924410294,1,user15
0.8536576501169257,1,user15
0.8170684847900899,1,user15
0.8349180014788227,1,user15
0.7333308054001739,1,user15
0.837981945173154,1,user15
0.7453767952383624,1,user15
0.7588217898095168,1,user15
0.8099716893367516,1,user15
0.771674358031344,1,user15
0.9698832272189456,1,user15
0.8017677268236053,1,user15
0.9007181721559907,1,user15
0.7453099770215165,0,user15
0.827925568593325,1,user15
0.8017637116330786,1,user15
0.7692933906425617,1,user15
0.7020473586621084,1,user15
0.6890789531783426,1,user15
0.7624262255007938,1,user15
0.7650340607049301,1,user15
0.4527243676063776,1,user15
0.96091098917169,1,user15
0.8413521670428049,1,user15
0.7329288423526982,1,user15
0.9530085197704357,1,user15
0.9315728323857358,1,user15
0.4027250909951375,1,user15
0.7938909909502714,1,user15
0.8356330918971386,1,user15
0.7347260739412848,1,user15
0.7563942989871569,1,user15
0.4411327714845056,1,user15
0.810891052888096,1,user15
0.8608740867818913,1,user15
0.7004349050224534,1,user15
0.5050716719766893,1,user15
0.3394888396992982,1,user15
0.9262719509825911,1,user15
0.905041543455758,1,user15
0.9989393325004147,1,user15
0.7870021137838089,1,user15
0.981294091055109,1,user15
0.8888642048603621,1,user15
0.9739481968106986,1,user15
0.8622019857710254,1,user15
0.801139028890399,1,user15
0.8146358177588189,1,user15
0.9807721442864304,1,user15
0.8972699752740747,1,user15
0.8187859224648113,1,user15
0.7871401377894017,1,user15
0.8503571572260885,1,user15
0.8759470478595829,1,user15
0.7991649349834534,1,user15
0.7798473279063901,1,user15
0.7375291856685932,1,user15
0.7117534637762287,1,user15
0.45399935832214766,1,user15
0.8163341853686628,1,user15
0.7000416078612124,1,user15
0.812129888900924,1,user15
0.9344830687219992,1,user15
0.9312302071943878,1,user15
0.7254970226702985,1,user15
0.7740334653292907,1,user15
0.8712890483304256,1,user15
0.7164976522947931,1,user15
0.9699744432931582,1,user15
0.9362568734541958,1,user15
0.8423019923191786,1,user15
0.7986623767719594,1,user15
0.9141020064039299,1,user15
0.5326379533456403,1,user15
0.8172408160003097,1,user15
0.8139764856385635,1,user15
0.5904011112367064,0,user15
0.7383630003913412,1,user15
0.683752198555233,1,user15
0.7335600113261403,1,user15
0.9197010385133775,1,user15
0.5135028728014667,0,user15
0.7446997305809191,1,user15
0.5641912585023743,1,user15
0.27637023957287227,0,user15
0.5171083546563913,0,user15
0.9975907187504109,1,user15
0.9987770464591965,1,user15
0.45370700491596555,0,user15
0.6803539729108883,1,user15
0.8022507470274599,1,user15
0.5721177626896794,0,user15
0.3517215678667366,0,user15
0.9785649048060062,1,user15
0.8812192159070942,1,user15
0.9384848878703616,1,user15
0.7877046182097052,1,user15
0.9771359539642596,1,user15
0.8762215923653177,1,user15
0.7348093434314754,1,user15
0.4932197457438469,0,user15
0.4456909571598754,0,user15
0.4923810553137183,0,user15
0.8463818492284028,1,user15
0.9997521716409312,1,user15
0.8602444406838307,1,user15
0.41624737017476754,0,user15
0.6795919152361075,1,user15
0.6803282447346931,1,user15
0.669517865636359,1,user15
0.7753564015953195,1,user15
0.7280822322391227,1,user15
0.6763796460741742,1,user15
0.6915900945810727,1,user15
0.6889177753955604,1,user15
0.80001760589081,1,user15
0.7464589748717981,1,user15
0.4087719579011357,1,user15
0.7566836436092582,1,user15
0.4049568770460851,1,user15
0.7078840756369711,1,user15
0.6662492951564256,1,user15
0.6825205009334132,1,user15
0.8090057309342725,1,user15
0.8512736920358362,1,user15
0.8144530125618502,1,user15
0.7490615431903815,1,user15
0.5491699344600709,1,user15
0.8093873580341644,1,user15
0.7672077640402739,1,user15
0.6920948817499012,1,user15
0.687392011442572,1,user15
0.8567944240096813,1,user15
0.880021501620139,1,user15
0.6527459343102658,1,user15
0.38886467915953843,0,user15
0.41072655119020685,0,user15
0.5978363246500794,0,user15
0.6264209036129891,1,user15
0.7688154175754466,1,user15
0.867750674984912,0,user15
0.8935368660557925,1,user15
0.7775084817951949,1,user15
0.833890121290521,1,user15
0.8970179832609644,1,user15
0.8802420274816692,1,user15
0.8578697316521026,1,user15
0.8455548355796073,1,user15
0.8355837555314796,1,user15
0.8358164388386621,1,user15
0.8010605061442743,1,user15
0.869823339278952,1,user15
0.8078655160824725,1,user15
0.6897758951082612,1,user15
0.6966863293664721,1,user15
0.8842574794420505,1,user15
0.9158753230143231,1,user15
0.7726528330279108,1,user15
0.29077215795337563,0,user15
0.28604958063508473,0,user15
0.3719366535021748,1,user15
0.6653382312701442,1,user15
0.7616802609928356,1,user15
0.7322446853935713,1,user15
0.6722166148689167,1,user15
0.6881309914796574,1,user15
0.6910104732776614,1,user15
0.9983328937893501,1,user15
0.9961038779785992,1,user15
0.9864013466293015,1,user15
0.8762614905252524,1,user15
0.9326501892981374,1,user15
0.8385602541203919,1,user15
0.3369033304661017,0,user15
0.5838420441246381,1,user15
0.3048445526420368,1,user15
0.8359293889393744,1,user15
0.9430138764379936,1,user15
0.7606353598293968,1,user15
0.7421141648323434,1,user15
0.7322342619098436,1,user15
0.660948405848937,1,user15
0.37770662181268094,0,user15
0.8828609527486704,1,user15
0.8000094847042529,1,user15
0.9822627503933827,1,user15
0.7516240506782499,1,user15
0.7792142212777433,1,user15
0.7688445002347443,1,user15
0.9713304496217764,1,user15
0.8023315487081614,1,user15
0.8740818884292557,1,user15
0.8637487163090241,1,user15
0.7294897014264693,1,user15
0.7340013538437262,1,user15
0.7666148116258423,1,user15
0.8408336923133451,1,user15
0.9185979114709898,1,user15
0.37264453201573944,0,user15
0.8655670736354135,0,user15
0.7902285565115713,1,user15
0.7676375755801063,1,user15
0.7180549918667678,1,user15
0.3675013872292836,0,user15
0.8528460447320578,1,user15
0.7716695311631674,1,user15
0.7640003784884044,1,user15
0.9704451007619069,0,user15
0.8500411905112104,0,user15
0.35287562772466957,0,user15
0.8591736905157035,1,user15
0.522892946427346,1,user15
0.8034137983087163,1,user15
0.8325037270576064,1,user15
0.916328469017675,1,user15
0.8083088922793243,1,user15
0.4215319486912883,1,user15
0.7372166022457608,1,user15
0.7972245559161547,1,user15
0.902310407587589,1,user15
0.7289902507311878,1,user15
0.7312469163030901,1,user15
0.4539322729278456,1,user15
0.7708080304119042,0,user15
0.6172636234774856,0,user15
0.30940686027189235,0,user15
0.7213195534509329,1,user15
0.3023279640237399,1,user15
0.6499935477485133,0,user15
0.46711152479705204,0,user15
0.32426201762972884,0,user15
0.5989492124157815,0,user15
0.7700520225802302,1,user15
0.7686047490948228,1,user15
0.7718896624125047,1,user15
0.7751156159989407,1,user15
0.8636028978029152,1,user15
0.7301945305560418,1,user15
0.8751652795305787,1,user15
0.826879897664671,1,user15
0.8593614440978842,1,user15
0.7570976623952951,1,user15
0.4305780958919674,0,user15
0.9101974013149887,1,user15
0.9737217651055443,1,user15
0.831990976571256,0,user15
0.8962839109447123,1,user15
0.8642839170536052,1,user15
0.9702608471888813,1,user15
0.5549516967514431,1,user15
0.8679935244415242,1,user15
0.7338420546558447,1,user15
0.7297489322939114,1,user15
0.9406709718925714,1,user15
0.9803110024519043,1,user15
0.8188722408693229,1,user15
0.7011684522977536,1,user15
0.9142553287664826,1,user15
0.7075125462471705,1,user15
0.5590731284005335,0,user15
0.347537981161558,0,user15
0.4856673268954721,1,user15
0.6790002286019341,1,user15
0.6856016626812395,1,user15
0.8567489198647062,1,user15
0.27386957646241133,0,user15
0.4236241619104626,0,user15
0.6519532281229756,0,user15
0.48435156179902455,0,user15
0.7284982009775001,1,user15
0.7988901088505006,1,user15
0.8111426050327751,1,user15
0.8537097063102772,1,user15
0.8019157386422457,0,user15
0.6288570231358039,0,user15
0.686626210877721,1,user15
0.6868393764608722,1,user15
0.5738537747281673,0,user15
0.448341045009452,0,user15
0.45282583342031263,0,user15
0.6838855138371117,0,user15
0.6903381534850215,1,user15
0.6906446704205629,1,user15
0.791620523468144,1,user15
0.790408611240707,1,user15
0.7367899020615561,1,user15
0.3104755676894811,0,user15
0.4402467960137892,0,user15
0.5688450899288758,1,user15
0.5242448393291876,1,user15
0.6972656943344184,1,user15
0.8198463429262101,1,user15
0.4813231814051485,1,user15
0.5877201210609027,0,user15
0.3376318149640647,0,user15
0.7460554217696914,1,user15
0.7876352668743657,1,user15
0.7474872692834384,1,user15
0.7616171202512522,1,user15
0.795033160337713,1,user15
0.7422204660478001,1,user15
0.7560179178357659,1,user15
0.7162140592959952,1,user15
0.6231469959214898,1,user15
0.6873992116295049,1,user15
0.6884717761640169,1,user15
0.8349403378130352,1,user15
0.5083714049965784,1,user15
0.775436400662141,1,user15
0.7862169329057723,1,user15
0.8522026530667236,1,user15
0.7659470481342688,1,user15
0.6814869088766525,1,user15
0.775504109791201,1,user15
0.8060688975949858,1,user15
0.7710389923303315,1,user15
0.8538386746637309,1,user15
0.870744946409165,1,user15
0.8294872462168308,1,user15
0.8008025712522437,1,user15
0.7273675033264277,1,user15
0.7727274846796991,1,user15
0.7458653525529926,1,user15
0.7492002614140443,1,user15
0.7067433467190648,1,user15
0.6975824986768393,1,user15
0.6930896311419342,1,user15
0.7064938125981985,1,user15
0.7684008361838395,1,user15
0.7797540416428459,1,user15
0.8865586069713388,1,user15
0.6594424947474206,1,user15
0.9568147827099122,1,user15
0.6793968655161503,1,user15
0.6982388347650426,1,user15
0.9957835792301452,1,user15
0.9874792078170642,1,user15
0.7429470079205712,1,user15
0.8262147929805922,1,user15
0.85671074113783,1,user15
0.7012464172107739,1,user15
0.7472065318691822,1,user15
0.7483935173693547,1,user15
0.887323095107382,1,user15
0.38360984014320676,0,user15
0.8678777316052835,1,user15
0.8465753448708427,1,user15
0.8057928591334329,1,user15
0.6693287681055234,1,user15
0.7619015426173951,1,user15
0.722607857531257,1,user15
0.9985731035751747,1,user15
0.8778925200205996,1,user15
0.7968221164598598,1,user15
0.5349425543790355,0,user15
0.865518492917129,1,user15
0.9122991360179135,1,user15
0.740603439129908,1,user15
0.8519740988708202,1,user15
0.9746977544543046,1,user15
0.986667016499455,1,user15
0.789732149823223,1,user15
0.3431916789780063,1,user15
0.36064228855821184,1,user15
0.80300658352265,1,user15
0.8100736939317787,1,user15
0.8859937474989391,1,user15
0.7046561225103102,1,user15
0.8769247684463,1,user15
0.9583437228384482,1,user15
0.9119431627591585,1,user15
0.8773438712891648,1,user15
0.7940335869601379,1,user15
0.8717289368891551,1,user15
0.8697004037347552,1,user15
0.35265457613719275,0,user15
0.904621777806111,1,user15
0.8716789638581691,1,user15
0.8267017174548711,1,user15
0.7809201549621723,1,user15
0.43175571854990713,0,user15
0.7822787589859652,1,user15
0.9120353751978204,1,user15
0.8814816653767388,1,user15
0.5303170123775743,1,user15
0.3798458884075477,1,user15
0.6775643862397706,1,user15
0.6689982150205416,1,user15
0.7829354331861498,1,user15
0.3067773808539713,0,user15
0.8409550783296232,1,user15
0.7383804004522244,1,user15
0.7353193696802063,0,user15
0.8645612445260604,1,user15
0.7269183070911035,1,user15
0.7822493678213975,1,user15
0.8395888252563197,1,user15
0.9495383101480517,1,user15
0.9203405790086218,1,user15
0.7028240295958247,1,user15
0.691527717542132,1,user15
0.6914120480403848,1,user15
0.7930323088319711,1,user15
0.7423013866841582,1,user15
0.8427117977468539,1,user15
0.9466913248114638,1,user15
0.9762555541074238,1,user15
0.97058512703125,1,user15
0.7944460778968471,1,user15
0.7818695290467904,1,user15
0.8448924176694932,1,user15
0.9383015961553027,1,user15
0.9510038523000813,1,user15
0.9777003624944522,1,user15
0.9615685334628464,1,user15
0.7636236851244632,1,user15
0.8989024799659997,1,user15
0.9292780694194787,1,user15
0.6972897100643235,1,user15
0.6968862693579386,1,user15
0.7920847792559302,1,user15
0.7941345270783737,1,user15
0.7576733348954374,1,user15
0.7109180417303911,1,user15
0.7072560281293537,1,user15
0.6857663663976068,1,user15
0.7100326802940109,1,user15
0.9687639531521611,1,user15
0.930040768591899,1,user15
0.6938853604013809,1,user15
0.6806805801262549,1,user15
0.6822951615607995,1,user15
0.8123303337730936,1,user15
0.7666664075128566,1,user15
0.8422536759703396,1,user15
0.8478363180163587,1,user15
0.8610363500952027,1,user15
0.9992310865151894,1,user15
0.6681462938175455,1,user15
0.8215335360711147,1,user15
0.6895367216754555,1,user15
0.7126165527970937,1,user15
0.7084859222782273,1,user15
0.8150123753165612,1,user15
0.9476216462402306,1,user15
0.7939330548585402,1,user15
0.8430690790781279,1,user15
0.7237665439214263,1,user15
0.8478894414075941,1,user15
0.9932813845628101,1,user15
0.9527178826411651,1,user15
0.6118712962721862,1,user15
0.8182401760650782,1,user15
0.7307117157147929,0,user15
0.6238743030330122,0,user15
0.2039123755713558,0,user15
0.5657720758183672,1,user15
0.7262799987270364,1,user15
0.8121715493583691,1,user15
0.7776534812294967,1,user15
0.5265692410692331,1,user15
0.5736200492936818,1,user15
0.6366466263022754,1,user15
0.8649094012401345,1,user15
0.8533269253081975,1,user15
0.8302242687268887,1,user15
0.8618351015906706,1,user15
0.7236275159856309,1,user15
0.792889186062859,1,user15
0.8615800987334455,0,user15
0.6917861338405575,1,user15
0.48246345836890486,0,user15
0.7734974360931276,1,user15
0.6845409345316313,1,user15
0.7089847814754637,1,user15
0.944394338561107,1,user15
0.8754101691539633,1,user15
0.7961883003829527,1,user15
0.7609202357129999,1,user15
0.7627676149467406,1,user15
0.8530578494033498,1,user15
0.7837785067531451,1,user15
0.8087880758067231,1,user15
0.8006460329605415,1,user15
0.7773667268385523,0,user15
0.8320301633231845,1,user15
0.7707690410095335,1,user15
0.8260361292837328,1,user15
0.8747565092877945,1,user15
0.7025090090441035,1,user15
0.6915244093054433,1,user15
0.6903857778345587,1,user15
0.6967843486048121,1,user15
0.6939193323288343,1,user15
0.6926266428719611,1,user15
0.6821324912173954,1,user15
0.729398793170755,1,user15
0.6915622674173513,1,user15
0.6925052619284305,1,user15
0.7338774526880317,1,user15
0.8255206849161004,1,user15
0.8294781242002818,1,user15
0.693622705510413,1,user15
0.9537227654107163,1,user15
0.8161957781701121,1,user15
0.897013070104424,1,user15
0.7451951479027447,1,user15
0.7380642502338293,1,user15
0.6906821996184033,1,user15
0.7688635652795976,1,user15
0.8019205771244827,1,user15
0.8038597875973337,1,user15
0.8076716258410661,1,user15
0.9080962520579862,1,user15
0.712484706853575,1,user15
0.6910920236666861,1,user15
0.7506741680078245,1,user15
0.6914117774400544,1,user15
0.6914681407440694,1,user15
0.6914191628206998,1,user15
0.6914558259762884,1,user15
0.6836064423799365,1,user15
0.7942150623457471,1,user15
0.7748941027793036,1,user15
0.5524347529715503,1,user15
0.7446671902174773,1,user15
0.8670379161890606,1,user15
0.9013419869872519,1,user15
0.9185752279431465,1,user15
0.7855381442705127,1,user15
0.7560480158321292,1,user15
0.7431093875181821,1,user15
0.6961107959771157,1,user15
0.824677911506123,1,user15
0.7610495864113972,1,user15
0.7584661771498763,1,user15
0.6972042529283475,1,user15
0.79767833937115,1,user15
0.9468360918190305,1,user15
0.9913848582853502,1,user15
0.7606601059139503,1,user15
0.828972410225078,1,user15
0.7108301941577801,1,user15
0.7081383926377707,1,user15
0.8499530785938103,1,user15
0.951123604616345,1,user15
0.8806621471087619,1,user15
0.8464743820400578,1,user15
0.6899931702780292,1,user15
0.7928580785922315,1,user15
0.7284886304437231,1,user15
0.6957271288578185,1,user15
0.7011059203498134,1,user15
0.7952955958064307,1,user15
0.554327958638509,0,user15
0.7839340391159255,1,user15
0.7564511250525882,1,user15
0.8129742216272164,1,user15
0.9751454404635916,1,user15
0.8094387395918172,1,user15
0.6889755962958366,1,user15
0.7807246429519128,1,user15
0.8344699448771034,1,user15
0.6940646054086566,1,user15
0.8007245951311768,1,user15
0.8302238179780362,1,user15
0.7966340798174393,1,user15
0.7105500303651622,1,user15
0.7326597613753576,1,user15
0.7378255616293159,1,user15
0.9846966772249773,1,user15
0.901646435600773,1,user15
0.8273023945164864,1,user15
0.7044278253048492,1,user15
0.688461616682129,1,user15
0.7440878897361003,1,user15
0.6811311682106704,1,user15
0.8282117388766804,1,user15
0.7599257323865088,1,user15
0.8595867020247696,1,user15
0.959294831895342,1,user15
0.773574666176964,1,user15
0.6933776081379132,1,user15
0.8145865832056632,1,user15
0.7266648997769708,1,user15
0.6871746527723508,1,user15
0.8160649203916369,1,user15
0.9787668924239175,1,user15
0.7702036073719294,1,user15
0.6926668955259226,1,user15
0.6909966688113256,1,user15
0.7176653801585442,1,user15
0.6915715791063876,1,user15
0.73681069727434,1,user15
0.903192780101984,1,user15
0.6848117661996679,1,user15
0.6997735086328446,1,user15
0.6936133793898528,1,user15
0.6943397281131789,1,user15
0.8437367173382829,1,user15
0.9650491498966896,1,user15
0.7272147859450696,1,user15
0.8739195686691051,1,user15
0.8844371286826552,1,user15
0.7903145256659588,1,user15
0.7431075598684032,1,user15
0.7637119563220188,0,user15
0.23473157307652975,0,user15
0.29409214244877624,1,user15
0.6077851999765068,1,user15
0.9077683468941837,1,user15
0.7202197102602915,1,user15
0.7655369263722643,1,user15
0.7907221166662599,1,user15
0.2880082086503376,1,user15
0.400408232937629,0,user15
0.9023593642126501,1,user15
0.6506947955346447,1,user15
0.6726815294042554,1,user15
0.7968633587921443,1,user15
0.48529160043315367,1,user15
0.6741214677560851,1,user15
0.6597063171714831,1,user15
0.7879672216075367,1,user15
0.760893333513329,1,user15
0.6024147979590644,0,user15
0.5469789506814757,1,user15
0.44916061995786266,1,user15
0.5555521173373335,0,user15
0.6083760629863844,0,user15
0.3387519144991694,0,user15
0.7372213390735871,1,user15
0.9386900996172407,1,user15
0.9763980489508801,1,user15
0.8220993626834893,1,user15
0.9693679877947707,1,user15
0.8414613999014924,1,user15
0.8800173114725196,1,user15
0.780652164073751,1,user15
0.8101803240666398,1,user15
0.7390332679758401,1,user15
0.6966189272879812,1,user15
0.8770511784845865,1,user15
0.9928883415832384,1,user15
0.9636163595496139,1,user15
0.7095362604844264,1,user15
0.6689301229990131,1,user15
0.729639827944726,1,user15
0.6803540729234204,1,user15
0.6930318752256247,1,user15
0.5929840101453522,1,user15
0.7474622101506392,1,user15
0.759018772614599,1,user15
0.7278882539028242,1,user15
0.8681095449068249,1,user15
0.5228438797064163,0,user15
0.25215501262941575,1,user15
0.34865470767670925,1,user15
0.508635313859757,0,user15
0.45601271478860844,1,user15
0.5247188167148151,0,user15
0.4148662980587467,0,user15
0.3324408871571768,0,user15
0.337495924461645,0,user15
0.8215549318318297,1,user15
0.8422062636298765,1,user15
0.8118562086593368,1,user15
0.7778670080832726,1,user15
0.7632947579130277,1,user15
0.7566835624441627,1,user15
0.6181000640970865,1,user15
0.45720093467873973,0,user15
0.7824733242911036,1,user15
0.8956641192058123,1,user15
0.7725740265090759,0,user15
0.4520580436917577,0,user15
0.4210376262842964,0,user15
0.8138109426197669,1,user15
0.8968402898430595,1,user15
0.9183469387653606,1,user15
0.8021003625609658,1,user15
0.7264601682944833,1,user15
0.8052649762223102,1,user15
0.8744577577239079,1,user15
0.3415374318206989,1,user15
0.9529077309034403,1,user15
0.6903231455924355,1,user15
0.6870144908579636,1,user15
0.933069803741862,1,user15
0.7114328591617679,1,user15
0.756752382836718,1,user15
0.6460058411430077,1,user15
0.7646179578542,1,user15
0.9761013061994402,1,user15
0.9844471202843247,1,user15
0.7855748928287754,1,user15
0.5889083267467868,1,user15
0.2914824419516539,1,user15
0.7137041510966403,1,user15
0.7956022223877942,1,user15
0.7377709026060534,1,user15
0.8494030957683578,1,user15
0.9876921810670549,1,user15
0.7430736844141052,1,user15
0.6960696115968981,1,user15
0.7779026642204586,1,user15
0.9575505362440083,1,user15
0.979360688158037,1,user15
0.6873748890897678,1,user15
0.6979297271577084,1,user15
0.6915211480359391,1,user15
0.7305118399473354,1,user15
0.9967717450705929,1,user15
0.9061184041103896,1,user15
0.7587136575621335,1,user15
0.9574209785151137,1,user15
0.7581383255629432,1,user15
0.7850039614102704,1,user15
0.8638892843266575,1,user15
0.9945636188507982,1,user15
0.8063023544516429,1,user15
0.9400501867479274,1,user15
0.9899601909831978,1,user15
0.8294030233493858,1,user15
0.7528977947396284,1,user15
0.7348248902500492,1,user15
0.8109531551635876,1,user15
0.8838386174204376,1,user15
0.772964214790869,1,user15
0.7555160480571909,1,user15
0.849881566845011,1,user15
0.8333735665534923,1,user15
0.9395993046420211,1,user15
0.9541791949046547,1,user15
0.9621531494853995,1,user15
0.7940080138944068,1,user15
0.8146613896984609,1,user15
0.5857088079400808,0,user15
0.7471430819465095,1,user15
0.6917905728309908,1,user15
0.715227872866125,1,user15
0.69100822558184,1,user15
0.6953342956252656,1,user15
0.4909282899055223,0,user15
0.848448472256117,1,user15
0.9031322146409527,1,user15
0.7660106095247587,1,user15
0.9195785734981109,1,user15
0.8518892545209135,1,user15
0.8132283480577965,1,user15
0.773428147854671,1,user15
0.8335689543000929,1,user15
0.6239604335466712,0,user15
0.5998925702925728,0,user15
0.2990513890652855,1,user15
0.3043718342637424,0,user15
0.5963888646294254,1,user15
0.7286127189246431,0,user15
0.6622286550454294,1,user15
0.5360043197637931,1,user15
0.7758831298291496,1,user15
0.45572138571985377,1,user15
0.7817510381392417,1,user15
0.448437115268518,0,user15
0.4167951224316544,1,user15
0.2692273312795594,0,user15
0.33662908444546885,0,user15
0.7981309439302983,1,user15
0.8265265173845205,1,user15
0.8631066853416124,1,user15
0.7336279413712098,1,user15
0.7937185973808757,1,user15
0.48010633838080724,1,user15
0.46712817765104153,0,user15
0.7803693490282722,1,user15
0.9018478981450203,1,user15
0.7231543215228289,1,user15
0.35111892902298714,0,user15
0.7947846638630307,1,user15
0.6962423218429158,0,user15
0.9056311593310976,1,user15
0.8799348140482737,1,user15
0.9423586217727812,1,user15
0.3733130625742126,1,user15
0.7657161471180521,1,user15
0.8939262246224954,1,user15
0.7261730108150094,1,user15
0.7356168146134041,1,user15
0.7575268645231676,1,user15
0.7155851762276076,1,user15
0.8931516260039084,1,user15
0.9082837065650716,1,user15
0.7743940208169623,1,user15
0.4856297511837187,0,user15
0.6925264149264525,0,user15
0.4406566992198881,1,user15
0.7464931958375515,1,user15
0.8736427323224892,1,user15
0.7365791237769447,1,user15
0.6897894535589008,1,user15
0.7369498234062855,1,user15
0.3517077614573464,1,user15
0.4460050966090105,1,user15
0.49412923561761835,1,user15
0.7720218616650506,1,user15
0.6772401424950166,1,user15
0.8468561481105102,1,user15
0.9283367887507514,1,user15
0.8681601669193867,1,user15
0.7842386640955207,1,user15
0.7993428738314499,1,user15
0.8747925894927943,1,user15
0.753171931460382,1,user15
0.8126299787716225,1,user15
0.8544373843053347,1,user15
0.7491724760990751,1,user15
0.7641172639887539,1,user15
0.9207211631289512,1,user15
0.8268376248337036,1,user15
0.7926545457012137,1,user15
0.7808235097182105,1,user15
0.7979610530380755,1,user15
0.6954972037610069,1,user15
0.7039317017509686,1,user15
0.7189687804527738,1,user15
0.801811561173237,1,user15
0.7827413154919648,1,user15
0.9557175884535839,1,user15
0.6896375823640115,1,user15
0.7151474440558425,1,user15
0.692047615512073,1,user15
0.7080310556513757,1,user15
0.8764288115162499,1,user15
0.7669324351954452,1,user15
0.7322780469068807,1,user15
0.511980417156992,0,user15
0.7469214265778472,1,user15
0.47198102704664346,1,user15
0.7450779076734337,1,user15
0.7230116799929807,1,user15
0.7985721750175622,1,user15
0.7786275981135996,1,user15
0.6850130446284222,1,user15
0.691635852000004,1,user15
0.6921787046356447,1,user15
0.943624062934883,1,user15
0.7966771898286691,1,user15
0.7237897573099099,1,user15
0.9291091906973523,1,user15
0.9910699848346846,1,user15
0.9847554069018541,1,user15
0.7382751722116191,1,user15
0.7246418599623822,1,user15
0.8964583236936642,1,user15
0.8288284820203222,1,user15
0.935696602721466,1,user15
0.8529823678925054,1,user15
0.868764332001755,1,user15
0.9027905929557435,1,user15
0.7549833576805052,1,user15
0.7827243746225515,1,user15
0.7998931500962452,1,user15
0.7952343025741777,1,user15
0.8889891182442247,1,user15
0.9053188582690732,1,user15
0.8287379129929422,1,user15
0.6808951151778764,1,user15
0.693957034516599,1,user15
0.719744710161133,1,user15
0.7720944759530032,1,user15
0.9643244507593283,1,user15
0.7992710033482449,1,user15
0.8435284926020669,1,user15
0.8500320281312456,1,user15
0.7289260904340646,1,user15
0.762360324707687,1,user15
0.7521976855440211,1,user15
0.7975320060699579,1,user15
0.8330137630990732,1,user15
0.7832708547444113,1,user15
0.8397133837120472,1,user15
0.6904486529948013,1,user15
0.6892947222817717,1,user15
0.7702562982428448,1,user15
0.7469439819800239,1,user15
0.6498220770063831,1,user15
0.765423237655111,1,user15
0.7634050326604007,1,user15
0.7352806873366596,1,user15
0.8593456976542411,1,user15
0.8625221180802022,1,user15
0.6003106760110675,0,user15
0.808579236745444,1,user15
0.8137404651813993,1,user15
0.4661139729536408,0,user15
0.6722057641746975,1,user15
0.6908198630580098,1,user15
0.7298579103041568,1,user15
0.8891536310468036,1,user15
0.7430735506461643,1,user15
0.7036340844604774,1,user15
0.7513009934463147,1,user15
0.35167291761133473,0,user15
0.45447738160688766,1,user15
0.44765664777039305,1,user15
0.797081644568954,1,user15
0.9834527524334306,1,user15
0.9842074969362528,1,user15
0.9215970810402712,1,user15
0.7462090282340937,1,user15
0.7522694013266843,1,user15
0.7541302975516688,1,user15
0.7308059833069144,1,user15
0.8034461745411423,1,user15
0.3635163307106874,0,user15
0.9791313618330457,1,user15
0.8853505711854576,1,user15
0.7180882522039481,1,user15
0.8088179010470667,1,user15
0.7370431349254312,1,user15
0.37088023119567715,0,user15
0.5437059206507852,1,user15
0.9444005255330828,1,user15
0.9897660340963348,1,user15
0.7585979233757628,1,user15
0.7560158689664467,1,user15
0.3917016220629856,0,user15
0.5434388855296343,1,user15
0.8333993585424136,1,user15
0.8215431333161689,1,user15
0.4238781694184252,1,user15
0.8536961024462564,1,user15
0.8058668397137025,1,user15
0.9403571024244319,1,user15
0.7851111133597594,1,user15
0.8688525652753487,1,user15
0.9373171268368757,1,user15
0.7752241169232121,1,user15
0.7271318416395536,1,user15
0.6838121897819778,1,user15
0.9963657677292604,1,user15
0.7344885847451484,1,user15
0.6805039953289693,1,user15
0.6828675484654546,1,user15
0.8780221578204882,1,user15
0.7817955164144194,1,user15
0.5580190379290381,0,user15
0.8019512261230257,1,user15
0.6455597345523699,1,user15
0.7470915998142671,1,user15
0.7685740860157272,1,user15
0.917847690850311,1,user16
0.2894933628936665,0,user16
0.8267132845339121,1,user16
0.8176248204647251,1,user16
0.8035457086477233,1,user16
0.61308877646078,1,user16
0.4649750824223106,1,user16
0.8064879438151135,1,user16
0.6781821299283614,1,user16
0.7188389019709744,1,user16
0.7109243789664916,1,user16
0.7358090243925386,1,user16
0.7680451045513977,1,user16
0.790603322909293,0,user16
0.7244523468608756,1,user16
0.9236147650062371,1,user16
0.7590028109296614,1,user16
0.37875741747397024,1,user16
0.9842205405276165,1,user16
0.792835734121969,1,user16
0.6456736296289529,1,user16
0.7142312318360352,0,user16
0.5207832604430046,1,user16
0.8169686977186964,1,user16
0.9076185657834905,1,user16
0.5698541974595525,1,user16
0.41370553386437786,1,user16
0.3580676744721204,0,user16
0.35768337663144956,0,user16
0.6598746841131964,1,user16
0.836128010843226,1,user16
0.8892470080353201,1,user16
0.6334625744966161,1,user16
0.7120180691948781,1,user16
0.6007710983375024,1,user16
0.9108260665131148,1,user16
0.8969509096053431,1,user16
0.8299431179158799,1,user16
0.8204415928560206,1,user16
0.6740920163148748,1,user16
0.7256075052980515,1,user16
0.8187061442648891,1,user16
0.7141219096474061,1,user16
0.4516052122929654,0,user16
0.6177021602276355,1,user16
0.7404544817923867,0,user16
0.5579692792648727,0,user16
0.4501417321079521,1,user16
0.7068104109575455,0,user16
0.4442857168260066,1,user16
0.7132972674654676,1,user16
0.7103660299732324,1,user16
0.6060474161710129,1,user16
0.32515084294433144,1,user16
0.4218782488136591,0,user16
0.7553240236869802,1,user16
0.7391860073458696,1,user16
0.4643841718479804,0,user16
0.4597988458214338,1,user16
0.46709477269039557,1,user16
0.8968127753044359,1,user16
0.48061405946525376,1,user16
0.4556117386809083,1,user16
0.2974639013599576,0,user16
0.36419378845603384,0,user16
0.3231924882695274,0,user16
0.8620540427911426,1,user16
0.86086849047144,1,user16
0.8177313757981908,1,user16
0.5711936170290319,1,user16
0.7317785206176545,1,user16
0.5947337099553739,1,user16
0.6221375256140182,1,user16
0.7261977322223475,1,user16
0.5829983239648511,1,user16
0.4975377242895058,0,user16
0.7515465615107871,1,user16
0.719492605026961,0,user16
0.7471452497129074,1,user16
0.7683297667829605,1,user16
0.8334198756959522,1,user16
0.5450732807830485,0,user16
0.8949329174942676,1,user16
0.930356562441841,1,user16
0.47663080862828383,1,user16
0.3235938120304379,0,user16
0.8321874080545686,1,user16
0.9248968970581573,1,user16
0.7876820044090844,1,user16
0.8024465598711114,1,user16
0.8867150247432124,1,user16
0.9009437571122719,1,user16
0.7965294894939665,1,user16
0.779751919490571,1,user16
0.7018815039477362,1,user16
0.41015440448636564,1,user16
0.5355949849533869,1,user16
0.37953419435303304,0,user16
0.740105642389789,1,user16
0.6050644382269311,1,user16
0.3486634060692425,0,user16
0.7533493971872504,1,user16
0.730760591560487,1,user16
0.8533367720716788,1,user16
0.7297916132110387,1,user16
0.6997568517931325,1,user16
0.43277664422179796,0,user16
0.45297759379868446,0,user16
0.504402674286572,1,user16
0.8236078127184874,1,user16
0.8241774997556625,1,user16
0.7689235652862764,1,user16
0.8441466132945505,1,user16
0.665685438126019,1,user16
0.9179799949588873,1,user16
0.8948354787283223,1,user16
0.5362233053302836,0,user16
0.8877196101910491,1,user16
0.7494590387147543,1,user16
0.8819112554668213,1,user16
0.8728412949723465,1,user16
0.8517118327860739,1,user16
0.7282824901143283,1,user16
0.879008577839462,1,user16
0.910504858252435,1,user16
0.9773736779733192,1,user16
0.9903438268384582,1,user16
0.789771393366386,1,user16
0.5809087837056649,1,user16
0.7875302442232729,1,user16
0.7643950716813708,1,user16
0.8862509545705588,1,user16
0.7253506780345179,1,user16
0.7422875022803821,1,user16
0.5287083837834669,1,user16
0.38296862354946304,1,user16
0.41135800773805276,0,user16
0.3627113302406774,0,user16
0.7288173896904955,1,user16
0.816254412815749,1,user16
0.8230209342223741,1,user16
0.5349389294656688,1,user16
0.38671623205344346,1,user16
0.7458706754475248,1,user16
0.9062782561017627,1,user16
0.8838473548996794,1,user16
0.9000091433841969,1,user16
0.7664663334040956,1,user16
0.5597192172065006,0,user16
0.24268978720029913,0,user16
0.525564893647149,1,user16
0.9158289244719787,1,user16
0.5841868795253842,1,user16
0.7125700947581578,1,user16
0.7626286961624682,1,user16
0.7947310460229846,1,user16
0.44487619078596924,0,user16
0.8146770639458908,1,user16
0.5285313625458792,0,user16
0.5704375424856415,0,user16
0.7575491369626112,0,user16
0.7901306901702151,1,user16
0.6338448335679169,0,user16
0.7810467112605961,1,user16
0.8651492107730026,1,user16
0.8802986617060584,1,user16
0.8059784326470381,1,user16
0.7847808922889239,1,user16
0.8440571386327775,1,user16
0.6407459008556123,1,user16
0.7199976743315519,1,user16
0.7320565779043681,1,user16
0.7542642973050506,1,user16
0.6105685287569692,1,user16
0.7587837526784217,1,user16
0.7138426395010805,1,user16
0.823887867480052,1,user16
0.576032959504244,1,user16
0.921199770618542,1,user16
0.8028310436626693,1,user16
0.32899150561047963,0,user16
0.807410037730761,1,user16
0.7696102966261211,1,user16
0.8766083333729351,1,user16
0.8274050226682692,1,user16
0.7558043727541838,1,user16
0.682397914544875,1,user16
0.6802080348608233,1,user16
0.7760091394707374,1,user16
0.7751481192606366,1,user16
0.7423119754137769,1,user16
0.6964713838171772,1,user16
0.8538679079284472,1,user16
0.68579307633784,1,user16
0.817659758661025,1,user16
0.7536965221914131,1,user16
0.8619213300035102,1,user16
0.8088904456709054,1,user16
0.9269855139920595,1,user16
0.7090059087678268,1,user16
0.8164515854725707,1,user16
0.6731286377426529,0,user16
0.6658648198834999,0,user16
0.27707065254039615,0,user16
0.7078343078836581,1,user16
0.6777425556403474,1,user16
0.7899501675406768,1,user16
0.7608551354279698,1,user16
0.9144424434686822,1,user16
0.6493423057672795,1,user16
0.5957911677152661,1,user16
0.7821392026158778,1,user16
0.6729421668470842,1,user16
0.8771375452940247,1,user16
0.7552867972426321,1,user16
0.563844105179318,0,user16
0.8089211092252826,1,user16
0.9638289602739578,1,user16
0.981291404354831,1,user16
0.9467699098777426,1,user16
0.7500986439637095,1,user16
0.6674062433740718,1,user16
0.866102417059717,1,user16
0.9150530518419067,1,user16
0.9886288999095592,1,user16
0.3131111218397697,1,user16
0.7006053463447471,1,user16
0.8819451368468421,1,user16
0.9960695524951944,1,user16
0.9746353344937163,1,user16
0.6852279120149396,1,user16
0.8310036679605887,1,user16
0.8249207523483407,1,user16
0.7119647135347567,1,user16
0.6937386841036062,1,user16
0.8108537879717317,0,user16
0.4040036140428901,1,user16
0.7801779289468598,1,user16
0.7220354340076457,1,user16
0.7560941522969501,0,user16
0.39634904533753385,1,user16
0.46362558143119276,1,user16
0.47723489019768833,0,user16
0.46726520597428356,1,user16
0.6129774201761765,1,user16
0.5399509419345707,1,user16
0.33692998130656787,0,user16
0.40196895425505097,0,user16
0.5772236941083462,1,user16
0.2924909945255305,1,user16
0.5840839628711318,0,user16
0.9509756217327386,1,user16
0.8027206218553852,1,user16
0.7590882508082992,1,user16
0.6238362812280999,0,user16
0.6362229390804591,1,user16
0.6575295177313041,1,user16
0.7899883706523521,1,user16
0.8117467798417028,1,user16
0.8511103250361656,1,user16
0.8816903263798647,1,user16
0.39519351564166944,0,user16
0.4625751953908123,1,user16
0.48731739762817833,0,user16
0.7807977959661636,1,user16
0.8711578617194344,1,user16
0.7405954060437235,1,user16
0.7750014586796052,1,user16
0.5001254604457883,1,user16
0.8250674556737251,1,user16
0.8261778976931566,1,user16
0.9571773155942888,1,user16
0.7612845937077978,1,user16
0.837714051253595,1,user16
0.880474256470338,1,user16
0.8188684255686968,1,user16
0.6199704958041066,1,user16
0.35216958568153817,1,user16
0.7015616245118926,1,user16
0.805810832141576,0,user16
0.6202741167028976,1,user16
0.8473037298812284,1,user16
0.8321960704436656,1,user16
0.8425252793126452,1,user16
0.3619444973364953,1,user16
0.7817142882152055,1,user16
0.8182642157728592,1,user16
0.8066350527799766,1,user16
0.8078851812247286,1,user16
0.7690345805641576,1,user16
0.6343930187401821,1,user16
0.4996400793607986,1,user16
0.887783410065605,1,user16
0.7282369392564514,1,user16
0.8576533726030758,1,user16
0.9966034607357868,1,user16
0.7413876714015816,1,user16
0.9569840103059081,1,user16
0.7836791146821371,1,user16
0.6949900073172177,1,user16
0.7797913504427448,1,user16
0.8123474096574622,0,user16
0.47608551268508376,0,user16
0.37577276849257685,0,user16
0.5004001263692996,1,user16
0.7866754281929504,1,user16
0.7636604518961181,1,user16
0.7469493448206915,1,user16
0.7136707177562355,1,user16
0.6848964432702177,1,user16
0.7455056321576711,1,user16
0.8122251325623582,1,user16
0.34921293506730244,0,user16
0.9946789910009264,1,user16
0.6753807011138043,1,user16
0.7137503484917738,1,user16
0.8749922571755573,1,user16
0.6517032139652833,1,user16
0.8573738945181578,1,user16
0.8745922992126721,1,user16
0.7282480829334106,1,user16
0.768448411180872,1,user16
0.5832639914565074,1,user16
0.7763733670022941,1,user16
0.8425472305285006,1,user16
0.7887985194169537,1,user16
0.7081192982087214,1,user16
0.7966402061575005,1,user16
0.4316199829909865,0,user16
0.7755714511407478,1,user16
0.46547707849388986,0,user16
0.6441060701826709,1,user16
0.5465629718379542,1,user16
0.9114151163686919,1,user16
0.8411391353978781,1,user16
0.8774985845083669,1,user16
0.950210005009557,1,user16
0.5033453724765906,1,user16
0.4799629217820832,1,user16
0.4277537121881801,1,user16
0.6994861163018165,1,user16
0.3936705315144612,0,user16
0.41250838161606307,0,user16
0.7020648191398491,1,user16
0.5903369275289005,1,user16
0.8014241299382756,1,user16
0.3911822222212967,1,user16
0.8908341334727327,0,user16
0.8606476037175509,0,user16
0.5095087655869467,1,user16
0.8163833782468852,1,user16
0.7432570974785861,1,user16
0.8858941232173547,1,user16
0.33389935518763636,1,user16
0.7803805005482911,1,user16
0.8772185294526382,1,user16
0.4192064456572696,0,user16
0.5687554234694837,1,user16
0.7465012306858475,1,user16
0.39811622501687144,1,user16
0.8487848912420314,0,user16
0.5023523929005151,1,user16
0.9219783901888651,1,user16
0.43020103030382156,1,user16
0.75436081070169,1,user16
0.7488032339724486,1,user16
0.8002784682788384,1,user16
0.7643862438482515,1,user16
0.7622925137905907,1,user16
0.7223125857814159,1,user16
0.8352532592872206,1,user16
0.7274735500747496,1,user16
0.63969751045783,0,user16
0.25731700216119024,0,user16
0.38094010399979933,1,user16
0.8740006561144861,1,user16
0.8630270736579653,1,user16
0.7702880427129687,1,user16
0.8115026789615937,1,user16
0.7448150749321244,1,user16
0.2224366422515414,0,user16
0.5761006838996812,1,user16
0.5210714900644545,1,user16
0.7820809086409426,1,user16
0.7634118887464311,1,user16
0.8020428039021698,1,user16
0.8074470969692076,1,user16
0.7642634165439753,1,user16
0.880500757845807,1,user16
0.6787325285557857,1,user16
0.7012597999734335,1,user16
0.3533470452903101,1,user16
0.8101263849346477,1,user16
0.8143460361751088,1,user16
0.8523496384255296,1,user16
0.6215770159821143,1,user16
0.7799163110441403,1,user16
0.6417283525809043,0,user16
0.76039977507556,1,user16
0.8498205208275996,1,user16
0.6021043629356889,0,user16
0.574199987099578,0,user16
0.9000193921366387,1,user16
0.792739142124954,1,user16
0.7079967573970027,1,user16
0.7810601097377355,1,user16
0.7479089687111108,1,user16
0.41267829463306455,1,user16
0.586098144243583,0,user16
0.28684214574963873,0,user16
0.6866329588610574,1,user16
0.5234711277189716,1,user16
0.5011804557988472,1,user16
0.5592036132640819,1,user16
0.8554127983544065,1,user16
0.8020499725883418,1,user16
0.6945869943607196,0,user16
0.7249764107763526,1,user16
0.8468472381197383,1,user16
0.7821671943188595,1,user16
0.35779467201381443,1,user16
0.39400569525793466,0,user16
0.7689342362078982,1,user16
0.8020298265617715,1,user16
0.7180706074635762,1,user16
0.7733211546111702,1,user16
0.7608936819284953,1,user16
0.6434374553378309,0,user16
0.7871229211205496,1,user16
0.9033917540512973,1,user16
0.9296398147988729,1,user16
0.7230485135174518,1,user16
0.3790146139192639,0,user16
0.7945313447491805,1,user16
0.8182174939059706,1,user16
0.83235590203209,1,user16
0.7245995285359006,1,user16
0.8415373723364201,1,user16
0.31392788698094043,1,user16
0.7212705488130794,1,user16
0.9472808000784981,1,user16
0.7292794013741267,1,user16
0.5721990822932467,1,user16
0.8220173584810184,0,user16
0.46914047112954804,1,user16
0.8460581078599498,1,user16
0.8880915518385717,1,user16
0.9115382571488635,1,user16
0.7017089220561721,0,user16
0.4973173957260783,0,user16
0.5253364724755801,0,user16
0.6977916718638677,0,user16
0.3801513415440193,1,user16
0.356704093074168,0,user16
0.7794264258764859,1,user16
0.8728887605330008,1,user16
0.8639543131522907,1,user16
0.7977342388646825,1,user16
0.7269516188979578,1,user16
0.8277954162837686,1,user16
0.47614782079674256,1,user16
0.7329439867318053,1,user16
0.655179716540115,1,user16
0.6619847690145702,1,user16
0.7137023930569683,1,user16
0.6787501397756441,1,user16
0.675438527736136,1,user16
0.8046865144362598,1,user16
0.6783413126932833,1,user16
0.6657351026728807,1,user16
0.8754122717437539,1,user16
0.6717040347927022,1,user16
0.6671491652497012,1,user16
0.6803728842428561,1,user16
0.8881663755585001,1,user16
0.8541273999685413,1,user16
0.8720054407345653,1,user16
0.8550775159814238,1,user16
0.8673498043502904,1,user16
0.6762572891669895,1,user16
0.6704270638368052,1,user16
0.6556702257412226,1,user16
0.7313227826076966,1,user16
0.8953043277497048,1,user16
0.6822225691497743,1,user16
0.6819944988608867,1,user16
0.8783580478495849,1,user16
0.7730588596667,1,user16
0.4882653598115937,0,user16
0.45899088444168795,1,user16
0.8006355357657228,1,user16
0.8377753523297365,1,user16
0.7887701616981435,1,user16
0.4435568742109009,1,user16
0.7187544485179191,1,user16
0.5914037431071062,0,user16
0.7222907780365199,1,user16
0.7995468850337689,1,user16
0.7422058345387712,1,user16
0.9800222653185828,1,user16
0.8163067929073929,1,user16
0.726083296177617,0,user16
0.7678812907562249,0,user16
0.4238719802480545,1,user16
0.6854438195951897,1,user16
0.6779444531785226,1,user16
0.678952628024256,1,user16
0.2924706774167268,0,user16
0.4963128673519153,1,user16
0.32853798396206296,0,user16
0.743276065436075,1,user16
0.7190354585996573,1,user16
0.28996703167853755,1,user16
0.897185520668908,1,user16
0.892231300956078,1,user16
0.24624250032218803,0,user16
0.5343303911574738,0,user16
0.44670736505415476,1,user16
0.5938097501024285,0,user16
0.3002382664873373,1,user16
0.6247244055960804,1,user16
0.3170360672825329,0,user16
0.2793091698721784,0,user16
0.37942198137693683,0,user16
0.5192147824371359,1,user16
0.3982641632526962,0,user16
0.5245206307629585,0,user16
0.7512330246200731,0,user16
0.8185459694547692,0,user16
0.37602250251313674,0,user16
0.9002294398695369,1,user16
0.820155395121562,1,user16
0.5684641328398584,0,user16
0.4987000411423626,1,user16
0.832017258143327,1,user16
0.6810845250290826,1,user16
0.7392290207840216,1,user16
0.9506498538588632,1,user16
0.7814085653616719,1,user16
0.6752716819858817,1,user16
0.6747039473435482,1,user16
0.7140991924766814,1,user16
0.43819249362969664,1,user16
0.8847155387140485,1,user16
0.6866410929271771,1,user16
0.6759000855191811,1,user16
0.6442333836707017,1,user16
0.41019937277939594,0,user16
0.8705433520944584,1,user16
0.7589965947643198,1,user16
0.7377762299041722,1,user16
0.6913588410479881,1,user16
0.66559234761165,1,user16
0.3788328908153608,1,user16
0.519731961947766,0,user16
0.4003159572560159,0,user16
0.7509841063524546,1,user16
0.36145802423947465,1,user16
0.6740333145235944,1,user16
0.6822524181932221,1,user16
0.7160542695678249,1,user16
0.3532842689394054,0,user16
0.605820151059442,1,user16
0.8034524282086247,1,user16
0.7179314797278074,1,user16
0.9289121709570003,0,user16
0.4870199902578938,0,user16
0.928960637564435,1,user16
0.7985057743098244,1,user16
0.3768666239240283,0,user16
0.6522321828949571,0,user16
0.4435194385313038,0,user16
0.8607944974049659,1,user16
0.6719514976711016,1,user16
0.893179585881537,1,user16
0.6910761976628486,1,user16
0.6794126898347285,1,user16
0.6148872822414019,0,user16
0.4451167938843655,1,user16
0.7925798082297154,1,user16
0.8694774163026436,1,user16
0.676867033570505,1,user16
0.842661274320434,0,user16
0.8250348707403811,0,user16
0.40157593548851517,1,user16
0.5155433817616858,0,user16
0.5974204311653973,0,user16
0.40544173823663415,0,user16
0.6795916692905768,1,user16
0.3973184862176525,1,user16
0.7921747330808149,1,user16
0.7105096067547992,1,user16
0.7004307348948078,1,user16
0.8492485415437012,1,user16
0.8581870853956055,1,user16
0.8434937796655767,1,user16
0.8115151629735313,1,user16
0.452981826793725,0,user16
0.2937262177163155,0,user16
0.5624046117876541,1,user16
0.49968377618159077,1,user16
0.47173989222171586,0,user16
0.44304078649051354,0,user16
0.6050996438118085,1,user16
0.7956972239462311,0,user16
0.3362984182446874,0,user16
0.7797430904818292,1,user16
0.8524010217224807,1,user16
0.7636251886060093,1,user16
0.8820524876966587,1,user16
0.7263158118882304,1,user16
0.7777239789597215,1,user16
0.5236073224014366,1,user16
0.3230938182536605,1,user16
0.4677717650097783,1,user16
0.3889380572028946,0,user16
0.7146544753735649,1,user16
0.897191572405048,1,user16
0.7867126313563894,1,user16
0.7743266986196501,1,user16
0.7906532521423648,1,user16
0.9451231417442079,1,user16
0.8253351808035638,1,user16
0.8270749443682524,1,user16
0.7328474072910578,1,user16
0.753682216423455,1,user16
0.32993070672050867,0,user16
0.7011928661031772,1,user16
0.7175804946413613,1,user16
0.8264127325268481,1,user16
0.757630627404039,1,user16
0.5383646998587361,1,user16
0.3685269757314629,1,user16
0.6133790946337031,1,user16
0.43592089462554634,1,user16
0.7316184061877967,1,user16
0.8300694111637128,1,user16
0.7416793696165344,1,user16
0.8402751493755463,0,user16
0.4041188679535461,0,user16
0.7308316865830997,1,user16
0.8376778332666993,1,user16
0.6971368670311556,1,user16
0.3373082237038517,0,user16
0.7874749071281443,1,user16
0.6876415871349408,1,user16
0.9612272463942494,1,user16
0.8984702273484177,1,user16
0.7367158591131361,1,user16
0.7832201264979843,1,user16
0.7419958816791996,1,user16
0.8268546097949497,1,user16
0.7241501687388294,1,user16
0.8125290142003618,1,user16
0.9547419285308646,1,user16
0.5901794155840725,0,user16
0.597486067752266,0,user16
0.7708692990505361,0,user16
0.7366392243633451,1,user16
0.7458663788222069,1,user16
0.774237454175725,1,user16
0.7073793455165908,1,user16
0.6165480504268239,0,user16
0.3847834590180409,0,user16
0.2523233892546356,1,user16
0.27271227825583877,1,user16
0.7105871111427956,1,user16
0.36296988935126967,0,user16
0.6319414931344425,1,user16
0.8289632627862582,1,user16
0.8598558047176131,1,user16
0.7818782261454148,1,user16
0.8693535342148128,1,user16
0.26829343783848586,1,user16
0.7219385134386732,1,user16
0.8042614498932412,1,user16
0.617091960986626,0,user16
0.4360416107380044,1,user16
0.7795963440275193,1,user16
0.7259304782060682,1,user16
0.7481435661715802,1,user16
0.43906985489170325,0,user16
0.6022865189392684,1,user16
0.8065764021388369,1,user16
0.3456539712209331,0,user16
0.437190751191876,0,user16
0.7450498655619165,1,user16
0.6576090137336155,1,user16
0.6804604749114018,1,user16
0.8997143689210126,1,user16
0.8217296085146207,1,user16
0.31630282138676064,0,user16
0.32878217013372796,0,user16
0.34173580329409464,0,user16
0.5101915323194834,1,user16
0.7382228725449275,1,user16
0.8096171040979298,1,user16
0.6891478505716787,1,user16
0.5154641239929338,1,user16
0.7500687702206951,1,user16
0.36380743340680355,0,user16
0.29691359916463955,0,user16
0.5267012193171406,1,user16
0.48307623471819533,1,user16
0.9089385896126589,1,user16
0.27147965924306516,0,user16
0.6746487751626999,1,user16
0.6811873698454677,1,user16
0.6138328326332493,1,user16
0.4961874332269027,0,user16
0.4223105094953105,0,user16
0.34049767054565805,0,user16
0.34772972948822645,1,user16
0.6883573272180188,0,user16
0.7430880947403585,0,user16
0.3379058560567365,0,user16
0.7585493426936338,1,user16
0.2104330591534255,0,user16
0.26984148560870164,0,user16
0.7601264372264771,0,user16
0.880762607512676,0,user16
0.7166396273847659,0,user16
0.8540001398590332,1,user16
0.7913731525237483,1,user16
0.7149159867789997,1,user16
0.8981483031408213,1,user16
0.8369051188987603,1,user16
0.8388797716888106,1,user16
0.5651163381914508,0,user16
0.3393557540392717,0,user16
0.709755048190294,1,user16
0.7195280715944835,1,user16
0.7289143094063939,1,user16
0.6815485488698194,0,user16
0.4253166719086723,1,user16
0.7298011382242943,1,user16
0.4932730110148222,1,user16
0.7236992585746078,1,user16
0.5053334532704397,0,user16
0.5511485564122449,1,user16
0.43450361868258225,1,user16
0.5387556527053348,0,user16
0.47155197258262094,0,user16
0.23360938006976606,0,user16
0.4887118940461604,0,user16
0.6504545132409736,1,user16
0.8518690970662097,0,user16
0.6896290836366382,1,user16
0.41541000610885315,1,user16
0.3051011299322237,0,user16
0.7578424584692784,1,user16
0.6499599809910724,1,user16
0.7672938176244406,1,user16
0.9237595116469945,1,user16
0.9859804155246101,1,user16
0.3786094666152399,0,user16
0.6777079656834802,1,user16
0.2702222138141004,0,user16
0.3468181567947574,0,user16
0.8484452172516407,1,user16
0.7056228195971832,1,user16
0.2980582630955408,1,user16
0.754160013239707,1,user16
0.8288562353585751,0,user16
0.37757835414081287,0,user16
0.3717445137046027,0,user16
0.6468113369832714,0,user16
0.7681303904425254,0,user16
0.368363410613634,1,user16
0.2592434558342637,1,user16
0.67836561489327,0,user16
0.7324046576036516,1,user16
0.6932938114740862,1,user16
0.7931129748284184,1,user16
0.8710710830312891,1,user16
0.40881480507477563,1,user16
0.6118959943925802,1,user16
0.8392067990515314,1,user16
0.8524367490643483,0,user16
0.774993622196519,0,user16
0.7903591592938329,1,user16
0.7292899318268765,1,user16
0.3539657245136971,0,user16
0.4404983284942087,1,user16
0.763714044125728,0,user16
0.5882787063162472,1,user16
0.7184036990848078,1,user16
0.5926868518278239,1,user16
0.8031604367385557,1,user16
0.4352116477504768,1,user16
0.620977363487442,1,user16
0.7084802756377582,1,user16
0.8523521089049576,1,user16
0.9299792465869228,1,user16
0.5740494396972711,1,user16
0.8758630519694809,1,user16
0.7946893460969028,1,user16
0.7634074569116991,1,user16
0.8753294048412069,1,user16
0.901650494956441,1,user16
0.7452958995799616,0,user16
0.3597149068809417,1,user16
0.8854525037727262,1,user16
0.9248650468398854,1,user16
0.8309004434726998,1,user16
0.9440550993493706,1,user16
0.9793640375734903,1,user16
0.9010692328432716,1,user16
0.8115024815785762,1,user16
0.8643429662454593,1,user16
0.6946786104491115,1,user16
0.6874269158994456,1,user16
0.8422673612874367,1,user16
0.8036987672149071,1,user16
0.8526917554484622,1,user16
0.828159778092075,1,user16
0.8292666790496696,1,user16
0.42371236521930183,1,user16
0.2584697577612485,0,user16
0.6445362276262907,1,user16
0.7289693408928888,1,user16
0.7647508097535772,1,user16
0.48555799033676,1,user16
0.2418967316532815,1,user16
0.2601206888377482,1,user16
0.37611213442882196,1,user16
0.2582383081938379,0,user16
0.6018376225922207,0,user16
0.5215364943614627,1,user16
0.6604943072606476,0,user16
0.6795800638417709,1,user16
0.9906859825026552,1,user16
0.9458396473008976,0,user16
0.3627284382774711,0,user16
0.3116558186801165,0,user16
0.48451625667301135,1,user16
0.7462984248188714,1,user16
0.5769160207213847,1,user16
0.5393602788152866,1,user16
0.6981431429632109,1,user16
0.5441336649206605,0,user16
0.7445006667231594,1,user16
0.7396496343692536,1,user16
0.6998875715792534,1,user16
0.6945839110557205,1,user16
0.404112319242731,0,user16
0.4406396614576452,0,user16
0.5942888227561537,0,user16
0.7372264695904146,1,user16
0.8513196754500036,1,user16
0.8317789684116963,1,user16
0.7823965133272133,1,user16
0.7040082954020614,1,user16
0.44566986927040875,0,user16
0.3234739425067641,1,user16
0.8471417475253241,1,user16
0.9724433364066901,1,user16
0.6755957044788516,1,user16
0.35790013209328064,0,user16
0.35602151625251793,1,user16
0.7623430770681764,1,user16
0.5241046982994555,1,user16
0.5668345080221994,1,user16
0.8998663977856644,1,user16
0.8682769317159239,1,user16
0.8223168500364406,1,user16
0.7161924263009489,1,user16
0.734009317792267,1,user16
0.9319088162522375,1,user16
0.3355242602124755,1,user16
0.33919289394134294,0,user16
0.6132935024184706,1,user16
0.534394345124888,1,user16
0.7892389821860333,1,user16
0.6782339291510551,1,user16
0.684424525531447,1,user16
0.7561834388433939,1,user16
0.46533504665280034,0,user16
0.7267482758225443,1,user16
0.44360818444836214,1,user16
0.7005723691438971,1,user16
0.7308429386533003,1,user16
0.7430458700181999,1,user16
0.29840118601112464,1,user16
0.6596341315303061,0,user16
0.7905141154830826,1,user16
0.8346825961777374,1,user16
0.7670843559626871,1,user16
0.33493733146508303,0,user16
0.6526182143015876,0,user16
0.5972282789669044,1,user16
0.6945927525637633,1,user16
0.8635016418801922,1,user16
0.5539687855347827,1,user16
0.9867682294673552,1,user16
0.9112679203664588,1,user16
0.4041929534693995,1,user16
0.8589868651472767,1,user16
0.8233526536632384,1,user16
0.40381229150926207,1,user16
0.42204956614036426,0,user16
0.7373129919639451,1,user16
0.9355587981328756,1,user16
0.4697308586741507,1,user16
0.7206879314714494,1,user16
0.791259137749568,1,user16
0.7988029252048635,1,user16
0.49819374532232535,1,user16
0.8270371772399919,1,user16
0.823404938329152,1,user16
0.26665621883282387,0,user16
0.7441343893482869,0,user16
0.4859892114030579,1,user16
0.5002811984401181,1,user16
0.861631160895918,1,user16
0.7909252964734732,1,user16
0.6857813716842664,1,user16
0.6847087567814574,1,user16
0.6866850195066839,1,user16
0.6613451451777342,1,user16
0.5379130279911799,0,user16
0.4318260274647055,0,user16
0.9019190623765398,1,user16
0.7413008322177949,1,user16
0.5572460451182052,0,user16
0.7686269248690348,1,user16
0.846072102444226,1,user16
0.7804587180437038,1,user16
0.6948929564612206,1,user16
0.7840322471554418,1,user16
0.3318912968194398,1,user16
0.6694786363154024,1,user16
0.5373864930880431,0,user16
0.70636778027608,1,user16
0.6941954288771444,1,user16
0.892848602668002,1,user16
0.8102676762640684,1,user16
0.34020224720425374,1,user16
0.8875755625304315,1,user16
0.7711275441821205,1,user16
0.813795844782418,1,user16
0.6393380999031233,1,user16
0.599626370058307,1,user16
0.75551367647011,1,user16
0.9640439983913212,1,user16
0.6807920876655803,1,user16
0.6807301903192481,1,user16
0.8234652207045694,1,user16
0.7092408975190017,1,user16
0.6201496882887608,0,user16
0.3547935359994978,0,user16
0.5068928606736336,1,user16
0.45710361131681976,0,user16
0.6822023304299736,1,user16
0.8304554838530023,1,user16
0.44575446152956955,0,user16
0.596304078285858,1,user16
0.6630081794963789,1,user16
0.8303074132320861,1,user16
0.3497528182499721,1,user16
0.3647211040771584,0,user16
0.571635749411985,0,user16
0.4932549300300054,1,user16
0.4536647463992639,1,user16
0.8677602732867906,1,user16
0.6975980355859335,1,user16
0.5618967537870403,0,user16
0.5800391827119661,1,user16
0.7677765313257798,1,user16
0.7926237070476148,1,user16
0.9315225665039999,1,user16
0.9097755175809921,1,user16
0.6818411485810916,1,user16
0.7272803955599972,1,user16
0.7275648300298998,1,user16
0.4520456588275478,1,user16
0.43968201486108555,0,user16
0.5723218278465158,1,user16
0.6300892069232967,1,user16
0.8670874900540653,1,user16
0.698069748272075,0,user16
0.9427716800746051,1,user16
0.7783144754771563,1,user16
0.8542937700941274,0,user16
0.6983356132971501,1,user16
0.33025681235644644,0,user16
0.8507092731034024,1,user16
0.8246229767910136,1,user16
0.801626458304471,0,user16
0.860776262281724,1,user16
0.7985210078224613,1,user16
0.7550579507081642,1,user16
0.7918270214119169,1,user16
0.8613223577033732,1,user16
0.9071491789888414,1,user16
0.9216532970185579,1,user16
0.8121195341736344,1,user16
0.3474766478804199,1,user16
0.8168121613690481,1,user16
0.87279686433256,1,user16
0.9386326962769851,1,user16
0.8074757057220794,1,user16
0.9375874612480619,1,user16
0.4267917540735597,1,user16
0.823788908621681,1,user16
0.820137035350284,1,user16
0.800582650665185,1,user16
0.6820613504695459,1,user16
0.6809841608831924,1,user16
0.5285117718712339,1,user16
0.7961483282972207,1,user16
0.7171607082923532,1,user16
0.6686121702608525,1,user16
0.7325764976303388,1,user16
0.7348973661294629,1,user16
0.85757963694807,1,user16
0.9378943513369116,1,user16
0.36050698031636874,1,user16
0.7173823695303453,1,user16
0.6229739353293119,1,user16
0.7488897428045805,1,user16
0.7505157521497281,1,user16
0.7355952676819572,1,user16
0.8934047897903972,1,user16
0.7608058319935987,1,user16
0.4135913829464242,0,user16
0.3990063799515917,1,user16
0.8054741529316644,1,user16
0.6736646456999963,1,user16
0.37153285332166736,0,user16
0.41338897499190747,0,user16
0.5492872427146058,1,user16
0.781117497965932,1,user16
0.7913554820535009,1,user16
0.869256183039557,1,user16
0.778066538010897,1,user16
0.674399582338699,0,user16
0.4205250702341001,1,user16
0.43133362794819585,1,user16
0.7758155201648829,1,user16
0.8211458057515342,1,user16
0.873805533065366,1,user16
0.7735941752748418,1,user16
0.8820552430049518,1,user16
0.7523410299545726,1,user16
0.7781356866104586,1,user16
0.7671022980241169,1,user16
0.4726986850791759,1,user16
0.7026732026602104,1,user16
0.7932619420027734,1,user16
0.6928905758102213,1,user16
0.7677510963196539,1,user16
0.3295813558025481,0,user16
0.3011498503215591,1,user16
0.2946149906000056,0,user16
0.48458577358635035,0,user16
0.43717873623289194,0,user16
0.2894952715369929,0,user16
0.5259696249325753,0,user16
0.36957542145202055,1,user16
0.8077025413645921,1,user16
0.8121929799141302,1,user16
0.3086624766076186,1,user16
0.8386420445607226,1,user16
0.8661447738477103,0,user16
0.6294209799227155,0,user16
0.42144206526062505,1,user16
0.7866662286354783,1,user16
0.7731592062396125,1,user16
0.41473429360389574,0,user16
0.460483730475037,0,user16
0.3205881918348435,0,user16
0.7800532393391596,1,user16
0.5299707816923916,0,user16
0.4066035115975884,0,user16
0.7482683423084459,1,user16
0.7342684085799852,1,user16
0.7456079696014499,1,user16
0.7089004796674478,1,user16
0.9077075371489703,1,user16
0.720706179334361,1,user16
0.9391937131284386,1,user16
0.787358156771582,1,user16
0.7175521640614136,1,user16
0.38732952964281314,0,user16
0.5114168306358735,0,user16
0.5178610112313508,1,user16
0.4227722652268175,1,user16
0.7507355003223256,0,user16
0.3640491115224381,0,user16
0.42798310490940916,1,user16
0.5205901776902375,0,user16
0.45713073176087526,0,user16
0.35683906045356667,0,user16
0.23713154844650505,0,user16
0.27289882156603246,0,user16
0.36977034278383514,0,user16
0.35279447649673273,0,user16
0.4596535071994754,0,user16
0.33654679306433427,0,user16
0.2933043645077975,0,user16
0.24210291353239496,0,user16
0.6308205044678786,0,user16
0.6841043646461736,0,user16
0.7693262011201922,1,user16
0.5431969706232546,1,user16
0.6760032082872365,1,user16
0.4615546727416895,0,user16
0.4007515825229074,1,user16
0.9282614576857775,1,user16
0.8543400526169249,1,user16
0.2842043939873689,0,user16
0.2871528466668813,0,user16
0.7202510187846805,1,user16
0.4595854519956123,0,user16
0.49622082183846833,1,user16
0.45118511582022564,0,user16
0.3766248372634778,0,user16
0.7527548079673655,1,user16
0.5403952118836398,0,user16
0.5422742424494323,1,user16
0.4545210850910328,0,user16
0.3594470493188786,0,user16
0.32069578638770874,0,user16
0.4135651114867449,0,user16
0.3819544001664811,0,user16
0.6549302524765862,1,user16
0.6793323648907738,1,user16
0.6474915935552509,1,user16
0.7369236117845355,1,user16
0.7745847722701821,1,user16
0.6479936992286761,1,user16
0.6177287250187642,0,user16
0.7284536605795383,1,user16
0.682169425918532,1,user16
0.6806066970198155,1,user16
0.7178145418585343,1,user16
0.538590347133373,1,user16
0.38584285563619497,0,user16
0.9414240801630273,1,user16
0.9536951082799718,1,user16
0.682720734529822,1,user16
0.6826448222991294,1,user16
0.681847819229898,1,user16
0.6664623171062082,1,user16
0.6789582379424955,1,user16
0.9324673064166904,1,user16
0.8445937995139208,1,user16
0.4129733702707154,0,user16
0.6985456011282704,1,user16
0.3515019112199663,0,user16
0.28702773494708833,0,user16
0.44659185726113687,0,user16
0.8052101317983159,0,user16
0.7575404600249575,1,user16
0.7366980951558361,1,user16
0.7435853715211228,1,user16
0.7415769405139585,1,user16
0.6400015221747474,1,user16
0.8960003611070786,1,user16
0.8998358969810012,1,user16
0.8944039414212945,1,user16
0.41493991331010655,1,user16
0.6198867971188144,0,user16
0.4240029808747754,1,user16
0.8274361794871299,1,user16
0.71882176161079,1,user16
0.6208015210452114,1,user16
0.9478589569449377,1,user16
0.7293001089555653,1,user16
0.7911839099736537,1,user16
0.8523243085604446,1,user16
0.7128806435896837,1,user16
0.9021703242053839,1,user16
0.8303129961892217,1,user16
0.738967313124875,1,user16
0.729525188281365,1,user16
0.3807040568565074,1,user16
0.5418824544344831,1,user16
0.7115074087071175,1,user16
0.8916940389889348,1,user16
0.8283691713324265,1,user16
0.76412943969598,1,user16
0.8320670453727435,1,user16
0.8639755403562501,1,user16
0.8672362067714032,1,user16
0.8122110765122159,1,user16
0.681484894375117,1,user16
0.9491972612742295,1,user16
0.8755209466323968,1,user16
0.5597417826293781,0,user16
0.4130158736756636,0,user16
0.21282147711298313,1,user16
0.7396470272526517,1,user16
0.6986208164548023,1,user16
0.6810375181388033,1,user16
0.6821864586858296,1,user16
0.6806034832709715,1,user16
0.6937718355145338,1,user16
0.7811542794615374,1,user16
0.8381102304987877,1,user16
0.7459362656396358,1,user16
0.6998334466560645,1,user16
0.24084223143575828,1,user16
0.34635479477822256,1,user16
0.4827713038225775,1,user16
0.6066725295488792,0,user16
0.262613792021863,0,user16
0.7702354716763128,1,user16
0.8024817714239593,1,user16
0.3649253347478992,1,user16
0.35196732393571306,0,user16
0.8776622652072577,1,user16
0.7612764515802214,1,user16
0.5210457427413191,0,user16
0.5744178611262686,1,user16
0.3206077606191662,0,user16
0.5516879217603246,1,user16
0.2874154130665548,1,user16
0.4147507292171054,0,user16
0.9055509582731925,1,user16
0.7217639033436472,1,user16
0.7017754897579601,1,user16
0.43200927528028754,1,user16
0.6269357557117692,0,user16
0.6022315175410166,1,user16
0.457646073384128,1,user16
0.3855360278150173,1,user16
0.3126012432241707,1,user16
0.5427255968983143,0,user16
0.7714471666633302,1,user16
0.7655817662609744,1,user16
0.7399129785591247,1,user16
0.6898900072100029,1,user16
0.7231338903895538,1,user16
0.5945422289713522,1,user16
0.7933854786319632,1,user16
0.4833983593915535,1,user16
0.9381309349985998,1,user16
0.23005098235768254,1,user16
0.4658803403212619,1,user16
0.7450452613947012,0,user16
0.3724433277504511,0,user16
0.5549325504390424,0,user16
0.7849074269558636,1,user16
0.7511651244954088,1,user16
0.34352710907247835,1,user16
0.8916835576815242,0,user16
0.7341099463391461,1,user16
0.6688424773669442,1,user16
0.6815431044018423,1,user16
0.6751448676706623,1,user16
0.8563383366553977,1,user16
0.9250202766229625,1,user16
0.6942016365056514,1,user16
0.6819270324438003,1,user16
0.688085061255782,1,user16
0.7246417338198505,1,user16
0.3662928170449183,1,user16
0.7089129499730084,1,user16
0.5297830102252412,0,user16
0.6284492186205061,0,user16
0.7980003821803764,1,user16
0.7053188437627512,1,user16
0.8156694191553328,1,user16
0.352378489870671,0,user16
0.7845088152608696,1,user16
0.9162197682595551,1,user16
0.8627779152196657,1,user16
0.8361696308691433,1,user16
0.20959067057819858,0,user16
0.5065793055101233,0,user16
0.5178533159378977,0,user16
0.8508288548852934,1,user16
0.7405867704494861,1,user16
0.6936799433888717,1,user16
0.682441267881599,1,user16
0.7329861114485401,1,user16
0.5843438784740363,1,user16
0.7060249012962335,1,user16
0.46282742965129325,0,user16
0.23119217376554727,0,user16
0.7713369522517213,1,user16
0.9678525379189795,1,user16
0.4545878377886412,1,user16
0.7527881097324935,1,user16
0.6239572452141591,1,user16
0.7451200664729816,1,user16
0.7574105205444174,0,user16
0.3058412596910216,0,user16
0.40062054993959906,0,user16
0.5978045227229296,0,user16
0.8093145860868493,1,user16
0.2777521313399282,0,user16
0.45352763286221903,0,user16
0.5785046736941593,0,user16
0.8411744540760427,1,user16
0.9772243303011878,1,user16
0.8199287308591836,1,user16
0.773861761447798,1,user16
0.28329402541860105,1,user16
0.29633778522231236,0,user16
0.8167739263851935,1,user16
0.7617917955745623,1,user16
0.79342967856322,1,user16
0.7316253477853588,0,user16
0.4263618617271789,1,user16
0.5107847204741481,1,user16
0.4364360061284244,0,user16
0.4482378027879821,0,user16
0.22905884889545886,0,user16
0.8436847658007552,1,user16
0.864220669374557,1,user16
0.4849688236929266,0,user16
0.8618193569657089,1,user16
0.6391033396450715,1,user16
0.39708303708251513,1,user16
0.36064369571574795,1,user16
0.7699531383118317,0,user16
0.39508883451722776,0,user16
0.6710934698358999,1,user16
0.5697175092453383,1,user16
0.6261827991366393,1,user16
0.7791698580967241,1,user16
0.8257353786863738,1,user16
0.6978077891042604,0,user16
0.6882884129066349,1,user16
0.37732176685429447,0,user16
0.7537170406822699,1,user16
0.7578800731077907,1,user16
0.40531129569969354,0,user16
0.8385020220849277,1,user16
0.4618001265665707,1,user16
0.6691878984974495,1,user16
0.7552256796380479,1,user16
0.6089665579889286,1,user16
0.6141492402082821,1,user16
0.8128501340092142,0,user16
0.5582312623642113,1,user16
0.7495861080855313,1,user16
0.8058574734656372,1,user16
0.4252621663958934,0,user16
0.4429133863984955,0,user16
0.5694894731695542,0,user16
0.442895379797346,0,user16
0.4263169683692728,1,user16
0.5238874973375777,1,user16
0.795498090806608,1,user16
0.738015646398145,1,user16
0.7344887390964829,1,user16
0.8058674045361341,0,user16
0.6799490794441311,1,user16
0.679643086471458,1,user16
0.7836113771571037,1,user16
0.8675066430238173,1,user16
0.7048309284233674,1,user16
0.8100081499001611,1,user16
0.7737300536773789,1,user16
0.3604049353951895,0,user16
0.7562675075505688,1,user16
0.714012439966585,1,user16
0.7598576986708807,1,user16
0.6675140819958746,1,user16
0.7705233623152998,1,user16
0.8399758215098518,1,user16
0.7425108076704758,1,user16
0.5392370422523491,0,user16
0.9880048122326129,1,user16
0.8942609416192743,1,user16
0.8084673980433775,0,user16
0.8107707327597247,1,user16
0.721706162742847,1,user16
0.7205986537841088,1,user16
0.5449513760417658,1,user16
0.41132821884361903,0,user16
0.5908653705645758,0,user16
0.9079187204713941,1,user16
0.8811783789588153,1,user16
0.8912378087836279,1,user16
0.8021777470956393,1,user16
0.9562244793061871,1,user16
0.6555465851735489,1,user16
0.6637413462356317,1,user16
0.7806324832160676,1,user16
0.828194031934916,1,user16
0.8843045704449317,1,user16
0.8465821219058812,1,user16
0.770672927136379,1,user16
0.7602123539188848,1,user16
0.6730704531452901,1,user16
0.755559321319986,1,user16
0.5518388433984206,1,user16
0.8180489469126677,1,user16
0.7948915295374686,1,user16
0.7728392606813249,1,user16
0.7607220334627345,1,user16
0.847428735809265,1,user16
0.8989089105323806,1,user16
0.8966800180306476,1,user16
0.7723125618604342,1,user16
0.7632860464200689,1,user16
0.7128676977042518,1,user16
0.5332329543129064,1,user16
0.5731765252978925,1,user16
0.5033146869699222,0,user16
0.3670824106637376,0,user16
0.8198457999339558,0,user16
0.3477579944904195,1,user16
0.6332072949349739,0,user16
0.272044023975423,1,user16
0.8223844894827919,1,user16
0.8404276638009947,1,user16
0.7006211772779745,1,user16
0.5704091962270078,1,user16
0.3909061582055541,1,user16
0.8702193030360678,1,user16
0.3020667273179986,1,user16
0.8078182866327743,1,user16
0.5827694418813887,0,user16
0.7585467965691758,0,user16
0.4147948630031784,1,user16
0.8051346022639216,1,user16
0.9427406849169,1,user16
0.8871766346189991,1,user16
0.7595276903642626,1,user16
0.7088868698152949,1,user16
0.8089064191612124,1,user16
0.5716220785277801,0,user16
0.5389987339411082,1,user16
0.8415919304687318,1,user16
0.864994597181449,1,user16
0.7228317790601766,1,user16
0.6959273703491831,1,user16
0.7917305557385254,1,user16
0.8797271095057124,1,user16
0.8561523867867487,1,user16
0.7306372164870908,1,user16
0.6938210272413561,1,user16
0.900341875423334,1,user16
0.8063068018513605,1,user16
0.7361453801137179,1,user16
0.8198685331831569,1,user16
0.9408904424300634,1,user16
0.9446819950582179,1,user16
0.8388033001341041,1,user16
0.7874886883241194,1,user16
0.8102560815615971,1,user16
0.8208210824406493,1,user16
0.682214507693341,1,user16
0.6810189674847796,1,user16
0.6809096992813757,1,user16
0.7877303291918775,1,user16
0.7969281902766203,1,user16
0.6915518872990697,1,user16
0.5143343395423572,0,user16
0.789244683291649,1,user16
0.993435385073116,1,user16
0.5265326643798632,0,user16
0.3478309170416385,0,user16
0.265387918652151,0,user16
0.37290403798777105,1,user16
0.896478991521096,1,user16
0.7780433750410981,1,user16
0.7987333702528411,1,user16
0.8635713069266694,1,user16
0.6574649996395416,1,user16
0.8358226887999473,1,user16
0.38929631296919315,1,user16
0.7590981722081048,1,user16
0.8696224132556962,1,user16
0.7584145845575256,1,user16
0.4880074926711394,0,user16
0.7117972501444305,0,user16
0.4622466780523008,1,user16
0.9657171442353298,1,user16
0.7477705036990643,1,user16
0.989882719653713,1,user16
0.9646943474655131,1,user16
0.7811558428944029,1,user16
0.44733814461707705,0,user16
0.6502005496541743,1,user16
0.37887197302252074,0,user16
0.42834776161212484,0,user16
0.7742425563327248,1,user16
0.39126600712750653,0,user16
0.6916574616345393,1,user16
0.8721340844847397,1,user16
0.774506519192912,1,user16
0.7001404776837735,1,user16
0.8911252938582478,1,user16
0.8933559022103299,1,user16
0.8865481584439849,1,user16
0.3575778516929478,0,user16
0.5683549409195553,1,user16
0.3596628770284119,0,user16
0.7769776486365786,1,user16
0.759870735290796,1,user16
0.6792437975926967,1,user16
0.9033004922588836,1,user16
0.34804641794348,0,user16
0.2928057217372131,1,user16
0.8653155810290588,1,user16
0.8881050975420647,1,user16
0.6319981792517024,1,user16
0.6983977119133795,1,user16
0.7027731294722782,1,user16
0.7746569890221133,1,user16
0.8120982488181729,1,user16
0.8147968000894457,1,user16
0.8289669252360784,1,user16
0.5105991494921596,0,user16
0.4291564326275967,0,user16
0.5572600448422921,0,user16
0.2999071420890136,0,user16
0.4410622574167477,0,user16
0.7689042064303004,1,user16
0.7911627233117742,1,user16
0.9377465254465203,1,user16
0.8160716245284105,0,user16
0.8709104130376529,1,user16
0.7383579810511758,1,user16
0.295914041566229,1,user16
0.8094242115460227,1,user16
0.8506806244889591,1,user16
0.8340588478977493,1,user16
0.994912998641338,1,user16
0.7961917274138247,1,user16
0.7457017433762124,1,user16
0.8412844320069821,1,user16
0.7184479173527835,1,user16
0.3422352933060308,1,user16
0.4227356065191864,0,user16
0.6302107529171539,0,user16
0.3759835518011252,0,user16
0.8794154749160425,1,user16
0.780010862534336,1,user16
0.9115441131633002,1,user16
0.7571058259475748,1,user16
0.7014338087151463,1,user16
0.8534209856834644,1,user16
0.6463163634463265,1,user16
0.6450710731893015,1,user16
0.6756097262258289,1,user16
0.7585492730658279,1,user16
0.6037919076367793,1,user16
0.7437956370281351,1,user16
0.7913253401401346,1,user16
0.29138504840843493,0,user16
0.6219278954635481,0,user16
0.3736930810539214,0,user16
0.3151360051563985,0,user16
0.6688644578402774,0,user16
0.8817841533992862,1,user16
0.7888388776711559,1,user16
0.4407392976844995,0,user16
0.6335031739337283,1,user16
0.6383884995227294,1,user16
0.8186691791185856,1,user16
0.7296771469858129,1,user16
0.8949898825386311,1,user16
0.7592247552651635,1,user16
0.6513025644603208,1,user16
0.6050715459012963,0,user16
0.8461354152107087,0,user16
0.5984778445866558,0,user16
0.38365797959352266,0,user16
0.3067818652700525,0,user16
0.830038001022142,1,user16
0.7526581698885402,1,user16
0.8041471083669611,1,user16
0.8395657047958591,1,user16
0.6744234603822942,1,user16
0.7032642668671815,1,user16
0.6807813672201017,1,user16
0.8553334397769471,1,user16
0.7170132138793242,1,user16
0.26835053892465827,0,user16
0.9136261279281681,1,user16
0.8137609789074844,1,user16
0.7652565389156724,1,user16
0.7934863805326103,1,user16
0.9548309101867419,1,user16
0.7023452339510448,1,user16
0.494959578340178,1,user16
0.6074071012275271,1,user16
0.3340941915262353,0,user16
0.7513652949846216,1,user16
0.4856741527093254,0,user16
0.2424305198410427,0,user16
0.5962612921787465,1,user16
0.36760614992985075,0,user16
0.7793976465854255,1,user16
0.4671653951301523,1,user16
0.5070485052130099,0,user16
0.7203154653362412,1,user16
0.7789945419295505,1,user16
0.36505134310508275,0,user16
0.6774528440048753,1,user16
0.41043930989183225,1,user16
0.7713633986663463,1,user16
0.7009860358826028,1,user16
0.7600522931198237,1,user16
0.9227544555223048,1,user16
0.7841165827024402,1,user16
0.745997507799696,1,user16
0.3163096950764133,1,user16
0.5052604305320696,1,user16
0.4777510649430318,0,user16
0.5371199656014167,1,user16
0.3960524121662954,0,user16
0.6990756288687812,0,user16
0.7779147771129945,0,user16
0.5911631829917944,0,user16
0.4632381626497663,1,user16
0.5234704627707397,0,user16
0.9656837732129002,1,user16
0.7118623796063553,1,user16
0.7809628178449206,1,user16
0.5286212263302202,1,user16
0.4785162784037237,0,user16
0.4981005590274551,0,user16
0.8178879365023464,1,user16
0.43969867811236146,0,user16
0.9191453359205048,1,user16
0.8686472168715231,1,user16
0.4598037171037415,0,user16
0.8455673250335514,1,user16
0.7861269266348916,1,user16
0.577234629929659,1,user16
0.780503063189324,1,user16
0.7212425388176108,1,user16
0.766228041828613,1,user16
0.671834068948352,1,user16
0.5734095998546801,1,user16
0.3300077992655546,0,user16
0.20777113293281546,0,user16
0.691716123882151,1,user16
0.923392242922812,1,user16
0.7448284270047879,1,user16
0.5861218969393338,0,user16
0.8864264419215127,1,user16
0.6823019110216813,1,user16
0.7736838993175685,1,user16
0.6717887612142642,1,user16
0.3388676551084387,1,user16
0.7324592110811508,1,user16
0.6600796679920092,1,user16
0.7278590801820713,1,user16
0.7328387786078877,1,user16
0.7170154132380478,1,user16
0.8437284643257407,1,user16
0.7339857313786446,1,user16
0.7282435514810958,1,user16
0.7829296832834658,1,user16
0.5562704318415824,0,user16
0.64258149722923,1,user16
0.7074988659005434,1,user16
0.7077654077685863,1,user16
0.7648255306113063,1,user16
0.6885864502741218,1,user16
0.29822496272327825,0,user16
0.3586658943538492,0,user16
0.41817051669779864,0,user16
0.369932869873702,0,user16
0.8716362878607828,1,user16
0.9411481317410053,1,user16
0.9244688968626182,1,user16
0.8798982205936466,1,user16
0.7341563184958051,1,user16
0.861761775940979,1,user16
0.4418324833608488,1,user16
0.38691061888821704,1,user16
0.7812069819640883,1,user16
0.9507007018160627,1,user16
0.5163278820044445,1,user16
0.7666873924478499,1,user16
0.7094497923142787,1,user16
0.3920361951376682,1,user16
0.6684551844899855,1,user16
0.5230001202275777,1,user16
0.8972618559979239,1,user16
0.9075158723389029,1,user16
0.7130922594394995,1,user16
0.9763088751711737,0,user16
0.9839608687812387,0,user16
0.8687114035656838,1,user16
0.8348102098064629,1,user16
0.39674644117421454,0,user16
0.7660599481922159,0,user16
0.8854726812054688,1,user16
0.5402687267372184,0,user16
0.5947746865116964,1,user16
0.7758461706387976,1,user16
0.5525727057072629,0,user16
0.34244437542673517,0,user16
0.530096526171879,0,user16
0.7730774634303728,1,user16
0.7483311745758373,1,user16
0.8171852503918158,1,user16
0.8595595329583036,1,user16
0.7968527861814765,1,user16
0.7151878099857683,1,user16
0.8254755926187244,1,user16
0.6326027753347145,1,user16
0.7251837188203955,1,user16
0.4071662318133337,0,user16
0.6726405787533837,1,user16
0.610731190190157,1,user16
0.33139961852556143,1,user16
0.7968473565495594,1,user16
0.7553065132842356,1,user16
0.37130766711841734,1,user16
0.4925773473036659,0,user16
0.5181140979539546,0,user16
0.44338798370778737,0,user16
0.2112113138211936,0,user16
0.33759517949321977,0,user16
0.5118810592694031,0,user16
0.31487756547986445,0,user16
0.7457594340325906,1,user16
0.6055616713193983,0,user16
0.7109129924289023,1,user16
0.7367664888437327,1,user16
0.7689602933857903,1,user16
0.6463270841571709,1,user16
0.7641302775002735,1,user16
0.5468328978808427,1,user16
0.6230662312749035,0,user16
0.7412712834446114,1,user16
0.8203741746427027,1,user16
0.48806131211589626,1,user16
0.5588155490658274,1,user16
0.7289352451414816,1,user16
0.7049289157808315,1,user16
0.6341062408752905,1,user16
0.5331455782956909,1,user16
0.767763554087334,1,user16
0.7399410301822852,1,user16
0.8023985385320241,1,user16
0.8210143906209247,1,user16
0.8824683337584022,1,user16
0.7507415786668749,1,user16
0.8103724902313267,1,user16
0.9782790753295963,1,user16
0.9442105805199943,1,user16
0.3580556739654313,1,user16
0.7197400677258388,1,user16
0.8824165674100803,1,user16
0.7762245756702764,1,user16
0.32479671120754433,1,user16
0.7628736754117184,1,user16
0.7692419873047496,1,user16
0.5573514746170505,1,user16
0.882646050360691,1,user16
0.795431477561379,1,user16
0.9083378365352741,1,user16
0.5393778454613715,0,user16
0.3304016431129094,0,user16
0.8936135443498648,1,user16
0.9903684899822245,1,user16
0.7281062304356642,1,user16
0.7408779048876483,1,user16
0.8303785342061998,1,user16
0.8285900702645019,1,user16
0.768085720278853,1,user16
0.7761300183870433,1,user16
0.7120802082838507,1,user16
0.4095024393633505,0,user16
0.7494418212150301,1,user16
0.7801991279074343,1,user16
0.7663652983025983,1,user16
0.747819180773424,1,user16
0.6267822571549685,1,user16
0.6846895696120467,1,user16
0.7637764737429846,1,user16
0.44737871452178923,1,user16
0.3947001719791615,0,user16
0.7696704163650856,1,user16
0.44428666030594083,0,user16
0.8308262174085823,1,user16
0.7920679021699881,1,user16
0.9721285486218604,1,user16
0.5379121386642483,1,user16
0.34153560155258944,0,user16
0.6623172653027103,0,user16
0.59362257351457,1,user16
0.8746104084829397,1,user16
0.64314448650581,1,user16
0.7567192923596114,1,user16
0.8092726959397073,1,user16
0.4651098333165083,1,user16
0.7503888921632242,1,user16
0.46960238718799907,0,user16
0.6783761435588641,1,user16
0.6440228348135418,1,user16
0.7965734896421572,1,user16
0.9187972613770062,1,user16
0.8340801855665233,1,user16
0.6489565838476099,1,user16
0.7321609417227103,1,user16
0.5639285246080757,1,user16
0.942963391509515,1,user16
0.8412169280473275,1,user16
0.8540434145737552,1,user16
0.8513590161006306,1,user16
0.534391504759542,1,user16
0.39335929415941356,1,user16
0.7421443269430641,1,user16
0.7144233760800124,1,user16
0.6950807705201449,1,user16
0.7240499974923718,1,user16
0.5045119509206727,1,user16
0.7157061565754185,1,user16
0.39403504332320005,0,user16
0.3358365796745645,1,user16
0.7806207936901894,1,user16
0.8118865130387816,1,user16
0.7611897469457193,1,user16
0.79816930881239,1,user16
0.8283732571227858,1,user16
0.7405690015929345,1,user16
0.7444787118518367,1,user16
0.7283399011597065,1,user16
0.718878680174183,1,user16
0.6901808181109667,1,user16
0.7835426707374366,1,user16
0.8320831175272065,1,user16
0.9229814276521675,1,user16
0.29722274021312134,1,user16
0.5454192090741683,1,user16
0.5630403168727877,1,user16
0.2688649235696761,0,user16
0.5108846966161804,1,user16
0.4030103516545223,0,user16
0.6304779959009292,1,user16
0.7103004986919015,1,user16
0.9422213737903545,1,user16
0.7595066891070978,1,user16
0.9026883904703196,1,user16
0.41759271789861774,0,user16
0.3113446999172321,1,user16
0.6934765220876041,1,user16
0.27003543216693865,0,user16
0.3850425500485354,0,user16
0.8884808735409089,0,user16
0.9561756570415088,1,user16
0.7100787466292141,1,user16
0.6911489205951736,1,user16
0.58856563889317,1,user16
0.7722724654730454,1,user16
0.7709968616823539,1,user16
0.6504271199051027,1,user16
0.5553995054892003,1,user16
0.4039045173704754,1,user16
0.6874718545490154,1,user16
0.7483025159205567,1,user16
0.7441597012872689,1,user16
0.7277174727310385,1,user16
0.7047959255536356,0,user16
0.7117208616709185,1,user16
0.7588075515690793,1,user16
0.7427430699917146,1,user16
0.9264243304950133,1,user16
0.8530173793824943,1,user16
0.792560011381803,1,user16
0.663659340318378,1,user16
0.6859033659495389,1,user16
0.7225292195039051,1,user16
0.6882868447538364,1,user16
0.5844280472525014,1,user16
0.7240852197142055,1,user16
0.7624398399658288,1,user16
0.6900085891169567,1,user16
0.6896452723686648,1,user16
0.7036667641109374,1,user16
0.8207201071340139,1,user16
0.6770715517974581,1,user16
0.7371592960128137,1,user16
0.7979359417894771,1,user16
0.6871350568856167,1,user16
0.8158288847195732,1,user16
0.6807417326672355,1,user16
0.6807829745864958,1,user16
0.7455170885048076,1,user16
0.1999919270571479,0,user16
0.7909349555211753,1,user16
0.7819736179730583,1,user16
0.8975569375029103,1,user16
0.4060838136430995,0,user16
0.8541434285810039,1,user16
0.8745727663126408,1,user16
0.9420612687057258,1,user16
0.5472284213678219,1,user16
0.4530952514919195,1,user16
0.827610363209134,1,user16
0.35955650068338474,1,user16
0.8827941350591013,1,user16
0.7466735641973564,1,user16
0.7866114072536421,1,user16
0.7756501613467448,1,user16
0.6841466012731295,1,user16
0.7522460850980194,1,user16
0.7284526824823406,1,user16
0.7307361674531734,1,user16
0.8745330885312511,1,user16
0.7085177244994563,1,user16
0.728656155882284,1,user16
0.7542248337709543,1,user16
0.7773210093024427,1,user16
0.7398680998997778,1,user16
0.8901721531641309,1,user16
0.7627269631507914,1,user16
0.8218448141701669,1,user16
0.7146498314477208,1,user16
0.7046393142956914,1,user16
0.6814788295842321,1,user16
0.7398337515903468,1,user16
0.9440150284733012,1,user16
0.852564249274289,1,user16
0.6910605183425451,1,user16
0.917847690850311,1,user16
0.2894933628936665,0,user16
0.8267132845339121,1,user16
0.8176248204647251,1,user16
0.8035457086477233,1,user16
0.61308877646078,1,user16
0.4649750824223106,1,user16
0.8064879438151135,1,user16
0.6781821299283614,1,user16
0.7188389019709744,1,user16
0.7109243789664916,1,user16
0.7358090243925386,1,user16
0.7680451045513977,1,user16
0.790603322909293,0,user16
0.7244523468608756,1,user16
0.9236147650062371,1,user16
0.7590028109296614,1,user16
0.37875741747397024,1,user16
0.9842205405276165,1,user16
0.792835734121969,1,user16
0.6456736296289529,1,user16
0.7142312318360352,0,user16
0.5207832604430046,1,user16
0.8169686977186964,1,user16
0.9076185657834905,1,user16
0.5698541974595525,1,user16
0.41370553386437786,1,user16
0.3580676744721204,0,user16
0.35768337663144956,0,user16
0.6598746841131964,1,user16
0.836128010843226,1,user16
0.8892470080353201,1,user16
0.6334625744966161,1,user16
0.7120180691948781,1,user16
0.6007710983375024,1,user16
0.9108260665131148,1,user16
0.8969509096053431,1,user16
0.8299431179158799,1,user16
0.8204415928560206,1,user16
0.6740920163148748,1,user16
0.7256075052980515,1,user16
0.8187061442648891,1,user16
0.7141219096474061,1,user16
0.4516052122929654,0,user16
0.6177021602276355,1,user16
0.7404544817923867,0,user16
0.5579692792648727,0,user16
0.4501417321079521,1,user16
0.7068104109575455,0,user16
0.4442857168260066,1,user16
0.7132972674654676,1,user16
0.7103660299732324,1,user16
0.6060474161710129,1,user16
0.32515084294433144,1,user16
0.4218782488136591,0,user16
0.7553240236869802,1,user16
0.7391860073458696,1,user16
0.4643841718479804,0,user16
0.4597988458214338,1,user16
0.46709477269039557,1,user16
0.8968127753044359,1,user16
0.48061405946525376,1,user16
0.4556117386809083,1,user16
0.2974639013599576,0,user16
0.36419378845603384,0,user16
0.3231924882695274,0,user16
0.8620540427911426,1,user16
0.86086849047144,1,user16
0.8177313757981908,1,user16
0.5711936170290319,1,user16
0.7317785206176545,1,user16
0.5947337099553739,1,user16
0.6221375256140182,1,user16
0.7261977322223475,1,user16
0.5829983239648511,1,user16
0.4975377242895058,0,user16
0.7515465615107871,1,user16
0.719492605026961,0,user16
0.7471452497129074,1,user16
0.7683297667829605,1,user16
0.8334198756959522,1,user16
0.5450732807830485,0,user16
0.8949329174942676,1,user16
0.930356562441841,1,user16
0.47663080862828383,1,user16
0.3235938120304379,0,user16
0.8321874080545686,1,user16
0.9248968970581573,1,user16
0.7876820044090844,1,user16
0.8024465598711114,1,user16
0.8867150247432124,1,user16
0.9009437571122719,1,user16
0.7965294894939665,1,user16
0.779751919490571,1,user16
0.7018815039477362,1,user16
0.41015440448636564,1,user16
0.5355949849533869,1,user16
0.37953419435303304,0,user16
0.740105642389789,1,user16
0.6050644382269311,1,user16
0.3486634060692425,0,user16
0.7533493971872504,1,user16
0.730760591560487,1,user16
0.8533367720716788,1,user16
0.7297916132110387,1,user16
0.6997568517931325,1,user16
0.43277664422179796,0,user16
0.45297759379868446,0,user16
0.504402674286572,1,user16
0.8236078127184874,1,user16
0.8241774997556625,1,user16
0.7689235652862764,1,user16
0.8441466132945505,1,user16
0.665685438126019,1,user16
0.9179799949588873,1,user16
0.8948354787283223,1,user16
0.5362233053302836,0,user16
0.8877196101910491,1,user16
0.7494590387147543,1,user16
0.8819112554668213,1,user16
0.8728412949723465,1,user16
0.8517118327860739,1,user16
0.7282824901143283,1,user16
0.879008577839462,1,user16
0.910504858252435,1,user16
0.9773736779733192,1,user16
0.9903438268384582,1,user16
0.789771393366386,1,user16
0.5809087837056649,1,user16
0.7875302442232729,1,user16
0.7643950716813708,1,user16
0.8862509545705588,1,user16
0.7253506780345179,1,user16
0.7422875022803821,1,user16
0.5287083837834669,1,user16
0.38296862354946304,1,user16
0.41135800773805276,0,user16
0.3627113302406774,0,user16
0.7288173896904955,1,user16
0.816254412815749,1,user16
0.8230209342223741,1,user16
0.5349389294656688,1,user16
0.38671623205344346,1,user16
0.7458706754475248,1,user16
0.9062782561017627,1,user16
0.8838473548996794,1,user16
0.9000091433841969,1,user16
0.7664663334040956,1,user16
0.5597192172065006,0,user16
0.24268978720029913,0,user16
0.525564893647149,1,user16
0.9158289244719787,1,user16
0.5841868795253842,1,user16
0.7125700947581578,1,user16
0.7626286961624682,1,user16
0.7947310460229846,1,user16
0.44487619078596924,0,user16
0.8146770639458908,1,user16
0.5285313625458792,0,user16
0.5704375424856415,0,user16
0.7575491369626112,0,user16
0.7901306901702151,1,user16
0.6338448335679169,0,user16
0.7810467112605961,1,user16
0.8651492107730026,1,user16
0.8802986617060584,1,user16
0.8059784326470381,1,user16
0.7847808922889239,1,user16
0.8440571386327775,1,user16
0.6407459008556123,1,user16
0.7199976743315519,1,user16
0.7320565779043681,1,user16
0.7542642973050506,1,user16
0.6105685287569692,1,user16
0.7587837526784217,1,user16
0.7138426395010805,1,user16
0.823887867480052,1,user16
0.576032959504244,1,user16
0.921199770618542,1,user16
0.8028310436626693,1,user16
0.32899150561047963,0,user16
0.807410037730761,1,user16
0.7696102966261211,1,user16
0.8766083333729351,1,user16
0.8274050226682692,1,user16
0.7558043727541838,1,user16
0.682397914544875,1,user16
0.6802080348608233,1,user16
0.7760091394707374,1,user16
0.7751481192606366,1,user16
0.7423119754137769,1,user16
0.6964713838171772,1,user16
0.8538679079284472,1,user16
0.68579307633784,1,user16
0.817659758661025,1,user16
0.7536965221914131,1,user16
0.8619213300035102,1,user16
0.8088904456709054,1,user16
0.9269855139920595,1,user16
0.7090059087678268,1,user16
0.8164515854725707,1,user16
0.6731286377426529,0,user16
0.6658648198834999,0,user16
0.27707065254039615,0,user16
0.7078343078836581,1,user16
0.6777425556403474,1,user16
0.7899501675406768,1,user16
0.7608551354279698,1,user16
0.9144424434686822,1,user16
0.6493423057672795,1,user16
0.5957911677152661,1,user16
0.7821392026158778,1,user16
0.6729421668470842,1,user16
0.8771375452940247,1,user16
0.7552867972426321,1,user16
0.563844105179318,0,user16
0.8089211092252826,1,user16
0.9638289602739578,1,user16
0.981291404354831,1,user16
0.9467699098777426,1,user16
0.7500986439637095,1,user16
0.6674062433740718,1,user16
0.866102417059717,1,user16
0.9150530518419067,1,user16
0.9886288999095592,1,user16
0.3131111218397697,1,user16
0.7006053463447471,1,user16
0.8819451368468421,1,user16
0.9960695524951944,1,user16
0.9746353344937163,1,user16
0.6852279120149396,1,user16
0.8310036679605887,1,user16
0.8249207523483407,1,user16
0.7119647135347567,1,user16
0.6937386841036062,1,user16
0.8108537879717317,0,user16
0.4040036140428901,1,user16
0.7801779289468598,1,user16
0.7220354340076457,1,user16
0.7560941522969501,0,user16
0.39634904533753385,1,user16
0.46362558143119276,1,user16
0.47723489019768833,0,user16
0.46726520597428356,1,user16
0.6129774201761765,1,user16
0.5399509419345707,1,user16
0.33692998130656787,0,user16
0.40196895425505097,0,user16
0.5772236941083462,1,user16
0.2924909945255305,1,user16
0.5840839628711318,0,user16
0.9509756217327386,1,user16
0.8027206218553852,1,user16
0.7590882508082992,1,user16
0.6238362812280999,0,user16
0.6362229390804591,1,user16
0.6575295177313041,1,user16
0.7899883706523521,1,user16
0.8117467798417028,1,user16
0.8511103250361656,1,user16
0.8816903263798647,1,user16
0.39519351564166944,0,user16
0.4625751953908123,1,user16
0.48731739762817833,0,user16
0.7807977959661636,1,user16
0.8711578617194344,1,user16
0.7405954060437235,1,user16
0.7750014586796052,1,user16
0.5001254604457883,1,user16
0.8250674556737251,1,user16
0.8261778976931566,1,user16
0.9571773155942888,1,user16
0.7612845937077978,1,user16
0.837714051253595,1,user16
0.880474256470338,1,user16
0.8188684255686968,1,user16
0.6199704958041066,1,user16
0.35216958568153817,1,user16
0.7015616245118926,1,user16
0.805810832141576,0,user16
0.6202741167028976,1,user16
0.8473037298812284,1,user16
0.8321960704436656,1,user16
0.8425252793126452,1,user16
0.3619444973364953,1,user16
0.7817142882152055,1,user16
0.8182642157728592,1,user16
0.8066350527799766,1,user16
0.8078851812247286,1,user16
0.7690345805641576,1,user16
0.6343930187401821,1,user16
0.4996400793607986,1,user16
0.887783410065605,1,user16
0.7282369392564514,1,user16
0.8576533726030758,1,user16
0.9966034607357868,1,user16
0.7413876714015816,1,user16
0.9569840103059081,1,user16
0.7836791146821371,1,user16
0.6949900073172177,1,user16
0.7797913504427448,1,user16
0.8123474096574622,0,user16
0.47608551268508376,0,user16
0.37577276849257685,0,user16
0.5004001263692996,1,user16
0.7866754281929504,1,user16
0.7636604518961181,1,user16
0.7469493448206915,1,user16
0.7136707177562355,1,user16
0.6848964432702177,1,user16
0.7455056321576711,1,user16
0.8122251325623582,1,user16
0.34921293506730244,0,user16
0.9946789910009264,1,user16
0.6753807011138043,1,user16
0.7137503484917738,1,user16
0.8749922571755573,1,user16
0.6517032139652833,1,user16
0.8573738945181578,1,user16
0.8745922992126721,1,user16
0.7282480829334106,1,user16
0.768448411180872,1,user16
0.5832639914565074,1,user16
0.7763733670022941,1,user16
0.8425472305285006,1,user16
0.7887985194169537,1,user16
0.7081192982087214,1,user16
0.7966402061575005,1,user16
0.4316199829909865,0,user16
0.7755714511407478,1,user16
0.46547707849388986,0,user16
0.6441060701826709,1,user16
0.5465629718379542,1,user16
0.9114151163686919,1,user16
0.8411391353978781,1,user16
0.8774985845083669,1,user16
0.950210005009557,1,user16
0.5033453724765906,1,user16
0.4799629217820832,1,user16
0.4277537121881801,1,user16
0.6994861163018165,1,user16
0.3936705315144612,0,user16
0.41250838161606307,0,user16
0.7020648191398491,1,user16
0.5903369275289005,1,user16
0.8014241299382756,1,user16
0.3911822222212967,1,user16
0.8908341334727327,0,user16
0.8606476037175509,0,user16
0.5095087655869467,1,user16
0.8163833782468852,1,user16
0.7432570974785861,1,user16
0.8858941232173547,1,user16
0.33389935518763636,1,user16
0.7803805005482911,1,user16
0.8772185294526382,1,user16
0.4192064456572696,0,user16
0.5687554234694837,1,user16
0.7465012306858475,1,user16
0.39811622501687144,1,user16
0.8487848912420314,0,user16
0.5023523929005151,1,user16
0.9219783901888651,1,user16
0.43020103030382156,1,user16
0.75436081070169,1,user16
0.7488032339724486,1,user16
0.8002784682788384,1,user16
0.7643862438482515,1,user16
0.7622925137905907,1,user16
0.7223125857814159,1,user16
0.8352532592872206,1,user16
0.7274735500747496,1,user16
0.63969751045783,0,user16
0.25731700216119024,0,user16
0.38094010399979933,1,user16
0.8740006561144861,1,user16
0.8630270736579653,1,user16
0.7702880427129687,1,user16
0.8115026789615937,1,user16
0.7448150749321244,1,user16
0.2224366422515414,0,user16
0.5761006838996812,1,user16
0.5210714900644545,1,user16
0.7820809086409426,1,user16
0.7634118887464311,1,user16
0.8020428039021698,1,user16
0.8074470969692076,1,user16
0.7642634165439753,1,user16
0.880500757845807,1,user16
0.6787325285557857,1,user16
0.7012597999734335,1,user16
0.3533470452903101,1,user16
0.8101263849346477,1,user16
0.8143460361751088,1,user16
0.8523496384255296,1,user16
0.6215770159821143,1,user16
0.7799163110441403,1,user16
0.6417283525809043,0,user16
0.76039977507556,1,user16
0.8498205208275996,1,user16
0.6021043629356889,0,user16
0.574199987099578,0,user16
0.9000193921366387,1,user16
0.792739142124954,1,user16
0.7079967573970027,1,user16
0.7810601097377355,1,user16
0.7479089687111108,1,user16
0.41267829463306455,1,user16
0.586098144243583,0,user16
0.28684214574963873,0,user16
0.6866329588610574,1,user16
0.5234711277189716,1,user16
0.5011804557988472,1,user16
0.5592036132640819,1,user16
0.8554127983544065,1,user16
0.8020499725883418,1,user16
0.6945869943607196,0,user16
0.7249764107763526,1,user16
0.8468472381197383,1,user16
0.7821671943188595,1,user16
0.35779467201381443,1,user16
0.39400569525793466,0,user16
0.7689342362078982,1,user16
0.8020298265617715,1,user16
0.7180706074635762,1,user16
0.7733211546111702,1,user16
0.7608936819284953,1,user16
0.6434374553378309,0,user16
0.7871229211205496,1,user16
0.9033917540512973,1,user16
0.9296398147988729,1,user16
0.7230485135174518,1,user16
0.3790146139192639,0,user16
0.7945313447491805,1,user16
0.8182174939059706,1,user16
0.83235590203209,1,user16
0.7245995285359006,1,user16
0.8415373723364201,1,user16
0.31392788698094043,1,user16
0.7212705488130794,1,user16
0.9472808000784981,1,user16
0.7292794013741267,1,user16
0.5721990822932467,1,user16
0.8220173584810184,0,user16
0.46914047112954804,1,user16
0.8460581078599498,1,user16
0.8880915518385717,1,user16
0.9115382571488635,1,user16
0.7017089220561721,0,user16
0.4973173957260783,0,user16
0.5253364724755801,0,user16
0.6977916718638677,0,user16
0.3801513415440193,1,user16
0.356704093074168,0,user16
0.7794264258764859,1,user16
0.8728887605330008,1,user16
0.8639543131522907,1,user16
0.7977342388646825,1,user16
0.7269516188979578,1,user16
0.8277954162837686,1,user16
0.47614782079674256,1,user16
0.7329439867318053,1,user16
0.655179716540115,1,user16
0.6619847690145702,1,user16
0.7137023930569683,1,user16
0.6787501397756441,1,user16
0.675438527736136,1,user16
0.8046865144362598,1,user16
0.6783413126932833,1,user16
0.6657351026728807,1,user16
0.8754122717437539,1,user16
0.6717040347927022,1,user16
0.6671491652497012,1,user16
0.6803728842428561,1,user16
0.8881663755585001,1,user16
0.8541273999685413,1,user16
0.8720054407345653,1,user16
0.8550775159814238,1,user16
0.8673498043502904,1,user16
0.6762572891669895,1,user16
0.6704270638368052,1,user16
0.6556702257412226,1,user16
0.7313227826076966,1,user16
0.8953043277497048,1,user16
0.6822225691497743,1,user16
0.6819944988608867,1,user16
0.8783580478495849,1,user16
0.7730588596667,1,user16
0.4882653598115937,0,user16
0.45899088444168795,1,user16
0.8006355357657228,1,user16
0.8377753523297365,1,user16
0.7887701616981435,1,user16
0.4435568742109009,1,user16
0.7187544485179191,1,user16
0.5914037431071062,0,user16
0.7222907780365199,1,user16
0.7995468850337689,1,user16
0.7422058345387712,1,user16
0.9800222653185828,1,user16
0.8163067929073929,1,user16
0.726083296177617,0,user16
0.7678812907562249,0,user16
0.4238719802480545,1,user16
0.6854438195951897,1,user16
0.6779444531785226,1,user16
0.678952628024256,1,user16
0.2924706774167268,0,user16
0.4963128673519153,1,user16
0.32853798396206296,0,user16
0.743276065436075,1,user16
0.7190354585996573,1,user16
0.28996703167853755,1,user16
0.897185520668908,1,user16
0.892231300956078,1,user16
0.24624250032218803,0,user16
0.5343303911574738,0,user16
0.44670736505415476,1,user16
0.5938097501024285,0,user16
0.3002382664873373,1,user16
0.6247244055960804,1,user16
0.3170360672825329,0,user16
0.2793091698721784,0,user16
0.37942198137693683,0,user16
0.5192147824371359,1,user16
0.3982641632526962,0,user16
0.5245206307629585,0,user16
0.7512330246200731,0,user16
0.8185459694547692,0,user16
0.37602250251313674,0,user16
0.9002294398695369,1,user16
0.820155395121562,1,user16
0.5684641328398584,0,user16
0.4987000411423626,1,user16
0.832017258143327,1,user16
0.6810845250290826,1,user16
0.7392290207840216,1,user16
0.9506498538588632,1,user16
0.7814085653616719,1,user16
0.6752716819858817,1,user16
0.6747039473435482,1,user16
0.7140991924766814,1,user16
0.43819249362969664,1,user16
0.8847155387140485,1,user16
0.6866410929271771,1,user16
0.6759000855191811,1,user16
0.6442333836707017,1,user16
0.41019937277939594,0,user16
0.8705433520944584,1,user16
0.7589965947643198,1,user16
0.7377762299041722,1,user16
0.6913588410479881,1,user16
0.66559234761165,1,user16
0.3788328908153608,1,user16
0.519731961947766,0,user16
0.4003159572560159,0,user16
0.7509841063524546,1,user16
0.36145802423947465,1,user16
0.6740333145235944,1,user16
0.6822524181932221,1,user16
0.7160542695678249,1,user16
0.3532842689394054,0,user16
0.605820151059442,1,user16
0.8034524282086247,1,user16
0.7179314797278074,1,user16
0.9289121709570003,0,user16
0.4870199902578938,0,user16
0.928960637564435,1,user16
0.7985057743098244,1,user16
0.3768666239240283,0,user16
0.6522321828949571,0,user16
0.4435194385313038,0,user16
0.8607944974049659,1,user16
0.6719514976711016,1,user16
0.893179585881537,1,user16
0.6910761976628486,1,user16
0.6794126898347285,1,user16
0.6148872822414019,0,user16
0.4451167938843655,1,user16
0.7925798082297154,1,user16
0.8694774163026436,1,user16
0.676867033570505,1,user16
0.842661274320434,0,user16
0.8250348707403811,0,user16
0.40157593548851517,1,user16
0.5155433817616858,0,user16
0.5974204311653973,0,user16
0.40544173823663415,0,user16
0.6795916692905768,1,user16
0.3973184862176525,1,user16
0.7921747330808149,1,user16
0.7105096067547992,1,user16
0.7004307348948078,1,user16
0.8492485415437012,1,user16
0.8581870853956055,1,user16
0.8434937796655767,1,user16
0.8115151629735313,1,user16
0.452981826793725,0,user16
0.2937262177163155,0,user16
0.5624046117876541,1,user16
0.49968377618159077,1,user16
0.47173989222171586,0,user16
0.44304078649051354,0,user16
0.6050996438118085,1,user16
0.7956972239462311,0,user16
0.3362984182446874,0,user16
0.7797430904818292,1,user16
0.8524010217224807,1,user16
0.7636251886060093,1,user16
0.8820524876966587,1,user16
0.7263158118882304,1,user16
0.7777239789597215,1,user16
0.5236073224014366,1,user16
0.3230938182536605,1,user16
0.4677717650097783,1,user16
0.3889380572028946,0,user16
0.7146544753735649,1,user16
0.897191572405048,1,user16
0.7867126313563894,1,user16
0.7743266986196501,1,user16
0.7906532521423648,1,user16
0.9451231417442079,1,user16
0.8253351808035638,1,user16
0.8270749443682524,1,user16
0.7328474072910578,1,user16
0.753682216423455,1,user16
0.32993070672050867,0,user16
0.7011928661031772,1,user16
0.7175804946413613,1,user16
0.8264127325268481,1,user16
0.757630627404039,1,user16
0.5383646998587361,1,user16
0.3685269757314629,1,user16
0.6133790946337031,1,user16
0.43592089462554634,1,user16
0.7316184061877967,1,user16
0.8300694111637128,1,user16
0.7416793696165344,1,user16
0.8402751493755463,0,user16
0.4041188679535461,0,user16
0.7308316865830997,1,user16
0.8376778332666993,1,user16
0.6971368670311556,1,user16
0.3373082237038517,0,user16
0.7874749071281443,1,user16
0.6876415871349408,1,user16
0.9612272463942494,1,user16
0.8984702273484177,1,user16
0.7367158591131361,1,user16
0.7832201264979843,1,user16
0.7419958816791996,1,user16
0.8268546097949497,1,user16
0.7241501687388294,1,user16
0.8125290142003618,1,user16
0.9547419285308646,1,user16
0.5901794155840725,0,user16
0.597486067752266,0,user16
0.7708692990505361,0,user16
0.7366392243633451,1,user16
0.7458663788222069,1,user16
0.774237454175725,1,user16
0.7073793455165908,1,user16
0.6165480504268239,0,user16
0.3847834590180409,0,user16
0.2523233892546356,1,user16
0.27271227825583877,1,user16
0.7105871111427956,1,user16
0.36296988935126967,0,user16
0.6319414931344425,1,user16
0.8289632627862582,1,user16
0.8598558047176131,1,user16
0.7818782261454148,1,user16
0.8693535342148128,1,user16
0.26829343783848586,1,user16
0.7219385134386732,1,user16
0.8042614498932412,1,user16
0.617091960986626,0,user16
0.4360416107380044,1,user16
0.7795963440275193,1,user16
0.7259304782060682,1,user16
0.7481435661715802,1,user16
0.43906985489170325,0,user16
0.6022865189392684,1,user16
0.8065764021388369,1,user16
0.3456539712209331,0,user16
0.437190751191876,0,user16
0.7450498655619165,1,user16
0.6576090137336155,1,user16
0.6804604749114018,1,user16
0.8997143689210126,1,user16
0.8217296085146207,1,user16
0.31630282138676064,0,user16
0.32878217013372796,0,user16
0.34173580329409464,0,user16
0.5101915323194834,1,user16
0.7382228725449275,1,user16
0.8096171040979298,1,user16
0.6891478505716787,1,user16
0.5154641239929338,1,user16
0.7500687702206951,1,user16
0.36380743340680355,0,user16
0.29691359916463955,0,user16
0.5267012193171406,1,user16
0.48307623471819533,1,user16
0.9089385896126589,1,user16
0.27147965924306516,0,user16
0.6746487751626999,1,user16
0.6811873698454677,1,user16
0.6138328326332493,1,user16
0.4961874332269027,0,user16
0.4223105094953105,0,user16
0.34049767054565805,0,user16
0.34772972948822645,1,user16
0.6883573272180188,0,user16
0.7430880947403585,0,user16
0.3379058560567365,0,user16
0.7585493426936338,1,user16
0.2104330591534255,0,user16
0.26984148560870164,0,user16
0.7601264372264771,0,user16
0.880762607512676,0,user16
0.7166396273847659,0,user16
0.8540001398590332,1,user16
0.7913731525237483,1,user16
0.7149159867789997,1,user16
0.8981483031408213,1,user16
0.8369051188987603,1,user16
0.8388797716888106,1,user16
0.5651163381914508,0,user16
0.3393557540392717,0,user16
0.709755048190294,1,user16
0.7195280715944835,1,user16
0.7289143094063939,1,user16
0.6815485488698194,0,user16
0.4253166719086723,1,user16
0.7298011382242943,1,user16
0.4932730110148222,1,user16
0.7236992585746078,1,user16
0.5053334532704397,0,user16
0.5511485564122449,1,user16
0.43450361868258225,1,user16
0.5387556527053348,0,user16
0.47155197258262094,0,user16
0.23360938006976606,0,user16
0.4887118940461604,0,user16
0.6504545132409736,1,user16
0.8518690970662097,0,user16
0.6896290836366382,1,user16
0.41541000610885315,1,user16
0.3051011299322237,0,user16
0.7578424584692784,1,user16
0.6499599809910724,1,user16
0.7672938176244406,1,user16
0.9237595116469945,1,user16
0.9859804155246101,1,user16
0.3786094666152399,0,user16
0.6777079656834802,1,user16
0.2702222138141004,0,user16
0.3468181567947574,0,user16
0.8484452172516407,1,user16
0.7056228195971832,1,user16
0.2980582630955408,1,user16
0.754160013239707,1,user16
0.8288562353585751,0,user16
0.37757835414081287,0,user16
0.3717445137046027,0,user16
0.6468113369832714,0,user16
0.7681303904425254,0,user16
0.368363410613634,1,user16
0.2592434558342637,1,user16
0.67836561489327,0,user16
0.7324046576036516,1,user16
0.6932938114740862,1,user16
0.7931129748284184,1,user16
0.8710710830312891,1,user16
0.40881480507477563,1,user16
0.6118959943925802,1,user16
0.8392067990515314,1,user16
0.8524367490643483,0,user16
0.774993622196519,0,user16
0.7903591592938329,1,user16
0.7292899318268765,1,user16
0.3539657245136971,0,user16
0.4404983284942087,1,user16
0.763714044125728,0,user16
0.5882787063162472,1,user16
0.7184036990848078,1,user16
0.5926868518278239,1,user16
0.8031604367385557,1,user16
0.4352116477504768,1,user16
0.620977363487442,1,user16
0.7084802756377582,1,user16
0.8523521089049576,1,user16
0.9299792465869228,1,user16
0.5740494396972711,1,user16
0.8758630519694809,1,user16
0.7946893460969028,1,user16
0.7634074569116991,1,user16
0.8753294048412069,1,user16
0.901650494956441,1,user16
0.7452958995799616,0,user16
0.3597149068809417,1,user16
0.8854525037727262,1,user16
0.9248650468398854,1,user16
0.8309004434726998,1,user16
0.9440550993493706,1,user16
0.9793640375734903,1,user16
0.9010692328432716,1,user16
0.8115024815785762,1,user16
0.8643429662454593,1,user16
0.6946786104491115,1,user16
0.6874269158994456,1,user16
0.8422673612874367,1,user16
0.8036987672149071,1,user16
0.8526917554484622,1,user16
0.828159778092075,1,user16
0.8292666790496696,1,user16
0.42371236521930183,1,user16
0.2584697577612485,0,user16
0.6445362276262907,1,user16
0.7289693408928888,1,user16
0.7647508097535772,1,user16
0.48555799033676,1,user16
0.2418967316532815,1,user16
0.2601206888377482,1,user16
0.37611213442882196,1,user16
0.2582383081938379,0,user16
0.6018376225922207,0,user16
0.5215364943614627,1,user16
0.6604943072606476,0,user16
0.6795800638417709,1,user16
0.9906859825026552,1,user16
0.9458396473008976,0,user16
0.3627284382774711,0,user16
0.3116558186801165,0,user16
0.48451625667301135,1,user16
0.7462984248188714,1,user16
0.5769160207213847,1,user16
0.5393602788152866,1,user16
0.6981431429632109,1,user16
0.5441336649206605,0,user16
0.7445006667231594,1,user16
0.7396496343692536,1,user16
0.6998875715792534,1,user16
0.6945839110557205,1,user16
0.404112319242731,0,user16
0.4406396614576452,0,user16
0.5942888227561537,0,user16
0.7372264695904146,1,user16
0.8513196754500036,1,user16
0.8317789684116963,1,user16
0.7823965133272133,1,user16
0.7040082954020614,1,user16
0.44566986927040875,0,user16
0.3234739425067641,1,user16
0.8471417475253241,1,user16
0.9724433364066901,1,user16
0.6755957044788516,1,user16
0.35790013209328064,0,user16
0.35602151625251793,1,user16
0.7623430770681764,1,user16
0.5241046982994555,1,user16
0.5668345080221994,1,user16
0.8998663977856644,1,user16
0.8682769317159239,1,user16
0.8223168500364406,1,user16
0.7161924263009489,1,user16
0.734009317792267,1,user16
0.9319088162522375,1,user16
0.3355242602124755,1,user16
0.33919289394134294,0,user16
0.6132935024184706,1,user16
0.534394345124888,1,user16
0.7892389821860333,1,user16
0.6782339291510551,1,user16
0.684424525531447,1,user16
0.7561834388433939,1,user16
0.46533504665280034,0,user16
0.7267482758225443,1,user16
0.44360818444836214,1,user16
0.7005723691438971,1,user16
0.7308429386533003,1,user16
0.7430458700181999,1,user16
0.29840118601112464,1,user16
0.6596341315303061,0,user16
0.7905141154830826,1,user16
0.8346825961777374,1,user16
0.7670843559626871,1,user16
0.33493733146508303,0,user16
0.6526182143015876,0,user16
0.5972282789669044,1,user16
0.6945927525637633,1,user16
0.8635016418801922,1,user16
0.5539687855347827,1,user16
0.9867682294673552,1,user16
0.9112679203664588,1,user16
0.4041929534693995,1,user16
0.8589868651472767,1,user16
0.8233526536632384,1,user16
0.40381229150926207,1,user16
0.42204956614036426,0,user16
0.7373129919639451,1,user16
0.9355587981328756,1,user16
0.4697308586741507,1,user16
0.7206879314714494,1,user16
0.791259137749568,1,user16
0.7988029252048635,1,user16
0.49819374532232535,1,user16
0.8270371772399919,1,user16
0.823404938329152,1,user16
0.26665621883282387,0,user16
0.7441343893482869,0,user16
0.4859892114030579,1,user16
0.5002811984401181,1,user16
0.861631160895918,1,user16
0.7909252964734732,1,user16
0.6857813716842664,1,user16
0.6847087567814574,1,user16
0.6866850195066839,1,user16
0.6613451451777342,1,user16
0.5379130279911799,0,user16
0.4318260274647055,0,user16
0.9019190623765398,1,user16
0.7413008322177949,1,user16
0.5572460451182052,0,user16
0.7686269248690348,1,user16
0.846072102444226,1,user16
0.7804587180437038,1,user16
0.6948929564612206,1,user16
0.7840322471554418,1,user16
0.3318912968194398,1,user16
0.6694786363154024,1,user16
0.5373864930880431,0,user16
0.70636778027608,1,user16
0.6941954288771444,1,user16
0.892848602668002,1,user16
0.8102676762640684,1,user16
0.34020224720425374,1,user16
0.8875755625304315,1,user16
0.7711275441821205,1,user16
0.813795844782418,1,user16
0.6393380999031233,1,user16
0.599626370058307,1,user16
0.75551367647011,1,user16
0.9640439983913212,1,user16
0.6807920876655803,1,user16
0.6807301903192481,1,user16
0.8234652207045694,1,user16
0.7092408975190017,1,user16
0.6201496882887608,0,user16
0.3547935359994978,0,user16
0.5068928606736336,1,user16
0.45710361131681976,0,user16
0.6822023304299736,1,user16
0.8304554838530023,1,user16
0.44575446152956955,0,user16
0.596304078285858,1,user16
0.6630081794963789,1,user16
0.8303074132320861,1,user16
0.3497528182499721,1,user16
0.3647211040771584,0,user16
0.571635749411985,0,user16
0.4932549300300054,1,user16
0.4536647463992639,1,user16
0.8677602732867906,1,user16
0.6975980355859335,1,user16
0.5618967537870403,0,user16
0.5800391827119661,1,user16
0.7677765313257798,1,user16
0.7926237070476148,1,user16
0.9315225665039999,1,user16
0.9097755175809921,1,user16
0.6818411485810916,1,user16
0.7272803955599972,1,user16
0.7275648300298998,1,user16
0.4520456588275478,1,user16
0.43968201486108555,0,user16
0.5723218278465158,1,user16
0.6300892069232967,1,user16
0.8670874900540653,1,user16
0.698069748272075,0,user16
0.9427716800746051,1,user16
0.7783144754771563,1,user16
0.8542937700941274,0,user16
0.6983356132971501,1,user16
0.33025681235644644,0,user16
0.8507092731034024,1,user16
0.8246229767910136,1,user16
0.801626458304471,0,user16
0.860776262281724,1,user16
0.7985210078224613,1,user16
0.7550579507081642,1,user16
0.7918270214119169,1,user16
0.8613223577033732,1,user16
0.9071491789888414,1,user16
0.9216532970185579,1,user16
0.8121195341736344,1,user16
0.3474766478804199,1,user16
0.8168121613690481,1,user16
0.87279686433256,1,user16
0.9386326962769851,1,user16
0.8074757057220794,1,user16
0.9375874612480619,1,user16
0.4267917540735597,1,user16
0.823788908621681,1,user16
0.820137035350284,1,user16
0.800582650665185,1,user16
0.6820613504695459,1,user16
0.6809841608831924,1,user16
0.5285117718712339,1,user16
0.7961483282972207,1,user16
0.7171607082923532,1,user16
0.6686121702608525,1,user16
0.7325764976303388,1,user16
0.7348973661294629,1,user16
0.85757963694807,1,user16
0.9378943513369116,1,user16
0.36050698031636874,1,user16
0.7173823695303453,1,user16
0.6229739353293119,1,user16
0.7488897428045805,1,user16
0.7505157521497281,1,user16
0.7355952676819572,1,user16
0.8934047897903972,1,user16
0.7608058319935987,1,user16
0.4135913829464242,0,user16
0.3990063799515917,1,user16
0.8054741529316644,1,user16
0.6736646456999963,1,user16
0.37153285332166736,0,user16
0.41338897499190747,0,user16
0.5492872427146058,1,user16
0.781117497965932,1,user16
0.7913554820535009,1,user16
0.869256183039557,1,user16
0.778066538010897,1,user16
0.674399582338699,0,user16
0.4205250702341001,1,user16
0.43133362794819585,1,user16
0.7758155201648829,1,user16
0.8211458057515342,1,user16
0.873805533065366,1,user16
0.7735941752748418,1,user16
0.8820552430049518,1,user16
0.7523410299545726,1,user16
0.7781356866104586,1,user16
0.7671022980241169,1,user16
0.4726986850791759,1,user16
0.7026732026602104,1,user16
0.7932619420027734,1,user16
0.6928905758102213,1,user16
0.7677510963196539,1,user16
0.3295813558025481,0,user16
0.3011498503215591,1,user16
0.2946149906000056,0,user16
0.48458577358635035,0,user16
0.43717873623289194,0,user16
0.2894952715369929,0,user16
0.5259696249325753,0,user16
0.36957542145202055,1,user16
0.8077025413645921,1,user16
0.8121929799141302,1,user16
0.3086624766076186,1,user16
0.8386420445607226,1,user16
0.8661447738477103,0,user16
0.6294209799227155,0,user16
0.42144206526062505,1,user16
0.7866662286354783,1,user16
0.7731592062396125,1,user16
0.41473429360389574,0,user16
0.460483730475037,0,user16
0.3205881918348435,0,user16
0.7800532393391596,1,user16
0.5299707816923916,0,user16
0.4066035115975884,0,user16
0.7482683423084459,1,user16
0.7342684085799852,1,user16
0.7456079696014499,1,user16
0.7089004796674478,1,user16
0.9077075371489703,1,user16
0.720706179334361,1,user16
0.9391937131284386,1,user16
0.787358156771582,1,user16
0.7175521640614136,1,user16
0.38732952964281314,0,user16
0.5114168306358735,0,user16
0.5178610112313508,1,user16
0.4227722652268175,1,user16
0.7507355003223256,0,user16
0.3640491115224381,0,user16
0.42798310490940916,1,user16
0.5205901776902375,0,user16
0.45713073176087526,0,user16
0.35683906045356667,0,user16
0.23713154844650505,0,user16
0.27289882156603246,0,user16
0.36977034278383514,0,user16
0.35279447649673273,0,user16
0.4596535071994754,0,user16
0.33654679306433427,0,user16
0.2933043645077975,0,user16
0.24210291353239496,0,user16
0.6308205044678786,0,user16
0.6841043646461736,0,user16
0.7693262011201922,1,user16
0.5431969706232546,1,user16
0.6760032082872365,1,user16
0.4615546727416895,0,user16
0.4007515825229074,1,user16
0.9282614576857775,1,user16
0.8543400526169249,1,user16
0.2842043939873689,0,user16
0.2871528466668813,0,user16
0.7202510187846805,1,user16
0.4595854519956123,0,user16
0.49622082183846833,1,user16
0.45118511582022564,0,user16
0.3766248372634778,0,user16
0.7527548079673655,1,user16
0.5403952118836398,0,user16
0.5422742424494323,1,user16
0.4545210850910328,0,user16
0.3594470493188786,0,user16
0.32069578638770874,0,user16
0.4135651114867449,0,user16
0.3819544001664811,0,user16
0.6549302524765862,1,user16
0.6793323648907738,1,user16
0.6474915935552509,1,user16
0.7369236117845355,1,user16
0.7745847722701821,1,user16
0.6479936992286761,1,user16
0.6177287250187642,0,user16
0.7284536605795383,1,user16
0.682169425918532,1,user16
0.6806066970198155,1,user16
0.7178145418585343,1,user16
0.538590347133373,1,user16
0.38584285563619497,0,user16
0.9414240801630273,1,user16
0.9536951082799718,1,user16
0.682720734529822,1,user16
0.6826448222991294,1,user16
0.681847819229898,1,user16
0.6664623171062082,1,user16
0.6789582379424955,1,user16
0.9324673064166904,1,user16
0.8445937995139208,1,user16
0.4129733702707154,0,user16
0.6985456011282704,1,user16
0.3515019112199663,0,user16
0.28702773494708833,0,user16
0.44659185726113687,0,user16
0.8052101317983159,0,user16
0.7575404600249575,1,user16
0.7366980951558361,1,user16
0.7435853715211228,1,user16
0.7415769405139585,1,user16
0.6400015221747474,1,user16
0.8960003611070786,1,user16
0.8998358969810012,1,user16
0.8944039414212945,1,user16
0.41493991331010655,1,user16
0.6198867971188144,0,user16
0.4240029808747754,1,user16
0.8274361794871299,1,user16
0.71882176161079,1,user16
0.6208015210452114,1,user16
0.9478589569449377,1,user16
0.7293001089555653,1,user16
0.7911839099736537,1,user16
0.8523243085604446,1,user16
0.7128806435896837,1,user16
0.9021703242053839,1,user16
0.8303129961892217,1,user16
0.738967313124875,1,user16
0.729525188281365,1,user16
0.3807040568565074,1,user16
0.5418824544344831,1,user16
0.7115074087071175,1,user16
0.8916940389889348,1,user16
0.8283691713324265,1,user16
0.76412943969598,1,user16
0.8320670453727435,1,user16
0.8639755403562501,1,user16
0.8672362067714032,1,user16
0.8122110765122159,1,user16
0.681484894375117,1,user16
0.9491972612742295,1,user16
0.8755209466323968,1,user16
0.5597417826293781,0,user16
0.4130158736756636,0,user16
0.21282147711298313,1,user16
0.7396470272526517,1,user16
0.6986208164548023,1,user16
0.6810375181388033,1,user16
0.6821864586858296,1,user16
0.6806034832709715,1,user16
0.6937718355145338,1,user16
0.7811542794615374,1,user16
0.8381102304987877,1,user16
0.7459362656396358,1,user16
0.6998334466560645,1,user16
0.24084223143575828,1,user16
0.34635479477822256,1,user16
0.4827713038225775,1,user16
0.6066725295488792,0,user16
0.262613792021863,0,user16
0.7702354716763128,1,user16
0.8024817714239593,1,user16
0.3649253347478992,1,user16
0.35196732393571306,0,user16
0.8776622652072577,1,user16
0.7612764515802214,1,user16
0.5210457427413191,0,user16
0.5744178611262686,1,user16
0.3206077606191662,0,user16
0.5516879217603246,1,user16
0.2874154130665548,1,user16
0.4147507292171054,0,user16
0.9055509582731925,1,user16
0.7217639033436472,1,user16
0.7017754897579601,1,user16
0.43200927528028754,1,user16
0.6269357557117692,0,user16
0.6022315175410166,1,user16
0.457646073384128,1,user16
0.3855360278150173,1,user16
0.3126012432241707,1,user16
0.5427255968983143,0,user16
0.7714471666633302,1,user16
0.7655817662609744,1,user16
0.7399129785591247,1,user16
0.6898900072100029,1,user16
0.7231338903895538,1,user16
0.5945422289713522,1,user16
0.7933854786319632,1,user16
0.4833983593915535,1,user16
0.9381309349985998,1,user16
0.23005098235768254,1,user16
0.4658803403212619,1,user16
0.7450452613947012,0,user16
0.3724433277504511,0,user16
0.5549325504390424,0,user16
0.7849074269558636,1,user16
0.7511651244954088,1,user16
0.34352710907247835,1,user16
0.8916835576815242,0,user16
0.7341099463391461,1,user16
0.6688424773669442,1,user16
0.6815431044018423,1,user16
0.6751448676706623,1,user16
0.8563383366553977,1,user16
0.9250202766229625,1,user16
0.6942016365056514,1,user16
0.6819270324438003,1,user16
0.688085061255782,1,user16
0.7246417338198505,1,user16
0.3662928170449183,1,user16
0.7089129499730084,1,user16
0.5297830102252412,0,user16
0.6284492186205061,0,user16
0.7980003821803764,1,user16
0.7053188437627512,1,user16
0.8156694191553328,1,user16
0.352378489870671,0,user16
0.7845088152608696,1,user16
0.9162197682595551,1,user16
0.8627779152196657,1,user16
0.8361696308691433,1,user16
0.20959067057819858,0,user16
0.5065793055101233,0,user16
0.5178533159378977,0,user16
0.8508288548852934,1,user16
0.7405867704494861,1,user16
0.6936799433888717,1,user16
0.682441267881599,1,user16
0.7329861114485401,1,user16
0.5843438784740363,1,user16
0.7060249012962335,1,user16
0.46282742965129325,0,user16
0.23119217376554727,0,user16
0.7713369522517213,1,user16
0.9678525379189795,1,user16
0.4545878377886412,1,user16
0.7527881097324935,1,user16
0.6239572452141591,1,user16
0.7451200664729816,1,user16
0.7574105205444174,0,user16
0.3058412596910216,0,user16
0.40062054993959906,0,user16
0.5978045227229296,0,user16
0.8093145860868493,1,user16
0.2777521313399282,0,user16
0.45352763286221903,0,user16
0.5785046736941593,0,user16
0.8411744540760427,1,user16
0.9772243303011878,1,user16
0.8199287308591836,1,user16
0.773861761447798,1,user16
0.28329402541860105,1,user16
0.29633778522231236,0,user16
0.8167739263851935,1,user16
0.7617917955745623,1,user16
0.79342967856322,1,user16
0.7316253477853588,0,user16
0.4263618617271789,1,user16
0.5107847204741481,1,user16
0.4364360061284244,0,user16
0.4482378027879821,0,user16
0.22905884889545886,0,user16
0.8436847658007552,1,user16
0.864220669374557,1,user16
0.4849688236929266,0,user16
0.8618193569657089,1,user16
0.6391033396450715,1,user16
0.39708303708251513,1,user16
0.36064369571574795,1,user16
0.7699531383118317,0,user16
0.39508883451722776,0,user16
0.6710934698358999,1,user16
0.5697175092453383,1,user16
0.6261827991366393,1,user16
0.7791698580967241,1,user16
0.8257353786863738,1,user16
0.6978077891042604,0,user16
0.6882884129066349,1,user16
0.37732176685429447,0,user16
0.7537170406822699,1,user16
0.7578800731077907,1,user16
0.40531129569969354,0,user16
0.8385020220849277,1,user16
0.4618001265665707,1,user16
0.6691878984974495,1,user16
0.7552256796380479,1,user16
0.6089665579889286,1,user16
0.6141492402082821,1,user16
0.8128501340092142,0,user16
0.5582312623642113,1,user16
0.7495861080855313,1,user16
0.8058574734656372,1,user16
0.4252621663958934,0,user16
0.4429133863984955,0,user16
0.5694894731695542,0,user16
0.442895379797346,0,user16
0.4263169683692728,1,user16
0.5238874973375777,1,user16
0.795498090806608,1,user16
0.738015646398145,1,user16
0.7344887390964829,1,user16
0.8058674045361341,0,user16
0.6799490794441311,1,user16
0.679643086471458,1,user16
0.7836113771571037,1,user16
0.8675066430238173,1,user16
0.7048309284233674,1,user16
0.8100081499001611,1,user16
0.7737300536773789,1,user16
0.3604049353951895,0,user16
0.7562675075505688,1,user16
0.714012439966585,1,user16
0.7598576986708807,1,user16
0.6675140819958746,1,user16
0.7705233623152998,1,user16
0.8399758215098518,1,user16
0.7425108076704758,1,user16
0.5392370422523491,0,user16
0.9880048122326129,1,user16
0.8942609416192743,1,user16
0.8084673980433775,0,user16
0.8107707327597247,1,user16
0.721706162742847,1,user16
0.7205986537841088,1,user16
0.5449513760417658,1,user16
0.41132821884361903,0,user16
0.5908653705645758,0,user16
0.9079187204713941,1,user16
0.8811783789588153,1,user16
0.8912378087836279,1,user16
0.8021777470956393,1,user16
0.9562244793061871,1,user16
0.6555465851735489,1,user16
0.6637413462356317,1,user16
0.7806324832160676,1,user16
0.828194031934916,1,user16
0.8843045704449317,1,user16
0.8465821219058812,1,user16
0.770672927136379,1,user16
0.7602123539188848,1,user16
0.6730704531452901,1,user16
0.755559321319986,1,user16
0.5518388433984206,1,user16
0.8180489469126677,1,user16
0.7948915295374686,1,user16
0.7728392606813249,1,user16
0.7607220334627345,1,user16
0.847428735809265,1,user16
0.8989089105323806,1,user16
0.8966800180306476,1,user16
0.7723125618604342,1,user16
0.7632860464200689,1,user16
0.7128676977042518,1,user16
0.5332329543129064,1,user16
0.5731765252978925,1,user16
0.5033146869699222,0,user16
0.3670824106637376,0,user16
0.8198457999339558,0,user16
0.3477579944904195,1,user16
0.6332072949349739,0,user16
0.272044023975423,1,user16
0.8223844894827919,1,user16
0.8404276638009947,1,user16
0.7006211772779745,1,user16
0.5704091962270078,1,user16
0.3909061582055541,1,user16
0.8702193030360678,1,user16
0.3020667273179986,1,user16
0.8078182866327743,1,user16
0.5827694418813887,0,user16
0.7585467965691758,0,user16
0.4147948630031784,1,user16
0.8051346022639216,1,user16
0.9427406849169,1,user16
0.8871766346189991,1,user16
0.7595276903642626,1,user16
0.7088868698152949,1,user16
0.8089064191612124,1,user16
0.5716220785277801,0,user16
0.5389987339411082,1,user16
0.8415919304687318,1,user16
0.864994597181449,1,user16
0.7228317790601766,1,user16
0.6959273703491831,1,user16
0.7917305557385254,1,user16
0.8797271095057124,1,user16
0.8561523867867487,1,user16
0.7306372164870908,1,user16
0.6938210272413561,1,user16
0.900341875423334,1,user16
0.8063068018513605,1,user16
0.7361453801137179,1,user16
0.8198685331831569,1,user16
0.9408904424300634,1,user16
0.9446819950582179,1,user16
0.8388033001341041,1,user16
0.7874886883241194,1,user16
0.8102560815615971,1,user16
0.8208210824406493,1,user16
0.682214507693341,1,user16
0.6810189674847796,1,user16
0.6809096992813757,1,user16
0.7877303291918775,1,user16
0.7969281902766203,1,user16
0.6915518872990697,1,user16
0.5143343395423572,0,user16
0.789244683291649,1,user16
0.993435385073116,1,user16
0.5265326643798632,0,user16
0.3478309170416385,0,user16
0.265387918652151,0,user16
0.37290403798777105,1,user16
0.896478991521096,1,user16
0.7780433750410981,1,user16
0.7987333702528411,1,user16
0.8635713069266694,1,user16
0.6574649996395416,1,user16
0.8358226887999473,1,user16
0.38929631296919315,1,user16
0.7590981722081048,1,user16
0.8696224132556962,1,user16
0.7584145845575256,1,user16
0.4880074926711394,0,user16
0.7117972501444305,0,user16
0.4622466780523008,1,user16
0.9657171442353298,1,user16
0.7477705036990643,1,user16
0.989882719653713,1,user16
0.9646943474655131,1,user16
0.7811558428944029,1,user16
0.44733814461707705,0,user16
0.6502005496541743,1,user16
0.37887197302252074,0,user16
0.42834776161212484,0,user16
0.7742425563327248,1,user16
0.39126600712750653,0,user16
0.6916574616345393,1,user16
0.8721340844847397,1,user16
0.774506519192912,1,user16
0.7001404776837735,1,user16
0.8911252938582478,1,user16
0.8933559022103299,1,user16
0.8865481584439849,1,user16
0.3575778516929478,0,user16
0.5683549409195553,1,user16
0.3596628770284119,0,user16
0.7769776486365786,1,user16
0.759870735290796,1,user16
0.6792437975926967,1,user16
0.9033004922588836,1,user16
0.34804641794348,0,user16
0.2928057217372131,1,user16
0.8653155810290588,1,user16
0.8881050975420647,1,user16
0.6319981792517024,1,user16
0.6983977119133795,1,user16
0.7027731294722782,1,user16
0.7746569890221133,1,user16
0.8120982488181729,1,user16
0.8147968000894457,1,user16
0.8289669252360784,1,user16
0.5105991494921596,0,user16
0.4291564326275967,0,user16
0.5572600448422921,0,user16
0.2999071420890136,0,user16
0.4410622574167477,0,user16
0.7689042064303004,1,user16
0.7911627233117742,1,user16
0.9377465254465203,1,user16
0.8160716245284105,0,user16
0.8709104130376529,1,user16
0.7383579810511758,1,user16
0.295914041566229,1,user16
0.8094242115460227,1,user16
0.8506806244889591,1,user16
0.8340588478977493,1,user16
0.994912998641338,1,user16
0.7961917274138247,1,user16
0.7457017433762124,1,user16
0.8412844320069821,1,user16
0.7184479173527835,1,user16
0.3422352933060308,1,user16
0.4227356065191864,0,user16
0.6302107529171539,0,user16
0.3759835518011252,0,user16
0.8794154749160425,1,user16
0.780010862534336,1,user16
0.9115441131633002,1,user16
0.7571058259475748,1,user16
0.7014338087151463,1,user16
0.8534209856834644,1,user16
0.6463163634463265,1,user16
0.6450710731893015,1,user16
0.6756097262258289,1,user16
0.7585492730658279,1,user16
0.6037919076367793,1,user16
0.7437956370281351,1,user16
0.7913253401401346,1,user16
0.29138504840843493,0,user16
0.6219278954635481,0,user16
0.3736930810539214,0,user16
0.3151360051563985,0,user16
0.6688644578402774,0,user16
0.8817841533992862,1,user16
0.7888388776711559,1,user16
0.4407392976844995,0,user16
0.6335031739337283,1,user16
0.6383884995227294,1,user16
0.8186691791185856,1,user16
0.7296771469858129,1,user16
0.8949898825386311,1,user16
0.7592247552651635,1,user16
0.6513025644603208,1,user16
0.6050715459012963,0,user16
0.8461354152107087,0,user16
0.5984778445866558,0,user16
0.38365797959352266,0,user16
0.3067818652700525,0,user16
0.830038001022142,1,user16
0.7526581698885402,1,user16
0.8041471083669611,1,user16
0.8395657047958591,1,user16
0.6744234603822942,1,user16
0.7032642668671815,1,user16
0.6807813672201017,1,user16
0.8553334397769471,1,user16
0.7170132138793242,1,user16
0.26835053892465827,0,user16
0.9136261279281681,1,user16
0.8137609789074844,1,user16
0.7652565389156724,1,user16
0.7934863805326103,1,user16
0.9548309101867419,1,user16
0.7023452339510448,1,user16
0.494959578340178,1,user16
0.6074071012275271,1,user16
0.3340941915262353,0,user16
0.7513652949846216,1,user16
0.4856741527093254,0,user16
0.2424305198410427,0,user16
0.5962612921787465,1,user16
0.36760614992985075,0,user16
0.7793976465854255,1,user16
0.4671653951301523,1,user16
0.5070485052130099,0,user16
0.7203154653362412,1,user16
0.7789945419295505,1,user16
0.36505134310508275,0,user16
0.6774528440048753,1,user16
0.41043930989183225,1,user16
0.7713633986663463,1,user16
0.7009860358826028,1,user16
0.7600522931198237,1,user16
0.9227544555223048,1,user16
0.7841165827024402,1,user16
0.745997507799696,1,user16
0.3163096950764133,1,user16
0.5052604305320696,1,user16
0.4777510649430318,0,user16
0.5371199656014167,1,user16
0.3960524121662954,0,user16
0.6990756288687812,0,user16
0.7779147771129945,0,user16
0.5911631829917944,0,user16
0.4632381626497663,1,user16
0.5234704627707397,0,user16
0.9656837732129002,1,user16
0.7118623796063553,1,user16
0.7809628178449206,1,user16
0.5286212263302202,1,user16
0.4785162784037237,0,user16
0.4981005590274551,0,user16
0.8178879365023464,1,user16
0.43969867811236146,0,user16
0.9191453359205048,1,user16
0.8686472168715231,1,user16
0.4598037171037415,0,user16
0.8455673250335514,1,user16
0.7861269266348916,1,user16
0.577234629929659,1,user16
0.780503063189324,1,user16
0.7212425388176108,1,user16
0.766228041828613,1,user16
0.671834068948352,1,user16
0.5734095998546801,1,user16
0.3300077992655546,0,user16
0.20777113293281546,0,user16
0.691716123882151,1,user16
0.923392242922812,1,user16
0.7448284270047879,1,user16
0.5861218969393338,0,user16
0.8864264419215127,1,user16
0.6823019110216813,1,user16
0.7736838993175685,1,user16
0.6717887612142642,1,user16
0.3388676551084387,1,user16
0.7324592110811508,1,user16
0.6600796679920092,1,user16
0.7278590801820713,1,user16
0.7328387786078877,1,user16
0.7170154132380478,1,user16
0.8437284643257407,1,user16
0.7339857313786446,1,user16
0.7282435514810958,1,user16
0.7829296832834658,1,user16
0.5562704318415824,0,user16
0.64258149722923,1,user16
0.7074988659005434,1,user16
0.7077654077685863,1,user16
0.7648255306113063,1,user16
0.6885864502741218,1,user16
0.29822496272327825,0,user16
0.3586658943538492,0,user16
0.41817051669779864,0,user16
0.369932869873702,0,user16
0.8716362878607828,1,user16
0.9411481317410053,1,user16
0.9244688968626182,1,user16
0.8798982205936466,1,user16
0.7341563184958051,1,user16
0.861761775940979,1,user16
0.4418324833608488,1,user16
0.38691061888821704,1,user16
0.7812069819640883,1,user16
0.9507007018160627,1,user16
0.5163278820044445,1,user16
0.7666873924478499,1,user16
0.7094497923142787,1,user16
0.3920361951376682,1,user16
0.6684551844899855,1,user16
0.5230001202275777,1,user16
0.8972618559979239,1,user16
0.9075158723389029,1,user16
0.7130922594394995,1,user16
0.9763088751711737,0,user16
0.9839608687812387,0,user16
0.8687114035656838,1,user16
0.8348102098064629,1,user16
0.39674644117421454,0,user16
0.7660599481922159,0,user16
0.8854726812054688,1,user16
0.5402687267372184,0,user16
0.5947746865116964,1,user16
0.7758461706387976,1,user16
0.5525727057072629,0,user16
0.34244437542673517,0,user16
0.530096526171879,0,user16
0.7730774634303728,1,user16
0.7483311745758373,1,user16
0.8171852503918158,1,user16
0.8595595329583036,1,user16
0.7968527861814765,1,user16
0.7151878099857683,1,user16
0.8254755926187244,1,user16
0.6326027753347145,1,user16
0.7251837188203955,1,user16
0.4071662318133337,0,user16
0.6726405787533837,1,user16
0.610731190190157,1,user16
0.33139961852556143,1,user16
0.7968473565495594,1,user16
0.7553065132842356,1,user16
0.37130766711841734,1,user16
0.4925773473036659,0,user16
0.5181140979539546,0,user16
0.44338798370778737,0,user16
0.2112113138211936,0,user16
0.33759517949321977,0,user16
0.5118810592694031,0,user16
0.31487756547986445,0,user16
0.7457594340325906,1,user16
0.6055616713193983,0,user16
0.7109129924289023,1,user16
0.7367664888437327,1,user16
0.7689602933857903,1,user16
0.6463270841571709,1,user16
0.7641302775002735,1,user16
0.5468328978808427,1,user16
0.6230662312749035,0,user16
0.7412712834446114,1,user16
0.8203741746427027,1,user16
0.48806131211589626,1,user16
0.5588155490658274,1,user16
0.7289352451414816,1,user16
0.7049289157808315,1,user16
0.6341062408752905,1,user16
0.5331455782956909,1,user16
0.767763554087334,1,user16
0.7399410301822852,1,user16
0.8023985385320241,1,user16
0.8210143906209247,1,user16
0.8824683337584022,1,user16
0.7507415786668749,1,user16
0.8103724902313267,1,user16
0.9782790753295963,1,user16
0.9442105805199943,1,user16
0.3580556739654313,1,user16
0.7197400677258388,1,user16
0.8824165674100803,1,user16
0.7762245756702764,1,user16
0.32479671120754433,1,user16
0.7628736754117184,1,user16
0.7692419873047496,1,user16
0.5573514746170505,1,user16
0.882646050360691,1,user16
0.795431477561379,1,user16
0.9083378365352741,1,user16
0.5393778454613715,0,user16
0.3304016431129094,0,user16
0.8936135443498648,1,user16
0.9903684899822245,1,user16
0.7281062304356642,1,user16
0.7408779048876483,1,user16
0.8303785342061998,1,user16
0.8285900702645019,1,user16
0.768085720278853,1,user16
0.7761300183870433,1,user16
0.7120802082838507,1,user16
0.4095024393633505,0,user16
0.7494418212150301,1,user16
0.7801991279074343,1,user16
0.7663652983025983,1,user16
0.747819180773424,1,user16
0.6267822571549685,1,user16
0.6846895696120467,1,user16
0.7637764737429846,1,user16
0.44737871452178923,1,user16
0.3947001719791615,0,user16
0.7696704163650856,1,user16
0.44428666030594083,0,user16
0.8308262174085823,1,user16
0.7920679021699881,1,user16
0.9721285486218604,1,user16
0.5379121386642483,1,user16
0.34153560155258944,0,user16
0.6623172653027103,0,user16
0.59362257351457,1,user16
0.8746104084829397,1,user16
0.64314448650581,1,user16
0.7567192923596114,1,user16
0.8092726959397073,1,user16
0.4651098333165083,1,user16
0.7503888921632242,1,user16
0.46960238718799907,0,user16
0.6783761435588641,1,user16
0.6440228348135418,1,user16
0.7965734896421572,1,user16
0.9187972613770062,1,user16
0.8340801855665233,1,user16
0.6489565838476099,1,user16
0.7321609417227103,1,user16
0.5639285246080757,1,user16
0.942963391509515,1,user16
0.8412169280473275,1,user16
0.8540434145737552,1,user16
0.8513590161006306,1,user16
0.534391504759542,1,user16
0.39335929415941356,1,user16
0.7421443269430641,1,user16
0.7144233760800124,1,user16
0.6950807705201449,1,user16
0.7240499974923718,1,user16
0.5045119509206727,1,user16
0.7157061565754185,1,user16
0.39403504332320005,0,user16
0.3358365796745645,1,user16
0.7806207936901894,1,user16
0.8118865130387816,1,user16
0.7611897469457193,1,user16
0.79816930881239,1,user16
0.8283732571227858,1,user16
0.7405690015929345,1,user16
0.7444787118518367,1,user16
0.7283399011597065,1,user16
0.718878680174183,1,user16
0.6901808181109667,1,user16
0.7835426707374366,1,user16
0.8320831175272065,1,user16
0.9229814276521675,1,user16
0.29722274021312134,1,user16
0.5454192090741683,1,user16
0.5630403168727877,1,user16
0.2688649235696761,0,user16
0.5108846966161804,1,user16
0.4030103516545223,0,user16
0.6304779959009292,1,user16
0.7103004986919015,1,user16
0.9422213737903545,1,user16
0.7595066891070978,1,user16
0.9026883904703196,1,user16
0.41759271789861774,0,user16
0.3113446999172321,1,user16
0.6934765220876041,1,user16
0.27003543216693865,0,user16
0.3850425500485354,0,user16
0.8884808735409089,0,user16
0.9561756570415088,1,user16
0.7100787466292141,1,user16
0.6911489205951736,1,user16
0.58856563889317,1,user16
0.7722724654730454,1,user16
0.7709968616823539,1,user16
0.6504271199051027,1,user16
0.5553995054892003,1,user16
0.4039045173704754,1,user16
0.6874718545490154,1,user16
0.7483025159205567,1,user16
0.7441597012872689,1,user16
0.7277174727310385,1,user16
0.7047959255536356,0,user16
0.7117208616709185,1,user16
0.7588075515690793,1,user16
0.7427430699917146,1,user16
0.9264243304950133,1,user16
0.8530173793824943,1,user16
0.792560011381803,1,user16
0.663659340318378,1,user16
0.6859033659495389,1,user16
0.7225292195039051,1,user16
0.6882868447538364,1,user16
0.5844280472525014,1,user16
0.7240852197142055,1,user16
0.7624398399658288,1,user16
0.6900085891169567,1,user16
0.6896452723686648,1,user16
0.7036667641109374,1,user16
0.8207201071340139,1,user16
0.6770715517974581,1,user16
0.7371592960128137,1,user16
0.7979359417894771,1,user16
0.6871350568856167,1,user16
0.8158288847195732,1,user16
0.6807417326672355,1,user16
0.6807829745864958,1,user16
0.7455170885048076,1,user16
0.1999919270571479,0,user16
0.7909349555211753,1,user16
0.7819736179730583,1,user16
0.8975569375029103,1,user16
0.4060838136430995,0,user16
0.8541434285810039,1,user16
0.8745727663126408,1,user16
0.9420612687057258,1,user16
0.5472284213678219,1,user16
0.4530952514919195,1,user16
0.827610363209134,1,user16
0.35955650068338474,1,user16
0.8827941350591013,1,user16
0.7466735641973564,1,user16
0.7866114072536421,1,user16
0.7756501613467448,1,user16
0.6841466012731295,1,user16
0.7522460850980194,1,user16
0.7284526824823406,1,user16
0.7307361674531734,1,user16
0.8745330885312511,1,user16
0.7085177244994563,1,user16
0.728656155882284,1,user16
0.7542248337709543,1,user16
0.7773210093024427,1,user16
0.7398680998997778,1,user16
0.8901721531641309,1,user16
0.7627269631507914,1,user16
0.8218448141701669,1,user16
0.7146498314477208,1,user16
0.7046393142956914,1,user16
0.6814788295842321,1,user16
0.7398337515903468,1,user16
0.9440150284733012,1,user16
0.852564249274289,1,user16
0.6910605183425451,1,user16
0.6197941338179508,1,user20
0.48458382459006394,1,user20
0.42053896396421464,1,user20
0.5005558015950641,1,user20
0.8180893177090081,1,user20
0.49437314451869796,1,user20
0.48753273302410904,1,user20
0.5081092435177588,1,user20
0.6327586168441754,1,user20
0.6391806023099189,1,user20
0.5348204087057326,1,user20
0.5190376198992586,1,user20
0.5698796035831116,1,user20
0.8815748787894101,1,user20
0.6614554793322541,1,user20
0.6148282835354415,1,user20
0.4546015263128825,1,user20
0.6448246174951359,1,user20
0.5255698067653692,1,user20
0.8957576160555965,0,user20
0.6162733279731751,1,user20
0.5508601871122507,1,user20
0.4996038285323529,1,user20
0.5562835970737046,1,user20
0.6228499165156227,1,user20
0.61755757881374,1,user20
0.481231853104743,1,user20
0.6317010771240803,0,user20
0.780908055145407,0,user20
0.6501896064761471,1,user20
0.5205131002732115,1,user20
0.5943576860360605,1,user20
0.5093578192293051,1,user20
0.5328121933702848,1,user20
0.5492387480873078,1,user20
0.5392612928700028,1,user20
0.49082767917648085,0,user20
0.43898588222332374,0,user20
0.594698796977549,1,user20
0.533215720693492,0,user20
0.29124407816038184,1,user20
0.43236654568292504,1,user20
0.7889556354522379,0,user20
0.48129770274283007,0,user20
0.45211589775880356,1,user20
0.5973557003598982,1,user20
0.5043578316718156,1,user20
0.49137293932039106,1,user20
0.8276243858702422,1,user20
0.575761561377687,1,user20
0.4927608628297214,1,user20
0.47809168267817337,1,user20
0.38560032883190953,1,user20
0.5483968145168215,1,user20
0.8223186736621853,1,user20
0.5498757307519964,1,user20
0.6120134107740988,1,user20
0.9589108043119334,1,user20
0.6477186428394568,1,user20
0.6764369803295094,1,user20
0.6020243341747225,1,user20
0.6677363394392415,1,user20
0.7630229405724317,0,user20
0.4846408239185466,1,user20
0.6948885836843389,1,user20
0.4824577488122142,1,user20
0.5722654630189693,0,user20
0.8736464205126305,0,user20
0.856849893216457,0,user20
0.8636034529204334,0,user20
0.8258261845008625,1,user20
0.6296043274563573,1,user20
0.799811858353546,1,user20
0.6353477777373033,1,user20
0.5960343123731435,1,user20
0.7544350208070251,1,user20
0.7802684326277364,1,user20
0.4830639026250031,0,user20
0.7807400939256139,0,user20
0.8500731731839994,0,user20
0.3740302650479127,1,user20
0.6334523237162047,1,user20
0.6467715136093695,1,user20
0.6976043627680742,1,user20
0.5607887802718984,1,user20
0.52228766765717,1,user20
0.4929113828470789,0,user20
0.9126058319958535,0,user20
0.7485770066925016,1,user20
0.9775483797669521,1,user20
0.7116749395391929,1,user20
0.8224108099409987,1,user20
0.9413640608657234,1,user20
0.810794852343256,1,user20
0.9643490596823743,1,user20
0.5800108793049334,1,user20
0.7662266093025891,1,user20
0.48976202746068886,1,user20
0.6496699488973877,1,user20
0.7564966177417172,1,user20
0.5469438321613094,1,user20
0.5556095508562277,1,user20
0.49336949423348964,1,user20
0.8828872502306351,0,user20
0.4528377705054947,1,user20
0.40767829599910055,0,user20
0.3076059690085392,1,user20
0.6413006129655748,1,user20
0.650479713742651,1,user20
0.7849135291349887,0,user20
0.7138766197237645,1,user20
0.5688559848931621,0,user20
0.8251013533215457,1,user20
0.5622565214389624,1,user20
0.5318665982161197,1,user20
0.6857366652026796,1,user20
0.7954285570499011,1,user20
0.828473602994309,1,user20
0.8092674844750155,1,user20
0.6160462944625255,1,user20
0.4876350555451816,1,user20
0.7154525246731166,1,user20
0.600433972190923,1,user20
0.6943436233960706,1,user20
0.7481126172457965,1,user20
0.6403070683860179,1,user20
0.3361807194412768,0,user20
0.7891647284906688,1,user20
0.6292179870312481,1,user20
0.6264074060223304,1,user20
0.46566392057999234,1,user20
0.3298224768209223,0,user20
0.6552532512798227,1,user20
0.456985148091285,1,user20
0.4767657442430859,0,user20
0.7268486584426894,1,user20
0.6277118239028406,1,user20
0.49259731361663817,1,user20
0.6103872636115908,1,user20
0.3965117925169293,1,user20
0.6447259302924572,0,user20
0.596921639946161,0,user20
0.45553048597760737,1,user20
0.3806699754718685,0,user20
0.7446451141303423,0,user20
0.47983299171299054,1,user20
0.3611263908227618,1,user20
0.7336620292256896,1,user20
0.47301976694573755,0,user20
0.5361173619969997,1,user20
0.707220158618206,1,user20
0.5147665136760966,1,user20
0.6489148629961032,1,user20
0.7885498936329703,1,user20
0.518432321127048,0,user20
0.5245682645535191,1,user20
0.6557411905220268,1,user20
0.5683786973569311,1,user20
0.5984247166674996,1,user20
0.5197625192896741,1,user20
0.5209017577906232,1,user20
0.9658791502675294,0,user20
0.864941682320909,0,user20
0.43227129780481544,0,user20
0.6114762423844196,0,user20
0.6219864731476817,1,user20
0.5876462968079561,1,user20
0.5134472980295287,1,user20
0.531434438052843,0,user20
0.6547104495926838,1,user20
0.8774925971082655,1,user20
0.6703459472096119,1,user20
0.23253934757157696,0,user20
0.5639614375767927,1,user20
0.4384606352551506,1,user20
0.7662508117851486,1,user20
0.6099550531221826,0,user20
0.7630099371723462,0,user20
0.48506732075002135,1,user20
0.6035527685676187,1,user20
0.610418898382669,1,user20
0.6392434709464803,1,user20
0.5720030090455656,1,user20
0.628826335371189,1,user20
0.5983488698407778,1,user20
0.8081977309958663,1,user20
0.6402716865825603,0,user20
0.6839721600091448,1,user20
0.656570986468282,0,user20
0.7085870443326787,1,user20
0.7457543996106017,0,user20
0.5605597422633444,1,user20
0.6679792688541586,1,user20
0.7290824540231277,1,user20
0.42161022326060243,1,user20
0.5675316864766133,0,user20
0.6010708926507532,0,user20
0.4967886349306141,1,user20
0.8554594502851633,0,user20
0.7918343028998228,1,user20
0.6224449284846046,1,user20
0.5473090265415765,1,user20
0.8007069791046074,1,user20
0.8993280289852922,0,user20
0.923284169814362,0,user20
0.8962874845446072,0,user20
0.9305257598688439,0,user20
0.4720961078089254,1,user20
0.46838769286346155,1,user20
0.4639670282397419,0,user20
0.6669548618621352,1,user20
0.24438933649136246,0,user20
0.4930668219619602,0,user20
0.46353246967100964,0,user20
0.6066544979697471,0,user20
0.5051835541498596,1,user20
0.6380969736999285,1,user20
0.8015979057811298,0,user20
0.267180503182922,0,user20
0.7179859809703385,0,user20
0.4430623656987212,1,user20
0.5668053958772359,1,user20
0.37576239218820606,0,user20
0.4883276334628719,0,user20
0.7057247357648972,0,user20
0.6244039860799878,0,user20
0.5750613365689126,1,user20
0.4848470475868764,1,user20
0.46021727262442413,1,user20
0.7356234359821866,1,user20
0.4713202770706363,1,user20
0.5814087231267998,1,user20
0.6651642139487903,1,user20
0.9168513183825937,1,user20
0.7324567170239245,0,user20
0.7426152840686455,1,user20
0.5803538254759312,1,user20
0.5419321321883843,1,user20
0.5292015142015467,1,user20
0.685998111555468,1,user20
0.7803887036752499,1,user20
0.4838620059428608,0,user20
0.6393732958600796,1,user20
0.5889820436202409,1,user20
0.5958268833373253,1,user20
0.9324355614319233,1,user20
0.5499066293554372,1,user20
0.7359923174630596,1,user20
0.7355939695695658,1,user20
0.708490593142399,1,user20
0.3096284182522992,1,user20
0.5411666155677831,1,user20
0.5356598614236361,1,user20
0.5655862730994998,1,user20
0.5969573966039345,1,user20
0.870579572871394,0,user20
0.5179160278044181,0,user20
0.5564826701509797,1,user20
0.5348062741994168,1,user20
0.7366287094554966,1,user20
0.795010750595542,1,user20
0.45559167312065313,0,user20
0.5015005954914744,1,user20
0.49392326875517123,1,user20
0.790469798532631,1,user20
0.6680461752736688,1,user20
0.835445535356972,0,user20
0.8289100468615037,0,user20
0.548373312473232,1,user20
0.8281956267512881,1,user20
0.5817060543776122,1,user20
0.5472572233595595,1,user20
0.5747580063673934,1,user20
0.530726536052542,1,user20
0.47939797607987217,1,user20
0.984844104700846,1,user20
0.9413065683961606,1,user20
0.9695145250807015,1,user20
0.8251366166761253,1,user20
0.5957548026546549,0,user20
0.502210620301115,0,user20
0.5639202825756319,1,user20
0.3961389779325737,0,user20
0.6173806683479178,1,user20
0.5961527072013522,1,user20
0.6418281184827374,1,user20
0.7030717488096725,1,user20
0.8580079618404681,1,user20
0.2652083682343382,1,user20
0.5781362537527743,0,user20
0.5978442061153886,1,user20
0.5445100431144121,0,user20
0.5280233048885112,1,user20
0.8121227341641549,1,user20
0.5443003906067724,1,user20
0.5561283274414902,1,user20
0.522588164158907,1,user20
0.495743323447862,1,user20
0.6370350061869879,0,user20
0.5124310819621961,1,user20
0.5010115208344169,0,user20
0.5857479888524593,1,user20
0.4927015421248147,0,user20
0.8164618607094476,1,user20
0.5840358024241751,0,user20
0.2709575277435362,1,user20
0.5854519375889987,0,user20
0.35755775028825254,1,user20
0.5535927200387295,1,user20
0.5462723363282557,1,user20
0.5163591157836415,1,user20
0.8894317186190703,0,user20
0.5750264275518763,0,user20
0.5392984606895989,1,user20
0.5971110969917733,1,user20
0.8362884114491109,1,user20
0.42995541073901256,1,user20
0.3517185271301614,1,user20
0.4856191486583844,1,user20
0.7715397208313236,1,user20
0.9654903868400616,1,user20
0.7796174121994303,1,user20
0.40044690232686747,0,user20
0.46469804141643173,1,user20
0.6523844116975019,0,user20
0.4539675628804379,1,user20
0.48351840713066857,1,user20
0.8728208472284146,1,user20
0.3849827356845456,1,user20
0.49427519474611736,1,user20
0.5636489247283744,1,user20
0.8456674357110728,1,user20
0.7962648017449737,1,user20
0.5246319705459614,0,user20
0.5808593011137174,1,user20
0.7390616918254163,1,user20
0.8010216551283023,1,user20
0.39117874542737585,1,user20
0.5000518963504911,0,user20
0.48745810165762005,0,user20
0.6348008050649967,1,user20
0.4675364455677713,0,user20
0.8179955320253258,1,user20
0.5258552712565705,1,user20
0.5095936262924592,1,user20
0.6670891116982043,1,user20
0.5970487375427929,1,user20
0.48202264113058274,0,user20
0.5334218963676018,0,user20
0.4841044872266883,1,user20
0.5193474560779872,1,user20
0.49916522664260954,1,user20
0.4812294936391798,1,user20
0.6747968693533986,1,user20
0.7044226135205063,1,user20
0.5153309044063895,0,user20
0.5223701358584486,1,user20
0.7423113344877998,1,user20
0.5006096345481116,1,user20
0.825251848793739,1,user20
0.862642954003224,1,user20
0.9656827643791487,1,user20
0.7157390561003129,1,user20
0.5136468139092847,1,user20
0.5826832058799392,1,user20
0.7013709749348648,1,user20
0.5920274500461534,1,user20
0.6238828704624936,1,user20
0.5890498626214604,1,user20
0.7187529553633427,1,user20
0.8359089133122654,1,user20
0.8233342792115558,1,user20
0.7120857671821673,1,user20
0.8577484144368779,1,user20
0.7816564104285848,1,user20
0.82583971171116,1,user20
0.7838630881455173,1,user20
0.4942156775802149,1,user20
0.5355955236627266,1,user20
0.7794298522299362,1,user20
0.6682997491154757,1,user20
0.5859886887535746,1,user20
0.5270046162567306,1,user20
0.6627228187315127,1,user20
0.8378193476990642,0,user20
0.3448965988718301,1,user20
0.4213319258734383,0,user20
0.6871310815541325,1,user20
0.7927465889483107,1,user20
0.8308295826840478,1,user20
0.8201286928533327,1,user20
0.5608747931151751,1,user20
0.7986934389184992,1,user20
0.8202280463249962,1,user20
0.6421850647311198,1,user20
0.5038329566463863,1,user20
0.636043574866553,1,user20
0.5220192166457243,1,user20
0.9035565969642575,0,user20
0.5453822619988405,1,user20
0.7640830293491682,0,user20
0.7447720267250972,0,user20
0.8605887381124643,0,user20
0.9644875844988807,1,user20
0.815318212576524,1,user20
0.6339955025660697,0,user20
0.7863223655217154,0,user20
0.7213096491162605,1,user20
0.6200294434341028,0,user20
0.6961187736270495,0,user20
0.6479911289551744,0,user20
0.4399114444339501,0,user20
0.6578007379463077,1,user20
0.569600330237919,0,user20
0.951040053538027,0,user20
0.611538762147394,0,user20
0.8261119619782673,1,user20
0.7587868195953702,0,user20
0.5801895489783179,1,user20
0.8951960940014733,0,user20
0.8015908459190784,0,user20
0.6377592632602258,0,user20
0.46080006027613696,0,user20
0.7116434641846673,0,user20
0.5428252244754213,1,user20
0.9187990746110151,0,user20
0.5148473769790788,0,user20
0.8355862098015441,1,user20
0.6674456787511833,1,user20
0.9892429937563607,1,user20
0.9330048674575441,1,user20
0.5518199619713189,0,user20
0.7461602757022057,1,user20
0.6734217210714362,1,user20
0.8021654093097427,1,user20
0.5701368758860993,1,user20
0.5645938422086717,1,user20
0.49654998334568456,0,user20
0.2771210837444392,1,user20
0.5010881758683421,1,user20
0.6249565996475163,1,user20
0.47023527494429634,1,user20
0.47815441200021036,1,user20
0.6427413463811209,1,user20
0.41695779343561473,0,user20
0.7879626428583478,1,user20
0.9158205071906593,1,user20
0.35103098009105665,0,user20
0.6222248597672955,0,user20
0.6392760211641639,1,user20
0.4553776323214592,1,user20
0.7755202155944824,1,user20
0.754118783253074,0,user20
0.6543300619231445,1,user20
0.7791942951573163,1,user20
0.4885831144084533,0,user20
0.5656500332319144,1,user20
0.503665676530152,1,user20
0.5861180138144624,1,user20
0.6823276685655838,1,user20
0.5924695986414564,1,user20
0.3682945524566575,1,user20
0.5269681066066721,1,user20
0.5070139346961224,1,user20
0.49218721368431884,1,user20
0.6420054550279818,1,user20
0.4704335433175462,1,user20
0.6174216436658524,0,user20
0.4751786358204065,1,user20
0.5028876911159958,1,user20
0.49822976142802367,1,user20
0.45544940725545857,0,user20
0.5172535723057506,1,user20
0.4406121383456237,1,user20
0.39405096623945823,0,user20
0.6191386969439681,1,user20
0.5563926595476847,0,user20
0.7991276068910004,1,user20
0.7184635209271559,1,user20
0.21815391326070574,0,user20
0.5227967964772576,1,user20
0.45252350180452683,0,user20
0.5458234853789148,1,user20
0.6748332690665438,1,user20
0.4966712905920671,1,user20
0.3459004123974552,0,user20
0.4845774789661037,1,user20
0.47356986904980974,1,user20
0.9538514390378425,0,user20
0.970593009003161,0,user20
0.629864413141188,1,user20
0.5519031526033245,1,user20
0.6010053740469342,1,user20
0.46709483933059487,1,user20
0.2005516841912827,0,user20
0.493203892448762,1,user20
0.25566828713707157,0,user20
0.2490639362099775,0,user20
0.6641379330627278,1,user20
0.33506333423136786,1,user20
0.4580907507134616,0,user20
0.5434395205051896,0,user20
0.48918865432109176,0,user20
0.5110016883946413,1,user20
0.4750838801071365,1,user20
0.48170965202167526,1,user20
0.20626301803310682,1,user20
0.29173173819101783,1,user20
0.45703050466186024,1,user20
0.5809110338959322,1,user20
0.4958749630758775,1,user20
0.5649740518682623,1,user20
0.5293101628431034,1,user20
0.49691921761086616,1,user20
0.42639892480947206,0,user20
0.799252922106739,0,user20
0.6428872366427861,1,user20
0.6181092899813098,1,user20
0.35116644961320276,1,user20
0.6586210906687429,0,user20
0.5069124481423526,1,user20
0.5060532792571617,1,user20
0.41966274469198156,0,user20
0.31370285409382326,1,user20
0.49774056266935696,1,user20
0.512505333837282,1,user20
0.2785110699361129,1,user20
0.3484968980719624,1,user20
0.4160104863969741,1,user20
0.5166659022741081,1,user20
0.3573657520788096,1,user20
0.5369395625720497,1,user20
0.6060112785776453,1,user20
0.5337429057352615,1,user20
0.44314896268522946,1,user20
0.4539338207537461,1,user20
0.5595143588056603,1,user20
0.5559635720935386,1,user20
0.6568342480892136,1,user20
0.47727801857020713,1,user20
0.5827030340862159,1,user20
0.4812494325078322,1,user20
0.7818679044587372,0,user20
0.4860909251914208,1,user20
0.30707611637492055,0,user20
0.3030212780742393,0,user20
0.4287841253923329,1,user20
0.3545077601562192,0,user20
0.3443598300120664,0,user20
0.6445210634795265,0,user20
0.8939999998499505,1,user20
0.3357788807524724,1,user20
0.24313062599198898,1,user20
0.5943068840917389,0,user20
0.6168532037631013,0,user20
0.5310549200400057,1,user20
0.5961892003201245,0,user20
0.5498187107733198,0,user20
0.6313454910377021,1,user20
0.4245174442728894,1,user20
0.48670648968428143,1,user20
0.7914811295063989,1,user20
0.5002966190256158,1,user20
0.3131614566577622,0,user20
0.5362326623464875,1,user20
0.38933758430938187,0,user20
0.4798807769182158,0,user20
0.4625995597938106,1,user20
0.3022543936012407,0,user20
0.6006102992141494,0,user20
0.3672882485436395,0,user20
0.3437000966786676,0,user20
0.4216254728964428,1,user20
0.6665852656744524,1,user20
0.7700847278229666,1,user20
0.3239520157099052,1,user20
0.3462254215962489,1,user20
0.32567824724338085,0,user20
0.8792481081199688,0,user20
0.6030085701038053,0,user20
0.6926501020355865,1,user20
0.5065730621349308,1,user20
0.5355152150677145,1,user20
0.5726405650792533,1,user20
0.8358809098162698,1,user20
0.2607614344373033,0,user20
0.2774110119847601,0,user20
0.48700284570991065,1,user20
0.6206896484177095,1,user20
0.6287232525161367,1,user20
0.3055898896376184,0,user20
0.5736601413254137,0,user20
0.5563097538214241,1,user20
0.6383523945421803,1,user20
0.39350673565125865,1,user20
0.375881108818915,0,user20
0.449121238631647,1,user20
0.5398673995132566,0,user20
0.6990826508871762,0,user20
0.6527261702857069,0,user20
0.48083965644006404,0,user20
0.5510373567094143,0,user20
0.3097300028999047,0,user20
0.32562440070630966,1,user20
0.7521725341002667,1,user20
0.5273933388485147,1,user20
0.46755613645584815,0,user20
0.40384190682572035,0,user20
0.3391568825609709,0,user20
0.4706974196734104,1,user20
0.5239396408519621,1,user20
0.4907011218155374,1,user20
0.475590895072024,1,user20
0.5821005929308725,1,user20
0.6624126849908379,1,user20
0.40021535251138274,0,user20
0.5701941594855165,0,user20
0.6015743741552506,0,user20
0.3101390193974529,0,user20
0.4997731214985307,1,user20
0.4983723671059702,0,user20
0.613909114441222,1,user20
0.5491178244420263,1,user20
0.3761571063219125,1,user20
0.5041745565692252,1,user20
0.5921619321819365,1,user20
0.6677445146060814,1,user20
0.5654426131338794,0,user20
0.2584853688881089,0,user20
0.5311109447950717,1,user20
0.32596439914566555,0,user20
0.5663770381021155,1,user20
0.5570287169651597,0,user20
0.5558302668488713,1,user20
0.4747031222000912,1,user20
0.32567096570263565,0,user20
0.5828457494107069,1,user20
0.44986299303415594,1,user20
0.43866702780075495,1,user20
0.4722004284060718,1,user20
0.5673544306411408,1,user20
0.559273402879063,1,user20
0.3336728884884202,0,user20
0.4739689775363606,0,user20
0.29305331932264295,0,user20
0.42400970270394683,0,user20
0.3256881767476198,0,user20
0.5088510987441314,1,user20
0.5042747934256115,1,user20
0.5254400863829454,1,user20
0.548013729814194,1,user20
0.5668160245606481,0,user20
0.5117732564668465,0,user20
0.4942968317208672,1,user20
0.4524708437684049,0,user20
0.49700816465560094,1,user20
0.31738201360522394,0,user20
0.5375481174766762,1,user20
0.48398722532747096,1,user20
0.5109734969030973,1,user20
0.39782513543944337,1,user20
0.4603983334976457,1,user20
0.46366007504031626,1,user20
0.44471413648295005,1,user20
0.4292360641178246,1,user20
0.6148199701050964,1,user20
0.4205425405691905,0,user20
0.6401686672486191,0,user20
0.5163595020415067,1,user20
0.5693554884331766,1,user20
0.5976506001307434,1,user20
0.5697983915442835,1,user20
0.478449260605997,0,user20
0.6145951158125967,1,user20
0.5439746237536105,0,user20
0.563497088798238,0,user20
0.3431379511113671,1,user20
0.3729408188806539,1,user20
0.7415684274830394,1,user20
0.7192700077022368,1,user20
0.7579222381274746,0,user20
0.6991964798264738,1,user20
0.47010920992841176,1,user20
0.32293279587018153,0,user20
0.395381683104033,0,user20
0.5764497245493856,1,user20
0.45112094849372564,0,user20
0.27066056329538124,0,user20
0.267655331738761,0,user20
0.32743102991077144,0,user20
0.40893913794060194,0,user20
0.3919144445789372,0,user20
0.3914240980971204,0,user20
0.29262363706196226,0,user20
0.3191343001732035,0,user20
0.5259382749514371,0,user20
0.5395689175608771,1,user20
0.5112052535104583,1,user20
0.48931547535640485,0,user20
0.4799134747781286,0,user20
0.5110401159305984,0,user20
0.5600125253947743,0,user20
0.24070681302146607,1,user20
0.7277027611343136,0,user20
0.3929931464144969,0,user20
0.7466429656425555,1,user20
0.7696826739719478,1,user20
0.7577423690657366,1,user20
0.5511972744985844,1,user20
0.6398370216135534,1,user20
0.6757289495277754,0,user20
0.5392849013440395,0,user20
0.44662912554513046,0,user20
0.5571478835811656,1,user20
0.7995704144839596,1,user20
0.6914969989466128,1,user20
0.41541977384115863,1,user20
0.7886608307520432,0,user20
0.9303788163621899,0,user20
0.6376748845849453,0,user20
0.5981718759735929,0,user20
0.3876366437668004,0,user20
0.45595268755902457,1,user20
0.4582995119735154,0,user20
0.6224184793274163,0,user20
0.7978540720348559,0,user20
0.45941599720269316,0,user20
0.31474720140773316,0,user20
0.2893567101059162,1,user20
0.5589380770730126,0,user20
0.4395414915371465,1,user20
0.4893235479623095,1,user20
0.4160408295863564,0,user20
0.6632948436829164,1,user20
0.41683833390011055,0,user20
0.38301022372202104,0,user20
0.32359929363480006,0,user20
0.4277589091993281,0,user20
0.46232587556945565,0,user20
0.6292025414663062,1,user20
0.4800992184507488,1,user20
0.2749696072069158,1,user20
0.86125050943382,1,user20
0.5696077314492697,0,user20
0.5092294342663117,1,user20
0.6679329323946115,0,user20
0.4946615472058093,1,user20
0.40303306593646854,0,user20
0.6320830554033093,1,user20
0.7017461428409062,1,user20
0.3786648088126773,1,user20
0.7477883404396304,0,user20
0.4361110840721646,1,user20
0.2624926380113503,1,user20
0.5447804597027065,0,user20
0.5209302030440874,1,user20
0.49723562267241866,0,user20
0.3622239659276601,0,user20
0.5570619020910712,0,user20
0.5052229743470497,0,user20
0.4551383453756595,1,user20
0.4579719087926837,1,user20
0.47475421735372103,1,user20
0.504495885231313,1,user20
0.5385088128729034,1,user20
0.5487215239842643,0,user20
0.7912959771723778,1,user20
0.38002689097609016,0,user20
0.29380090669777215,1,user20
0.3603008529092109,1,user20
0.41717244201646364,0,user20
0.7317213506384945,0,user20
0.7545495681669774,0,user20
0.5508790695956726,1,user20
0.7733285267558795,1,user20
0.5514967093581638,1,user20
0.8643071460491619,1,user20
0.44703024366578864,0,user20
0.29949623440403167,0,user20
0.719458831147655,0,user20
0.38652150942274094,1,user20
0.6156945792432702,1,user20
0.7627654624399538,1,user20
0.45233136017056735,0,user20
0.5574738241308269,0,user20
0.31209724371846004,0,user20
0.2856988105179237,1,user20
0.6131522764991267,1,user20
0.44040681433348416,1,user20
0.3020017937632228,0,user20
0.6741189470714564,0,user20
0.6751170993532816,1,user20
0.6567689175996092,0,user20
0.5785508491036702,0,user20
0.44430546559475326,1,user20
0.48125631951952375,1,user20
0.554745797130855,1,user20
0.5481728395393767,1,user20
0.5134552521585176,1,user20
0.5222567434983181,1,user20
0.6973766798995258,1,user20
0.7211500538534065,1,user20
0.5445957959967721,1,user20
0.588861289152148,0,user20
0.7385324797058396,0,user20
0.5003996698744537,1,user20
0.4239236216031909,1,user20
0.38142777532887046,1,user20
0.7687379312531765,1,user20
0.8310691940994782,1,user20
0.8144943298654753,0,user20
0.6605086462761032,1,user20
0.4522274158177938,1,user20
0.4451137991494492,1,user20
0.45560712655309876,1,user20
0.4648102381142238,1,user20
0.6323821184230365,1,user20
0.7124952814147656,0,user20
0.5208000054905073,0,user20
0.9240475095964386,1,user20
0.7334158713419855,1,user20
0.48139825185678053,1,user20
0.7107267854817918,1,user20
0.39575580352568535,0,user20
0.6181153144308514,1,user20
0.785769180618132,1,user20
0.8947412707242519,1,user20
0.5263110410285415,1,user20
0.5377446126390895,1,user20
0.6370742844974445,1,user20
0.8154709704378066,1,user20
0.673618199549623,1,user20
0.8243840489330414,1,user20
0.746807181126713,1,user20
0.5891887082528454,1,user20
0.6849857790940956,1,user20
0.8293001695096139,1,user20
0.8619999098517633,1,user20
0.6797506952798069,1,user20
0.6083906216697267,1,user20
0.8218384756445761,1,user20
0.7612578650316824,1,user20
0.7750292134271842,1,user20
0.8236066975739592,1,user20
0.6654802900412055,1,user20
0.8475306998152018,1,user20
0.8613970183417724,1,user20
0.5625961982039773,1,user20
0.5632937516920247,1,user20
0.6811786718957062,0,user20
0.6359520727771963,1,user20
0.8241382180351858,0,user20
0.5406485303935264,1,user20
0.539085951329712,1,user20
0.4968964124673315,1,user20
0.8358411321672413,0,user20
0.6388292337730034,0,user20
0.7522201819958595,0,user20
0.717617078036558,0,user20
0.8228073546404984,1,user20
0.5584384985447257,1,user20
0.5061206851773075,1,user20
0.5929821662292328,1,user20
0.7864862267659578,1,user20
0.5256466273109744,1,user20
0.6197941338179508,1,user20
0.48458382459006394,1,user20
0.42053896396421464,1,user20
0.5005558015950641,1,user20
0.8180893177090081,1,user20
0.49437314451869796,1,user20
0.48753273302410904,1,user20
0.5081092435177588,1,user20
0.6327586168441754,1,user20
0.6391806023099189,1,user20
0.5348204087057326,1,user20
0.5190376198992586,1,user20
0.5698796035831116,1,user20
0.8815748787894101,1,user20
0.6614554793322541,1,user20
0.6148282835354415,1,user20
0.4546015263128825,1,user20
0.6448246174951359,1,user20
0.5255698067653692,1,user20
0.8957576160555965,0,user20
0.6162733279731751,1,user20
0.5508601871122507,1,user20
0.4996038285323529,1,user20
0.5562835970737046,1,user20
0.6228499165156227,1,user20
0.61755757881374,1,user20
0.481231853104743,1,user20
0.6317010771240803,0,user20
0.780908055145407,0,user20
0.6501896064761471,1,user20
0.5205131002732115,1,user20
0.5943576860360605,1,user20
0.5093578192293051,1,user20
0.5328121933702848,1,user20
0.5492387480873078,1,user20
0.5392612928700028,1,user20
0.49082767917648085,0,user20
0.43898588222332374,0,user20
0.594698796977549,1,user20
0.533215720693492,0,user20
0.29124407816038184,1,user20
0.43236654568292504,1,user20
0.7889556354522379,0,user20
0.48129770274283007,0,user20
0.45211589775880356,1,user20
0.5973557003598982,1,user20
0.5043578316718156,1,user20
0.49137293932039106,1,user20
0.8276243858702422,1,user20
0.575761561377687,1,user20
0.4927608628297214,1,user20
0.47809168267817337,1,user20
0.38560032883190953,1,user20
0.5483968145168215,1,user20
0.8223186736621853,1,user20
0.5498757307519964,1,user20
0.6120134107740988,1,user20
0.9589108043119334,1,user20
0.6477186428394568,1,user20
0.6764369803295094,1,user20
0.6020243341747225,1,user20
0.6677363394392415,1,user20
0.7630229405724317,0,user20
0.4846408239185466,1,user20
0.6948885836843389,1,user20
0.4824577488122142,1,user20
0.5722654630189693,0,user20
0.8736464205126305,0,user20
0.856849893216457,0,user20
0.8636034529204334,0,user20
0.8258261845008625,1,user20
0.6296043274563573,1,user20
0.799811858353546,1,user20
0.6353477777373033,1,user20
0.5960343123731435,1,user20
0.7544350208070251,1,user20
0.7802684326277364,1,user20
0.4830639026250031,0,user20
0.7807400939256139,0,user20
0.8500731731839994,0,user20
0.3740302650479127,1,user20
0.6334523237162047,1,user20
0.6467715136093695,1,user20
0.6976043627680742,1,user20
0.5607887802718984,1,user20
0.52228766765717,1,user20
0.4929113828470789,0,user20
0.9126058319958535,0,user20
0.7485770066925016,1,user20
0.9775483797669521,1,user20
0.7116749395391929,1,user20
0.8224108099409987,1,user20
0.9413640608657234,1,user20
0.810794852343256,1,user20
0.9643490596823743,1,user20
0.5800108793049334,1,user20
0.7662266093025891,1,user20
0.48976202746068886,1,user20
0.6496699488973877,1,user20
0.7564966177417172,1,user20
0.5469438321613094,1,user20
0.5556095508562277,1,user20
0.49336949423348964,1,user20
0.8828872502306351,0,user20
0.4528377705054947,1,user20
0.40767829599910055,0,user20
0.3076059690085392,1,user20
0.6413006129655748,1,user20
0.650479713742651,1,user20
0.7849135291349887,0,user20
0.7138766197237645,1,user20
0.5688559848931621,0,user20
0.8251013533215457,1,user20
0.5622565214389624,1,user20
0.5318665982161197,1,user20
0.6857366652026796,1,user20
0.7954285570499011,1,user20
0.828473602994309,1,user20
0.8092674844750155,1,user20
0.6160462944625255,1,user20
0.4876350555451816,1,user20
0.7154525246731166,1,user20
0.600433972190923,1,user20
0.6943436233960706,1,user20
0.7481126172457965,1,user20
0.6403070683860179,1,user20
0.3361807194412768,0,user20
0.7891647284906688,1,user20
0.6292179870312481,1,user20
0.6264074060223304,1,user20
0.46566392057999234,1,user20
0.3298224768209223,0,user20
0.6552532512798227,1,user20
0.456985148091285,1,user20
0.4767657442430859,0,user20
0.7268486584426894,1,user20
0.6277118239028406,1,user20
0.49259731361663817,1,user20
0.6103872636115908,1,user20
0.3965117925169293,1,user20
0.6447259302924572,0,user20
0.596921639946161,0,user20
0.45553048597760737,1,user20
0.3806699754718685,0,user20
0.7446451141303423,0,user20
0.47983299171299054,1,user20
0.3611263908227618,1,user20
0.7336620292256896,1,user20
0.47301976694573755,0,user20
0.5361173619969997,1,user20
0.707220158618206,1,user20
0.5147665136760966,1,user20
0.6489148629961032,1,user20
0.7885498936329703,1,user20
0.518432321127048,0,user20
0.5245682645535191,1,user20
0.6557411905220268,1,user20
0.5683786973569311,1,user20
0.5984247166674996,1,user20
0.5197625192896741,1,user20
0.5209017577906232,1,user20
0.9658791502675294,0,user20
0.864941682320909,0,user20
0.43227129780481544,0,user20
0.6114762423844196,0,user20
0.6219864731476817,1,user20
0.5876462968079561,1,user20
0.5134472980295287,1,user20
0.531434438052843,0,user20
0.6547104495926838,1,user20
0.8774925971082655,1,user20
0.6703459472096119,1,user20
0.23253934757157696,0,user20
0.5639614375767927,1,user20
0.4384606352551506,1,user20
0.7662508117851486,1,user20
0.6099550531221826,0,user20
0.7630099371723462,0,user20
0.48506732075002135,1,user20
0.6035527685676187,1,user20
0.610418898382669,1,user20
0.6392434709464803,1,user20
0.5720030090455656,1,user20
0.628826335371189,1,user20
0.5983488698407778,1,user20
0.8081977309958663,1,user20
0.6402716865825603,0,user20
0.6839721600091448,1,user20
0.656570986468282,0,user20
0.7085870443326787,1,user20
0.7457543996106017,0,user20
0.5605597422633444,1,user20
0.6679792688541586,1,user20
0.7290824540231277,1,user20
0.42161022326060243,1,user20
0.5675316864766133,0,user20
0.6010708926507532,0,user20
0.4967886349306141,1,user20
0.8554594502851633,0,user20
0.7918343028998228,1,user20
0.6224449284846046,1,user20
0.5473090265415765,1,user20
0.8007069791046074,1,user20
0.8993280289852922,0,user20
0.923284169814362,0,user20
0.8962874845446072,0,user20
0.9305257598688439,0,user20
0.4720961078089254,1,user20
0.46838769286346155,1,user20
0.4639670282397419,0,user20
0.6669548618621352,1,user20
0.24438933649136246,0,user20
0.4930668219619602,0,user20
0.46353246967100964,0,user20
0.6066544979697471,0,user20
0.5051835541498596,1,user20
0.6380969736999285,1,user20
0.8015979057811298,0,user20
0.267180503182922,0,user20
0.7179859809703385,0,user20
0.4430623656987212,1,user20
0.5668053958772359,1,user20
0.37576239218820606,0,user20
0.4883276334628719,0,user20
0.7057247357648972,0,user20
0.6244039860799878,0,user20
0.5750613365689126,1,user20
0.4848470475868764,1,user20
0.46021727262442413,1,user20
0.7356234359821866,1,user20
0.4713202770706363,1,user20
0.5814087231267998,1,user20
0.6651642139487903,1,user20
0.9168513183825937,1,user20
0.7324567170239245,0,user20
0.7426152840686455,1,user20
0.5803538254759312,1,user20
0.5419321321883843,1,user20
0.5292015142015467,1,user20
0.685998111555468,1,user20
0.7803887036752499,1,user20
0.4838620059428608,0,user20
0.6393732958600796,1,user20
0.5889820436202409,1,user20
0.5958268833373253,1,user20
0.9324355614319233,1,user20
0.5499066293554372,1,user20
0.7359923174630596,1,user20
0.7355939695695658,1,user20
0.708490593142399,1,user20
0.3096284182522992,1,user20
0.5411666155677831,1,user20
0.5356598614236361,1,user20
0.5655862730994998,1,user20
0.5969573966039345,1,user20
0.870579572871394,0,user20
0.5179160278044181,0,user20
0.5564826701509797,1,user20
0.5348062741994168,1,user20
0.7366287094554966,1,user20
0.795010750595542,1,user20
0.45559167312065313,0,user20
0.5015005954914744,1,user20
0.49392326875517123,1,user20
0.790469798532631,1,user20
0.6680461752736688,1,user20
0.835445535356972,0,user20
0.8289100468615037,0,user20
0.548373312473232,1,user20
0.8281956267512881,1,user20
0.5817060543776122,1,user20
0.5472572233595595,1,user20
0.5747580063673934,1,user20
0.530726536052542,1,user20
0.47939797607987217,1,user20
0.984844104700846,1,user20
0.9413065683961606,1,user20
0.9695145250807015,1,user20
0.8251366166761253,1,user20
0.5957548026546549,0,user20
0.502210620301115,0,user20
0.5639202825756319,1,user20
0.3961389779325737,0,user20
0.6173806683479178,1,user20
0.5961527072013522,1,user20
0.6418281184827374,1,user20
0.7030717488096725,1,user20
0.8580079618404681,1,user20
0.2652083682343382,1,user20
0.5781362537527743,0,user20
0.5978442061153886,1,user20
0.5445100431144121,0,user20
0.5280233048885112,1,user20
0.8121227341641549,1,user20
0.5443003906067724,1,user20
0.5561283274414902,1,user20
0.522588164158907,1,user20
0.495743323447862,1,user20
0.6370350061869879,0,user20
0.5124310819621961,1,user20
0.5010115208344169,0,user20
0.5857479888524593,1,user20
0.4927015421248147,0,user20
0.8164618607094476,1,user20
0.5840358024241751,0,user20
0.2709575277435362,1,user20
0.5854519375889987,0,user20
0.35755775028825254,1,user20
0.5535927200387295,1,user20
0.5462723363282557,1,user20
0.5163591157836415,1,user20
0.8894317186190703,0,user20
0.5750264275518763,0,user20
0.5392984606895989,1,user20
0.5971110969917733,1,user20
0.8362884114491109,1,user20
0.42995541073901256,1,user20
0.3517185271301614,1,user20
0.4856191486583844,1,user20
0.7715397208313236,1,user20
0.9654903868400616,1,user20
0.7796174121994303,1,user20
0.40044690232686747,0,user20
0.46469804141643173,1,user20
0.6523844116975019,0,user20
0.4539675628804379,1,user20
0.48351840713066857,1,user20
0.8728208472284146,1,user20
0.3849827356845456,1,user20
0.49427519474611736,1,user20
0.5636489247283744,1,user20
0.8456674357110728,1,user20
0.7962648017449737,1,user20
0.5246319705459614,0,user20
0.5808593011137174,1,user20
0.7390616918254163,1,user20
0.8010216551283023,1,user20
0.39117874542737585,1,user20
0.5000518963504911,0,user20
0.48745810165762005,0,user20
0.6348008050649967,1,user20
0.4675364455677713,0,user20
0.8179955320253258,1,user20
0.5258552712565705,1,user20
0.5095936262924592,1,user20
0.6670891116982043,1,user20
0.5970487375427929,1,user20
0.48202264113058274,0,user20
0.5334218963676018,0,user20
0.4841044872266883,1,user20
0.5193474560779872,1,user20
0.49916522664260954,1,user20
0.4812294936391798,1,user20
0.6747968693533986,1,user20
0.7044226135205063,1,user20
0.5153309044063895,0,user20
0.5223701358584486,1,user20
0.7423113344877998,1,user20
0.5006096345481116,1,user20
0.825251848793739,1,user20
0.862642954003224,1,user20
0.9656827643791487,1,user20
0.7157390561003129,1,user20
0.5136468139092847,1,user20
0.5826832058799392,1,user20
0.7013709749348648,1,user20
0.5920274500461534,1,user20
0.6238828704624936,1,user20
0.5890498626214604,1,user20
0.7187529553633427,1,user20
0.8359089133122654,1,user20
0.8233342792115558,1,user20
0.7120857671821673,1,user20
0.8577484144368779,1,user20
0.7816564104285848,1,user20
0.82583971171116,1,user20
0.7838630881455173,1,user20
0.4942156775802149,1,user20
0.5355955236627266,1,user20
0.7794298522299362,1,user20
0.6682997491154757,1,user20
0.5859886887535746,1,user20
0.5270046162567306,1,user20
0.6627228187315127,1,user20
0.8378193476990642,0,user20
0.3448965988718301,1,user20
0.4213319258734383,0,user20
0.6871310815541325,1,user20
0.7927465889483107,1,user20
0.8308295826840478,1,user20
0.8201286928533327,1,user20
0.5608747931151751,1,user20
0.7986934389184992,1,user20
0.8202280463249962,1,user20
0.6421850647311198,1,user20
0.5038329566463863,1,user20
0.636043574866553,1,user20
0.5220192166457243,1,user20
0.9035565969642575,0,user20
0.5453822619988405,1,user20
0.7640830293491682,0,user20
0.7447720267250972,0,user20
0.8605887381124643,0,user20
0.9644875844988807,1,user20
0.815318212576524,1,user20
0.6339955025660697,0,user20
0.7863223655217154,0,user20
0.7213096491162605,1,user20
0.6200294434341028,0,user20
0.6961187736270495,0,user20
0.6479911289551744,0,user20
0.4399114444339501,0,user20
0.6578007379463077,1,user20
0.569600330237919,0,user20
0.951040053538027,0,user20
0.611538762147394,0,user20
0.8261119619782673,1,user20
0.7587868195953702,0,user20
0.5801895489783179,1,user20
0.8951960940014733,0,user20
0.8015908459190784,0,user20
0.6377592632602258,0,user20
0.46080006027613696,0,user20
0.7116434641846673,0,user20
0.5428252244754213,1,user20
0.9187990746110151,0,user20
0.5148473769790788,0,user20
0.8355862098015441,1,user20
0.6674456787511833,1,user20
0.9892429937563607,1,user20
0.9330048674575441,1,user20
0.5518199619713189,0,user20
0.7461602757022057,1,user20
0.6734217210714362,1,user20
0.8021654093097427,1,user20
0.5701368758860993,1,user20
0.5645938422086717,1,user20
0.49654998334568456,0,user20
0.2771210837444392,1,user20
0.5010881758683421,1,user20
0.6249565996475163,1,user20
0.47023527494429634,1,user20
0.47815441200021036,1,user20
0.6427413463811209,1,user20
0.41695779343561473,0,user20
0.7879626428583478,1,user20
0.9158205071906593,1,user20
0.35103098009105665,0,user20
0.6222248597672955,0,user20
0.6392760211641639,1,user20
0.4553776323214592,1,user20
0.7755202155944824,1,user20
0.754118783253074,0,user20
0.6543300619231445,1,user20
0.7791942951573163,1,user20
0.4885831144084533,0,user20
0.5656500332319144,1,user20
0.503665676530152,1,user20
0.5861180138144624,1,user20
0.6823276685655838,1,user20
0.5924695986414564,1,user20
0.3682945524566575,1,user20
0.5269681066066721,1,user20
0.5070139346961224,1,user20
0.49218721368431884,1,user20
0.6420054550279818,1,user20
0.4704335433175462,1,user20
0.6174216436658524,0,user20
0.4751786358204065,1,user20
0.5028876911159958,1,user20
0.49822976142802367,1,user20
0.45544940725545857,0,user20
0.5172535723057506,1,user20
0.4406121383456237,1,user20
0.39405096623945823,0,user20
0.6191386969439681,1,user20
0.5563926595476847,0,user20
0.7991276068910004,1,user20
0.7184635209271559,1,user20
0.21815391326070574,0,user20
0.5227967964772576,1,user20
0.45252350180452683,0,user20
0.5458234853789148,1,user20
0.6748332690665438,1,user20
0.4966712905920671,1,user20
0.3459004123974552,0,user20
0.4845774789661037,1,user20
0.47356986904980974,1,user20
0.9538514390378425,0,user20
0.970593009003161,0,user20
0.629864413141188,1,user20
0.5519031526033245,1,user20
0.6010053740469342,1,user20
0.46709483933059487,1,user20
0.2005516841912827,0,user20
0.493203892448762,1,user20
0.25566828713707157,0,user20
0.2490639362099775,0,user20
0.6641379330627278,1,user20
0.33506333423136786,1,user20
0.4580907507134616,0,user20
0.5434395205051896,0,user20
0.48918865432109176,0,user20
0.5110016883946413,1,user20
0.4750838801071365,1,user20
0.48170965202167526,1,user20
0.20626301803310682,1,user20
0.29173173819101783,1,user20
0.45703050466186024,1,user20
0.5809110338959322,1,user20
0.4958749630758775,1,user20
0.5649740518682623,1,user20
0.5293101628431034,1,user20
0.49691921761086616,1,user20
0.42639892480947206,0,user20
0.799252922106739,0,user20
0.6428872366427861,1,user20
0.6181092899813098,1,user20
0.35116644961320276,1,user20
0.6586210906687429,0,user20
0.5069124481423526,1,user20
0.5060532792571617,1,user20
0.41966274469198156,0,user20
0.31370285409382326,1,user20
0.49774056266935696,1,user20
0.512505333837282,1,user20
0.2785110699361129,1,user20
0.3484968980719624,1,user20
0.4160104863969741,1,user20
0.5166659022741081,1,user20
0.3573657520788096,1,user20
0.5369395625720497,1,user20
0.6060112785776453,1,user20
0.5337429057352615,1,user20
0.44314896268522946,1,user20
0.4539338207537461,1,user20
0.5595143588056603,1,user20
0.5559635720935386,1,user20
0.6568342480892136,1,user20
0.47727801857020713,1,user20
0.5827030340862159,1,user20
0.4812494325078322,1,user20
0.7818679044587372,0,user20
0.4860909251914208,1,user20
0.30707611637492055,0,user20
0.3030212780742393,0,user20
0.4287841253923329,1,user20
0.3545077601562192,0,user20
0.3443598300120664,0,user20
0.6445210634795265,0,user20
0.8939999998499505,1,user20
0.3357788807524724,1,user20
0.24313062599198898,1,user20
0.5943068840917389,0,user20
0.6168532037631013,0,user20
0.5310549200400057,1,user20
0.5961892003201245,0,user20
0.5498187107733198,0,user20
0.6313454910377021,1,user20
0.4245174442728894,1,user20
0.48670648968428143,1,user20
0.7914811295063989,1,user20
0.5002966190256158,1,user20
0.3131614566577622,0,user20
0.5362326623464875,1,user20
0.38933758430938187,0,user20
0.4798807769182158,0,user20
0.4625995597938106,1,user20
0.3022543936012407,0,user20
0.6006102992141494,0,user20
0.3672882485436395,0,user20
0.3437000966786676,0,user20
0.4216254728964428,1,user20
0.6665852656744524,1,user20
0.7700847278229666,1,user20
0.3239520157099052,1,user20
0.3462254215962489,1,user20
0.32567824724338085,0,user20
0.8792481081199688,0,user20
0.6030085701038053,0,user20
0.6926501020355865,1,user20
0.5065730621349308,1,user20
0.5355152150677145,1,user20
0.5726405650792533,1,user20
0.8358809098162698,1,user20
0.2607614344373033,0,user20
0.2774110119847601,0,user20
0.48700284570991065,1,user20
0.6206896484177095,1,user20
0.6287232525161367,1,user20
0.3055898896376184,0,user20
0.5736601413254137,0,user20
0.5563097538214241,1,user20
0.6383523945421803,1,user20
0.39350673565125865,1,user20
0.375881108818915,0,user20
0.449121238631647,1,user20
0.5398673995132566,0,user20
0.6990826508871762,0,user20
0.6527261702857069,0,user20
0.48083965644006404,0,user20
0.5510373567094143,0,user20
0.3097300028999047,0,user20
0.32562440070630966,1,user20
0.7521725341002667,1,user20
0.5273933388485147,1,user20
0.46755613645584815,0,user20
0.40384190682572035,0,user20
0.3391568825609709,0,user20
0.4706974196734104,1,user20
0.5239396408519621,1,user20
0.4907011218155374,1,user20
0.475590895072024,1,user20
0.5821005929308725,1,user20
0.6624126849908379,1,user20
0.40021535251138274,0,user20
0.5701941594855165,0,user20
0.6015743741552506,0,user20
0.3101390193974529,0,user20
0.4997731214985307,1,user20
0.4983723671059702,0,user20
0.613909114441222,1,user20
0.5491178244420263,1,user20
0.3761571063219125,1,user20
0.5041745565692252,1,user20
0.5921619321819365,1,user20
0.6677445146060814,1,user20
0.5654426131338794,0,user20
0.2584853688881089,0,user20
0.5311109447950717,1,user20
0.32596439914566555,0,user20
0.5663770381021155,1,user20
0.5570287169651597,0,user20
0.5558302668488713,1,user20
0.4747031222000912,1,user20
0.32567096570263565,0,user20
0.5828457494107069,1,user20
0.44986299303415594,1,user20
0.43866702780075495,1,user20
0.4722004284060718,1,user20
0.5673544306411408,1,user20
0.559273402879063,1,user20
0.3336728884884202,0,user20
0.4739689775363606,0,user20
0.29305331932264295,0,user20
0.42400970270394683,0,user20
0.3256881767476198,0,user20
0.5088510987441314,1,user20
0.5042747934256115,1,user20
0.5254400863829454,1,user20
0.548013729814194,1,user20
0.5668160245606481,0,user20
0.5117732564668465,0,user20
0.4942968317208672,1,user20
0.4524708437684049,0,user20
0.49700816465560094,1,user20
0.31738201360522394,0,user20
0.5375481174766762,1,user20
0.48398722532747096,1,user20
0.5109734969030973,1,user20
0.39782513543944337,1,user20
0.4603983334976457,1,user20
0.46366007504031626,1,user20
0.44471413648295005,1,user20
0.4292360641178246,1,user20
0.6148199701050964,1,user20
0.4205425405691905,0,user20
0.6401686672486191,0,user20
0.5163595020415067,1,user20
0.5693554884331766,1,user20
0.5976506001307434,1,user20
0.5697983915442835,1,user20
0.478449260605997,0,user20
0.6145951158125967,1,user20
0.5439746237536105,0,user20
0.563497088798238,0,user20
0.3431379511113671,1,user20
0.3729408188806539,1,user20
0.7415684274830394,1,user20
0.7192700077022368,1,user20
0.7579222381274746,0,user20
0.6991964798264738,1,user20
0.47010920992841176,1,user20
0.32293279587018153,0,user20
0.395381683104033,0,user20
0.5764497245493856,1,user20
0.45112094849372564,0,user20
0.27066056329538124,0,user20
0.267655331738761,0,user20
0.32743102991077144,0,user20
0.40893913794060194,0,user20
0.3919144445789372,0,user20
0.3914240980971204,0,user20
0.29262363706196226,0,user20
0.3191343001732035,0,user20
0.5259382749514371,0,user20
0.5395689175608771,1,user20
0.5112052535104583,1,user20
0.48931547535640485,0,user20
0.4799134747781286,0,user20
0.5110401159305984,0,user20
0.5600125253947743,0,user20
0.24070681302146607,1,user20
0.7277027611343136,0,user20
0.3929931464144969,0,user20
0.7466429656425555,1,user20
0.7696826739719478,1,user20
0.7577423690657366,1,user20
0.5511972744985844,1,user20
0.6398370216135534,1,user20
0.6757289495277754,0,user20
0.5392849013440395,0,user20
0.44662912554513046,0,user20
0.5571478835811656,1,user20
0.7995704144839596,1,user20
0.6914969989466128,1,user20
0.41541977384115863,1,user20
0.7886608307520432,0,user20
0.9303788163621899,0,user20
0.6376748845849453,0,user20
0.5981718759735929,0,user20
0.3876366437668004,0,user20
0.45595268755902457,1,user20
0.4582995119735154,0,user20
0.6224184793274163,0,user20
0.7978540720348559,0,user20
0.45941599720269316,0,user20
0.31474720140773316,0,user20
0.2893567101059162,1,user20
0.5589380770730126,0,user20
0.4395414915371465,1,user20
0.4893235479623095,1,user20
0.4160408295863564,0,user20
0.6632948436829164,1,user20
0.41683833390011055,0,user20
0.38301022372202104,0,user20
0.32359929363480006,0,user20
0.4277589091993281,0,user20
0.46232587556945565,0,user20
0.6292025414663062,1,user20
0.4800992184507488,1,user20
0.2749696072069158,1,user20
0.86125050943382,1,user20
0.5696077314492697,0,user20
0.5092294342663117,1,user20
0.6679329323946115,0,user20
0.4946615472058093,1,user20
0.40303306593646854,0,user20
0.6320830554033093,1,user20
0.7017461428409062,1,user20
0.3786648088126773,1,user20
0.7477883404396304,0,user20
0.4361110840721646,1,user20
0.2624926380113503,1,user20
0.5447804597027065,0,user20
0.5209302030440874,1,user20
0.49723562267241866,0,user20
0.3622239659276601,0,user20
0.5570619020910712,0,user20
0.5052229743470497,0,user20
0.4551383453756595,1,user20
0.4579719087926837,1,user20
0.47475421735372103,1,user20
0.504495885231313,1,user20
0.5385088128729034,1,user20
0.5487215239842643,0,user20
0.7912959771723778,1,user20
0.38002689097609016,0,user20
0.29380090669777215,1,user20
0.3603008529092109,1,user20
0.41717244201646364,0,user20
0.7317213506384945,0,user20
0.7545495681669774,0,user20
0.5508790695956726,1,user20
0.7733285267558795,1,user20
0.5514967093581638,1,user20
0.8643071460491619,1,user20
0.44703024366578864,0,user20
0.29949623440403167,0,user20
0.719458831147655,0,user20
0.38652150942274094,1,user20
0.6156945792432702,1,user20
0.7627654624399538,1,user20
0.45233136017056735,0,user20
0.5574738241308269,0,user20
0.31209724371846004,0,user20
0.2856988105179237,1,user20
0.6131522764991267,1,user20
0.44040681433348416,1,user20
0.3020017937632228,0,user20
0.6741189470714564,0,user20
0.6751170993532816,1,user20
0.6567689175996092,0,user20
0.5785508491036702,0,user20
0.44430546559475326,1,user20
0.48125631951952375,1,user20
0.554745797130855,1,user20
0.5481728395393767,1,user20
0.5134552521585176,1,user20
0.5222567434983181,1,user20
0.6973766798995258,1,user20
0.7211500538534065,1,user20
0.5445957959967721,1,user20
0.588861289152148,0,user20
0.7385324797058396,0,user20
0.5003996698744537,1,user20
0.4239236216031909,1,user20
0.38142777532887046,1,user20
0.7687379312531765,1,user20
0.8310691940994782,1,user20
0.8144943298654753,0,user20
0.6605086462761032,1,user20
0.4522274158177938,1,user20
0.4451137991494492,1,user20
0.45560712655309876,1,user20
0.4648102381142238,1,user20
0.6323821184230365,1,user20
0.7124952814147656,0,user20
0.5208000054905073,0,user20
0.9240475095964386,1,user20
0.7334158713419855,1,user20
0.48139825185678053,1,user20
0.7107267854817918,1,user20
0.39575580352568535,0,user20
0.6181153144308514,1,user20
0.785769180618132,1,user20
0.8947412707242519,1,user20
0.5263110410285415,1,user20
0.5377446126390895,1,user20
0.6370742844974445,1,user20
0.8154709704378066,1,user20
0.673618199549623,1,user20
0.8243840489330414,1,user20
0.746807181126713,1,user20
0.5891887082528454,1,user20
0.6849857790940956,1,user20
0.8293001695096139,1,user20
0.8619999098517633,1,user20
0.6797506952798069,1,user20
0.6083906216697267,1,user20
0.8218384756445761,1,user20
0.7612578650316824,1,user20
0.7750292134271842,1,user20
0.8236066975739592,1,user20
0.6654802900412055,1,user20
0.8475306998152018,1,user20
0.8613970183417724,1,user20
0.5625961982039773,1,user20
0.5632937516920247,1,user20
0.6811786718957062,0,user20
0.6359520727771963,1,user20
0.8241382180351858,0,user20
0.5406485303935264,1,user20
0.539085951329712,1,user20
0.4968964124673315,1,user20
0.8358411321672413,0,user20
0.6388292337730034,0,user20
0.7522201819958595,0,user20
0.717617078036558,0,user20
0.8228073546404984,1,user20
0.5584384985447257,1,user20
0.5061206851773075,1,user20
0.5929821662292328,1,user20
0.7864862267659578,1,user20
0.5256466273109744,1,user20
0.8271483321129817,1,user21
0.767808027956971,1,user21
0.7411728319927978,1,user21
0.44856567952200405,0,user21
0.67891202449008,1,user21
0.5949964520897062,1,user21
0.6215892177237273,1,user21
0.642355091387157,1,user21
0.8408864053331547,1,user21
0.5128036203564134,0,user21
0.6387369172025529,0,user21
0.8734209126897498,1,user21
0.8470748508723385,1,user21
0.5876755978547537,1,user21
0.7180293672938064,1,user21
0.690380156856879,1,user21
0.6766179458343718,1,user21
0.6363773910999098,1,user21
0.8019602629781586,1,user21
0.6205254973542701,1,user21
0.702896286755472,1,user21
0.7286483807932084,1,user21
0.8175766792391215,1,user21
0.7306556751958774,1,user21
0.7586785762389917,1,user21
0.533341863425424,1,user21
0.5846338117067736,1,user21
0.6288470979187513,1,user21
0.3631445729109248,1,user21
0.6675342134094389,1,user21
0.37785234421760383,1,user21
0.6096112067867672,1,user21
0.7223648473766892,1,user21
0.6242036004560181,1,user21
0.8237202366738411,1,user21
0.8433587981106913,1,user21
0.8376007090867356,1,user21
0.8296542526152607,1,user21
0.7164695799377364,1,user21
0.5813248666935048,1,user21
0.7753144636026392,1,user21
0.8114931331365034,1,user21
0.6522320823094325,1,user21
0.8471580333409474,1,user21
0.7381705742965856,1,user21
0.6686467047380561,1,user21
0.8024805016050323,1,user21
0.7522074339173987,1,user21
0.5821596569438818,1,user21
0.9630856451511625,1,user21
0.9527659061199781,1,user21
0.7925781106075332,1,user21
0.5720960528459589,1,user21
0.7650932785432846,1,user21
0.608258023130558,1,user21
0.6055182423423686,1,user21
0.7062762385175518,1,user21
0.7716695199698609,1,user21
0.512810986742157,1,user21
0.5314666372645793,1,user21
0.9199425897959659,1,user21
0.5951844336243354,1,user21
0.7798356998759272,1,user21
0.7014829874360999,1,user21
0.8313550304034877,1,user21
0.6743892922370355,1,user21
0.6940941349103733,1,user21
0.6108449649799744,1,user21
0.6600324249852811,1,user21
0.643814036710194,0,user21
0.5719400231650228,1,user21
0.35832096221827586,0,user21
0.5343492905105628,0,user21
0.5947301674155037,1,user21
0.45885682064362526,0,user21
0.4473010433714895,0,user21
0.4952314239271322,0,user21
0.6579608785310723,1,user21
0.7708572854518383,1,user21
0.6878459528797989,1,user21
0.6248922039139856,1,user21
0.6271414826414371,1,user21
0.7101862018747913,1,user21
0.8004178066947002,1,user21
0.8292348785239201,1,user21
0.7584080510208034,1,user21
0.8314550047237093,1,user21
0.6805721991030996,1,user21
0.8714381270489006,1,user21
0.5614505024652167,1,user21
0.9068442730581179,1,user21
0.7468107834666277,1,user21
0.7288477671261296,1,user21
0.6106650098241118,1,user21
0.6034593220155524,1,user21
0.5884942462962998,1,user21
0.7707953728780108,1,user21
0.8692316671548233,1,user21
0.6774335651498901,1,user21
0.6529619247789037,1,user21
0.4468715763877841,1,user21
0.8448873804369467,1,user21
0.5511375795339435,1,user21
0.30963766209446986,1,user21
0.6530875043768734,1,user21
0.8846793500063475,1,user21
0.8006640799031578,1,user21
0.7746089872124379,1,user21
0.6969433446671306,1,user21
0.7947080928823128,1,user21
0.8348697001634411,1,user21
0.5582994247621264,1,user21
0.8671760646911366,1,user21
0.8769311763081489,1,user21
0.8998560169747779,1,user21
0.720137668470687,1,user21
0.5928358837513054,1,user21
0.9112749195108168,1,user21
0.5145779918651845,1,user21
0.8244281021751803,1,user21
0.8666749492018578,1,user21
0.9895566720787274,1,user21
0.8650868468878091,1,user21
0.8599439594569429,1,user21
0.5923554268031114,1,user21
0.6678022996516731,1,user21
0.9427706106897312,1,user21
0.8514205742205765,1,user21
0.9569096689527644,1,user21
0.8017722207918442,1,user21
0.7956211723345631,1,user21
0.8694979828503786,1,user21
0.6636154262062809,1,user21
0.6678824638696897,1,user21
0.458085852317523,0,user21
0.3551911026750364,0,user21
0.6608867556754888,1,user21
0.8451405301173484,1,user21
0.6391341458019517,1,user21
0.7762719150385731,1,user21
0.547134705429316,1,user21
0.5042461601668509,1,user21
0.5177690562418542,1,user21
0.6744584758870127,1,user21
0.7683722661237427,1,user21
0.6956048044691019,1,user21
0.8752461885918871,1,user21
0.7529417597198417,1,user21
0.7407157535455344,1,user21
0.70207404363431,0,user21
0.47071800039369466,1,user21
0.7892367019210312,1,user21
0.6056651855383696,1,user21
0.8916204265114921,1,user21
0.8344221134598451,1,user21
0.7638295578001795,1,user21
0.6770582973310901,1,user21
0.6015085637473246,1,user21
0.7405661363571159,1,user21
0.730959190212103,1,user21
0.8067048389292546,1,user21
0.6526910067517868,1,user21
0.7171655874610353,1,user21
0.5922129458633176,1,user21
0.741501560298092,1,user21
0.8001170778153337,1,user21
0.44441568518256136,1,user21
0.6174247743360562,1,user21
0.41700974335348284,0,user21
0.5031632710731057,0,user21
0.49388215178234884,0,user21
0.6312608080596458,1,user21
0.7438485601295769,1,user21
0.6833526627700283,1,user21
0.5838930417500171,0,user21
0.4348596926468777,0,user21
0.4011487720902695,0,user21
0.2915205312371505,0,user21
0.7112516375074264,1,user21
0.8697713077807516,1,user21
0.6375117074924138,1,user21
0.8050789803440345,1,user21
0.6085312176151866,1,user21
0.9410287891658897,1,user21
0.990806208814403,1,user21
0.6443027031743925,1,user21
0.6757465464375252,1,user21
0.4257963953195104,0,user21
0.6444057018383882,1,user21
0.7574122903860416,1,user21
0.9263505516801129,1,user21
0.80994498305246,1,user21
0.9735055135840094,1,user21
0.44830370096999134,1,user21
0.7241688479820407,0,user21
0.3950998764816884,0,user21
0.5295771038590471,0,user21
0.8162041580914738,0,user21
0.9658626265942317,1,user21
0.7658925646823893,1,user21
0.6172066381908435,1,user21
0.5856081249985924,0,user21
0.7394109627632267,1,user21
0.37982006405599206,0,user21
0.25175692748178113,1,user21
0.7836967168116392,1,user21
0.8138576607900744,1,user21
0.9554041240531689,1,user21
0.8644447143473445,1,user21
0.41231907149844965,1,user21
0.7891800671813448,1,user21
0.7683104366528704,1,user21
0.5761682302122393,1,user21
0.4240118113096962,0,user21
0.8398813752031433,1,user21
0.9505858374654774,1,user21
0.7426609978335565,1,user21
0.3991727948881329,1,user21
0.7713314866563297,1,user21
0.6387349353050027,1,user21
0.8562193054651889,1,user21
0.5419461072311295,1,user21
0.5912248004888468,1,user21
0.5897721335156818,1,user21
0.39093430231291637,0,user21
0.6070195324481032,1,user21
0.6938619817996329,1,user21
0.9237928672651494,1,user21
0.6953402615416517,1,user21
0.4101426994278712,0,user21
0.7703933444704175,1,user21
0.5749092178896101,1,user21
0.70331448757259,1,user21
0.672522878982742,1,user21
0.541271512916412,1,user21
0.5379660362685035,1,user21
0.5971537073827607,1,user21
0.6183599398221946,1,user21
0.8602230929795566,1,user21
0.6165078242293114,1,user21
0.7401905253053793,1,user21
0.9696443498656153,1,user21
0.5894358268461027,1,user21
0.7993676952880092,1,user21
0.7867247188513313,1,user21
0.7250049223316712,1,user21
0.2731860222484374,1,user21
0.8159198081550286,1,user21
0.7991646398710135,1,user21
0.9447948582371611,1,user21
0.7075121264855047,1,user21
0.8492733244191392,1,user21
0.6697539160401863,1,user21
0.7527660854137397,1,user21
0.7703673952231436,1,user21
0.6717917275086998,1,user21
0.7000401668675829,1,user21
0.6497330080351148,1,user21
0.6451058892099303,1,user21
0.5373532076122808,1,user21
0.7238305977785652,1,user21
0.6119339866536357,1,user21
0.6456707613437985,1,user21
0.7271401995974337,1,user21
0.7937443659153812,1,user21
0.9178579650292824,1,user21
0.7409560358904047,1,user21
0.7148172773498797,1,user21
0.6361429274467586,1,user21
0.6893881702863752,1,user21
0.8937744025148341,1,user21
0.6684594586362446,1,user21
0.6776390040001876,1,user21
0.5053810461912828,1,user21
0.778897577220608,1,user21
0.8205495085091747,1,user21
0.7010877057410286,1,user21
0.7071001619104956,1,user21
0.4331416256623281,1,user21
0.36842774568634895,0,user21
0.5077623248780456,1,user21
0.6232239576979836,1,user21
0.4930128434143568,0,user21
0.6318346383521798,1,user21
0.5730102843579697,1,user21
0.617270069081334,1,user21
0.815580537469559,1,user21
0.5886130858729591,1,user21
0.5460116164728112,1,user21
0.5547028226615609,1,user21
0.8803395377070216,1,user21
0.6904907801576612,1,user21
0.5134343291487424,1,user21
0.659735628637665,1,user21
0.8153048830238352,0,user21
0.5571656087378023,1,user21
0.47910196780401887,0,user21
0.5650697863996501,1,user21
0.8895353412579735,0,user21
0.8765079953221032,1,user21
0.7823586387905764,1,user21
0.8258879766086514,1,user21
0.7462399611717339,1,user21
0.31503365160241104,1,user21
0.5710931692171605,1,user21
0.4562124799759503,0,user21
0.3174846579067841,1,user21
0.42224169700170605,0,user21
0.7115270396481818,1,user21
0.4481743555604334,1,user21
0.6785700350129317,0,user21
0.5088027377828398,1,user21
0.8768020555043156,0,user21
0.550779617936143,1,user21
0.6974697161183419,1,user21
0.6072019363501648,1,user21
0.6615419566292687,1,user21
0.6801632008451588,1,user21
0.6558162338413982,1,user21
0.8185993708446945,1,user21
0.6213052956956742,1,user21
0.5099573119492754,1,user21
0.5525290739052371,1,user21
0.8041095291168873,1,user21
0.9043800059115517,1,user21
0.9702669247220561,1,user21
0.9153743832186653,1,user21
0.7796119729968533,1,user21
0.427861055889635,1,user21
0.5416367724236567,1,user21
0.3455281085597983,1,user21
0.6595893885496796,1,user21
0.8240509373381727,1,user21
0.7086542631311851,1,user21
0.6623339506865284,1,user21
0.6046618876937758,1,user21
0.6714951338518438,1,user21
0.6685552516221175,1,user21
0.5757990571614794,1,user21
0.626603617115317,1,user21
0.7022244534142777,1,user21
0.7576252414339463,1,user21
0.740381709537669,1,user21
0.5055479924536687,1,user21
0.4189752577513696,1,user21
0.34210229332704256,1,user21
0.43105161725737556,0,user21
0.42747007423240174,1,user21
0.598209713782014,1,user21
0.8520003436385631,1,user21
0.8951059462742433,1,user21
0.7214005973907931,1,user21
0.6735123380984198,1,user21
0.3122881261138116,1,user21
0.6078378980868456,1,user21
0.6121936796969981,1,user21
0.5939970160927822,1,user21
0.5943848141258159,1,user21
0.7768524032669575,1,user21
0.6929572377098923,1,user21
0.9163637846230986,1,user21
0.9429875882974793,1,user21
0.7956999124191036,1,user21
0.5822804691157024,1,user21
0.82693764040143,1,user21
0.6403335445137673,1,user21
0.6699773789116691,1,user21
0.8046248579088316,1,user21
0.8469487538918928,1,user21
0.6730844573107978,1,user21
0.8546111147089744,1,user21
0.8477561223020615,1,user21
0.8649824095010722,1,user21
0.6044239934654457,1,user21
0.7187098510118639,1,user21
0.8647213169399564,1,user21
0.7766963548560584,1,user21
0.8945614627791236,1,user21
0.8552284699768267,1,user21
0.7880067480510177,1,user21
0.6370934720708264,1,user21
0.8979933566147597,1,user21
0.9522764726014973,1,user21
0.8887654031448876,1,user21
0.7210676350986907,1,user21
0.7550538818533999,1,user21
0.8926471444882775,1,user21
0.9125015972368096,1,user21
0.8145665883117428,1,user21
0.504127932174987,1,user21
0.9823417652443165,1,user21
0.7316528229278418,1,user21
0.8285779021843408,1,user21
0.9549995118103756,1,user21
0.9752200245523982,1,user21
0.6801398553096557,1,user21
0.6233544346619962,1,user21
0.7038916759414091,1,user21
0.7697513892508827,1,user21
0.8528863349274403,1,user21
0.7568093041286209,1,user21
0.5723252245931021,1,user21
0.6410379564375378,1,user21
0.7668226209126656,1,user21
0.7067204608730973,1,user21
0.673909098830427,1,user21
0.6274186968102705,1,user21
0.7028920619114046,1,user21
0.8472132132274449,1,user21
0.6436517660607969,1,user21
0.6545386396090391,1,user21
0.5934750827024105,1,user21
0.52789648904158,1,user21
0.5425149804501468,1,user21
0.653075671971239,1,user21
0.6948652628761355,1,user21
0.6180056409070016,1,user21
0.750331354373727,1,user21
0.527262724211279,1,user21
0.7123129869942472,1,user21
0.7989313815559376,1,user21
0.6445210342963936,1,user21
0.5942434413252838,1,user21
0.6468274895871138,1,user21
0.5804935716373587,1,user21
0.7660695107542541,1,user21
0.7078874378769954,1,user21
0.602428911087672,1,user21
0.9414198224868103,1,user21
0.8765263023978074,1,user21
0.438877053201169,1,user21
0.715001612498893,1,user21
0.8924573934145065,1,user21
0.5571688013866,1,user21
0.48755660429272624,1,user21
0.8033933755460565,1,user21
0.7829854783078977,1,user21
0.30946810450592666,1,user21
0.6200239324836344,1,user21
0.8791595288806536,1,user21
0.6690016028041738,1,user21
0.6471195250092018,1,user21
0.9302293313034677,1,user21
0.6229602992787611,1,user21
0.723917270263013,1,user21
0.8050936931640732,1,user21
0.3089432222492805,0,user21
0.7498962184766235,1,user21
0.7416666139367576,1,user21
0.8417405460821814,1,user21
0.5823290607084405,1,user21
0.6648686355517133,1,user21
0.5331408128279134,1,user21
0.45748103355913106,1,user21
0.655256692588007,1,user21
0.677693970248905,1,user21
0.5780271268351153,1,user21
0.561697695066523,1,user21
0.4980577324179434,1,user21
0.5358588278414242,1,user21
0.8236780299719337,1,user21
0.7481484480300425,1,user21
0.4382105761971517,0,user21
0.6628499361089998,0,user21
0.7264405959494515,1,user21
0.8057873874098956,1,user21
0.5106864616036635,1,user21
0.5594833998165921,0,user21
0.8012871102824384,1,user21
0.7855312161944293,1,user21
0.6577872504826079,1,user21
0.8676936595112931,1,user21
0.8974484461476772,1,user21
0.5789768110287574,1,user21
0.6865152677419687,1,user21
0.6377777533167327,1,user21
0.9030886429350928,1,user21
0.7078862672204415,1,user21
0.9123456311343271,1,user21
0.6795609824978603,1,user21
0.8788261585916872,1,user21
0.8114062790645751,1,user21
0.2079107475376151,0,user21
0.4089756887861385,0,user21
0.5593662288907572,1,user21
0.6086264678057676,0,user21
0.44043580265093774,0,user21
0.80552814664697,1,user21
0.5715741312356929,1,user21
0.5983500077710875,1,user21
0.6098659071750302,1,user21
0.6633571840171496,0,user21
0.6353039179869328,1,user21
0.6267726355853516,1,user21
0.6448199561873765,1,user21
0.9065617349018096,1,user21
0.6191030028468472,1,user21
0.6405592394649321,1,user21
0.731255416276211,0,user21
0.5669595481609455,1,user21
0.5556658848381961,1,user21
0.5622792146239254,1,user21
0.9220419197023101,1,user21
0.7440155050123861,1,user21
0.654312526084932,1,user21
0.4776032434926133,1,user21
0.542706900686336,0,user21
0.3628991570034747,0,user21
0.5831811859328344,1,user21
0.5384057042238343,1,user21
0.8686196855175229,1,user21
0.707756543383794,1,user21
0.5899146928711231,1,user21
0.649814122863066,1,user21
0.34804389068810043,1,user21
0.7533659051957172,1,user21
0.6882833070338877,1,user21
0.6753016612803683,1,user21
0.5502905180376247,1,user21
0.9258283011993954,1,user21
0.47165391970489856,1,user21
0.8654563022149692,1,user21
0.6913321029389835,1,user21
0.7113988686026356,1,user21
0.3710001078975023,0,user21
0.6262633648578734,1,user21
0.5855625652203167,1,user21
0.4683542910978187,1,user21
0.542285040578396,1,user21
0.41821107596885226,0,user21
0.6840269591977349,1,user21
0.574645069564671,1,user21
0.6713744321281037,1,user21
0.7242500819465368,1,user21
0.8524249107133531,1,user21
0.9665470184810144,1,user21
0.696260233562594,0,user21
0.7894112287492215,0,user21
0.5596626451607967,1,user21
0.21002639216782795,0,user21
0.16914854110860816,1,user21
0.5726803196984713,1,user21
0.7281635886101266,0,user21
0.5989448629678182,1,user21
0.6099105125799783,1,user21
0.6535502436486058,1,user21
0.7666069535921465,1,user21
0.5776525355409001,1,user21
0.7896616272432453,1,user21
0.9329476522822177,1,user21
0.7585916429779413,1,user21
0.8544324954021938,1,user21
0.9743030593885423,1,user21
0.9091241611348638,1,user21
0.6923216479308184,1,user21
0.992593850043326,1,user21
0.7617953733127864,1,user21
0.6905450592374174,1,user21
0.6215206079920429,1,user21
0.682500226576007,1,user21
0.8103966501528616,1,user21
0.6143999870425848,0,user21
0.549225494481797,0,user21
0.4109322967029279,1,user21
0.7749843125872704,1,user21
0.7568480758389402,1,user21
0.6279255705113216,1,user21
0.908058297716312,1,user21
0.9115059932011826,1,user21
0.9857254110711752,1,user21
0.6144747549645455,1,user21
0.5533883622943307,0,user21
0.7566104729674545,1,user21
0.7001684493270397,1,user21
0.8352665373995917,1,user21
0.876207494679405,1,user21
0.8298790746035805,1,user21
0.3041828064916045,0,user21
0.7095260751094364,0,user21
0.6937371429818263,1,user21
0.5168074827882109,0,user21
0.7227506138611004,1,user21
0.6983411824512634,1,user21
0.8263607769246323,1,user21
0.7355040564164981,1,user21
0.621858161653564,1,user21
0.6161746759682023,1,user21
0.6258723199701438,1,user21
0.8332199617200858,1,user21
0.9228606858425401,1,user21
0.7437930458934441,1,user21
0.5222255517269204,1,user21
0.553802169900145,1,user21
0.7493955181089208,1,user21
0.875813019785025,1,user21
0.7392374894360144,1,user21
0.6342336615749646,0,user21
0.5901697486221097,1,user21
0.81055139797338,1,user21
0.6270655540193785,1,user21
0.7363803366709047,1,user21
0.9658020438740951,1,user21
0.6505669809046412,1,user21
0.7517108241408094,1,user21
0.7445011124256203,1,user21
0.8309426187894584,1,user21
0.7897757037850015,1,user21
0.883034980423663,1,user21
0.5599670853686369,1,user21
0.6260592303649254,1,user21
0.7784054133741859,1,user21
0.9918131210681663,1,user21
0.8429267944732751,1,user21
0.5808726239933705,0,user21
0.7280702370177498,1,user21
0.7786875451293401,1,user21
0.7861006541621168,1,user21
0.9317845330876291,1,user21
0.9292914306601497,1,user21
0.7043119369292007,1,user21
0.6395379241504583,1,user21
0.7432419066971403,1,user21
0.7191967805402482,1,user21
0.7416728833651617,1,user21
0.9683745406242441,1,user21
0.8648913976572858,1,user21
0.7644216182010843,1,user21
0.3534350561938573,0,user21
0.43281603396099766,0,user21
0.5080151646587586,1,user21
0.5406159081835298,1,user21
0.7905875471167694,1,user21
0.6258454341397092,1,user21
0.5909140842674464,1,user21
0.6364797596511688,1,user21
0.810306287650394,1,user21
0.6687245295941886,1,user21
0.6011543770772388,1,user21
0.8875268909583185,1,user21
0.46631627280778903,1,user21
0.6153254310338002,1,user21
0.6469374457016766,1,user21
0.5849304861502022,1,user21
0.6911606968691345,1,user21
0.9318548649066607,0,user21
0.6410598130038436,1,user21
0.6892792120975619,1,user21
0.4640592340242695,1,user21
0.9752107322230263,1,user21
0.758452295609549,1,user21
0.4279478389188121,1,user21
0.9061852270776899,1,user21
0.9634610981065203,1,user21
0.7179396235811057,1,user21
0.9678196125251535,1,user21
0.6842782767938365,1,user21
0.5921646070998962,1,user21
0.9149880952739236,1,user21
0.688439627740845,1,user21
0.5449759241994898,1,user21
0.6473582223843808,1,user21
0.7506957144786751,1,user21
0.6320677371671173,0,user21
0.8884889502907973,1,user21
0.7655843349742488,1,user21
0.7051836267258753,1,user21
0.4492522074316214,1,user21
0.5801297042062797,1,user21
0.7030818270684043,0,user21
0.6320238899342885,1,user21
0.6409153374476408,1,user21
0.928477936349351,0,user21
0.7313871121954696,1,user21
0.5513539177881559,1,user21
0.3890063395223088,0,user21
0.38768807886711215,0,user21
0.5183058665761158,1,user21
0.3183487919902049,1,user21
0.6331545429070544,1,user21
0.5049437614290258,1,user21
0.768416555187737,1,user21
0.6354696797016041,1,user21
0.5950595653763476,1,user21
0.6301571021613698,1,user21
0.978986137926031,1,user21
0.5744518958327892,1,user21
0.4731796094034936,1,user21
0.792696296691139,1,user21
0.6244746242760918,1,user21
0.5984782128693166,1,user21
0.6369132160967679,1,user21
0.6417898912365513,1,user21
0.28086275901687985,0,user21
0.4083544819412559,0,user21
0.36404494403911175,1,user21
0.5800013166210155,1,user21
0.8128034977117313,1,user21
0.9797088796822444,1,user21
0.8634253693718846,1,user21
0.3516954960017031,1,user21
0.632197904348567,1,user21
0.7977934216172119,1,user21
0.6461209588819181,1,user21
0.6545412015478532,1,user21
0.6727956136033648,0,user21
0.3120797788192312,0,user21
0.4528949538682915,0,user21
0.7951506210152988,1,user21
0.5245391007046929,0,user21
0.8803953758063812,1,user21
0.6804773893519177,1,user21
0.7934850078073622,1,user21
0.5618665822369546,1,user21
0.2109164033045685,1,user21
0.8236894199617207,1,user21
0.7137651272856758,1,user21
0.9375040791094328,1,user21
0.8640023692318969,1,user21
0.6887415790798818,1,user21
0.8313085552788811,1,user21
0.79026051065707,1,user21
0.8293459512558872,1,user21
0.6344984826238496,1,user21
0.5683534494021159,1,user21
0.6012644439228063,1,user21
0.7676841537954958,1,user21
0.6134954733724417,1,user21
0.7543668887733522,1,user21
0.7191707826814648,1,user21
0.3896540463409913,0,user21
0.6557757910375497,1,user21
0.7607715166755473,1,user21
0.5569938523934866,1,user21
0.5490910507738075,1,user21
0.665066217186448,1,user21
0.6081184774816774,1,user21
0.6464868160293623,1,user21
0.683548514286083,1,user21
0.5667456751580584,1,user21
0.9654735361936647,1,user21
0.7244092583108837,1,user21
0.6258120450876284,1,user21
0.6772385629473444,1,user21
0.6587853062363651,1,user21
0.8308751957205457,1,user21
0.8997295104959981,1,user21
0.9302240436709475,1,user21
0.6887191131859554,1,user21
0.4735546744461228,0,user21
0.7564431367268918,1,user21
0.5971320315063058,1,user21
0.7750058994583313,1,user21
0.6405533841444441,1,user21
0.7456734683795103,1,user21
0.9396207710685925,1,user21
0.6994798218257159,1,user21
0.6883418856348589,1,user21
0.6762431164787845,1,user21
0.6863278889148914,1,user21
0.5617039059213631,1,user21
0.5884973039934139,1,user21
0.5659673622809263,1,user21
0.4758073024060833,1,user21
0.6849493625292573,1,user21
0.9103413786107899,1,user21
0.9460261167776995,1,user21
0.8050944676554684,1,user21
0.7084799782587402,1,user21
0.6084593492673611,1,user21
0.6722591518619627,0,user21
0.6336113161833686,1,user21
0.603227274930449,1,user21
0.5130828178661822,1,user21
0.761397262677668,1,user21
0.6215897072277836,1,user21
0.9002323366867346,1,user21
0.7333555080067824,1,user21
0.48882443927492486,1,user21
0.7456993955932806,1,user21
0.5867644776489217,1,user21
0.7516934612604181,1,user21
0.6665818280417181,1,user21
0.7229608510367219,1,user21
0.5437645347800243,0,user21
0.6228775329049264,1,user21
0.583440127353628,1,user21
0.6706922825344552,1,user21
0.6796917906844236,1,user21
0.46020577037134913,0,user21
0.8877386912818711,1,user21
0.6231006943952846,1,user21
0.6943809822843111,1,user21
0.5827025461693688,1,user21
0.6371997394840447,1,user21
0.7605145581578211,1,user21
0.6032910932798451,1,user21
0.6714531434316904,1,user21
0.5423893492459584,0,user21
0.5866368565098473,1,user21
0.5829342173143429,1,user21
0.5821871587865916,1,user21
0.7514506393652357,1,user21
0.7525660128318086,1,user21
0.669937880178348,1,user21
0.5474541666716031,1,user21
0.6258886259563166,1,user21
0.5935377194080881,1,user21
0.9634705869047757,1,user21
0.5822364626654217,1,user21
0.7087934495942927,1,user21
0.9511645556679831,1,user21
0.5934013077234178,1,user21
0.5389414657592372,1,user21
0.5144186462196763,1,user21
0.7266094223129606,1,user21
0.683269703090855,1,user21
0.6877305117146041,1,user21
0.7053917349826871,1,user21
0.7536571677393356,1,user21
0.6013704043326452,1,user21
0.752611223862405,1,user21
0.6959647638294101,1,user21
0.6270672315237501,1,user21
0.2802774203984089,1,user21
0.7318429995895,1,user21
0.7983583927080782,1,user21
0.6493689460188705,1,user21
0.7775783530742093,1,user21
0.8467245405975663,1,user21
0.6636107367531111,1,user21
0.6426008467148061,1,user21
0.7099498140648608,1,user21
0.490441224709411,1,user21
0.7510589585141619,1,user21
0.8973104185758257,1,user21
0.9027928307220514,1,user21
0.8309269888621138,1,user21
0.8858401680438437,1,user21
0.6310498865008528,1,user21
0.6652412046659164,1,user21
0.6451483032543197,1,user21
0.649121609203369,0,user21
0.35106128767794803,0,user21
0.783387184522081,1,user21
0.650854506011931,1,user21
0.3715962373784549,0,user21
0.6263563893437196,1,user21
0.2750876834626648,1,user21
0.5645353123403091,1,user21
0.305054748469128,0,user21
0.7258046571674842,1,user21
0.8510200128402476,1,user21
0.6693506166343057,1,user21
0.8323663974771881,1,user21
0.6659400087037497,1,user21
0.6876164549033646,1,user21
0.6166445333292089,1,user21
0.7902790134097395,1,user21
0.7873980154329676,1,user21
0.7621765223229021,1,user21
0.699774648386931,1,user21
0.4515868966402395,1,user21
0.8856721166302408,1,user21
0.5529370849462691,1,user21
0.5235364061806078,1,user21
0.5400685522922949,0,user21
0.5720035475820993,1,user21
0.859330416527111,1,user21
0.6593175808807902,1,user21
0.8239009942505485,1,user21
0.6323113916223553,1,user21
0.7511685037532573,1,user21
0.9274623432970008,1,user21
0.5796660995329117,1,user21
0.41426330165002384,0,user21
0.8346604042093766,1,user21
0.5934816721427747,1,user21
0.5992773339201976,1,user21
0.5763960457860696,0,user21
0.6834073877907549,1,user21
0.3947699285733979,0,user21
0.28073404798248003,0,user21
0.8041743575908629,1,user21
0.5421875759468863,0,user21
0.6257209549938085,0,user21
0.20110591711599307,0,user21
0.4625378764107304,1,user21
0.303453704334523,0,user21
0.6610638451914114,1,user21
0.9525960165534839,1,user21
0.897584100759907,1,user21
0.7335877540779454,1,user21
0.6473337626046802,1,user21
0.7286246951919435,1,user21
0.7673922691841719,1,user21
0.8295216267795953,1,user21
0.8659090504890335,0,user21
0.6097253641073584,1,user21
0.9712975896633839,1,user21
0.7330244262417575,1,user21
0.768426964285528,1,user21
0.712921469132249,1,user21
0.5360316093244578,1,user21
0.5705547196018881,1,user21
0.734161510560537,1,user21
0.7152039790496443,1,user21
0.7895933691609133,1,user21
0.7246532384458323,1,user21
0.38185808432388374,0,user21
0.7438837943246813,0,user21
0.46586789531178985,0,user21
0.6699935084260024,1,user21
0.6147535063476088,1,user21
0.5993470155431615,1,user21
0.41849589248093866,0,user21
0.6188686937003742,1,user21
0.7519966209222281,1,user21
0.6508448933097477,1,user21
0.8692522668646203,1,user21
0.8695484106898136,1,user21
0.5438176548399847,1,user21
0.5492643037110481,1,user21
0.5678237837241465,1,user21
0.47282338795027024,1,user21
0.25473025686672157,0,user21
0.5580530201370072,1,user21
0.28903844627677644,0,user21
0.6813814044732476,1,user21
0.7488175170377842,1,user21
0.9645089294562997,1,user21
0.6428076218379164,1,user21
0.5557753264895919,1,user21
0.576753784103192,1,user21
0.7696413605543194,1,user21
0.9661488425504855,1,user21
0.5543272912801626,1,user21
0.541168913189547,1,user21
0.8037211846667375,1,user21
0.8339970001594047,1,user21
0.6356602211139109,1,user21
0.566948480807003,1,user21
0.8160708761737879,1,user21
0.8631302311184395,1,user21
0.981954232713163,1,user21
0.6300155066469927,1,user21
0.8110992217385526,1,user21
0.6203277023706723,1,user21
0.37443601169680363,0,user21
0.668910841210741,1,user21
0.5156396926016705,1,user21
0.6507800008123675,1,user21
0.40673794820480985,1,user21
0.544611712920792,1,user21
0.584751661587777,1,user21
0.7073333418704227,1,user21
0.5524599153971939,1,user21
0.5592330604224323,1,user21
0.8406423708026998,1,user21
0.7376699863149484,1,user21
0.9796661963204853,1,user21
0.7234468893658402,1,user21
0.7801179174761719,1,user21
0.6995145542608806,1,user21
0.43753982829773214,1,user21
0.5611332064042729,1,user21
0.3185759718292895,0,user21
0.7775976383949127,1,user21
0.8196350104654514,1,user21
0.24115314257739243,0,user21
0.5610758490961663,0,user21
0.5360472325317375,1,user21
0.7444054660411465,1,user21
0.7984817563653505,1,user21
0.4107841611084085,0,user21
0.30209067330675893,0,user21
0.8913383689790427,1,user21
0.6204737531882506,1,user21
0.24983822241640366,0,user21
0.31466945531914026,0,user21
0.5480424627002684,0,user21
0.607876622317184,1,user21
0.6534882999546191,1,user21
0.8410854992542091,1,user21
0.533044422243601,0,user21
0.6893013261830503,1,user21
0.6771475768243945,1,user21
0.6945033626447307,1,user21
0.8542658784400414,1,user21
0.6146728991685769,1,user21
0.7250779634657721,1,user21
0.6909204653585977,1,user21
0.7289859723508665,1,user21
0.3659089028341996,0,user21
0.7831739398502755,1,user21
0.7613835805372706,1,user21
0.7538134835595551,1,user21
0.5516145818298396,1,user21
0.7469773617862947,1,user21
0.8410999031301246,1,user21
0.7365165104399432,1,user21
0.40698363949082134,0,user21
0.9750277721458148,0,user21
0.6191220516731246,0,user21
0.7125023711616756,1,user21
0.6026607087440802,1,user21
0.7235555442350927,1,user21
0.518212235132317,0,user21
0.3065194819262611,0,user21
0.45138260483796444,0,user21
0.4195737136158922,1,user21
0.6637686040112273,1,user21
0.2983154097217825,1,user21
0.42577681746944007,1,user21
0.6132745320251967,1,user21
0.6606573947269624,1,user21
0.6489866634924754,1,user21
0.48743408129090476,0,user21
0.32685491260898547,0,user21
0.6150571790914107,1,user21
0.6946586037162802,1,user21
0.4706279859366579,0,user21
0.6976953436716684,1,user21
0.7453332727708535,1,user21
0.8321022306390957,1,user21
0.8332130490859481,1,user21
0.5429984276371592,1,user21
0.5428862551533283,1,user21
0.7971501464024895,1,user21
0.779996212563037,1,user21
0.8096175556736366,1,user21
0.8899067036765493,1,user21
0.8271483321129817,1,user21
0.767808027956971,1,user21
0.7411728319927978,1,user21
0.44856567952200405,0,user21
0.67891202449008,1,user21
0.5949964520897062,1,user21
0.6215892177237273,1,user21
0.642355091387157,1,user21
0.8408864053331547,1,user21
0.5128036203564134,0,user21
0.6387369172025529,0,user21
0.8734209126897498,1,user21
0.8470748508723385,1,user21
0.5876755978547537,1,user21
0.7180293672938064,1,user21
0.690380156856879,1,user21
0.6766179458343718,1,user21
0.6363773910999098,1,user21
0.8019602629781586,1,user21
0.6205254973542701,1,user21
0.702896286755472,1,user21
0.7286483807932084,1,user21
0.8175766792391215,1,user21
0.7306556751958774,1,user21
0.7586785762389917,1,user21
0.533341863425424,1,user21
0.5846338117067736,1,user21
0.6288470979187513,1,user21
0.3631445729109248,1,user21
0.6675342134094389,1,user21
0.37785234421760383,1,user21
0.6096112067867672,1,user21
0.7223648473766892,1,user21
0.6242036004560181,1,user21
0.8237202366738411,1,user21
0.8433587981106913,1,user21
0.8376007090867356,1,user21
0.8296542526152607,1,user21
0.7164695799377364,1,user21
0.5813248666935048,1,user21
0.7753144636026392,1,user21
0.8114931331365034,1,user21
0.6522320823094325,1,user21
0.8471580333409474,1,user21
0.7381705742965856,1,user21
0.6686467047380561,1,user21
0.8024805016050323,1,user21
0.7522074339173987,1,user21
0.5821596569438818,1,user21
0.9630856451511625,1,user21
0.9527659061199781,1,user21
0.7925781106075332,1,user21
0.5720960528459589,1,user21
0.7650932785432846,1,user21
0.608258023130558,1,user21
0.6055182423423686,1,user21
0.7062762385175518,1,user21
0.7716695199698609,1,user21
0.512810986742157,1,user21
0.5314666372645793,1,user21
0.9199425897959659,1,user21
0.5951844336243354,1,user21
0.7798356998759272,1,user21
0.7014829874360999,1,user21
0.8313550304034877,1,user21
0.6743892922370355,1,user21
0.6940941349103733,1,user21
0.6108449649799744,1,user21
0.6600324249852811,1,user21
0.643814036710194,0,user21
0.5719400231650228,1,user21
0.35832096221827586,0,user21
0.5343492905105628,0,user21
0.5947301674155037,1,user21
0.45885682064362526,0,user21
0.4473010433714895,0,user21
0.4952314239271322,0,user21
0.6579608785310723,1,user21
0.7708572854518383,1,user21
0.6878459528797989,1,user21
0.6248922039139856,1,user21
0.6271414826414371,1,user21
0.7101862018747913,1,user21
0.8004178066947002,1,user21
0.8292348785239201,1,user21
0.7584080510208034,1,user21
0.8314550047237093,1,user21
0.6805721991030996,1,user21
0.8714381270489006,1,user21
0.5614505024652167,1,user21
0.9068442730581179,1,user21
0.7468107834666277,1,user21
0.7288477671261296,1,user21
0.6106650098241118,1,user21
0.6034593220155524,1,user21
0.5884942462962998,1,user21
0.7707953728780108,1,user21
0.8692316671548233,1,user21
0.6774335651498901,1,user21
0.6529619247789037,1,user21
0.4468715763877841,1,user21
0.8448873804369467,1,user21
0.5511375795339435,1,user21
0.30963766209446986,1,user21
0.6530875043768734,1,user21
0.8846793500063475,1,user21
0.8006640799031578,1,user21
0.7746089872124379,1,user21
0.6969433446671306,1,user21
0.7947080928823128,1,user21
0.8348697001634411,1,user21
0.5582994247621264,1,user21
0.8671760646911366,1,user21
0.8769311763081489,1,user21
0.8998560169747779,1,user21
0.720137668470687,1,user21
0.5928358837513054,1,user21
0.9112749195108168,1,user21
0.5145779918651845,1,user21
0.8244281021751803,1,user21
0.8666749492018578,1,user21
0.9895566720787274,1,user21
0.8650868468878091,1,user21
0.8599439594569429,1,user21
0.5923554268031114,1,user21
0.6678022996516731,1,user21
0.9427706106897312,1,user21
0.8514205742205765,1,user21
0.9569096689527644,1,user21
0.8017722207918442,1,user21
0.7956211723345631,1,user21
0.8694979828503786,1,user21
0.6636154262062809,1,user21
0.6678824638696897,1,user21
0.458085852317523,0,user21
0.3551911026750364,0,user21
0.6608867556754888,1,user21
0.8451405301173484,1,user21
0.6391341458019517,1,user21
0.7762719150385731,1,user21
0.547134705429316,1,user21
0.5042461601668509,1,user21
0.5177690562418542,1,user21
0.6744584758870127,1,user21
0.7683722661237427,1,user21
0.6956048044691019,1,user21
0.8752461885918871,1,user21
0.7529417597198417,1,user21
0.7407157535455344,1,user21
0.70207404363431,0,user21
0.47071800039369466,1,user21
0.7892367019210312,1,user21
0.6056651855383696,1,user21
0.8916204265114921,1,user21
0.8344221134598451,1,user21
0.7638295578001795,1,user21
0.6770582973310901,1,user21
0.6015085637473246,1,user21
0.7405661363571159,1,user21
0.730959190212103,1,user21
0.8067048389292546,1,user21
0.6526910067517868,1,user21
0.7171655874610353,1,user21
0.5922129458633176,1,user21
0.741501560298092,1,user21
0.8001170778153337,1,user21
0.44441568518256136,1,user21
0.6174247743360562,1,user21
0.41700974335348284,0,user21
0.5031632710731057,0,user21
0.49388215178234884,0,user21
0.6312608080596458,1,user21
0.7438485601295769,1,user21
0.6833526627700283,1,user21
0.5838930417500171,0,user21
0.4348596926468777,0,user21
0.4011487720902695,0,user21
0.2915205312371505,0,user21
0.7112516375074264,1,user21
0.8697713077807516,1,user21
0.6375117074924138,1,user21
0.8050789803440345,1,user21
0.6085312176151866,1,user21
0.9410287891658897,1,user21
0.990806208814403,1,user21
0.6443027031743925,1,user21
0.6757465464375252,1,user21
0.4257963953195104,0,user21
0.6444057018383882,1,user21
0.7574122903860416,1,user21
0.9263505516801129,1,user21
0.80994498305246,1,user21
0.9735055135840094,1,user21
0.44830370096999134,1,user21
0.7241688479820407,0,user21
0.3950998764816884,0,user21
0.5295771038590471,0,user21
0.8162041580914738,0,user21
0.9658626265942317,1,user21
0.7658925646823893,1,user21
0.6172066381908435,1,user21
0.5856081249985924,0,user21
0.7394109627632267,1,user21
0.37982006405599206,0,user21
0.25175692748178113,1,user21
0.7836967168116392,1,user21
0.8138576607900744,1,user21
0.9554041240531689,1,user21
0.8644447143473445,1,user21
0.41231907149844965,1,user21
0.7891800671813448,1,user21
0.7683104366528704,1,user21
0.5761682302122393,1,user21
0.4240118113096962,0,user21
0.8398813752031433,1,user21
0.9505858374654774,1,user21
0.7426609978335565,1,user21
0.3991727948881329,1,user21
0.7713314866563297,1,user21
0.6387349353050027,1,user21
0.8562193054651889,1,user21
0.5419461072311295,1,user21
0.5912248004888468,1,user21
0.5897721335156818,1,user21
0.39093430231291637,0,user21
0.6070195324481032,1,user21
0.6938619817996329,1,user21
0.9237928672651494,1,user21
0.6953402615416517,1,user21
0.4101426994278712,0,user21
0.7703933444704175,1,user21
0.5749092178896101,1,user21
0.70331448757259,1,user21
0.672522878982742,1,user21
0.541271512916412,1,user21
0.5379660362685035,1,user21
0.5971537073827607,1,user21
0.6183599398221946,1,user21
0.8602230929795566,1,user21
0.6165078242293114,1,user21
0.7401905253053793,1,user21
0.9696443498656153,1,user21
0.5894358268461027,1,user21
0.7993676952880092,1,user21
0.7867247188513313,1,user21
0.7250049223316712,1,user21
0.2731860222484374,1,user21
0.8159198081550286,1,user21
0.7991646398710135,1,user21
0.9447948582371611,1,user21
0.7075121264855047,1,user21
0.8492733244191392,1,user21
0.6697539160401863,1,user21
0.7527660854137397,1,user21
0.7703673952231436,1,user21
0.6717917275086998,1,user21
0.7000401668675829,1,user21
0.6497330080351148,1,user21
0.6451058892099303,1,user21
0.5373532076122808,1,user21
0.7238305977785652,1,user21
0.6119339866536357,1,user21
0.6456707613437985,1,user21
0.7271401995974337,1,user21
0.7937443659153812,1,user21
0.9178579650292824,1,user21
0.7409560358904047,1,user21
0.7148172773498797,1,user21
0.6361429274467586,1,user21
0.6893881702863752,1,user21
0.8937744025148341,1,user21
0.6684594586362446,1,user21
0.6776390040001876,1,user21
0.5053810461912828,1,user21
0.778897577220608,1,user21
0.8205495085091747,1,user21
0.7010877057410286,1,user21
0.7071001619104956,1,user21
0.4331416256623281,1,user21
0.36842774568634895,0,user21
0.5077623248780456,1,user21
0.6232239576979836,1,user21
0.4930128434143568,0,user21
0.6318346383521798,1,user21
0.5730102843579697,1,user21
0.617270069081334,1,user21
0.815580537469559,1,user21
0.5886130858729591,1,user21
0.5460116164728112,1,user21
0.5547028226615609,1,user21
0.8803395377070216,1,user21
0.6904907801576612,1,user21
0.5134343291487424,1,user21
0.659735628637665,1,user21
0.8153048830238352,0,user21
0.5571656087378023,1,user21
0.47910196780401887,0,user21
0.5650697863996501,1,user21
0.8895353412579735,0,user21
0.8765079953221032,1,user21
0.7823586387905764,1,user21
0.8258879766086514,1,user21
0.7462399611717339,1,user21
0.31503365160241104,1,user21
0.5710931692171605,1,user21
0.4562124799759503,0,user21
0.3174846579067841,1,user21
0.42224169700170605,0,user21
0.7115270396481818,1,user21
0.4481743555604334,1,user21
0.6785700350129317,0,user21
0.5088027377828398,1,user21
0.8768020555043156,0,user21
0.550779617936143,1,user21
0.6974697161183419,1,user21
0.6072019363501648,1,user21
0.6615419566292687,1,user21
0.6801632008451588,1,user21
0.6558162338413982,1,user21
0.8185993708446945,1,user21
0.6213052956956742,1,user21
0.5099573119492754,1,user21
0.5525290739052371,1,user21
0.8041095291168873,1,user21
0.9043800059115517,1,user21
0.9702669247220561,1,user21
0.9153743832186653,1,user21
0.7796119729968533,1,user21
0.427861055889635,1,user21
0.5416367724236567,1,user21
0.3455281085597983,1,user21
0.6595893885496796,1,user21
0.8240509373381727,1,user21
0.7086542631311851,1,user21
0.6623339506865284,1,user21
0.6046618876937758,1,user21
0.6714951338518438,1,user21
0.6685552516221175,1,user21
0.5757990571614794,1,user21
0.626603617115317,1,user21
0.7022244534142777,1,user21
0.7576252414339463,1,user21
0.740381709537669,1,user21
0.5055479924536687,1,user21
0.4189752577513696,1,user21
0.34210229332704256,1,user21
0.43105161725737556,0,user21
0.42747007423240174,1,user21
0.598209713782014,1,user21
0.8520003436385631,1,user21
0.8951059462742433,1,user21
0.7214005973907931,1,user21
0.6735123380984198,1,user21
0.3122881261138116,1,user21
0.6078378980868456,1,user21
0.6121936796969981,1,user21
0.5939970160927822,1,user21
0.5943848141258159,1,user21
0.7768524032669575,1,user21
0.6929572377098923,1,user21
0.9163637846230986,1,user21
0.9429875882974793,1,user21
0.7956999124191036,1,user21
0.5822804691157024,1,user21
0.82693764040143,1,user21
0.6403335445137673,1,user21
0.6699773789116691,1,user21
0.8046248579088316,1,user21
0.8469487538918928,1,user21
0.6730844573107978,1,user21
0.8546111147089744,1,user21
0.8477561223020615,1,user21
0.8649824095010722,1,user21
0.6044239934654457,1,user21
0.7187098510118639,1,user21
0.8647213169399564,1,user21
0.7766963548560584,1,user21
0.8945614627791236,1,user21
0.8552284699768267,1,user21
0.7880067480510177,1,user21
0.6370934720708264,1,user21
0.8979933566147597,1,user21
0.9522764726014973,1,user21
0.8887654031448876,1,user21
0.7210676350986907,1,user21
0.7550538818533999,1,user21
0.8926471444882775,1,user21
0.9125015972368096,1,user21
0.8145665883117428,1,user21
0.504127932174987,1,user21
0.9823417652443165,1,user21
0.7316528229278418,1,user21
0.8285779021843408,1,user21
0.9549995118103756,1,user21
0.9752200245523982,1,user21
0.6801398553096557,1,user21
0.6233544346619962,1,user21
0.7038916759414091,1,user21
0.7697513892508827,1,user21
0.8528863349274403,1,user21
0.7568093041286209,1,user21
0.5723252245931021,1,user21
0.6410379564375378,1,user21
0.7668226209126656,1,user21
0.7067204608730973,1,user21
0.673909098830427,1,user21
0.6274186968102705,1,user21
0.7028920619114046,1,user21
0.8472132132274449,1,user21
0.6436517660607969,1,user21
0.6545386396090391,1,user21
0.5934750827024105,1,user21
0.52789648904158,1,user21
0.5425149804501468,1,user21
0.653075671971239,1,user21
0.6948652628761355,1,user21
0.6180056409070016,1,user21
0.750331354373727,1,user21
0.527262724211279,1,user21
0.7123129869942472,1,user21
0.7989313815559376,1,user21
0.6445210342963936,1,user21
0.5942434413252838,1,user21
0.6468274895871138,1,user21
0.5804935716373587,1,user21
0.7660695107542541,1,user21
0.7078874378769954,1,user21
0.602428911087672,1,user21
0.9414198224868103,1,user21
0.8765263023978074,1,user21
0.438877053201169,1,user21
0.715001612498893,1,user21
0.8924573934145065,1,user21
0.5571688013866,1,user21
0.48755660429272624,1,user21
0.8033933755460565,1,user21
0.7829854783078977,1,user21
0.30946810450592666,1,user21
0.6200239324836344,1,user21
0.8791595288806536,1,user21
0.6690016028041738,1,user21
0.6471195250092018,1,user21
0.9302293313034677,1,user21
0.6229602992787611,1,user21
0.723917270263013,1,user21
0.8050936931640732,1,user21
0.3089432222492805,0,user21
0.7498962184766235,1,user21
0.7416666139367576,1,user21
0.8417405460821814,1,user21
0.5823290607084405,1,user21
0.6648686355517133,1,user21
0.5331408128279134,1,user21
0.45748103355913106,1,user21
0.655256692588007,1,user21
0.677693970248905,1,user21
0.5780271268351153,1,user21
0.561697695066523,1,user21
0.4980577324179434,1,user21
0.5358588278414242,1,user21
0.8236780299719337,1,user21
0.7481484480300425,1,user21
0.4382105761971517,0,user21
0.6628499361089998,0,user21
0.7264405959494515,1,user21
0.8057873874098956,1,user21
0.5106864616036635,1,user21
0.5594833998165921,0,user21
0.8012871102824384,1,user21
0.7855312161944293,1,user21
0.6577872504826079,1,user21
0.8676936595112931,1,user21
0.8974484461476772,1,user21
0.5789768110287574,1,user21
0.6865152677419687,1,user21
0.6377777533167327,1,user21
0.9030886429350928,1,user21
0.7078862672204415,1,user21
0.9123456311343271,1,user21
0.6795609824978603,1,user21
0.8788261585916872,1,user21
0.8114062790645751,1,user21
0.2079107475376151,0,user21
0.4089756887861385,0,user21
0.5593662288907572,1,user21
0.6086264678057676,0,user21
0.44043580265093774,0,user21
0.80552814664697,1,user21
0.5715741312356929,1,user21
0.5983500077710875,1,user21
0.6098659071750302,1,user21
0.6633571840171496,0,user21
0.6353039179869328,1,user21
0.6267726355853516,1,user21
0.6448199561873765,1,user21
0.9065617349018096,1,user21
0.6191030028468472,1,user21
0.6405592394649321,1,user21
0.731255416276211,0,user21
0.5669595481609455,1,user21
0.5556658848381961,1,user21
0.5622792146239254,1,user21
0.9220419197023101,1,user21
0.7440155050123861,1,user21
0.654312526084932,1,user21
0.4776032434926133,1,user21
0.542706900686336,0,user21
0.3628991570034747,0,user21
0.5831811859328344,1,user21
0.5384057042238343,1,user21
0.8686196855175229,1,user21
0.707756543383794,1,user21
0.5899146928711231,1,user21
0.649814122863066,1,user21
0.34804389068810043,1,user21
0.7533659051957172,1,user21
0.6882833070338877,1,user21
0.6753016612803683,1,user21
0.5502905180376247,1,user21
0.9258283011993954,1,user21
0.47165391970489856,1,user21
0.8654563022149692,1,user21
0.6913321029389835,1,user21
0.7113988686026356,1,user21
0.3710001078975023,0,user21
0.6262633648578734,1,user21
0.5855625652203167,1,user21
0.4683542910978187,1,user21
0.542285040578396,1,user21
0.41821107596885226,0,user21
0.6840269591977349,1,user21
0.574645069564671,1,user21
0.6713744321281037,1,user21
0.7242500819465368,1,user21
0.8524249107133531,1,user21
0.9665470184810144,1,user21
0.696260233562594,0,user21
0.7894112287492215,0,user21
0.5596626451607967,1,user21
0.21002639216782795,0,user21
0.16914854110860816,1,user21
0.5726803196984713,1,user21
0.7281635886101266,0,user21
0.5989448629678182,1,user21
0.6099105125799783,1,user21
0.6535502436486058,1,user21
0.7666069535921465,1,user21
0.5776525355409001,1,user21
0.7896616272432453,1,user21
0.9329476522822177,1,user21
0.7585916429779413,1,user21
0.8544324954021938,1,user21
0.9743030593885423,1,user21
0.9091241611348638,1,user21
0.6923216479308184,1,user21
0.992593850043326,1,user21
0.7617953733127864,1,user21
0.6905450592374174,1,user21
0.6215206079920429,1,user21
0.682500226576007,1,user21
0.8103966501528616,1,user21
0.6143999870425848,0,user21
0.549225494481797,0,user21
0.4109322967029279,1,user21
0.7749843125872704,1,user21
0.7568480758389402,1,user21
0.6279255705113216,1,user21
0.908058297716312,1,user21
0.9115059932011826,1,user21
0.9857254110711752,1,user21
0.6144747549645455,1,user21
0.5533883622943307,0,user21
0.7566104729674545,1,user21
0.7001684493270397,1,user21
0.8352665373995917,1,user21
0.876207494679405,1,user21
0.8298790746035805,1,user21
0.3041828064916045,0,user21
0.7095260751094364,0,user21
0.6937371429818263,1,user21
0.5168074827882109,0,user21
0.7227506138611004,1,user21
0.6983411824512634,1,user21
0.8263607769246323,1,user21
0.7355040564164981,1,user21
0.621858161653564,1,user21
0.6161746759682023,1,user21
0.6258723199701438,1,user21
0.8332199617200858,1,user21
0.9228606858425401,1,user21
0.7437930458934441,1,user21
0.5222255517269204,1,user21
0.553802169900145,1,user21
0.7493955181089208,1,user21
0.875813019785025,1,user21
0.7392374894360144,1,user21
0.6342336615749646,0,user21
0.5901697486221097,1,user21
0.81055139797338,1,user21
0.6270655540193785,1,user21
0.7363803366709047,1,user21
0.9658020438740951,1,user21
0.6505669809046412,1,user21
0.7517108241408094,1,user21
0.7445011124256203,1,user21
0.8309426187894584,1,user21
0.7897757037850015,1,user21
0.883034980423663,1,user21
0.5599670853686369,1,user21
0.6260592303649254,1,user21
0.7784054133741859,1,user21
0.9918131210681663,1,user21
0.8429267944732751,1,user21
0.5808726239933705,0,user21
0.7280702370177498,1,user21
0.7786875451293401,1,user21
0.7861006541621168,1,user21
0.9317845330876291,1,user21
0.9292914306601497,1,user21
0.7043119369292007,1,user21
0.6395379241504583,1,user21
0.7432419066971403,1,user21
0.7191967805402482,1,user21
0.7416728833651617,1,user21
0.9683745406242441,1,user21
0.8648913976572858,1,user21
0.7644216182010843,1,user21
0.3534350561938573,0,user21
0.43281603396099766,0,user21
0.5080151646587586,1,user21
0.5406159081835298,1,user21
0.7905875471167694,1,user21
0.6258454341397092,1,user21
0.5909140842674464,1,user21
0.6364797596511688,1,user21
0.810306287650394,1,user21
0.6687245295941886,1,user21
0.6011543770772388,1,user21
0.8875268909583185,1,user21
0.46631627280778903,1,user21
0.6153254310338002,1,user21
0.6469374457016766,1,user21
0.5849304861502022,1,user21
0.6911606968691345,1,user21
0.9318548649066607,0,user21
0.6410598130038436,1,user21
0.6892792120975619,1,user21
0.4640592340242695,1,user21
0.9752107322230263,1,user21
0.758452295609549,1,user21
0.4279478389188121,1,user21
0.9061852270776899,1,user21
0.9634610981065203,1,user21
0.7179396235811057,1,user21
0.9678196125251535,1,user21
0.6842782767938365,1,user21
0.5921646070998962,1,user21
0.9149880952739236,1,user21
0.688439627740845,1,user21
0.5449759241994898,1,user21
0.6473582223843808,1,user21
0.7506957144786751,1,user21
0.6320677371671173,0,user21
0.8884889502907973,1,user21
0.7655843349742488,1,user21
0.7051836267258753,1,user21
0.4492522074316214,1,user21
0.5801297042062797,1,user21
0.7030818270684043,0,user21
0.6320238899342885,1,user21
0.6409153374476408,1,user21
0.928477936349351,0,user21
0.7313871121954696,1,user21
0.5513539177881559,1,user21
0.3890063395223088,0,user21
0.38768807886711215,0,user21
0.5183058665761158,1,user21
0.3183487919902049,1,user21
0.6331545429070544,1,user21
0.5049437614290258,1,user21
0.768416555187737,1,user21
0.6354696797016041,1,user21
0.5950595653763476,1,user21
0.6301571021613698,1,user21
0.978986137926031,1,user21
0.5744518958327892,1,user21
0.4731796094034936,1,user21
0.792696296691139,1,user21
0.6244746242760918,1,user21
0.5984782128693166,1,user21
0.6369132160967679,1,user21
0.6417898912365513,1,user21
0.28086275901687985,0,user21
0.4083544819412559,0,user21
0.36404494403911175,1,user21
0.5800013166210155,1,user21
0.8128034977117313,1,user21
0.9797088796822444,1,user21
0.8634253693718846,1,user21
0.3516954960017031,1,user21
0.632197904348567,1,user21
0.7977934216172119,1,user21
0.6461209588819181,1,user21
0.6545412015478532,1,user21
0.6727956136033648,0,user21
0.3120797788192312,0,user21
0.4528949538682915,0,user21
0.7951506210152988,1,user21
0.5245391007046929,0,user21
0.8803953758063812,1,user21
0.6804773893519177,1,user21
0.7934850078073622,1,user21
0.5618665822369546,1,user21
0.2109164033045685,1,user21
0.8236894199617207,1,user21
0.7137651272856758,1,user21
0.9375040791094328,1,user21
0.8640023692318969,1,user21
0.6887415790798818,1,user21
0.8313085552788811,1,user21
0.79026051065707,1,user21
0.8293459512558872,1,user21
0.6344984826238496,1,user21
0.5683534494021159,1,user21
0.6012644439228063,1,user21
0.7676841537954958,1,user21
0.6134954733724417,1,user21
0.7543668887733522,1,user21
0.7191707826814648,1,user21
0.3896540463409913,0,user21
0.6557757910375497,1,user21
0.7607715166755473,1,user21
0.5569938523934866,1,user21
0.5490910507738075,1,user21
0.665066217186448,1,user21
0.6081184774816774,1,user21
0.6464868160293623,1,user21
0.683548514286083,1,user21
0.5667456751580584,1,user21
0.9654735361936647,1,user21
0.7244092583108837,1,user21
0.6258120450876284,1,user21
0.6772385629473444,1,user21
0.6587853062363651,1,user21
0.8308751957205457,1,user21
0.8997295104959981,1,user21
0.9302240436709475,1,user21
0.6887191131859554,1,user21
0.4735546744461228,0,user21
0.7564431367268918,1,user21
0.5971320315063058,1,user21
0.7750058994583313,1,user21
0.6405533841444441,1,user21
0.7456734683795103,1,user21
0.9396207710685925,1,user21
0.6994798218257159,1,user21
0.6883418856348589,1,user21
0.6762431164787845,1,user21
0.6863278889148914,1,user21
0.5617039059213631,1,user21
0.5884973039934139,1,user21
0.5659673622809263,1,user21
0.4758073024060833,1,user21
0.6849493625292573,1,user21
0.9103413786107899,1,user21
0.9460261167776995,1,user21
0.8050944676554684,1,user21
0.7084799782587402,1,user21
0.6084593492673611,1,user21
0.6722591518619627,0,user21
0.6336113161833686,1,user21
0.603227274930449,1,user21
0.5130828178661822,1,user21
0.761397262677668,1,user21
0.6215897072277836,1,user21
0.9002323366867346,1,user21
0.7333555080067824,1,user21
0.48882443927492486,1,user21
0.7456993955932806,1,user21
0.5867644776489217,1,user21
0.7516934612604181,1,user21
0.6665818280417181,1,user21
0.7229608510367219,1,user21
0.5437645347800243,0,user21
0.6228775329049264,1,user21
0.583440127353628,1,user21
0.6706922825344552,1,user21
0.6796917906844236,1,user21
0.46020577037134913,0,user21
0.8877386912818711,1,user21
0.6231006943952846,1,user21
0.6943809822843111,1,user21
0.5827025461693688,1,user21
0.6371997394840447,1,user21
0.7605145581578211,1,user21
0.6032910932798451,1,user21
0.6714531434316904,1,user21
0.5423893492459584,0,user21
0.5866368565098473,1,user21
0.5829342173143429,1,user21
0.5821871587865916,1,user21
0.7514506393652357,1,user21
0.7525660128318086,1,user21
0.669937880178348,1,user21
0.5474541666716031,1,user21
0.6258886259563166,1,user21
0.5935377194080881,1,user21
0.9634705869047757,1,user21
0.5822364626654217,1,user21
0.7087934495942927,1,user21
0.9511645556679831,1,user21
0.5934013077234178,1,user21
0.5389414657592372,1,user21
0.5144186462196763,1,user21
0.7266094223129606,1,user21
0.683269703090855,1,user21
0.6877305117146041,1,user21
0.7053917349826871,1,user21
0.7536571677393356,1,user21
0.6013704043326452,1,user21
0.752611223862405,1,user21
0.6959647638294101,1,user21
0.6270672315237501,1,user21
0.2802774203984089,1,user21
0.7318429995895,1,user21
0.7983583927080782,1,user21
0.6493689460188705,1,user21
0.7775783530742093,1,user21
0.8467245405975663,1,user21
0.6636107367531111,1,user21
0.6426008467148061,1,user21
0.7099498140648608,1,user21
0.490441224709411,1,user21
0.7510589585141619,1,user21
0.8973104185758257,1,user21
0.9027928307220514,1,user21
0.8309269888621138,1,user21
0.8858401680438437,1,user21
0.6310498865008528,1,user21
0.6652412046659164,1,user21
0.6451483032543197,1,user21
0.649121609203369,0,user21
0.35106128767794803,0,user21
0.783387184522081,1,user21
0.650854506011931,1,user21
0.3715962373784549,0,user21
0.6263563893437196,1,user21
0.2750876834626648,1,user21
0.5645353123403091,1,user21
0.305054748469128,0,user21
0.7258046571674842,1,user21
0.8510200128402476,1,user21
0.6693506166343057,1,user21
0.8323663974771881,1,user21
0.6659400087037497,1,user21
0.6876164549033646,1,user21
0.6166445333292089,1,user21
0.7902790134097395,1,user21
0.7873980154329676,1,user21
0.7621765223229021,1,user21
0.699774648386931,1,user21
0.4515868966402395,1,user21
0.8856721166302408,1,user21
0.5529370849462691,1,user21
0.5235364061806078,1,user21
0.5400685522922949,0,user21
0.5720035475820993,1,user21
0.859330416527111,1,user21
0.6593175808807902,1,user21
0.8239009942505485,1,user21
0.6323113916223553,1,user21
0.7511685037532573,1,user21
0.9274623432970008,1,user21
0.5796660995329117,1,user21
0.41426330165002384,0,user21
0.8346604042093766,1,user21
0.5934816721427747,1,user21
0.5992773339201976,1,user21
0.5763960457860696,0,user21
0.6834073877907549,1,user21
0.3947699285733979,0,user21
0.28073404798248003,0,user21
0.8041743575908629,1,user21
0.5421875759468863,0,user21
0.6257209549938085,0,user21
0.20110591711599307,0,user21
0.4625378764107304,1,user21
0.303453704334523,0,user21
0.6610638451914114,1,user21
0.9525960165534839,1,user21
0.897584100759907,1,user21
0.7335877540779454,1,user21
0.6473337626046802,1,user21
0.7286246951919435,1,user21
0.7673922691841719,1,user21
0.8295216267795953,1,user21
0.8659090504890335,0,user21
0.6097253641073584,1,user21
0.9712975896633839,1,user21
0.7330244262417575,1,user21
0.768426964285528,1,user21
0.712921469132249,1,user21
0.5360316093244578,1,user21
0.5705547196018881,1,user21
0.734161510560537,1,user21
0.7152039790496443,1,user21
0.7895933691609133,1,user21
0.7246532384458323,1,user21
0.38185808432388374,0,user21
0.7438837943246813,0,user21
0.46586789531178985,0,user21
0.6699935084260024,1,user21
0.6147535063476088,1,user21
0.5993470155431615,1,user21
0.41849589248093866,0,user21
0.6188686937003742,1,user21
0.7519966209222281,1,user21
0.6508448933097477,1,user21
0.8692522668646203,1,user21
0.8695484106898136,1,user21
0.5438176548399847,1,user21
0.5492643037110481,1,user21
0.5678237837241465,1,user21
0.47282338795027024,1,user21
0.25473025686672157,0,user21
0.5580530201370072,1,user21
0.28903844627677644,0,user21
0.6813814044732476,1,user21
0.7488175170377842,1,user21
0.9645089294562997,1,user21
0.6428076218379164,1,user21
0.5557753264895919,1,user21
0.576753784103192,1,user21
0.7696413605543194,1,user21
0.9661488425504855,1,user21
0.5543272912801626,1,user21
0.541168913189547,1,user21
0.8037211846667375,1,user21
0.8339970001594047,1,user21
0.6356602211139109,1,user21
0.566948480807003,1,user21
0.8160708761737879,1,user21
0.8631302311184395,1,user21
0.981954232713163,1,user21
0.6300155066469927,1,user21
0.8110992217385526,1,user21
0.6203277023706723,1,user21
0.37443601169680363,0,user21
0.668910841210741,1,user21
0.5156396926016705,1,user21
0.6507800008123675,1,user21
0.40673794820480985,1,user21
0.544611712920792,1,user21
0.584751661587777,1,user21
0.7073333418704227,1,user21
0.5524599153971939,1,user21
0.5592330604224323,1,user21
0.8406423708026998,1,user21
0.7376699863149484,1,user21
0.9796661963204853,1,user21
0.7234468893658402,1,user21
0.7801179174761719,1,user21
0.6995145542608806,1,user21
0.43753982829773214,1,user21
0.5611332064042729,1,user21
0.3185759718292895,0,user21
0.7775976383949127,1,user21
0.8196350104654514,1,user21
0.24115314257739243,0,user21
0.5610758490961663,0,user21
0.5360472325317375,1,user21
0.7444054660411465,1,user21
0.7984817563653505,1,user21
0.4107841611084085,0,user21
0.30209067330675893,0,user21
0.8913383689790427,1,user21
0.6204737531882506,1,user21
0.24983822241640366,0,user21
0.31466945531914026,0,user21
0.5480424627002684,0,user21
0.607876622317184,1,user21
0.6534882999546191,1,user21
0.8410854992542091,1,user21
0.533044422243601,0,user21
0.6893013261830503,1,user21
0.6771475768243945,1,user21
0.6945033626447307,1,user21
0.8542658784400414,1,user21
0.6146728991685769,1,user21
0.7250779634657721,1,user21
0.6909204653585977,1,user21
0.7289859723508665,1,user21
0.3659089028341996,0,user21
0.7831739398502755,1,user21
0.7613835805372706,1,user21
0.7538134835595551,1,user21
0.5516145818298396,1,user21
0.7469773617862947,1,user21
0.8410999031301246,1,user21
0.7365165104399432,1,user21
0.40698363949082134,0,user21
0.9750277721458148,0,user21
0.6191220516731246,0,user21
0.7125023711616756,1,user21
0.6026607087440802,1,user21
0.7235555442350927,1,user21
0.518212235132317,0,user21
0.3065194819262611,0,user21
0.45138260483796444,0,user21
0.4195737136158922,1,user21
0.6637686040112273,1,user21
0.2983154097217825,1,user21
0.42577681746944007,1,user21
0.6132745320251967,1,user21
0.6606573947269624,1,user21
0.6489866634924754,1,user21
0.48743408129090476,0,user21
0.32685491260898547,0,user21
0.6150571790914107,1,user21
0.6946586037162802,1,user21
0.4706279859366579,0,user21
0.6976953436716684,1,user21
0.7453332727708535,1,user21
0.8321022306390957,1,user21
0.8332130490859481,1,user21
0.5429984276371592,1,user21
0.5428862551533283,1,user21
0.7971501464024895,1,user21
0.779996212563037,1,user21
0.8096175556736366,1,user21
0.8899067036765493,1,user21
0.8098651490352277,1,user23
0.6581176454532901,1,user23
0.570014433154856,1,user23
0.45039850137853876,1,user23
0.4888680896531327,1,user23
0.5843137985914059,1,user23
0.5355721211980491,1,user23
0.6584647358392782,1,user23
0.6650073256568603,1,user23
0.8022117858976717,1,user23
0.6031753907766142,1,user23
0.5724523664473721,1,user23
0.49159602095650445,1,user23
0.49282780282743727,1,user23
0.2669176866715796,0,user23
0.6493597141424209,1,user23
0.6275236096820189,1,user23
0.6041077676619558,1,user23
0.5558106367394542,1,user23
0.6351447737050508,1,user23
0.6915275267073905,1,user23
0.5321239972450789,1,user23
0.7479641970518944,1,user23
0.5644215005402813,1,user23
0.5974774997490163,1,user23
0.5819874103103013,1,user23
0.650225959196411,1,user23
0.6100839243429107,1,user23
0.3199861277420462,0,user23
0.5250596354147222,1,user23
0.5698581664116968,1,user23
0.42229554354788285,0,user23
0.20880404629813196,0,user23
0.27268831254024856,0,user23
0.798429928764658,0,user23
0.5210846137436388,0,user23
0.5588678911933987,1,user23
0.39499938668106543,1,user23
0.4005134575144352,0,user23
0.3697406320149904,0,user23
0.3068716079372131,0,user23
0.45819568103279357,1,user23
0.36756844960356866,1,user23
0.6739052806588198,1,user23
0.5579135129164593,1,user23
0.4318942386887179,1,user23
0.30261882353779984,0,user23
0.5693706386085446,1,user23
0.3901056614570462,1,user23
0.34122635646952004,0,user23
0.42143916199621245,1,user23
0.4610671717875942,0,user23
0.58194476285408,1,user23
0.6644865787752509,1,user23
0.6829996904762338,1,user23
0.6267155410817471,1,user23
0.7767369430964727,1,user23
0.7805511407284842,1,user23
0.4008934632941906,1,user23
0.370984981063675,0,user23
0.7055306353352713,0,user23
0.56966273485884,1,user23
0.5389945607293393,1,user23
0.5593480686114675,1,user23
0.5568449845755206,1,user23
0.5254136719472101,1,user23
0.4768992865110263,1,user23
0.32939180495465387,1,user23
0.4255756330823938,0,user23
0.529124841277071,0,user23
0.5378548788070802,1,user23
0.5598856732002857,1,user23
0.46239387012873584,0,user23
0.5610035921050783,1,user23
0.7306369382906874,1,user23
0.7132847731663763,0,user23
0.24128544171847008,0,user23
0.4814923165829208,1,user23
0.70969512929738,0,user23
0.5552283791171212,1,user23
0.7089970168360076,1,user23
0.6026009048693031,1,user23
0.6355593711853987,1,user23
0.8604363815972839,1,user23
0.7648648851924758,1,user23
0.6133530817788295,1,user23
0.7740168032573114,1,user23
0.7723340222352866,1,user23
0.48605371210598763,1,user23
0.5323549789177088,1,user23
0.5719540473758156,1,user23
0.8250316352126355,1,user23
0.31165584786321215,1,user23
0.6168236845915055,1,user23
0.62897763509035,1,user23
0.5465095484777234,1,user23
0.5535873674338947,1,user23
0.5721513584876062,1,user23
0.8262445915705775,1,user23
0.8508095370693824,1,user23
0.7407222965585709,1,user23
0.6552249614826391,1,user23
0.4606690839564702,1,user23
0.6847567631426659,1,user23
0.5600946239594099,1,user23
0.7564501724387968,1,user23
0.6439515188735018,0,user23
0.27501038803527045,0,user23
0.651655085843688,1,user23
0.7098950410777104,1,user23
0.7173072935727497,1,user23
0.36903583177827975,1,user23
0.3484508259113307,1,user23
0.2534416250484939,1,user23
0.5744037760504901,1,user23
0.5346100463627991,1,user23
0.4776779748850697,1,user23
0.37889725746126096,0,user23
0.5015423918693558,1,user23
0.47021715493625443,0,user23
0.5338348715964807,1,user23
0.446118338936937,1,user23
0.6239941219417655,1,user23
0.46308061165641023,1,user23
0.5249457414363169,1,user23
0.5882197407826415,1,user23
0.9256365106808931,1,user23
0.32758282762698626,1,user23
0.30757512600306397,1,user23
0.5467106468209767,1,user23
0.6428323275363268,1,user23
0.4700595353656633,1,user23
0.7525064532127218,1,user23
0.6136083848404104,1,user23
0.609500003612332,1,user23
0.6114936196289058,1,user23
0.6814742092429071,1,user23
0.5588256692013386,0,user23
0.6335451027972963,1,user23
0.713435967508192,1,user23
0.46529525741490463,0,user23
0.5830426928310345,1,user23
0.41484092933082933,0,user23
0.6075999883804024,1,user23
0.6368750143957398,1,user23
0.5197278128190979,1,user23
0.7536940295045459,1,user23
0.6477841879318565,1,user23
0.7676518022017129,1,user23
0.6175608492972271,1,user23
0.2634249946261936,0,user23
0.5171392553861477,0,user23
0.49002002473833206,1,user23
0.7925613458926914,1,user23
0.5617141611915082,1,user23
0.6113380082444597,1,user23
0.5982348984123458,1,user23
0.6316131099362424,1,user23
0.5743255602825103,0,user23
0.6307606190993075,1,user23
0.3814222710342719,0,user23
0.7189679342252588,1,user23
0.6653459835284595,1,user23
0.5230921305718337,1,user23
0.6166917651418548,1,user23
0.6788927281027947,1,user23
0.8046975278912698,1,user23
0.875676710218064,0,user23
0.47638942074293644,0,user23
0.6103401067577059,1,user23
0.39832547791545303,0,user23
0.6377253552395237,0,user23
0.5015968015550369,0,user23
0.3961729269153283,1,user23
0.645101156707226,1,user23
0.38823687834098175,1,user23
0.5072304343455216,1,user23
0.7443084162949607,1,user23
0.577563537114991,1,user23
0.23736191146934088,1,user23
0.7118314239735904,0,user23
0.5270646066116079,1,user23
0.4092270783063984,0,user23
0.5028439950916688,1,user23
0.387339984722207,1,user23
0.533238663077104,1,user23
0.7063584092848503,0,user23
0.28761071093102375,0,user23
0.5493833991439483,1,user23
0.5525744778481722,1,user23
0.29207089601819186,0,user23
0.6658581010614266,0,user23
0.33437021164258307,0,user23
0.520812794337283,0,user23
0.6708011034363338,1,user23
0.43508610783477436,0,user23
0.48387843544377,1,user23
0.5391771143933547,1,user23
0.303512674258564,0,user23
0.6353604651737644,1,user23
0.2651034119508772,0,user23
0.5174260678038591,1,user23
0.5772992369893915,1,user23
0.6795379763070237,1,user23
0.2660086543134542,0,user23
0.47217780967567485,1,user23
0.7381193634619423,1,user23
0.5799364798028134,1,user23
0.3825455797970396,0,user23
0.5849657270935017,1,user23
0.7475427129164908,1,user23
0.2927287468997429,0,user23
0.44878941866790223,1,user23
0.6816672731495156,0,user23
0.7949545464692406,0,user23
0.35168950658619913,1,user23
0.20467998576122692,0,user23
0.3510056955870838,1,user23
0.6542235916984177,1,user23
0.6872188016297196,1,user23
0.6979830831776183,1,user23
0.626093428557815,1,user23
0.4175542482300874,0,user23
0.5163298649395837,1,user23
0.5979266432696544,1,user23
0.33333874785218254,1,user23
0.40988265391564893,1,user23
0.7450091073318569,1,user23
0.6521155622913233,1,user23
0.5209671517118497,1,user23
0.5599898608058951,1,user23
0.5368026368645367,1,user23
0.5932011489656199,1,user23
0.5318653284559953,1,user23
0.6857463044046268,1,user23
0.5334949775130823,1,user23
0.6136696211060898,0,user23
0.4995052537717259,1,user23
0.5552950942744903,1,user23
0.366214788828238,1,user23
0.6166054794743481,1,user23
0.6870214335578426,1,user23
0.5420231380332586,1,user23
0.5792243813561752,1,user23
0.6021203433856092,1,user23
0.30998642057103315,1,user23
0.5091346966779965,1,user23
0.38181929208427157,0,user23
0.3526971609744162,0,user23
0.3908079051965362,0,user23
0.7824016629152787,0,user23
0.867672020313593,0,user23
0.5713948302887368,0,user23
0.46389188758966476,1,user23
0.793440882941521,0,user23
0.42490574448367957,0,user23
0.7434560634774924,0,user23
0.607517543711266,1,user23
0.3592212805316784,1,user23
0.62671434515755,0,user23
0.7425802112197804,1,user23
0.6240159132049337,1,user23
0.5476555542498559,1,user23
0.5131720986365327,1,user23
0.5144373393864654,1,user23
0.29144757285400213,0,user23
0.5001331345627597,1,user23
0.4928797757270947,1,user23
0.6740995337666621,1,user23
0.7116904512223875,1,user23
0.7004174436904768,1,user23
0.717187037817086,0,user23
0.3046437147903731,1,user23
0.8069933644238986,1,user23
0.5963929540824068,1,user23
0.6224093626472066,1,user23
0.5518000126649516,1,user23
0.6795458168271024,0,user23
0.5345875701778595,1,user23
0.5903506990365801,1,user23
0.8026366503065282,0,user23
0.5385194623713186,1,user23
0.8073670852798616,1,user23
0.5514323418984889,1,user23
0.6094867338264676,1,user23
0.6903541918938959,1,user23
0.5737462771674059,1,user23
0.5344449611812164,1,user23
0.5357211146301195,1,user23
0.45035336632157513,1,user23
0.5886319543876389,1,user23
0.5388894531294881,1,user23
0.5362414187111559,1,user23
0.6279321746422557,1,user23
0.5151533824643867,1,user23
0.5055591519558215,1,user23
0.555160889897169,1,user23
0.46462461242433906,1,user23
0.5784516966683773,1,user23
0.32681278422244714,0,user23
0.4924595881689341,1,user23
0.326876296030483,0,user23
0.7357172214602833,0,user23
0.5846679195214227,1,user23
0.5457934521635331,1,user23
0.5094519348203008,1,user23
0.6129905743718315,1,user23
0.5542499452953966,1,user23
0.4591537890827996,0,user23
0.7105343545933334,1,user23
0.5326885959026528,1,user23
0.5672676986738218,1,user23
0.6631435662425574,1,user23
0.3645660161587881,1,user23
0.5152899537806782,1,user23
0.851402129864055,1,user23
0.43963510451147636,0,user23
0.3934891287957028,0,user23
0.7069418720457655,1,user23
0.7201390880081829,0,user23
0.5234373732946666,1,user23
0.2907480251204861,0,user23
0.5481719469905101,0,user23
0.5283105784570356,0,user23
0.3775601112514164,1,user23
0.4016707946562999,1,user23
0.5621930130931033,0,user23
0.588256347452952,0,user23
0.4164974467203089,0,user23
0.386353602615775,0,user23
0.4807453851993742,0,user23
0.4718396016535444,0,user23
0.3464847882114964,0,user23
0.6897532453532171,1,user23
0.5768523315603878,1,user23
0.48389687829189704,1,user23
0.5101602379444334,1,user23
0.5096488352919356,1,user23
0.6014293184560963,1,user23
0.6207878998026989,1,user23
0.750257020159635,1,user23
0.5168021610634687,1,user23
0.5682755062540532,1,user23
0.5527170990947452,1,user23
0.567874353781007,1,user23
0.5811430568040362,1,user23
0.5215982684313749,1,user23
0.5642560376784836,1,user23
0.847525972090813,0,user23
0.39143971577843656,1,user23
0.5620725200058873,1,user23
0.5800236256690169,1,user23
0.5132094926678517,1,user23
0.4657946851547456,1,user23
0.33018030039339874,0,user23
0.4488032524888815,1,user23
0.33498313639589045,0,user23
0.3412421713592805,0,user23
0.7364042482723566,1,user23
0.7910255914311516,1,user23
0.9529194682776381,1,user23
0.7846970666504771,1,user23
0.5067391338100463,1,user23
0.5064386386124587,1,user23
0.4271814230235308,1,user23
0.5835592607220067,1,user23
0.45494342334913773,1,user23
0.6674343034310785,1,user23
0.519314622864452,0,user23
0.4906660755735269,1,user23
0.49077573918288503,1,user23
0.6231933870116898,1,user23
0.49940512673623266,1,user23
0.5742646939763435,1,user23
0.5202630769007383,1,user23
0.6178248830517384,1,user23
0.6567218872609238,1,user23
0.5616681419003556,1,user23
0.6949083110940374,1,user23
0.8222974650030789,1,user23
0.8280614727674752,1,user23
0.28665960595719703,1,user23
0.6121436313893116,0,user23
0.49138861003139483,1,user23
0.5696874273534025,1,user23
0.617112387587355,1,user23
0.5719710935051735,1,user23
0.6041800712202116,1,user23
0.6390364929657604,1,user23
0.6724482486161778,0,user23
0.47089757470151566,0,user23
0.4721747847489135,0,user23
0.33231763489428984,0,user23
0.5886161591731907,1,user23
0.6301951392002922,1,user23
0.4202445229673152,0,user23
0.593477830036548,1,user23
0.5596999778817857,1,user23
0.4627463291293256,0,user23
0.38728456750458,0,user23
0.4322520508150418,1,user23
0.7648416264000306,1,user23
0.6236614828014051,1,user23
0.49568716549285874,1,user23
0.45991338872632576,1,user23
0.43478227347278875,1,user23
0.6793434500037118,0,user23
0.3425564913597034,1,user23
0.332316830477909,1,user23
0.3330350910629012,0,user23
0.26614239752452684,0,user23
0.27069159492924616,0,user23
0.437053899744067,1,user23
0.30005466197951064,0,user23
0.3261206351628233,1,user23
0.32167197501709927,0,user23
0.3521165932394009,0,user23
0.6074536385693621,1,user23
0.8385550991685331,0,user23
0.7792846836510827,0,user23
0.49363598958531385,0,user23
0.30395949683972256,0,user23
0.5348752310945543,1,user23
0.6230788494517547,1,user23
0.5213061016915173,1,user23
0.4134863497514707,0,user23
0.8887189627500388,0,user23
0.7610558979064105,1,user23
0.5410261032999791,1,user23
0.5623977184623438,1,user23
0.514736501997221,1,user23
0.5214617250389976,1,user23
0.7158063604574488,1,user23
0.5486360094700433,1,user23
0.5059583003961887,1,user23
0.6475056067835316,1,user23
0.3561300970207439,0,user23
0.6986864939827424,1,user23
0.4984178374911091,1,user23
0.6596816714957067,1,user23
0.652121192620426,1,user23
0.7723163339149092,1,user23
0.4313465704395549,0,user23
0.6822355890016754,1,user23
0.5486692801098533,1,user23
0.616417840747255,1,user23
0.5445959603057383,1,user23
0.4957594628890037,1,user23
0.6880440711460097,1,user23
0.7282763922384771,1,user23
0.6978203868749061,1,user23
0.3174196212847495,1,user23
0.3573541938193319,1,user23
0.22173253984342103,1,user23
0.4944720639368403,1,user23
0.47095339267816944,1,user23
0.612012303271508,1,user23
0.47460785239431386,1,user23
0.47227143052491455,1,user23
0.34109556378456657,0,user23
0.6692758253377376,1,user23
0.715265506950028,0,user23
0.9247475649956698,0,user23
0.5281231751191605,0,user23
0.20371009424743208,0,user23
0.3490551765809362,1,user23
0.19826003816017973,0,user23
0.29029756561347453,1,user23
0.6009472881062398,1,user23
0.49909154671000155,1,user23
0.5794790378134337,1,user23
0.31019167488287563,0,user23
0.739414234969571,1,user23
0.6987113074359192,1,user23
0.5496593221037543,1,user23
0.6284199450896613,1,user23
0.25332876415455247,1,user23
0.641906271516278,0,user23
0.3527195121229505,1,user23
0.5055447199248602,1,user23
0.45892484261517297,1,user23
0.46554528029359615,1,user23
0.3936865038335159,0,user23
0.4160764697937986,0,user23
0.7267465426251747,1,user23
0.860514438178336,1,user23
0.39247535104380776,0,user23
0.2907923748095609,0,user23
0.3915172846517295,0,user23
0.6075502045995196,0,user23
0.3142598302510045,0,user23
0.8571926779189872,0,user23
0.5763402997284462,0,user23
0.5681436169559879,1,user23
0.6282567695313873,1,user23
0.499565588341094,1,user23
0.5579897301812642,1,user23
0.6034140154310831,1,user23
0.6263419007680506,1,user23
0.6237622620747947,1,user23
0.7161894912724922,1,user23
0.5530479438519953,1,user23
0.9447992268275973,1,user23
0.510425258705944,1,user23
0.5655485407160763,1,user23
0.7866976982708219,1,user23
0.7666064064884084,1,user23
0.6626075743123957,1,user23
0.6969186638217713,1,user23
0.7085648957711026,1,user23
0.4514357011766876,1,user23
0.5873336297920916,1,user23
0.6975344267913547,1,user23
0.4046213888462025,1,user23
0.35276459054493103,1,user23
0.3057041007974343,1,user23
0.4220885368396728,0,user23
0.30880451027522904,1,user23
0.5721338146185041,1,user23
0.8494765152830109,1,user23
0.49827033882548527,1,user23
0.34451348850931607,1,user23
0.42818124029197363,1,user23
0.9199356178440621,1,user23
0.8543938798524464,1,user23
0.8649723792761068,1,user23
0.814002980050948,1,user23
0.6444862400410803,1,user23
0.6860547257186739,1,user23
0.5207609262984169,1,user23
0.8835567438661359,1,user23
0.5376681181894067,1,user23
0.5684139891414094,1,user23
0.5094767162848323,1,user23
0.6490698942288262,1,user23
0.6864926177606275,1,user23
0.6904276890531006,1,user23
0.6815843406108038,1,user23
0.8422947842603213,1,user23
0.7674151916864452,1,user23
0.6414228444678096,1,user23
0.5569524915264759,1,user23
0.5862021610494407,1,user23
0.6026775415837672,1,user23
0.5141333538270443,1,user23
0.5975192014351405,1,user23
0.6275606163165769,1,user23
0.5212955290128293,1,user23
0.6304523351438498,1,user23
0.6270897418827016,1,user23
0.5361360413825377,1,user23
0.40326108817051215,0,user23
0.34338728538787233,1,user23
0.2387993938587326,0,user23
0.6202617670195751,1,user23
0.5746185492748961,1,user23
0.48816150998726415,1,user23
0.4791885627800616,1,user23
0.6196145715025286,1,user23
0.5977779952727489,1,user23
0.43441198973333467,1,user23
0.6077432966138542,1,user23
0.7474500361174798,1,user23
0.5771892164346242,1,user23
0.5830601417853413,1,user23
0.5740136451643578,1,user23
0.900630810019148,1,user23
0.5396414737694333,1,user23
0.5442658286231985,1,user23
0.534277868368893,1,user23
0.45577045874457334,0,user23
0.39017032300435966,0,user23
0.5924299721265929,0,user23
0.3917515920171257,0,user23
0.5473814781365322,1,user23
0.5535066777747408,1,user23
0.6848156793082805,0,user23
0.8684491332454336,0,user23
0.40498094474594876,1,user23
0.6421499533434543,1,user23
0.3355617045458981,1,user23
0.33745647745373036,1,user23
0.5623868927800602,1,user23
0.5476922750639213,1,user23
0.5975482196914021,1,user23
0.5903467448602837,1,user23
0.6822823074573978,1,user23
0.5558732677007849,1,user23
0.3871537630041736,0,user23
0.5480223375013153,1,user23
0.5629637888037048,1,user23
0.8574069996471221,1,user23
0.5077285043814654,1,user23
0.7076589043120938,0,user23
0.2977116368582287,1,user23
0.3033594498561517,1,user23
0.6919591183065992,1,user23
0.7693440946029498,1,user23
0.8254163138926662,1,user23
0.5178695739686838,0,user23
0.556390348347336,0,user23
0.5092974384748318,1,user23
0.5499401802572031,1,user23
0.5168216561303617,1,user23
0.6072618081291697,0,user23
0.44111740682907086,0,user23
0.6763845376245123,1,user23
0.6720292382712113,1,user23
0.3292805138151675,0,user23
0.4971970409767946,1,user23
0.26343509867459447,1,user23
0.36822796049485534,1,user23
0.3443479760126554,0,user23
0.34412986829377157,1,user23
0.7866094227969053,0,user23
0.8160337691037394,0,user23
0.33010094763002756,0,user23
0.4199274112675134,1,user23
0.5066826373054053,1,user23
0.43235776889529726,0,user23
0.7086142735461423,1,user23
0.6431760928759599,1,user23
0.5585368945682813,1,user23
0.739325059683283,1,user23
0.6353638280226122,1,user23
0.8343365351106845,1,user23
0.4667743490454835,1,user23
0.9229237605616217,1,user23
0.6385309898823277,1,user23
0.5915572341878133,1,user23
0.7269836062772288,1,user23
0.6989630090172733,1,user23
0.8219075628075088,1,user23
0.7426813415247606,1,user23
0.7239128881212287,1,user23
0.6484035606578029,0,user23
0.5545283932481949,1,user23
0.5487029434998992,1,user23
0.60031475615486,1,user23
0.7000759684875629,0,user23
0.5041633840951429,1,user23
0.5682260864349011,1,user23
0.5180654807149366,1,user23
0.3068242453735959,1,user23
0.6603348698244562,0,user23
0.639459255263568,1,user23
0.5654563404323083,1,user23
0.5562011191544459,1,user23
0.6126671766022062,1,user23
0.7504673808866773,1,user23
0.5422193623533995,1,user23
0.6539338754185354,1,user23
0.5482979251601542,0,user23
0.35761796435586185,0,user23
0.9579099960495951,1,user23
0.9659902025174014,1,user23
0.5399473365592294,1,user23
0.6308313068881741,1,user23
0.6456467330619342,1,user23
0.5450517795138947,1,user23
0.7369881086341568,1,user23
0.7730395850635092,1,user23
0.6878778341913757,1,user23
0.47922194627728204,1,user23
0.6221862821125391,1,user23
0.6962957736405719,1,user23
0.7980587429331133,1,user23
0.5883633041621608,1,user23
0.7193074231384806,1,user23
0.8140758952315017,1,user23
0.6285345666441929,1,user23
0.7366608501264869,1,user23
0.41354377584277463,1,user23
0.3258369268956667,1,user23
0.7334454765744678,1,user23
0.6532614716393261,1,user23
0.6337395660830547,1,user23
0.6970525948758121,1,user23
0.6872651937353834,0,user23
0.7488778211938181,1,user23
0.33776914027974797,1,user23
0.5968309631086507,1,user23
0.8704737650222907,1,user23
0.7922699159188457,1,user23
0.7266416903942912,1,user23
0.8530561379714837,1,user23
0.756764347743065,1,user23
0.42354793091469944,1,user23
0.5755658621829445,1,user23
0.5672195556496646,1,user23
0.4950743283274317,1,user23
0.547995082963195,1,user23
0.72860466310542,1,user23
0.586001189074231,1,user23
0.5230574616538853,1,user23
0.4020049169265633,1,user23
0.37111566494710996,1,user23
0.5796873173567937,1,user23
0.44860846139689575,0,user23
0.4321389457696821,0,user23
0.6154767140651569,1,user23
0.5119636924943554,1,user23
0.8478189160018043,0,user23
0.7266633504730206,0,user23
0.7032767809652444,1,user23
0.5487885526480784,0,user23
0.5143760678868512,1,user23
0.9158390328190694,1,user23
0.5809928053103321,1,user23
0.43997491034603936,1,user23
0.3934159760945343,0,user23
0.6590036723029197,1,user23
0.7224193299647562,1,user23
0.5175822823747332,1,user23
0.3946224191662365,1,user23
0.5146035523326171,0,user23
0.33606155658587883,1,user23
0.5125150531923937,1,user23
0.3819743736421745,1,user23
0.7812057415110611,1,user23
0.6825582317061414,1,user23
0.7332993607856043,1,user23
0.5763159905928215,1,user23
0.561101869302528,1,user23
0.5722046656532698,1,user23
0.4298466507739606,0,user23
0.6029402189947389,1,user23
0.7559476682045279,1,user23
0.6595347660022712,1,user23
0.5700134589546044,1,user23
0.7183018311732842,1,user23
0.6690591852685892,1,user23
0.6078270445022506,1,user23
0.4951271273124837,0,user23
0.3216393235260574,0,user23
0.42173820329142053,0,user23
0.49469165224660916,1,user23
0.654286676365111,1,user23
0.5388989825633974,1,user23
0.5559051489459299,1,user23
0.47661049094408864,1,user23
0.49247533158211454,1,user23
0.480908846647172,1,user23
0.5328211788894957,1,user23
0.5780914852336201,1,user23
0.3502114017273628,1,user23
0.7727567264390087,1,user23
0.5645634753944905,1,user23
0.5408666350628372,1,user23
0.5228165221575357,1,user23
0.6835163465353369,1,user23
0.5467817637114336,1,user23
0.6223735629520312,1,user23
0.43976502586577304,0,user23
0.4353002465687893,0,user23
0.6733531852179244,1,user23
0.6448117359286072,1,user23
0.522878206435616,1,user23
0.43112825495495216,1,user23
0.604479371145639,1,user23
0.7624778381094828,1,user23
0.5601719508590279,1,user23
0.8131384419898676,1,user23
0.8189081425456696,1,user23
0.7237339782778185,1,user23
0.552712626773248,1,user23
0.4395113864323216,1,user23
0.5479329998096484,1,user23
0.6332541492102688,1,user23
0.6230711627488532,1,user23
0.5217754047632643,1,user23
0.779867542431201,1,user23
0.5590708542548922,1,user23
0.5526325705596596,1,user23
0.41585021741752304,1,user23
0.7944503867224839,1,user23
0.6178646825372826,1,user23
0.7628396923427619,1,user23
0.44377040384135463,1,user23
0.6782273243764665,1,user23
0.6924588423538492,1,user23
0.3732933943123081,0,user23
0.4264723768144714,1,user23
0.6028350981913758,1,user23
0.6763540075989032,1,user23
0.6208074499990535,1,user23
0.5956757347834862,1,user23
0.7627239310024564,1,user23
0.6948048616519346,1,user23
0.6107024779100967,1,user23
0.41995767794154004,1,user23
0.1760089514131952,0,user23
0.6822534052912114,1,user23
0.6771645777766125,1,user23
0.3106511863609908,0,user23
0.33689860325014664,1,user23
0.5296022747428822,0,user23
0.34384461573550357,0,user23
0.5567620394984624,1,user23
0.6533512661981042,0,user23
0.3109366364336312,0,user23
0.6094885553204011,0,user23
0.3115527153112335,1,user23
0.3039227548872455,0,user23
0.2630896521817049,0,user23
0.6047417816239868,1,user23
0.6404103700754905,1,user23
0.3789859813293302,0,user23
0.9082779757716999,0,user23
0.5026618349969924,0,user23
0.5319404648611341,1,user23
0.4434166802052444,1,user23
0.2603320674113773,0,user23
0.39554296213061185,1,user23
0.446392529880327,1,user23
0.8037620420851463,0,user23
0.3017166961141741,1,user23
0.4433535007563314,0,user23
0.5698507854509104,1,user23
0.5234170936538388,1,user23
0.6384017593469768,1,user23
0.38703533135969154,0,user23
0.5260441972368236,1,user23
0.5114543769714155,1,user23
0.5950506215875914,1,user23
0.24446016912112598,1,user23
0.5880018370592893,1,user23
0.4921497643845871,1,user23
0.7042077941082721,1,user23
0.7595724703074718,1,user23
0.5689205277981052,1,user23
0.5242078644883069,1,user23
0.7085517183798118,0,user23
0.2693502406636587,0,user23
0.36979545968009697,0,user23
0.5300541487820395,1,user23
0.593428807857474,1,user23
0.36655077708623435,1,user23
0.6761036176937746,1,user23
0.3745563043973336,1,user23
0.5304731366039775,1,user23
0.510203462508117,1,user23
0.7579882949991602,1,user23
0.4799956507938262,1,user23
0.28264906199755646,0,user23
0.5412346601788885,1,user23
0.6474708709146909,1,user23
0.5318283377781885,1,user23
0.4400021933442096,1,user23
0.5279774694049267,1,user23
0.57963116401506,1,user23
0.5031066400971788,1,user23
0.6233054331079789,1,user23
0.8686715392525253,0,user23
0.6870089636475413,1,user23
0.5344638058890557,1,user23
0.6264163898636327,1,user23
0.6305164797519321,1,user23
0.7001954048931626,1,user23
0.44937662555874636,1,user23
0.3934735528278676,1,user23
0.5520082546061496,1,user23
0.6802457634730644,1,user23
0.5866932987887905,1,user23
0.5994770970574886,1,user23
0.5612753498221341,1,user23
0.26438976522919966,1,user23
0.574358534611328,1,user23
0.9387482536349278,1,user23
0.7792107438248594,1,user23
0.5954913005570938,1,user23
0.3063963523297324,1,user23
0.42967448501798694,1,user23
0.5272480288574616,1,user23
0.5725589443102234,1,user23
0.7360070552232292,1,user23
0.670864527671341,1,user23
0.3460383718067644,0,user23
0.33619263493439355,1,user23
0.5363463529606051,1,user23
0.5326053595461945,1,user23
0.5751495882103226,1,user23
0.6000515167081928,1,user23
0.74335975690062,1,user23
0.5731728600410315,1,user23
0.5779864404905476,1,user23
0.2591907212764044,0,user23
0.518627578735711,1,user23
0.536074963452031,1,user23
0.5741559447079014,1,user23
0.5869090825321657,1,user23
0.6701563792660337,1,user23
0.5963881341750837,1,user23
0.6363160536401701,1,user23
0.5988610696663003,1,user23
0.638243182253145,1,user23
0.2878961083687239,0,user23
0.6403280235767032,0,user23
0.41269887116035464,1,user23
0.8193522972897426,1,user23
0.5638489628348284,0,user23
0.5169016088494816,1,user23
0.38059085030213097,0,user23
0.5094990865550534,1,user23
0.5117499816217309,0,user23
0.6307281809616879,0,user23
0.498376691366127,1,user23
0.6485881592686923,1,user23
0.547502920322148,1,user23
0.5291423218864658,1,user23
0.5707563831677263,1,user23
0.578736533456885,1,user23
0.6843862228867881,1,user23
0.7942427966370137,1,user23
0.3000228908693672,0,user23
0.5503287510457644,1,user23
0.571157805186051,1,user23
0.6644398821449151,1,user23
0.773066278102656,1,user23
0.588990778633112,1,user23
0.5841932403197445,1,user23
0.6173737337562062,1,user23
0.5089258993167511,1,user23
0.5218924369776115,1,user23
0.499023319791035,1,user23
0.516691549876746,1,user23
0.5536365699399716,1,user23
0.5396117428479726,1,user23
0.6450678619073976,1,user23
0.7905236368334608,1,user23
0.6694985377312055,1,user23
0.7740439767681042,1,user23
0.6744411343910249,1,user23
0.549454213843196,1,user23
0.4597741101416349,1,user23
0.7464891370283478,1,user23
0.5990298900547951,1,user23
0.6735020632156582,1,user23
0.5302621258237087,1,user23
0.7328749241519151,1,user23
0.41361099712066995,1,user23
0.6381911187136228,0,user23
0.7168467335042663,0,user23
0.5466762033791588,1,user23
0.5876779598111694,1,user23
0.8094066854232926,1,user23
0.554489625717735,1,user23
0.6718318862178284,1,user23
0.6958003261202633,1,user23
0.486513442781272,1,user23
0.5186035166598203,1,user23
0.5437366566147138,1,user23
0.5198083056248713,1,user23
0.6771773667692302,1,user23
0.6327128628739764,1,user23
0.3929774409165085,1,user23
0.6245597022147611,1,user23
0.5717480896201153,1,user23
0.7230234514652804,1,user23
0.5561355308994829,1,user23
0.7075810585094391,1,user23
0.685005332943754,0,user23
0.6404696432222252,1,user23
0.5605955776888205,1,user23
0.568382567898917,1,user23
0.4596019363683548,0,user23
0.7204689881942897,1,user23
0.7036676672089659,1,user23
0.6111405469515181,1,user23
0.5288793625701274,1,user23
0.5101511971015608,1,user23
0.5340840784037891,1,user23
0.6730401013577454,1,user23
0.6306871785641394,1,user23
0.8042373031722738,1,user23
0.5095006651439465,0,user23
0.3068094239651413,1,user23
0.4124201030861885,0,user23
0.6159051556225904,1,user23
0.4237011702103919,0,user23
0.39714854923846243,1,user23
0.8424526684625359,1,user23
0.5528488014687348,1,user23
0.2396577534017243,0,user23
0.4830590482969949,1,user23
0.546348269268815,1,user23
0.47105548935017066,0,user23
0.5015789044087506,1,user23
0.5570930490823226,1,user23
0.38905712319365,1,user23
0.4292220574803377,0,user23
0.5533960177413312,1,user23
0.5941057540795264,1,user23
0.5171060065147498,1,user23
0.8173400248171684,1,user23
0.6497225347749759,1,user23
0.5191389579939824,1,user23
0.561017856279846,1,user23
0.7257169448590315,1,user23
0.5233203906789735,1,user23
0.6235406478714551,1,user23
0.5525095191438665,1,user23
0.4907018993221545,1,user23
0.4911006172365559,1,user23
0.6038261066759317,1,user23
0.687322835309527,1,user23
0.20755937820065598,1,user23
0.6248832489216313,0,user23
0.7463390778702566,1,user23
0.5435023748862164,1,user23
0.5662282455301502,1,user23
0.5534195536050666,1,user23
0.45428157296017657,1,user23
0.4770320141369795,1,user23
0.6268472819584707,1,user23
0.5616216087357795,1,user23
0.5923775234399385,1,user23
0.5953412170224102,1,user23
0.6167515110313936,1,user23
0.5291608035733212,1,user23
0.4527298829041099,1,user23
0.48774216895298383,1,user23
0.6304428993938687,1,user23
0.5179503981974475,1,user23
0.6182803260050024,1,user23
0.5966504415009241,1,user23
0.6448843086457572,1,user23
0.568708798933734,1,user23
0.6357094709426474,1,user23
0.8573799514568918,1,user23
0.3440143602589219,0,user23
0.7765323612928465,0,user23
0.6303650144119294,1,user23
0.7147729449203815,1,user23
0.6982718684697443,1,user23
0.5230660489149636,1,user23
0.5974692919012833,0,user23
0.43898087029720506,1,user23
0.4152122220939139,1,user23
0.4980514120907898,0,user23
0.34805330579889715,0,user23
0.49407160438678066,1,user23
0.48551549604594013,1,user23
0.5262431043781521,1,user23
0.8098651490352277,1,user23
0.6581176454532901,1,user23
0.570014433154856,1,user23
0.45039850137853876,1,user23
0.4888680896531327,1,user23
0.5843137985914059,1,user23
0.5355721211980491,1,user23
0.6584647358392782,1,user23
0.6650073256568603,1,user23
0.8022117858976717,1,user23
0.6031753907766142,1,user23
0.5724523664473721,1,user23
0.49159602095650445,1,user23
0.49282780282743727,1,user23
0.2669176866715796,0,user23
0.6493597141424209,1,user23
0.6275236096820189,1,user23
0.6041077676619558,1,user23
0.5558106367394542,1,user23
0.6351447737050508,1,user23
0.6915275267073905,1,user23
0.5321239972450789,1,user23
0.7479641970518944,1,user23
0.5644215005402813,1,user23
0.5974774997490163,1,user23
0.5819874103103013,1,user23
0.650225959196411,1,user23
0.6100839243429107,1,user23
0.3199861277420462,0,user23
0.5250596354147222,1,user23
0.5698581664116968,1,user23
0.42229554354788285,0,user23
0.20880404629813196,0,user23
0.27268831254024856,0,user23
0.798429928764658,0,user23
0.5210846137436388,0,user23
0.5588678911933987,1,user23
0.39499938668106543,1,user23
0.4005134575144352,0,user23
0.3697406320149904,0,user23
0.3068716079372131,0,user23
0.45819568103279357,1,user23
0.36756844960356866,1,user23
0.6739052806588198,1,user23
0.5579135129164593,1,user23
0.4318942386887179,1,user23
0.30261882353779984,0,user23
0.5693706386085446,1,user23
0.3901056614570462,1,user23
0.34122635646952004,0,user23
0.42143916199621245,1,user23
0.4610671717875942,0,user23
0.58194476285408,1,user23
0.6644865787752509,1,user23
0.6829996904762338,1,user23
0.6267155410817471,1,user23
0.7767369430964727,1,user23
0.7805511407284842,1,user23
0.4008934632941906,1,user23
0.370984981063675,0,user23
0.7055306353352713,0,user23
0.56966273485884,1,user23
0.5389945607293393,1,user23
0.5593480686114675,1,user23
0.5568449845755206,1,user23
0.5254136719472101,1,user23
0.4768992865110263,1,user23
0.32939180495465387,1,user23
0.4255756330823938,0,user23
0.529124841277071,0,user23
0.5378548788070802,1,user23
0.5598856732002857,1,user23
0.46239387012873584,0,user23
0.5610035921050783,1,user23
0.7306369382906874,1,user23
0.7132847731663763,0,user23
0.24128544171847008,0,user23
0.4814923165829208,1,user23
0.70969512929738,0,user23
0.5552283791171212,1,user23
0.7089970168360076,1,user23
0.6026009048693031,1,user23
0.6355593711853987,1,user23
0.8604363815972839,1,user23
0.7648648851924758,1,user23
0.6133530817788295,1,user23
0.7740168032573114,1,user23
0.7723340222352866,1,user23
0.48605371210598763,1,user23
0.5323549789177088,1,user23
0.5719540473758156,1,user23
0.8250316352126355,1,user23
0.31165584786321215,1,user23
0.6168236845915055,1,user23
0.62897763509035,1,user23
0.5465095484777234,1,user23
0.5535873674338947,1,user23
0.5721513584876062,1,user23
0.8262445915705775,1,user23
0.8508095370693824,1,user23
0.7407222965585709,1,user23
0.6552249614826391,1,user23
0.4606690839564702,1,user23
0.6847567631426659,1,user23
0.5600946239594099,1,user23
0.7564501724387968,1,user23
0.6439515188735018,0,user23
0.27501038803527045,0,user23
0.651655085843688,1,user23
0.7098950410777104,1,user23
0.7173072935727497,1,user23
0.36903583177827975,1,user23
0.3484508259113307,1,user23
0.2534416250484939,1,user23
0.5744037760504901,1,user23
0.5346100463627991,1,user23
0.4776779748850697,1,user23
0.37889725746126096,0,user23
0.5015423918693558,1,user23
0.47021715493625443,0,user23
0.5338348715964807,1,user23
0.446118338936937,1,user23
0.6239941219417655,1,user23
0.46308061165641023,1,user23
0.5249457414363169,1,user23
0.5882197407826415,1,user23
0.9256365106808931,1,user23
0.32758282762698626,1,user23
0.30757512600306397,1,user23
0.5467106468209767,1,user23
0.6428323275363268,1,user23
0.4700595353656633,1,user23
0.7525064532127218,1,user23
0.6136083848404104,1,user23
0.609500003612332,1,user23
0.6114936196289058,1,user23
0.6814742092429071,1,user23
0.5588256692013386,0,user23
0.6335451027972963,1,user23
0.713435967508192,1,user23
0.46529525741490463,0,user23
0.5830426928310345,1,user23
0.41484092933082933,0,user23
0.6075999883804024,1,user23
0.6368750143957398,1,user23
0.5197278128190979,1,user23
0.7536940295045459,1,user23
0.6477841879318565,1,user23
0.7676518022017129,1,user23
0.6175608492972271,1,user23
0.2634249946261936,0,user23
0.5171392553861477,0,user23
0.49002002473833206,1,user23
0.7925613458926914,1,user23
0.5617141611915082,1,user23
0.6113380082444597,1,user23
0.5982348984123458,1,user23
0.6316131099362424,1,user23
0.5743255602825103,0,user23
0.6307606190993075,1,user23
0.3814222710342719,0,user23
0.7189679342252588,1,user23
0.6653459835284595,1,user23
0.5230921305718337,1,user23
0.6166917651418548,1,user23
0.6788927281027947,1,user23
0.8046975278912698,1,user23
0.875676710218064,0,user23
0.47638942074293644,0,user23
0.6103401067577059,1,user23
0.39832547791545303,0,user23
0.6377253552395237,0,user23
0.5015968015550369,0,user23
0.3961729269153283,1,user23
0.645101156707226,1,user23
0.38823687834098175,1,user23
0.5072304343455216,1,user23
0.7443084162949607,1,user23
0.577563537114991,1,user23
0.23736191146934088,1,user23
0.7118314239735904,0,user23
0.5270646066116079,1,user23
0.4092270783063984,0,user23
0.5028439950916688,1,user23
0.387339984722207,1,user23
0.533238663077104,1,user23
0.7063584092848503,0,user23
0.28761071093102375,0,user23
0.5493833991439483,1,user23
0.5525744778481722,1,user23
0.29207089601819186,0,user23
0.6658581010614266,0,user23
0.33437021164258307,0,user23
0.520812794337283,0,user23
0.6708011034363338,1,user23
0.43508610783477436,0,user23
0.48387843544377,1,user23
0.5391771143933547,1,user23
0.303512674258564,0,user23
0.6353604651737644,1,user23
0.2651034119508772,0,user23
0.5174260678038591,1,user23
0.5772992369893915,1,user23
0.6795379763070237,1,user23
0.2660086543134542,0,user23
0.47217780967567485,1,user23
0.7381193634619423,1,user23
0.5799364798028134,1,user23
0.3825455797970396,0,user23
0.5849657270935017,1,user23
0.7475427129164908,1,user23
0.2927287468997429,0,user23
0.44878941866790223,1,user23
0.6816672731495156,0,user23
0.7949545464692406,0,user23
0.35168950658619913,1,user23
0.20467998576122692,0,user23
0.3510056955870838,1,user23
0.6542235916984177,1,user23
0.6872188016297196,1,user23
0.6979830831776183,1,user23
0.626093428557815,1,user23
0.4175542482300874,0,user23
0.5163298649395837,1,user23
0.5979266432696544,1,user23
0.33333874785218254,1,user23
0.40988265391564893,1,user23
0.7450091073318569,1,user23
0.6521155622913233,1,user23
0.5209671517118497,1,user23
0.5599898608058951,1,user23
0.5368026368645367,1,user23
0.5932011489656199,1,user23
0.5318653284559953,1,user23
0.6857463044046268,1,user23
0.5334949775130823,1,user23
0.6136696211060898,0,user23
0.4995052537717259,1,user23
0.5552950942744903,1,user23
0.366214788828238,1,user23
0.6166054794743481,1,user23
0.6870214335578426,1,user23
0.5420231380332586,1,user23
0.5792243813561752,1,user23
0.6021203433856092,1,user23
0.30998642057103315,1,user23
0.5091346966779965,1,user23
0.38181929208427157,0,user23
0.3526971609744162,0,user23
0.3908079051965362,0,user23
0.7824016629152787,0,user23
0.867672020313593,0,user23
0.5713948302887368,0,user23
0.46389188758966476,1,user23
0.793440882941521,0,user23
0.42490574448367957,0,user23
0.7434560634774924,0,user23
0.607517543711266,1,user23
0.3592212805316784,1,user23
0.62671434515755,0,user23
0.7425802112197804,1,user23
0.6240159132049337,1,user23
0.5476555542498559,1,user23
0.5131720986365327,1,user23
0.5144373393864654,1,user23
0.29144757285400213,0,user23
0.5001331345627597,1,user23
0.4928797757270947,1,user23
0.6740995337666621,1,user23
0.7116904512223875,1,user23
0.7004174436904768,1,user23
0.717187037817086,0,user23
0.3046437147903731,1,user23
0.8069933644238986,1,user23
0.5963929540824068,1,user23
0.6224093626472066,1,user23
0.5518000126649516,1,user23
0.6795458168271024,0,user23
0.5345875701778595,1,user23
0.5903506990365801,1,user23
0.8026366503065282,0,user23
0.5385194623713186,1,user23
0.8073670852798616,1,user23
0.5514323418984889,1,user23
0.6094867338264676,1,user23
0.6903541918938959,1,user23
0.5737462771674059,1,user23
0.5344449611812164,1,user23
0.5357211146301195,1,user23
0.45035336632157513,1,user23
0.5886319543876389,1,user23
0.5388894531294881,1,user23
0.5362414187111559,1,user23
0.6279321746422557,1,user23
0.5151533824643867,1,user23
0.5055591519558215,1,user23
0.555160889897169,1,user23
0.46462461242433906,1,user23
0.5784516966683773,1,user23
0.32681278422244714,0,user23
0.4924595881689341,1,user23
0.326876296030483,0,user23
0.7357172214602833,0,user23
0.5846679195214227,1,user23
0.5457934521635331,1,user23
0.5094519348203008,1,user23
0.6129905743718315,1,user23
0.5542499452953966,1,user23
0.4591537890827996,0,user23
0.7105343545933334,1,user23
0.5326885959026528,1,user23
0.5672676986738218,1,user23
0.6631435662425574,1,user23
0.3645660161587881,1,user23
0.5152899537806782,1,user23
0.851402129864055,1,user23
0.43963510451147636,0,user23
0.3934891287957028,0,user23
0.7069418720457655,1,user23
0.7201390880081829,0,user23
0.5234373732946666,1,user23
0.2907480251204861,0,user23
0.5481719469905101,0,user23
0.5283105784570356,0,user23
0.3775601112514164,1,user23
0.4016707946562999,1,user23
0.5621930130931033,0,user23
0.588256347452952,0,user23
0.4164974467203089,0,user23
0.386353602615775,0,user23
0.4807453851993742,0,user23
0.4718396016535444,0,user23
0.3464847882114964,0,user23
0.6897532453532171,1,user23
0.5768523315603878,1,user23
0.48389687829189704,1,user23
0.5101602379444334,1,user23
0.5096488352919356,1,user23
0.6014293184560963,1,user23
0.6207878998026989,1,user23
0.750257020159635,1,user23
0.5168021610634687,1,user23
0.5682755062540532,1,user23
0.5527170990947452,1,user23
0.567874353781007,1,user23
0.5811430568040362,1,user23
0.5215982684313749,1,user23
0.5642560376784836,1,user23
0.847525972090813,0,user23
0.39143971577843656,1,user23
0.5620725200058873,1,user23
0.5800236256690169,1,user23
0.5132094926678517,1,user23
0.4657946851547456,1,user23
0.33018030039339874,0,user23
0.4488032524888815,1,user23
0.33498313639589045,0,user23
0.3412421713592805,0,user23
0.7364042482723566,1,user23
0.7910255914311516,1,user23
0.9529194682776381,1,user23
0.7846970666504771,1,user23
0.5067391338100463,1,user23
0.5064386386124587,1,user23
0.4271814230235308,1,user23
0.5835592607220067,1,user23
0.45494342334913773,1,user23
0.6674343034310785,1,user23
0.519314622864452,0,user23
0.4906660755735269,1,user23
0.49077573918288503,1,user23
0.6231933870116898,1,user23
0.49940512673623266,1,user23
0.5742646939763435,1,user23
0.5202630769007383,1,user23
0.6178248830517384,1,user23
0.6567218872609238,1,user23
0.5616681419003556,1,user23
0.6949083110940374,1,user23
0.8222974650030789,1,user23
0.8280614727674752,1,user23
0.28665960595719703,1,user23
0.6121436313893116,0,user23
0.49138861003139483,1,user23
0.5696874273534025,1,user23
0.617112387587355,1,user23
0.5719710935051735,1,user23
0.6041800712202116,1,user23
0.6390364929657604,1,user23
0.6724482486161778,0,user23
0.47089757470151566,0,user23
0.4721747847489135,0,user23
0.33231763489428984,0,user23
0.5886161591731907,1,user23
0.6301951392002922,1,user23
0.4202445229673152,0,user23
0.593477830036548,1,user23
0.5596999778817857,1,user23
0.4627463291293256,0,user23
0.38728456750458,0,user23
0.4322520508150418,1,user23
0.7648416264000306,1,user23
0.6236614828014051,1,user23
0.49568716549285874,1,user23
0.45991338872632576,1,user23
0.43478227347278875,1,user23
0.6793434500037118,0,user23
0.3425564913597034,1,user23
0.332316830477909,1,user23
0.3330350910629012,0,user23
0.26614239752452684,0,user23
0.27069159492924616,0,user23
0.437053899744067,1,user23
0.30005466197951064,0,user23
0.3261206351628233,1,user23
0.32167197501709927,0,user23
0.3521165932394009,0,user23
0.6074536385693621,1,user23
0.8385550991685331,0,user23
0.7792846836510827,0,user23
0.49363598958531385,0,user23
0.30395949683972256,0,user23
0.5348752310945543,1,user23
0.6230788494517547,1,user23
0.5213061016915173,1,user23
0.4134863497514707,0,user23
0.8887189627500388,0,user23
0.7610558979064105,1,user23
0.5410261032999791,1,user23
0.5623977184623438,1,user23
0.514736501997221,1,user23
0.5214617250389976,1,user23
0.7158063604574488,1,user23
0.5486360094700433,1,user23
0.5059583003961887,1,user23
0.6475056067835316,1,user23
0.3561300970207439,0,user23
0.6986864939827424,1,user23
0.4984178374911091,1,user23
0.6596816714957067,1,user23
0.652121192620426,1,user23
0.7723163339149092,1,user23
0.4313465704395549,0,user23
0.6822355890016754,1,user23
0.5486692801098533,1,user23
0.616417840747255,1,user23
0.5445959603057383,1,user23
0.4957594628890037,1,user23
0.6880440711460097,1,user23
0.7282763922384771,1,user23
0.6978203868749061,1,user23
0.3174196212847495,1,user23
0.3573541938193319,1,user23
0.22173253984342103,1,user23
0.4944720639368403,1,user23
0.47095339267816944,1,user23
0.612012303271508,1,user23
0.47460785239431386,1,user23
0.47227143052491455,1,user23
0.34109556378456657,0,user23
0.6692758253377376,1,user23
0.715265506950028,0,user23
0.9247475649956698,0,user23
0.5281231751191605,0,user23
0.20371009424743208,0,user23
0.3490551765809362,1,user23
0.19826003816017973,0,user23
0.29029756561347453,1,user23
0.6009472881062398,1,user23
0.49909154671000155,1,user23
0.5794790378134337,1,user23
0.31019167488287563,0,user23
0.739414234969571,1,user23
0.6987113074359192,1,user23
0.5496593221037543,1,user23
0.6284199450896613,1,user23
0.25332876415455247,1,user23
0.641906271516278,0,user23
0.3527195121229505,1,user23
0.5055447199248602,1,user23
0.45892484261517297,1,user23
0.46554528029359615,1,user23
0.3936865038335159,0,user23
0.4160764697937986,0,user23
0.7267465426251747,1,user23
0.860514438178336,1,user23
0.39247535104380776,0,user23
0.2907923748095609,0,user23
0.3915172846517295,0,user23
0.6075502045995196,0,user23
0.3142598302510045,0,user23
0.8571926779189872,0,user23
0.5763402997284462,0,user23
0.5681436169559879,1,user23
0.6282567695313873,1,user23
0.499565588341094,1,user23
0.5579897301812642,1,user23
0.6034140154310831,1,user23
0.6263419007680506,1,user23
0.6237622620747947,1,user23
0.7161894912724922,1,user23
0.5530479438519953,1,user23
0.9447992268275973,1,user23
0.510425258705944,1,user23
0.5655485407160763,1,user23
0.7866976982708219,1,user23
0.7666064064884084,1,user23
0.6626075743123957,1,user23
0.6969186638217713,1,user23
0.7085648957711026,1,user23
0.4514357011766876,1,user23
0.5873336297920916,1,user23
0.6975344267913547,1,user23
0.4046213888462025,1,user23
0.35276459054493103,1,user23
0.3057041007974343,1,user23
0.4220885368396728,0,user23
0.30880451027522904,1,user23
0.5721338146185041,1,user23
0.8494765152830109,1,user23
0.49827033882548527,1,user23
0.34451348850931607,1,user23
0.42818124029197363,1,user23
0.9199356178440621,1,user23
0.8543938798524464,1,user23
0.8649723792761068,1,user23
0.814002980050948,1,user23
0.6444862400410803,1,user23
0.6860547257186739,1,user23
0.5207609262984169,1,user23
0.8835567438661359,1,user23
0.5376681181894067,1,user23
0.5684139891414094,1,user23
0.5094767162848323,1,user23
0.6490698942288262,1,user23
0.6864926177606275,1,user23
0.6904276890531006,1,user23
0.6815843406108038,1,user23
0.8422947842603213,1,user23
0.7674151916864452,1,user23
0.6414228444678096,1,user23
0.5569524915264759,1,user23
0.5862021610494407,1,user23
0.6026775415837672,1,user23
0.5141333538270443,1,user23
0.5975192014351405,1,user23
0.6275606163165769,1,user23
0.5212955290128293,1,user23
0.6304523351438498,1,user23
0.6270897418827016,1,user23
0.5361360413825377,1,user23
0.40326108817051215,0,user23
0.34338728538787233,1,user23
0.2387993938587326,0,user23
0.6202617670195751,1,user23
0.5746185492748961,1,user23
0.48816150998726415,1,user23
0.4791885627800616,1,user23
0.6196145715025286,1,user23
0.5977779952727489,1,user23
0.43441198973333467,1,user23
0.6077432966138542,1,user23
0.7474500361174798,1,user23
0.5771892164346242,1,user23
0.5830601417853413,1,user23
0.5740136451643578,1,user23
0.900630810019148,1,user23
0.5396414737694333,1,user23
0.5442658286231985,1,user23
0.534277868368893,1,user23
0.45577045874457334,0,user23
0.39017032300435966,0,user23
0.5924299721265929,0,user23
0.3917515920171257,0,user23
0.5473814781365322,1,user23
0.5535066777747408,1,user23
0.6848156793082805,0,user23
0.8684491332454336,0,user23
0.40498094474594876,1,user23
0.6421499533434543,1,user23
0.3355617045458981,1,user23
0.33745647745373036,1,user23
0.5623868927800602,1,user23
0.5476922750639213,1,user23
0.5975482196914021,1,user23
0.5903467448602837,1,user23
0.6822823074573978,1,user23
0.5558732677007849,1,user23
0.3871537630041736,0,user23
0.5480223375013153,1,user23
0.5629637888037048,1,user23
0.8574069996471221,1,user23
0.5077285043814654,1,user23
0.7076589043120938,0,user23
0.2977116368582287,1,user23
0.3033594498561517,1,user23
0.6919591183065992,1,user23
0.7693440946029498,1,user23
0.8254163138926662,1,user23
0.5178695739686838,0,user23
0.556390348347336,0,user23
0.5092974384748318,1,user23
0.5499401802572031,1,user23
0.5168216561303617,1,user23
0.6072618081291697,0,user23
0.44111740682907086,0,user23
0.6763845376245123,1,user23
0.6720292382712113,1,user23
0.3292805138151675,0,user23
0.4971970409767946,1,user23
0.26343509867459447,1,user23
0.36822796049485534,1,user23
0.3443479760126554,0,user23
0.34412986829377157,1,user23
0.7866094227969053,0,user23
0.8160337691037394,0,user23
0.33010094763002756,0,user23
0.4199274112675134,1,user23
0.5066826373054053,1,user23
0.43235776889529726,0,user23
0.7086142735461423,1,user23
0.6431760928759599,1,user23
0.5585368945682813,1,user23
0.739325059683283,1,user23
0.6353638280226122,1,user23
0.8343365351106845,1,user23
0.4667743490454835,1,user23
0.9229237605616217,1,user23
0.6385309898823277,1,user23
0.5915572341878133,1,user23
0.7269836062772288,1,user23
0.6989630090172733,1,user23
0.8219075628075088,1,user23
0.7426813415247606,1,user23
0.7239128881212287,1,user23
0.6484035606578029,0,user23
0.5545283932481949,1,user23
0.5487029434998992,1,user23
0.60031475615486,1,user23
0.7000759684875629,0,user23
0.5041633840951429,1,user23
0.5682260864349011,1,user23
0.5180654807149366,1,user23
0.3068242453735959,1,user23
0.6603348698244562,0,user23
0.639459255263568,1,user23
0.5654563404323083,1,user23
0.5562011191544459,1,user23
0.6126671766022062,1,user23
0.7504673808866773,1,user23
0.5422193623533995,1,user23
0.6539338754185354,1,user23
0.5482979251601542,0,user23
0.35761796435586185,0,user23
0.9579099960495951,1,user23
0.9659902025174014,1,user23
0.5399473365592294,1,user23
0.6308313068881741,1,user23
0.6456467330619342,1,user23
0.5450517795138947,1,user23
0.7369881086341568,1,user23
0.7730395850635092,1,user23
0.6878778341913757,1,user23
0.47922194627728204,1,user23
0.6221862821125391,1,user23
0.6962957736405719,1,user23
0.7980587429331133,1,user23
0.5883633041621608,1,user23
0.7193074231384806,1,user23
0.8140758952315017,1,user23
0.6285345666441929,1,user23
0.7366608501264869,1,user23
0.41354377584277463,1,user23
0.3258369268956667,1,user23
0.7334454765744678,1,user23
0.6532614716393261,1,user23
0.6337395660830547,1,user23
0.6970525948758121,1,user23
0.6872651937353834,0,user23
0.7488778211938181,1,user23
0.33776914027974797,1,user23
0.5968309631086507,1,user23
0.8704737650222907,1,user23
0.7922699159188457,1,user23
0.7266416903942912,1,user23
0.8530561379714837,1,user23
0.756764347743065,1,user23
0.42354793091469944,1,user23
0.5755658621829445,1,user23
0.5672195556496646,1,user23
0.4950743283274317,1,user23
0.547995082963195,1,user23
0.72860466310542,1,user23
0.586001189074231,1,user23
0.5230574616538853,1,user23
0.4020049169265633,1,user23
0.37111566494710996,1,user23
0.5796873173567937,1,user23
0.44860846139689575,0,user23
0.4321389457696821,0,user23
0.6154767140651569,1,user23
0.5119636924943554,1,user23
0.8478189160018043,0,user23
0.7266633504730206,0,user23
0.7032767809652444,1,user23
0.5487885526480784,0,user23
0.5143760678868512,1,user23
0.9158390328190694,1,user23
0.5809928053103321,1,user23
0.43997491034603936,1,user23
0.3934159760945343,0,user23
0.6590036723029197,1,user23
0.7224193299647562,1,user23
0.5175822823747332,1,user23
0.3946224191662365,1,user23
0.5146035523326171,0,user23
0.33606155658587883,1,user23
0.5125150531923937,1,user23
0.3819743736421745,1,user23
0.7812057415110611,1,user23
0.6825582317061414,1,user23
0.7332993607856043,1,user23
0.5763159905928215,1,user23
0.561101869302528,1,user23
0.5722046656532698,1,user23
0.4298466507739606,0,user23
0.6029402189947389,1,user23
0.7559476682045279,1,user23
0.6595347660022712,1,user23
0.5700134589546044,1,user23
0.7183018311732842,1,user23
0.6690591852685892,1,user23
0.6078270445022506,1,user23
0.4951271273124837,0,user23
0.3216393235260574,0,user23
0.42173820329142053,0,user23
0.49469165224660916,1,user23
0.654286676365111,1,user23
0.5388989825633974,1,user23
0.5559051489459299,1,user23
0.47661049094408864,1,user23
0.49247533158211454,1,user23
0.480908846647172,1,user23
0.5328211788894957,1,user23
0.5780914852336201,1,user23
0.3502114017273628,1,user23
0.7727567264390087,1,user23
0.5645634753944905,1,user23
0.5408666350628372,1,user23
0.5228165221575357,1,user23
0.6835163465353369,1,user23
0.5467817637114336,1,user23
0.6223735629520312,1,user23
0.43976502586577304,0,user23
0.4353002465687893,0,user23
0.6733531852179244,1,user23
0.6448117359286072,1,user23
0.522878206435616,1,user23
0.43112825495495216,1,user23
0.604479371145639,1,user23
0.7624778381094828,1,user23
0.5601719508590279,1,user23
0.8131384419898676,1,user23
0.8189081425456696,1,user23
0.7237339782778185,1,user23
0.552712626773248,1,user23
0.4395113864323216,1,user23
0.5479329998096484,1,user23
0.6332541492102688,1,user23
0.6230711627488532,1,user23
0.5217754047632643,1,user23
0.779867542431201,1,user23
0.5590708542548922,1,user23
0.5526325705596596,1,user23
0.41585021741752304,1,user23
0.7944503867224839,1,user23
0.6178646825372826,1,user23
0.7628396923427619,1,user23
0.44377040384135463,1,user23
0.6782273243764665,1,user23
0.6924588423538492,1,user23
0.3732933943123081,0,user23
0.4264723768144714,1,user23
0.6028350981913758,1,user23
0.6763540075989032,1,user23
0.6208074499990535,1,user23
0.5956757347834862,1,user23
0.7627239310024564,1,user23
0.6948048616519346,1,user23
0.6107024779100967,1,user23
0.41995767794154004,1,user23
0.1760089514131952,0,user23
0.6822534052912114,1,user23
0.6771645777766125,1,user23
0.3106511863609908,0,user23
0.33689860325014664,1,user23
0.5296022747428822,0,user23
0.34384461573550357,0,user23
0.5567620394984624,1,user23
0.6533512661981042,0,user23
0.3109366364336312,0,user23
0.6094885553204011,0,user23
0.3115527153112335,1,user23
0.3039227548872455,0,user23
0.2630896521817049,0,user23
0.6047417816239868,1,user23
0.6404103700754905,1,user23
0.3789859813293302,0,user23
0.9082779757716999,0,user23
0.5026618349969924,0,user23
0.5319404648611341,1,user23
0.4434166802052444,1,user23
0.2603320674113773,0,user23
0.39554296213061185,1,user23
0.446392529880327,1,user23
0.8037620420851463,0,user23
0.3017166961141741,1,user23
0.4433535007563314,0,user23
0.5698507854509104,1,user23
0.5234170936538388,1,user23
0.6384017593469768,1,user23
0.38703533135969154,0,user23
0.5260441972368236,1,user23
0.5114543769714155,1,user23
0.5950506215875914,1,user23
0.24446016912112598,1,user23
0.5880018370592893,1,user23
0.4921497643845871,1,user23
0.7042077941082721,1,user23
0.7595724703074718,1,user23
0.5689205277981052,1,user23
0.5242078644883069,1,user23
0.7085517183798118,0,user23
0.2693502406636587,0,user23
0.36979545968009697,0,user23
0.5300541487820395,1,user23
0.593428807857474,1,user23
0.36655077708623435,1,user23
0.6761036176937746,1,user23
0.3745563043973336,1,user23
0.5304731366039775,1,user23
0.510203462508117,1,user23
0.7579882949991602,1,user23
0.4799956507938262,1,user23
0.28264906199755646,0,user23
0.5412346601788885,1,user23
0.6474708709146909,1,user23
0.5318283377781885,1,user23
0.4400021933442096,1,user23
0.5279774694049267,1,user23
0.57963116401506,1,user23
0.5031066400971788,1,user23
0.6233054331079789,1,user23
0.8686715392525253,0,user23
0.6870089636475413,1,user23
0.5344638058890557,1,user23
0.6264163898636327,1,user23
0.6305164797519321,1,user23
0.7001954048931626,1,user23
0.44937662555874636,1,user23
0.3934735528278676,1,user23
0.5520082546061496,1,user23
0.6802457634730644,1,user23
0.5866932987887905,1,user23
0.5994770970574886,1,user23
0.5612753498221341,1,user23
0.26438976522919966,1,user23
0.574358534611328,1,user23
0.9387482536349278,1,user23
0.7792107438248594,1,user23
0.5954913005570938,1,user23
0.3063963523297324,1,user23
0.42967448501798694,1,user23
0.5272480288574616,1,user23
0.5725589443102234,1,user23
0.7360070552232292,1,user23
0.670864527671341,1,user23
0.3460383718067644,0,user23
0.33619263493439355,1,user23
0.5363463529606051,1,user23
0.5326053595461945,1,user23
0.5751495882103226,1,user23
0.6000515167081928,1,user23
0.74335975690062,1,user23
0.5731728600410315,1,user23
0.5779864404905476,1,user23
0.2591907212764044,0,user23
0.518627578735711,1,user23
0.536074963452031,1,user23
0.5741559447079014,1,user23
0.5869090825321657,1,user23
0.6701563792660337,1,user23
0.5963881341750837,1,user23
0.6363160536401701,1,user23
0.5988610696663003,1,user23
0.638243182253145,1,user23
0.2878961083687239,0,user23
0.6403280235767032,0,user23
0.41269887116035464,1,user23
0.8193522972897426,1,user23
0.5638489628348284,0,user23
0.5169016088494816,1,user23
0.38059085030213097,0,user23
0.5094990865550534,1,user23
0.5117499816217309,0,user23
0.6307281809616879,0,user23
0.498376691366127,1,user23
0.6485881592686923,1,user23
0.547502920322148,1,user23
0.5291423218864658,1,user23
0.5707563831677263,1,user23
0.578736533456885,1,user23
0.6843862228867881,1,user23
0.7942427966370137,1,user23
0.3000228908693672,0,user23
0.5503287510457644,1,user23
0.571157805186051,1,user23
0.6644398821449151,1,user23
0.773066278102656,1,user23
0.588990778633112,1,user23
0.5841932403197445,1,user23
0.6173737337562062,1,user23
0.5089258993167511,1,user23
0.5218924369776115,1,user23
0.499023319791035,1,user23
0.516691549876746,1,user23
0.5536365699399716,1,user23
0.5396117428479726,1,user23
0.6450678619073976,1,user23
0.7905236368334608,1,user23
0.6694985377312055,1,user23
0.7740439767681042,1,user23
0.6744411343910249,1,user23
0.549454213843196,1,user23
0.4597741101416349,1,user23
0.7464891370283478,1,user23
0.5990298900547951,1,user23
0.6735020632156582,1,user23
0.5302621258237087,1,user23
0.7328749241519151,1,user23
0.41361099712066995,1,user23
0.6381911187136228,0,user23
0.7168467335042663,0,user23
0.5466762033791588,1,user23
0.5876779598111694,1,user23
0.8094066854232926,1,user23
0.554489625717735,1,user23
0.6718318862178284,1,user23
0.6958003261202633,1,user23
0.486513442781272,1,user23
0.5186035166598203,1,user23
0.5437366566147138,1,user23
0.5198083056248713,1,user23
0.6771773667692302,1,user23
0.6327128628739764,1,user23
0.3929774409165085,1,user23
0.6245597022147611,1,user23
0.5717480896201153,1,user23
0.7230234514652804,1,user23
0.5561355308994829,1,user23
0.7075810585094391,1,user23
0.685005332943754,0,user23
0.6404696432222252,1,user23
0.5605955776888205,1,user23
0.568382567898917,1,user23
0.4596019363683548,0,user23
0.7204689881942897,1,user23
0.7036676672089659,1,user23
0.6111405469515181,1,user23
0.5288793625701274,1,user23
0.5101511971015608,1,user23
0.5340840784037891,1,user23
0.6730401013577454,1,user23
0.6306871785641394,1,user23
0.8042373031722738,1,user23
0.5095006651439465,0,user23
0.3068094239651413,1,user23
0.4124201030861885,0,user23
0.6159051556225904,1,user23
0.4237011702103919,0,user23
0.39714854923846243,1,user23
0.8424526684625359,1,user23
0.5528488014687348,1,user23
0.2396577534017243,0,user23
0.4830590482969949,1,user23
0.546348269268815,1,user23
0.47105548935017066,0,user23
0.5015789044087506,1,user23
0.5570930490823226,1,user23
0.38905712319365,1,user23
0.4292220574803377,0,user23
0.5533960177413312,1,user23
0.5941057540795264,1,user23
0.5171060065147498,1,user23
0.8173400248171684,1,user23
0.6497225347749759,1,user23
0.5191389579939824,1,user23
0.561017856279846,1,user23
0.7257169448590315,1,user23
0.5233203906789735,1,user23
0.6235406478714551,1,user23
0.5525095191438665,1,user23
0.4907018993221545,1,user23
0.4911006172365559,1,user23
0.6038261066759317,1,user23
0.687322835309527,1,user23
0.20755937820065598,1,user23
0.6248832489216313,0,user23
0.7463390778702566,1,user23
0.5435023748862164,1,user23
0.5662282455301502,1,user23
0.5534195536050666,1,user23
0.45428157296017657,1,user23
0.4770320141369795,1,user23
0.6268472819584707,1,user23
0.5616216087357795,1,user23
0.5923775234399385,1,user23
0.5953412170224102,1,user23
0.6167515110313936,1,user23
0.5291608035733212,1,user23
0.4527298829041099,1,user23
0.48774216895298383,1,user23
0.6304428993938687,1,user23
0.5179503981974475,1,user23
0.6182803260050024,1,user23
0.5966504415009241,1,user23
0.6448843086457572,1,user23
0.568708798933734,1,user23
0.6357094709426474,1,user23
0.8573799514568918,1,user23
0.3440143602589219,0,user23
0.7765323612928465,0,user23
0.6303650144119294,1,user23
0.7147729449203815,1,user23
0.6982718684697443,1,user23
0.5230660489149636,1,user23
0.5974692919012833,0,user23
0.43898087029720506,1,user23
0.4152122220939139,1,user23
0.4980514120907898,0,user23
0.34805330579889715,0,user23
0.49407160438678066,1,user23
0.48551549604594013,1,user23
0.5262431043781521,1,user23
0.4926032360349012,1,user29
0.26385573678821217,0,user29
0.8569563317715793,0,user29
0.8111418661829894,0,user29
0.4958498292060096,1,user29
0.4930842283395402,1,user29
0.4944600637432855,1,user29
0.7544206784880654,1,user29
0.5773528988538638,1,user29
0.4687433442211781,1,user29
0.5493772993235201,1,user29
0.5191391158228692,1,user29
0.563372797840837,1,user29
0.5617377279882753,0,user29
0.5594526010840093,1,user29
0.5159747829999376,1,user29
0.5004835113395879,1,user29
0.4956039761679474,1,user29
0.6218020775355619,1,user29
0.6015464928951914,1,user29
0.470885608967817,1,user29
0.5227968056140088,1,user29
0.7733138466696193,0,user29
0.8217396117932573,1,user29
0.684978335875146,1,user29
0.4040162220134805,0,user29
0.635895125215857,1,user29
0.43905186698737525,1,user29
0.3037499252854751,1,user29
0.5963482740898157,0,user29
0.4684802385940061,1,user29
0.3167459762635687,1,user29
0.43269302831881806,1,user29
0.6440806569010149,0,user29
0.524600825522913,1,user29
0.5586661536318369,1,user29
0.5677546428544132,1,user29
0.6333326113218558,0,user29
0.5287609969921571,0,user29
0.4775887257275686,1,user29
0.47332538391906265,1,user29
0.8194603853085975,0,user29
0.5532706119234145,1,user29
0.5358070109483297,1,user29
0.5722881791250906,1,user29
0.6577808025934825,1,user29
0.5514679022122042,0,user29
0.9411855303260942,0,user29
0.6136257023379702,1,user29
0.537458423225471,1,user29
0.5074938794782196,0,user29
0.6400555567445743,1,user29
0.6701389819179817,1,user29
0.683459291103073,0,user29
0.7337479446286599,0,user29
0.43147359278188363,1,user29
0.4512067010111907,0,user29
0.5028085576338002,1,user29
0.3587780896984281,1,user29
0.4017853343958893,0,user29
0.40855309347610014,1,user29
0.40517027335725553,0,user29
0.4602340602508828,1,user29
0.3817163543400936,0,user29
0.4256480307001248,1,user29
0.3805489913971293,1,user29
0.5354021599421663,1,user29
0.4386154129000281,0,user29
0.46590488732728136,0,user29
0.8885745791298028,0,user29
0.9198935966036782,0,user29
0.5562091003507512,1,user29
0.6021228784642445,0,user29
0.5403741838224504,1,user29
0.5464906951493286,1,user29
0.5546843703821196,1,user29
0.5285875558840648,1,user29
0.5309019254976941,1,user29
0.5483655685387129,1,user29
0.7042326045435092,0,user29
0.49450096068500304,1,user29
0.8192585331314213,1,user29
0.584192030246696,0,user29
0.7358757742647798,0,user29
0.6234850470184367,1,user29
0.6378856774894456,1,user29
0.43721023144974397,0,user29
0.5210282137060741,1,user29
0.8645921907541688,0,user29
0.7538343230313191,0,user29
0.5103415887048534,0,user29
0.6286952635689372,1,user29
0.48979517962352964,1,user29
0.49141594837227803,1,user29
0.4982743275620984,1,user29
0.5699843481323885,1,user29
0.3358745725061939,0,user29
0.5099617249452092,1,user29
0.46735016552222564,0,user29
0.727078769444093,0,user29
0.460376142343986,0,user29
0.6110495663676138,1,user29
0.5513782429779279,1,user29
0.5594058599656152,1,user29
0.5802567360340346,1,user29
0.58000215906491,0,user29
0.5646574232164084,1,user29
0.5949366936702247,1,user29
0.6145035928160404,0,user29
0.44649872382548755,0,user29
0.5962529513747378,1,user29
0.6353125622419648,1,user29
0.5353664603320547,0,user29
0.3251010742377961,0,user29
0.48844751742776654,1,user29
0.5527037958479154,1,user29
0.6846522525688257,1,user29
0.5527968755347914,1,user29
0.4928645743251226,1,user29
0.4928449561627798,1,user29
0.5155869722475293,1,user29
0.5914438914483471,1,user29
0.6088194938144295,1,user29
0.6927844345992245,1,user29
0.5540791484238046,0,user29
0.7107526995374682,1,user29
0.5567802820266379,1,user29
0.44472591746565326,1,user29
0.663573738533025,1,user29
0.6975837471800582,1,user29
0.4933555780934985,1,user29
0.5697435085273445,1,user29
0.5556064582108017,1,user29
0.4551248761725408,1,user29
0.6153931807892047,1,user29
0.6109115722425472,1,user29
0.5869887890043313,1,user29
0.5267691724123409,1,user29
0.7658095690795024,1,user29
0.7285665279547149,1,user29
0.425188720587727,0,user29
0.5486992897867352,1,user29
0.4150597738779928,1,user29
0.36064387455462205,1,user29
0.4744646246232982,1,user29
0.37512391204844137,0,user29
0.719577358344408,1,user29
0.7706116236441505,1,user29
0.6603847084478855,1,user29
0.7707854307069096,1,user29
0.5882047998627137,0,user29
0.6751138162158448,1,user29
0.7268825615039723,1,user29
0.8827909690332515,1,user29
0.34200422487640164,1,user29
0.6561484156849782,1,user29
0.6159616478827972,1,user29
0.9416446222532036,1,user29
0.9418017145616426,1,user29
0.71289682257973,1,user29
0.47486453504947046,1,user29
0.6075811598875627,1,user29
0.7342256723863381,1,user29
0.7063149246538816,1,user29
0.557565772998038,1,user29
0.686041441142424,1,user29
0.763576663214664,1,user29
0.7139948840898732,1,user29
0.4470778631154023,0,user29
0.563094615406904,1,user29
0.6576283610724042,1,user29
0.7049062972459377,1,user29
0.6964837020411995,1,user29
0.3967792476074246,1,user29
0.5747158542082262,1,user29
0.796238126908703,1,user29
0.5564872492181168,1,user29
0.5852474018105864,1,user29
0.5545893015038443,1,user29
0.22612186269781398,1,user29
0.6104228821448917,1,user29
0.7202603475742011,1,user29
0.6789709600386588,1,user29
0.6734385328921478,1,user29
0.5345826506199908,0,user29
0.5702379410071726,1,user29
0.49946024180589177,1,user29
0.4935424213005609,1,user29
0.5614725459977438,0,user29
0.5364703965295768,1,user29
0.7951062227776815,1,user29
0.6705001486271698,1,user29
0.6309856653553222,1,user29
0.8141841594605498,1,user29
0.5817022397209327,1,user29
0.4774011724061721,1,user29
0.6485193655152098,1,user29
0.21833050771385873,0,user29
0.7283597171986467,1,user29
0.5464726457526546,1,user29
0.60191219234285,0,user29
0.5669433637729812,1,user29
0.5893184119431308,1,user29
0.5537209693407316,1,user29
0.5481155224729396,1,user29
0.5201679094664415,1,user29
0.5709465247714276,1,user29
0.5413096021468871,1,user29
0.5697961898331314,1,user29
0.5729951753564803,1,user29
0.5771978483858651,1,user29
0.5811355260159348,1,user29
0.7816311703821112,1,user29
0.3711974292833172,0,user29
0.6269574826395637,0,user29
0.3988034516018839,1,user29
0.298305392848255,0,user29
0.5552338755213349,1,user29
0.4757755125007013,1,user29
0.4885011598768873,1,user29
0.5434743576469174,1,user29
0.5827850927297223,1,user29
0.5363201544177914,1,user29
0.21362098862404863,0,user29
0.3819270061866906,1,user29
0.5387371816382623,1,user29
0.6180192201901865,1,user29
0.5858849787213283,1,user29
0.2754235427239821,0,user29
0.35823720251956814,0,user29
0.6048094677541382,1,user29
0.6085729891709282,1,user29
0.5950084010549697,1,user29
0.548976537470798,1,user29
0.5890677441780052,1,user29
0.5276637744825511,1,user29
0.6997695859149577,0,user29
0.46300381988530437,1,user29
0.32669068878989893,0,user29
0.6428733296119025,1,user29
0.5954553269598842,1,user29
0.2886684867814902,1,user29
0.6387611947034159,1,user29
0.7340205452474781,1,user29
0.5345718792617417,1,user29
0.6120993974685779,1,user29
0.5781211138277182,1,user29
0.4932468219190122,1,user29
0.6599089426022136,1,user29
0.6539104905309303,1,user29
0.6987765486364698,0,user29
0.5577884635953355,1,user29
0.6095134766364944,1,user29
0.5219337968660731,1,user29
0.5440731154261546,1,user29
0.6558174977910589,1,user29
0.4094307101479595,1,user29
0.4790793840717605,1,user29
0.32452215729240347,1,user29
0.4903558749935392,0,user29
0.3520544865800925,0,user29
0.5083725890367926,1,user29
0.37232370016030647,0,user29
0.23789328166315407,0,user29
0.2738074732432906,0,user29
0.7358751847334336,0,user29
0.3665894653001091,0,user29
0.36369392811787576,0,user29
0.5622467875195217,0,user29
0.6586424105377958,1,user29
0.3393204639797184,1,user29
0.5718313634259861,1,user29
0.7032596061316615,1,user29
0.7434148448471661,1,user29
0.9764284889537199,1,user29
0.5317345654253253,1,user29
0.5133838491121352,1,user29
0.587170063616552,1,user29
0.7280403703844145,1,user29
0.5216467048956939,1,user29
0.5422042533936849,1,user29
0.5305979400878638,1,user29
0.5399987631956006,1,user29
0.538632159749642,1,user29
0.37751392463434535,1,user29
0.4529689689393546,0,user29
0.31962309078743817,1,user29
0.5095097509798717,1,user29
0.3482713413299954,0,user29
0.4084606069134579,0,user29
0.5517294105868505,0,user29
0.5961926798652022,0,user29
0.5429612403594815,1,user29
0.5535282503594282,1,user29
0.5317872975704083,1,user29
0.5238156443045971,1,user29
0.5207153060583616,1,user29
0.5660117734897034,1,user29
0.6578078969797244,1,user29
0.529438409447344,1,user29
0.6182911179527902,1,user29
0.6321406163789419,1,user29
0.5966719432779402,1,user29
0.3615888693578796,0,user29
0.5439619429678598,1,user29
0.6340775157692511,1,user29
0.28006583109166233,0,user29
0.685528620152611,1,user29
0.562506996017855,1,user29
0.2374814487554526,0,user29
0.5923997614553812,1,user29
0.3543804858509538,1,user29
0.7653712568668037,0,user29
0.5636983550968082,0,user29
0.42585966867495073,0,user29
0.4651631141320665,0,user29
0.7951929613906938,0,user29
0.4561029459908665,0,user29
0.7478415670308969,1,user29
0.5338409824829253,1,user29
0.6998078513804125,0,user29
0.47262154955753494,1,user29
0.5821497925028052,1,user29
0.6086457835746848,1,user29
0.5325930225624531,1,user29
0.6610743362294174,1,user29
0.7121095412732389,1,user29
0.749524647317304,1,user29
0.6044270092396234,0,user29
0.5558310583939793,1,user29
0.6310016674556634,1,user29
0.4614343831099851,1,user29
0.5982873268223478,0,user29
0.4319566657929252,0,user29
0.5632440241168066,1,user29
0.528368668048514,1,user29
0.48563011871244743,1,user29
0.4121204909439632,1,user29
0.5360513600296941,1,user29
0.6086091960943645,1,user29
0.6662489338210363,1,user29
0.6411081960840488,1,user29
0.5918627800395887,1,user29
0.7626123517193668,1,user29
0.6389968330318073,1,user29
0.5814879456182954,1,user29
0.7033569161517663,1,user29
0.5608261554776219,1,user29
0.5681147282657927,1,user29
0.33669671720926464,1,user29
0.3283011167387885,1,user29
0.5796747673431744,1,user29
0.6955117253572691,1,user29
0.5579438903339461,1,user29
0.5001361753359826,0,user29
0.651488090797622,1,user29
0.5894710695039432,1,user29
0.5251932398577112,1,user29
0.7660622089290208,1,user29
0.6005208935613403,1,user29
0.5218795675873575,1,user29
0.5668277900487431,1,user29
0.5404783113456622,0,user29
0.5478331912433084,0,user29
0.7502676176167489,1,user29
0.8815108396106568,1,user29
0.7006641494971382,1,user29
0.7760357213512117,1,user29
0.6383028698971833,1,user29
0.7216810433423171,1,user29
0.7868998987509255,1,user29
0.6926388622887215,1,user29
0.6513627439152647,1,user29
0.6131521440086897,1,user29
0.6433171808258256,1,user29
0.28542433300504905,0,user29
0.5013841458152642,1,user29
0.4716873331536096,1,user29
0.4946300297411826,1,user29
0.7020573997400082,1,user29
0.6942548467678343,1,user29
0.6998361855013444,1,user29
0.7141883272998744,1,user29
0.6814128217525817,1,user29
0.7280156157341379,1,user29
0.8784974870625873,0,user29
0.6381794314409838,1,user29
0.5947460912707241,1,user29
0.6807591280648227,1,user29
0.5152568543987799,0,user29
0.6753337492207923,1,user29
0.49116836208090014,1,user29
0.5468840437573286,1,user29
0.5409959998419186,1,user29
0.6534241522151729,1,user29
0.6088901468016049,1,user29
0.6106102839414974,1,user29
0.6909096016349189,0,user29
0.7790345353017746,0,user29
0.36652091971881817,0,user29
0.2811487935143957,0,user29
0.6144042886713817,1,user29
0.6447353345927133,1,user29
0.35255937606479304,0,user29
0.3659852024104324,0,user29
0.6168211747937794,1,user29
0.6301146302708833,1,user29
0.5942846151069906,1,user29
0.5843542181796284,1,user29
0.4566113004967476,0,user29
0.8228692669841172,1,user29
0.4459068620357258,1,user29
0.563839518370746,1,user29
0.4506324151589885,1,user29
0.6214452229524139,1,user29
0.665124786626523,1,user29
0.3327518596881335,1,user29
0.782716983175592,1,user29
0.3318812164450906,0,user29
0.43534373629974554,1,user29
0.2879469377203759,0,user29
0.5193205448401277,1,user29
0.21877870048696513,1,user29
0.4987337559526685,0,user29
0.5551648214967682,1,user29
0.5433460495492357,1,user29
0.6190432095295597,1,user29
0.7331712090462843,1,user29
0.6618543916848523,1,user29
0.6389457821424344,1,user29
0.2805552120580536,0,user29
0.2575914599641487,0,user29
0.8478851462810797,1,user29
0.5887575577722638,1,user29
0.5201772142380118,1,user29
0.5459893383991323,1,user29
0.3303343363228528,0,user29
0.22543217325711332,0,user29
0.6288700753141453,1,user29
0.532238416694322,1,user29
0.5674900035547642,1,user29
0.4611865489993119,1,user29
0.36098273603498887,0,user29
0.22883840649213627,0,user29
0.7395683337301151,1,user29
0.6868945373443888,1,user29
0.46367748101944073,1,user29
0.8136161496835548,1,user29
0.5454645681322617,1,user29
0.5453834395360652,1,user29
0.5445697230569158,1,user29
0.674512557742025,1,user29
0.6318950606040525,1,user29
0.6666571599457215,1,user29
0.771391372583829,1,user29
0.8704442768223912,1,user29
0.5394947117374846,1,user29
0.6670350425687899,0,user29
0.46825498039926927,0,user29
0.5632361986280672,1,user29
0.8229319625531191,1,user29
0.7453771286252868,1,user29
0.8493174762991363,1,user29
0.6995194343262771,1,user29
0.3886446614171239,1,user29
0.5148039943191458,0,user29
0.6028027639686894,1,user29
0.5580242377761387,1,user29
0.7423455234056079,1,user29
0.673522440362452,1,user29
0.5031758021101992,1,user29
0.5214764843010588,1,user29
0.3024551547704691,0,user29
0.2957784505701191,1,user29
0.7236490617911306,1,user29
0.7200471109870302,1,user29
0.6821563555998468,1,user29
0.603934531688566,1,user29
0.4189512794338892,1,user29
0.5368401552742343,0,user29
0.5917336071616222,0,user29
0.5254479790375963,1,user29
0.6229300305600816,1,user29
0.569370932091903,1,user29
0.18845258519377742,0,user29
0.42120412891164183,0,user29
0.3676192083629769,0,user29
0.2504703326320369,0,user29
0.5315611560847693,1,user29
0.2547868597283067,1,user29
0.3827760076833219,1,user29
0.4978018042694048,1,user29
0.5815656911204301,1,user29
0.443078798864396,1,user29
0.3779900798200757,1,user29
0.6997173934028708,1,user29
0.6936458593293829,0,user29
0.6401759537893045,1,user29
0.3578997886639737,0,user29
0.6561101030103443,1,user29
0.5335524253228693,1,user29
0.7200283429597137,1,user29
0.7454265590623664,1,user29
0.863504134626709,1,user29
0.6209055272415904,0,user29
0.6941369033658744,1,user29
0.5531872980002455,1,user29
0.8969836250671146,1,user29
0.7025588677619415,1,user29
0.5275698527161269,1,user29
0.5669720567603924,1,user29
0.6998295795156548,1,user29
0.36380279178025526,1,user29
0.5653468568905238,1,user29
0.6384340081526276,1,user29
0.7670966068734725,1,user29
0.5854342309791497,1,user29
0.6526756931682874,1,user29
0.8341869678532529,1,user29
0.21001445955972967,1,user29
0.5072817519460819,0,user29
0.3269922397557895,1,user29
0.45392092140533546,0,user29
0.9048236567835267,0,user29
0.8470367657883,1,user29
0.7320865515570212,1,user29
0.7376870140444125,1,user29
0.7095639503951008,1,user29
0.6177598989129963,1,user29
0.649439529689303,1,user29
0.6583752428437023,1,user29
0.7280171326325369,1,user29
0.3255397909872405,1,user29
0.7021133950395856,0,user29
0.27309099932897013,1,user29
0.8634390806881973,1,user29
0.5272043141574766,1,user29
0.867893885881871,0,user29
0.5763570592304391,1,user29
0.7232231707405788,1,user29
0.20171375870382682,0,user29
0.5044805551069171,0,user29
0.7115092411010244,1,user29
0.5869205939676184,1,user29
0.6965148854814386,0,user29
0.5719543385848176,0,user29
0.465311804304778,0,user29
0.5433673173147595,0,user29
0.6364691888747773,1,user29
0.42037796384753723,1,user29
0.6430573325833261,1,user29
0.5569055060648099,0,user29
0.3212479718358977,0,user29
0.43194231757374146,0,user29
0.6003045860592354,0,user29
0.41723255675723725,1,user29
0.5367248304376612,1,user29
0.6671142403784316,1,user29
0.4997798556232495,1,user29
0.5417539928295054,0,user29
0.5702055809440859,0,user29
0.4240106558339064,1,user29
0.27777787830367634,1,user29
0.4002568490463459,0,user29
0.6364203197205688,1,user29
0.7378948166951717,1,user29
0.4509122709501551,1,user29
0.6738983438898402,1,user29
0.3612981058008834,1,user29
0.3038949176254417,0,user29
0.7113395850175622,1,user29
0.8049828964692448,1,user29
0.3484962528044126,0,user29
0.6251088112573212,1,user29
0.6200032505035801,1,user29
0.6992907383606598,1,user29
0.5545151978373257,1,user29
0.5066199164889346,1,user29
0.2987988258812918,1,user29
0.6176594251882783,1,user29
0.5127011149792549,1,user29
0.5258827224360003,1,user29
0.4846321842522135,1,user29
0.7577150653954907,1,user29
0.6673176473957801,0,user29
0.5447523618424681,1,user29
0.6753894656740834,1,user29
0.5772856489638487,1,user29
0.6388764144179574,1,user29
0.6299305478856787,1,user29
0.5074983183088754,1,user29
0.4719285470991967,1,user29
0.605866169083298,1,user29
0.685042835897219,1,user29
0.7498123554027712,1,user29
0.6906890246071941,1,user29
0.582977528769854,0,user29
0.6109329556033735,1,user29
0.579658921196782,1,user29
0.5795049583741372,1,user29
0.5064250621327332,1,user29
0.5899396473480392,1,user29
0.6764679914178409,1,user29
0.5446923942934844,1,user29
0.6101622320423598,1,user29
0.6052050509922752,1,user29
0.9591745718776189,1,user29
0.6325341967843155,1,user29
0.5782032914390304,1,user29
0.6365022408975717,1,user29
0.5056029852181322,1,user29
0.552865114027314,1,user29
0.5234628732243556,1,user29
0.5173629416735878,1,user29
0.49127792830513567,1,user29
0.48774958868955226,1,user29
0.880049874660886,1,user29
0.5962442191967031,1,user29
0.5810503378941365,1,user29
0.4313283227073988,1,user29
0.4942360446219104,1,user29
0.7160978463571523,1,user29
0.5724040846095687,1,user29
0.7089873519507874,1,user29
0.7611924948293015,1,user29
0.4923167190557391,1,user29
0.48418857075108457,1,user29
0.5029256147731116,1,user29
0.5206740924066502,1,user29
0.4554005694089888,1,user29
0.6392091461692085,1,user29
0.5516325915671799,1,user29
0.5463843882664609,1,user29
0.5642812601251685,1,user29
0.29718713953741416,0,user29
0.5437347234846606,1,user29
0.5438220946936494,1,user29
0.5945855243876138,1,user29
0.928291844468073,1,user29
0.4924339475224399,1,user29
0.5143508644488108,1,user29
0.4999542854397823,1,user29
0.5656253813656493,1,user29
0.7267190814575423,1,user29
0.5106076283841438,1,user29
0.4814943339384651,1,user29
0.48643275491187943,1,user29
0.457384122551576,1,user29
0.5918215243317865,1,user29
0.8500116640662136,1,user29
0.523921981775499,1,user29
0.6663874987233906,1,user29
0.4649987982417798,1,user29
0.6206587606770471,1,user29
0.5370943951968901,1,user29
0.5101543956453362,1,user29
0.679163219059818,1,user29
0.7646671953527926,1,user29
0.6929216239845821,1,user29
0.5996569547013635,1,user29
0.5958322460259465,1,user29
0.8651273721796349,1,user29
0.45482390615345225,1,user29
0.4469475197613499,1,user29
0.6836696746241173,1,user29
0.5815709164569279,1,user29
0.5838851565796572,1,user29
0.8044519889362,1,user29
0.5426988603943916,1,user29
0.6117217603433485,1,user29
0.5925203358973857,1,user29
0.8404353801920162,1,user29
0.5155246503930008,1,user29
0.6983830487812394,1,user29
0.4921271019079328,1,user29
0.7763946311628341,1,user29
0.6540271677894538,1,user29
0.6017302981357159,1,user29
0.6317121649337945,1,user29
0.48754122424484664,1,user29
0.4862442657557072,1,user29
0.49218206753477534,1,user29
0.6516512670202567,1,user29
0.5304056114824353,1,user29
0.5887631185259358,1,user29
0.5238198026122196,1,user29
0.6324999466588976,1,user29
0.5085999096752281,1,user29
0.5927787012797281,1,user29
0.8091451893481207,1,user29
0.7814378323477298,1,user29
0.7718312212631442,1,user29
0.3531787909229369,0,user29
0.6861594399891159,1,user29
0.3399079643534935,0,user29
0.6265683173172037,1,user29
0.5320934660466531,1,user29
0.5331158280620072,1,user29
0.5652946455677662,1,user29
0.46968074012333316,1,user29
0.47726719973724335,1,user29
0.5965857636563232,1,user29
0.6875728894051759,1,user29
0.575899838583767,1,user29
0.49090526770788323,1,user29
0.4920942639169744,1,user29
0.5128221654878501,1,user29
0.5012001328245581,1,user29
0.41683032485050453,0,user29
0.6171298454526633,1,user29
0.5003057882961839,1,user29
0.4818833161047326,1,user29
0.7577693323985453,1,user29
0.5256512098195564,1,user29
0.9188951032266102,0,user29
0.5058508723216938,1,user29
0.5236512772587049,1,user29
0.5374150722615776,1,user29
0.5391434649257498,0,user29
0.38262675554333153,1,user29
0.2735494376855858,0,user29
0.3504607797580832,1,user29
0.45335823761839483,0,user29
0.5970874290327457,0,user29
0.6187681667264665,1,user29
0.429451517644124,0,user29
0.45086556080049306,1,user29
0.5257677010709958,1,user29
0.2929918917962486,0,user29
0.6180511451934475,1,user29
0.5016282039929794,1,user29
0.5325653518634366,1,user29
0.5574472176310504,1,user29
0.2674282596126599,0,user29
0.6124922610248401,1,user29
0.5344369917470325,1,user29
0.49494991313603665,1,user29
0.5125448189348112,0,user29
0.4732452789267443,1,user29
0.4632959887528302,0,user29
0.5425969316463848,1,user29
0.4215422153814161,0,user29
0.5528114566069225,1,user29
0.5811648701181319,1,user29
0.30100337070593963,0,user29
0.29570469102842073,1,user29
0.1946978812268186,0,user29
0.6220546294243542,1,user29
0.4802675974122039,1,user29
0.48242649078911387,1,user29
0.5709593060026188,0,user29
0.7556710094477918,1,user29
0.23684019492998562,0,user29
0.40640958486596757,0,user29
0.30512860453564306,1,user29
0.5447300477418694,1,user29
0.2916623677764984,0,user29
0.44387543166323473,0,user29
0.5117039010352408,1,user29
0.30642627280654705,0,user29
0.3695021333231352,0,user29
0.42756145076809227,1,user29
0.5133711484145094,0,user29
0.4995771779226668,1,user29
0.5095464542141448,1,user29
0.5756005036289086,1,user29
0.4977896363131108,1,user29
0.6707567886392086,1,user29
0.6390358900385954,1,user29
0.5990925458892944,1,user29
0.6291015213013357,1,user29
0.6799472452418466,0,user29
0.4542459952048403,1,user29
0.5559239563625775,0,user29
0.5401709555392817,0,user29
0.28819720817637506,1,user29
0.5241461075186206,1,user29
0.6871112698740663,1,user29
0.4163983941628357,0,user29
0.39892500051109114,0,user29
0.29049136564705175,0,user29
0.5547206111694398,1,user29
0.6994832555109394,1,user29
0.52634866315413,1,user29
0.5637227480841636,1,user29
0.6110581708664558,0,user29
0.48224742884617394,1,user29
0.5544797705594742,1,user29
0.7820943091103878,0,user29
0.36366488168567934,0,user29
0.41872050356902174,0,user29
0.4775237163176499,1,user29
0.6138987924570661,0,user29
0.6206379578044332,1,user29
0.2781955753197259,0,user29
0.6567644115427858,1,user29
0.5820387026530395,1,user29
0.583215671606134,1,user29
0.5286015720074208,1,user29
0.5559725357000997,0,user29
0.8188207604866866,1,user29
0.36547189696956484,0,user29
0.3014822347884441,0,user29
0.4487590408276365,0,user29
0.35192002508633935,0,user29
0.3478079015308752,1,user29
0.5209098905026608,1,user29
0.5607054839787871,1,user29
0.4273909481639618,1,user29
0.7160101163094809,1,user29
0.5226819387158675,1,user29
0.32779112733893834,0,user29
0.4895453350846762,1,user29
0.7447934962938627,1,user29
0.8303298511518701,1,user29
0.6344397988837402,1,user29
0.5732597642779913,1,user29
0.5766770603673879,1,user29
0.4708047794870559,1,user29
0.5100426390170487,1,user29
0.5458685345471991,1,user29
0.5523076707736795,1,user29
0.5259586817135609,1,user29
0.500182419726303,1,user29
0.5578700456262056,1,user29
0.5688974880488664,1,user29
0.556385576705189,1,user29
0.5677565014955518,1,user29
0.5813666567699097,1,user29
0.49389050174853794,1,user29
0.49729978047828444,1,user29
0.7179472079468074,1,user29
0.7173571756810084,0,user29
0.5799554398177666,1,user29
0.6917459333443582,1,user29
0.7163448389440636,1,user29
0.5559064707042709,1,user29
0.25776248796391077,0,user29
0.23974238696240857,0,user29
0.46990678984555506,1,user29
0.8323074608918225,1,user29
0.5100981361361671,1,user29
0.6290364508994317,1,user29
0.5964440251314337,1,user29
0.7802978544243214,1,user29
0.6147172251102399,1,user29
0.8116920026147086,1,user29
0.7383853353318365,1,user29
0.5118675075133745,0,user29
0.6096632111445542,1,user29
0.5263613497121397,1,user29
0.9042206617035682,1,user29
0.6619118828130763,1,user29
0.7610943753966033,1,user29
0.6456894309344942,1,user29
0.6661482163605149,1,user29
0.6993284967203246,1,user29
0.7323493110645761,1,user29
0.4719905329483141,1,user29
0.5527174648398964,1,user29
0.8289139813868668,1,user29
0.867217787683369,1,user29
0.5880311364071316,0,user29
0.4991852745125677,0,user29
0.3487036615742946,1,user29
0.3543025885169153,0,user29
0.6779207035571229,1,user29
0.6511686782904716,1,user29
0.5573640684187247,1,user29
0.6613974993993492,1,user29
0.6044249701060082,1,user29
0.7446785120113473,1,user29
0.6573556744965062,1,user29
0.6377656606507363,1,user29
0.7109869668104183,1,user29
0.5760106425734657,1,user29
0.5324056418087139,1,user29
0.8257100032588773,1,user29
0.6269702682932681,1,user29
0.7459119017491271,1,user29
0.6326049818615598,1,user29
0.7113182019762989,1,user29
0.6257719189281913,1,user29
0.5646221291231784,1,user29
0.5366374795064868,1,user29
0.4008540350610274,0,user29
0.6240964953863681,1,user29
0.633720569823479,1,user29
0.5834597838069091,1,user29
0.6883415885528386,1,user29
0.7000722242397729,1,user29
0.6462708245005528,1,user29
0.8781623923595746,1,user29
0.5591941540479626,1,user29
0.589569557302916,1,user29
0.4385207344709423,1,user29
0.520517821918175,1,user29
0.5010005804373421,1,user29
0.7614819817137004,1,user29
0.7334049388548941,1,user29
0.40417728856052276,0,user29
0.5036386332070149,1,user29
0.5348613608066151,1,user29
0.4934603712483202,1,user29
0.7615015136326027,1,user29
0.6325830229297117,1,user29
0.4848982655359794,1,user29
0.4795863140720006,1,user29
0.7835668514411859,1,user29
0.726842482686975,1,user29
0.49071712249078414,1,user29
0.4911177556094629,1,user29
0.5302444335696175,1,user29
0.881573639754868,1,user29
0.5929970064552864,0,user29
0.5360139991410019,1,user29
0.7872213059416178,1,user29
0.6013633615372602,1,user29
0.7388763158760254,0,user29
0.5784129723661943,1,user29
0.607144861804995,1,user29
0.5579769638738497,1,user29
0.336915396641197,1,user29
0.6058654354150209,1,user29
0.2914457612485485,0,user29
0.6160600701326109,1,user29
0.7209065546639736,1,user29
0.7162928602265785,1,user29
0.377744135276973,1,user29
0.4855024254637926,0,user29
0.39346578162042417,0,user29
0.8638748548119036,1,user29
0.7372865306662967,1,user29
0.47379606105163263,1,user29
0.6822699054124183,1,user29
0.4879816345344014,1,user29
0.5567752110758868,0,user29
0.7272412163190003,0,user29
0.5431282348841695,1,user29
0.6845984404274772,1,user29
0.48418931151049,1,user29
0.5564063508049042,1,user29
0.4985714626715066,1,user29
0.5004638432209618,1,user29
0.742198124121724,1,user29
0.6909809180773104,1,user29
0.6749651776194961,1,user29
0.622124769709337,1,user29
0.49106031879098877,1,user29
0.5384040449667947,1,user29
0.7040733313032311,1,user29
0.7274228487242685,1,user29
0.7200165265247541,1,user29
0.6783223378541782,1,user29
0.556065880397787,1,user29
0.30036215734121563,0,user29
0.495762276469978,1,user29
0.7969863009844315,1,user29
0.4459599295603957,0,user29
0.4926032360349012,1,user29
0.26385573678821217,0,user29
0.8569563317715793,0,user29
0.8111418661829894,0,user29
0.4958498292060096,1,user29
0.4930842283395402,1,user29
0.4944600637432855,1,user29
0.7544206784880654,1,user29
0.5773528988538638,1,user29
0.4687433442211781,1,user29
0.5493772993235201,1,user29
0.5191391158228692,1,user29
0.563372797840837,1,user29
0.5617377279882753,0,user29
0.5594526010840093,1,user29
0.5159747829999376,1,user29
0.5004835113395879,1,user29
0.4956039761679474,1,user29
0.6218020775355619,1,user29
0.6015464928951914,1,user29
0.470885608967817,1,user29
0.5227968056140088,1,user29
0.7733138466696193,0,user29
0.8217396117932573,1,user29
0.684978335875146,1,user29
0.4040162220134805,0,user29
0.635895125215857,1,user29
0.43905186698737525,1,user29
0.3037499252854751,1,user29
0.5963482740898157,0,user29
0.4684802385940061,1,user29
0.3167459762635687,1,user29
0.43269302831881806,1,user29
0.6440806569010149,0,user29
0.524600825522913,1,user29
0.5586661536318369,1,user29
0.5677546428544132,1,user29
0.6333326113218558,0,user29
0.5287609969921571,0,user29
0.4775887257275686,1,user29
0.47332538391906265,1,user29
0.8194603853085975,0,user29
0.5532706119234145,1,user29
0.5358070109483297,1,user29
0.5722881791250906,1,user29
0.6577808025934825,1,user29
0.5514679022122042,0,user29
0.9411855303260942,0,user29
0.6136257023379702,1,user29
0.537458423225471,1,user29
0.5074938794782196,0,user29
0.6400555567445743,1,user29
0.6701389819179817,1,user29
0.683459291103073,0,user29
0.7337479446286599,0,user29
0.43147359278188363,1,user29
0.4512067010111907,0,user29
0.5028085576338002,1,user29
0.3587780896984281,1,user29
0.4017853343958893,0,user29
0.40855309347610014,1,user29
0.40517027335725553,0,user29
0.4602340602508828,1,user29
0.3817163543400936,0,user29
0.4256480307001248,1,user29
0.3805489913971293,1,user29
0.5354021599421663,1,user29
0.4386154129000281,0,user29
0.46590488732728136,0,user29
0.8885745791298028,0,user29
0.9198935966036782,0,user29
0.5562091003507512,1,user29
0.6021228784642445,0,user29
0.5403741838224504,1,user29
0.5464906951493286,1,user29
0.5546843703821196,1,user29
0.5285875558840648,1,user29
0.5309019254976941,1,user29
0.5483655685387129,1,user29
0.7042326045435092,0,user29
0.49450096068500304,1,user29
0.8192585331314213,1,user29
0.584192030246696,0,user29
0.7358757742647798,0,user29
0.6234850470184367,1,user29
0.6378856774894456,1,user29
0.43721023144974397,0,user29
0.5210282137060741,1,user29
0.8645921907541688,0,user29
0.7538343230313191,0,user29
0.5103415887048534,0,user29
0.6286952635689372,1,user29
0.48979517962352964,1,user29
0.49141594837227803,1,user29
0.4982743275620984,1,user29
0.5699843481323885,1,user29
0.3358745725061939,0,user29
0.5099617249452092,1,user29
0.46735016552222564,0,user29
0.727078769444093,0,user29
0.460376142343986,0,user29
0.6110495663676138,1,user29
0.5513782429779279,1,user29
0.5594058599656152,1,user29
0.5802567360340346,1,user29
0.58000215906491,0,user29
0.5646574232164084,1,user29
0.5949366936702247,1,user29
0.6145035928160404,0,user29
0.44649872382548755,0,user29
0.5962529513747378,1,user29
0.6353125622419648,1,user29
0.5353664603320547,0,user29
0.3251010742377961,0,user29
0.48844751742776654,1,user29
0.5527037958479154,1,user29
0.6846522525688257,1,user29
0.5527968755347914,1,user29
0.4928645743251226,1,user29
0.4928449561627798,1,user29
0.5155869722475293,1,user29
0.5914438914483471,1,user29
0.6088194938144295,1,user29
0.6927844345992245,1,user29
0.5540791484238046,0,user29
0.7107526995374682,1,user29
0.5567802820266379,1,user29
0.44472591746565326,1,user29
0.663573738533025,1,user29
0.6975837471800582,1,user29
0.4933555780934985,1,user29
0.5697435085273445,1,user29
0.5556064582108017,1,user29
0.4551248761725408,1,user29
0.6153931807892047,1,user29
0.6109115722425472,1,user29
0.5869887890043313,1,user29
0.5267691724123409,1,user29
0.7658095690795024,1,user29
0.7285665279547149,1,user29
0.425188720587727,0,user29
0.5486992897867352,1,user29
0.4150597738779928,1,user29
0.36064387455462205,1,user29
0.4744646246232982,1,user29
0.37512391204844137,0,user29
0.719577358344408,1,user29
0.7706116236441505,1,user29
0.6603847084478855,1,user29
0.7707854307069096,1,user29
0.5882047998627137,0,user29
0.6751138162158448,1,user29
0.7268825615039723,1,user29
0.8827909690332515,1,user29
0.34200422487640164,1,user29
0.6561484156849782,1,user29
0.6159616478827972,1,user29
0.9416446222532036,1,user29
0.9418017145616426,1,user29
0.71289682257973,1,user29
0.47486453504947046,1,user29
0.6075811598875627,1,user29
0.7342256723863381,1,user29
0.7063149246538816,1,user29
0.557565772998038,1,user29
0.686041441142424,1,user29
0.763576663214664,1,user29
0.7139948840898732,1,user29
0.4470778631154023,0,user29
0.563094615406904,1,user29
0.6576283610724042,1,user29
0.7049062972459377,1,user29
0.6964837020411995,1,user29
0.3967792476074246,1,user29
0.5747158542082262,1,user29
0.796238126908703,1,user29
0.5564872492181168,1,user29
0.5852474018105864,1,user29
0.5545893015038443,1,user29
0.22612186269781398,1,user29
0.6104228821448917,1,user29
0.7202603475742011,1,user29
0.6789709600386588,1,user29
0.6734385328921478,1,user29
0.5345826506199908,0,user29
0.5702379410071726,1,user29
0.49946024180589177,1,user29
0.4935424213005609,1,user29
0.5614725459977438,0,user29
0.5364703965295768,1,user29
0.7951062227776815,1,user29
0.6705001486271698,1,user29
0.6309856653553222,1,user29
0.8141841594605498,1,user29
0.5817022397209327,1,user29
0.4774011724061721,1,user29
0.6485193655152098,1,user29
0.21833050771385873,0,user29
0.7283597171986467,1,user29
0.5464726457526546,1,user29
0.60191219234285,0,user29
0.5669433637729812,1,user29
0.5893184119431308,1,user29
0.5537209693407316,1,user29
0.5481155224729396,1,user29
0.5201679094664415,1,user29
0.5709465247714276,1,user29
0.5413096021468871,1,user29
0.5697961898331314,1,user29
0.5729951753564803,1,user29
0.5771978483858651,1,user29
0.5811355260159348,1,user29
0.7816311703821112,1,user29
0.3711974292833172,0,user29
0.6269574826395637,0,user29
0.3988034516018839,1,user29
0.298305392848255,0,user29
0.5552338755213349,1,user29
0.4757755125007013,1,user29
0.4885011598768873,1,user29
0.5434743576469174,1,user29
0.5827850927297223,1,user29
0.5363201544177914,1,user29
0.21362098862404863,0,user29
0.3819270061866906,1,user29
0.5387371816382623,1,user29
0.6180192201901865,1,user29
0.5858849787213283,1,user29
0.2754235427239821,0,user29
0.35823720251956814,0,user29
0.6048094677541382,1,user29
0.6085729891709282,1,user29
0.5950084010549697,1,user29
0.548976537470798,1,user29
0.5890677441780052,1,user29
0.5276637744825511,1,user29
0.6997695859149577,0,user29
0.46300381988530437,1,user29
0.32669068878989893,0,user29
0.6428733296119025,1,user29
0.5954553269598842,1,user29
0.2886684867814902,1,user29
0.6387611947034159,1,user29
0.7340205452474781,1,user29
0.5345718792617417,1,user29
0.6120993974685779,1,user29
0.5781211138277182,1,user29
0.4932468219190122,1,user29
0.6599089426022136,1,user29
0.6539104905309303,1,user29
0.6987765486364698,0,user29
0.5577884635953355,1,user29
0.6095134766364944,1,user29
0.5219337968660731,1,user29
0.5440731154261546,1,user29
0.6558174977910589,1,user29
0.4094307101479595,1,user29
0.4790793840717605,1,user29
0.32452215729240347,1,user29
0.4903558749935392,0,user29
0.3520544865800925,0,user29
0.5083725890367926,1,user29
0.37232370016030647,0,user29
0.23789328166315407,0,user29
0.2738074732432906,0,user29
0.7358751847334336,0,user29
0.3665894653001091,0,user29
0.36369392811787576,0,user29
0.5622467875195217,0,user29
0.6586424105377958,1,user29
0.3393204639797184,1,user29
0.5718313634259861,1,user29
0.7032596061316615,1,user29
0.7434148448471661,1,user29
0.9764284889537199,1,user29
0.5317345654253253,1,user29
0.5133838491121352,1,user29
0.587170063616552,1,user29
0.7280403703844145,1,user29
0.5216467048956939,1,user29
0.5422042533936849,1,user29
0.5305979400878638,1,user29
0.5399987631956006,1,user29
0.538632159749642,1,user29
0.37751392463434535,1,user29
0.4529689689393546,0,user29
0.31962309078743817,1,user29
0.5095097509798717,1,user29
0.3482713413299954,0,user29
0.4084606069134579,0,user29
0.5517294105868505,0,user29
0.5961926798652022,0,user29
0.5429612403594815,1,user29
0.5535282503594282,1,user29
0.5317872975704083,1,user29
0.5238156443045971,1,user29
0.5207153060583616,1,user29
0.5660117734897034,1,user29
0.6578078969797244,1,user29
0.529438409447344,1,user29
0.6182911179527902,1,user29
0.6321406163789419,1,user29
0.5966719432779402,1,user29
0.3615888693578796,0,user29
0.5439619429678598,1,user29
0.6340775157692511,1,user29
0.28006583109166233,0,user29
0.685528620152611,1,user29
0.562506996017855,1,user29
0.2374814487554526,0,user29
0.5923997614553812,1,user29
0.3543804858509538,1,user29
0.7653712568668037,0,user29
0.5636983550968082,0,user29
0.42585966867495073,0,user29
0.4651631141320665,0,user29
0.7951929613906938,0,user29
0.4561029459908665,0,user29
0.7478415670308969,1,user29
0.5338409824829253,1,user29
0.6998078513804125,0,user29
0.47262154955753494,1,user29
0.5821497925028052,1,user29
0.6086457835746848,1,user29
0.5325930225624531,1,user29
0.6610743362294174,1,user29
0.7121095412732389,1,user29
0.749524647317304,1,user29
0.6044270092396234,0,user29
0.5558310583939793,1,user29
0.6310016674556634,1,user29
0.4614343831099851,1,user29
0.5982873268223478,0,user29
0.4319566657929252,0,user29
0.5632440241168066,1,user29
0.528368668048514,1,user29
0.48563011871244743,1,user29
0.4121204909439632,1,user29
0.5360513600296941,1,user29
0.6086091960943645,1,user29
0.6662489338210363,1,user29
0.6411081960840488,1,user29
0.5918627800395887,1,user29
0.7626123517193668,1,user29
0.6389968330318073,1,user29
0.5814879456182954,1,user29
0.7033569161517663,1,user29
0.5608261554776219,1,user29
0.5681147282657927,1,user29
0.33669671720926464,1,user29
0.3283011167387885,1,user29
0.5796747673431744,1,user29
0.6955117253572691,1,user29
0.5579438903339461,1,user29
0.5001361753359826,0,user29
0.651488090797622,1,user29
0.5894710695039432,1,user29
0.5251932398577112,1,user29
0.7660622089290208,1,user29
0.6005208935613403,1,user29
0.5218795675873575,1,user29
0.5668277900487431,1,user29
0.5404783113456622,0,user29
0.5478331912433084,0,user29
0.7502676176167489,1,user29
0.8815108396106568,1,user29
0.7006641494971382,1,user29
0.7760357213512117,1,user29
0.6383028698971833,1,user29
0.7216810433423171,1,user29
0.7868998987509255,1,user29
0.6926388622887215,1,user29
0.6513627439152647,1,user29
0.6131521440086897,1,user29
0.6433171808258256,1,user29
0.28542433300504905,0,user29
0.5013841458152642,1,user29
0.4716873331536096,1,user29
0.4946300297411826,1,user29
0.7020573997400082,1,user29
0.6942548467678343,1,user29
0.6998361855013444,1,user29
0.7141883272998744,1,user29
0.6814128217525817,1,user29
0.7280156157341379,1,user29
0.8784974870625873,0,user29
0.6381794314409838,1,user29
0.5947460912707241,1,user29
0.6807591280648227,1,user29
0.5152568543987799,0,user29
0.6753337492207923,1,user29
0.49116836208090014,1,user29
0.5468840437573286,1,user29
0.5409959998419186,1,user29
0.6534241522151729,1,user29
0.6088901468016049,1,user29
0.6106102839414974,1,user29
0.6909096016349189,0,user29
0.7790345353017746,0,user29
0.36652091971881817,0,user29
0.2811487935143957,0,user29
0.6144042886713817,1,user29
0.6447353345927133,1,user29
0.35255937606479304,0,user29
0.3659852024104324,0,user29
0.6168211747937794,1,user29
0.6301146302708833,1,user29
0.5942846151069906,1,user29
0.5843542181796284,1,user29
0.4566113004967476,0,user29
0.8228692669841172,1,user29
0.4459068620357258,1,user29
0.563839518370746,1,user29
0.4506324151589885,1,user29
0.6214452229524139,1,user29
0.665124786626523,1,user29
0.3327518596881335,1,user29
0.782716983175592,1,user29
0.3318812164450906,0,user29
0.43534373629974554,1,user29
0.2879469377203759,0,user29
0.5193205448401277,1,user29
0.21877870048696513,1,user29
0.4987337559526685,0,user29
0.5551648214967682,1,user29
0.5433460495492357,1,user29
0.6190432095295597,1,user29
0.7331712090462843,1,user29
0.6618543916848523,1,user29
0.6389457821424344,1,user29
0.2805552120580536,0,user29
0.2575914599641487,0,user29
0.8478851462810797,1,user29
0.5887575577722638,1,user29
0.5201772142380118,1,user29
0.5459893383991323,1,user29
0.3303343363228528,0,user29
0.22543217325711332,0,user29
0.6288700753141453,1,user29
0.532238416694322,1,user29
0.5674900035547642,1,user29
0.4611865489993119,1,user29
0.36098273603498887,0,user29
0.22883840649213627,0,user29
0.7395683337301151,1,user29
0.6868945373443888,1,user29
0.46367748101944073,1,user29
0.8136161496835548,1,user29
0.5454645681322617,1,user29
0.5453834395360652,1,user29
0.5445697230569158,1,user29
0.674512557742025,1,user29
0.6318950606040525,1,user29
0.6666571599457215,1,user29
0.771391372583829,1,user29
0.8704442768223912,1,user29
0.5394947117374846,1,user29
0.6670350425687899,0,user29
0.46825498039926927,0,user29
0.5632361986280672,1,user29
0.8229319625531191,1,user29
0.7453771286252868,1,user29
0.8493174762991363,1,user29
0.6995194343262771,1,user29
0.3886446614171239,1,user29
0.5148039943191458,0,user29
0.6028027639686894,1,user29
0.5580242377761387,1,user29
0.7423455234056079,1,user29
0.673522440362452,1,user29
0.5031758021101992,1,user29
0.5214764843010588,1,user29
0.3024551547704691,0,user29
0.2957784505701191,1,user29
0.7236490617911306,1,user29
0.7200471109870302,1,user29
0.6821563555998468,1,user29
0.603934531688566,1,user29
0.4189512794338892,1,user29
0.5368401552742343,0,user29
0.5917336071616222,0,user29
0.5254479790375963,1,user29
0.6229300305600816,1,user29
0.569370932091903,1,user29
0.18845258519377742,0,user29
0.42120412891164183,0,user29
0.3676192083629769,0,user29
0.2504703326320369,0,user29
0.5315611560847693,1,user29
0.2547868597283067,1,user29
0.3827760076833219,1,user29
0.4978018042694048,1,user29
0.5815656911204301,1,user29
0.443078798864396,1,user29
0.3779900798200757,1,user29
0.6997173934028708,1,user29
0.6936458593293829,0,user29
0.6401759537893045,1,user29
0.3578997886639737,0,user29
0.6561101030103443,1,user29
0.5335524253228693,1,user29
0.7200283429597137,1,user29
0.7454265590623664,1,user29
0.863504134626709,1,user29
0.6209055272415904,0,user29
0.6941369033658744,1,user29
0.5531872980002455,1,user29
0.8969836250671146,1,user29
0.7025588677619415,1,user29
0.5275698527161269,1,user29
0.5669720567603924,1,user29
0.6998295795156548,1,user29
0.36380279178025526,1,user29
0.5653468568905238,1,user29
0.6384340081526276,1,user29
0.7670966068734725,1,user29
0.5854342309791497,1,user29
0.6526756931682874,1,user29
0.8341869678532529,1,user29
0.21001445955972967,1,user29
0.5072817519460819,0,user29
0.3269922397557895,1,user29
0.45392092140533546,0,user29
0.9048236567835267,0,user29
0.8470367657883,1,user29
0.7320865515570212,1,user29
0.7376870140444125,1,user29
0.7095639503951008,1,user29
0.6177598989129963,1,user29
0.649439529689303,1,user29
0.6583752428437023,1,user29
0.7280171326325369,1,user29
0.3255397909872405,1,user29
0.7021133950395856,0,user29
0.27309099932897013,1,user29
0.8634390806881973,1,user29
0.5272043141574766,1,user29
0.867893885881871,0,user29
0.5763570592304391,1,user29
0.7232231707405788,1,user29
0.20171375870382682,0,user29
0.5044805551069171,0,user29
0.7115092411010244,1,user29
0.5869205939676184,1,user29
0.6965148854814386,0,user29
0.5719543385848176,0,user29
0.465311804304778,0,user29
0.5433673173147595,0,user29
0.6364691888747773,1,user29
0.42037796384753723,1,user29
0.6430573325833261,1,user29
0.5569055060648099,0,user29
0.3212479718358977,0,user29
0.43194231757374146,0,user29
0.6003045860592354,0,user29
0.41723255675723725,1,user29
0.5367248304376612,1,user29
0.6671142403784316,1,user29
0.4997798556232495,1,user29
0.5417539928295054,0,user29
0.5702055809440859,0,user29
0.4240106558339064,1,user29
0.27777787830367634,1,user29
0.4002568490463459,0,user29
0.6364203197205688,1,user29
0.7378948166951717,1,user29
0.4509122709501551,1,user29
0.6738983438898402,1,user29
0.3612981058008834,1,user29
0.3038949176254417,0,user29
0.7113395850175622,1,user29
0.8049828964692448,1,user29
0.3484962528044126,0,user29
0.6251088112573212,1,user29
0.6200032505035801,1,user29
0.6992907383606598,1,user29
0.5545151978373257,1,user29
0.5066199164889346,1,user29
0.2987988258812918,1,user29
0.6176594251882783,1,user29
0.5127011149792549,1,user29
0.5258827224360003,1,user29
0.4846321842522135,1,user29
0.7577150653954907,1,user29
0.6673176473957801,0,user29
0.5447523618424681,1,user29
0.6753894656740834,1,user29
0.5772856489638487,1,user29
0.6388764144179574,1,user29
0.6299305478856787,1,user29
0.5074983183088754,1,user29
0.4719285470991967,1,user29
0.605866169083298,1,user29
0.685042835897219,1,user29
0.7498123554027712,1,user29
0.6906890246071941,1,user29
0.582977528769854,0,user29
0.6109329556033735,1,user29
0.579658921196782,1,user29
0.5795049583741372,1,user29
0.5064250621327332,1,user29
0.5899396473480392,1,user29
0.6764679914178409,1,user29
0.5446923942934844,1,user29
0.6101622320423598,1,user29
0.6052050509922752,1,user29
0.9591745718776189,1,user29
0.6325341967843155,1,user29
0.5782032914390304,1,user29
0.6365022408975717,1,user29
0.5056029852181322,1,user29
0.552865114027314,1,user29
0.5234628732243556,1,user29
0.5173629416735878,1,user29
0.49127792830513567,1,user29
0.48774958868955226,1,user29
0.880049874660886,1,user29
0.5962442191967031,1,user29
0.5810503378941365,1,user29
0.4313283227073988,1,user29
0.4942360446219104,1,user29
0.7160978463571523,1,user29
0.5724040846095687,1,user29
0.7089873519507874,1,user29
0.7611924948293015,1,user29
0.4923167190557391,1,user29
0.48418857075108457,1,user29
0.5029256147731116,1,user29
0.5206740924066502,1,user29
0.4554005694089888,1,user29
0.6392091461692085,1,user29
0.5516325915671799,1,user29
0.5463843882664609,1,user29
0.5642812601251685,1,user29
0.29718713953741416,0,user29
0.5437347234846606,1,user29
0.5438220946936494,1,user29
0.5945855243876138,1,user29
0.928291844468073,1,user29
0.4924339475224399,1,user29
0.5143508644488108,1,user29
0.4999542854397823,1,user29
0.5656253813656493,1,user29
0.7267190814575423,1,user29
0.5106076283841438,1,user29
0.4814943339384651,1,user29
0.48643275491187943,1,user29
0.457384122551576,1,user29
0.5918215243317865,1,user29
0.8500116640662136,1,user29
0.523921981775499,1,user29
0.6663874987233906,1,user29
0.4649987982417798,1,user29
0.6206587606770471,1,user29
0.5370943951968901,1,user29
0.5101543956453362,1,user29
0.679163219059818,1,user29
0.7646671953527926,1,user29
0.6929216239845821,1,user29
0.5996569547013635,1,user29
0.5958322460259465,1,user29
0.8651273721796349,1,user29
0.45482390615345225,1,user29
0.4469475197613499,1,user29
0.6836696746241173,1,user29
0.5815709164569279,1,user29
0.5838851565796572,1,user29
0.8044519889362,1,user29
0.5426988603943916,1,user29
0.6117217603433485,1,user29
0.5925203358973857,1,user29
0.8404353801920162,1,user29
0.5155246503930008,1,user29
0.6983830487812394,1,user29
0.4921271019079328,1,user29
0.7763946311628341,1,user29
0.6540271677894538,1,user29
0.6017302981357159,1,user29
0.6317121649337945,1,user29
0.48754122424484664,1,user29
0.4862442657557072,1,user29
0.49218206753477534,1,user29
0.6516512670202567,1,user29
0.5304056114824353,1,user29
0.5887631185259358,1,user29
0.5238198026122196,1,user29
0.6324999466588976,1,user29
0.5085999096752281,1,user29
0.5927787012797281,1,user29
0.8091451893481207,1,user29
0.7814378323477298,1,user29
0.7718312212631442,1,user29
0.3531787909229369,0,user29
0.6861594399891159,1,user29
0.3399079643534935,0,user29
0.6265683173172037,1,user29
0.5320934660466531,1,user29
0.5331158280620072,1,user29
0.5652946455677662,1,user29
0.46968074012333316,1,user29
0.47726719973724335,1,user29
0.5965857636563232,1,user29
0.6875728894051759,1,user29
0.575899838583767,1,user29
0.49090526770788323,1,user29
0.4920942639169744,1,user29
0.5128221654878501,1,user29
0.5012001328245581,1,user29
0.41683032485050453,0,user29
0.6171298454526633,1,user29
0.5003057882961839,1,user29
0.4818833161047326,1,user29
0.7577693323985453,1,user29
0.5256512098195564,1,user29
0.9188951032266102,0,user29
0.5058508723216938,1,user29
0.5236512772587049,1,user29
0.5374150722615776,1,user29
0.5391434649257498,0,user29
0.38262675554333153,1,user29
0.2735494376855858,0,user29
0.3504607797580832,1,user29
0.45335823761839483,0,user29
0.5970874290327457,0,user29
0.6187681667264665,1,user29
0.429451517644124,0,user29
0.45086556080049306,1,user29
0.5257677010709958,1,user29
0.2929918917962486,0,user29
0.6180511451934475,1,user29
0.5016282039929794,1,user29
0.5325653518634366,1,user29
0.5574472176310504,1,user29
0.2674282596126599,0,user29
0.6124922610248401,1,user29
0.5344369917470325,1,user29
0.49494991313603665,1,user29
0.5125448189348112,0,user29
0.4732452789267443,1,user29
0.4632959887528302,0,user29
0.5425969316463848,1,user29
0.4215422153814161,0,user29
0.5528114566069225,1,user29
0.5811648701181319,1,user29
0.30100337070593963,0,user29
0.29570469102842073,1,user29
0.1946978812268186,0,user29
0.6220546294243542,1,user29
0.4802675974122039,1,user29
0.48242649078911387,1,user29
0.5709593060026188,0,user29
0.7556710094477918,1,user29
0.23684019492998562,0,user29
0.40640958486596757,0,user29
0.30512860453564306,1,user29
0.5447300477418694,1,user29
0.2916623677764984,0,user29
0.44387543166323473,0,user29
0.5117039010352408,1,user29
0.30642627280654705,0,user29
0.3695021333231352,0,user29
0.42756145076809227,1,user29
0.5133711484145094,0,user29
0.4995771779226668,1,user29
0.5095464542141448,1,user29
0.5756005036289086,1,user29
0.4977896363131108,1,user29
0.6707567886392086,1,user29
0.6390358900385954,1,user29
0.5990925458892944,1,user29
0.6291015213013357,1,user29
0.6799472452418466,0,user29
0.4542459952048403,1,user29
0.5559239563625775,0,user29
0.5401709555392817,0,user29
0.28819720817637506,1,user29
0.5241461075186206,1,user29
0.6871112698740663,1,user29
0.4163983941628357,0,user29
0.39892500051109114,0,user29
0.29049136564705175,0,user29
0.5547206111694398,1,user29
0.6994832555109394,1,user29
0.52634866315413,1,user29
0.5637227480841636,1,user29
0.6110581708664558,0,user29
0.48224742884617394,1,user29
0.5544797705594742,1,user29
0.7820943091103878,0,user29
0.36366488168567934,0,user29
0.41872050356902174,0,user29
0.4775237163176499,1,user29
0.6138987924570661,0,user29
0.6206379578044332,1,user29
0.2781955753197259,0,user29
0.6567644115427858,1,user29
0.5820387026530395,1,user29
0.583215671606134,1,user29
0.5286015720074208,1,user29
0.5559725357000997,0,user29
0.8188207604866866,1,user29
0.36547189696956484,0,user29
0.3014822347884441,0,user29
0.4487590408276365,0,user29
0.35192002508633935,0,user29
0.3478079015308752,1,user29
0.5209098905026608,1,user29
0.5607054839787871,1,user29
0.4273909481639618,1,user29
0.7160101163094809,1,user29
0.5226819387158675,1,user29
0.32779112733893834,0,user29
0.4895453350846762,1,user29
0.7447934962938627,1,user29
0.8303298511518701,1,user29
0.6344397988837402,1,user29
0.5732597642779913,1,user29
0.5766770603673879,1,user29
0.4708047794870559,1,user29
0.5100426390170487,1,user29
0.5458685345471991,1,user29
0.5523076707736795,1,user29
0.5259586817135609,1,user29
0.500182419726303,1,user29
0.5578700456262056,1,user29
0.5688974880488664,1,user29
0.556385576705189,1,user29
0.5677565014955518,1,user29
0.5813666567699097,1,user29
0.49389050174853794,1,user29
0.49729978047828444,1,user29
0.7179472079468074,1,user29
0.7173571756810084,0,user29
0.5799554398177666,1,user29
0.6917459333443582,1,user29
0.7163448389440636,1,user29
0.5559064707042709,1,user29
0.25776248796391077,0,user29
0.23974238696240857,0,user29
0.46990678984555506,1,user29
0.8323074608918225,1,user29
0.5100981361361671,1,user29
0.6290364508994317,1,user29
0.5964440251314337,1,user29
0.7802978544243214,1,user29
0.6147172251102399,1,user29
0.8116920026147086,1,user29
0.7383853353318365,1,user29
0.5118675075133745,0,user29
0.6096632111445542,1,user29
0.5263613497121397,1,user29
0.9042206617035682,1,user29
0.6619118828130763,1,user29
0.7610943753966033,1,user29
0.6456894309344942,1,user29
0.6661482163605149,1,user29
0.6993284967203246,1,user29
0.7323493110645761,1,user29
0.4719905329483141,1,user29
0.5527174648398964,1,user29
0.8289139813868668,1,user29
0.867217787683369,1,user29
0.5880311364071316,0,user29
0.4991852745125677,0,user29
0.3487036615742946,1,user29
0.3543025885169153,0,user29
0.6779207035571229,1,user29
0.6511686782904716,1,user29
0.5573640684187247,1,user29
0.6613974993993492,1,user29
0.6044249701060082,1,user29
0.7446785120113473,1,user29
0.6573556744965062,1,user29
0.6377656606507363,1,user29
0.7109869668104183,1,user29
0.5760106425734657,1,user29
0.5324056418087139,1,user29
0.8257100032588773,1,user29
0.6269702682932681,1,user29
0.7459119017491271,1,user29
0.6326049818615598,1,user29
0.7113182019762989,1,user29
0.6257719189281913,1,user29
0.5646221291231784,1,user29
0.5366374795064868,1,user29
0.4008540350610274,0,user29
0.6240964953863681,1,user29
0.633720569823479,1,user29
0.5834597838069091,1,user29
0.6883415885528386,1,user29
0.7000722242397729,1,user29
0.6462708245005528,1,user29
0.8781623923595746,1,user29
0.5591941540479626,1,user29
0.589569557302916,1,user29
0.4385207344709423,1,user29
0.520517821918175,1,user29
0.5010005804373421,1,user29
0.7614819817137004,1,user29
0.7334049388548941,1,user29
0.40417728856052276,0,user29
0.5036386332070149,1,user29
0.5348613608066151,1,user29
0.4934603712483202,1,user29
0.7615015136326027,1,user29
0.6325830229297117,1,user29
0.4848982655359794,1,user29
0.4795863140720006,1,user29
0.7835668514411859,1,user29
0.726842482686975,1,user29
0.49071712249078414,1,user29
0.4911177556094629,1,user29
0.5302444335696175,1,user29
0.881573639754868,1,user29
0.5929970064552864,0,user29
0.5360139991410019,1,user29
0.7872213059416178,1,user29
0.6013633615372602,1,user29
0.7388763158760254,0,user29
0.5784129723661943,1,user29
0.607144861804995,1,user29
0.5579769638738497,1,user29
0.336915396641197,1,user29
0.6058654354150209,1,user29
0.2914457612485485,0,user29
0.6160600701326109,1,user29
0.7209065546639736,1,user29
0.7162928602265785,1,user29
0.377744135276973,1,user29
0.4855024254637926,0,user29
0.39346578162042417,0,user29
0.8638748548119036,1,user29
0.7372865306662967,1,user29
0.47379606105163263,1,user29
0.6822699054124183,1,user29
0.4879816345344014,1,user29
0.5567752110758868,0,user29
0.7272412163190003,0,user29
0.5431282348841695,1,user29
0.6845984404274772,1,user29
0.48418931151049,1,user29
0.5564063508049042,1,user29
0.4985714626715066,1,user29
0.5004638432209618,1,user29
0.742198124121724,1,user29
0.6909809180773104,1,user29
0.6749651776194961,1,user29
0.622124769709337,1,user29
0.49106031879098877,1,user29
0.5384040449667947,1,user29
0.7040733313032311,1,user29
0.7274228487242685,1,user29
0.7200165265247541,1,user29
0.6783223378541782,1,user29
0.556065880397787,1,user29
0.30036215734121563,0,user29
0.495762276469978,1,user29
0.7969863009844315,1,user29
0.4459599295603957,0,user29
0.252298405886337,0,user35
0.24197929125766718,0,user35
0.45479536482393706,0,user35
0.5980214660425486,0,user35
0.2891200885120045,0,user35
0.6006198662380835,1,user35
0.7631909078597197,1,user35
0.5735045171054306,0,user35
0.5079575171920542,1,user35
0.5462281214058097,1,user35
0.5203126434240609,1,user35
0.2444202773958099,0,user35
0.5352046668517376,0,user35
0.4807452177260677,1,user35
0.4353433344083825,1,user35
0.6474564108412522,1,user35
0.5066468294908995,0,user35
0.6079599313054005,0,user35
0.621796207890804,0,user35
0.42261533699014797,1,user35
0.9361650407759702,0,user35
0.5695544303474686,0,user35
0.4038679330651416,0,user35
0.3798253650693791,1,user35
0.557526996854464,1,user35
0.5522156153924139,1,user35
0.5211713675807228,1,user35
0.45661768093368976,1,user35
0.3221901332529011,0,user35
0.5101015887998389,0,user35
0.6119845722333757,1,user35
0.5452950880486008,1,user35
0.4263652595782418,1,user35
0.4370254198362954,1,user35
0.8867851300694856,1,user35
0.6679911942556169,1,user35
0.6053769836021173,1,user35
0.6971646636164572,1,user35
0.49930073964182786,1,user35
0.4115327892991181,1,user35
0.427490270808686,1,user35
0.52220044156565,1,user35
0.49354737413754673,1,user35
0.5261508036322241,1,user35
0.4873303766299196,1,user35
0.6068855421174066,1,user35
0.5383835352610549,1,user35
0.4547542736152494,1,user35
0.49008510063830174,1,user35
0.5063821149119,1,user35
0.5306193226398076,1,user35
0.6976912183820531,0,user35
0.24951401141758106,0,user35
0.404963667334927,0,user35
0.2577276478247316,0,user35
0.4993118707096426,1,user35
0.8169614940117124,1,user35
0.2852411784281316,0,user35
0.36277503803933847,0,user35
0.6299495036436845,0,user35
0.4615473013682315,0,user35
0.5798971592374736,1,user35
0.47314783764468243,1,user35
0.3902269151239883,1,user35
0.5365323155109974,1,user35
0.6193642314984338,1,user35
0.7593652661287318,0,user35
0.7260523398040267,0,user35
0.512037034958575,1,user35
0.5388361674301236,0,user35
0.5053046294911325,1,user35
0.651384795116347,1,user35
0.32420750728316977,0,user35
0.35916151000628704,0,user35
0.3828578461222686,0,user35
0.6892584834395705,0,user35
0.5348847149317767,1,user35
0.4807523855284744,1,user35
0.4788400064344083,1,user35
0.2604677662189134,0,user35
0.6003099664548497,0,user35
0.6604185069118195,1,user35
0.40954347789857803,1,user35
0.332850841918121,0,user35
0.5217088666269849,1,user35
0.7526930473548574,1,user35
0.5235673312583824,1,user35
0.35944999854859766,1,user35
0.6050387916024987,1,user35
0.4736582584443932,1,user35
0.39821520536064015,1,user35
0.8024305818968095,1,user35
0.4637743970633602,0,user35
0.5180745480477031,1,user35
0.34481650401072295,0,user35
0.28822445699633625,1,user35
0.48438617339476014,1,user35
0.5121357790609518,1,user35
0.4656064249799226,1,user35
0.5870010778330159,1,user35
0.4925707462644908,1,user35
0.8027769287190234,1,user35
0.6491545333656816,1,user35
0.29386106058894235,0,user35
0.5674958374036332,1,user35
0.8613825269472781,1,user35
0.5323553820827359,1,user35
0.5743132200969454,1,user35
0.5044273587898667,1,user35
0.2634793158417575,0,user35
0.48455658597681134,0,user35
0.9508830574016673,0,user35
0.5244969338150308,1,user35
0.839535054142503,1,user35
0.30162199663102146,1,user35
0.44578003379409514,1,user35
0.550324819384791,1,user35
0.5168299761536983,1,user35
0.3976542475483302,0,user35
0.4848650004522414,1,user35
0.4755372720085906,1,user35
0.5746836975397641,1,user35
0.49822894257029704,1,user35
0.5617075712255454,1,user35
0.4679807369261389,1,user35
0.5330897850158284,1,user35
0.6351103034664096,1,user35
0.3713381124757705,1,user35
0.5170285639305078,1,user35
0.4700980249076218,1,user35
0.479290079637919,1,user35
0.5370743408726092,0,user35
0.4794707613470765,1,user35
0.6060576332813636,1,user35
0.596584110285912,1,user35
0.507847577929209,1,user35
0.4804834037303,1,user35
0.4833198300590438,1,user35
0.45685648139365487,1,user35
0.4641386158250394,1,user35
0.6109609847492123,0,user35
0.38525249310984694,0,user35
0.3833935760007759,1,user35
0.8434709718935436,0,user35
0.4829390375893989,1,user35
0.46075511479477593,1,user35
0.549306121746185,0,user35
0.31873444220215136,0,user35
0.2751665530759155,1,user35
0.33644647101885944,0,user35
0.6350376972950025,1,user35
0.6636380051143326,1,user35
0.5953293621931907,1,user35
0.41864973370950664,0,user35
0.4759258592471931,1,user35
0.46953649916419593,1,user35
0.4570553024787146,1,user35
0.31984236230122637,0,user35
0.4619040110913694,1,user35
0.49350920292122546,1,user35
0.6692878363072635,1,user35
0.36554029706264934,1,user35
0.4610414812778483,0,user35
0.2731482283627877,0,user35
0.17603185037760427,0,user35
0.28420100763196204,0,user35
0.4610873249673929,1,user35
0.4578567211527032,0,user35
0.37424099989006987,0,user35
0.4087933478161801,0,user35
0.44093093441213976,1,user35
0.5466391097412686,0,user35
0.623642255561415,1,user35
0.24219316553575132,0,user35
0.6098422425005743,0,user35
0.4540317003227394,1,user35
0.31663321803604405,0,user35
0.30080261643100914,0,user35
0.7768410779048233,1,user35
0.7672128010159668,1,user35
0.43011842089895624,0,user35
0.5712406632970004,0,user35
0.4477038429012473,0,user35
0.5126694715787526,1,user35
0.7836244800370319,1,user35
0.3846845074392292,0,user35
0.3121565923276375,0,user35
0.26128415719384857,0,user35
0.4154895200349329,0,user35
0.38588211246342713,0,user35
0.4517615266070887,1,user35
0.2978188671493016,0,user35
0.8240487694028296,0,user35
0.6874157053084128,1,user35
0.6743355203075273,1,user35
0.5337400092919137,0,user35
0.7251311469025772,0,user35
0.39356296187535494,1,user35
0.42264070967597694,1,user35
0.6722605415772605,1,user35
0.6127248340148846,1,user35
0.7098281301535495,1,user35
0.5961456464023791,0,user35
0.6111300246507759,0,user35
0.41508063364848824,1,user35
0.44309150396658886,1,user35
0.6650478013885103,0,user35
0.4731952064028585,1,user35
0.5913035767751682,1,user35
0.46329899485639203,1,user35
0.5850336036102534,1,user35
0.45550280674504817,1,user35
0.4757889353627518,1,user35
0.7308771445861442,1,user35
0.46685528037779,1,user35
0.38981886800205223,0,user35
0.4870168654149849,1,user35
0.43813875610439856,1,user35
0.4179361436966477,1,user35
0.4192980428585424,1,user35
0.440817688529725,1,user35
0.3363562644703908,1,user35
0.6984924579563866,0,user35
0.739993165783064,1,user35
0.39798490996381497,1,user35
0.5103078664635643,1,user35
0.4122112140904534,0,user35
0.454790759788461,1,user35
0.38858429686978013,0,user35
0.3094525720359416,1,user35
0.22753322052522715,1,user35
0.6930203718634927,1,user35
0.6314864997317824,1,user35
0.5184725240856526,1,user35
0.5365597345397547,1,user35
0.5051649001325242,0,user35
0.561480197273771,0,user35
0.41362723963777676,0,user35
0.44359625832201194,1,user35
0.4744125743224412,1,user35
0.5367567908012947,1,user35
0.6614250400056184,1,user35
0.480938107506684,1,user35
0.9241491953388912,1,user35
0.6296930754799002,1,user35
0.5169328074939019,1,user35
0.6428303038791986,1,user35
0.560638199688524,1,user35
0.603923088912247,1,user35
0.5283038648183374,1,user35
0.5440194948235272,1,user35
0.31034352139813426,0,user35
0.4009271519516088,0,user35
0.28672399547730165,1,user35
0.5816558330714254,0,user35
0.5588414235550975,1,user35
0.47767846926646124,1,user35
0.428758929698009,1,user35
0.8922792779395877,1,user35
0.5156747271504839,1,user35
0.5609904741015934,0,user35
0.5503074329855993,1,user35
0.5334159806625748,0,user35
0.42281065182971755,0,user35
0.5422516229334527,0,user35
0.387287552584561,1,user35
0.40096735103447406,1,user35
0.7066662136687311,1,user35
0.48316978374219915,1,user35
0.5050117259487827,1,user35
0.3638563593695558,1,user35
0.6128422723498033,1,user35
0.4538125325566723,0,user35
0.6725463538219929,1,user35
0.6974104155733212,1,user35
0.25636509577837363,0,user35
0.3560932481883292,0,user35
0.4716250159740809,1,user35
0.4476251349701549,0,user35
0.5056278380094205,0,user35
0.5320762664960109,1,user35
0.28104257989658166,1,user35
0.5222739327157946,1,user35
0.4692095901882977,0,user35
0.6426215325525235,0,user35
0.4542181390406223,1,user35
0.5962376844692437,1,user35
0.6595443625130772,1,user35
0.7288382903203826,1,user35
0.5307315579966622,1,user35
0.5729216009666745,0,user35
0.645797486251625,0,user35
0.7096489820931748,1,user35
0.5414719298355988,1,user35
0.5005284688782766,1,user35
0.537238442159757,1,user35
0.487678832451721,1,user35
0.5464464192883185,1,user35
0.42642162953058454,1,user35
0.44463260848328684,1,user35
0.4390905434950634,1,user35
0.419629997744404,0,user35
0.3300864396402652,1,user35
0.33040732336989964,1,user35
0.4215895155620698,1,user35
0.4528600208724047,1,user35
0.5310542820535139,1,user35
0.7839376307385477,1,user35
0.45790610920183056,1,user35
0.6493266453256661,0,user35
0.3245094684777425,0,user35
0.5123196627525317,1,user35
0.57401087961809,0,user35
0.7472923540736779,0,user35
0.4528079131054811,1,user35
0.5242881949920698,1,user35
0.6339030488542037,1,user35
0.41181653065218715,1,user35
0.5129241770334424,1,user35
0.5006254804030903,1,user35
0.32768383390436107,1,user35
0.5692118574029452,0,user35
0.49166305850646724,1,user35
0.7398681602317765,1,user35
0.5274896210094058,1,user35
0.5630501551302554,1,user35
0.5134126076841449,1,user35
0.45290241984816776,0,user35
0.2988741989080088,0,user35
0.4501789021325155,1,user35
0.4985254121247855,1,user35
0.7133713398465061,1,user35
0.5857696978287391,1,user35
0.5772970079641935,1,user35
0.4660012220590314,1,user35
0.5417448519977863,1,user35
0.2826092790445322,0,user35
0.5265487717179061,1,user35
0.47309675178872374,1,user35
0.5670952094770321,1,user35
0.5389920211081272,1,user35
0.481377340106351,1,user35
0.41335090764540705,1,user35
0.3438027828413661,0,user35
0.4077055713941195,0,user35
0.39100009051040685,0,user35
0.3656678949594109,1,user35
0.5491154224436781,0,user35
0.7860333677179235,0,user35
0.29776261202852106,0,user35
0.5091639666419479,0,user35
0.5027053068307986,1,user35
0.44121952840560896,1,user35
0.5061621694774358,1,user35
0.5264084302533514,1,user35
0.5257171604598027,1,user35
0.36840915246784356,1,user35
0.485671539175869,1,user35
0.4216047591073611,1,user35
0.46955584318766924,1,user35
0.4396730954527522,0,user35
0.36845455561637647,1,user35
0.3178533061650812,0,user35
0.8629731309745517,0,user35
0.39015316063124356,1,user35
0.5184231668337327,1,user35
0.6429249192966943,1,user35
0.4738085731708031,0,user35
0.3987691545155869,1,user35
0.37192874039070656,0,user35
0.7855308413269465,1,user35
0.42949523660858663,1,user35
0.4749007445839917,1,user35
0.2814514747793238,1,user35
0.4701160365096777,1,user35
0.49140013370586894,1,user35
0.40374574177817557,1,user35
0.7980146358831439,0,user35
0.4306348021192673,1,user35
0.3203906410100276,1,user35
0.3360641695595683,1,user35
0.49964038251919773,1,user35
0.42985750685168705,1,user35
0.5147699109865836,1,user35
0.4535480989364416,0,user35
0.21241537117748788,0,user35
0.6726990439337309,1,user35
0.9002562922205285,1,user35
0.5160006001029963,1,user35
0.558057858517057,1,user35
0.3638155218408122,1,user35
0.20137903835674603,0,user35
0.7780268241554772,0,user35
0.26537165314294914,1,user35
0.46658189811600487,0,user35
0.3295287607310246,0,user35
0.6993924562031669,0,user35
0.5053955508158176,1,user35
0.4486403517676494,0,user35
0.28758506738202444,0,user35
0.34382591221194364,0,user35
0.4530738760891964,0,user35
0.47013059546644725,1,user35
0.4383677684459381,1,user35
0.5715796250155368,1,user35
0.45146375491284046,1,user35
0.6524602325148671,1,user35
0.4459755613107083,1,user35
0.6752059366223012,1,user35
0.5051136129126735,1,user35
0.7483220279629805,1,user35
0.5855865845026939,1,user35
0.5305193429928087,1,user35
0.5113811207910556,1,user35
0.5042850194875905,1,user35
0.5153517021682354,1,user35
0.5003333677593618,0,user35
0.3084147439912033,1,user35
0.3127779122117565,0,user35
0.4768932133794344,1,user35
0.2897969117975417,1,user35
0.6522279737902495,1,user35
0.5874808876646623,1,user35
0.6781290827888864,1,user35
0.6964483813762611,1,user35
0.4211246285714253,1,user35
0.43607304991001994,1,user35
0.4678588000618158,1,user35
0.6497541869819055,0,user35
0.44314363255518463,1,user35
0.7776848233778977,0,user35
0.5775829885443388,1,user35
0.4032111394210178,1,user35
0.5114955587658998,1,user35
0.5179161648210131,1,user35
0.45146913750351225,0,user35
0.304091136293681,1,user35
0.5124558522483834,0,user35
0.4274873106495237,1,user35
0.6991998947120173,1,user35
0.6109564431956481,0,user35
0.6472501208202283,1,user35
0.5157277138337526,1,user35
0.5157797406930416,1,user35
0.4332593513075969,1,user35
0.5868451577831735,1,user35
0.7710430145660446,1,user35
0.5028679069106192,1,user35
0.3178716426921629,0,user35
0.2774633596379803,0,user35
0.5083546953277225,1,user35
0.555973944800537,1,user35
0.5059435127521413,1,user35
0.4690367295946352,1,user35
0.7132053653265409,1,user35
0.38950123797790986,1,user35
0.3948824736757464,1,user35
0.5480380203557323,1,user35
0.5868319686484595,1,user35
0.3974478762847956,1,user35
0.42400797897938464,1,user35
0.39607994788052625,0,user35
0.4652616961239118,1,user35
0.4769998345955557,1,user35
0.46385867362664973,1,user35
0.4424937344867709,1,user35
0.5830001701788894,1,user35
0.3788645230139629,0,user35
0.31211044399643567,1,user35
0.4119697902815439,0,user35
0.46061964933666794,1,user35
0.557611556220754,1,user35
0.5144474757612131,1,user35
0.3459911721105092,0,user35
0.491960719143362,1,user35
0.4394359163139457,1,user35
0.5504961938904597,1,user35
0.5591724759171399,1,user35
0.6482858143947251,1,user35
0.45932525961349224,0,user35
0.7693958994494692,0,user35
0.5156716043189544,1,user35
0.6459189451563068,1,user35
0.5403775326651278,1,user35
0.5298019158532666,1,user35
0.44766776248880713,1,user35
0.41064966696679966,0,user35
0.5686554712595843,0,user35
0.3809450829106081,0,user35
0.7260245973692501,1,user35
0.5866561655870606,1,user35
0.4253309730182911,0,user35
0.3153607327138758,0,user35
0.6029772517669345,1,user35
0.5817233261884286,1,user35
0.5405442027021581,1,user35
0.4060894562595941,1,user35
0.38844028124429797,0,user35
0.6656709713358795,1,user35
0.43104870446986754,1,user35
0.5470787611341501,1,user35
0.49420038485365125,1,user35
0.4440728536330928,1,user35
0.47290927799386345,1,user35
0.5940033567586883,0,user35
0.3939719598676955,1,user35
0.4367044191390018,1,user35
0.4190494610177567,0,user35
0.5913828517073301,0,user35
0.594296857518843,1,user35
0.48407815038995977,0,user35
0.45383899247350484,0,user35
0.5464914636560471,1,user35
0.5914022270750802,1,user35
0.5944148121784234,1,user35
0.5384035968265475,0,user35
0.5844613943576705,0,user35
0.47684188785542553,1,user35
0.6807078633302004,1,user35
0.5846478461971896,1,user35
0.36701571397563465,0,user35
0.45335050560247403,1,user35
0.5898059598689143,1,user35
0.6996810100797511,1,user35
0.4791176153408702,1,user35
0.44404265230026274,1,user35
0.46765478088386503,1,user35
0.37742543549430163,1,user35
0.4119489147050538,1,user35
0.4766212455566022,1,user35
0.5058335902486365,1,user35
0.42586225754777257,1,user35
0.48473639914996414,1,user35
0.45327677695539365,1,user35
0.4966226897837645,1,user35
0.4484481243736805,1,user35
0.4803801178257449,1,user35
0.47088313226801515,1,user35
0.5408543002653007,1,user35
0.5217376324455476,1,user35
0.4591172405112453,1,user35
0.4982692928075205,1,user35
0.4870455994285459,1,user35
0.43161540883276794,1,user35
0.9366662805309454,1,user35
0.41933039026970975,1,user35
0.4222039076069221,1,user35
0.6260431633256034,1,user35
0.5974648996733335,1,user35
0.40144297746279567,1,user35
0.4059523060829719,1,user35
0.5359855628048126,1,user35
0.4580290045489599,1,user35
0.49094300424190224,1,user35
0.551042301664802,1,user35
0.5348263950522699,1,user35
0.4932960999385315,1,user35
0.5331739380189168,1,user35
0.7603187594218618,1,user35
0.6589927956888566,1,user35
0.614451625193177,1,user35
0.5670253108747162,1,user35
0.5114641064696377,1,user35
0.6072634208752263,1,user35
0.44087855834477047,1,user35
0.4799828461971716,1,user35
0.5466095858947175,1,user35
0.4991661439075654,1,user35
0.4928475914622589,0,user35
0.5517436130592893,1,user35
0.5924005561966179,1,user35
0.44277170742793176,1,user35
0.4350363082220898,1,user35
0.47075919867697935,0,user35
0.4595057981234969,1,user35
0.690189097022136,1,user35
0.3896877239343618,1,user35
0.5773734436948682,1,user35
0.3271700864634769,1,user35
0.4564356713446448,1,user35
0.6069299422542599,1,user35
0.3489356293796192,0,user35
0.44646386822968476,1,user35
0.6873457885828438,1,user35
0.6381899142392269,1,user35
0.5065366495739222,1,user35
0.4896193133581496,1,user35
0.5074361172340449,1,user35
0.8167646566290503,1,user35
0.4912856223821115,1,user35
0.45447119357472904,1,user35
0.34875669985685737,0,user35
0.3610784888904558,1,user35
0.519172909009977,1,user35
0.453138476030037,1,user35
0.5015401408937651,1,user35
0.48775724957150873,0,user35
0.5287907551286972,1,user35
0.4502363902108093,0,user35
0.49608915415181676,1,user35
0.4626852876393417,1,user35
0.5112893174320843,1,user35
0.578584173852278,1,user35
0.6148055928188961,1,user35
0.6805180728896613,1,user35
0.4864522773296848,1,user35
0.4918497399399448,1,user35
0.8280693087673151,0,user35
0.5862387293817458,0,user35
0.49711233972037616,1,user35
0.7050386261858337,1,user35
0.6000535210872499,1,user35
0.4180320962981017,1,user35
0.6872438604273096,1,user35
0.5266789660471187,1,user35
0.5199644237601615,1,user35
0.5164771498922024,1,user35
0.2995844631627039,0,user35
0.44500826513821634,1,user35
0.4194877208823157,1,user35
0.5884100031473625,1,user35
0.5142514819402897,1,user35
0.38997192437826717,1,user35
0.6840551652888669,1,user35
0.5891591037091455,1,user35
0.7641907918523869,1,user35
0.7141716151786865,1,user35
0.43251453084398195,1,user35
0.4551803010412134,1,user35
0.46434519350645403,1,user35
0.4653210592870605,1,user35
0.7026020459553475,1,user35
0.5072047138925634,0,user35
0.4767666086777648,1,user35
0.5759324911646401,1,user35
0.41126840584240026,1,user35
0.40326762667420496,1,user35
0.4799427163677514,1,user35
0.6800293147233004,1,user35
0.5008410224233801,1,user35
0.42194277044193174,1,user35
0.6202127228914925,1,user35
0.7040134107372991,1,user35
0.8611041818437866,1,user35
0.4523118262760724,1,user35
0.477224512492997,1,user35
0.42606119882104315,1,user35
0.4893213834947071,1,user35
0.4497669338677951,0,user35
0.3090103237950981,0,user35
0.37165499113835204,0,user35
0.4018603818329451,0,user35
0.6169701789072765,0,user35
0.6701703048124239,1,user35
0.3588954756906006,0,user35
0.5062293776764532,1,user35
0.37112806959136174,0,user35
0.3788375215645816,0,user35
0.4867491080277809,1,user35
0.3979931102757653,1,user35
0.30985703730227204,1,user35
0.6166294828941083,1,user35
0.47852864775033704,1,user35
0.5144301621578689,1,user35
0.7104032753263827,0,user35
0.3363067280959365,0,user35
0.25955124247425065,0,user35
0.5025522481372481,1,user35
0.3427104973116102,0,user35
0.35512359384055175,0,user35
0.8791139146676049,1,user35
0.5375747329325352,1,user35
0.6820373108878047,1,user35
0.44042935990200377,1,user35
0.4563823001065521,1,user35
0.5406427597127301,1,user35
0.4790890495348694,1,user35
0.4843298652828977,1,user35
0.5842877233516257,1,user35
0.47415648464738397,1,user35
0.4884101322041286,0,user35
0.5569886668208319,1,user35
0.4792357114221911,0,user35
0.6346963242712542,0,user35
0.5127022305182962,0,user35
0.6030977814810958,0,user35
0.40680451386864236,0,user35
0.5855150823442183,1,user35
0.2938102666175282,0,user35
0.5918718528645219,0,user35
0.56712404383227,1,user35
0.6041942631865386,1,user35
0.6774078118354966,0,user35
0.36749378432980345,0,user35
0.38613616186186506,0,user35
0.6035962876120301,1,user35
0.4204604901547112,0,user35
0.7178372938556685,1,user35
0.38388259579364326,1,user35
0.454777144915656,1,user35
0.6065904695408695,1,user35
0.43569944121787785,1,user35
0.4306477284186269,1,user35
0.6995930087159553,0,user35
0.456782380610145,0,user35
0.4359372551781342,1,user35
0.5246838778043033,1,user35
0.5133487828146341,1,user35
0.5157716913310191,1,user35
0.23057413832171011,0,user35
0.45738165278925597,1,user35
0.4426003647099214,1,user35
0.41549354869599026,1,user35
0.5038905486528535,0,user35
0.5631648061584777,1,user35
0.26006874758944915,1,user35
0.40491335640526904,0,user35
0.7256250322816485,0,user35
0.4520048230802921,1,user35
0.5490106178963123,1,user35
0.6101632799852539,1,user35
0.3403519904021968,0,user35
0.4722518459896497,1,user35
0.6065354291731752,0,user35
0.3362807247198818,0,user35
0.4954945019893715,1,user35
0.6080358193430297,1,user35
0.5093691910256446,1,user35
0.6764136049921396,1,user35
0.44668181171117527,1,user35
0.5478684530880893,1,user35
0.5849128631772661,1,user35
0.4844967210773282,1,user35
0.3562217134890745,1,user35
0.5031561062064474,1,user35
0.6090860334864997,1,user35
0.4035113987507492,1,user35
0.31250634039333114,0,user35
0.46447845802236176,0,user35
0.4793152654540229,0,user35
0.2758498728609091,0,user35
0.6627723218133724,0,user35
0.35759813104402854,0,user35
0.41817989712311726,0,user35
0.6035443384489447,1,user35
0.32247723491028124,0,user35
0.5929690719298453,1,user35
0.528285685028483,1,user35
0.5254955474015678,1,user35
0.5379189947262926,1,user35
0.567057632830879,1,user35
0.3513542608224137,1,user35
0.6195099065591138,0,user35
0.5225306837255023,0,user35
0.41725288668614074,0,user35
0.36213332064273884,1,user35
0.28936302860369795,0,user35
0.461976081738238,0,user35
0.5776410928457233,1,user35
0.5994798642366409,1,user35
0.4722784624018048,1,user35
0.5007165394422639,1,user35
0.4567138274068086,0,user35
0.32422131577948987,1,user35
0.5475477426566897,1,user35
0.5469484688421637,1,user35
0.4008770030468765,0,user35
0.5254767315566211,1,user35
0.4398753356922611,1,user35
0.5133059168348607,1,user35
0.6020107874344387,1,user35
0.491049307863739,1,user35
0.45608736179582793,0,user35
0.4876043296443034,0,user35
0.4855625712940873,1,user35
0.649026316952065,0,user35
0.48518706665146755,1,user35
0.47515279343382727,1,user35
0.5762527285414097,1,user35
0.5502695497931448,1,user35
0.6139391439575156,1,user35
0.39690436897007736,0,user35
0.37523658115991904,0,user35
0.5226162178513483,1,user35
0.4559613966898788,1,user35
0.3993338031211571,1,user35
0.5777939157632568,0,user35
0.43495863911767985,1,user35
0.5332508546130216,1,user35
0.4858681462032461,1,user35
0.43856076625022833,0,user35
0.5147145167328728,1,user35
0.4509534787322526,0,user35
0.5746178738576508,1,user35
0.5736438449418354,1,user35
0.4787965953536276,1,user35
0.4427137993847021,1,user35
0.44751268987393455,1,user35
0.7428010750626272,1,user35
0.6036471368769428,1,user35
0.5251430030488339,1,user35
0.38245906257166173,1,user35
0.32072753113711616,1,user35
0.48914160670690565,1,user35
0.48214552077667894,1,user35
0.44833069819254473,1,user35
0.44954955506268546,1,user35
0.47672992496236655,1,user35
0.5067118842105932,1,user35
0.486966203672075,0,user35
0.37848725496679214,1,user35
0.4818569001608223,1,user35
0.5047431268480215,1,user35
0.30439553432745353,1,user35
0.5071803229131019,1,user35
0.47166223803980417,1,user35
0.5703568117257858,1,user35
0.4919688727519896,1,user35
0.4999197193456796,1,user35
0.47023132378484567,1,user35
0.5356168369313402,1,user35
0.4577870427009795,1,user35
0.5155201357807528,1,user35
0.5232918932659927,0,user35
0.5712186221536371,1,user35
0.622077616809097,1,user35
0.7794890934492908,1,user35
0.26898026536631675,1,user35
0.37738538566465923,0,user35
0.48583171791576946,1,user35
0.33125831220205304,0,user35
0.47516292393255366,1,user35
0.47299501973076885,1,user35
0.4463280484275851,1,user35
0.8488618241285173,0,user35
0.44541732023980374,1,user35
0.49943683524755,1,user35
0.3614546156623433,0,user35
0.7150940755789035,0,user35
0.5654626320467883,1,user35
0.4736432290062235,0,user35
0.40094206881707833,1,user35
0.252298405886337,0,user35
0.24197929125766718,0,user35
0.45479536482393706,0,user35
0.5980214660425486,0,user35
0.2891200885120045,0,user35
0.6006198662380835,1,user35
0.7631909078597197,1,user35
0.5735045171054306,0,user35
0.5079575171920542,1,user35
0.5462281214058097,1,user35
0.5203126434240609,1,user35
0.2444202773958099,0,user35
0.5352046668517376,0,user35
0.4807452177260677,1,user35
0.4353433344083825,1,user35
0.6474564108412522,1,user35
0.5066468294908995,0,user35
0.6079599313054005,0,user35
0.621796207890804,0,user35
0.42261533699014797,1,user35
0.9361650407759702,0,user35
0.5695544303474686,0,user35
0.4038679330651416,0,user35
0.3798253650693791,1,user35
0.557526996854464,1,user35
0.5522156153924139,1,user35
0.5211713675807228,1,user35
0.45661768093368976,1,user35
0.3221901332529011,0,user35
0.5101015887998389,0,user35
0.6119845722333757,1,user35
0.5452950880486008,1,user35
0.4263652595782418,1,user35
0.4370254198362954,1,user35
0.8867851300694856,1,user35
0.6679911942556169,1,user35
0.6053769836021173,1,user35
0.6971646636164572,1,user35
0.49930073964182786,1,user35
0.4115327892991181,1,user35
0.427490270808686,1,user35
0.52220044156565,1,user35
0.49354737413754673,1,user35
0.5261508036322241,1,user35
0.4873303766299196,1,user35
0.6068855421174066,1,user35
0.5383835352610549,1,user35
0.4547542736152494,1,user35
0.49008510063830174,1,user35
0.5063821149119,1,user35
0.5306193226398076,1,user35
0.6976912183820531,0,user35
0.24951401141758106,0,user35
0.404963667334927,0,user35
0.2577276478247316,0,user35
0.4993118707096426,1,user35
0.8169614940117124,1,user35
0.2852411784281316,0,user35
0.36277503803933847,0,user35
0.6299495036436845,0,user35
0.4615473013682315,0,user35
0.5798971592374736,1,user35
0.47314783764468243,1,user35
0.3902269151239883,1,user35
0.5365323155109974,1,user35
0.6193642314984338,1,user35
0.7593652661287318,0,user35
0.7260523398040267,0,user35
0.512037034958575,1,user35
0.5388361674301236,0,user35
0.5053046294911325,1,user35
0.651384795116347,1,user35
0.32420750728316977,0,user35
0.35916151000628704,0,user35
0.3828578461222686,0,user35
0.6892584834395705,0,user35
0.5348847149317767,1,user35
0.4807523855284744,1,user35
0.4788400064344083,1,user35
0.2604677662189134,0,user35
0.6003099664548497,0,user35
0.6604185069118195,1,user35
0.40954347789857803,1,user35
0.332850841918121,0,user35
0.5217088666269849,1,user35
0.7526930473548574,1,user35
0.5235673312583824,1,user35
0.35944999854859766,1,user35
0.6050387916024987,1,user35
0.4736582584443932,1,user35
0.39821520536064015,1,user35
0.8024305818968095,1,user35
0.4637743970633602,0,user35
0.5180745480477031,1,user35
0.34481650401072295,0,user35
0.28822445699633625,1,user35
0.48438617339476014,1,user35
0.5121357790609518,1,user35
0.4656064249799226,1,user35
0.5870010778330159,1,user35
0.4925707462644908,1,user35
0.8027769287190234,1,user35
0.6491545333656816,1,user35
0.29386106058894235,0,user35
0.5674958374036332,1,user35
0.8613825269472781,1,user35
0.5323553820827359,1,user35
0.5743132200969454,1,user35
0.5044273587898667,1,user35
0.2634793158417575,0,user35
0.48455658597681134,0,user35
0.9508830574016673,0,user35
0.5244969338150308,1,user35
0.839535054142503,1,user35
0.30162199663102146,1,user35
0.44578003379409514,1,user35
0.550324819384791,1,user35
0.5168299761536983,1,user35
0.3976542475483302,0,user35
0.4848650004522414,1,user35
0.4755372720085906,1,user35
0.5746836975397641,1,user35
0.49822894257029704,1,user35
0.5617075712255454,1,user35
0.4679807369261389,1,user35
0.5330897850158284,1,user35
0.6351103034664096,1,user35
0.3713381124757705,1,user35
0.5170285639305078,1,user35
0.4700980249076218,1,user35
0.479290079637919,1,user35
0.5370743408726092,0,user35
0.4794707613470765,1,user35
0.6060576332813636,1,user35
0.596584110285912,1,user35
0.507847577929209,1,user35
0.4804834037303,1,user35
0.4833198300590438,1,user35
0.45685648139365487,1,user35
0.4641386158250394,1,user35
0.6109609847492123,0,user35
0.38525249310984694,0,user35
0.3833935760007759,1,user35
0.8434709718935436,0,user35
0.4829390375893989,1,user35
0.46075511479477593,1,user35
0.549306121746185,0,user35
0.31873444220215136,0,user35
0.2751665530759155,1,user35
0.33644647101885944,0,user35
0.6350376972950025,1,user35
0.6636380051143326,1,user35
0.5953293621931907,1,user35
0.41864973370950664,0,user35
0.4759258592471931,1,user35
0.46953649916419593,1,user35
0.4570553024787146,1,user35
0.31984236230122637,0,user35
0.4619040110913694,1,user35
0.49350920292122546,1,user35
0.6692878363072635,1,user35
0.36554029706264934,1,user35
0.4610414812778483,0,user35
0.2731482283627877,0,user35
0.17603185037760427,0,user35
0.28420100763196204,0,user35
0.4610873249673929,1,user35
0.4578567211527032,0,user35
0.37424099989006987,0,user35
0.4087933478161801,0,user35
0.44093093441213976,1,user35
0.5466391097412686,0,user35
0.623642255561415,1,user35
0.24219316553575132,0,user35
0.6098422425005743,0,user35
0.4540317003227394,1,user35
0.31663321803604405,0,user35
0.30080261643100914,0,user35
0.7768410779048233,1,user35
0.7672128010159668,1,user35
0.43011842089895624,0,user35
0.5712406632970004,0,user35
0.4477038429012473,0,user35
0.5126694715787526,1,user35
0.7836244800370319,1,user35
0.3846845074392292,0,user35
0.3121565923276375,0,user35
0.26128415719384857,0,user35
0.4154895200349329,0,user35
0.38588211246342713,0,user35
0.4517615266070887,1,user35
0.2978188671493016,0,user35
0.8240487694028296,0,user35
0.6874157053084128,1,user35
0.6743355203075273,1,user35
0.5337400092919137,0,user35
0.7251311469025772,0,user35
0.39356296187535494,1,user35
0.42264070967597694,1,user35
0.6722605415772605,1,user35
0.6127248340148846,1,user35
0.7098281301535495,1,user35
0.5961456464023791,0,user35
0.6111300246507759,0,user35
0.41508063364848824,1,user35
0.44309150396658886,1,user35
0.6650478013885103,0,user35
0.4731952064028585,1,user35
0.5913035767751682,1,user35
0.46329899485639203,1,user35
0.5850336036102534,1,user35
0.45550280674504817,1,user35
0.4757889353627518,1,user35
0.7308771445861442,1,user35
0.46685528037779,1,user35
0.38981886800205223,0,user35
0.4870168654149849,1,user35
0.43813875610439856,1,user35
0.4179361436966477,1,user35
0.4192980428585424,1,user35
0.440817688529725,1,user35
0.3363562644703908,1,user35
0.6984924579563866,0,user35
0.739993165783064,1,user35
0.39798490996381497,1,user35
0.5103078664635643,1,user35
0.4122112140904534,0,user35
0.454790759788461,1,user35
0.38858429686978013,0,user35
0.3094525720359416,1,user35
0.22753322052522715,1,user35
0.6930203718634927,1,user35
0.6314864997317824,1,user35
0.5184725240856526,1,user35
0.5365597345397547,1,user35
0.5051649001325242,0,user35
0.561480197273771,0,user35
0.41362723963777676,0,user35
0.44359625832201194,1,user35
0.4744125743224412,1,user35
0.5367567908012947,1,user35
0.6614250400056184,1,user35
0.480938107506684,1,user35
0.9241491953388912,1,user35
0.6296930754799002,1,user35
0.5169328074939019,1,user35
0.6428303038791986,1,user35
0.560638199688524,1,user35
0.603923088912247,1,user35
0.5283038648183374,1,user35
0.5440194948235272,1,user35
0.31034352139813426,0,user35
0.4009271519516088,0,user35
0.28672399547730165,1,user35
0.5816558330714254,0,user35
0.5588414235550975,1,user35
0.47767846926646124,1,user35
0.428758929698009,1,user35
0.8922792779395877,1,user35
0.5156747271504839,1,user35
0.5609904741015934,0,user35
0.5503074329855993,1,user35
0.5334159806625748,0,user35
0.42281065182971755,0,user35
0.5422516229334527,0,user35
0.387287552584561,1,user35
0.40096735103447406,1,user35
0.7066662136687311,1,user35
0.48316978374219915,1,user35
0.5050117259487827,1,user35
0.3638563593695558,1,user35
0.6128422723498033,1,user35
0.4538125325566723,0,user35
0.6725463538219929,1,user35
0.6974104155733212,1,user35
0.25636509577837363,0,user35
0.3560932481883292,0,user35
0.4716250159740809,1,user35
0.4476251349701549,0,user35
0.5056278380094205,0,user35
0.5320762664960109,1,user35
0.28104257989658166,1,user35
0.5222739327157946,1,user35
0.4692095901882977,0,user35
0.6426215325525235,0,user35
0.4542181390406223,1,user35
0.5962376844692437,1,user35
0.6595443625130772,1,user35
0.7288382903203826,1,user35
0.5307315579966622,1,user35
0.5729216009666745,0,user35
0.645797486251625,0,user35
0.7096489820931748,1,user35
0.5414719298355988,1,user35
0.5005284688782766,1,user35
0.537238442159757,1,user35
0.487678832451721,1,user35
0.5464464192883185,1,user35
0.42642162953058454,1,user35
0.44463260848328684,1,user35
0.4390905434950634,1,user35
0.419629997744404,0,user35
0.3300864396402652,1,user35
0.33040732336989964,1,user35
0.4215895155620698,1,user35
0.4528600208724047,1,user35
0.5310542820535139,1,user35
0.7839376307385477,1,user35
0.45790610920183056,1,user35
0.6493266453256661,0,user35
0.3245094684777425,0,user35
0.5123196627525317,1,user35
0.57401087961809,0,user35
0.7472923540736779,0,user35
0.4528079131054811,1,user35
0.5242881949920698,1,user35
0.6339030488542037,1,user35
0.41181653065218715,1,user35
0.5129241770334424,1,user35
0.5006254804030903,1,user35
0.32768383390436107,1,user35
0.5692118574029452,0,user35
0.49166305850646724,1,user35
0.7398681602317765,1,user35
0.5274896210094058,1,user35
0.5630501551302554,1,user35
0.5134126076841449,1,user35
0.45290241984816776,0,user35
0.2988741989080088,0,user35
0.4501789021325155,1,user35
0.4985254121247855,1,user35
0.7133713398465061,1,user35
0.5857696978287391,1,user35
0.5772970079641935,1,user35
0.4660012220590314,1,user35
0.5417448519977863,1,user35
0.2826092790445322,0,user35
0.5265487717179061,1,user35
0.47309675178872374,1,user35
0.5670952094770321,1,user35
0.5389920211081272,1,user35
0.481377340106351,1,user35
0.41335090764540705,1,user35
0.3438027828413661,0,user35
0.4077055713941195,0,user35
0.39100009051040685,0,user35
0.3656678949594109,1,user35
0.5491154224436781,0,user35
0.7860333677179235,0,user35
0.29776261202852106,0,user35
0.5091639666419479,0,user35
0.5027053068307986,1,user35
0.44121952840560896,1,user35
0.5061621694774358,1,user35
0.5264084302533514,1,user35
0.5257171604598027,1,user35
0.36840915246784356,1,user35
0.485671539175869,1,user35
0.4216047591073611,1,user35
0.46955584318766924,1,user35
0.4396730954527522,0,user35
0.36845455561637647,1,user35
0.3178533061650812,0,user35
0.8629731309745517,0,user35
0.39015316063124356,1,user35
0.5184231668337327,1,user35
0.6429249192966943,1,user35
0.4738085731708031,0,user35
0.3987691545155869,1,user35
0.37192874039070656,0,user35
0.7855308413269465,1,user35
0.42949523660858663,1,user35
0.4749007445839917,1,user35
0.2814514747793238,1,user35
0.4701160365096777,1,user35
0.49140013370586894,1,user35
0.40374574177817557,1,user35
0.7980146358831439,0,user35
0.4306348021192673,1,user35
0.3203906410100276,1,user35
0.3360641695595683,1,user35
0.49964038251919773,1,user35
0.42985750685168705,1,user35
0.5147699109865836,1,user35
0.4535480989364416,0,user35
0.21241537117748788,0,user35
0.6726990439337309,1,user35
0.9002562922205285,1,user35
0.5160006001029963,1,user35
0.558057858517057,1,user35
0.3638155218408122,1,user35
0.20137903835674603,0,user35
0.7780268241554772,0,user35
0.26537165314294914,1,user35
0.46658189811600487,0,user35
0.3295287607310246,0,user35
0.6993924562031669,0,user35
0.5053955508158176,1,user35
0.4486403517676494,0,user35
0.28758506738202444,0,user35
0.34382591221194364,0,user35
0.4530738760891964,0,user35
0.47013059546644725,1,user35
0.4383677684459381,1,user35
0.5715796250155368,1,user35
0.45146375491284046,1,user35
0.6524602325148671,1,user35
0.4459755613107083,1,user35
0.6752059366223012,1,user35
0.5051136129126735,1,user35
0.7483220279629805,1,user35
0.5855865845026939,1,user35
0.5305193429928087,1,user35
0.5113811207910556,1,user35
0.5042850194875905,1,user35
0.5153517021682354,1,user35
0.5003333677593618,0,user35
0.3084147439912033,1,user35
0.3127779122117565,0,user35
0.4768932133794344,1,user35
0.2897969117975417,1,user35
0.6522279737902495,1,user35
0.5874808876646623,1,user35
0.6781290827888864,1,user35
0.6964483813762611,1,user35
0.4211246285714253,1,user35
0.43607304991001994,1,user35
0.4678588000618158,1,user35
0.6497541869819055,0,user35
0.44314363255518463,1,user35
0.7776848233778977,0,user35
0.5775829885443388,1,user35
0.4032111394210178,1,user35
0.5114955587658998,1,user35
0.5179161648210131,1,user35
0.45146913750351225,0,user35
0.304091136293681,1,user35
0.5124558522483834,0,user35
0.4274873106495237,1,user35
0.6991998947120173,1,user35
0.6109564431956481,0,user35
0.6472501208202283,1,user35
0.5157277138337526,1,user35
0.5157797406930416,1,user35
0.4332593513075969,1,user35
0.5868451577831735,1,user35
0.7710430145660446,1,user35
0.5028679069106192,1,user35
0.3178716426921629,0,user35
0.2774633596379803,0,user35
0.5083546953277225,1,user35
0.555973944800537,1,user35
0.5059435127521413,1,user35
0.4690367295946352,1,user35
0.7132053653265409,1,user35
0.38950123797790986,1,user35
0.3948824736757464,1,user35
0.5480380203557323,1,user35
0.5868319686484595,1,user35
0.3974478762847956,1,user35
0.42400797897938464,1,user35
0.39607994788052625,0,user35
0.4652616961239118,1,user35
0.4769998345955557,1,user35
0.46385867362664973,1,user35
0.4424937344867709,1,user35
0.5830001701788894,1,user35
0.3788645230139629,0,user35
0.31211044399643567,1,user35
0.4119697902815439,0,user35
0.46061964933666794,1,user35
0.557611556220754,1,user35
0.5144474757612131,1,user35
0.3459911721105092,0,user35
0.491960719143362,1,user35
0.4394359163139457,1,user35
0.5504961938904597,1,user35
0.5591724759171399,1,user35
0.6482858143947251,1,user35
0.45932525961349224,0,user35
0.7693958994494692,0,user35
0.5156716043189544,1,user35
0.6459189451563068,1,user35
0.5403775326651278,1,user35
0.5298019158532666,1,user35
0.44766776248880713,1,user35
0.41064966696679966,0,user35
0.5686554712595843,0,user35
0.3809450829106081,0,user35
0.7260245973692501,1,user35
0.5866561655870606,1,user35
0.4253309730182911,0,user35
0.3153607327138758,0,user35
0.6029772517669345,1,user35
0.5817233261884286,1,user35
0.5405442027021581,1,user35
0.4060894562595941,1,user35
0.38844028124429797,0,user35
0.6656709713358795,1,user35
0.43104870446986754,1,user35
0.5470787611341501,1,user35
0.49420038485365125,1,user35
0.4440728536330928,1,user35
0.47290927799386345,1,user35
0.5940033567586883,0,user35
0.3939719598676955,1,user35
0.4367044191390018,1,user35
0.4190494610177567,0,user35
0.5913828517073301,0,user35
0.594296857518843,1,user35
0.48407815038995977,0,user35
0.45383899247350484,0,user35
0.5464914636560471,1,user35
0.5914022270750802,1,user35
0.5944148121784234,1,user35
0.5384035968265475,0,user35
0.5844613943576705,0,user35
0.47684188785542553,1,user35
0.6807078633302004,1,user35
0.5846478461971896,1,user35
0.36701571397563465,0,user35
0.45335050560247403,1,user35
0.5898059598689143,1,user35
0.6996810100797511,1,user35
0.4791176153408702,1,user35
0.44404265230026274,1,user35
0.46765478088386503,1,user35
0.37742543549430163,1,user35
0.4119489147050538,1,user35
0.4766212455566022,1,user35
0.5058335902486365,1,user35
0.42586225754777257,1,user35
0.48473639914996414,1,user35
0.45327677695539365,1,user35
0.4966226897837645,1,user35
0.4484481243736805,1,user35
0.4803801178257449,1,user35
0.47088313226801515,1,user35
0.5408543002653007,1,user35
0.5217376324455476,1,user35
0.4591172405112453,1,user35
0.4982692928075205,1,user35
0.4870455994285459,1,user35
0.43161540883276794,1,user35
0.9366662805309454,1,user35
0.41933039026970975,1,user35
0.4222039076069221,1,user35
0.6260431633256034,1,user35
0.5974648996733335,1,user35
0.40144297746279567,1,user35
0.4059523060829719,1,user35
0.5359855628048126,1,user35
0.4580290045489599,1,user35
0.49094300424190224,1,user35
0.551042301664802,1,user35
0.5348263950522699,1,user35
0.4932960999385315,1,user35
0.5331739380189168,1,user35
0.7603187594218618,1,user35
0.6589927956888566,1,user35
0.614451625193177,1,user35
0.5670253108747162,1,user35
0.5114641064696377,1,user35
0.6072634208752263,1,user35
0.44087855834477047,1,user35
0.4799828461971716,1,user35
0.5466095858947175,1,user35
0.4991661439075654,1,user35
0.4928475914622589,0,user35
0.5517436130592893,1,user35
0.5924005561966179,1,user35
0.44277170742793176,1,user35
0.4350363082220898,1,user35
0.47075919867697935,0,user35
0.4595057981234969,1,user35
0.690189097022136,1,user35
0.3896877239343618,1,user35
0.5773734436948682,1,user35
0.3271700864634769,1,user35
0.4564356713446448,1,user35
0.6069299422542599,1,user35
0.3489356293796192,0,user35
0.44646386822968476,1,user35
0.6873457885828438,1,user35
0.6381899142392269,1,user35
0.5065366495739222,1,user35
0.4896193133581496,1,user35
0.5074361172340449,1,user35
0.8167646566290503,1,user35
0.4912856223821115,1,user35
0.45447119357472904,1,user35
0.34875669985685737,0,user35
0.3610784888904558,1,user35
0.519172909009977,1,user35
0.453138476030037,1,user35
0.5015401408937651,1,user35
0.48775724957150873,0,user35
0.5287907551286972,1,user35
0.4502363902108093,0,user35
0.49608915415181676,1,user35
0.4626852876393417,1,user35
0.5112893174320843,1,user35
0.578584173852278,1,user35
0.6148055928188961,1,user35
0.6805180728896613,1,user35
0.4864522773296848,1,user35
0.4918497399399448,1,user35
0.8280693087673151,0,user35
0.5862387293817458,0,user35
0.49711233972037616,1,user35
0.7050386261858337,1,user35
0.6000535210872499,1,user35
0.4180320962981017,1,user35
0.6872438604273096,1,user35
0.5266789660471187,1,user35
0.5199644237601615,1,user35
0.5164771498922024,1,user35
0.2995844631627039,0,user35
0.44500826513821634,1,user35
0.4194877208823157,1,user35
0.5884100031473625,1,user35
0.5142514819402897,1,user35
0.38997192437826717,1,user35
0.6840551652888669,1,user35
0.5891591037091455,1,user35
0.7641907918523869,1,user35
0.7141716151786865,1,user35
0.43251453084398195,1,user35
0.4551803010412134,1,user35
0.46434519350645403,1,user35
0.4653210592870605,1,user35
0.7026020459553475,1,user35
0.5072047138925634,0,user35
0.4767666086777648,1,user35
0.5759324911646401,1,user35
0.41126840584240026,1,user35
0.40326762667420496,1,user35
0.4799427163677514,1,user35
0.6800293147233004,1,user35
0.5008410224233801,1,user35
0.42194277044193174,1,user35
0.6202127228914925,1,user35
0.7040134107372991,1,user35
0.8611041818437866,1,user35
0.4523118262760724,1,user35
0.477224512492997,1,user35
0.42606119882104315,1,user35
0.4893213834947071,1,user35
0.4497669338677951,0,user35
0.3090103237950981,0,user35
0.37165499113835204,0,user35
0.4018603818329451,0,user35
0.6169701789072765,0,user35
0.6701703048124239,1,user35
0.3588954756906006,0,user35
0.5062293776764532,1,user35
0.37112806959136174,0,user35
0.3788375215645816,0,user35
0.4867491080277809,1,user35
0.3979931102757653,1,user35
0.30985703730227204,1,user35
0.6166294828941083,1,user35
0.47852864775033704,1,user35
0.5144301621578689,1,user35
0.7104032753263827,0,user35
0.3363067280959365,0,user35
0.25955124247425065,0,user35
0.5025522481372481,1,user35
0.3427104973116102,0,user35
0.35512359384055175,0,user35
0.8791139146676049,1,user35
0.5375747329325352,1,user35
0.6820373108878047,1,user35
0.44042935990200377,1,user35
0.4563823001065521,1,user35
0.5406427597127301,1,user35
0.4790890495348694,1,user35
0.4843298652828977,1,user35
0.5842877233516257,1,user35
0.47415648464738397,1,user35
0.4884101322041286,0,user35
0.5569886668208319,1,user35
0.4792357114221911,0,user35
0.6346963242712542,0,user35
0.5127022305182962,0,user35
0.6030977814810958,0,user35
0.40680451386864236,0,user35
0.5855150823442183,1,user35
0.2938102666175282,0,user35
0.5918718528645219,0,user35
0.56712404383227,1,user35
0.6041942631865386,1,user35
0.6774078118354966,0,user35
0.36749378432980345,0,user35
0.38613616186186506,0,user35
0.6035962876120301,1,user35
0.4204604901547112,0,user35
0.7178372938556685,1,user35
0.38388259579364326,1,user35
0.454777144915656,1,user35
0.6065904695408695,1,user35
0.43569944121787785,1,user35
0.4306477284186269,1,user35
0.6995930087159553,0,user35
0.456782380610145,0,user35
0.4359372551781342,1,user35
0.5246838778043033,1,user35
0.5133487828146341,1,user35
0.5157716913310191,1,user35
0.23057413832171011,0,user35
0.45738165278925597,1,user35
0.4426003647099214,1,user35
0.41549354869599026,1,user35
0.5038905486528535,0,user35
0.5631648061584777,1,user35
0.26006874758944915,1,user35
0.40491335640526904,0,user35
0.7256250322816485,0,user35
0.4520048230802921,1,user35
0.5490106178963123,1,user35
0.6101632799852539,1,user35
0.3403519904021968,0,user35
0.4722518459896497,1,user35
0.6065354291731752,0,user35
0.3362807247198818,0,user35
0.4954945019893715,1,user35
0.6080358193430297,1,user35
0.5093691910256446,1,user35
0.6764136049921396,1,user35
0.44668181171117527,1,user35
0.5478684530880893,1,user35
0.5849128631772661,1,user35
0.4844967210773282,1,user35
0.3562217134890745,1,user35
0.5031561062064474,1,user35
0.6090860334864997,1,user35
0.4035113987507492,1,user35
0.31250634039333114,0,user35
0.46447845802236176,0,user35
0.4793152654540229,0,user35
0.2758498728609091,0,user35
0.6627723218133724,0,user35
0.35759813104402854,0,user35
0.41817989712311726,0,user35
0.6035443384489447,1,user35
0.32247723491028124,0,user35
0.5929690719298453,1,user35
0.528285685028483,1,user35
0.5254955474015678,1,user35
0.5379189947262926,1,user35
0.567057632830879,1,user35
0.3513542608224137,1,user35
0.6195099065591138,0,user35
0.5225306837255023,0,user35
0.41725288668614074,0,user35
0.36213332064273884,1,user35
0.28936302860369795,0,user35
0.461976081738238,0,user35
0.5776410928457233,1,user35
0.5994798642366409,1,user35
0.4722784624018048,1,user35
0.5007165394422639,1,user35
0.4567138274068086,0,user35
0.32422131577948987,1,user35
0.5475477426566897,1,user35
0.5469484688421637,1,user35
0.4008770030468765,0,user35
0.5254767315566211,1,user35
0.4398753356922611,1,user35
0.5133059168348607,1,user35
0.6020107874344387,1,user35
0.491049307863739,1,user35
0.45608736179582793,0,user35
0.4876043296443034,0,user35
0.4855625712940873,1,user35
0.649026316952065,0,user35
0.48518706665146755,1,user35
0.47515279343382727,1,user35
0.5762527285414097,1,user35
0.5502695497931448,1,user35
0.6139391439575156,1,user35
0.39690436897007736,0,user35
0.37523658115991904,0,user35
0.5226162178513483,1,user35
0.4559613966898788,1,user35
0.3993338031211571,1,user35
0.5777939157632568,0,user35
0.43495863911767985,1,user35
0.5332508546130216,1,user35
0.4858681462032461,1,user35
0.43856076625022833,0,user35
0.5147145167328728,1,user35
0.4509534787322526,0,user35
0.5746178738576508,1,user35
0.5736438449418354,1,user35
0.4787965953536276,1,user35
0.4427137993847021,1,user35
0.44751268987393455,1,user35
0.7428010750626272,1,user35
0.6036471368769428,1,user35
0.5251430030488339,1,user35
0.38245906257166173,1,user35
0.32072753113711616,1,user35
0.48914160670690565,1,user35
0.48214552077667894,1,user35
0.44833069819254473,1,user35
0.44954955506268546,1,user35
0.47672992496236655,1,user35
0.5067118842105932,1,user35
0.486966203672075,0,user35
0.37848725496679214,1,user35
0.4818569001608223,1,user35
0.5047431268480215,1,user35
0.30439553432745353,1,user35
0.5071803229131019,1,user35
0.47166223803980417,1,user35
0.5703568117257858,1,user35
0.4919688727519896,1,user35
0.4999197193456796,1,user35
0.47023132378484567,1,user35
0.5356168369313402,1,user35
0.4577870427009795,1,user35
0.5155201357807528,1,user35
0.5232918932659927,0,user35
0.5712186221536371,1,user35
0.622077616809097,1,user35
0.7794890934492908,1,user35
0.26898026536631675,1,user35
0.37738538566465923,0,user35
0.48583171791576946,1,user35
0.33125831220205304,0,user35
0.47516292393255366,1,user35
0.47299501973076885,1,user35
0.4463280484275851,1,user35
0.8488618241285173,0,user35
0.44541732023980374,1,user35
0.49943683524755,1,user35
0.3614546156623433,0,user35
0.7150940755789035,0,user35
0.5654626320467883,1,user35
0.4736432290062235,0,user35
0.40094206881707833,1,user35
0.5787664397568858,1,user7
0.9200768325711851,1,user7
0.8970864495539268,1,user7
0.26672772174701903,0,user7
0.4917985929524288,1,user7
0.6726216995391816,1,user7
0.7523634963003791,1,user7
0.9628799456777329,1,user7
0.4461061787108036,1,user7
0.7007900655879659,1,user7
0.9153591877033689,1,user7
0.5779393260601535,1,user7
0.6061570397002994,1,user7
0.5816615344725233,1,user7
0.7738824009898787,1,user7
0.7103005252400715,1,user7
0.9520641827986329,1,user7
0.745727531309541,1,user7
0.5421842571734519,1,user7
0.7294359415365553,1,user7
0.7551688125527038,1,user7
0.41789433123509406,0,user7
0.75166068380252,1,user7
0.879202176627905,1,user7
0.6910365459632325,1,user7
0.8338695107355484,1,user7
0.6683584469252525,1,user7
0.32027213568545065,0,user7
0.7242427060335241,1,user7
0.7687663933000495,1,user7
0.7806011265998637,1,user7
0.9719854953268862,1,user7
0.5703009571405344,1,user7
0.5601591266045294,1,user7
0.7135746144010352,1,user7
0.31582252627095075,1,user7
0.21413508728622935,1,user7
0.6414171358792707,1,user7
0.7290917953781834,1,user7
0.9308091830003392,1,user7
0.4963087882030021,0,user7
0.8069261039347035,1,user7
0.7650771852796779,1,user7
0.5941032086677336,1,user7
0.4825477315430059,1,user7
0.8334012078530781,1,user7
0.6520049235481392,1,user7
0.5482992052366091,1,user7
0.6833481241342413,1,user7
0.7372973229311555,1,user7
0.4581707874145836,0,user7
0.7792929766779972,1,user7
0.691126554858829,1,user7
0.731797572105375,1,user7
0.8637904859241,1,user7
0.627335804360461,1,user7
0.2642103703901928,1,user7
0.5777361624304328,1,user7
0.4399238183309694,0,user7
0.7265119242120834,1,user7
0.8467676183055328,1,user7
0.8194646424381841,1,user7
0.5913545971389594,0,user7
0.35140694555314783,0,user7
0.40322751156454084,0,user7
0.8449546308233215,1,user7
0.7300790462822948,1,user7
0.816725930442026,1,user7
0.6701676968748733,1,user7
0.5087606285302214,1,user7
0.5712187571230158,0,user7
0.5615354213214018,1,user7
0.5016102948688395,0,user7
0.6052792132820404,1,user7
0.3503505334221573,0,user7
0.47562105108408703,1,user7
0.8458488350358107,1,user7
0.42509286207516267,1,user7
0.4861999422515217,1,user7
0.9509349211009263,1,user7
0.6745674349494993,1,user7
0.5707193326114014,1,user7
0.26772442052084033,1,user7
0.6170073087285757,0,user7
0.7804942499259793,1,user7
0.8744400689208282,1,user7
0.3449347603235366,1,user7
0.5050230197296961,1,user7
0.41155770829911115,1,user7
0.6020749228960366,1,user7
0.676018045232339,1,user7
0.7935122907244204,1,user7
0.5149910052427703,0,user7
0.7479930166457798,1,user7
0.8132429426540378,1,user7
0.6218170832495337,1,user7
0.7232905159869418,1,user7
0.573345598219975,1,user7
0.6051189598009803,1,user7
0.9512431934920058,1,user7
0.7688650768206681,1,user7
0.8346837802211676,1,user7
0.7936503709510072,1,user7
0.2736055034664566,0,user7
0.7309970371466881,1,user7
0.6455233686262974,1,user7
0.8033441705093594,1,user7
0.8498748652632867,1,user7
0.9682983590055363,1,user7
0.8401316106361898,1,user7
0.7792187826104906,1,user7
0.7336976631541485,1,user7
0.593384557815196,1,user7
0.7341441856512182,1,user7
0.6080882453486546,1,user7
0.7999939760926129,1,user7
0.6347144694095113,1,user7
0.7315153563393199,1,user7
0.6067083466938652,1,user7
0.8636191245481867,1,user7
0.8113840693336755,1,user7
0.5069098478571272,0,user7
0.787686222208471,1,user7
0.6790045886470961,1,user7
0.345166769048324,0,user7
0.39387594235551815,1,user7
0.640976749444544,1,user7
0.6215618181052839,1,user7
0.9946324742435332,1,user7
0.9709754901057143,1,user7
0.5924676273230323,1,user7
0.5887150917355406,1,user7
0.5427066339816535,1,user7
0.5960233733464836,1,user7
0.8404241685972338,1,user7
0.8938121419059458,1,user7
0.7092723225029511,1,user7
0.7273024485448278,1,user7
0.7404279686683058,1,user7
0.71989835667928,1,user7
0.6356060318641188,1,user7
0.67034227592067,1,user7
0.43336358090504257,1,user7
0.6301200745307116,1,user7
0.6250496512824859,1,user7
0.6894664576268384,1,user7
0.802193584002747,0,user7
0.4608098279271363,1,user7
0.7869387134324467,1,user7
0.7988454195870781,1,user7
0.4762428345190866,0,user7
0.7400294755126262,1,user7
0.7331354461163369,1,user7
0.4748556689268595,1,user7
0.7569602816113344,1,user7
0.9035068735168544,1,user7
0.8603298394814417,1,user7
0.8269300876263235,1,user7
0.6450917490115947,1,user7
0.7557510304419262,1,user7
0.9187055621336534,1,user7
0.6248312509239881,1,user7
0.625729089741371,1,user7
0.5368539891916475,0,user7
0.5151415545189945,1,user7
0.7400711549558725,1,user7
0.7269114340383985,1,user7
0.7447179632136246,1,user7
0.838275653779225,1,user7
0.8660461744328461,1,user7
0.7219092219727488,1,user7
0.906599625898853,1,user7
0.6386343843817021,1,user7
0.8628387910137962,1,user7
0.8704947111967041,1,user7
0.3503566947829894,0,user7
0.3183803675295342,1,user7
0.3445768784177352,0,user7
0.7918945985309611,1,user7
0.8608173684460374,1,user7
0.8799592347121197,1,user7
0.919221537343156,1,user7
0.9645125658826988,1,user7
0.47086359726237403,0,user7
0.38776478774900247,1,user7
0.8713713525072796,1,user7
0.9642947668911535,1,user7
0.7883872745985965,1,user7
0.5252799612759368,0,user7
0.49464799038921875,0,user7
0.7170662023708294,1,user7
0.6946375283771992,1,user7
0.6459941098586348,1,user7
0.7998987745070646,1,user7
0.6488604264373482,1,user7
0.5283804808698704,0,user7
0.8024552861296331,1,user7
0.8055041265216009,1,user7
0.8459501092773789,1,user7
0.41916512315202425,1,user7
0.5798358687442725,1,user7
0.5685443483440008,0,user7
0.3609250109845121,0,user7
0.8719251453190814,1,user7
0.9590655533546499,1,user7
0.8927744914302246,1,user7
0.8923092351143517,1,user7
0.30466242123703585,1,user7
0.770222366167277,1,user7
0.7704177405561187,0,user7
0.2448994566999296,0,user7
0.6144122627589359,1,user7
0.5051920097761508,1,user7
0.6135905832014487,1,user7
0.8042814447820709,1,user7
0.5895930400259703,0,user7
0.6396380825296455,1,user7
0.6054015968422161,1,user7
0.5973086073576215,1,user7
0.6614774176318738,1,user7
0.6528312676728584,1,user7
0.4321308282065332,0,user7
0.7373438467308171,1,user7
0.8329299116157993,1,user7
0.8129351268070089,1,user7
0.583499701390272,1,user7
0.9580803621188779,1,user7
0.9725479715428941,1,user7
0.8364369255511169,1,user7
0.6427304394844385,1,user7
0.7759044949263989,1,user7
0.6586605033013403,0,user7
0.3857530302198191,1,user7
0.7959702829332642,1,user7
0.9314105904830746,1,user7
0.8593187826562508,1,user7
0.8739737304188625,1,user7
0.4602685249967351,1,user7
0.2907033357495261,0,user7
0.7643016260093696,1,user7
0.9431385894782514,1,user7
0.9038114333030957,1,user7
0.8881886320814503,1,user7
0.7265630350452299,1,user7
0.7979081917127184,1,user7
0.43041692399968284,1,user7
0.7598424954994393,1,user7
0.6755670125256844,1,user7
0.6570437669065234,1,user7
0.6539887416500717,1,user7
0.8332631696422839,1,user7
0.8413752802441713,1,user7
0.7316216462226743,1,user7
0.8229554563845005,1,user7
0.578562460705687,1,user7
0.9147564541509944,1,user7
0.7419712373677064,1,user7
0.9411416383958563,1,user7
0.827971772329219,1,user7
0.7837367001071358,1,user7
0.34158758350976226,0,user7
0.4182717020470427,1,user7
0.6676967868913791,1,user7
0.41622697495599137,0,user7
0.6707809716972456,1,user7
0.8714102418647374,1,user7
0.9051630544060425,1,user7
0.7002808555445245,1,user7
0.761467046680144,1,user7
0.6766689172116104,0,user7
0.6632613616322416,0,user7
0.6634363201455803,1,user7
0.5763907988357114,1,user7
0.79375387893087,1,user7
0.6831319502524226,1,user7
0.9048646595612408,1,user7
0.8485392848513083,1,user7
0.4198433456997365,0,user7
0.9504898667633073,1,user7
0.8859122891747451,1,user7
0.9169186906215049,1,user7
0.8788710748751067,1,user7
0.6254457136570297,1,user7
0.7354421702535328,1,user7
0.7981845842732104,1,user7
0.759444405839956,1,user7
0.7816477897191563,1,user7
0.35941488782454123,0,user7
0.9435794985346883,1,user7
0.5350892758306213,1,user7
0.6573795908095995,1,user7
0.8796487007420136,1,user7
0.8096607713011247,1,user7
0.7539426839310238,1,user7
0.9097841124548689,1,user7
0.7682471227785812,1,user7
0.9445590843823651,1,user7
0.8023030886730985,1,user7
0.6488420139478029,1,user7
0.8388344365602054,1,user7
0.45142992601587967,0,user7
0.8291569519336272,1,user7
0.8928199832902108,1,user7
0.9628691281738372,1,user7
0.7599822374083774,1,user7
0.9142941661381444,1,user7
0.6283828216080256,1,user7
0.8252066350702693,1,user7
0.9011539570341218,1,user7
0.6857975370942904,1,user7
0.8617783512663989,1,user7
0.7954939802353088,1,user7
0.8060202743322908,1,user7
0.5529700602840852,0,user7
0.7530275154198272,1,user7
0.6041123695450739,1,user7
0.7069182626503678,1,user7
0.9267279986076201,1,user7
0.5083041227356238,1,user7
0.9658495187934132,1,user7
0.7333017219185785,1,user7
0.9498744564863011,1,user7
0.4468236424068146,1,user7
0.7101385692484847,1,user7
0.5348718211159335,1,user7
0.7637584358085944,1,user7
0.8205653656895283,1,user7
0.8875469479306547,1,user7
0.5794127882048099,1,user7
0.9402604140271729,1,user7
0.9683751777728399,1,user7
0.6432802171113526,1,user7
0.8434177250719113,1,user7
0.6737445083512809,1,user7
0.5790722098372033,1,user7
0.5809758211816979,1,user7
0.5997527969188712,1,user7
0.7897682429329653,1,user7
0.7972589647778651,1,user7
0.5311627520612013,1,user7
0.9125448283917739,1,user7
0.9691101350166528,1,user7
0.8683247251306707,1,user7
0.811584325759907,1,user7
0.7958814516501048,1,user7
0.9405878839138623,1,user7
0.6596327154177293,1,user7
0.8085490333455284,1,user7
0.33538056128970334,0,user7
0.8672818946406544,1,user7
0.857543860381899,1,user7
0.897020317261426,1,user7
0.6344467989914675,1,user7
0.6152699060506457,1,user7
0.6438424060509612,1,user7
0.6225915777408592,1,user7
0.5781629060506649,1,user7
0.9293282301180354,1,user7
0.707429843413632,1,user7
0.6221602103552715,1,user7
0.7352585281305921,1,user7
0.423063880109183,1,user7
0.7530097789261851,1,user7
0.6714585666417019,1,user7
0.7198034016341142,1,user7
0.7130128735723228,1,user7
0.8856498168857411,1,user7
0.9689453161423525,1,user7
0.7010008446025187,1,user7
0.8138732549779657,1,user7
0.7028433185308692,1,user7
0.4742972112780136,1,user7
0.5385397430558989,1,user7
0.6284648372543422,1,user7
0.6769369128487932,1,user7
0.5232502657075252,1,user7
0.6291222821467997,1,user7
0.687677215753604,1,user7
0.6601535771538356,1,user7
0.7261768207124474,1,user7
0.6933519845761016,1,user7
0.4999791684063636,0,user7
0.8044511322365026,1,user7
0.6416726280764958,1,user7
0.8213579123204482,1,user7
0.8612837993614726,1,user7
0.8935076953706487,1,user7
0.8425583357958493,1,user7
0.6016930354392647,1,user7
0.6328023536751249,1,user7
0.6504160419399554,0,user7
0.5340887966965806,0,user7
0.8397245055242479,1,user7
0.8944612514573798,1,user7
0.9470876884744289,1,user7
0.750904120611596,1,user7
0.5360148216304652,0,user7
0.7563508354761741,1,user7
0.6596663325830171,0,user7
0.4524530446189553,1,user7
0.6863096829898248,1,user7
0.876420504668703,1,user7
0.8170887326185401,1,user7
0.8724282172377129,1,user7
0.5717022534670358,1,user7
0.7520998397415717,1,user7
0.9762909766534409,1,user7
0.8272568191329118,1,user7
0.9235359713481841,1,user7
0.9819633774347251,1,user7
0.9370515144112797,1,user7
0.8565342369622913,1,user7
0.5698444975168394,1,user7
0.7162812043493553,1,user7
0.6313147368174947,1,user7
0.9073522407298177,1,user7
0.7642060471957821,1,user7
0.5542471096635908,0,user7
0.9628508157793941,1,user7
0.6659779277207878,1,user7
0.7195263437310224,0,user7
0.719261729952028,1,user7
0.6352953027012689,1,user7
0.8635570676813259,1,user7
0.8511417445097221,1,user7
0.7597389608235152,1,user7
0.7572711491299458,1,user7
0.8029876331572812,1,user7
0.5389020084248269,0,user7
0.7743748482085405,1,user7
0.7328319704057055,1,user7
0.7811562251454359,1,user7
0.581783740435852,1,user7
0.7448276173043251,0,user7
0.2943071472300903,1,user7
0.77865772531319,1,user7
0.8394511089607232,1,user7
0.9048814236384681,1,user7
0.5795066791179356,1,user7
0.8390404081652673,1,user7
0.4977431928097468,0,user7
0.5694217132667952,1,user7
0.5648288201096573,1,user7
0.49749848093402443,1,user7
0.5935524576452115,1,user7
0.9556914693375934,1,user7
0.8137595328654145,1,user7
0.2647376701846006,0,user7
0.7842331321087845,1,user7
0.7116407292231787,1,user7
0.6703156989629813,1,user7
0.6473676991079453,1,user7
0.9575940427160223,1,user7
0.6967368291955871,1,user7
0.7325065585381093,1,user7
0.747982961591139,1,user7
0.906585642772695,1,user7
0.787721497310921,1,user7
0.9584457533080636,1,user7
0.7863900763786489,1,user7
0.8849231161543362,1,user7
0.8141194624237845,1,user7
0.5590273447211405,1,user7
0.5680223381456561,1,user7
0.8026538800197401,1,user7
0.8410245729308167,1,user7
0.8970451412868053,1,user7
0.9271374070387387,1,user7
0.7000171676223715,1,user7
0.5958716499648685,1,user7
0.85838516889069,1,user7
0.687461886444942,1,user7
0.877949466703192,1,user7
0.7610253655696011,1,user7
0.6721797126930137,1,user7
0.4890788822630924,1,user7
0.6144596641042231,1,user7
0.7955677641927232,1,user7
0.38261443068266376,0,user7
0.6094222401659707,1,user7
0.7142803999939016,0,user7
0.7111394878380324,0,user7
0.44688294605114653,1,user7
0.6194145322713611,1,user7
0.6252047939134381,1,user7
0.7068704710044305,1,user7
0.6661767190891807,1,user7
0.6095213251444739,1,user7
0.7327306094287837,1,user7
0.6762131426542642,1,user7
0.6479564175873923,1,user7
0.6245940614037095,1,user7
0.49662980606994295,1,user7
0.3063996288125648,1,user7
0.425864024578749,1,user7
0.8585105225306117,1,user7
0.9353236822152313,1,user7
0.8401541215231774,1,user7
0.8543011318020035,1,user7
0.5870438426114112,1,user7
0.4596103800033047,1,user7
0.47835362327942993,1,user7
0.7340835124941149,1,user7
0.7517552245276623,0,user7
0.6343213341990536,1,user7
0.8284801934361433,1,user7
0.8194343111651736,1,user7
0.5219168049881048,1,user7
0.8280590748861666,1,user7
0.7341319369798042,1,user7
0.7793959311509261,1,user7
0.4832537304491886,0,user7
0.6965451748904509,1,user7
0.6318195645917979,1,user7
0.570418703818297,1,user7
0.5378501668349267,1,user7
0.7813215655043069,1,user7
0.8153505603931707,1,user7
0.9407821649530133,1,user7
0.5655479356461834,0,user7
0.4695058406601176,0,user7
0.7727700588486168,1,user7
0.5855046310904138,1,user7
0.5424880318765274,0,user7
0.7211507893949465,0,user7
0.8907931867811751,1,user7
0.2766332693240732,0,user7
0.6609934195392227,1,user7
0.441597348282696,0,user7
0.6782321288469568,0,user7
0.9263675283555907,1,user7
0.7804116663286238,1,user7
0.9717862093385442,1,user7
0.7266743822092461,1,user7
0.7777541287552954,1,user7
0.8678154292277322,1,user7
0.8164391816196135,1,user7
0.9046866563992453,1,user7
0.6305958730863191,1,user7
0.7472655663153531,1,user7
0.7394225317948795,1,user7
0.56413811423993,1,user7
0.6568734534295979,1,user7
0.6888556679762448,1,user7
0.7216219828968831,1,user7
0.8910855860033337,1,user7
0.8540002799386223,1,user7
0.8104785773675861,1,user7
0.8600945246172479,1,user7
0.4986880207094146,1,user7
0.6588787097342536,1,user7
0.6315539632927664,1,user7
0.8343377072404132,1,user7
0.3684352939742314,0,user7
0.4244437842727013,1,user7
0.6395911104251589,1,user7
0.2750052734447687,0,user7
0.8842113261943452,1,user7
0.9832287784038193,1,user7
0.9379894380111493,1,user7
0.9588754542772391,1,user7
0.9643749951871107,1,user7
0.8023567845914908,1,user7
0.6610024138804962,1,user7
0.48404131597359645,1,user7
0.4537075981382289,1,user7
0.7542641719597101,1,user7
0.5110933967487951,1,user7
0.7595963564060579,1,user7
0.551255036628127,0,user7
0.4941636421669481,1,user7
0.593351969445027,0,user7
0.6418688428146799,1,user7
0.770686437992013,1,user7
0.8530161731887735,1,user7
0.8293087340991617,1,user7
0.6560560233879853,1,user7
0.3113079311604931,0,user7
0.6456815654939518,1,user7
0.9053421113003484,1,user7
0.8680502655469344,1,user7
0.8822048294170133,1,user7
0.9032507755236812,1,user7
0.8402039981256174,1,user7
0.7594503766495221,1,user7
0.6384959779215723,1,user7
0.7544811146007554,1,user7
0.5626784633795747,1,user7
0.40007078933671564,1,user7
0.8909399605843936,1,user7
0.7294561253588184,1,user7
0.7077366948492352,0,user7
0.8143591304555243,0,user7
0.7246197852998899,1,user7
0.7747724692148267,1,user7
0.6907807155539382,1,user7
0.6925057958475707,1,user7
0.4141227184824531,1,user7
0.7564454405096012,1,user7
0.9372668535268268,1,user7
0.6479209539252883,1,user7
0.8872594816956049,1,user7
0.7422610421503907,1,user7
0.30042540685288355,0,user7
0.403735869993308,0,user7
0.9569342617090085,1,user7
0.9726913717994644,1,user7
0.9195748967743841,1,user7
0.6524997382112894,1,user7
0.5995817502661099,1,user7
0.934481272327125,1,user7
0.9790954170752273,1,user7
0.6688302433714303,1,user7
0.6748648066738769,1,user7
0.9207843131591344,1,user7
0.8529499253826228,1,user7
0.7883997834990528,1,user7
0.7158342924491775,1,user7
0.8443737944760223,1,user7
0.8478286989785253,1,user7
0.9419153250663594,1,user7
0.7748064957885391,1,user7
0.5921063692314508,1,user7
0.8249506093370689,1,user7
0.8789170252078424,1,user7
0.7874440197680193,1,user7
0.8482403593060395,1,user7
0.8288305142246699,1,user7
0.8697803182758116,1,user7
0.7679503566464383,1,user7
0.8319183768290643,1,user7
0.897420326172304,1,user7
0.9520490549854774,1,user7
0.8628106045722329,1,user7
0.8200062378054417,1,user7
0.7072691239667572,1,user7
0.7373804892758608,1,user7
0.940868532322205,1,user7
0.6670831218761297,1,user7
0.8365874252672679,1,user7
0.23329470009019654,0,user7
0.22638701899153132,0,user7
0.9204175479528026,1,user7
0.6704153447973803,1,user7
0.5690167085848689,0,user7
0.6824408138451085,1,user7
0.6495441002206547,1,user7
0.6714562124086485,1,user7
0.7265127889522088,1,user7
0.31166929133871696,0,user7
0.7364872884051603,1,user7
0.7739270569413459,1,user7
0.7890108328721567,1,user7
0.4862903298757234,0,user7
0.6724527114683725,1,user7
0.6446137292833639,1,user7
0.6385491822074632,1,user7
0.3849193607605961,1,user7
0.7583209660030974,1,user7
0.8514617117775635,1,user7
0.5712594958345995,0,user7
0.7149664847086569,1,user7
0.5925684563223503,1,user7
0.8324205380553051,1,user7
0.5290170234605595,1,user7
0.5275227612739215,0,user7
0.358570311631681,1,user7
0.6740354827371765,1,user7
0.6938765247693537,1,user7
0.6465980844446783,1,user7
0.6856138487853468,1,user7
0.7596507241223452,1,user7
0.92869724122603,1,user7
0.7239677173584834,1,user7
0.38974652575274993,1,user7
0.6838376670414137,1,user7
0.7831246073765676,1,user7
0.9258206232606704,1,user7
0.9578739662256709,1,user7
0.9151883587884739,1,user7
0.8790694436826549,1,user7
0.8976996228721442,1,user7
0.833904729227703,1,user7
0.6064823272578741,1,user7
0.8901515805134865,1,user7
0.8131273792450169,1,user7
0.8945637106566207,1,user7
0.7852392943719769,0,user7
0.8129918055634008,1,user7
0.9614836311821567,1,user7
0.8380544300311877,1,user7
0.5293978639331931,1,user7
0.3988658363481245,1,user7
0.8581823444660078,1,user7
0.5881081865331091,1,user7
0.6772674621321421,1,user7
0.7812932107620355,0,user7
0.7258943460541503,1,user7
0.8247584428694896,1,user7
0.6578840482642362,1,user7
0.4936650441969455,1,user7
0.9230548078984085,1,user7
0.6265142446768948,1,user7
0.7563387244108435,1,user7
0.7500623276542445,1,user7
0.7628654861199913,1,user7
0.9209162443235372,1,user7
0.8274104933872813,1,user7
0.7152414906296646,1,user7
0.7046660659234111,1,user7
0.5029019333035677,0,user7
0.8711427908184278,1,user7
0.7854325245429031,1,user7
0.8416991083037701,1,user7
0.7356374202962375,1,user7
0.8512829534461566,1,user7
0.5452129394859109,1,user7
0.7737538608833814,1,user7
0.8213945346121995,1,user7
0.809681046528335,1,user7
0.7563565669151053,1,user7
0.8796706047511471,1,user7
0.805912806695455,1,user7
0.8421740625388768,1,user7
0.5678205614489256,0,user7
0.6940094052680911,1,user7
0.6631786862485121,1,user7
0.8349183144900415,1,user7
0.8080272880102767,1,user7
0.8116776786307157,1,user7
0.38164195307975723,0,user7
0.36432463073150273,0,user7
0.41526091308857416,1,user7
0.8227552660529649,1,user7
0.8516563158509703,1,user7
0.9608651901122478,1,user7
0.7030806478723466,1,user7
0.35780441722688344,1,user7
0.5554397892805951,0,user7
0.7141455924747602,1,user7
0.6525020242640882,1,user7
0.6605956925207622,1,user7
0.3956099586411188,0,user7
0.8592363146374358,1,user7
0.8187295062567709,1,user7
0.8691820405722097,1,user7
0.8904781120583627,1,user7
0.8692046713770499,1,user7
0.8482441499902634,1,user7
0.8389755050795495,1,user7
0.8727346938676275,1,user7
0.40062173378678345,0,user7
0.8350032359080073,1,user7
0.7544044200109463,1,user7
0.7469213247482247,1,user7
0.9015128975607689,0,user7
0.8977317586565939,1,user7
0.809296079374808,1,user7
0.8629698204074262,1,user7
0.8723333364726107,1,user7
0.871132471912898,1,user7
0.9633459102119319,1,user7
0.7721580677970357,1,user7
0.8663581685916268,1,user7
0.6605366493950601,1,user7
0.7172618395294205,1,user7
0.9759197968278546,1,user7
0.802419295264848,1,user7
0.8494478218480976,1,user7
0.8704273621538264,1,user7
0.9030811351599576,1,user7
0.7631324016390472,1,user7
0.7951784545605206,1,user7
0.8677809194015331,1,user7
0.782569885500346,1,user7
0.823329696431607,1,user7
0.8147546379258658,1,user7
0.8331779422479939,1,user7
0.6297586371456847,1,user7
0.9455298559507818,1,user7
0.982018707866418,1,user7
0.85120246228168,1,user7
0.5777808350374034,1,user7
0.5780219336596364,1,user7
0.9204597020722086,1,user7
0.842714310468222,1,user7
0.8445715418793599,1,user7
0.7664284770863667,1,user7
0.7546491869900815,1,user7
0.8270551898605139,1,user7
0.70813599454591,1,user7
0.29219995916553576,0,user7
0.7947427784399943,1,user7
0.8204763394813708,1,user7
0.941783664611333,1,user7
0.9288118763812887,1,user7
0.9881436720434508,1,user7
0.9265803856796776,1,user7
0.706207737786345,1,user7
0.9335590188279568,1,user7
0.7175765639758753,1,user7
0.9593651370369403,1,user7
0.9260029063356925,1,user7
0.9898320090412729,1,user7
0.9698255265451917,1,user7
0.9765260237170921,1,user7
0.9608906104319384,1,user7
0.9807304791139219,1,user7
0.9004284101878289,1,user7
0.40833339055114554,1,user7
0.6511176334369417,1,user7
0.9612363546774069,1,user7
0.9843318983144809,1,user7
0.9470790608568427,1,user7
0.9064123539440784,1,user7
0.9529438168444786,1,user7
0.9383486139196242,1,user7
0.9640496565529711,1,user7
0.8878599073283913,1,user7
0.952472616223527,1,user7
0.7129465386289432,1,user7
0.8809103016700585,1,user7
0.8504648426953246,1,user7
0.9262217172115376,1,user7
0.7660054980581215,1,user7
0.7243816141696268,1,user7
0.9712823818130742,1,user7
0.8731322694330288,1,user7
0.8643967562750271,1,user7
0.8516813664354302,1,user7
0.9541589827628469,1,user7
0.8538125625613836,1,user7
0.9543415188079001,1,user7
0.8264511128023349,1,user7
0.6235406289196,0,user7
0.7519631594027691,1,user7
0.7768006234502732,1,user7
0.9181148504272272,1,user7
0.8417119482991964,1,user7
0.7496454941978782,1,user7
0.8548197450077383,1,user7
0.992365420023463,1,user7
0.9178568303305045,1,user7
0.9030857290133382,1,user7
0.9472456010521185,1,user7
0.7345318416628552,1,user7
0.9190307419082211,1,user7
0.6678508084591084,1,user7
0.8042842869230041,1,user7
0.8796028716757431,1,user7
0.8658243002601635,1,user7
0.9732552035710347,1,user7
0.8316456500800852,1,user7
0.488958119121738,0,user7
0.6104294514045211,1,user7
0.4585590470119471,1,user7
0.6635835593525085,1,user7
0.7307845970423127,1,user7
0.8607101687456541,1,user7
0.7331454927047428,1,user7
0.752458734614724,1,user7
0.4772755876933855,0,user7
0.7467845643645046,1,user7
0.8064578712418622,1,user7
0.8988120346496228,1,user7
0.7359378289191474,0,user7
0.7110113577515343,1,user7
0.7598600379109325,1,user7
0.6230548029706878,1,user7
0.894115237797105,1,user7
0.6795223128868914,1,user7
0.9335668231567739,1,user7
0.9495304705953582,1,user7
0.5874293204757475,0,user7
0.5230496826838903,0,user7
0.7788760200452618,1,user7
0.7867321077178295,1,user7
0.8150850241323765,1,user7
0.693533468068928,1,user7
0.6207674182620168,1,user7
0.5703854582573639,1,user7
0.9052552567067015,1,user7
0.6485083584195405,1,user7
0.7626309296091542,0,user7
0.724126172218952,1,user7
0.8167588535714896,1,user7
0.8795663186016296,1,user7
0.8130519995614751,1,user7
0.8156163770333987,1,user7
0.8371301078472139,1,user7
0.6003895339370007,1,user7
0.585768540656437,1,user7
0.6160609906795983,1,user7
0.6228823882694687,1,user7
0.8206208793380991,1,user7
0.652960132377756,1,user7
0.9005750446760973,1,user7
0.9424307065178932,1,user7
0.8488052009235755,1,user7
0.9303261349097816,1,user7
0.9354984982097165,1,user7
0.8171747492388931,1,user7
0.616066779811681,1,user7
0.6247667540972784,1,user7
0.8382873819656809,1,user7
0.8883635372326888,1,user7
0.8442525266686853,1,user7
0.7110628021262181,1,user7
0.7037059662140743,1,user7
0.8357660160460658,1,user7
0.9543668354861036,1,user7
0.9211443750351426,1,user7
0.724295155321899,1,user7
0.9351955679353767,1,user7
0.8639317736422303,1,user7
0.6087813675279561,1,user7
0.6738340238815405,1,user7
0.6846126203181088,1,user7
0.8950174114056291,1,user7
0.6012872085675296,1,user7
0.7208065846187275,1,user7
0.6041931604587025,1,user7
0.6590115858029634,1,user7
0.8712276472014879,1,user7
0.8721052819102607,1,user7
0.6542432026055016,1,user7
0.7377964348946765,1,user7
0.6053578113652012,0,user7
0.7091304011466477,1,user7
0.9407169793436517,1,user7
0.9529349461402484,1,user7
0.93459265386764,1,user7
0.9131589935238204,1,user7
0.6164764919614089,1,user7
0.597240391739963,1,user7
0.8268545286034615,1,user7
0.47007556207711637,0,user7
0.3840991951513062,0,user7
0.4870719666886794,1,user7
0.9184314163902448,1,user7
0.7315735990401409,1,user7
0.7357042208204349,1,user7
0.7886034614216894,1,user7
0.9795131421505386,1,user7
0.6138968484664244,1,user7
0.6903009790223139,1,user7
0.662278850245216,1,user7
0.9593791502797359,1,user7
0.9251794282427839,1,user7
0.6937102799029888,1,user7
0.711395951517911,1,user7
0.8362214606712872,1,user7
0.3346516662743729,0,user7
0.5466642584420217,0,user7
0.5656137062836362,1,user7
0.7301075237510541,1,user7
0.7325228711193371,1,user7
0.7140326807733205,1,user7
0.5744558086447796,1,user7
0.8975368351987285,1,user7
0.8721550766091622,1,user7
0.9859609784439809,1,user7
0.8845651539756783,1,user7
0.8666446741038127,1,user7
0.7747453243806942,0,user7
0.35622512642267284,0,user7
0.817508925191009,1,user7
0.6647204716174062,1,user7
0.7724485993573611,1,user7
0.9730546881916038,1,user7
0.7835831419839998,1,user7
0.616586773306102,1,user7
0.7143336661124249,1,user7
0.73732914361796,1,user7
0.38093350850419555,1,user7
0.5471549693057778,1,user7
0.7138506072515831,1,user7
0.6894004908758221,1,user7
0.6480203820708712,1,user7
0.3373377620735277,0,user7
0.5743095383760964,1,user7
0.7526424028712986,1,user7
0.42906908406513544,0,user7
0.7836209392592222,1,user7
0.8766005346878187,1,user7
0.8290254160376317,1,user7
0.26347066988716333,0,user7
0.8943617264285895,1,user7
0.798339261874938,1,user7
0.7308257202130886,1,user7
0.642051724032168,1,user7
0.683545214979238,1,user7
0.9319382951390779,1,user7
0.5872580660384401,1,user7
0.7683714843970155,1,user7
0.44321180384263653,0,user7
0.6303243497544733,1,user7
0.6382430273674173,1,user7
0.9719262348219359,1,user7
0.9261057785741359,1,user7
0.4783682801170718,1,user7
0.8325152637556799,1,user7
0.8169235911188363,1,user7
0.618468227794095,1,user7
0.771904922938036,1,user7
0.7878149332324212,1,user7
0.7117385617625193,1,user7
0.9502906856493664,0,user7
0.831908589962335,1,user7
0.9703649144242846,1,user7
0.5896089946755633,1,user7
0.7134035338359295,1,user7
0.8945213858650894,1,user7
0.7675437560747199,1,user7
0.6466388648120265,1,user7
0.7620557163214757,1,user7
0.7916360864269328,1,user7
0.8037848429236055,1,user7
0.9366590046174412,1,user7
0.909623482893952,1,user7
0.9765914292161343,1,user7
0.8990699871510206,1,user7
0.6146646977468934,1,user7
0.6807722899086838,1,user7
0.6743238424277698,1,user7
0.645768615410955,1,user7
0.6362171678514676,1,user7
0.6105306211364633,1,user7
0.6707138532024364,1,user7
0.7762410299485749,1,user7
0.630983144672027,1,user7
0.6720203341240145,1,user7
0.9431369522473522,1,user7
0.678350138362571,1,user7
0.9573963658730578,1,user7
0.9667293585137564,1,user7
0.8304808182476646,1,user7
0.6193095759726751,1,user7
0.6216611090898192,1,user7
0.765357597066645,1,user7
0.7119321440923243,1,user7
0.28368373807498,1,user7
0.709145312231637,1,user7
0.8565647613572762,1,user7
0.26205969818503655,0,user7
0.8459411532825614,1,user7
0.8965577944858117,1,user7
0.5400661963897119,1,user7
0.3389658537861699,1,user7
0.8167046821069789,1,user7
0.7389205075894867,1,user7
0.6482988743817157,1,user7
0.9093561145104662,1,user7
0.758452910194087,1,user7
0.6198845355471815,1,user7
0.7770618536650744,1,user7
0.8599521274424324,1,user7
0.8743777496222905,1,user7
0.899821898421909,1,user7
0.7245909190963983,1,user7
0.6684377085046165,1,user7
0.6242736464660326,1,user7
0.8037204500530475,1,user7
0.9549499612267709,1,user7
0.9148986742596908,1,user7
0.9489015038545745,1,user7
0.734251053795307,1,user7
0.6763638518965536,1,user7
0.6655023555739699,1,user7
0.5931786104530673,0,user7
0.8244180814430285,1,user7
0.8418289706794913,1,user7
0.3898940220979491,1,user7
0.6374015860197262,1,user7
0.832968416147677,1,user7
0.6014046274402742,1,user7
0.9866564970704372,1,user7
0.8870020393709322,1,user7
0.47100601706469514,1,user7
0.7537379443545573,1,user7
0.5727575190885213,1,user7
0.39922137839874466,1,user7
0.27580058661263235,1,user7
0.9059624641188252,1,user7
0.8567621579575699,1,user7
0.7841509584476181,1,user7
0.5906601149283595,1,user7
0.7784879099973175,1,user7
0.8765303818548356,1,user7
0.9410859924757683,1,user7
0.9502611589854104,1,user7
0.7911013814275063,1,user7
0.6154015149990998,1,user7
0.45021189178690596,1,user7
0.8260032251657484,1,user7
0.6852987561525055,1,user7
0.8746908979384843,1,user7
0.6930582308513887,1,user7
0.8985565553829867,1,user7
0.5861983918339179,1,user7
0.9372364906594982,1,user7
0.8257063271191363,1,user7
0.5787664397568858,1,user7
0.9200768325711851,1,user7
0.8970864495539268,1,user7
0.26672772174701903,0,user7
0.4917985929524288,1,user7
0.6726216995391816,1,user7
0.7523634963003791,1,user7
0.9628799456777329,1,user7
0.4461061787108036,1,user7
0.7007900655879659,1,user7
0.9153591877033689,1,user7
0.5779393260601535,1,user7
0.6061570397002994,1,user7
0.5816615344725233,1,user7
0.7738824009898787,1,user7
0.7103005252400715,1,user7
0.9520641827986329,1,user7
0.745727531309541,1,user7
0.5421842571734519,1,user7
0.7294359415365553,1,user7
0.7551688125527038,1,user7
0.41789433123509406,0,user7
0.75166068380252,1,user7
0.879202176627905,1,user7
0.6910365459632325,1,user7
0.8338695107355484,1,user7
0.6683584469252525,1,user7
0.32027213568545065,0,user7
0.7242427060335241,1,user7
0.7687663933000495,1,user7
0.7806011265998637,1,user7
0.9719854953268862,1,user7
0.5703009571405344,1,user7
0.5601591266045294,1,user7
0.7135746144010352,1,user7
0.31582252627095075,1,user7
0.21413508728622935,1,user7
0.6414171358792707,1,user7
0.7290917953781834,1,user7
0.9308091830003392,1,user7
0.4963087882030021,0,user7
0.8069261039347035,1,user7
0.7650771852796779,1,user7
0.5941032086677336,1,user7
0.4825477315430059,1,user7
0.8334012078530781,1,user7
0.6520049235481392,1,user7
0.5482992052366091,1,user7
0.6833481241342413,1,user7
0.7372973229311555,1,user7
0.4581707874145836,0,user7
0.7792929766779972,1,user7
0.691126554858829,1,user7
0.731797572105375,1,user7
0.8637904859241,1,user7
0.627335804360461,1,user7
0.2642103703901928,1,user7
0.5777361624304328,1,user7
0.4399238183309694,0,user7
0.7265119242120834,1,user7
0.8467676183055328,1,user7
0.8194646424381841,1,user7
0.5913545971389594,0,user7
0.35140694555314783,0,user7
0.40322751156454084,0,user7
0.8449546308233215,1,user7
0.7300790462822948,1,user7
0.816725930442026,1,user7
0.6701676968748733,1,user7
0.5087606285302214,1,user7
0.5712187571230158,0,user7
0.5615354213214018,1,user7
0.5016102948688395,0,user7
0.6052792132820404,1,user7
0.3503505334221573,0,user7
0.47562105108408703,1,user7
0.8458488350358107,1,user7
0.42509286207516267,1,user7
0.4861999422515217,1,user7
0.9509349211009263,1,user7
0.6745674349494993,1,user7
0.5707193326114014,1,user7
0.26772442052084033,1,user7
0.6170073087285757,0,user7
0.7804942499259793,1,user7
0.8744400689208282,1,user7
0.3449347603235366,1,user7
0.5050230197296961,1,user7
0.41155770829911115,1,user7
0.6020749228960366,1,user7
0.676018045232339,1,user7
0.7935122907244204,1,user7
0.5149910052427703,0,user7
0.7479930166457798,1,user7
0.8132429426540378,1,user7
0.6218170832495337,1,user7
0.7232905159869418,1,user7
0.573345598219975,1,user7
0.6051189598009803,1,user7
0.9512431934920058,1,user7
0.7688650768206681,1,user7
0.8346837802211676,1,user7
0.7936503709510072,1,user7
0.2736055034664566,0,user7
0.7309970371466881,1,user7
0.6455233686262974,1,user7
0.8033441705093594,1,user7
0.8498748652632867,1,user7
0.9682983590055363,1,user7
0.8401316106361898,1,user7
0.7792187826104906,1,user7
0.7336976631541485,1,user7
0.593384557815196,1,user7
0.7341441856512182,1,user7
0.6080882453486546,1,user7
0.7999939760926129,1,user7
0.6347144694095113,1,user7
0.7315153563393199,1,user7
0.6067083466938652,1,user7
0.8636191245481867,1,user7
0.8113840693336755,1,user7
0.5069098478571272,0,user7
0.787686222208471,1,user7
0.6790045886470961,1,user7
0.345166769048324,0,user7
0.39387594235551815,1,user7
0.640976749444544,1,user7
0.6215618181052839,1,user7
0.9946324742435332,1,user7
0.9709754901057143,1,user7
0.5924676273230323,1,user7
0.5887150917355406,1,user7
0.5427066339816535,1,user7
0.5960233733464836,1,user7
0.8404241685972338,1,user7
0.8938121419059458,1,user7
0.7092723225029511,1,user7
0.7273024485448278,1,user7
0.7404279686683058,1,user7
0.71989835667928,1,user7
0.6356060318641188,1,user7
0.67034227592067,1,user7
0.43336358090504257,1,user7
0.6301200745307116,1,user7
0.6250496512824859,1,user7
0.6894664576268384,1,user7
0.802193584002747,0,user7
0.4608098279271363,1,user7
0.7869387134324467,1,user7
0.7988454195870781,1,user7
0.4762428345190866,0,user7
0.7400294755126262,1,user7
0.7331354461163369,1,user7
0.4748556689268595,1,user7
0.7569602816113344,1,user7
0.9035068735168544,1,user7
0.8603298394814417,1,user7
0.8269300876263235,1,user7
0.6450917490115947,1,user7
0.7557510304419262,1,user7
0.9187055621336534,1,user7
0.6248312509239881,1,user7
0.625729089741371,1,user7
0.5368539891916475,0,user7
0.5151415545189945,1,user7
0.7400711549558725,1,user7
0.7269114340383985,1,user7
0.7447179632136246,1,user7
0.838275653779225,1,user7
0.8660461744328461,1,user7
0.7219092219727488,1,user7
0.906599625898853,1,user7
0.6386343843817021,1,user7
0.8628387910137962,1,user7
0.8704947111967041,1,user7
0.3503566947829894,0,user7
0.3183803675295342,1,user7
0.3445768784177352,0,user7
0.7918945985309611,1,user7
0.8608173684460374,1,user7
0.8799592347121197,1,user7
0.919221537343156,1,user7
0.9645125658826988,1,user7
0.47086359726237403,0,user7
0.38776478774900247,1,user7
0.8713713525072796,1,user7
0.9642947668911535,1,user7
0.7883872745985965,1,user7
0.5252799612759368,0,user7
0.49464799038921875,0,user7
0.7170662023708294,1,user7
0.6946375283771992,1,user7
0.6459941098586348,1,user7
0.7998987745070646,1,user7
0.6488604264373482,1,user7
0.5283804808698704,0,user7
0.8024552861296331,1,user7
0.8055041265216009,1,user7
0.8459501092773789,1,user7
0.41916512315202425,1,user7
0.5798358687442725,1,user7
0.5685443483440008,0,user7
0.3609250109845121,0,user7
0.8719251453190814,1,user7
0.9590655533546499,1,user7
0.8927744914302246,1,user7
0.8923092351143517,1,user7
0.30466242123703585,1,user7
0.770222366167277,1,user7
0.7704177405561187,0,user7
0.2448994566999296,0,user7
0.6144122627589359,1,user7
0.5051920097761508,1,user7
0.6135905832014487,1,user7
0.8042814447820709,1,user7
0.5895930400259703,0,user7
0.6396380825296455,1,user7
0.6054015968422161,1,user7
0.5973086073576215,1,user7
0.6614774176318738,1,user7
0.6528312676728584,1,user7
0.4321308282065332,0,user7
0.7373438467308171,1,user7
0.8329299116157993,1,user7
0.8129351268070089,1,user7
0.583499701390272,1,user7
0.9580803621188779,1,user7
0.9725479715428941,1,user7
0.8364369255511169,1,user7
0.6427304394844385,1,user7
0.7759044949263989,1,user7
0.6586605033013403,0,user7
0.3857530302198191,1,user7
0.7959702829332642,1,user7
0.9314105904830746,1,user7
0.8593187826562508,1,user7
0.8739737304188625,1,user7
0.4602685249967351,1,user7
0.2907033357495261,0,user7
0.7643016260093696,1,user7
0.9431385894782514,1,user7
0.9038114333030957,1,user7
0.8881886320814503,1,user7
0.7265630350452299,1,user7
0.7979081917127184,1,user7
0.43041692399968284,1,user7
0.7598424954994393,1,user7
0.6755670125256844,1,user7
0.6570437669065234,1,user7
0.6539887416500717,1,user7
0.8332631696422839,1,user7
0.8413752802441713,1,user7
0.7316216462226743,1,user7
0.8229554563845005,1,user7
0.578562460705687,1,user7
0.9147564541509944,1,user7
0.7419712373677064,1,user7
0.9411416383958563,1,user7
0.827971772329219,1,user7
0.7837367001071358,1,user7
0.34158758350976226,0,user7
0.4182717020470427,1,user7
0.6676967868913791,1,user7
0.41622697495599137,0,user7
0.6707809716972456,1,user7
0.8714102418647374,1,user7
0.9051630544060425,1,user7
0.7002808555445245,1,user7
0.761467046680144,1,user7
0.6766689172116104,0,user7
0.6632613616322416,0,user7
0.6634363201455803,1,user7
0.5763907988357114,1,user7
0.79375387893087,1,user7
0.6831319502524226,1,user7
0.9048646595612408,1,user7
0.8485392848513083,1,user7
0.4198433456997365,0,user7
0.9504898667633073,1,user7
0.8859122891747451,1,user7
0.9169186906215049,1,user7
0.8788710748751067,1,user7
0.6254457136570297,1,user7
0.7354421702535328,1,user7
0.7981845842732104,1,user7
0.759444405839956,1,user7
0.7816477897191563,1,user7
0.35941488782454123,0,user7
0.9435794985346883,1,user7
0.5350892758306213,1,user7
0.6573795908095995,1,user7
0.8796487007420136,1,user7
0.8096607713011247,1,user7
0.7539426839310238,1,user7
0.9097841124548689,1,user7
0.7682471227785812,1,user7
0.9445590843823651,1,user7
0.8023030886730985,1,user7
0.6488420139478029,1,user7
0.8388344365602054,1,user7
0.45142992601587967,0,user7
0.8291569519336272,1,user7
0.8928199832902108,1,user7
0.9628691281738372,1,user7
0.7599822374083774,1,user7
0.9142941661381444,1,user7
0.6283828216080256,1,user7
0.8252066350702693,1,user7
0.9011539570341218,1,user7
0.6857975370942904,1,user7
0.8617783512663989,1,user7
0.7954939802353088,1,user7
0.8060202743322908,1,user7
0.5529700602840852,0,user7
0.7530275154198272,1,user7
0.6041123695450739,1,user7
0.7069182626503678,1,user7
0.9267279986076201,1,user7
0.5083041227356238,1,user7
0.9658495187934132,1,user7
0.7333017219185785,1,user7
0.9498744564863011,1,user7
0.4468236424068146,1,user7
0.7101385692484847,1,user7
0.5348718211159335,1,user7
0.7637584358085944,1,user7
0.8205653656895283,1,user7
0.8875469479306547,1,user7
0.5794127882048099,1,user7
0.9402604140271729,1,user7
0.9683751777728399,1,user7
0.6432802171113526,1,user7
0.8434177250719113,1,user7
0.6737445083512809,1,user7
0.5790722098372033,1,user7
0.5809758211816979,1,user7
0.5997527969188712,1,user7
0.7897682429329653,1,user7
0.7972589647778651,1,user7
0.5311627520612013,1,user7
0.9125448283917739,1,user7
0.9691101350166528,1,user7
0.8683247251306707,1,user7
0.811584325759907,1,user7
0.7958814516501048,1,user7
0.9405878839138623,1,user7
0.6596327154177293,1,user7
0.8085490333455284,1,user7
0.33538056128970334,0,user7
0.8672818946406544,1,user7
0.857543860381899,1,user7
0.897020317261426,1,user7
0.6344467989914675,1,user7
0.6152699060506457,1,user7
0.6438424060509612,1,user7
0.6225915777408592,1,user7
0.5781629060506649,1,user7
0.9293282301180354,1,user7
0.707429843413632,1,user7
0.6221602103552715,1,user7
0.7352585281305921,1,user7
0.423063880109183,1,user7
0.7530097789261851,1,user7
0.6714585666417019,1,user7
0.7198034016341142,1,user7
0.7130128735723228,1,user7
0.8856498168857411,1,user7
0.9689453161423525,1,user7
0.7010008446025187,1,user7
0.8138732549779657,1,user7
0.7028433185308692,1,user7
0.4742972112780136,1,user7
0.5385397430558989,1,user7
0.6284648372543422,1,user7
0.6769369128487932,1,user7
0.5232502657075252,1,user7
0.6291222821467997,1,user7
0.687677215753604,1,user7
0.6601535771538356,1,user7
0.7261768207124474,1,user7
0.6933519845761016,1,user7
0.4999791684063636,0,user7
0.8044511322365026,1,user7
0.6416726280764958,1,user7
0.8213579123204482,1,user7
0.8612837993614726,1,user7
0.8935076953706487,1,user7
0.8425583357958493,1,user7
0.6016930354392647,1,user7
0.6328023536751249,1,user7
0.6504160419399554,0,user7
0.5340887966965806,0,user7
0.8397245055242479,1,user7
0.8944612514573798,1,user7
0.9470876884744289,1,user7
0.750904120611596,1,user7
0.5360148216304652,0,user7
0.7563508354761741,1,user7
0.6596663325830171,0,user7
0.4524530446189553,1,user7
0.6863096829898248,1,user7
0.876420504668703,1,user7
0.8170887326185401,1,user7
0.8724282172377129,1,user7
0.5717022534670358,1,user7
0.7520998397415717,1,user7
0.9762909766534409,1,user7
0.8272568191329118,1,user7
0.9235359713481841,1,user7
0.9819633774347251,1,user7
0.9370515144112797,1,user7
0.8565342369622913,1,user7
0.5698444975168394,1,user7
0.7162812043493553,1,user7
0.6313147368174947,1,user7
0.9073522407298177,1,user7
0.7642060471957821,1,user7
0.5542471096635908,0,user7
0.9628508157793941,1,user7
0.6659779277207878,1,user7
0.7195263437310224,0,user7
0.719261729952028,1,user7
0.6352953027012689,1,user7
0.8635570676813259,1,user7
0.8511417445097221,1,user7
0.7597389608235152,1,user7
0.7572711491299458,1,user7
0.8029876331572812,1,user7
0.5389020084248269,0,user7
0.7743748482085405,1,user7
0.7328319704057055,1,user7
0.7811562251454359,1,user7
0.581783740435852,1,user7
0.7448276173043251,0,user7
0.2943071472300903,1,user7
0.77865772531319,1,user7
0.8394511089607232,1,user7
0.9048814236384681,1,user7
0.5795066791179356,1,user7
0.8390404081652673,1,user7
0.4977431928097468,0,user7
0.5694217132667952,1,user7
0.5648288201096573,1,user7
0.49749848093402443,1,user7
0.5935524576452115,1,user7
0.9556914693375934,1,user7
0.8137595328654145,1,user7
0.2647376701846006,0,user7
0.7842331321087845,1,user7
0.7116407292231787,1,user7
0.6703156989629813,1,user7
0.6473676991079453,1,user7
0.9575940427160223,1,user7
0.6967368291955871,1,user7
0.7325065585381093,1,user7
0.747982961591139,1,user7
0.906585642772695,1,user7
0.787721497310921,1,user7
0.9584457533080636,1,user7
0.7863900763786489,1,user7
0.8849231161543362,1,user7
0.8141194624237845,1,user7
0.5590273447211405,1,user7
0.5680223381456561,1,user7
0.8026538800197401,1,user7
0.8410245729308167,1,user7
0.8970451412868053,1,user7
0.9271374070387387,1,user7
0.7000171676223715,1,user7
0.5958716499648685,1,user7
0.85838516889069,1,user7
0.687461886444942,1,user7
0.877949466703192,1,user7
0.7610253655696011,1,user7
0.6721797126930137,1,user7
0.4890788822630924,1,user7
0.6144596641042231,1,user7
0.7955677641927232,1,user7
0.38261443068266376,0,user7
0.6094222401659707,1,user7
0.7142803999939016,0,user7
0.7111394878380324,0,user7
0.44688294605114653,1,user7
0.6194145322713611,1,user7
0.6252047939134381,1,user7
0.7068704710044305,1,user7
0.6661767190891807,1,user7
0.6095213251444739,1,user7
0.7327306094287837,1,user7
0.6762131426542642,1,user7
0.6479564175873923,1,user7
0.6245940614037095,1,user7
0.49662980606994295,1,user7
0.3063996288125648,1,user7
0.425864024578749,1,user7
0.8585105225306117,1,user7
0.9353236822152313,1,user7
0.8401541215231774,1,user7
0.8543011318020035,1,user7
0.5870438426114112,1,user7
0.4596103800033047,1,user7
0.47835362327942993,1,user7
0.7340835124941149,1,user7
0.7517552245276623,0,user7
0.6343213341990536,1,user7
0.8284801934361433,1,user7
0.8194343111651736,1,user7
0.5219168049881048,1,user7
0.8280590748861666,1,user7
0.7341319369798042,1,user7
0.7793959311509261,1,user7
0.4832537304491886,0,user7
0.6965451748904509,1,user7
0.6318195645917979,1,user7
0.570418703818297,1,user7
0.5378501668349267,1,user7
0.7813215655043069,1,user7
0.8153505603931707,1,user7
0.9407821649530133,1,user7
0.5655479356461834,0,user7
0.4695058406601176,0,user7
0.7727700588486168,1,user7
0.5855046310904138,1,user7
0.5424880318765274,0,user7
0.7211507893949465,0,user7
0.8907931867811751,1,user7
0.2766332693240732,0,user7
0.6609934195392227,1,user7
0.441597348282696,0,user7
0.6782321288469568,0,user7
0.9263675283555907,1,user7
0.7804116663286238,1,user7
0.9717862093385442,1,user7
0.7266743822092461,1,user7
0.7777541287552954,1,user7
0.8678154292277322,1,user7
0.8164391816196135,1,user7
0.9046866563992453,1,user7
0.6305958730863191,1,user7
0.7472655663153531,1,user7
0.7394225317948795,1,user7
0.56413811423993,1,user7
0.6568734534295979,1,user7
0.6888556679762448,1,user7
0.7216219828968831,1,user7
0.8910855860033337,1,user7
0.8540002799386223,1,user7
0.8104785773675861,1,user7
0.8600945246172479,1,user7
0.4986880207094146,1,user7
0.6588787097342536,1,user7
0.6315539632927664,1,user7
0.8343377072404132,1,user7
0.3684352939742314,0,user7
0.4244437842727013,1,user7
0.6395911104251589,1,user7
0.2750052734447687,0,user7
0.8842113261943452,1,user7
0.9832287784038193,1,user7
0.9379894380111493,1,user7
0.9588754542772391,1,user7
0.9643749951871107,1,user7
0.8023567845914908,1,user7
0.6610024138804962,1,user7
0.48404131597359645,1,user7
0.4537075981382289,1,user7
0.7542641719597101,1,user7
0.5110933967487951,1,user7
0.7595963564060579,1,user7
0.551255036628127,0,user7
0.4941636421669481,1,user7
0.593351969445027,0,user7
0.6418688428146799,1,user7
0.770686437992013,1,user7
0.8530161731887735,1,user7
0.8293087340991617,1,user7
0.6560560233879853,1,user7
0.3113079311604931,0,user7
0.6456815654939518,1,user7
0.9053421113003484,1,user7
0.8680502655469344,1,user7
0.8822048294170133,1,user7
0.9032507755236812,1,user7
0.8402039981256174,1,user7
0.7594503766495221,1,user7
0.6384959779215723,1,user7
0.7544811146007554,1,user7
0.5626784633795747,1,user7
0.40007078933671564,1,user7
0.8909399605843936,1,user7
0.7294561253588184,1,user7
0.7077366948492352,0,user7
0.8143591304555243,0,user7
0.7246197852998899,1,user7
0.7747724692148267,1,user7
0.6907807155539382,1,user7
0.6925057958475707,1,user7
0.4141227184824531,1,user7
0.7564454405096012,1,user7
0.9372668535268268,1,user7
0.6479209539252883,1,user7
0.8872594816956049,1,user7
0.7422610421503907,1,user7
0.30042540685288355,0,user7
0.403735869993308,0,user7
0.9569342617090085,1,user7
0.9726913717994644,1,user7
0.9195748967743841,1,user7
0.6524997382112894,1,user7
0.5995817502661099,1,user7
0.934481272327125,1,user7
0.9790954170752273,1,user7
0.6688302433714303,1,user7
0.6748648066738769,1,user7
0.9207843131591344,1,user7
0.8529499253826228,1,user7
0.7883997834990528,1,user7
0.7158342924491775,1,user7
0.8443737944760223,1,user7
0.8478286989785253,1,user7
0.9419153250663594,1,user7
0.7748064957885391,1,user7
0.5921063692314508,1,user7
0.8249506093370689,1,user7
0.8789170252078424,1,user7
0.7874440197680193,1,user7
0.8482403593060395,1,user7
0.8288305142246699,1,user7
0.8697803182758116,1,user7
0.7679503566464383,1,user7
0.8319183768290643,1,user7
0.897420326172304,1,user7
0.9520490549854774,1,user7
0.8628106045722329,1,user7
0.8200062378054417,1,user7
0.7072691239667572,1,user7
0.7373804892758608,1,user7
0.940868532322205,1,user7
0.6670831218761297,1,user7
0.8365874252672679,1,user7
0.23329470009019654,0,user7
0.22638701899153132,0,user7
0.9204175479528026,1,user7
0.6704153447973803,1,user7
0.5690167085848689,0,user7
0.6824408138451085,1,user7
0.6495441002206547,1,user7
0.6714562124086485,1,user7
0.7265127889522088,1,user7
0.31166929133871696,0,user7
0.7364872884051603,1,user7
0.7739270569413459,1,user7
0.7890108328721567,1,user7
0.4862903298757234,0,user7
0.6724527114683725,1,user7
0.6446137292833639,1,user7
0.6385491822074632,1,user7
0.3849193607605961,1,user7
0.7583209660030974,1,user7
0.8514617117775635,1,user7
0.5712594958345995,0,user7
0.7149664847086569,1,user7
0.5925684563223503,1,user7
0.8324205380553051,1,user7
0.5290170234605595,1,user7
0.5275227612739215,0,user7
0.358570311631681,1,user7
0.6740354827371765,1,user7
0.6938765247693537,1,user7
0.6465980844446783,1,user7
0.6856138487853468,1,user7
0.7596507241223452,1,user7
0.92869724122603,1,user7
0.7239677173584834,1,user7
0.38974652575274993,1,user7
0.6838376670414137,1,user7
0.7831246073765676,1,user7
0.9258206232606704,1,user7
0.9578739662256709,1,user7
0.9151883587884739,1,user7
0.8790694436826549,1,user7
0.8976996228721442,1,user7
0.833904729227703,1,user7
0.6064823272578741,1,user7
0.8901515805134865,1,user7
0.8131273792450169,1,user7
0.8945637106566207,1,user7
0.7852392943719769,0,user7
0.8129918055634008,1,user7
0.9614836311821567,1,user7
0.8380544300311877,1,user7
0.5293978639331931,1,user7
0.3988658363481245,1,user7
0.8581823444660078,1,user7
0.5881081865331091,1,user7
0.6772674621321421,1,user7
0.7812932107620355,0,user7
0.7258943460541503,1,user7
0.8247584428694896,1,user7
0.6578840482642362,1,user7
0.4936650441969455,1,user7
0.9230548078984085,1,user7
0.6265142446768948,1,user7
0.7563387244108435,1,user7
0.7500623276542445,1,user7
0.7628654861199913,1,user7
0.9209162443235372,1,user7
0.8274104933872813,1,user7
0.7152414906296646,1,user7
0.7046660659234111,1,user7
0.5029019333035677,0,user7
0.8711427908184278,1,user7
0.7854325245429031,1,user7
0.8416991083037701,1,user7
0.7356374202962375,1,user7
0.8512829534461566,1,user7
0.5452129394859109,1,user7
0.7737538608833814,1,user7
0.8213945346121995,1,user7
0.809681046528335,1,user7
0.7563565669151053,1,user7
0.8796706047511471,1,user7
0.805912806695455,1,user7
0.8421740625388768,1,user7
0.5678205614489256,0,user7
0.6940094052680911,1,user7
0.6631786862485121,1,user7
0.8349183144900415,1,user7
0.8080272880102767,1,user7
0.8116776786307157,1,user7
0.38164195307975723,0,user7
0.36432463073150273,0,user7
0.41526091308857416,1,user7
0.8227552660529649,1,user7
0.8516563158509703,1,user7
0.9608651901122478,1,user7
0.7030806478723466,1,user7
0.35780441722688344,1,user7
0.5554397892805951,0,user7
0.7141455924747602,1,user7
0.6525020242640882,1,user7
0.6605956925207622,1,user7
0.3956099586411188,0,user7
0.8592363146374358,1,user7
0.8187295062567709,1,user7
0.8691820405722097,1,user7
0.8904781120583627,1,user7
0.8692046713770499,1,user7
0.8482441499902634,1,user7
0.8389755050795495,1,user7
0.8727346938676275,1,user7
0.40062173378678345,0,user7
0.8350032359080073,1,user7
0.7544044200109463,1,user7
0.7469213247482247,1,user7
0.9015128975607689,0,user7
0.8977317586565939,1,user7
0.809296079374808,1,user7
0.8629698204074262,1,user7
0.8723333364726107,1,user7
0.871132471912898,1,user7
0.9633459102119319,1,user7
0.7721580677970357,1,user7
0.8663581685916268,1,user7
0.6605366493950601,1,user7
0.7172618395294205,1,user7
0.9759197968278546,1,user7
0.802419295264848,1,user7
0.8494478218480976,1,user7
0.8704273621538264,1,user7
0.9030811351599576,1,user7
0.7631324016390472,1,user7
0.7951784545605206,1,user7
0.8677809194015331,1,user7
0.782569885500346,1,user7
0.823329696431607,1,user7
0.8147546379258658,1,user7
0.8331779422479939,1,user7
0.6297586371456847,1,user7
0.9455298559507818,1,user7
0.982018707866418,1,user7
0.85120246228168,1,user7
0.5777808350374034,1,user7
0.5780219336596364,1,user7
0.9204597020722086,1,user7
0.842714310468222,1,user7
0.8445715418793599,1,user7
0.7664284770863667,1,user7
0.7546491869900815,1,user7
0.8270551898605139,1,user7
0.70813599454591,1,user7
0.29219995916553576,0,user7
0.7947427784399943,1,user7
0.8204763394813708,1,user7
0.941783664611333,1,user7
0.9288118763812887,1,user7
0.9881436720434508,1,user7
0.9265803856796776,1,user7
0.706207737786345,1,user7
0.9335590188279568,1,user7
0.7175765639758753,1,user7
0.9593651370369403,1,user7
0.9260029063356925,1,user7
0.9898320090412729,1,user7
0.9698255265451917,1,user7
0.9765260237170921,1,user7
0.9608906104319384,1,user7
0.9807304791139219,1,user7
0.9004284101878289,1,user7
0.40833339055114554,1,user7
0.6511176334369417,1,user7
0.9612363546774069,1,user7
0.9843318983144809,1,user7
0.9470790608568427,1,user7
0.9064123539440784,1,user7
0.9529438168444786,1,user7
0.9383486139196242,1,user7
0.9640496565529711,1,user7
0.8878599073283913,1,user7
0.952472616223527,1,user7
0.7129465386289432,1,user7
0.8809103016700585,1,user7
0.8504648426953246,1,user7
0.9262217172115376,1,user7
0.7660054980581215,1,user7
0.7243816141696268,1,user7
0.9712823818130742,1,user7
0.8731322694330288,1,user7
0.8643967562750271,1,user7
0.8516813664354302,1,user7
0.9541589827628469,1,user7
0.8538125625613836,1,user7
0.9543415188079001,1,user7
0.8264511128023349,1,user7
0.6235406289196,0,user7
0.7519631594027691,1,user7
0.7768006234502732,1,user7
0.9181148504272272,1,user7
0.8417119482991964,1,user7
0.7496454941978782,1,user7
0.8548197450077383,1,user7
0.992365420023463,1,user7
0.9178568303305045,1,user7
0.9030857290133382,1,user7
0.9472456010521185,1,user7
0.7345318416628552,1,user7
0.9190307419082211,1,user7
0.6678508084591084,1,user7
0.8042842869230041,1,user7
0.8796028716757431,1,user7
0.8658243002601635,1,user7
0.9732552035710347,1,user7
0.8316456500800852,1,user7
0.488958119121738,0,user7
0.6104294514045211,1,user7
0.4585590470119471,1,user7
0.6635835593525085,1,user7
0.7307845970423127,1,user7
0.8607101687456541,1,user7
0.7331454927047428,1,user7
0.752458734614724,1,user7
0.4772755876933855,0,user7
0.7467845643645046,1,user7
0.8064578712418622,1,user7
0.8988120346496228,1,user7
0.7359378289191474,0,user7
0.7110113577515343,1,user7
0.7598600379109325,1,user7
0.6230548029706878,1,user7
0.894115237797105,1,user7
0.6795223128868914,1,user7
0.9335668231567739,1,user7
0.9495304705953582,1,user7
0.5874293204757475,0,user7
0.5230496826838903,0,user7
0.7788760200452618,1,user7
0.7867321077178295,1,user7
0.8150850241323765,1,user7
0.693533468068928,1,user7
0.6207674182620168,1,user7
0.5703854582573639,1,user7
0.9052552567067015,1,user7
0.6485083584195405,1,user7
0.7626309296091542,0,user7
0.724126172218952,1,user7
0.8167588535714896,1,user7
0.8795663186016296,1,user7
0.8130519995614751,1,user7
0.8156163770333987,1,user7
0.8371301078472139,1,user7
0.6003895339370007,1,user7
0.585768540656437,1,user7
0.6160609906795983,1,user7
0.6228823882694687,1,user7
0.8206208793380991,1,user7
0.652960132377756,1,user7
0.9005750446760973,1,user7
0.9424307065178932,1,user7
0.8488052009235755,1,user7
0.9303261349097816,1,user7
0.9354984982097165,1,user7
0.8171747492388931,1,user7
0.616066779811681,1,user7
0.6247667540972784,1,user7
0.8382873819656809,1,user7
0.8883635372326888,1,user7
0.8442525266686853,1,user7
0.7110628021262181,1,user7
0.7037059662140743,1,user7
0.8357660160460658,1,user7
0.9543668354861036,1,user7
0.9211443750351426,1,user7
0.724295155321899,1,user7
0.9351955679353767,1,user7
0.8639317736422303,1,user7
0.6087813675279561,1,user7
0.6738340238815405,1,user7
0.6846126203181088,1,user7
0.8950174114056291,1,user7
0.6012872085675296,1,user7
0.7208065846187275,1,user7
0.6041931604587025,1,user7
0.6590115858029634,1,user7
0.8712276472014879,1,user7
0.8721052819102607,1,user7
0.6542432026055016,1,user7
0.7377964348946765,1,user7
0.6053578113652012,0,user7
0.7091304011466477,1,user7
0.9407169793436517,1,user7
0.9529349461402484,1,user7
0.93459265386764,1,user7
0.9131589935238204,1,user7
0.6164764919614089,1,user7
0.597240391739963,1,user7
0.8268545286034615,1,user7
0.47007556207711637,0,user7
0.3840991951513062,0,user7
0.4870719666886794,1,user7
0.9184314163902448,1,user7
0.7315735990401409,1,user7
0.7357042208204349,1,user7
0.7886034614216894,1,user7
0.9795131421505386,1,user7
0.6138968484664244,1,user7
0.6903009790223139,1,user7
0.662278850245216,1,user7
0.9593791502797359,1,user7
0.9251794282427839,1,user7
0.6937102799029888,1,user7
0.711395951517911,1,user7
0.8362214606712872,1,user7
0.3346516662743729,0,user7
0.5466642584420217,0,user7
0.5656137062836362,1,user7
0.7301075237510541,1,user7
0.7325228711193371,1,user7
0.7140326807733205,1,user7
0.5744558086447796,1,user7
0.8975368351987285,1,user7
0.8721550766091622,1,user7
0.9859609784439809,1,user7
0.8845651539756783,1,user7
0.8666446741038127,1,user7
0.7747453243806942,0,user7
0.35622512642267284,0,user7
0.817508925191009,1,user7
0.6647204716174062,1,user7
0.7724485993573611,1,user7
0.9730546881916038,1,user7
0.7835831419839998,1,user7
0.616586773306102,1,user7
0.7143336661124249,1,user7
0.73732914361796,1,user7
0.38093350850419555,1,user7
0.5471549693057778,1,user7
0.7138506072515831,1,user7
0.6894004908758221,1,user7
0.6480203820708712,1,user7
0.3373377620735277,0,user7
0.5743095383760964,1,user7
0.7526424028712986,1,user7
0.42906908406513544,0,user7
0.7836209392592222,1,user7
0.8766005346878187,1,user7
0.8290254160376317,1,user7
0.26347066988716333,0,user7
0.8943617264285895,1,user7
0.798339261874938,1,user7
0.7308257202130886,1,user7
0.642051724032168,1,user7
0.683545214979238,1,user7
0.9319382951390779,1,user7
0.5872580660384401,1,user7
0.7683714843970155,1,user7
0.44321180384263653,0,user7
0.6303243497544733,1,user7
0.6382430273674173,1,user7
0.9719262348219359,1,user7
0.9261057785741359,1,user7
0.4783682801170718,1,user7
0.8325152637556799,1,user7
0.8169235911188363,1,user7
0.618468227794095,1,user7
0.771904922938036,1,user7
0.7878149332324212,1,user7
0.7117385617625193,1,user7
0.9502906856493664,0,user7
0.831908589962335,1,user7
0.9703649144242846,1,user7
0.5896089946755633,1,user7
0.7134035338359295,1,user7
0.8945213858650894,1,user7
0.7675437560747199,1,user7
0.6466388648120265,1,user7
0.7620557163214757,1,user7
0.7916360864269328,1,user7
0.8037848429236055,1,user7
0.9366590046174412,1,user7
0.909623482893952,1,user7
0.9765914292161343,1,user7
0.8990699871510206,1,user7
0.6146646977468934,1,user7
0.6807722899086838,1,user7
0.6743238424277698,1,user7
0.645768615410955,1,user7
0.6362171678514676,1,user7
0.6105306211364633,1,user7
0.6707138532024364,1,user7
0.7762410299485749,1,user7
0.630983144672027,1,user7
0.6720203341240145,1,user7
0.9431369522473522,1,user7
0.678350138362571,1,user7
0.9573963658730578,1,user7
0.9667293585137564,1,user7
0.8304808182476646,1,user7
0.6193095759726751,1,user7
0.6216611090898192,1,user7
0.765357597066645,1,user7
0.7119321440923243,1,user7
0.28368373807498,1,user7
0.709145312231637,1,user7
0.8565647613572762,1,user7
0.26205969818503655,0,user7
0.8459411532825614,1,user7
0.8965577944858117,1,user7
0.5400661963897119,1,user7
0.3389658537861699,1,user7
0.8167046821069789,1,user7
0.7389205075894867,1,user7
0.6482988743817157,1,user7
0.9093561145104662,1,user7
0.758452910194087,1,user7
0.6198845355471815,1,user7
0.7770618536650744,1,user7
0.8599521274424324,1,user7
0.8743777496222905,1,user7
0.899821898421909,1,user7
0.7245909190963983,1,user7
0.6684377085046165,1,user7
0.6242736464660326,1,user7
0.8037204500530475,1,user7
0.9549499612267709,1,user7
0.9148986742596908,1,user7
0.9489015038545745,1,user7
0.734251053795307,1,user7
0.6763638518965536,1,user7
0.6655023555739699,1,user7
0.5931786104530673,0,user7
0.8244180814430285,1,user7
0.8418289706794913,1,user7
0.3898940220979491,1,user7
0.6374015860197262,1,user7
0.832968416147677,1,user7
0.6014046274402742,1,user7
0.9866564970704372,1,user7
0.8870020393709322,1,user7
0.47100601706469514,1,user7
0.7537379443545573,1,user7
0.5727575190885213,1,user7
0.39922137839874466,1,user7
0.27580058661263235,1,user7
0.9059624641188252,1,user7
0.8567621579575699,1,user7
0.7841509584476181,1,user7
0.5906601149283595,1,user7
0.7784879099973175,1,user7
0.8765303818548356,1,user7
0.9410859924757683,1,user7
0.9502611589854104,1,user7
0.7911013814275063,1,user7
0.6154015149990998,1,user7
0.45021189178690596,1,user7
0.8260032251657484,1,user7
0.6852987561525055,1,user7
0.8746908979384843,1,user7
0.6930582308513887,1,user7
0.8985565553829867,1,user7
0.5861983918339179,1,user7
0.9372364906594982,1,user7
0.8257063271191363,1,user7
0.4411342233209803,1,user9
0.29283529104279754,0,user9
0.5695001231044645,1,user9
0.45350468873354877,1,user9
0.47542208527178775,1,user9
0.21144395224990495,0,user9
0.3041792983422525,0,user9
0.38244973468884624,1,user9
0.6266365290511281,1,user9
0.5497644348393691,1,user9
0.5569377782186752,1,user9
0.9491201873126193,1,user9
0.3404451814246104,0,user9
0.352944763906406,1,user9
0.7095408304697055,1,user9
0.36142505449796203,1,user9
0.35630353609125076,0,user9
0.8601940869747048,1,user9
0.9410216097590107,1,user9
0.7493921018908597,1,user9
0.8578054846665585,1,user9
0.7772715804452981,1,user9
0.5214378870939015,1,user9
0.4047529176803834,1,user9
0.3941795737448595,0,user9
0.44868223605750196,1,user9
0.40265328546306084,1,user9
0.6762171988266916,0,user9
0.57995792385467,1,user9
0.5137629083670108,1,user9
0.37968856289167363,0,user9
0.5565980475641411,0,user9
0.4322290493418778,1,user9
0.5337019260627948,1,user9
0.8122244822408562,1,user9
0.369426320356097,1,user9
0.8495539127805435,1,user9
0.5312805088296779,1,user9
0.47626627887218004,1,user9
0.6116330340216676,1,user9
0.347133439033562,0,user9
0.35098032173042293,0,user9
0.528140695928259,1,user9
0.5280238881721131,1,user9
0.3586399133225134,0,user9
0.8811034627325522,1,user9
0.4646106515252262,1,user9
0.3958964125730803,1,user9
0.5772967545189416,1,user9
0.6102116886935677,1,user9
0.5707217759938985,1,user9
0.6285743578805627,1,user9
0.9404248339116571,1,user9
0.47563192843635776,1,user9
0.42163954669349385,1,user9
0.4539012090575589,1,user9
0.7296525565651074,1,user9
0.7006689881132953,1,user9
0.8213200157571506,1,user9
0.45119968701826935,1,user9
0.7934790002591413,1,user9
0.9121108158517549,1,user9
0.6342228796271681,1,user9
0.5318463265028487,1,user9
0.5245433910302989,1,user9
0.36680626676655065,0,user9
0.531648857319952,1,user9
0.4700250356714596,1,user9
0.5166273700867712,1,user9
0.515075021423548,1,user9
0.3301749179503751,0,user9
0.7135949210783813,1,user9
0.6255158040574825,1,user9
0.4374691014046637,0,user9
0.5601800512932443,1,user9
0.7048956431509457,1,user9
0.5136714445292133,1,user9
0.9021051852683878,1,user9
0.6616202901316427,1,user9
0.7886484398802011,1,user9
0.5416789148945582,1,user9
0.8635955529651876,0,user9
0.37736085266889163,1,user9
0.7591316073102532,1,user9
0.5495079103007744,1,user9
0.518123923571912,1,user9
0.8919065682726072,1,user9
0.5053725027864094,1,user9
0.6456888380779773,1,user9
0.9796335920719438,1,user9
0.5748869859311683,1,user9
0.38078890228918844,1,user9
0.4780377628817229,0,user9
0.3801353509029824,0,user9
0.6972270427497934,1,user9
0.601884687925233,1,user9
0.5378042587892701,1,user9
0.6803274508901505,1,user9
0.41534197127693095,0,user9
0.5792945295178289,1,user9
0.38131249644144777,1,user9
0.602924017720782,1,user9
0.9175312527927316,1,user9
0.4581895890116447,1,user9
0.5148990754615896,1,user9
0.7272404268518924,0,user9
0.7566807682132702,0,user9
0.979206615390483,1,user9
0.6151771540815814,1,user9
0.531007292346386,1,user9
0.5626163988352114,1,user9
0.36296733484567156,1,user9
0.561354868801874,1,user9
0.7437534993357907,1,user9
0.38511691506008877,1,user9
0.7302468899908607,1,user9
0.7661481669700412,1,user9
0.4423218523361901,1,user9
0.3323964575070018,0,user9
0.5113185298282279,1,user9
0.5921947251971551,1,user9
0.4120671269605814,1,user9
0.6537315627716854,1,user9
0.38213860265925137,1,user9
0.5447243451834486,1,user9
0.5186157926258108,1,user9
0.4309158710748226,1,user9
0.5818114219696477,1,user9
0.4991675231186606,1,user9
0.47842947886115395,1,user9
0.7041188303765203,1,user9
0.45948399941332213,1,user9
0.8003676072327742,1,user9
0.9890396667950101,1,user9
0.7576838492207651,1,user9
0.5690050384434964,1,user9
0.5305451720898591,1,user9
0.9711475532605575,1,user9
0.5237091824061413,1,user9
0.7086972696014829,1,user9
0.44610944753837867,1,user9
0.4882278452190433,1,user9
0.8550298064284731,1,user9
0.6329514853575473,1,user9
0.3698155344938674,0,user9
0.4342989944632451,1,user9
0.7019007315628161,1,user9
0.32765083541430534,1,user9
0.47169470915511047,1,user9
0.5551213053373611,1,user9
0.8659091653323446,1,user9
0.7892806791576965,1,user9
0.5704103441798976,1,user9
0.8407065955452531,1,user9
0.60225431925634,1,user9
0.3874095173880294,1,user9
0.489229726410626,1,user9
0.41953265866254275,1,user9
0.9838709865531117,1,user9
0.7764345020496447,1,user9
0.8955934033896721,1,user9
0.7583150643262719,1,user9
0.8174359694237937,1,user9
0.5374410406633785,1,user9
0.9020823139340414,1,user9
0.5780702969664083,1,user9
0.5314895602896139,1,user9
0.7785781965696232,1,user9
0.7042254161172301,1,user9
0.6225180967649332,1,user9
0.7361878829280014,1,user9
0.9568953707481078,1,user9
0.4516420313829098,1,user9
0.4576801511188628,1,user9
0.9263040898985229,1,user9
0.38166119948888877,1,user9
0.5372701018817132,1,user9
0.6889835517806051,1,user9
0.49025311211648315,1,user9
0.7434786077692697,0,user9
0.36105687828803346,0,user9
0.6529364852630403,0,user9
0.49169859364075347,0,user9
0.35235623184112624,0,user9
0.5429038671439657,1,user9
0.48371597085908224,0,user9
0.5055777767995897,1,user9
0.535374236721877,1,user9
0.7913284399436862,1,user9
0.4428360702358962,1,user9
0.5433797085170108,1,user9
0.6468275585963795,1,user9
0.4275237994652827,1,user9
0.45296143697450203,1,user9
0.4640152574503531,1,user9
0.7800401412591618,1,user9
0.4708965106093354,1,user9
0.5357694193511547,1,user9
0.6002241428014613,1,user9
0.6637919769724917,1,user9
0.6998310480145485,1,user9
0.6019697397816568,1,user9
0.7303659811551606,0,user9
0.5267915166650993,1,user9
0.48601731919204605,1,user9
0.46322821940716263,1,user9
0.47914678638687447,1,user9
0.8991045493296573,1,user9
0.5287957864655881,1,user9
0.4084136333757867,0,user9
0.7098980454412438,1,user9
0.7481686971408796,1,user9
0.6502675845168895,1,user9
0.5414409373133237,1,user9
0.3657718612033594,0,user9
0.7497308963184915,1,user9
0.7179537074706934,1,user9
0.6387875112592653,1,user9
0.7210973673916783,1,user9
0.47219050818581065,1,user9
0.4474248310990481,1,user9
0.6637711920230237,1,user9
0.5053108172189723,1,user9
0.4670103295092018,1,user9
0.41301267917208434,1,user9
0.9166134391489507,1,user9
0.6648415960786871,1,user9
0.5892734423982539,1,user9
0.4813957242333566,1,user9
0.43250300193714797,1,user9
0.23233264534674217,0,user9
0.4593221775972856,1,user9
0.49659482277592676,1,user9
0.465339561217923,1,user9
0.5135487216047856,1,user9
0.42333949651328495,1,user9
0.549219023664083,1,user9
0.4005286590239209,0,user9
0.3020325972126454,1,user9
0.6504351084697858,1,user9
0.8107489094030879,1,user9
0.7255888927213932,1,user9
0.9140792934822533,1,user9
0.5226363809812754,1,user9
0.5840397767710771,1,user9
0.7398754372887181,1,user9
0.908648898862826,1,user9
0.8610486234338309,1,user9
0.61340033690774,0,user9
0.42951327104040343,1,user9
0.49598145368268604,1,user9
0.46259467235935176,1,user9
0.4382777857383718,1,user9
0.42752982808404016,1,user9
0.5541391406104433,1,user9
0.6803655430969654,1,user9
0.584932919944951,1,user9
0.6675781121098355,1,user9
0.6542162956340979,1,user9
0.9336408425473386,1,user9
0.72814534965225,1,user9
0.45022567552952486,1,user9
0.5213453391044478,0,user9
0.7317507825125127,1,user9
0.713305607379622,1,user9
0.4660693065507169,1,user9
0.4842835858819567,1,user9
0.6603472830879089,1,user9
0.5656619502736651,1,user9
0.5258343566484698,1,user9
0.6533168391557019,1,user9
0.5300970262804124,1,user9
0.525720625518154,1,user9
0.6387934877351881,1,user9
0.923692294100833,1,user9
0.6954301337484629,1,user9
0.5682103814071795,1,user9
0.7791098057433214,1,user9
0.699884388228135,1,user9
0.7215155614916657,1,user9
0.33480631534578015,0,user9
0.628839913631313,1,user9
0.7780231237175774,1,user9
0.5029807641852513,1,user9
0.3587724450142793,1,user9
0.6979212983046035,1,user9
0.4935523962326249,1,user9
0.5946062697110754,1,user9
0.8351894230839042,1,user9
0.5837456436306031,1,user9
0.6466648546083958,1,user9
0.479875932653724,1,user9
0.5250386823237031,1,user9
0.6413337322816328,1,user9
0.9760765987018132,1,user9
0.7287584683508597,1,user9
0.49390395005892884,1,user9
0.48840755781304024,1,user9
0.8162187674106924,1,user9
0.9625282732583431,1,user9
0.6042508605451197,1,user9
0.5529072889255608,1,user9
0.5667083474884944,1,user9
0.5129885955837555,1,user9
0.590059442049775,1,user9
0.5284034349085465,1,user9
0.9265064877936511,1,user9
0.6318567297921762,1,user9
0.7934003445612958,0,user9
0.7525466394082794,1,user9
0.5097337879332653,1,user9
0.5385293312842868,1,user9
0.4592487560095247,1,user9
0.6963899758005074,1,user9
0.8184545561217774,1,user9
0.852276214359444,1,user9
0.6799206845551236,1,user9
0.3424546033598029,0,user9
0.2700505203758554,0,user9
0.47221437234323704,1,user9
0.8708519083850725,1,user9
0.5181357634632612,1,user9
0.4771390802063226,1,user9
0.6442473907641909,1,user9
0.5366516969524935,0,user9
0.4083048500612555,1,user9
0.4929313447274544,1,user9
0.48568225721585484,1,user9
0.5206987682630467,1,user9
0.46221629865213876,1,user9
0.4683131077409248,1,user9
0.30086641320964447,1,user9
0.37070372489124837,0,user9
0.5269438061541174,1,user9
0.5645006966519512,1,user9
0.46486090678489933,1,user9
0.6000710001406111,1,user9
0.4954681532465737,1,user9
0.45994500651968057,1,user9
0.5522900946040215,1,user9
0.6087996545866476,1,user9
0.5377237833315843,1,user9
0.6100951374900753,1,user9
0.8206552710486729,1,user9
0.648048821009823,1,user9
0.8982026396879059,1,user9
0.49789048576076467,1,user9
0.30300112841707566,0,user9
0.3245897028953679,0,user9
0.537992283648541,1,user9
0.49594076227477757,1,user9
0.7891149136004728,1,user9
0.34281862437604993,0,user9
0.5127828298836882,0,user9
0.4219111561312603,1,user9
0.4338539277452803,1,user9
0.7341526550030139,0,user9
0.5021720204870569,1,user9
0.4707243333576393,1,user9
0.5225945719533648,1,user9
0.7465829542485847,0,user9
0.3045663902752158,1,user9
0.5259558139642605,1,user9
0.7072084631629586,1,user9
0.5855024969508723,1,user9
0.39819233636913254,1,user9
0.4989257446487473,1,user9
0.4632644458104187,1,user9
0.5429059926875576,1,user9
0.8612497505710759,1,user9
0.4605009947562062,1,user9
0.4758104760822324,1,user9
0.44425746611035677,1,user9
0.5336494238601532,1,user9
0.4670767404298681,1,user9
0.444970066541837,1,user9
0.35995950214564665,1,user9
0.42338800603322324,1,user9
0.9020235548525655,0,user9
0.4860112266856354,1,user9
0.45192420664784383,1,user9
0.6986515452118676,1,user9
0.6093325039041763,1,user9
0.5560925938585738,1,user9
0.8603345042368493,1,user9
0.7117383499865175,1,user9
0.5882244769284243,0,user9
0.789627452109017,1,user9
0.300155117061801,0,user9
0.6539908237603099,1,user9
0.836717032711629,1,user9
0.5279678417111406,1,user9
0.7327729586871453,1,user9
0.24970952973433327,0,user9
0.3523650309480549,0,user9
0.31692919190169644,0,user9
0.3546639621416843,1,user9
0.48365199257223884,1,user9
0.46698128473112743,0,user9
0.9564562495777277,1,user9
0.8280497187287282,1,user9
0.5652330823431228,1,user9
0.520362334745044,1,user9
0.4469883502934303,1,user9
0.510883737296634,1,user9
0.4171216909898413,1,user9
0.8516607168319839,1,user9
0.38746063720583074,1,user9
0.6858060355457397,1,user9
0.3966097832314135,0,user9
0.5101517060273271,1,user9
0.5088967113052335,1,user9
0.4783562199650231,1,user9
0.5620334626559688,1,user9
0.4655407769862622,1,user9
0.7046809725149422,1,user9
0.5066356896067233,1,user9
0.6253223354345259,1,user9
0.5404883109014946,1,user9
0.5261800453344966,1,user9
0.6184393065596089,1,user9
0.517838832336397,1,user9
0.44855726476916896,1,user9
0.5843422993571603,1,user9
0.6757106325602322,1,user9
0.32153330492495225,1,user9
0.3049095736125173,0,user9
0.4899847460021635,0,user9
0.7044880990662931,0,user9
0.4592611568642571,0,user9
0.8107368287975314,0,user9
0.49138403546984827,1,user9
0.7690099808853132,0,user9
0.712788514489731,1,user9
0.8756666891017132,1,user9
0.7222861447264465,1,user9
0.3825032939768352,0,user9
0.5112110268567466,1,user9
0.8263342712612305,1,user9
0.8548790678478239,1,user9
0.2685740429972028,1,user9
0.20351674374332382,1,user9
0.5099760455230627,1,user9
0.5630428778972438,1,user9
0.6100867912470165,1,user9
0.7747508633504793,1,user9
0.43580652985323515,1,user9
0.33169611966632334,0,user9
0.7855406756144482,1,user9
0.3386240928929583,0,user9
0.8053582930935945,0,user9
0.2835236178574043,1,user9
0.4900744769259178,1,user9
0.3823927469715654,0,user9
0.42651457626846706,1,user9
0.4215580271088121,1,user9
0.76210921728903,1,user9
0.7565504844378624,1,user9
0.8078594790405293,1,user9
0.8729622267356406,1,user9
0.6349531283358507,1,user9
0.7236373000987717,1,user9
0.7025669760927983,1,user9
0.38482204810215337,0,user9
0.37573371410501094,1,user9
0.4434159370915418,1,user9
0.6338096782909819,1,user9
0.28110384613191286,1,user9
0.5944137178734825,1,user9
0.5211483274974084,1,user9
0.5517473239756385,1,user9
0.740189612799538,1,user9
0.6470893077432702,1,user9
0.454890919028947,1,user9
0.4128902801562294,1,user9
0.7874012682311903,1,user9
0.8747939028494347,1,user9
0.46216858311013354,1,user9
0.6198654672621287,1,user9
0.536449368659643,1,user9
0.7070315028405278,1,user9
0.6002066528037009,1,user9
0.5915739054720586,1,user9
0.4758692223130597,1,user9
0.467292308704489,1,user9
0.6565009562523881,1,user9
0.9873455011219777,1,user9
0.9020672452048014,1,user9
0.4415220238519959,1,user9
0.42224304654510914,1,user9
0.5851293277982696,1,user9
0.5710557160162596,1,user9
0.4309227016359558,1,user9
0.47647859447301066,1,user9
0.6721002236356964,1,user9
0.7030918954192322,1,user9
0.5290368998635656,1,user9
0.7998500215571617,1,user9
0.52227983198945,1,user9
0.4493129180984663,1,user9
0.7679377429234959,1,user9
0.70812103549147,1,user9
0.37356017871355096,1,user9
0.33262631009773064,1,user9
0.5878441833105771,1,user9
0.21706326252698527,0,user9
0.5406557598494124,1,user9
0.5750703886555459,1,user9
0.6137772056506867,1,user9
0.5206345375998838,1,user9
0.5224079204704078,1,user9
0.59261926830957,1,user9
0.4996977616989269,1,user9
0.6156574102586074,1,user9
0.6349173637643198,1,user9
0.4675029917785005,1,user9
0.28844381564728744,0,user9
0.5407659610388951,1,user9
0.4246086422913477,1,user9
0.9462403586284894,1,user9
0.8028345032081223,1,user9
0.4438395564678724,1,user9
0.5185666719073803,1,user9
0.4904480071443091,1,user9
0.46522691634369345,1,user9
0.5803318984615136,1,user9
0.39254153486581805,0,user9
0.3630088867766453,1,user9
0.6027803674855362,0,user9
0.4232626591432006,1,user9
0.4040836416557451,1,user9
0.40281222409375494,1,user9
0.5841353178301358,1,user9
0.43358730143371077,1,user9
0.44511991489729574,0,user9
0.6973106775078534,1,user9
0.47299461386862035,1,user9
0.590250843999053,1,user9
0.4108036384035214,1,user9
0.3108397768573552,1,user9
0.646545264414173,1,user9
0.828390885883615,1,user9
0.7827948964000724,1,user9
0.8135262523805036,1,user9
0.8646348176731022,1,user9
0.745018768809241,1,user9
0.7333390472149869,1,user9
0.9272396978051762,1,user9
0.5989614365840084,1,user9
0.45144842140970076,0,user9
0.42516571788791857,0,user9
0.5899565029756406,1,user9
0.5200819809486961,1,user9
0.2805259446420588,0,user9
0.5749512180080769,1,user9
0.7960991320705592,1,user9
0.6875518972347823,1,user9
0.5101109370775373,1,user9
0.7536850462237044,1,user9
0.5807924634192282,1,user9
0.5130026168938724,1,user9
0.5027314899011148,1,user9
0.5946844092532435,1,user9
0.6463178886550939,1,user9
0.732755980040046,1,user9
0.7284495058972987,1,user9
0.7765365433279915,1,user9
0.8669599379292882,1,user9
0.5247999734223976,1,user9
0.5701886624866102,1,user9
0.5406218459137174,1,user9
0.7771312786990842,1,user9
0.6001970958478546,1,user9
0.6431391909752581,1,user9
0.5631538679135192,1,user9
0.32748932971094524,0,user9
0.65501759508154,1,user9
0.5367963943458905,1,user9
0.5977398170562488,1,user9
0.7735469832909287,1,user9
0.7532080745820895,1,user9
0.6765093677025869,1,user9
0.5228640776300315,0,user9
0.4568746653530355,1,user9
0.9325412843339884,1,user9
0.37140393744085304,1,user9
0.5607214408344129,1,user9
0.511871800330709,1,user9
0.47235141709337963,1,user9
0.6225345281435963,1,user9
0.5626139830342568,1,user9
0.5289703074948412,1,user9
0.653561504643842,1,user9
0.4444075578335993,1,user9
0.5246251948467633,1,user9
0.3434012974030708,1,user9
0.8066519140726808,1,user9
0.4411342233209803,1,user9
0.29283529104279754,0,user9
0.5695001231044645,1,user9
0.45350468873354877,1,user9
0.47542208527178775,1,user9
0.21144395224990495,0,user9
0.3041792983422525,0,user9
0.38244973468884624,1,user9
0.6266365290511281,1,user9
0.5497644348393691,1,user9
0.5569377782186752,1,user9
0.9491201873126193,1,user9
0.3404451814246104,0,user9
0.352944763906406,1,user9
0.7095408304697055,1,user9
0.36142505449796203,1,user9
0.35630353609125076,0,user9
0.8601940869747048,1,user9
0.9410216097590107,1,user9
0.7493921018908597,1,user9
0.8578054846665585,1,user9
0.7772715804452981,1,user9
0.5214378870939015,1,user9
0.4047529176803834,1,user9
0.3941795737448595,0,user9
0.44868223605750196,1,user9
0.40265328546306084,1,user9
0.6762171988266916,0,user9
0.57995792385467,1,user9
0.5137629083670108,1,user9
0.37968856289167363,0,user9
0.5565980475641411,0,user9
0.4322290493418778,1,user9
0.5337019260627948,1,user9
0.8122244822408562,1,user9
0.369426320356097,1,user9
0.8495539127805435,1,user9
0.5312805088296779,1,user9
0.47626627887218004,1,user9
0.6116330340216676,1,user9
0.347133439033562,0,user9
0.35098032173042293,0,user9
0.528140695928259,1,user9
0.5280238881721131,1,user9
0.3586399133225134,0,user9
0.8811034627325522,1,user9
0.4646106515252262,1,user9
0.3958964125730803,1,user9
0.5772967545189416,1,user9
0.6102116886935677,1,user9
0.5707217759938985,1,user9
0.6285743578805627,1,user9
0.9404248339116571,1,user9
0.47563192843635776,1,user9
0.42163954669349385,1,user9
0.4539012090575589,1,user9
0.7296525565651074,1,user9
0.7006689881132953,1,user9
0.8213200157571506,1,user9
0.45119968701826935,1,user9
0.7934790002591413,1,user9
0.9121108158517549,1,user9
0.6342228796271681,1,user9
0.5318463265028487,1,user9
0.5245433910302989,1,user9
0.36680626676655065,0,user9
0.531648857319952,1,user9
0.4700250356714596,1,user9
0.5166273700867712,1,user9
0.515075021423548,1,user9
0.3301749179503751,0,user9
0.7135949210783813,1,user9
0.6255158040574825,1,user9
0.4374691014046637,0,user9
0.5601800512932443,1,user9
0.7048956431509457,1,user9
0.5136714445292133,1,user9
0.9021051852683878,1,user9
0.6616202901316427,1,user9
0.7886484398802011,1,user9
0.5416789148945582,1,user9
0.8635955529651876,0,user9
0.37736085266889163,1,user9
0.7591316073102532,1,user9
0.5495079103007744,1,user9
0.518123923571912,1,user9
0.8919065682726072,1,user9
0.5053725027864094,1,user9
0.6456888380779773,1,user9
0.9796335920719438,1,user9
0.5748869859311683,1,user9
0.38078890228918844,1,user9
0.4780377628817229,0,user9
0.3801353509029824,0,user9
0.6972270427497934,1,user9
0.601884687925233,1,user9
0.5378042587892701,1,user9
0.6803274508901505,1,user9
0.41534197127693095,0,user9
0.5792945295178289,1,user9
0.38131249644144777,1,user9
0.602924017720782,1,user9
0.9175312527927316,1,user9
0.4581895890116447,1,user9
0.5148990754615896,1,user9
0.7272404268518924,0,user9
0.7566807682132702,0,user9
0.979206615390483,1,user9
0.6151771540815814,1,user9
0.531007292346386,1,user9
0.5626163988352114,1,user9
0.36296733484567156,1,user9
0.561354868801874,1,user9
0.7437534993357907,1,user9
0.38511691506008877,1,user9
0.7302468899908607,1,user9
0.7661481669700412,1,user9
0.4423218523361901,1,user9
0.3323964575070018,0,user9
0.5113185298282279,1,user9
0.5921947251971551,1,user9
0.4120671269605814,1,user9
0.6537315627716854,1,user9
0.38213860265925137,1,user9
0.5447243451834486,1,user9
0.5186157926258108,1,user9
0.4309158710748226,1,user9
0.5818114219696477,1,user9
0.4991675231186606,1,user9
0.47842947886115395,1,user9
0.7041188303765203,1,user9
0.45948399941332213,1,user9
0.8003676072327742,1,user9
0.9890396667950101,1,user9
0.7576838492207651,1,user9
0.5690050384434964,1,user9
0.5305451720898591,1,user9
0.9711475532605575,1,user9
0.5237091824061413,1,user9
0.7086972696014829,1,user9
0.44610944753837867,1,user9
0.4882278452190433,1,user9
0.8550298064284731,1,user9
0.6329514853575473,1,user9
0.3698155344938674,0,user9
0.4342989944632451,1,user9
0.7019007315628161,1,user9
0.32765083541430534,1,user9
0.47169470915511047,1,user9
0.5551213053373611,1,user9
0.8659091653323446,1,user9
0.7892806791576965,1,user9
0.5704103441798976,1,user9
0.8407065955452531,1,user9
0.60225431925634,1,user9
0.3874095173880294,1,user9
0.489229726410626,1,user9
0.41953265866254275,1,user9
0.9838709865531117,1,user9
0.7764345020496447,1,user9
0.8955934033896721,1,user9
0.7583150643262719,1,user9
0.8174359694237937,1,user9
0.5374410406633785,1,user9
0.9020823139340414,1,user9
0.5780702969664083,1,user9
0.5314895602896139,1,user9
0.7785781965696232,1,user9
0.7042254161172301,1,user9
0.6225180967649332,1,user9
0.7361878829280014,1,user9
0.9568953707481078,1,user9
0.4516420313829098,1,user9
0.4576801511188628,1,user9
0.9263040898985229,1,user9
0.38166119948888877,1,user9
0.5372701018817132,1,user9
0.6889835517806051,1,user9
0.49025311211648315,1,user9
0.7434786077692697,0,user9
0.36105687828803346,0,user9
0.6529364852630403,0,user9
0.49169859364075347,0,user9
0.35235623184112624,0,user9
0.5429038671439657,1,user9
0.48371597085908224,0,user9
0.5055777767995897,1,user9
0.535374236721877,1,user9
0.7913284399436862,1,user9
0.4428360702358962,1,user9
0.5433797085170108,1,user9
0.6468275585963795,1,user9
0.4275237994652827,1,user9
0.45296143697450203,1,user9
0.4640152574503531,1,user9
0.7800401412591618,1,user9
0.4708965106093354,1,user9
0.5357694193511547,1,user9
0.6002241428014613,1,user9
0.6637919769724917,1,user9
0.6998310480145485,1,user9
0.6019697397816568,1,user9
0.7303659811551606,0,user9
0.5267915166650993,1,user9
0.48601731919204605,1,user9
0.46322821940716263,1,user9
0.47914678638687447,1,user9
0.8991045493296573,1,user9
0.5287957864655881,1,user9
0.4084136333757867,0,user9
0.7098980454412438,1,user9
0.7481686971408796,1,user9
0.6502675845168895,1,user9
0.5414409373133237,1,user9
0.3657718612033594,0,user9
0.7497308963184915,1,user9
0.7179537074706934,1,user9
0.6387875112592653,1,user9
0.7210973673916783,1,user9
0.47219050818581065,1,user9
0.4474248310990481,1,user9
0.6637711920230237,1,user9
0.5053108172189723,1,user9
0.4670103295092018,1,user9
0.41301267917208434,1,user9
0.9166134391489507,1,user9
0.6648415960786871,1,user9
0.5892734423982539,1,user9
0.4813957242333566,1,user9
0.43250300193714797,1,user9
0.23233264534674217,0,user9
0.4593221775972856,1,user9
0.49659482277592676,1,user9
0.465339561217923,1,user9
0.5135487216047856,1,user9
0.42333949651328495,1,user9
0.549219023664083,1,user9
0.4005286590239209,0,user9
0.3020325972126454,1,user9
0.6504351084697858,1,user9
0.8107489094030879,1,user9
0.7255888927213932,1,user9
0.9140792934822533,1,user9
0.5226363809812754,1,user9
0.5840397767710771,1,user9
0.7398754372887181,1,user9
0.908648898862826,1,user9
0.8610486234338309,1,user9
0.61340033690774,0,user9
0.42951327104040343,1,user9
0.49598145368268604,1,user9
0.46259467235935176,1,user9
0.4382777857383718,1,user9
0.42752982808404016,1,user9
0.5541391406104433,1,user9
0.6803655430969654,1,user9
0.584932919944951,1,user9
0.6675781121098355,1,user9
0.6542162956340979,1,user9
0.9336408425473386,1,user9
0.72814534965225,1,user9
0.45022567552952486,1,user9
0.5213453391044478,0,user9
0.7317507825125127,1,user9
0.713305607379622,1,user9
0.4660693065507169,1,user9
0.4842835858819567,1,user9
0.6603472830879089,1,user9
0.5656619502736651,1,user9
0.5258343566484698,1,user9
0.6533168391557019,1,user9
0.5300970262804124,1,user9
0.525720625518154,1,user9
0.6387934877351881,1,user9
0.923692294100833,1,user9
0.6954301337484629,1,user9
0.5682103814071795,1,user9
0.7791098057433214,1,user9
0.699884388228135,1,user9
0.7215155614916657,1,user9
0.33480631534578015,0,user9
0.628839913631313,1,user9
0.7780231237175774,1,user9
0.5029807641852513,1,user9
0.3587724450142793,1,user9
0.6979212983046035,1,user9
0.4935523962326249,1,user9
0.5946062697110754,1,user9
0.8351894230839042,1,user9
0.5837456436306031,1,user9
0.6466648546083958,1,user9
0.479875932653724,1,user9
0.5250386823237031,1,user9
0.6413337322816328,1,user9
0.9760765987018132,1,user9
0.7287584683508597,1,user9
0.49390395005892884,1,user9
0.48840755781304024,1,user9
0.8162187674106924,1,user9
0.9625282732583431,1,user9
0.6042508605451197,1,user9
0.5529072889255608,1,user9
0.5667083474884944,1,user9
0.5129885955837555,1,user9
0.590059442049775,1,user9
0.5284034349085465,1,user9
0.9265064877936511,1,user9
0.6318567297921762,1,user9
0.7934003445612958,0,user9
0.7525466394082794,1,user9
0.5097337879332653,1,user9
0.5385293312842868,1,user9
0.4592487560095247,1,user9
0.6963899758005074,1,user9
0.8184545561217774,1,user9
0.852276214359444,1,user9
0.6799206845551236,1,user9
0.3424546033598029,0,user9
0.2700505203758554,0,user9
0.47221437234323704,1,user9
0.8708519083850725,1,user9
0.5181357634632612,1,user9
0.4771390802063226,1,user9
0.6442473907641909,1,user9
0.5366516969524935,0,user9
0.4083048500612555,1,user9
0.4929313447274544,1,user9
0.48568225721585484,1,user9
0.5206987682630467,1,user9
0.46221629865213876,1,user9
0.4683131077409248,1,user9
0.30086641320964447,1,user9
0.37070372489124837,0,user9
0.5269438061541174,1,user9
0.5645006966519512,1,user9
0.46486090678489933,1,user9
0.6000710001406111,1,user9
0.4954681532465737,1,user9
0.45994500651968057,1,user9
0.5522900946040215,1,user9
0.6087996545866476,1,user9
0.5377237833315843,1,user9
0.6100951374900753,1,user9
0.8206552710486729,1,user9
0.648048821009823,1,user9
0.8982026396879059,1,user9
0.49789048576076467,1,user9
0.30300112841707566,0,user9
0.3245897028953679,0,user9
0.537992283648541,1,user9
0.49594076227477757,1,user9
0.7891149136004728,1,user9
0.34281862437604993,0,user9
0.5127828298836882,0,user9
0.4219111561312603,1,user9
0.4338539277452803,1,user9
0.7341526550030139,0,user9
0.5021720204870569,1,user9
0.4707243333576393,1,user9
0.5225945719533648,1,user9
0.7465829542485847,0,user9
0.3045663902752158,1,user9
0.5259558139642605,1,user9
0.7072084631629586,1,user9
0.5855024969508723,1,user9
0.39819233636913254,1,user9
0.4989257446487473,1,user9
0.4632644458104187,1,user9
0.5429059926875576,1,user9
0.8612497505710759,1,user9
0.4605009947562062,1,user9
0.4758104760822324,1,user9
0.44425746611035677,1,user9
0.5336494238601532,1,user9
0.4670767404298681,1,user9
0.444970066541837,1,user9
0.35995950214564665,1,user9
0.42338800603322324,1,user9
0.9020235548525655,0,user9
0.4860112266856354,1,user9
0.45192420664784383,1,user9
0.6986515452118676,1,user9
0.6093325039041763,1,user9
0.5560925938585738,1,user9
0.8603345042368493,1,user9
0.7117383499865175,1,user9
0.5882244769284243,0,user9
0.789627452109017,1,user9
0.300155117061801,0,user9
0.6539908237603099,1,user9
0.836717032711629,1,user9
0.5279678417111406,1,user9
0.7327729586871453,1,user9
0.24970952973433327,0,user9
0.3523650309480549,0,user9
0.31692919190169644,0,user9
0.3546639621416843,1,user9
0.48365199257223884,1,user9
0.46698128473112743,0,user9
0.9564562495777277,1,user9
0.8280497187287282,1,user9
0.5652330823431228,1,user9
0.520362334745044,1,user9
0.4469883502934303,1,user9
0.510883737296634,1,user9
0.4171216909898413,1,user9
0.8516607168319839,1,user9
0.38746063720583074,1,user9
0.6858060355457397,1,user9
0.3966097832314135,0,user9
0.5101517060273271,1,user9
0.5088967113052335,1,user9
0.4783562199650231,1,user9
0.5620334626559688,1,user9
0.4655407769862622,1,user9
0.7046809725149422,1,user9
0.5066356896067233,1,user9
0.6253223354345259,1,user9
0.5404883109014946,1,user9
0.5261800453344966,1,user9
0.6184393065596089,1,user9
0.517838832336397,1,user9
0.44855726476916896,1,user9
0.5843422993571603,1,user9
0.6757106325602322,1,user9
0.32153330492495225,1,user9
0.3049095736125173,0,user9
0.4899847460021635,0,user9
0.7044880990662931,0,user9
0.4592611568642571,0,user9
0.8107368287975314,0,user9
0.49138403546984827,1,user9
0.7690099808853132,0,user9
0.712788514489731,1,user9
0.8756666891017132,1,user9
0.7222861447264465,1,user9
0.3825032939768352,0,user9
0.5112110268567466,1,user9
0.8263342712612305,1,user9
0.8548790678478239,1,user9
0.2685740429972028,1,user9
0.20351674374332382,1,user9
0.5099760455230627,1,user9
0.5630428778972438,1,user9
0.6100867912470165,1,user9
0.7747508633504793,1,user9
0.43580652985323515,1,user9
0.33169611966632334,0,user9
0.7855406756144482,1,user9
0.3386240928929583,0,user9
0.8053582930935945,0,user9
0.2835236178574043,1,user9
0.4900744769259178,1,user9
0.3823927469715654,0,user9
0.42651457626846706,1,user9
0.4215580271088121,1,user9
0.76210921728903,1,user9
0.7565504844378624,1,user9
0.8078594790405293,1,user9
0.8729622267356406,1,user9
0.6349531283358507,1,user9
0.7236373000987717,1,user9
0.7025669760927983,1,user9
0.38482204810215337,0,user9
0.37573371410501094,1,user9
0.4434159370915418,1,user9
0.6338096782909819,1,user9
0.28110384613191286,1,user9
0.5944137178734825,1,user9
0.5211483274974084,1,user9
0.5517473239756385,1,user9
0.740189612799538,1,user9
0.6470893077432702,1,user9
0.454890919028947,1,user9
0.4128902801562294,1,user9
0.7874012682311903,1,user9
0.8747939028494347,1,user9
0.46216858311013354,1,user9
0.6198654672621287,1,user9
0.536449368659643,1,user9
0.7070315028405278,1,user9
0.6002066528037009,1,user9
0.5915739054720586,1,user9
0.4758692223130597,1,user9
0.467292308704489,1,user9
0.6565009562523881,1,user9
0.9873455011219777,1,user9
0.9020672452048014,1,user9
0.4415220238519959,1,user9
0.42224304654510914,1,user9
0.5851293277982696,1,user9
0.5710557160162596,1,user9
0.4309227016359558,1,user9
0.47647859447301066,1,user9
0.6721002236356964,1,user9
0.7030918954192322,1,user9
0.5290368998635656,1,user9
0.7998500215571617,1,user9
0.52227983198945,1,user9
0.4493129180984663,1,user9
0.7679377429234959,1,user9
0.70812103549147,1,user9
0.37356017871355096,1,user9
0.33262631009773064,1,user9
0.5878441833105771,1,user9
0.21706326252698527,0,user9
0.5406557598494124,1,user9
0.5750703886555459,1,user9
0.6137772056506867,1,user9
0.5206345375998838,1,user9
0.5224079204704078,1,user9
0.59261926830957,1,user9
0.4996977616989269,1,user9
0.6156574102586074,1,user9
0.6349173637643198,1,user9
0.4675029917785005,1,user9
0.28844381564728744,0,user9
0.5407659610388951,1,user9
0.4246086422913477,1,user9
0.9462403586284894,1,user9
0.8028345032081223,1,user9
0.4438395564678724,1,user9
0.5185666719073803,1,user9
0.4904480071443091,1,user9
0.46522691634369345,1,user9
0.5803318984615136,1,user9
0.39254153486581805,0,user9
0.3630088867766453,1,user9
0.6027803674855362,0,user9
0.4232626591432006,1,user9
0.4040836416557451,1,user9
0.40281222409375494,1,user9
0.5841353178301358,1,user9
0.43358730143371077,1,user9
0.44511991489729574,0,user9
0.6973106775078534,1,user9
0.47299461386862035,1,user9
0.590250843999053,1,user9
0.4108036384035214,1,user9
0.3108397768573552,1,user9
0.646545264414173,1,user9
0.828390885883615,1,user9
0.7827948964000724,1,user9
0.8135262523805036,1,user9
0.8646348176731022,1,user9
0.745018768809241,1,user9
0.7333390472149869,1,user9
0.9272396978051762,1,user9
0.5989614365840084,1,user9
0.45144842140970076,0,user9
0.42516571788791857,0,user9
0.5899565029756406,1,user9
0.5200819809486961,1,user9
0.2805259446420588,0,user9
0.5749512180080769,1,user9
0.7960991320705592,1,user9
0.6875518972347823,1,user9
0.5101109370775373,1,user9
0.7536850462237044,1,user9
0.5807924634192282,1,user9
0.5130026168938724,1,user9
0.5027314899011148,1,user9
0.5946844092532435,1,user9
0.6463178886550939,1,user9
0.732755980040046,1,user9
0.7284495058972987,1,user9
0.7765365433279915,1,user9
0.8669599379292882,1,user9
0.5247999734223976,1,user9
0.5701886624866102,1,user9
0.5406218459137174,1,user9
0.7771312786990842,1,user9
0.6001970958478546,1,user9
0.6431391909752581,1,user9
0.5631538679135192,1,user9
0.32748932971094524,0,user9
0.65501759508154,1,user9
0.5367963943458905,1,user9
0.5977398170562488,1,user9
0.7735469832909287,1,user9
0.7532080745820895,1,user9
0.6765093677025869,1,user9
0.5228640776300315,0,user9
0.4568746653530355,1,user9
0.9325412843339884,1,user9
0.37140393744085304,1,user9
0.5607214408344129,1,user9
0.511871800330709,1,user9
0.47235141709337963,1,user9
0.6225345281435963,1,user9
0.5626139830342568,1,user9
0.5289703074948412,1,user9
0.653561504643842,1,user9
0.4444075578335993,1,user9
0.5246251948467633,1,user9
0.3434012974030708,1,user9
0.8066519140726808,1,user9
