tp,fp,tn,fn,accuracy,precision,recall,f1,far,frr
25916,3352,10384,8524,0.7534872135503156,0.8854721880552139,0.7524970963995354,0.813586990644817,0.24403028538147933,0.24750290360046456
