EER,EER_threshold,AUC,n_samples,n_genuine,n_impostor
0.24576659449097193,0.514,0.8255495892513006,48176,34440,13736
