label,score,user_id
1,-0.014082195237278938,s002
1,-0.012068984098732471,s002
1,-0.0057424139231443405,s002
1,-0.0036728596314787865,s002
1,-0.01606854423880577,s002
1,-0.013976886868476868,s002
1,-0.004924905486404896,s002
1,-0.026713406667113304,s002
1,-0.02908364310860634,s002
1,-0.006008641794323921,s002
1,-0.010554800741374493,s002
1,-0.006940224673599005,s002
1,-0.006334260571748018,s002
1,-0.023718731477856636,s002
1,-0.021078232675790787,s002
1,-0.01472752820700407,s002
1,-0.005175437778234482,s002
1,-0.008385874330997467,s002
1,-0.017765121534466743,s002
1,-0.03791888803243637,s002
1,-0.009459107182919979,s002
1,-0.005198282189667225,s002
1,-0.008286263793706894,s002
1,-0.010714057832956314,s002
1,-0.017891742289066315,s002
1,-0.010831539519131184,s002
1,-0.02649039216339588,s002
1,-0.008200064301490784,s002
1,-0.01260436326265335,s002
1,-0.015764877200126648,s002
1,-0.008619562722742558,s002
1,-0.021260909736156464,s002
1,-0.012083734385669231,s002
1,-0.014849088154733181,s002
1,-0.008761417120695114,s002
1,-0.02067764848470688,s002
1,-0.012968860566616058,s002
1,-0.0059877363964915276,s002
1,-0.03591306135058403,s002
1,-0.004947217181324959,s002
1,-0.012652565725147724,s002
1,-0.0069236718118190765,s002
1,-0.02427765727043152,s002
1,-0.010101892985403538,s002
1,-0.016346251592040062,s002
1,-0.015619190409779549,s002
1,-0.036511749029159546,s002
1,-0.012302919290959835,s002
1,-0.01378615852445364,s002
1,-0.0059091392904520035,s002
1,-0.0060102324932813644,s002
1,-0.013942918740212917,s002
1,-0.012958226725459099,s002
1,-0.01087670773267746,s002
1,-0.0020168127957731485,s002
1,-0.016892172396183014,s002
1,-0.0187359806150198,s002
1,-0.0038823639042675495,s002
1,-0.008948256261646748,s002
1,-0.005131417419761419,s002
1,-0.019072141498327255,s002
1,-0.050775185227394104,s002
1,-0.00699783768504858,s002
1,-0.017196720466017723,s002
1,-0.007053178269416094,s002
1,-0.01787341758608818,s002
1,-0.008701536804437637,s002
1,-0.01883617788553238,s002
1,-0.010104154236614704,s002
1,-0.010084588080644608,s002
1,-0.006604155525565147,s002
1,-0.011851112358272076,s002
1,-0.0047402591444551945,s002
1,-0.01601293496787548,s002
1,-0.022360604256391525,s002
1,-0.006720724515616894,s002
1,-0.03068367950618267,s002
1,-0.0023204656317830086,s002
1,-0.0259549543261528,s002
1,-0.008325573988258839,s002
1,-0.004708150401711464,s002
1,-0.007571609690785408,s002
1,-0.052431002259254456,s002
1,-0.00902567058801651,s002
1,-0.009073072113096714,s002
1,-0.008458314463496208,s002
1,-0.03860793635249138,s002
1,-0.006177625618875027,s002
1,-0.0047774529084563255,s002
1,-0.004994438961148262,s002
1,-0.002916943281888962,s002
1,-0.03914177045226097,s002
1,-0.010843688622117043,s002
1,-0.012744078412652016,s002
1,-0.06284629553556442,s002
1,-0.002047100104391575,s002
1,-0.001740652834996581,s002
1,-0.015882907435297966,s002
1,-0.005893186666071415,s002
1,-0.009854773990809917,s002
1,-0.00857827439904213,s002
1,-0.001996268518269062,s002
1,-0.010582330636680126,s002
1,-0.0033347017597407103,s002
1,-0.04025770723819733,s002
1,-0.03832492604851723,s002
1,-0.0552629679441452,s002
1,-0.004381632898002863,s002
1,-0.018915709108114243,s002
1,-0.014640389010310173,s002
1,-0.00732593797147274,s002
1,-0.016621213406324387,s002
1,-0.008972479961812496,s002
1,-0.005627607926726341,s002
1,-0.018220139667391777,s002
1,-0.014376497827470303,s002
1,-0.03377398103475571,s002
1,-0.004575095139443874,s002
1,-0.0034423971083015203,s002
1,-0.011463616974651814,s002
1,-0.011140692979097366,s002
1,-0.010038089007139206,s002
1,-0.03810964524745941,s002
1,-0.005847148131579161,s002
1,-0.006710076704621315,s002
1,-0.017065171152353287,s002
1,-0.02052772231400013,s002
1,-0.00374652654863894,s002
1,-0.019221888855099678,s002
1,-0.0026193230878561735,s002
1,-0.010446750558912754,s002
1,-0.007689310237765312,s002
1,-0.006159083917737007,s002
1,-0.00558380177244544,s002
1,-0.00883084163069725,s002
1,-0.058207470923662186,s002
1,-0.012749379500746727,s002
1,-0.01903720572590828,s002
1,-0.005908195860683918,s002
1,-0.0356992669403553,s002
1,-0.0151144377887249,s002
1,-0.01445329561829567,s002
1,-0.006293060723692179,s002
1,-0.013576065190136433,s002
1,-0.00893745943903923,s002
1,-0.006494266912341118,s002
1,-0.014264295808970928,s002
1,-0.055236659944057465,s002
1,-0.00441591115668416,s002
1,-0.0322222001850605,s002
1,-0.006847471930086613,s002
1,-0.014215742237865925,s002
1,-0.005578061565756798,s002
1,-0.035050489008426666,s002
1,-0.0069045862182974815,s002
1,-0.010323060676455498,s002
1,-0.022171158343553543,s002
1,-0.005882641766220331,s002
1,-0.013036170043051243,s002
1,-0.013648053631186485,s002
1,-0.009366195648908615,s002
1,-0.007157022599130869,s002
1,-0.0077450936660170555,s002
1,-0.005032737273722887,s002
1,-0.007555199787020683,s002
1,-0.0075676762498915195,s002
1,-0.007595320697873831,s002
1,-0.0070795053616166115,s002
1,-0.0063964747823774815,s002
1,-0.021484773606061935,s002
1,-0.01791047677397728,s002
1,-0.01233520358800888,s002
1,-0.004320404026657343,s002
1,-0.012624061666429043,s002
1,-0.007792741060256958,s002
1,-0.03670048713684082,s002
1,-0.014251555316150188,s002
1,-0.01570168510079384,s002
1,-0.007283660117536783,s002
1,-0.007712296210229397,s002
1,-0.006041591055691242,s002
1,-0.006647443398833275,s002
1,-0.02331794984638691,s002
1,-0.025261415168642998,s002
1,-0.006694706156849861,s002
1,-0.009001316502690315,s002
1,-0.015274643898010254,s002
1,-0.0038302065804600716,s002
1,-0.024607563391327858,s002
1,-0.005581049248576164,s002
1,-0.006009379401803017,s002
1,-0.023106804117560387,s002
1,-0.009181121364235878,s002
1,-0.025336025282740593,s002
1,-0.005513973068445921,s002
1,-0.007512932177633047,s002
1,-0.004769694525748491,s002
1,-0.043881818652153015,s002
1,-0.016240902245044708,s002
1,-0.011098124086856842,s002
0,-0.004111759830266237,s002
0,-0.010267024859786034,s002
0,-0.020428335294127464,s002
0,-0.011549416929483414,s002
0,-0.013086817227303982,s002
0,-0.009199759922921658,s002
0,-0.055538032203912735,s002
0,-0.03242996335029602,s002
0,-0.06603462249040604,s002
0,-0.013372299261391163,s002
0,-0.014478315599262714,s002
0,-0.00683602737262845,s002
0,-0.018128247931599617,s002
0,-0.04989473894238472,s002
0,-0.01655159704387188,s002
0,-0.021915536373853683,s002
0,-0.014903775416314602,s002
0,-0.01151279080659151,s002
0,-0.009241590276360512,s002
0,-0.004494469612836838,s002
0,-0.04331009089946747,s002
0,-0.014533473178744316,s002
0,-0.017213143408298492,s002
0,-0.010959330946207047,s002
0,-0.028538541868329048,s002
0,-0.010411052964627743,s002
0,-0.002219753572717309,s002
0,-0.018043849617242813,s002
0,-0.008654925972223282,s002
0,-0.014636733569204807,s002
0,-0.007915666326880455,s002
0,-0.07164575159549713,s002
0,-0.010798333212733269,s002
0,-0.1549655795097351,s002
0,-0.007758192718029022,s002
0,-0.017273906618356705,s002
0,-0.020407550036907196,s002
0,-0.01724342629313469,s002
0,-0.007815840654075146,s002
0,-0.00741929467767477,s002
0,-0.010976152494549751,s002
0,-0.009422939270734787,s002
0,-0.009104031138122082,s002
0,-0.010246742516756058,s002
0,-0.007808462716639042,s002
0,-0.0171493086963892,s002
0,-0.0030328829307109118,s002
0,-0.015105916187167168,s002
0,-0.010404091328382492,s002
0,-0.04512171819806099,s002
0,-0.03737158700823784,s002
0,-0.020663686096668243,s002
0,-0.04073530063033104,s002
0,-0.010570279322564602,s002
0,-0.04315200075507164,s002
0,-0.004129480104893446,s002
0,-0.025708163157105446,s002
0,-0.035811398178339005,s002
0,-0.016266752034425735,s002
0,-0.03093745931982994,s002
0,-0.00797944888472557,s002
0,-0.007722824811935425,s002
0,-0.07119110226631165,s002
0,-0.007668337784707546,s002
0,-0.01838766224682331,s002
0,-0.01092499028891325,s002
0,-0.01207471638917923,s002
0,-0.018521640449762344,s002
0,-0.019801663234829903,s002
0,-0.020591972395777702,s002
0,-0.017819607630372047,s002
0,-0.01635826751589775,s002
0,-0.01259058341383934,s002
0,-0.012454748153686523,s002
0,-0.008208065293729305,s002
0,-0.024829141795635223,s002
0,-0.038452018052339554,s002
0,-0.020044639706611633,s002
0,-0.016572676599025726,s002
0,-0.041569676250219345,s002
0,-0.005426125135272741,s002
0,-0.15596802532672882,s002
0,-0.010286632925271988,s002
0,-0.00909970048815012,s002
0,-0.00802487414330244,s002
0,-0.008134645409882069,s002
0,-0.02410428784787655,s002
0,-0.010133632458746433,s002
0,-0.029247088357806206,s002
0,-0.009048417210578918,s002
0,-0.020821750164031982,s002
0,-0.014336864463984966,s002
0,-0.010700589045882225,s002
0,-0.011744634248316288,s002
0,-0.010790725238621235,s002
0,-0.06878852844238281,s002
0,-0.03118758089840412,s002
0,-0.025114482268691063,s002
0,-0.03909512981772423,s002
0,-0.06963848322629929,s002
0,-0.01016013603657484,s002
0,-0.05669323727488518,s002
0,-0.031242910772562027,s002
0,-0.038434188812971115,s002
0,-0.03627487272024155,s002
0,-0.017687123268842697,s002
0,-0.011200710199773312,s002
0,-0.0030460061971098185,s002
0,-0.0217365100979805,s002
0,-0.008414308540523052,s002
0,-0.012450444512069225,s002
0,-0.007619491778314114,s002
0,-0.003616803325712681,s002
0,-0.01337107177823782,s002
0,-0.011612831614911556,s002
0,-0.013520311564207077,s002
0,-0.013789840042591095,s002
0,-0.01276294607669115,s002
0,-0.020921118557453156,s002
0,-0.01828041672706604,s002
0,-0.015416552312672138,s002
0,-0.029896050691604614,s002
0,-0.017093079164624214,s002
0,-0.01599220000207424,s002
0,-0.03096677176654339,s002
0,-0.009960776194930077,s002
0,-0.004126492887735367,s002
0,-0.18364179134368896,s002
0,-0.028214501217007637,s002
0,-0.005908075254410505,s002
0,-0.010029585100710392,s002
0,-0.012952089309692383,s002
0,-0.004729871172457933,s002
0,-0.015574829652905464,s002
0,-0.010963954031467438,s002
0,-0.010981272906064987,s002
0,-0.010452178306877613,s002
0,-0.024729913100600243,s002
0,-0.010410042479634285,s002
0,-0.019088255241513252,s002
0,-0.042852289974689484,s002
0,-0.0804455503821373,s002
0,-0.03600287064909935,s002
0,-0.019696179777383804,s002
0,-0.022404450923204422,s002
0,-0.06377596408128738,s002
0,-0.010002371855080128,s002
0,-0.009173723869025707,s002
0,-0.024523258209228516,s002
0,-0.07034070044755936,s002
0,-0.020077204331755638,s002
0,-0.013515290804207325,s002
0,-0.009806258603930473,s002
0,-0.01691952534019947,s002
0,-0.02520146407186985,s002
0,-0.04412112012505531,s002
0,-0.011572551913559437,s002
0,-0.0086970878764987,s002
0,-0.013984935358166695,s002
0,-0.015093207359313965,s002
0,-0.00782837811857462,s002
0,-0.0050390614196658134,s002
0,-0.016530819237232208,s002
0,-0.022597061470150948,s002
0,-0.0077990079298615456,s002
0,-0.0032826114911586046,s002
0,-0.010912169702351093,s002
0,-0.008942034095525742,s002
0,-0.011736255139112473,s002
0,-0.012268571183085442,s002
0,-0.051069293171167374,s002
0,-0.008121931925415993,s002
0,-0.028605954721570015,s002
0,-0.020151052623987198,s002
0,-0.025565005838871002,s002
0,-0.009671838022768497,s002
0,-0.00790290255099535,s002
0,-0.0050279139541089535,s002
0,-0.061171311885118484,s002
0,-0.006649337243288755,s002
0,-0.00971069373190403,s002
0,-0.020836180076003075,s002
0,-0.014404967427253723,s002
0,-0.015844879671931267,s002
0,-0.027767548337578773,s002
0,-0.04696311056613922,s002
0,-0.01183277741074562,s002
0,-0.011165272444486618,s002
0,-0.007905254140496254,s002
0,-0.017860231921076775,s002
0,-0.011979913339018822,s002
0,-0.010543200187385082,s002
0,-0.039607129991054535,s002
0,-0.009139149449765682,s002
0,-0.008933779783546925,s002
0,-0.018675265833735466,s002
0,-0.030931837856769562,s002
0,-0.03297349065542221,s002
0,-0.008200540207326412,s002
0,-0.03051474317908287,s002
1,-0.008339469321072102,s003
1,-0.01856354996562004,s003
1,-0.050218310207128525,s003
1,-0.01463310793042183,s003
1,-0.0247800275683403,s003
1,-0.010363077744841576,s003
1,-0.022403763607144356,s003
1,-0.03136339411139488,s003
1,-0.05032174661755562,s003
1,-0.026056522503495216,s003
1,-0.009902593679726124,s003
1,-0.026527000591158867,s003
1,-0.009317532181739807,s003
1,-0.016229363158345222,s003
1,-0.011236426420509815,s003
1,-0.12795476615428925,s003
1,-0.030040886253118515,s003
1,-0.012280317954719067,s003
1,-0.009911674074828625,s003
1,-0.020448798313736916,s003
1,-0.021356776356697083,s003
1,-0.017625384032726288,s003
1,-0.005756231024861336,s003
1,-0.015809811651706696,s003
1,-0.018829651176929474,s003
1,-0.020004048943519592,s003
1,-0.01968500390648842,s003
1,-0.033944837749004364,s003
1,-0.13484269380569458,s003
1,-0.05026803910732269,s003
1,-0.006571016274392605,s003
1,-0.010330610908567905,s003
1,-0.11411438882350922,s003
1,-0.02511533349752426,s003
1,-0.06213322654366493,s003
1,-0.009126389399170876,s003
1,-0.08446725457906723,s003
1,-0.11803938448429108,s003
1,-0.021643340587615967,s003
1,-0.019887063652276993,s003
1,-0.021979793906211853,s003
1,-0.01663615182042122,s003
1,-0.060984525829553604,s003
1,-0.01083669438958168,s003
1,-0.013276476413011551,s003
1,-0.011221970431506634,s003
1,-0.04915971681475639,s003
1,-0.06633858382701874,s003
1,-0.04601682722568512,s003
1,-0.025363121181726456,s003
1,-0.011332934722304344,s003
1,-0.04032997786998749,s003
1,-0.012028076685965061,s003
1,-0.012919338420033455,s003
1,-0.018135271966457367,s003
1,-0.012691367417573929,s003
1,-0.018764521926641464,s003
1,-0.007062971591949463,s003
1,-0.02088254503905773,s003
1,-0.04301650822162628,s003
1,-0.008502960205078125,s003
1,-0.013131589628756046,s003
1,-0.017288409173488617,s003
1,-0.009010120294988155,s003
1,-0.030967937782406807,s003
1,-0.025910189375281334,s003
1,-0.03273899853229523,s003
1,-0.03519625961780548,s003
1,-0.01301537174731493,s003
1,-0.016214644536376,s003
1,-0.024132486432790756,s003
1,-0.019470883533358574,s003
1,-0.004693600814789534,s003
1,-0.013477650471031666,s003
1,-0.08624904602766037,s003
1,-0.022133730351924896,s003
1,-0.007922224700450897,s003
1,-0.08443185687065125,s003
1,-0.01661086454987526,s003
1,-0.05638369545340538,s003
1,-0.016130585223436356,s003
1,-0.025338517501950264,s003
1,-0.019124561920762062,s003
1,-0.03775552287697792,s003
1,-0.00922026950865984,s003
1,-0.01700146496295929,s003
1,-0.03777492046356201,s003
1,-0.01330592855811119,s003
1,-0.022034693509340286,s003
1,-0.022528493776917458,s003
1,-0.010353926569223404,s003
1,-0.08524108678102493,s003
1,-0.014821944758296013,s003
1,-0.06709937751293182,s003
1,-0.017104966565966606,s003
1,-0.01650114171206951,s003
1,-0.03932711482048035,s003
1,-0.016367316246032715,s003
1,-0.013284539803862572,s003
1,-0.013157952576875687,s003
1,-0.06204576790332794,s003
1,-0.0545816570520401,s003
1,-0.009239675477147102,s003
1,-0.019394518807530403,s003
1,-0.017480280250310898,s003
1,-0.027551695704460144,s003
1,-0.08406349271535873,s003
1,-0.01003750879317522,s003
1,-0.04306204617023468,s003
1,-0.04581714794039726,s003
1,-0.014400909654796124,s003
1,-0.02090838924050331,s003
1,-0.017867572605609894,s003
1,-0.020696038380265236,s003
1,-0.04643774405121803,s003
1,-0.009642812423408031,s003
1,-0.10530143976211548,s003
1,-0.02442478947341442,s003
1,-0.06187942996621132,s003
1,-0.007693657651543617,s003
1,-0.007972229272127151,s003
1,-0.023183606564998627,s003
1,-0.00839848443865776,s003
1,-0.017768722027540207,s003
1,-0.03309540078043938,s003
1,-0.02298876643180847,s003
1,-0.06976434588432312,s003
1,-0.014890525490045547,s003
1,-0.03582688421010971,s003
1,-0.026362916454672813,s003
1,-0.044129256159067154,s003
1,-0.032900914549827576,s003
1,-0.011837102472782135,s003
1,-0.014710860326886177,s003
1,-0.015017681755125523,s003
1,-0.0860704779624939,s003
1,-0.01122165098786354,s003
1,-0.0258609801530838,s003
1,-0.0399654284119606,s003
1,-0.010659686289727688,s003
1,-0.019801899790763855,s003
1,-0.03739982843399048,s003
1,-0.00963922031223774,s003
1,-0.010554052889347076,s003
1,-0.030511371791362762,s003
1,-0.04962747171521187,s003
1,-0.07781152427196503,s003
1,-0.03172515705227852,s003
1,-0.07832884788513184,s003
1,-0.05475485697388649,s003
1,-0.06863868236541748,s003
1,-0.016405360773205757,s003
1,-0.03907528892159462,s003
1,-0.04202161729335785,s003
1,-0.01457001268863678,s003
1,-0.017336592078208923,s003
1,-0.07077394425868988,s003
1,-0.01694362796843052,s003
1,-0.02811359614133835,s003
1,-0.010278299450874329,s003
1,-0.042976122349500656,s003
1,-0.023060176521539688,s003
1,-0.013927184976637363,s003
1,-0.016518473625183105,s003
1,-0.019855445250868797,s003
1,-0.006332742050290108,s003
1,-0.003910551313310862,s003
1,-0.014317222870886326,s003
1,-0.011182382702827454,s003
1,-0.14452633261680603,s003
1,-0.03155625984072685,s003
1,-0.015527197159826756,s003
1,-0.009678707458078861,s003
1,-0.03539986535906792,s003
1,-0.02016342431306839,s003
1,-0.03143076226115227,s003
1,-0.039740707725286484,s003
1,-0.0632886067032814,s003
1,-0.017310315743088722,s003
1,-0.012232384644448757,s003
1,-0.031225673854351044,s003
1,-0.00997159630060196,s003
1,-0.16670256853103638,s003
1,-0.003650106955319643,s003
1,-0.03431854769587517,s003
1,-0.012168973684310913,s003
1,-0.08542495965957642,s003
1,-0.020403362810611725,s003
1,-0.057857513427734375,s003
1,-0.011726152151823044,s003
1,-0.06643763929605484,s003
1,-0.014943336136639118,s003
1,-0.021859586238861084,s003
1,-0.01925053633749485,s003
1,-0.025012141093611717,s003
1,-0.0075713940896093845,s003
1,-0.02222420461475849,s003
1,-0.009029120206832886,s003
1,-0.016104213893413544,s003
1,-0.03746349364519119,s003
0,-0.004111759830266237,s003
0,-0.010267024859786034,s003
0,-0.020428335294127464,s003
0,-0.011549416929483414,s003
0,-0.013086817227303982,s003
0,-0.009199759922921658,s003
0,-0.055538032203912735,s003
0,-0.03242996335029602,s003
0,-0.06603462249040604,s003
0,-0.013372299261391163,s003
0,-0.014478315599262714,s003
0,-0.00683602737262845,s003
0,-0.018128247931599617,s003
0,-0.04989473894238472,s003
0,-0.01655159704387188,s003
0,-0.021915536373853683,s003
0,-0.014903775416314602,s003
0,-0.01151279080659151,s003
0,-0.009241590276360512,s003
0,-0.004494469612836838,s003
0,-0.04331009089946747,s003
0,-0.014533473178744316,s003
0,-0.017213143408298492,s003
0,-0.010959330946207047,s003
0,-0.028538541868329048,s003
0,-0.010411052964627743,s003
0,-0.002219753572717309,s003
0,-0.018043849617242813,s003
0,-0.008654925972223282,s003
0,-0.014636733569204807,s003
0,-0.007915666326880455,s003
0,-0.07164575159549713,s003
0,-0.010798333212733269,s003
0,-0.1549655795097351,s003
0,-0.007758192718029022,s003
0,-0.017273906618356705,s003
0,-0.020407550036907196,s003
0,-0.01724342629313469,s003
0,-0.007815840654075146,s003
0,-0.00741929467767477,s003
0,-0.010976152494549751,s003
0,-0.009422939270734787,s003
0,-0.009104031138122082,s003
0,-0.010246742516756058,s003
0,-0.007808462716639042,s003
0,-0.0171493086963892,s003
0,-0.0030328829307109118,s003
0,-0.015105916187167168,s003
0,-0.010404091328382492,s003
0,-0.04512171819806099,s003
0,-0.03737158700823784,s003
0,-0.020663686096668243,s003
0,-0.04073530063033104,s003
0,-0.010570279322564602,s003
0,-0.030580589547753334,s003
0,-0.004129480104893446,s003
0,-0.025708163157105446,s003
0,-0.035811398178339005,s003
0,-0.016266752034425735,s003
0,-0.03093745931982994,s003
0,-0.00797944888472557,s003
0,-0.007722824811935425,s003
0,-0.07119110226631165,s003
0,-0.007668337784707546,s003
0,-0.01838766224682331,s003
0,-0.01092499028891325,s003
0,-0.01207471638917923,s003
0,-0.018521640449762344,s003
0,-0.019801663234829903,s003
0,-0.020591972395777702,s003
0,-0.017819607630372047,s003
0,-0.01635826751589775,s003
0,-0.01259058341383934,s003
0,-0.012454748153686523,s003
0,-0.008208065293729305,s003
0,-0.024829141795635223,s003
0,-0.038452018052339554,s003
0,-0.020044639706611633,s003
0,-0.016572676599025726,s003
0,-0.041569676250219345,s003
0,-0.005426125135272741,s003
0,-0.15596802532672882,s003
0,-0.010286632925271988,s003
0,-0.00909970048815012,s003
0,-0.00802487414330244,s003
0,-0.008134645409882069,s003
0,-0.02410428784787655,s003
0,-0.010133632458746433,s003
0,-0.029247088357806206,s003
0,-0.009048417210578918,s003
0,-0.020821750164031982,s003
0,-0.014336864463984966,s003
0,-0.010700589045882225,s003
0,-0.011744634248316288,s003
0,-0.010790725238621235,s003
0,-0.06878852844238281,s003
0,-0.03118758089840412,s003
0,-0.025114482268691063,s003
0,-0.03909512981772423,s003
0,-0.06963848322629929,s003
0,-0.01016013603657484,s003
0,-0.05669323727488518,s003
0,-0.031242910772562027,s003
0,-0.038434188812971115,s003
0,-0.03627487272024155,s003
0,-0.017687123268842697,s003
0,-0.011200710199773312,s003
0,-0.0030460061971098185,s003
0,-0.0217365100979805,s003
0,-0.008414308540523052,s003
0,-0.012450444512069225,s003
0,-0.007619491778314114,s003
0,-0.003616803325712681,s003
0,-0.01337107177823782,s003
0,-0.011612831614911556,s003
0,-0.013520311564207077,s003
0,-0.013789840042591095,s003
0,-0.01276294607669115,s003
0,-0.020921118557453156,s003
0,-0.01828041672706604,s003
0,-0.015416552312672138,s003
0,-0.029896050691604614,s003
0,-0.017093079164624214,s003
0,-0.01599220000207424,s003
0,-0.03096677176654339,s003
0,-0.009960776194930077,s003
0,-0.004126492887735367,s003
0,-0.18364179134368896,s003
0,-0.028214501217007637,s003
0,-0.005908075254410505,s003
0,-0.010029585100710392,s003
0,-0.012952089309692383,s003
0,-0.004729871172457933,s003
0,-0.015574829652905464,s003
0,-0.010963954031467438,s003
0,-0.010981272906064987,s003
0,-0.010452178306877613,s003
0,-0.024729913100600243,s003
0,-0.010410042479634285,s003
0,-0.019088255241513252,s003
0,-0.042852289974689484,s003
0,-0.0804455503821373,s003
0,-0.0031803552992641926,s003
0,-0.019696179777383804,s003
0,-0.022404450923204422,s003
0,-0.06377596408128738,s003
0,-0.010002371855080128,s003
0,-0.009173723869025707,s003
0,-0.022398311644792557,s003
0,-0.07034070044755936,s003
0,-0.020077204331755638,s003
0,-0.013515290804207325,s003
0,-0.009806258603930473,s003
0,-0.01691952534019947,s003
0,-0.02520146407186985,s003
0,-0.04412112012505531,s003
0,-0.011572551913559437,s003
0,-0.0086970878764987,s003
0,-0.013984935358166695,s003
0,-0.015093207359313965,s003
0,-0.00782837811857462,s003
0,-0.0050390614196658134,s003
0,-0.016530819237232208,s003
0,-0.022597061470150948,s003
0,-0.0077990079298615456,s003
0,-0.0032826114911586046,s003
0,-0.010912169702351093,s003
0,-0.008942034095525742,s003
0,-0.011736255139112473,s003
0,-0.012268571183085442,s003
0,-0.051069293171167374,s003
0,-0.008121931925415993,s003
0,-0.028605954721570015,s003
0,-0.020151052623987198,s003
0,-0.025565005838871002,s003
0,-0.009671838022768497,s003
0,-0.00790290255099535,s003
0,-0.0050279139541089535,s003
0,-0.061171311885118484,s003
0,-0.006649337243288755,s003
0,-0.00971069373190403,s003
0,-0.020836180076003075,s003
0,-0.014404967427253723,s003
0,-0.015844879671931267,s003
0,-0.027767548337578773,s003
0,-0.04696311056613922,s003
0,-0.01183277741074562,s003
0,-0.011165272444486618,s003
0,-0.007905254140496254,s003
0,-0.017860231921076775,s003
0,-0.011979913339018822,s003
0,-0.010543200187385082,s003
0,-0.039607129991054535,s003
0,-0.009139149449765682,s003
0,-0.008933779783546925,s003
0,-0.018675265833735466,s003
0,-0.030931837856769562,s003
0,-0.03297349065542221,s003
0,-0.008200540207326412,s003
0,-0.03051474317908287,s003
1,-0.022493287920951843,s004
1,-0.010192261077463627,s004
1,-0.007295524701476097,s004
1,-0.008791542612016201,s004
1,-0.025887055322527885,s004
1,-0.0178438201546669,s004
1,-0.03162114694714546,s004
1,-0.012542493641376495,s004
1,-0.019217273220419884,s004
1,-0.012129107490181923,s004
1,-0.016496596857905388,s004
1,-0.011452178470790386,s004
1,-0.021005742251873016,s004
1,-0.008361829444766045,s004
1,-0.005891040898859501,s004
1,-0.01253465935587883,s004
1,-0.006443866994231939,s004
1,-0.0065141902305185795,s004
1,-0.06507912278175354,s004
1,-0.014581803232431412,s004
1,-0.009218757040798664,s004
1,-0.008459499105811119,s004
1,-0.01072446908801794,s004
1,-0.015133031643927097,s004
1,-0.004726138897240162,s004
1,-0.010552600957453251,s004
1,-0.01136045716702938,s004
1,-0.032699104398489,s004
1,-0.02605545148253441,s004
1,-0.017705164849758148,s004
1,-0.013494937680661678,s004
1,-0.00623827800154686,s004
1,-0.017946062609553337,s004
1,-0.01411410328000784,s004
1,-0.016717903316020966,s004
1,-0.008398759178817272,s004
1,-0.03164289891719818,s004
1,-0.016746455803513527,s004
1,-0.005804122891277075,s004
1,-0.06575506925582886,s004
1,-0.020255213603377342,s004
1,-0.008677791804075241,s004
1,-0.02383803017437458,s004
1,-0.00560578890144825,s004
1,-0.007978350855410099,s004
1,-0.0232591163367033,s004
1,-0.00988338515162468,s004
1,-0.020691536366939545,s004
1,-0.009028101339936256,s004
1,-0.03868921846151352,s004
1,-0.00980927050113678,s004
1,-0.006433246657252312,s004
1,-0.017310047522187233,s004
1,-0.05475689098238945,s004
1,-0.017143819481134415,s004
1,-0.010355867445468903,s004
1,-0.010450119152665138,s004
1,-0.008647811599075794,s004
1,-0.010433148592710495,s004
1,-0.030313292518258095,s004
1,-0.01056609209626913,s004
1,-0.008875817060470581,s004
1,-0.009861770085990429,s004
1,-0.033659350126981735,s004
1,-0.008332449942827225,s004
1,-0.007540748454630375,s004
1,-0.012024998664855957,s004
1,-0.018369104713201523,s004
1,-0.008908524177968502,s004
1,-0.03189728036522865,s004
1,-0.014654595404863358,s004
1,-0.005352992098778486,s004
1,-0.014711111783981323,s004
1,-0.011623095721006393,s004
1,-0.016940472647547722,s004
1,-0.011659882962703705,s004
1,-0.010268905200064182,s004
1,-0.016199398785829544,s004
1,-0.010988015681505203,s004
1,-0.01472654938697815,s004
1,-0.017532439902424812,s004
1,-0.016467692330479622,s004
1,-0.01933727227151394,s004
1,-0.015031150542199612,s004
1,-0.012144498527050018,s004
1,-0.03410935029387474,s004
1,-0.026715965941548347,s004
1,-0.006244471296668053,s004
1,-0.02588174119591713,s004
1,-0.042106952518224716,s004
1,-0.009878636337816715,s004
1,-0.004523708019405603,s004
1,-0.008845275267958641,s004
1,-0.011990631930530071,s004
1,-0.013406406156718731,s004
1,-0.016146056354045868,s004
1,-0.019112899899482727,s004
1,-0.023949768394231796,s004
1,-0.0301344133913517,s004
1,-0.011673176661133766,s004
1,-0.02416105568408966,s004
1,-0.010919531807303429,s004
1,-0.016616156324744225,s004
1,-0.016146959736943245,s004
1,-0.026146233081817627,s004
1,-0.021224897354841232,s004
1,-0.011801409535109997,s004
1,-0.008718588389456272,s004
1,-0.008826709352433681,s004
1,-0.007284141145646572,s004
1,-0.020464442670345306,s004
1,-0.015375463292002678,s004
1,-0.006539162248373032,s004
1,-0.004402444697916508,s004
1,-0.020236706361174583,s004
1,-0.032454364001750946,s004
1,-0.012335699051618576,s004
1,-0.005904664285480976,s004
1,-0.032627005130052567,s004
1,-0.018394462764263153,s004
1,-0.03950866311788559,s004
1,-0.02524730935692787,s004
1,-0.01767326518893242,s004
1,-0.013523842208087444,s004
1,-0.008763369172811508,s004
1,-0.026746876537799835,s004
1,-0.009970653802156448,s004
1,-0.021779939532279968,s004
1,-0.00954484473913908,s004
1,-0.06837686896324158,s004
1,-0.010822710581123829,s004
1,-0.02016304060816765,s004
1,-0.033395037055015564,s004
1,-0.013915889896452427,s004
1,-0.005567775573581457,s004
1,-0.005493109114468098,s004
1,-0.014477025717496872,s004
1,-0.015114598907530308,s004
1,-0.020223500207066536,s004
1,-0.027471113950014114,s004
1,-0.01734822243452072,s004
1,-0.027720801532268524,s004
1,-0.010140887461602688,s004
1,-0.01580144092440605,s004
1,-0.05653367564082146,s004
1,-0.02141905575990677,s004
1,-0.011927355080842972,s004
1,-0.00519696157425642,s004
1,-0.012893447652459145,s004
1,-0.010661319829523563,s004
1,-0.0077272141352295876,s004
1,-0.012922284193336964,s004
1,-0.0055016446858644485,s004
1,-0.01740717887878418,s004
1,-0.018921246752142906,s004
1,-0.022756628692150116,s004
1,-0.0067013930529356,s004
1,-0.012239187955856323,s004
1,-0.00990850105881691,s004
1,-0.0310576930642128,s004
1,-0.01037281658500433,s004
1,-0.009965536184608936,s004
1,-0.00511128269135952,s004
1,-0.012008639052510262,s004
1,-0.01744925230741501,s004
1,-0.004903013817965984,s004
1,-0.026267461478710175,s004
1,-0.012467080727219582,s004
1,-0.01211067009717226,s004
1,-0.01755899004638195,s004
1,-0.009580993093550205,s004
1,-0.006856763735413551,s004
1,-0.015688542276620865,s004
1,-0.006301274057477713,s004
1,-0.02579423412680626,s004
1,-0.0309281125664711,s004
1,-0.005359015427529812,s004
1,-0.012605071999132633,s004
1,-0.0027135773561894894,s004
1,-0.008922362700104713,s004
1,-0.008191585540771484,s004
1,-0.02218066342175007,s004
1,-0.019452359527349472,s004
1,-0.010737190023064613,s004
1,-0.01828041672706604,s004
1,-0.041974931955337524,s004
1,-0.013552696444094181,s004
1,-0.032586801797151566,s004
1,-0.07541459798812866,s004
1,-0.010640863329172134,s004
1,-0.0200891625136137,s004
1,-0.0068794782273471355,s004
1,-0.02090318500995636,s004
1,-0.024770274758338928,s004
1,-0.015437743626534939,s004
1,-0.04075561463832855,s004
1,-0.011299735866487026,s004
1,-0.0068123359233140945,s004
1,-0.004286592360585928,s004
1,-0.011151683516800404,s004
0,-0.004111759830266237,s004
0,-0.010267024859786034,s004
0,-0.020428335294127464,s004
0,-0.011549416929483414,s004
0,-0.013086817227303982,s004
0,-0.009199759922921658,s004
0,-0.055538032203912735,s004
0,-0.03242996335029602,s004
0,-0.06603462249040604,s004
0,-0.013372299261391163,s004
0,-0.014478315599262714,s004
0,-0.00683602737262845,s004
0,-0.018128247931599617,s004
0,-0.04989473894238472,s004
0,-0.01655159704387188,s004
0,-0.021915536373853683,s004
0,-0.014903775416314602,s004
0,-0.01151279080659151,s004
0,-0.009241590276360512,s004
0,-0.004494469612836838,s004
0,-0.04331009089946747,s004
0,-0.014533473178744316,s004
0,-0.017213143408298492,s004
0,-0.010959330946207047,s004
0,-0.028538541868329048,s004
0,-0.010411052964627743,s004
0,-0.002219753572717309,s004
0,-0.018043849617242813,s004
0,-0.008654925972223282,s004
0,-0.014636733569204807,s004
0,-0.007915666326880455,s004
0,-0.07164575159549713,s004
0,-0.010798333212733269,s004
0,-0.1549655795097351,s004
0,-0.007758192718029022,s004
0,-0.017273906618356705,s004
0,-0.020407550036907196,s004
0,-0.01724342629313469,s004
0,-0.007815840654075146,s004
0,-0.00741929467767477,s004
0,-0.010976152494549751,s004
0,-0.009422939270734787,s004
0,-0.009104031138122082,s004
0,-0.010246742516756058,s004
0,-0.007808462716639042,s004
0,-0.0171493086963892,s004
0,-0.0030328829307109118,s004
0,-0.015105916187167168,s004
0,-0.010404091328382492,s004
0,-0.04512171819806099,s004
0,-0.03737158700823784,s004
0,-0.020663686096668243,s004
0,-0.04073530063033104,s004
0,-0.010570279322564602,s004
0,-0.030580589547753334,s004
0,-0.004129480104893446,s004
0,-0.025708163157105446,s004
0,-0.035811398178339005,s004
0,-0.016266752034425735,s004
0,-0.03093745931982994,s004
0,-0.00797944888472557,s004
0,-0.007722824811935425,s004
0,-0.07119110226631165,s004
0,-0.007668337784707546,s004
0,-0.01838766224682331,s004
0,-0.01092499028891325,s004
0,-0.01207471638917923,s004
0,-0.018521640449762344,s004
0,-0.019801663234829903,s004
0,-0.020591972395777702,s004
0,-0.017819607630372047,s004
0,-0.01635826751589775,s004
0,-0.01259058341383934,s004
0,-0.012454748153686523,s004
0,-0.008208065293729305,s004
0,-0.024829141795635223,s004
0,-0.038452018052339554,s004
0,-0.020044639706611633,s004
0,-0.016572676599025726,s004
0,-0.041569676250219345,s004
0,-0.005426125135272741,s004
0,-0.15596802532672882,s004
0,-0.010286632925271988,s004
0,-0.00909970048815012,s004
0,-0.00802487414330244,s004
0,-0.008134645409882069,s004
0,-0.02410428784787655,s004
0,-0.010133632458746433,s004
0,-0.029247088357806206,s004
0,-0.009048417210578918,s004
0,-0.020821750164031982,s004
0,-0.014336864463984966,s004
0,-0.010700589045882225,s004
0,-0.011744634248316288,s004
0,-0.010790725238621235,s004
0,-0.06878852844238281,s004
0,-0.03118758089840412,s004
0,-0.025114482268691063,s004
0,-0.03909512981772423,s004
0,-0.06963848322629929,s004
0,-0.01016013603657484,s004
0,-0.05669323727488518,s004
0,-0.031242910772562027,s004
0,-0.038434188812971115,s004
0,-0.03627487272024155,s004
0,-0.017687123268842697,s004
0,-0.011200710199773312,s004
0,-0.0030460061971098185,s004
0,-0.0217365100979805,s004
0,-0.008414308540523052,s004
0,-0.012450444512069225,s004
0,-0.007619491778314114,s004
0,-0.003616803325712681,s004
0,-0.01337107177823782,s004
0,-0.011612831614911556,s004
0,-0.013520311564207077,s004
0,-0.013789840042591095,s004
0,-0.01276294607669115,s004
0,-0.020921118557453156,s004
0,-0.03431854769587517,s004
0,-0.015416552312672138,s004
0,-0.029896050691604614,s004
0,-0.017093079164624214,s004
0,-0.01599220000207424,s004
0,-0.03096677176654339,s004
0,-0.009960776194930077,s004
0,-0.004126492887735367,s004
0,-0.18364179134368896,s004
0,-0.028214501217007637,s004
0,-0.005908075254410505,s004
0,-0.010029585100710392,s004
0,-0.012952089309692383,s004
0,-0.004729871172457933,s004
0,-0.015574829652905464,s004
0,-0.010963954031467438,s004
0,-0.010981272906064987,s004
0,-0.010452178306877613,s004
0,-0.024729913100600243,s004
0,-0.010410042479634285,s004
0,-0.019088255241513252,s004
0,-0.042852289974689484,s004
0,-0.0804455503821373,s004
0,-0.0031803552992641926,s004
0,-0.019696179777383804,s004
0,-0.022404450923204422,s004
0,-0.06377596408128738,s004
0,-0.010002371855080128,s004
0,-0.009173723869025707,s004
0,-0.022398311644792557,s004
0,-0.07034070044755936,s004
0,-0.020077204331755638,s004
0,-0.013515290804207325,s004
0,-0.009806258603930473,s004
0,-0.01691952534019947,s004
0,-0.02520146407186985,s004
0,-0.04412112012505531,s004
0,-0.011572551913559437,s004
0,-0.0086970878764987,s004
0,-0.013984935358166695,s004
0,-0.015093207359313965,s004
0,-0.00782837811857462,s004
0,-0.0050390614196658134,s004
0,-0.016530819237232208,s004
0,-0.022597061470150948,s004
0,-0.0077990079298615456,s004
0,-0.0032826114911586046,s004
0,-0.010912169702351093,s004
0,-0.008942034095525742,s004
0,-0.011736255139112473,s004
0,-0.012268571183085442,s004
0,-0.051069293171167374,s004
0,-0.008121931925415993,s004
0,-0.028605954721570015,s004
0,-0.020151052623987198,s004
0,-0.025565005838871002,s004
0,-0.009671838022768497,s004
0,-0.00790290255099535,s004
0,-0.0050279139541089535,s004
0,-0.061171311885118484,s004
0,-0.006649337243288755,s004
0,-0.00971069373190403,s004
0,-0.020836180076003075,s004
0,-0.014404967427253723,s004
0,-0.015844879671931267,s004
0,-0.027767548337578773,s004
0,-0.04696311056613922,s004
0,-0.01183277741074562,s004
0,-0.011165272444486618,s004
0,-0.007905254140496254,s004
0,-0.017860231921076775,s004
0,-0.011979913339018822,s004
0,-0.010543200187385082,s004
0,-0.039607129991054535,s004
0,-0.009139149449765682,s004
0,-0.008933779783546925,s004
0,-0.018675265833735466,s004
0,-0.030931837856769562,s004
0,-0.03297349065542221,s004
0,-0.008200540207326412,s004
0,-0.03051474317908287,s004
1,-0.038070499897003174,s005
1,-0.011114710010588169,s005
1,-0.004237049724906683,s005
1,-0.00852774828672409,s005
1,-0.007791660726070404,s005
1,-0.005164720583707094,s005
1,-0.010403275489807129,s005
1,-0.009228182025253773,s005
1,-0.02795589342713356,s005
1,-0.020898131653666496,s005
1,-0.014337846077978611,s005
1,-0.018907925114035606,s005
1,-0.005749092437326908,s005
1,-0.035071827471256256,s005
1,-0.03522341698408127,s005
1,-0.03345054015517235,s005
1,-0.014852482825517654,s005
1,-0.01594391278922558,s005
1,-0.019554369151592255,s005
1,-0.018545323982834816,s005
1,-0.012653879821300507,s005
1,-0.012471352703869343,s005
1,-0.013109318912029266,s005
1,-0.00673481123521924,s005
1,-0.02477842941880226,s005
1,-0.08483614027500153,s005
1,-0.06377596408128738,s005
1,-0.016712350770831108,s005
1,-0.012661265209317207,s005
1,-0.0065240273252129555,s005
1,-0.012262802571058273,s005
1,-0.01812097057700157,s005
1,-0.024541201069951057,s005
1,-0.02242053858935833,s005
1,-0.010541463270783424,s005
1,-0.011502967216074467,s005
1,-0.021513279527425766,s005
1,-0.01437932625412941,s005
1,-0.0072025456465780735,s005
1,-0.007625407539308071,s005
1,-0.01746346801519394,s005
1,-0.021421384066343307,s005
1,-0.017779670655727386,s005
1,-0.007945265620946884,s005
1,-0.018951106816530228,s005
1,-0.013333345763385296,s005
1,-0.020775938406586647,s005
1,-0.005429642740637064,s005
1,-0.011828228831291199,s005
1,-0.0058921510353684425,s005
1,-0.025957874953746796,s005
1,-0.013288019225001335,s005
1,-0.02538769692182541,s005
1,-0.02685081772506237,s005
1,-0.016926586627960205,s005
1,-0.012494195252656937,s005
1,-0.007309826090931892,s005
1,-0.03474019467830658,s005
1,-0.014976311475038528,s005
1,-0.06732316315174103,s005
1,-0.012541087344288826,s005
1,-0.022080203518271446,s005
1,-0.03881751000881195,s005
1,-0.01470889337360859,s005
1,-0.019052885472774506,s005
1,-0.01422811672091484,s005
1,-0.009604319930076599,s005
1,-0.022046465426683426,s005
1,-0.008764591068029404,s005
1,-0.047356147319078445,s005
1,-0.035160940140485764,s005
1,-0.013969295658171177,s005
1,-0.005855062510818243,s005
1,-0.018236704170703888,s005
1,-0.005531924311071634,s005
1,-0.012912191450595856,s005
1,-0.010289164260029793,s005
1,-0.008610273711383343,s005
1,-0.005503201857209206,s005
1,-0.0118121188133955,s005
1,-0.016196196898818016,s005
1,-0.02906135469675064,s005
1,-0.04285573959350586,s005
1,-0.016552263870835304,s005
1,-0.018612707033753395,s005
1,-0.0093784648925066,s005
1,-0.008548694662749767,s005
1,-0.022264430299401283,s005
1,-0.029728958383202553,s005
1,-0.01300264522433281,s005
1,-0.006969864945858717,s005
1,-0.009134410880506039,s005
1,-0.01134461723268032,s005
1,-0.036883726716041565,s005
1,-0.10431326925754547,s005
1,-0.02828945778310299,s005
1,-0.012736710719764233,s005
1,-0.018212636932730675,s005
1,-0.011981699615716934,s005
1,-0.01888556219637394,s005
1,-0.00911299604922533,s005
1,-0.007474272511899471,s005
1,-0.008000058121979237,s005
1,-0.04435759410262108,s005
1,-0.017612021416425705,s005
1,-0.009856346063315868,s005
1,-0.01798837259411812,s005
1,-0.037359628826379776,s005
1,-0.025104425847530365,s005
1,-0.011736839078366756,s005
1,-0.0037050466053187847,s005
1,-0.030764171853661537,s005
1,-0.005303856451064348,s005
1,-0.019240953028202057,s005
1,-0.006939663551747799,s005
1,-0.017428584396839142,s005
1,-0.007913998328149319,s005
1,-0.014045958407223225,s005
1,-0.02809602953493595,s005
1,-0.023814599961042404,s005
1,-0.01211829949170351,s005
1,-0.0083962082862854,s005
1,-0.038128748536109924,s005
1,-0.017380312085151672,s005
1,-0.015390697866678238,s005
1,-0.010090673342347145,s005
1,-0.026957590132951736,s005
1,-0.021087177097797394,s005
1,-0.005737213417887688,s005
1,-0.009555216878652573,s005
1,-0.008521427400410175,s005
1,-0.02081238478422165,s005
1,-0.007961795665323734,s005
1,-0.03814627230167389,s005
1,-0.007050131913274527,s005
1,-0.05705190449953079,s005
1,-0.014241048134863377,s005
1,-0.018015839159488678,s005
1,-0.021972641348838806,s005
1,-0.017065996304154396,s005
1,-0.015760889276862144,s005
1,-0.0222869124263525,s005
1,-0.0068260133266448975,s005
1,-0.009302464313805103,s005
1,-0.02720765955746174,s005
1,-0.010888908058404922,s005
1,-0.02119833417236805,s005
1,-0.028428157791495323,s005
1,-0.0037042945623397827,s005
1,-0.02513660490512848,s005
1,-0.006877562962472439,s005
1,-0.027356689795851707,s005
1,-0.014610941521823406,s005
1,-0.018071094527840614,s005
1,-0.006980784237384796,s005
1,-0.008121918886899948,s005
1,-0.029105080291628838,s005
1,-0.0267048142850399,s005
1,-0.007262008730322123,s005
1,-0.012076698243618011,s005
1,-0.0213820468634367,s005
1,-0.008209329098463058,s005
1,-0.02091619186103344,s005
1,-0.006318287458270788,s005
1,-0.009078764356672764,s005
1,-0.0137141989544034,s005
1,-0.023705892264842987,s005
1,-0.020778072997927666,s005
1,-0.015079081058502197,s005
1,-0.009647585451602936,s005
1,-0.008558361791074276,s005
1,-0.031310245394706726,s005
1,-0.008588360622525215,s005
1,-0.017163213342428207,s005
1,-0.029049180448055267,s005
1,-0.006965947803109884,s005
1,-0.014029858633875847,s005
1,-0.013189952820539474,s005
1,-0.009560593403875828,s005
1,-0.022666648030281067,s005
1,-0.01598440110683441,s005
1,-0.02764693833887577,s005
1,-0.009842843748629093,s005
1,-0.14064908027648926,s005
1,-0.02883685566484928,s005
1,-0.018979966640472412,s005
1,-0.005782224237918854,s005
1,-0.010306311771273613,s005
1,-0.010198846459388733,s005
1,-0.010973978787660599,s005
1,-0.055548615753650665,s005
1,-0.005649236496537924,s005
1,-0.010521892458200455,s005
1,-0.010247552767395973,s005
1,-0.004895977210253477,s005
1,-0.015033479779958725,s005
1,-0.011064315214753151,s005
1,-0.01522947009652853,s005
1,-0.026410168036818504,s005
1,-0.006322966888546944,s005
0,-0.004111759830266237,s005
0,-0.010267024859786034,s005
0,-0.020428335294127464,s005
0,-0.011549416929483414,s005
0,-0.013086817227303982,s005
0,-0.009199759922921658,s005
0,-0.055538032203912735,s005
0,-0.03242996335029602,s005
0,-0.06603462249040604,s005
0,-0.013372299261391163,s005
0,-0.014478315599262714,s005
0,-0.00683602737262845,s005
0,-0.018128247931599617,s005
0,-0.04989473894238472,s005
0,-0.01655159704387188,s005
0,-0.021915536373853683,s005
0,-0.014903775416314602,s005
0,-0.01151279080659151,s005
0,-0.009241590276360512,s005
0,-0.004494469612836838,s005
0,-0.04331009089946747,s005
0,-0.014533473178744316,s005
0,-0.017213143408298492,s005
0,-0.010959330946207047,s005
0,-0.028538541868329048,s005
0,-0.010411052964627743,s005
0,-0.002219753572717309,s005
0,-0.018043849617242813,s005
0,-0.008654925972223282,s005
0,-0.014636733569204807,s005
0,-0.007915666326880455,s005
0,-0.07164575159549713,s005
0,-0.010798333212733269,s005
0,-0.1549655795097351,s005
0,-0.007758192718029022,s005
0,-0.017273906618356705,s005
0,-0.020407550036907196,s005
0,-0.01724342629313469,s005
0,-0.007815840654075146,s005
0,-0.00741929467767477,s005
0,-0.010976152494549751,s005
0,-0.009422939270734787,s005
0,-0.009104031138122082,s005
0,-0.010246742516756058,s005
0,-0.007808462716639042,s005
0,-0.0171493086963892,s005
0,-0.0030328829307109118,s005
0,-0.015105916187167168,s005
0,-0.010404091328382492,s005
0,-0.04512171819806099,s005
0,-0.03737158700823784,s005
0,-0.020663686096668243,s005
0,-0.04073530063033104,s005
0,-0.010570279322564602,s005
0,-0.030580589547753334,s005
0,-0.004129480104893446,s005
0,-0.025708163157105446,s005
0,-0.035811398178339005,s005
0,-0.016266752034425735,s005
0,-0.03093745931982994,s005
0,-0.00797944888472557,s005
0,-0.007722824811935425,s005
0,-0.07119110226631165,s005
0,-0.007668337784707546,s005
0,-0.01838766224682331,s005
0,-0.01092499028891325,s005
0,-0.01207471638917923,s005
0,-0.018521640449762344,s005
0,-0.019801663234829903,s005
0,-0.020591972395777702,s005
0,-0.017819607630372047,s005
0,-0.01635826751589775,s005
0,-0.01259058341383934,s005
0,-0.012454748153686523,s005
0,-0.008208065293729305,s005
0,-0.024829141795635223,s005
0,-0.038452018052339554,s005
0,-0.020044639706611633,s005
0,-0.016572676599025726,s005
0,-0.041569676250219345,s005
0,-0.005426125135272741,s005
0,-0.15596802532672882,s005
0,-0.010286632925271988,s005
0,-0.00909970048815012,s005
0,-0.00802487414330244,s005
0,-0.008134645409882069,s005
0,-0.02410428784787655,s005
0,-0.010133632458746433,s005
0,-0.029247088357806206,s005
0,-0.009048417210578918,s005
0,-0.020821750164031982,s005
0,-0.014336864463984966,s005
0,-0.010700589045882225,s005
0,-0.011744634248316288,s005
0,-0.010790725238621235,s005
0,-0.06878852844238281,s005
0,-0.03118758089840412,s005
0,-0.025114482268691063,s005
0,-0.03909512981772423,s005
0,-0.06963848322629929,s005
0,-0.01016013603657484,s005
0,-0.05669323727488518,s005
0,-0.031242910772562027,s005
0,-0.038434188812971115,s005
0,-0.03627487272024155,s005
0,-0.017687123268842697,s005
0,-0.011200710199773312,s005
0,-0.0030460061971098185,s005
0,-0.0217365100979805,s005
0,-0.008414308540523052,s005
0,-0.012450444512069225,s005
0,-0.007619491778314114,s005
0,-0.003616803325712681,s005
0,-0.01337107177823782,s005
0,-0.011612831614911556,s005
0,-0.013520311564207077,s005
0,-0.013789840042591095,s005
0,-0.01276294607669115,s005
0,-0.020921118557453156,s005
0,-0.03431854769587517,s005
0,-0.015416552312672138,s005
0,-0.029896050691604614,s005
0,-0.017093079164624214,s005
0,-0.01599220000207424,s005
0,-0.03096677176654339,s005
0,-0.009960776194930077,s005
0,-0.004126492887735367,s005
0,-0.18364179134368896,s005
0,-0.028214501217007637,s005
0,-0.005908075254410505,s005
0,-0.010029585100710392,s005
0,-0.012952089309692383,s005
0,-0.004729871172457933,s005
0,-0.015574829652905464,s005
0,-0.010963954031467438,s005
0,-0.010981272906064987,s005
0,-0.010452178306877613,s005
0,-0.024729913100600243,s005
0,-0.010410042479634285,s005
0,-0.019088255241513252,s005
0,-0.042852289974689484,s005
0,-0.0804455503821373,s005
0,-0.0031803552992641926,s005
0,-0.019696179777383804,s005
0,-0.022404450923204422,s005
0,-0.01136045716702938,s005
0,-0.010002371855080128,s005
0,-0.009173723869025707,s005
0,-0.022398311644792557,s005
0,-0.07034070044755936,s005
0,-0.020077204331755638,s005
0,-0.013515290804207325,s005
0,-0.009806258603930473,s005
0,-0.01691952534019947,s005
0,-0.02520146407186985,s005
0,-0.04412112012505531,s005
0,-0.011572551913559437,s005
0,-0.0086970878764987,s005
0,-0.013984935358166695,s005
0,-0.015093207359313965,s005
0,-0.00782837811857462,s005
0,-0.0050390614196658134,s005
0,-0.016530819237232208,s005
0,-0.006090020760893822,s005
0,-0.0077990079298615456,s005
0,-0.0032826114911586046,s005
0,-0.010912169702351093,s005
0,-0.008942034095525742,s005
0,-0.011736255139112473,s005
0,-0.012268571183085442,s005
0,-0.051069293171167374,s005
0,-0.008121931925415993,s005
0,-0.028605954721570015,s005
0,-0.020151052623987198,s005
0,-0.025565005838871002,s005
0,-0.009671838022768497,s005
0,-0.01860460825264454,s005
0,-0.0050279139541089535,s005
0,-0.061171311885118484,s005
0,-0.006649337243288755,s005
0,-0.00971069373190403,s005
0,-0.020836180076003075,s005
0,-0.014404967427253723,s005
0,-0.015844879671931267,s005
0,-0.027767548337578773,s005
0,-0.04696311056613922,s005
0,-0.01183277741074562,s005
0,-0.011165272444486618,s005
0,-0.007905254140496254,s005
0,-0.017860231921076775,s005
0,-0.011979913339018822,s005
0,-0.010543200187385082,s005
0,-0.039607129991054535,s005
0,-0.009139149449765682,s005
0,-0.008933779783546925,s005
0,-0.018675265833735466,s005
0,-0.030931837856769562,s005
0,-0.03297349065542221,s005
0,-0.008200540207326412,s005
0,-0.03051474317908287,s005
1,-0.007100209593772888,s007
1,-0.008379973471164703,s007
1,-0.011201748624444008,s007
1,-0.005134963896125555,s007
1,-0.004519699607044458,s007
1,-0.028115537017583847,s007
1,-0.005271033383905888,s007
1,-0.016314616426825523,s007
1,-0.04080430790781975,s007
1,-0.013996670953929424,s007
1,-0.006309946533292532,s007
1,-0.007146025076508522,s007
1,-0.014608826488256454,s007
1,-0.03323134779930115,s007
1,-0.005420967470854521,s007
1,-0.00851704366505146,s007
1,-0.007559074088931084,s007
1,-0.009772632271051407,s007
1,-0.0027280293870717287,s007
1,-0.005867719184607267,s007
1,-0.011616576462984085,s007
1,-0.010832625441253185,s007
1,-0.007178524974733591,s007
1,-0.009599036537110806,s007
1,-0.0171359833329916,s007
1,-0.010409676469862461,s007
1,-0.016540352255105972,s007
1,-0.006839567329734564,s007
1,-0.017094222828745842,s007
1,-0.03867325931787491,s007
1,-0.013067805208265781,s007
1,-0.004036400932818651,s007
1,-0.012297284789383411,s007
1,-0.010455425828695297,s007
1,-0.01087916735559702,s007
1,-0.005287129897624254,s007
1,-0.009543534368276596,s007
1,-0.007225154899060726,s007
1,-0.002980617107823491,s007
1,-0.026738133281469345,s007
1,-0.009754364378750324,s007
1,-0.009056596085429192,s007
1,-0.00621993700042367,s007
1,-0.006616098806262016,s007
1,-0.013590442948043346,s007
1,-0.011604794301092625,s007
1,-0.010451494716107845,s007
1,-0.013708244077861309,s007
1,-0.011779122985899448,s007
1,-0.007449308875948191,s007
1,-0.011494476348161697,s007
1,-0.005624026525765657,s007
1,-0.007945075631141663,s007
1,-0.009340604767203331,s007
1,-0.021025748923420906,s007
1,-0.004077911842614412,s007
1,-0.018909135833382607,s007
1,-0.009436409920454025,s007
1,-0.01190903503447771,s007
1,-0.019789263606071472,s007
1,-0.007849573157727718,s007
1,-0.009338371455669403,s007
1,-0.0051073720678687096,s007
1,-0.01336489338427782,s007
1,-0.07153837382793427,s007
1,-0.02364613488316536,s007
1,-0.00728501146659255,s007
1,-0.01491693314164877,s007
1,-0.01011599414050579,s007
1,-0.004250155761837959,s007
1,-0.009380522184073925,s007
1,-0.014446442015469074,s007
1,-0.028773562982678413,s007
1,-0.012966600246727467,s007
1,-0.010707531124353409,s007
1,-0.012202423065900803,s007
1,-0.01088753342628479,s007
1,-0.007671500090509653,s007
1,-0.010824600234627724,s007
1,-0.015735795721411705,s007
1,-0.002648924244567752,s007
1,-0.006890835706144571,s007
1,-0.016581781208515167,s007
1,-0.021860407665371895,s007
1,-0.009053679183125496,s007
1,-0.01883576065301895,s007
1,-0.03096163645386696,s007
1,-0.012989153154194355,s007
1,-0.0022886954247951508,s007
1,-0.011586587876081467,s007
1,-0.01377550233155489,s007
1,-0.014258505776524544,s007
1,-0.01102442666888237,s007
1,-0.028147509321570396,s007
1,-0.019738685339689255,s007
1,-0.009381033480167389,s007
1,-0.006917468272149563,s007
1,-0.009570402093231678,s007
1,-0.01289439108222723,s007
1,-0.01962667889893055,s007
1,-0.01421314012259245,s007
1,-0.015551522374153137,s007
1,-0.0023993980139493942,s007
1,-0.015599653124809265,s007
1,-0.004528393968939781,s007
1,-0.014932200312614441,s007
1,-0.022241070866584778,s007
1,-0.007025944534689188,s007
1,-0.019107451662421227,s007
1,-0.011856082826852798,s007
1,-0.0015066470950841904,s007
1,-0.007890432141721249,s007
1,-0.0076708439737558365,s007
1,-0.0066452473402023315,s007
1,-0.034136898815631866,s007
1,-0.004091436509042978,s007
1,-0.014890121296048164,s007
1,-0.012634282000362873,s007
1,-0.01707518845796585,s007
1,-0.008655480109155178,s007
1,-0.007808462716639042,s007
1,-0.03285088390111923,s007
1,-0.013523166067898273,s007
1,-0.009749209508299828,s007
1,-0.0651916041970253,s007
1,-0.011677616275846958,s007
1,-0.0076011973433196545,s007
1,-0.008711402304470539,s007
1,-0.01350663136690855,s007
1,-0.02315145544707775,s007
1,-0.013479197397828102,s007
1,-0.016208399087190628,s007
1,-0.008149499073624611,s007
1,-0.004691949114203453,s007
1,-0.08287305384874344,s007
1,-0.022135870531201363,s007
1,-0.0156691987067461,s007
1,-0.009613217785954475,s007
1,-0.0030376622453331947,s007
1,-0.005355594214051962,s007
1,-0.008094266057014465,s007
1,-0.008723362348973751,s007
1,-0.03542247414588928,s007
1,-0.018708692863583565,s007
1,-0.006782336160540581,s007
1,-0.029565354809165,s007
1,-0.025114482268691063,s007
1,-0.009189697913825512,s007
1,-0.006811248138546944,s007
1,-0.018598800525069237,s007
1,-0.007368674501776695,s007
1,-0.008398915641009808,s007
1,-0.01656767539680004,s007
1,-0.010351894423365593,s007
1,-0.011686773970723152,s007
1,-0.0066817933693528175,s007
1,-0.016527747735381126,s007
1,-0.014568204991519451,s007
1,-0.00476074917241931,s007
1,-0.006715008988976479,s007
1,-0.007330627180635929,s007
1,-0.015226166695356369,s007
1,-0.011245368979871273,s007
1,-0.006699433550238609,s007
1,-0.004288547206670046,s007
1,-0.0032828596886247396,s007
1,-0.0031812044326215982,s007
1,-0.015059509314596653,s007
1,-0.013088786043226719,s007
1,-0.02163589373230934,s007
1,-0.008528459817171097,s007
1,-0.0028687510639429092,s007
1,-0.010221770964562893,s007
1,-0.009956284426152706,s007
1,-0.011154401116073132,s007
1,-0.013774444349110126,s007
1,-0.01451064646244049,s007
1,-0.013092398643493652,s007
1,-0.022181205451488495,s007
1,-0.00605809735134244,s007
1,-0.007932687178254128,s007
1,-0.009561966173350811,s007
1,-0.013394247740507126,s007
1,-0.017871199175715446,s007
1,-0.016666296869516373,s007
1,-0.00577206676825881,s007
1,-0.009424949996173382,s007
1,-0.025474913418293,s007
1,-0.011195727623999119,s007
1,-0.008084922097623348,s007
1,-0.014841384254395962,s007
1,-0.017646856606006622,s007
1,-0.016697490587830544,s007
1,-0.010885436087846756,s007
1,-0.011050024069845676,s007
1,-0.004528236575424671,s007
1,-0.011466305702924728,s007
1,-0.0033599408343434334,s007
1,-0.02208014950156212,s007
1,-0.00485198525711894,s007
0,-0.004111759830266237,s007
0,-0.010267024859786034,s007
0,-0.020428335294127464,s007
0,-0.011549416929483414,s007
0,-0.013086817227303982,s007
0,-0.009199759922921658,s007
0,-0.055538032203912735,s007
0,-0.03242996335029602,s007
0,-0.06603462249040604,s007
0,-0.013372299261391163,s007
0,-0.014478315599262714,s007
0,-0.00683602737262845,s007
0,-0.018128247931599617,s007
0,-0.04989473894238472,s007
0,-0.01655159704387188,s007
0,-0.021915536373853683,s007
0,-0.014903775416314602,s007
0,-0.01151279080659151,s007
0,-0.009241590276360512,s007
0,-0.004494469612836838,s007
0,-0.04331009089946747,s007
0,-0.014533473178744316,s007
0,-0.017213143408298492,s007
0,-0.010959330946207047,s007
0,-0.028538541868329048,s007
0,-0.010411052964627743,s007
0,-0.002219753572717309,s007
0,-0.018043849617242813,s007
0,-0.008654925972223282,s007
0,-0.014636733569204807,s007
0,-0.007915666326880455,s007
0,-0.07164575159549713,s007
0,-0.010798333212733269,s007
0,-0.1549655795097351,s007
0,-0.007758192718029022,s007
0,-0.017273906618356705,s007
0,-0.020407550036907196,s007
0,-0.01724342629313469,s007
0,-0.007815840654075146,s007
0,-0.00741929467767477,s007
0,-0.010976152494549751,s007
0,-0.009422939270734787,s007
0,-0.009104031138122082,s007
0,-0.010246742516756058,s007
0,-0.01211829949170351,s007
0,-0.0171493086963892,s007
0,-0.0030328829307109118,s007
0,-0.015105916187167168,s007
0,-0.010404091328382492,s007
0,-0.04512171819806099,s007
0,-0.03737158700823784,s007
0,-0.020663686096668243,s007
0,-0.04073530063033104,s007
0,-0.010570279322564602,s007
0,-0.030580589547753334,s007
0,-0.004129480104893446,s007
0,-0.025708163157105446,s007
0,-0.035811398178339005,s007
0,-0.016266752034425735,s007
0,-0.03093745931982994,s007
0,-0.00797944888472557,s007
0,-0.004907235968858004,s007
0,-0.07119110226631165,s007
0,-0.007668337784707546,s007
0,-0.01838766224682331,s007
0,-0.01092499028891325,s007
0,-0.01207471638917923,s007
0,-0.018521640449762344,s007
0,-0.019801663234829903,s007
0,-0.020591972395777702,s007
0,-0.017819607630372047,s007
0,-0.01635826751589775,s007
0,-0.01259058341383934,s007
0,-0.012454748153686523,s007
0,-0.008208065293729305,s007
0,-0.024829141795635223,s007
0,-0.038452018052339554,s007
0,-0.020044639706611633,s007
0,-0.016572676599025726,s007
0,-0.041569676250219345,s007
0,-0.005426125135272741,s007
0,-0.15596802532672882,s007
0,-0.010286632925271988,s007
0,-0.00909970048815012,s007
0,-0.00802487414330244,s007
0,-0.008134645409882069,s007
0,-0.02410428784787655,s007
0,-0.010133632458746433,s007
0,-0.029247088357806206,s007
0,-0.009048417210578918,s007
0,-0.020821750164031982,s007
0,-0.014336864463984966,s007
0,-0.010700589045882225,s007
0,-0.011744634248316288,s007
0,-0.010790725238621235,s007
0,-0.06878852844238281,s007
0,-0.03118758089840412,s007
0,-0.02119833417236805,s007
0,-0.03909512981772423,s007
0,-0.06963848322629929,s007
0,-0.01016013603657484,s007
0,-0.05669323727488518,s007
0,-0.031242910772562027,s007
0,-0.038434188812971115,s007
0,-0.03627487272024155,s007
0,-0.017687123268842697,s007
0,-0.011200710199773312,s007
0,-0.0030460061971098185,s007
0,-0.0217365100979805,s007
0,-0.008414308540523052,s007
0,-0.012450444512069225,s007
0,-0.007619491778314114,s007
0,-0.003616803325712681,s007
0,-0.01337107177823782,s007
0,-0.011612831614911556,s007
0,-0.013520311564207077,s007
0,-0.013789840042591095,s007
0,-0.01276294607669115,s007
0,-0.020921118557453156,s007
0,-0.03431854769587517,s007
0,-0.015416552312672138,s007
0,-0.029896050691604614,s007
0,-0.017093079164624214,s007
0,-0.01599220000207424,s007
0,-0.03096677176654339,s007
0,-0.009960776194930077,s007
0,-0.004126492887735367,s007
0,-0.18364179134368896,s007
0,-0.028214501217007637,s007
0,-0.005908075254410505,s007
0,-0.010029585100710392,s007
0,-0.012952089309692383,s007
0,-0.004729871172457933,s007
0,-0.015574829652905464,s007
0,-0.010963954031467438,s007
0,-0.010981272906064987,s007
0,-0.010452178306877613,s007
0,-0.024729913100600243,s007
0,-0.010410042479634285,s007
0,-0.019088255241513252,s007
0,-0.042852289974689484,s007
0,-0.0804455503821373,s007
0,-0.0031803552992641926,s007
0,-0.019696179777383804,s007
0,-0.022404450923204422,s007
0,-0.01136045716702938,s007
0,-0.010002371855080128,s007
0,-0.009173723869025707,s007
0,-0.022398311644792557,s007
0,-0.07034070044755936,s007
0,-0.020077204331755638,s007
0,-0.013515290804207325,s007
0,-0.009806258603930473,s007
0,-0.01691952534019947,s007
0,-0.02520146407186985,s007
0,-0.04412112012505531,s007
0,-0.011572551913559437,s007
0,-0.0086970878764987,s007
0,-0.013984935358166695,s007
0,-0.015093207359313965,s007
0,-0.00782837811857462,s007
0,-0.0050390614196658134,s007
0,-0.016530819237232208,s007
0,-0.006090020760893822,s007
0,-0.0077990079298615456,s007
0,-0.0032826114911586046,s007
0,-0.010912169702351093,s007
0,-0.008942034095525742,s007
0,-0.011736255139112473,s007
0,-0.012268571183085442,s007
0,-0.051069293171167374,s007
0,-0.008121931925415993,s007
0,-0.028605954721570015,s007
0,-0.020151052623987198,s007
0,-0.025565005838871002,s007
0,-0.009671838022768497,s007
0,-0.01860460825264454,s007
0,-0.0050279139541089535,s007
0,-0.061171311885118484,s007
0,-0.006649337243288755,s007
0,-0.00971069373190403,s007
0,-0.020836180076003075,s007
0,-0.014404967427253723,s007
0,-0.015844879671931267,s007
0,-0.027767548337578773,s007
0,-0.04696311056613922,s007
0,-0.01183277741074562,s007
0,-0.011165272444486618,s007
0,-0.013249981217086315,s007
0,-0.017860231921076775,s007
0,-0.011979913339018822,s007
0,-0.010543200187385082,s007
0,-0.039607129991054535,s007
0,-0.009139149449765682,s007
0,-0.008933779783546925,s007
0,-0.018675265833735466,s007
0,-0.030931837856769562,s007
0,-0.03297349065542221,s007
0,-0.008200540207326412,s007
0,-0.03051474317908287,s007
1,-0.02630707249045372,s008
1,-0.024786630645394325,s008
1,-0.014515570364892483,s008
1,-0.009226400405168533,s008
1,-0.004837581887841225,s008
1,-0.009293556213378906,s008
1,-0.028712669387459755,s008
1,-0.00686598801985383,s008
1,-0.009798001497983932,s008
1,-0.006413002032786608,s008
1,-0.013550573028624058,s008
1,-0.010632311925292015,s008
1,-0.01500821951776743,s008
1,-0.024797189980745316,s008
1,-0.02232898771762848,s008
1,-0.016904599964618683,s008
1,-0.02001471072435379,s008
1,-0.017123928293585777,s008
1,-0.02529495768249035,s008
1,-0.01062566414475441,s008
1,-0.01572042889893055,s008
1,-0.01508357934653759,s008
1,-0.020371336489915848,s008
1,-0.010082634165883064,s008
1,-0.01232984196394682,s008
1,-0.0032114589121192694,s008
1,-0.011050064116716385,s008
1,-0.01603260636329651,s008
1,-0.006909776479005814,s008
1,-0.015842553228139877,s008
1,-0.007312999106943607,s008
1,-0.003670679172500968,s008
1,-0.014678683131933212,s008
1,-0.011012295261025429,s008
1,-0.03278937563300133,s008
1,-0.004326583817601204,s008
1,-0.014865424484014511,s008
1,-0.005860799457877874,s008
1,-0.005016940645873547,s008
1,-0.008261162787675858,s008
1,-0.0059812674298882484,s008
1,-0.004379074089229107,s008
1,-0.03183693811297417,s008
1,-0.012908481992781162,s008
1,-0.012573315761983395,s008
1,-0.005139746703207493,s008
1,-0.010302361100912094,s008
1,-0.0025237994268536568,s008
1,-0.010358540341258049,s008
1,-0.010957508347928524,s008
1,-0.047779642045497894,s008
1,-0.00348205235786736,s008
1,-0.048127129673957825,s008
1,-0.010799173265695572,s008
1,-0.028530869632959366,s008
1,-0.003882910590618849,s008
1,-0.007133498787879944,s008
1,-0.009690922684967518,s008
1,-0.015439629554748535,s008
1,-0.01016770675778389,s008
1,-0.005529990419745445,s008
1,-0.02200833149254322,s008
1,-0.015752315521240234,s008
1,-0.01543508656322956,s008
1,-0.010899889282882214,s008
1,-0.017534224316477776,s008
1,-0.009182868525385857,s008
1,-0.02609550952911377,s008
1,-0.0033015706576406956,s008
1,-0.015841836109757423,s008
1,-0.0038610510528087616,s008
1,-0.008952895179390907,s008
1,-0.01037941686809063,s008
1,-0.010073469951748848,s008
1,-0.0069956472143530846,s008
1,-0.013887465931475163,s008
1,-0.010587821714580059,s008
1,-0.009693047031760216,s008
1,-0.015872908756136894,s008
1,-0.012440538965165615,s008
1,-0.0007022215286269784,s008
1,-0.015859749168157578,s008
1,-0.021133188158273697,s008
1,-0.008891950361430645,s008
1,-0.01524384319782257,s008
1,-0.022455113008618355,s008
1,-0.011833426542580128,s008
1,-0.009949133731424809,s008
1,-0.012967193499207497,s008
1,-0.011497360654175282,s008
1,-0.024268068373203278,s008
1,-0.007539398968219757,s008
1,-0.01463429443538189,s008
1,-0.013661178760230541,s008
1,-0.007964839227497578,s008
1,-0.009688900783658028,s008
1,-0.008605942130088806,s008
1,-0.010424296371638775,s008
1,-0.014952634461224079,s008
1,-0.006056370213627815,s008
1,-0.011542258784174919,s008
1,-0.005517955403774977,s008
1,-0.010599403642117977,s008
1,-0.024563796818256378,s008
1,-0.004445156082510948,s008
1,-0.01771470159292221,s008
1,-0.01588544249534607,s008
1,-0.0036927068140357733,s008
1,-0.014102901332080364,s008
1,-0.005496202036738396,s008
1,-0.009470751509070396,s008
1,-0.010264649987220764,s008
1,-0.005126887001097202,s008
1,-0.015742873772978783,s008
1,-0.012936156243085861,s008
1,-0.012646039016544819,s008
1,-0.008713125251233578,s008
1,-0.008647454902529716,s008
1,-0.06711995601654053,s008
1,-0.003937879577279091,s008
1,-0.014116263948380947,s008
1,-0.009928170591592789,s008
1,-0.006804639473557472,s008
1,-0.013074553571641445,s008
1,-0.007838389836251736,s008
1,-0.015467514283955097,s008
1,-0.022464098408818245,s008
1,-0.013135810382664204,s008
1,-0.007612890563905239,s008
1,-0.009076389484107494,s008
1,-0.009616101160645485,s008
1,-0.019927408546209335,s008
1,-0.012850228697061539,s008
1,-0.023868316784501076,s008
1,-0.014910348691046238,s008
1,-0.008442800492048264,s008
1,-0.008369158953428268,s008
1,-0.01149577647447586,s008
1,-0.010317463427782059,s008
1,-0.006958730518817902,s008
1,-0.015718186274170876,s008
1,-0.017642036080360413,s008
1,-0.011936448514461517,s008
1,-0.00939043890684843,s008
1,-0.011536438018083572,s008
1,-0.010268124751746655,s008
1,-0.024157144129276276,s008
1,-0.015793584287166595,s008
1,-0.01293487474322319,s008
1,-0.014317461289465427,s008
1,-0.009530340321362019,s008
1,-0.02095981501042843,s008
1,-0.010419925674796104,s008
1,-0.01057663094252348,s008
1,-0.009205775335431099,s008
1,-0.010255921632051468,s008
1,-0.05622202157974243,s008
1,-0.015785319730639458,s008
1,-0.009038888849318027,s008
1,-0.008693691343069077,s008
1,-0.004404317121952772,s008
1,-0.015429758466780186,s008
1,-0.0071445428766310215,s008
1,-0.00802487414330244,s008
1,-0.006254832725971937,s008
1,-0.012280326336622238,s008
1,-0.011431741528213024,s008
1,-0.022207939997315407,s008
1,-0.01169393677264452,s008
1,-0.01710488647222519,s008
1,-0.012867074459791183,s008
1,-0.008384974673390388,s008
1,-0.02835388295352459,s008
1,-0.007758763153105974,s008
1,-0.006595781538635492,s008
1,-0.0028611167799681425,s008
1,-0.2654787003993988,s008
1,-0.010149468667805195,s008
1,-0.01795182377099991,s008
1,-0.005928024183958769,s008
1,-0.0111333467066288,s008
1,-0.012550250627100468,s008
1,-0.016390779986977577,s008
1,-0.010237356647849083,s008
1,-0.008416117168962955,s008
1,-0.006992573384195566,s008
1,-0.015077612362802029,s008
1,-0.013737370260059834,s008
1,-0.006941433064639568,s008
1,-0.0071065775118768215,s008
1,-0.01624147966504097,s008
1,-0.007802965119481087,s008
1,-0.013692843727767467,s008
1,-0.008554180152714252,s008
1,-0.014008977450430393,s008
1,-0.010260175913572311,s008
1,-0.014247968792915344,s008
1,-0.005469329189509153,s008
1,-0.009758940897881985,s008
1,-0.0505494624376297,s008
0,-0.004111759830266237,s008
0,-0.010267024859786034,s008
0,-0.020428335294127464,s008
0,-0.011549416929483414,s008
0,-0.013086817227303982,s008
0,-0.009199759922921658,s008
0,-0.055538032203912735,s008
0,-0.03242996335029602,s008
0,-0.06603462249040604,s008
0,-0.013372299261391163,s008
0,-0.014478315599262714,s008
0,-0.00683602737262845,s008
0,-0.018128247931599617,s008
0,-0.04989473894238472,s008
0,-0.01655159704387188,s008
0,-0.021915536373853683,s008
0,-0.014903775416314602,s008
0,-0.01151279080659151,s008
0,-0.009241590276360512,s008
0,-0.004494469612836838,s008
0,-0.04331009089946747,s008
0,-0.014533473178744316,s008
0,-0.017213143408298492,s008
0,-0.010959330946207047,s008
0,-0.028538541868329048,s008
0,-0.010411052964627743,s008
0,-0.002219753572717309,s008
0,-0.018043849617242813,s008
0,-0.008654925972223282,s008
0,-0.028275873512029648,s008
0,-0.007915666326880455,s008
0,-0.07164575159549713,s008
0,-0.010798333212733269,s008
0,-0.1549655795097351,s008
0,-0.007758192718029022,s008
0,-0.017273906618356705,s008
0,-0.020407550036907196,s008
0,-0.01724342629313469,s008
0,-0.007815840654075146,s008
0,-0.00741929467767477,s008
0,-0.010976152494549751,s008
0,-0.009422939270734787,s008
0,-0.009104031138122082,s008
0,-0.010246742516756058,s008
0,-0.01211829949170351,s008
0,-0.0171493086963892,s008
0,-0.0030328829307109118,s008
0,-0.015105916187167168,s008
0,-0.010404091328382492,s008
0,-0.04512171819806099,s008
0,-0.03737158700823784,s008
0,-0.020663686096668243,s008
0,-0.04073530063033104,s008
0,-0.010570279322564602,s008
0,-0.030580589547753334,s008
0,-0.004129480104893446,s008
0,-0.025708163157105446,s008
0,-0.035811398178339005,s008
0,-0.016266752034425735,s008
0,-0.03093745931982994,s008
0,-0.00797944888472557,s008
0,-0.004907235968858004,s008
0,-0.07119110226631165,s008
0,-0.007668337784707546,s008
0,-0.01838766224682331,s008
0,-0.01092499028891325,s008
0,-0.01207471638917923,s008
0,-0.018521640449762344,s008
0,-0.019801663234829903,s008
0,-0.020591972395777702,s008
0,-0.017819607630372047,s008
0,-0.01635826751589775,s008
0,-0.01259058341383934,s008
0,-0.012454748153686523,s008
0,-0.008208065293729305,s008
0,-0.024829141795635223,s008
0,-0.038452018052339554,s008
0,-0.020044639706611633,s008
0,-0.016572676599025726,s008
0,-0.041569676250219345,s008
0,-0.005426125135272741,s008
0,-0.15596802532672882,s008
0,-0.010286632925271988,s008
0,-0.00909970048815012,s008
0,-0.006699433550238609,s008
0,-0.008134645409882069,s008
0,-0.02410428784787655,s008
0,-0.010133632458746433,s008
0,-0.029247088357806206,s008
0,-0.009048417210578918,s008
0,-0.020821750164031982,s008
0,-0.014336864463984966,s008
0,-0.010700589045882225,s008
0,-0.011744634248316288,s008
0,-0.010790725238621235,s008
0,-0.06878852844238281,s008
0,-0.03118758089840412,s008
0,-0.02119833417236805,s008
0,-0.03909512981772423,s008
0,-0.06963848322629929,s008
0,-0.01016013603657484,s008
0,-0.05669323727488518,s008
0,-0.031242910772562027,s008
0,-0.038434188812971115,s008
0,-0.03627487272024155,s008
0,-0.017687123268842697,s008
0,-0.011200710199773312,s008
0,-0.0030460061971098185,s008
0,-0.0217365100979805,s008
0,-0.008414308540523052,s008
0,-0.012450444512069225,s008
0,-0.007619491778314114,s008
0,-0.003616803325712681,s008
0,-0.01337107177823782,s008
0,-0.011612831614911556,s008
0,-0.013520311564207077,s008
0,-0.013789840042591095,s008
0,-0.01276294607669115,s008
0,-0.020921118557453156,s008
0,-0.03431854769587517,s008
0,-0.015416552312672138,s008
0,-0.029896050691604614,s008
0,-0.017093079164624214,s008
0,-0.01599220000207424,s008
0,-0.03096677176654339,s008
0,-0.009960776194930077,s008
0,-0.004126492887735367,s008
0,-0.18364179134368896,s008
0,-0.028214501217007637,s008
0,-0.005908075254410505,s008
0,-0.010029585100710392,s008
0,-0.012952089309692383,s008
0,-0.004729871172457933,s008
0,-0.015574829652905464,s008
0,-0.010963954031467438,s008
0,-0.010981272906064987,s008
0,-0.010452178306877613,s008
0,-0.024729913100600243,s008
0,-0.010410042479634285,s008
0,-0.019088255241513252,s008
0,-0.042852289974689484,s008
0,-0.0804455503821373,s008
0,-0.0031803552992641926,s008
0,-0.019696179777383804,s008
0,-0.022404450923204422,s008
0,-0.01136045716702938,s008
0,-0.010002371855080128,s008
0,-0.009173723869025707,s008
0,-0.022398311644792557,s008
0,-0.07034070044755936,s008
0,-0.020077204331755638,s008
0,-0.013515290804207325,s008
0,-0.009806258603930473,s008
0,-0.01691952534019947,s008
0,-0.02520146407186985,s008
0,-0.04412112012505531,s008
0,-0.011572551913559437,s008
0,-0.0086970878764987,s008
0,-0.013984935358166695,s008
0,-0.015093207359313965,s008
0,-0.00782837811857462,s008
0,-0.0050390614196658134,s008
0,-0.016530819237232208,s008
0,-0.006090020760893822,s008
0,-0.0077990079298615456,s008
0,-0.0032826114911586046,s008
0,-0.010912169702351093,s008
0,-0.008942034095525742,s008
0,-0.011736255139112473,s008
0,-0.012268571183085442,s008
0,-0.051069293171167374,s008
0,-0.008121931925415993,s008
0,-0.028605954721570015,s008
0,-0.020151052623987198,s008
0,-0.025565005838871002,s008
0,-0.009671838022768497,s008
0,-0.01860460825264454,s008
0,-0.0050279139541089535,s008
0,-0.061171311885118484,s008
0,-0.006649337243288755,s008
0,-0.00971069373190403,s008
0,-0.020836180076003075,s008
0,-0.014404967427253723,s008
0,-0.015844879671931267,s008
0,-0.027767548337578773,s008
0,-0.04696311056613922,s008
0,-0.01183277741074562,s008
0,-0.011165272444486618,s008
0,-0.013249981217086315,s008
0,-0.017860231921076775,s008
0,-0.011979913339018822,s008
0,-0.010543200187385082,s008
0,-0.039607129991054535,s008
0,-0.009139149449765682,s008
0,-0.008933779783546925,s008
0,-0.018675265833735466,s008
0,-0.030931837856769562,s008
0,-0.03297349065542221,s008
0,-0.008200540207326412,s008
0,-0.03051474317908287,s008
1,-0.019551098346710205,s010
1,-0.009846103377640247,s010
1,-0.006361352279782295,s010
1,-0.014815326780080795,s010
1,-0.008441395126283169,s010
1,-0.011472641490399837,s010
1,-0.003656044602394104,s010
1,-0.01955542154610157,s010
1,-0.009957056492567062,s010
1,-0.006852340418845415,s010
1,-0.009963467717170715,s010
1,-0.003724956652149558,s010
1,-0.004400311969220638,s010
1,-0.007166022434830666,s010
1,-0.011186005547642708,s010
1,-0.005253644660115242,s010
1,-0.006135496310889721,s010
1,-0.008230560459196568,s010
1,-0.012872759252786636,s010
1,-0.010620213113725185,s010
1,-0.007940591312944889,s010
1,-0.008214081637561321,s010
1,-0.027966002002358437,s010
1,-0.02118523418903351,s010
1,-0.002078311750665307,s010
1,-0.0035812146961688995,s010
1,-0.005180726293474436,s010
1,-0.009379889816045761,s010
1,-0.009511533193290234,s010
1,-0.009321346879005432,s010
1,-0.007163582369685173,s010
1,-0.024552013725042343,s010
1,-0.006317191757261753,s010
1,-0.013360400684177876,s010
1,-0.01019260659813881,s010
1,-0.014359272085130215,s010
1,-0.01572500541806221,s010
1,-0.005477642174810171,s010
1,-0.011752430349588394,s010
1,-0.005002637859433889,s010
1,-0.013919264078140259,s010
1,-0.010484403930604458,s010
1,-0.004773719236254692,s010
1,-0.008174953982234001,s010
1,-0.00848735123872757,s010
1,-0.02089293673634529,s010
1,-0.004224425181746483,s010
1,-0.0174404289573431,s010
1,-0.009252563118934631,s010
1,-0.006821354851126671,s010
1,-0.005252670496702194,s010
1,-0.010484210215508938,s010
1,-0.009845864027738571,s010
1,-0.017009278759360313,s010
1,-0.01638990454375744,s010
1,-0.011200710199773312,s010
1,-0.011284083127975464,s010
1,-0.006785696372389793,s010
1,-0.00838109478354454,s010
1,-0.005087333265691996,s010
1,-0.009859466925263405,s010
1,-0.010552994906902313,s010
1,-0.005841964855790138,s010
1,-0.008527498692274094,s010
1,-0.005164452362805605,s010
1,-0.005840884987264872,s010
1,-0.012243147939443588,s010
1,-0.01157833356410265,s010
1,-0.013003356754779816,s010
1,-0.011401324532926083,s010
1,-0.003982530441135168,s010
1,-0.007564892992377281,s010
1,-0.008150273002684116,s010
1,-0.011760236695408821,s010
1,-0.007829148322343826,s010
1,-0.006914785597473383,s010
1,-0.009917059913277626,s010
1,-0.008880744688212872,s010
1,-0.010413428768515587,s010
1,-0.011580745689570904,s010
1,-0.005266057327389717,s010
1,-0.020185435190796852,s010
1,-0.008014327846467495,s010
1,-0.006001478526741266,s010
1,-0.009645328857004642,s010
1,-0.009146328084170818,s010
1,-0.011015456169843674,s010
1,-0.004328731447458267,s010
1,-0.01735500618815422,s010
1,-0.01020111795514822,s010
1,-0.010167141444981098,s010
1,-0.002747050952166319,s010
1,-0.00635267561301589,s010
1,-0.009897860698401928,s010
1,-0.0060430169105529785,s010
1,-0.012769600376486778,s010
1,-0.007519036531448364,s010
1,-0.004390551708638668,s010
1,-0.007094448432326317,s010
1,-0.004562592599540949,s010
1,-0.009187978692352772,s010
1,-0.012363353744149208,s010
1,-0.007612824440002441,s010
1,-0.006746678613126278,s010
1,-0.010130729526281357,s010
1,-0.013810986652970314,s010
1,-0.011721868067979813,s010
1,-0.007731536403298378,s010
1,-0.009584690444171429,s010
1,-0.00960927177220583,s010
1,-0.013003401458263397,s010
1,-0.011237520724534988,s010
1,-0.011227293871343136,s010
1,-0.006775325629860163,s010
1,-0.004535602405667305,s010
1,-0.005373676773160696,s010
1,-0.016091611236333847,s010
1,-0.00893566943705082,s010
1,-0.006551368162035942,s010
1,-0.0065604629926383495,s010
1,-0.009329209104180336,s010
1,-0.010975845158100128,s010
1,-0.017176751047372818,s010
1,-0.007023525889962912,s010
1,-0.013864344917237759,s010
1,-0.003243996063247323,s010
1,-0.008921671658754349,s010
1,-0.0072267628274858,s010
1,-0.011019709520041943,s010
1,-0.004567525815218687,s010
1,-0.004712518770247698,s010
1,-0.007788434624671936,s010
1,-0.006933110766112804,s010
1,-0.008196362294256687,s010
1,-0.0035617644898593426,s010
1,-0.006375944707542658,s010
1,-0.010651938617229462,s010
1,-0.007375395856797695,s010
1,-0.023335671052336693,s010
1,-0.007545867003500462,s010
1,-0.009130057878792286,s010
1,-0.0074936640448868275,s010
1,-0.009085671044886112,s010
1,-0.01389425527304411,s010
1,-0.0031034916173666716,s010
1,-0.009008826687932014,s010
1,-0.009606800973415375,s010
1,-0.012916683219373226,s010
1,-0.008677300997078419,s010
1,-0.012821666896343231,s010
1,-0.02500774897634983,s010
1,-0.00889650173485279,s010
1,-0.005109379533678293,s010
1,-0.007815741002559662,s010
1,-0.0068462323397397995,s010
1,-0.008313979022204876,s010
1,-0.006303498987108469,s010
1,-0.003811894915997982,s010
1,-0.007807023823261261,s010
1,-0.01633412018418312,s010
1,-0.004535235930234194,s010
1,-0.007420285604894161,s010
1,-0.01082873810082674,s010
1,-0.005707439035177231,s010
1,-0.0194703321903944,s010
1,-0.01157502830028534,s010
1,-0.006020487751811743,s010
1,-0.007439473643898964,s010
1,-0.004372512921690941,s010
1,-0.016387853771448135,s010
1,-0.007484897039830685,s010
1,-0.006428095046430826,s010
1,-0.0076888990588486195,s010
1,-0.005664374679327011,s010
1,-0.0028805832844227552,s010
1,-0.00562625378370285,s010
1,-0.006573930382728577,s010
1,-0.02023707702755928,s010
1,-0.01088172011077404,s010
1,-0.006980529986321926,s010
1,-0.004178001079708338,s010
1,-0.005264475475996733,s010
1,-0.0050390614196658134,s010
1,-0.005748785100877285,s010
1,-0.007307387888431549,s010
1,-0.019164277240633965,s010
1,-0.0067329262383282185,s010
1,-0.012352018617093563,s010
1,-0.006460098549723625,s010
1,-0.010481607168912888,s010
1,-0.007986163720488548,s010
1,-0.014248943887650967,s010
1,-0.00952371396124363,s010
1,-0.005703412927687168,s010
1,-0.01711035706102848,s010
1,-0.012887921184301376,s010
1,-0.008434941060841084,s010
1,-0.012035657651722431,s010
1,-0.012753093615174294,s010
1,-0.008298982866108418,s010
0,-0.004111759830266237,s010
0,-0.010267024859786034,s010
0,-0.020428335294127464,s010
0,-0.011549416929483414,s010
0,-0.013086817227303982,s010
0,-0.009199759922921658,s010
0,-0.055538032203912735,s010
0,-0.03242996335029602,s010
0,-0.06603462249040604,s010
0,-0.013372299261391163,s010
0,-0.014478315599262714,s010
0,-0.00683602737262845,s010
0,-0.018128247931599617,s010
0,-0.04989473894238472,s010
0,-0.01655159704387188,s010
0,-0.021915536373853683,s010
0,-0.014903775416314602,s010
0,-0.01151279080659151,s010
0,-0.009241590276360512,s010
0,-0.004494469612836838,s010
0,-0.04331009089946747,s010
0,-0.014533473178744316,s010
0,-0.017213143408298492,s010
0,-0.010959330946207047,s010
0,-0.028538541868329048,s010
0,-0.010411052964627743,s010
0,-0.002219753572717309,s010
0,-0.018043849617242813,s010
0,-0.008654925972223282,s010
0,-0.028275873512029648,s010
0,-0.007915666326880455,s010
0,-0.07164575159549713,s010
0,-0.010798333212733269,s010
0,-0.1549655795097351,s010
0,-0.007758192718029022,s010
0,-0.017273906618356705,s010
0,-0.020407550036907196,s010
0,-0.01724342629313469,s010
0,-0.007815840654075146,s010
0,-0.00741929467767477,s010
0,-0.010976152494549751,s010
0,-0.009422939270734787,s010
0,-0.009104031138122082,s010
0,-0.010246742516756058,s010
0,-0.01211829949170351,s010
0,-0.0171493086963892,s010
0,-0.0030328829307109118,s010
0,-0.015105916187167168,s010
0,-0.010404091328382492,s010
0,-0.04512171819806099,s010
0,-0.03737158700823784,s010
0,-0.020663686096668243,s010
0,-0.04073530063033104,s010
0,-0.010570279322564602,s010
0,-0.030580589547753334,s010
0,-0.004129480104893446,s010
0,-0.025708163157105446,s010
0,-0.035811398178339005,s010
0,-0.016266752034425735,s010
0,-0.03093745931982994,s010
0,-0.00797944888472557,s010
0,-0.004907235968858004,s010
0,-0.07119110226631165,s010
0,-0.007668337784707546,s010
0,-0.01838766224682331,s010
0,-0.01092499028891325,s010
0,-0.01207471638917923,s010
0,-0.018521640449762344,s010
0,-0.019801663234829903,s010
0,-0.020591972395777702,s010
0,-0.017819607630372047,s010
0,-0.01635826751589775,s010
0,-0.01259058341383934,s010
0,-0.012454748153686523,s010
0,-0.008208065293729305,s010
0,-0.024829141795635223,s010
0,-0.038452018052339554,s010
0,-0.020044639706611633,s010
0,-0.016572676599025726,s010
0,-0.041569676250219345,s010
0,-0.005426125135272741,s010
0,-0.15596802532672882,s010
0,-0.010286632925271988,s010
0,-0.00909970048815012,s010
0,-0.006699433550238609,s010
0,-0.008134645409882069,s010
0,-0.02410428784787655,s010
0,-0.010133632458746433,s010
0,-0.029247088357806206,s010
0,-0.009048417210578918,s010
0,-0.020821750164031982,s010
0,-0.014336864463984966,s010
0,-0.010700589045882225,s010
0,-0.011744634248316288,s010
0,-0.010790725238621235,s010
0,-0.06878852844238281,s010
0,-0.03118758089840412,s010
0,-0.02119833417236805,s010
0,-0.03909512981772423,s010
0,-0.06963848322629929,s010
0,-0.01016013603657484,s010
0,-0.05669323727488518,s010
0,-0.031242910772562027,s010
0,-0.038434188812971115,s010
0,-0.03627487272024155,s010
0,-0.017687123268842697,s010
0,-0.003882910590618849,s010
0,-0.0030460061971098185,s010
0,-0.0217365100979805,s010
0,-0.008414308540523052,s010
0,-0.012450444512069225,s010
0,-0.12207930535078049,s010
0,-0.003616803325712681,s010
0,-0.01337107177823782,s010
0,-0.011612831614911556,s010
0,-0.013520311564207077,s010
0,-0.013789840042591095,s010
0,-0.01276294607669115,s010
0,-0.020921118557453156,s010
0,-0.03431854769587517,s010
0,-0.015416552312672138,s010
0,-0.029896050691604614,s010
0,-0.017093079164624214,s010
0,-0.01599220000207424,s010
0,-0.03096677176654339,s010
0,-0.009960776194930077,s010
0,-0.004126492887735367,s010
0,-0.18364179134368896,s010
0,-0.028214501217007637,s010
0,-0.005908075254410505,s010
0,-0.010029585100710392,s010
0,-0.012952089309692383,s010
0,-0.004729871172457933,s010
0,-0.015574829652905464,s010
0,-0.010963954031467438,s010
0,-0.010981272906064987,s010
0,-0.01035735197365284,s010
0,-0.024729913100600243,s010
0,-0.010410042479634285,s010
0,-0.019088255241513252,s010
0,-0.042852289974689484,s010
0,-0.0804455503821373,s010
0,-0.0031803552992641926,s010
0,-0.019696179777383804,s010
0,-0.022404450923204422,s010
0,-0.01136045716702938,s010
0,-0.010002371855080128,s010
0,-0.009173723869025707,s010
0,-0.022398311644792557,s010
0,-0.07034070044755936,s010
0,-0.020077204331755638,s010
0,-0.013515290804207325,s010
0,-0.009806258603930473,s010
0,-0.01691952534019947,s010
0,-0.02520146407186985,s010
0,-0.04412112012505531,s010
0,-0.011572551913559437,s010
0,-0.0086970878764987,s010
0,-0.013984935358166695,s010
0,-0.015093207359313965,s010
0,-0.00782837811857462,s010
0,-0.016390779986977577,s010
0,-0.016530819237232208,s010
0,-0.006090020760893822,s010
0,-0.0077990079298615456,s010
0,-0.0032826114911586046,s010
0,-0.010912169702351093,s010
0,-0.008942034095525742,s010
0,-0.011736255139112473,s010
0,-0.012268571183085442,s010
0,-0.051069293171167374,s010
0,-0.008121931925415993,s010
0,-0.028605954721570015,s010
0,-0.020151052623987198,s010
0,-0.025565005838871002,s010
0,-0.009671838022768497,s010
0,-0.01860460825264454,s010
0,-0.0050279139541089535,s010
0,-0.061171311885118484,s010
0,-0.006649337243288755,s010
0,-0.00971069373190403,s010
0,-0.020836180076003075,s010
0,-0.014404967427253723,s010
0,-0.015844879671931267,s010
0,-0.027767548337578773,s010
0,-0.04696311056613922,s010
0,-0.01183277741074562,s010
0,-0.011165272444486618,s010
0,-0.013249981217086315,s010
0,-0.017860231921076775,s010
0,-0.011979913339018822,s010
0,-0.010543200187385082,s010
0,-0.039607129991054535,s010
0,-0.009139149449765682,s010
0,-0.008933779783546925,s010
0,-0.018675265833735466,s010
0,-0.030931837856769562,s010
0,-0.03297349065542221,s010
0,-0.008200540207326412,s010
0,-0.03051474317908287,s010
1,-0.018562933430075645,s011
1,-0.04249671846628189,s011
1,-0.014540595933794975,s011
1,-0.03501272574067116,s011
1,-0.009327379055321217,s011
1,-0.020333029329776764,s011
1,-0.017335759475827217,s011
1,-0.01982555165886879,s011
1,-0.025356274098157883,s011
1,-0.015013517811894417,s011
1,-0.008436326868832111,s011
1,-0.035983435809612274,s011
1,-0.010564569383859634,s011
1,-0.03398292884230614,s011
1,-0.008150872774422169,s011
1,-0.0328277051448822,s011
1,-0.04765791445970535,s011
1,-0.01447190809994936,s011
1,-0.12241365015506744,s011
1,-0.03784579783678055,s011
1,-0.022599099203944206,s011
1,-0.00938444584608078,s011
1,-0.007416348438709974,s011
1,-0.015775011852383614,s011
1,-0.02603030763566494,s011
1,-0.08525931090116501,s011
1,-0.006814065854996443,s011
1,-0.035534609109163284,s011
1,-0.010690131224691868,s011
1,-0.010589818470180035,s011
1,-0.038871344178915024,s011
1,-0.015076100826263428,s011
1,-0.032095767557621,s011
1,-0.01891523413360119,s011
1,-0.020226141437888145,s011
1,-0.01680460385978222,s011
1,-0.026868829503655434,s011
1,-0.04375573992729187,s011
1,-0.010380592197179794,s011
1,-0.04928732290863991,s011
1,-0.009667162783443928,s011
1,-0.0225246399641037,s011
1,-0.01348922960460186,s011
1,-0.024733614176511765,s011
1,-0.017687123268842697,s011
1,-0.006565617397427559,s011
1,-0.029296649619936943,s011
1,-0.0104773985221982,s011
1,-0.03921978175640106,s011
1,-0.01903129555284977,s011
1,-0.06783732771873474,s011
1,-0.022264286875724792,s011
1,-0.038901977241039276,s011
1,-0.009236744605004787,s011
1,-0.024926485493779182,s011
1,-0.020553499460220337,s011
1,-0.03268136456608772,s011
1,-0.04812852665781975,s011
1,-0.008964136242866516,s011
1,-0.004520215094089508,s011
1,-0.021158156916499138,s011
1,-0.029270745813846588,s011
1,-0.00865446962416172,s011
1,-0.01890094392001629,s011
1,-0.05171297863125801,s011
1,-0.02025686763226986,s011
1,-0.005637887865304947,s011
1,-0.041556648910045624,s011
1,-0.017206938937306404,s011
1,-0.011371138505637646,s011
1,-0.025807829573750496,s011
1,-0.02358672022819519,s011
1,-0.004213023465126753,s011
1,-0.02725902386009693,s011
1,-0.020260589197278023,s011
1,-0.020504184067249298,s011
1,-0.013122540898621082,s011
1,-0.0151603352278471,s011
1,-0.048468489199876785,s011
1,-0.01870105043053627,s011
1,-0.00840583723038435,s011
1,-0.01626117154955864,s011
1,-0.023088403046131134,s011
1,-0.02799248695373535,s011
1,-0.005981085821986198,s011
1,-0.02208772487938404,s011
1,-0.007420320529490709,s011
1,-0.024186482653021812,s011
1,-0.02266174554824829,s011
1,-0.09545663744211197,s011
1,-0.027437711134552956,s011
1,-0.05576266720890999,s011
1,-0.030194567516446114,s011
1,-0.020921118557453156,s011
1,-0.02953120693564415,s011
1,-0.02658814936876297,s011
1,-0.029043184593319893,s011
1,-0.009993325918912888,s011
1,-0.009093958884477615,s011
1,-0.010746033862233162,s011
1,-0.03699439391493797,s011
1,-0.020938603207468987,s011
1,-0.0646120235323906,s011
1,-0.02778642624616623,s011
1,-0.01060530450195074,s011
1,-0.0362933985888958,s011
1,-0.0329744890332222,s011
1,-0.021555354818701744,s011
1,-0.01781715825200081,s011
1,-0.0361039862036705,s011
1,-0.017273765057325363,s011
1,-0.032280441373586655,s011
1,-0.014342846348881721,s011
1,-0.013002495281398296,s011
1,-0.03770550712943077,s011
1,-0.020486433058977127,s011
1,-0.01883922517299652,s011
1,-0.04877373203635216,s011
1,-0.011673961766064167,s011
1,-0.012405313551425934,s011
1,-0.024095099419355392,s011
1,-0.018913406878709793,s011
1,-0.023016085848212242,s011
1,-0.024729913100600243,s011
1,-0.030171947553753853,s011
1,-0.018132172524929047,s011
1,-0.03344001993536949,s011
1,-0.008152259513735771,s011
1,-0.036740031093358994,s011
1,-0.02157241851091385,s011
1,-0.01026392076164484,s011
1,-0.02056867629289627,s011
1,-0.00926216784864664,s011
1,-0.020281916484236717,s011
1,-0.04672248288989067,s011
1,-0.04147879406809807,s011
1,-0.01945415325462818,s011
1,-0.01269355695694685,s011
1,-0.024314045906066895,s011
1,-0.00629838602617383,s011
1,-0.011172963306307793,s011
1,-0.0343087762594223,s011
1,-0.021653153002262115,s011
1,-0.03902222588658333,s011
1,-0.013550015166401863,s011
1,-0.02497476525604725,s011
1,-0.011299940757453442,s011
1,-0.038435038179159164,s011
1,-0.01388995349407196,s011
1,-0.03808978572487831,s011
1,-0.010176414623856544,s011
1,-0.05873909220099449,s011
1,-0.02259983867406845,s011
1,-0.029631415382027626,s011
1,-0.012064594775438309,s011
1,-0.019028598442673683,s011
1,-0.019930077716708183,s011
1,-0.006908578332513571,s011
1,-0.017761271446943283,s011
1,-0.021711014211177826,s011
1,-0.01717052422463894,s011
1,-0.01188604161143303,s011
1,-0.01724342629313469,s011
1,-0.026371870189905167,s011
1,-0.02094230428338051,s011
1,-0.020896300673484802,s011
1,-0.007931075990200043,s011
1,-0.048517078161239624,s011
1,-0.0368611142039299,s011
1,-0.03287474066019058,s011
1,-0.018431685864925385,s011
1,-0.01810350827872753,s011
1,-0.06980998069047928,s011
1,-0.01977040246129036,s011
1,-0.024663962423801422,s011
1,-0.020469648763537407,s011
1,-0.04301575571298599,s011
1,-0.027950018644332886,s011
1,-0.03055434674024582,s011
1,-0.023459656164050102,s011
1,-0.015399406664073467,s011
1,-0.02689557708799839,s011
1,-0.04825317859649658,s011
1,-0.00543697364628315,s011
1,-0.015011749230325222,s011
1,-0.01244061067700386,s011
1,-0.055684156715869904,s011
1,-0.01834561675786972,s011
1,-0.04826800897717476,s011
1,-0.010649746283888817,s011
1,-0.030857447534799576,s011
1,-0.032237708568573,s011
1,-0.025376083329319954,s011
1,-0.015401951037347317,s011
1,-0.01618596538901329,s011
1,-0.045267559587955475,s011
1,-0.035183314234018326,s011
1,-0.02385607920587063,s011
1,-0.012250985950231552,s011
1,-0.008781757205724716,s011
0,-0.004111759830266237,s011
0,-0.010267024859786034,s011
0,-0.020428335294127464,s011
0,-0.011549416929483414,s011
0,-0.013086817227303982,s011
0,-0.009199759922921658,s011
0,-0.055538032203912735,s011
0,-0.03242996335029602,s011
0,-0.06603462249040604,s011
0,-0.013372299261391163,s011
0,-0.014478315599262714,s011
0,-0.00683602737262845,s011
0,-0.018128247931599617,s011
0,-0.04989473894238472,s011
0,-0.01655159704387188,s011
0,-0.021915536373853683,s011
0,-0.014903775416314602,s011
0,-0.01151279080659151,s011
0,-0.009241590276360512,s011
0,-0.004494469612836838,s011
0,-0.04331009089946747,s011
0,-0.014533473178744316,s011
0,-0.017213143408298492,s011
0,-0.010959330946207047,s011
0,-0.028538541868329048,s011
0,-0.010411052964627743,s011
0,-0.002219753572717309,s011
0,-0.018043849617242813,s011
0,-0.008654925972223282,s011
0,-0.028275873512029648,s011
0,-0.007915666326880455,s011
0,-0.07164575159549713,s011
0,-0.010798333212733269,s011
0,-0.1549655795097351,s011
0,-0.007758192718029022,s011
0,-0.017273906618356705,s011
0,-0.020407550036907196,s011
0,-0.01082873810082674,s011
0,-0.007815840654075146,s011
0,-0.00741929467767477,s011
0,-0.010976152494549751,s011
0,-0.009422939270734787,s011
0,-0.009104031138122082,s011
0,-0.010246742516756058,s011
0,-0.01211829949170351,s011
0,-0.0171493086963892,s011
0,-0.0030328829307109118,s011
0,-0.015105916187167168,s011
0,-0.010404091328382492,s011
0,-0.04512171819806099,s011
0,-0.03737158700823784,s011
0,-0.020663686096668243,s011
0,-0.04073530063033104,s011
0,-0.010570279322564602,s011
0,-0.030580589547753334,s011
0,-0.004129480104893446,s011
0,-0.025708163157105446,s011
0,-0.035811398178339005,s011
0,-0.016266752034425735,s011
0,-0.03093745931982994,s011
0,-0.00797944888472557,s011
0,-0.004907235968858004,s011
0,-0.07119110226631165,s011
0,-0.007668337784707546,s011
0,-0.01838766224682331,s011
0,-0.01092499028891325,s011
0,-0.01207471638917923,s011
0,-0.018521640449762344,s011
0,-0.019801663234829903,s011
0,-0.020591972395777702,s011
0,-0.017819607630372047,s011
0,-0.01635826751589775,s011
0,-0.01259058341383934,s011
0,-0.012454748153686523,s011
0,-0.008208065293729305,s011
0,-0.024829141795635223,s011
0,-0.038452018052339554,s011
0,-0.009569418616592884,s011
0,-0.016572676599025726,s011
0,-0.041569676250219345,s011
0,-0.005426125135272741,s011
0,-0.15596802532672882,s011
0,-0.010286632925271988,s011
0,-0.00909970048815012,s011
0,-0.006699433550238609,s011
0,-0.008134645409882069,s011
0,-0.02410428784787655,s011
0,-0.010133632458746433,s011
0,-0.009077628143131733,s011
0,-0.009048417210578918,s011
0,-0.020821750164031982,s011
0,-0.014336864463984966,s011
0,-0.010700589045882225,s011
0,-0.011744634248316288,s011
0,-0.010790725238621235,s011
0,-0.06878852844238281,s011
0,-0.03118758089840412,s011
0,-0.02119833417236805,s011
0,-0.03909512981772423,s011
0,-0.06963848322629929,s011
0,-0.01016013603657484,s011
0,-0.05669323727488518,s011
0,-0.031242910772562027,s011
0,-0.038434188812971115,s011
0,-0.03627487272024155,s011
0,-0.00848735123872757,s011
0,-0.003882910590618849,s011
0,-0.0030460061971098185,s011
0,-0.0217365100979805,s011
0,-0.008414308540523052,s011
0,-0.012450444512069225,s011
0,-0.12207930535078049,s011
0,-0.003616803325712681,s011
0,-0.01337107177823782,s011
0,-0.011612831614911556,s011
0,-0.013520311564207077,s011
0,-0.013789840042591095,s011
0,-0.01276294607669115,s011
0,-0.009897860698401928,s011
0,-0.03431854769587517,s011
0,-0.015416552312672138,s011
0,-0.029896050691604614,s011
0,-0.017093079164624214,s011
0,-0.01599220000207424,s011
0,-0.03096677176654339,s011
0,-0.009960776194930077,s011
0,-0.004126492887735367,s011
0,-0.18364179134368896,s011
0,-0.028214501217007637,s011
0,-0.005908075254410505,s011
0,-0.010029585100710392,s011
0,-0.012952089309692383,s011
0,-0.004729871172457933,s011
0,-0.015574829652905464,s011
0,-0.010963954031467438,s011
0,-0.010981272906064987,s011
0,-0.01035735197365284,s011
0,-0.007023525889962912,s011
0,-0.010410042479634285,s011
0,-0.019088255241513252,s011
0,-0.042852289974689484,s011
0,-0.0804455503821373,s011
0,-0.0031803552992641926,s011
0,-0.019696179777383804,s011
0,-0.022404450923204422,s011
0,-0.01136045716702938,s011
0,-0.010002371855080128,s011
0,-0.009173723869025707,s011
0,-0.022398311644792557,s011
0,-0.07034070044755936,s011
0,-0.013841608539223671,s011
0,-0.013515290804207325,s011
0,-0.009806258603930473,s011
0,-0.01691952534019947,s011
0,-0.02520146407186985,s011
0,-0.04412112012505531,s011
0,-0.011572551913559437,s011
0,-0.0086970878764987,s011
0,-0.013984935358166695,s011
0,-0.015093207359313965,s011
0,-0.00782837811857462,s011
0,-0.016390779986977577,s011
0,-0.016530819237232208,s011
0,-0.006090020760893822,s011
0,-0.0077990079298615456,s011
0,-0.0032826114911586046,s011
0,-0.010912169702351093,s011
0,-0.008942034095525742,s011
0,-0.011736255139112473,s011
0,-0.012268571183085442,s011
0,-0.051069293171167374,s011
0,-0.008121931925415993,s011
0,-0.028605954721570015,s011
0,-0.020151052623987198,s011
0,-0.025565005838871002,s011
0,-0.009671838022768497,s011
0,-0.01860460825264454,s011
0,-0.0050279139541089535,s011
0,-0.061171311885118484,s011
0,-0.006649337243288755,s011
0,-0.00971069373190403,s011
0,-0.020836180076003075,s011
0,-0.014404967427253723,s011
0,-0.015844879671931267,s011
0,-0.027767548337578773,s011
0,-0.04696311056613922,s011
0,-0.01183277741074562,s011
0,-0.011165272444486618,s011
0,-0.013249981217086315,s011
0,-0.017860231921076775,s011
0,-0.011979913339018822,s011
0,-0.010543200187385082,s011
0,-0.039607129991054535,s011
0,-0.009139149449765682,s011
0,-0.008933779783546925,s011
0,-0.018675265833735466,s011
0,-0.030931837856769562,s011
0,-0.03297349065542221,s011
0,-0.008200540207326412,s011
0,-0.03051474317908287,s011
1,-0.030644718557596207,s012
1,-0.023319317027926445,s012
1,-0.0091976597905159,s012
1,-0.0057401638478040695,s012
1,-0.0253000445663929,s012
1,-0.017189495265483856,s012
1,-0.026354843750596046,s012
1,-0.02029021829366684,s012
1,-0.02471650391817093,s012
1,-0.020142098888754845,s012
1,-0.0368073433637619,s012
1,-0.018947696313261986,s012
1,-0.008838201873004436,s012
1,-0.031503405421972275,s012
1,-0.015090311877429485,s012
1,-0.020300252363085747,s012
1,-0.012077189050614834,s012
1,-0.023282282054424286,s012
1,-0.04616842791438103,s012
1,-0.028720514848828316,s012
1,-0.036358997225761414,s012
1,-0.021499283611774445,s012
1,-0.011753018945455551,s012
1,-0.013184325769543648,s012
1,-0.0713091716170311,s012
1,-0.029546625912189484,s012
1,-0.01111273467540741,s012
1,-0.027444876730442047,s012
1,-0.04093261435627937,s012
1,-0.015473244711756706,s012
1,-0.008422095328569412,s012
1,-0.09573861956596375,s012
1,-0.027852538973093033,s012
1,-0.06085968762636185,s012
1,-0.028054190799593925,s012
1,-0.03053155541419983,s012
1,-0.03287307173013687,s012
1,-0.01768750324845314,s012
1,-0.025786854326725006,s012
1,-0.07127586752176285,s012
1,-0.02079363539814949,s012
1,-0.012190851382911205,s012
1,-0.025303097441792488,s012
1,-0.02210628241300583,s012
1,-0.020875724032521248,s012
1,-0.044070471078157425,s012
1,-0.01318567618727684,s012
1,-0.019060099497437477,s012
1,-0.023483002558350563,s012
1,-0.04407265782356262,s012
1,-0.017801372334361076,s012
1,-0.017468323931097984,s012
1,-0.04124411195516586,s012
1,-0.021003231406211853,s012
1,-0.037737879902124405,s012
1,-0.04345603287220001,s012
1,-0.05527551472187042,s012
1,-0.012024243362247944,s012
1,-0.013851042836904526,s012
1,-0.01206111442297697,s012
1,-0.020436067134141922,s012
1,-0.02250010520219803,s012
1,-0.02142966352403164,s012
1,-0.035908229649066925,s012
1,-0.023921452462673187,s012
1,-0.033312439918518066,s012
1,-0.04689721018075943,s012
1,-0.034610893577337265,s012
1,-0.03672107681632042,s012
1,-0.009891841560602188,s012
1,-0.02674127370119095,s012
1,-0.034335341304540634,s012
1,-0.013082984834909439,s012
1,-0.028246350586414337,s012
1,-0.022694602608680725,s012
1,-0.02938510663807392,s012
1,-0.016598006710410118,s012
1,-0.021469196304678917,s012
1,-0.03628971427679062,s012
1,-0.04276956990361214,s012
1,-0.013673399575054646,s012
1,-0.021724186837673187,s012
1,-0.05704554542899132,s012
1,-0.031674619764089584,s012
1,-0.014949886128306389,s012
1,-0.022569678723812103,s012
1,-0.014879224821925163,s012
1,-0.007603983860462904,s012
1,-0.02364516444504261,s012
1,-0.010912169702351093,s012
1,-0.02051929198205471,s012
1,-0.02856362797319889,s012
1,-0.019964711740612984,s012
1,-0.039409883320331573,s012
1,-0.04496617615222931,s012
1,-0.022619059309363365,s012
1,-0.050075605511665344,s012
1,-0.03351063281297684,s012
1,-0.028323190286755562,s012
1,-0.027436817064881325,s012
1,-0.057391420006752014,s012
1,-0.024495843797922134,s012
1,-0.028008269146084785,s012
1,-0.0447545163333416,s012
1,-0.01293746568262577,s012
1,-0.008042781613767147,s012
1,-0.022253764793276787,s012
1,-0.02394300140440464,s012
1,-0.03928499296307564,s012
1,-0.009862751699984074,s012
1,-0.024545390158891678,s012
1,-0.020671889185905457,s012
1,-0.014671895653009415,s012
1,-0.018236389383673668,s012
1,-0.0796823799610138,s012
1,-0.05561347305774689,s012
1,-0.011171488091349602,s012
1,-0.02527952939271927,s012
1,-0.05096406862139702,s012
1,-0.038329485803842545,s012
1,-0.018164804205298424,s012
1,-0.01906597428023815,s012
1,-0.03364768996834755,s012
1,-0.04278968647122383,s012
1,-0.051675423979759216,s012
1,-0.019709410145878792,s012
1,-0.03489153832197189,s012
1,-0.07004296779632568,s012
1,-0.046642228960990906,s012
1,-0.035699643194675446,s012
1,-0.015092332847416401,s012
1,-0.03926227241754532,s012
1,-0.02393656224012375,s012
1,-0.03760674595832825,s012
1,-0.0227514561265707,s012
1,-0.010922860354185104,s012
1,-0.02734736166894436,s012
1,-0.024812234565615654,s012
1,-0.056035008281469345,s012
1,-0.029792172834277153,s012
1,-0.05412783846259117,s012
1,-0.030168715864419937,s012
1,-0.028304049745202065,s012
1,-0.041553009301424026,s012
1,-0.031756285578012466,s012
1,-0.014186875894665718,s012
1,-0.03394968807697296,s012
1,-0.02290082536637783,s012
1,-0.03086046688258648,s012
1,-0.042860645800828934,s012
1,-0.019647041335701942,s012
1,-0.08349937945604324,s012
1,-0.027784505859017372,s012
1,-0.014424002729356289,s012
1,-0.01862402632832527,s012
1,-0.025902288034558296,s012
1,-0.01585710234940052,s012
1,-0.006088729947805405,s012
1,-0.07202878594398499,s012
1,-0.0438583679497242,s012
1,-0.039649561047554016,s012
1,-0.016076568514108658,s012
1,-0.02769954316318035,s012
1,-0.01907164603471756,s012
1,-0.04955574497580528,s012
1,-0.012358453124761581,s012
1,-0.03941446170210838,s012
1,-0.028409060090780258,s012
1,-0.01780855655670166,s012
1,-0.023703597486019135,s012
1,-0.028696920722723007,s012
1,-0.2017127126455307,s012
1,-0.009241590276360512,s012
1,-0.056812386959791183,s012
1,-0.022237537428736687,s012
1,-0.02097191847860813,s012
1,-0.0296323224902153,s012
1,-0.010497082956135273,s012
1,-0.0215879138559103,s012
1,-0.01839989423751831,s012
1,-0.010587180033326149,s012
1,-0.014181609265506268,s012
1,-0.04354283586144447,s012
1,-0.09290177375078201,s012
1,-0.020582696422934532,s012
1,-0.0679248496890068,s012
1,-0.014936964027583599,s012
1,-0.030227405950427055,s012
1,-0.01484118402004242,s012
1,-0.02750501222908497,s012
1,-0.02556537091732025,s012
1,-0.10523337125778198,s012
1,-0.09984651207923889,s012
1,-0.019285883754491806,s012
1,-0.011035041883587837,s012
1,-0.043935537338256836,s012
1,-0.05168480426073074,s012
1,-0.04995492473244667,s012
1,-0.06780225038528442,s012
1,-0.01486872136592865,s012
0,-0.004111759830266237,s012
0,-0.010267024859786034,s012
0,-0.020428335294127464,s012
0,-0.011549416929483414,s012
0,-0.013086817227303982,s012
0,-0.009199759922921658,s012
0,-0.055538032203912735,s012
0,-0.03242996335029602,s012
0,-0.06603462249040604,s012
0,-0.013372299261391163,s012
0,-0.014478315599262714,s012
0,-0.00683602737262845,s012
0,-0.018128247931599617,s012
0,-0.04989473894238472,s012
0,-0.01655159704387188,s012
0,-0.021915536373853683,s012
0,-0.014903775416314602,s012
0,-0.01151279080659151,s012
0,-0.06980998069047928,s012
0,-0.004494469612836838,s012
0,-0.04331009089946747,s012
0,-0.014533473178744316,s012
0,-0.017213143408298492,s012
0,-0.010959330946207047,s012
0,-0.028538541868329048,s012
0,-0.010411052964627743,s012
0,-0.002219753572717309,s012
0,-0.018043849617242813,s012
0,-0.008654925972223282,s012
0,-0.028275873512029648,s012
0,-0.007915666326880455,s012
0,-0.07164575159549713,s012
0,-0.010798333212733269,s012
0,-0.1549655795097351,s012
0,-0.007758192718029022,s012
0,-0.017273906618356705,s012
0,-0.020407550036907196,s012
0,-0.01082873810082674,s012
0,-0.007815840654075146,s012
0,-0.00741929467767477,s012
0,-0.010976152494549751,s012
0,-0.009422939270734787,s012
0,-0.009104031138122082,s012
0,-0.010246742516756058,s012
0,-0.01211829949170351,s012
0,-0.0171493086963892,s012
0,-0.0030328829307109118,s012
0,-0.015105916187167168,s012
0,-0.010404091328382492,s012
0,-0.04512171819806099,s012
0,-0.03737158700823784,s012
0,-0.020663686096668243,s012
0,-0.04073530063033104,s012
0,-0.010570279322564602,s012
0,-0.030580589547753334,s012
0,-0.004129480104893446,s012
0,-0.025708163157105446,s012
0,-0.035811398178339005,s012
0,-0.016266752034425735,s012
0,-0.03093745931982994,s012
0,-0.00797944888472557,s012
0,-0.004907235968858004,s012
0,-0.07119110226631165,s012
0,-0.007668337784707546,s012
0,-0.01838766224682331,s012
0,-0.01092499028891325,s012
0,-0.01207471638917923,s012
0,-0.018521640449762344,s012
0,-0.019801663234829903,s012
0,-0.020591972395777702,s012
0,-0.017819607630372047,s012
0,-0.01635826751589775,s012
0,-0.01259058341383934,s012
0,-0.012454748153686523,s012
0,-0.008208065293729305,s012
0,-0.024829141795635223,s012
0,-0.038452018052339554,s012
0,-0.009569418616592884,s012
0,-0.016572676599025726,s012
0,-0.041569676250219345,s012
0,-0.005426125135272741,s012
0,-0.15596802532672882,s012
0,-0.010286632925271988,s012
0,-0.00909970048815012,s012
0,-0.006699433550238609,s012
0,-0.008134645409882069,s012
0,-0.02410428784787655,s012
0,-0.010133632458746433,s012
0,-0.009077628143131733,s012
0,-0.009048417210578918,s012
0,-0.020821750164031982,s012
0,-0.014336864463984966,s012
0,-0.010700589045882225,s012
0,-0.011744634248316288,s012
0,-0.010790725238621235,s012
0,-0.06878852844238281,s012
0,-0.03118758089840412,s012
0,-0.02119833417236805,s012
0,-0.03909512981772423,s012
0,-0.06963848322629929,s012
0,-0.01016013603657484,s012
0,-0.05669323727488518,s012
0,-0.031242910772562027,s012
0,-0.038434188812971115,s012
0,-0.03627487272024155,s012
0,-0.00848735123872757,s012
0,-0.003882910590618849,s012
0,-0.0030460061971098185,s012
0,-0.0217365100979805,s012
0,-0.008414308540523052,s012
0,-0.012450444512069225,s012
0,-0.12207930535078049,s012
0,-0.003616803325712681,s012
0,-0.01337107177823782,s012
0,-0.011612831614911556,s012
0,-0.013520311564207077,s012
0,-0.013789840042591095,s012
0,-0.01276294607669115,s012
0,-0.009897860698401928,s012
0,-0.03431854769587517,s012
0,-0.015416552312672138,s012
0,-0.029896050691604614,s012
0,-0.017093079164624214,s012
0,-0.01599220000207424,s012
0,-0.03096677176654339,s012
0,-0.009960776194930077,s012
0,-0.004126492887735367,s012
0,-0.18364179134368896,s012
0,-0.028214501217007637,s012
0,-0.005908075254410505,s012
0,-0.010029585100710392,s012
0,-0.012952089309692383,s012
0,-0.004729871172457933,s012
0,-0.015574829652905464,s012
0,-0.010963954031467438,s012
0,-0.010981272906064987,s012
0,-0.01035735197365284,s012
0,-0.007023525889962912,s012
0,-0.010410042479634285,s012
0,-0.019088255241513252,s012
0,-0.042852289974689484,s012
0,-0.0804455503821373,s012
0,-0.0031803552992641926,s012
0,-0.019696179777383804,s012
0,-0.022404450923204422,s012
0,-0.01136045716702938,s012
0,-0.010002371855080128,s012
0,-0.009173723869025707,s012
0,-0.022398311644792557,s012
0,-0.07034070044755936,s012
0,-0.013841608539223671,s012
0,-0.013515290804207325,s012
0,-0.009806258603930473,s012
0,-0.009479830972850323,s012
0,-0.02520146407186985,s012
0,-0.04412112012505531,s012
0,-0.011572551913559437,s012
0,-0.0086970878764987,s012
0,-0.013984935358166695,s012
0,-0.015093207359313965,s012
0,-0.00782837811857462,s012
0,-0.016390779986977577,s012
0,-0.016530819237232208,s012
0,-0.006090020760893822,s012
0,-0.0077990079298615456,s012
0,-0.0032826114911586046,s012
0,-0.09545663744211197,s012
0,-0.008942034095525742,s012
0,-0.011736255139112473,s012
0,-0.012268571183085442,s012
0,-0.051069293171167374,s012
0,-0.008121931925415993,s012
0,-0.028605954721570015,s012
0,-0.020151052623987198,s012
0,-0.025565005838871002,s012
0,-0.009671838022768497,s012
0,-0.01860460825264454,s012
0,-0.0050279139541089535,s012
0,-0.061171311885118484,s012
0,-0.006649337243288755,s012
0,-0.00971069373190403,s012
0,-0.020836180076003075,s012
0,-0.014404967427253723,s012
0,-0.015844879671931267,s012
0,-0.027767548337578773,s012
0,-0.04696311056613922,s012
0,-0.01183277741074562,s012
0,-0.011165272444486618,s012
0,-0.013249981217086315,s012
0,-0.017860231921076775,s012
0,-0.011979913339018822,s012
0,-0.010543200187385082,s012
0,-0.039607129991054535,s012
0,-0.009139149449765682,s012
0,-0.008933779783546925,s012
0,-0.018675265833735466,s012
0,-0.030931837856769562,s012
0,-0.03297349065542221,s012
0,-0.008200540207326412,s012
0,-0.03051474317908287,s012
1,-0.02265823446214199,s013
1,-0.014359806664288044,s013
1,-0.006640046369284391,s013
1,-0.007416313514113426,s013
1,-0.013305860571563244,s013
1,-0.018648995086550713,s013
1,-0.004379411693662405,s013
1,-0.007454661186784506,s013
1,-0.012851877138018608,s013
1,-0.012244273908436298,s013
1,-0.008641505613923073,s013
1,-0.008013414219021797,s013
1,-0.03737148270010948,s013
1,-0.006104093510657549,s013
1,-0.011232513934373856,s013
1,-0.008718078956007957,s013
1,-0.006341507658362389,s013
1,-0.01738751493394375,s013
1,-0.010377446189522743,s013
1,-0.006070137955248356,s013
1,-0.015136935748159885,s013
1,-0.029666027054190636,s013
1,-0.008015030063688755,s013
1,-0.007931992411613464,s013
1,-0.009434010833501816,s013
1,-0.010376786813139915,s013
1,-0.010593760758638382,s013
1,-0.014177744276821613,s013
1,-0.005861546378582716,s013
1,-0.0019382975297048688,s013
1,-0.015730181708931923,s013
1,-0.008613787591457367,s013
1,-0.02502000331878662,s013
1,-0.009226572699844837,s013
1,-0.012715206481516361,s013
1,-0.023543521761894226,s013
1,-0.017488446086645126,s013
1,-0.017745492979884148,s013
1,-0.01373128779232502,s013
1,-0.01315617747604847,s013
1,-0.011327139101922512,s013
1,-0.004346680361777544,s013
1,-0.02160141058266163,s013
1,-0.00941626075655222,s013
1,-0.033241063356399536,s013
1,-0.012854614295065403,s013
1,-0.008936122991144657,s013
1,-0.010485989972949028,s013
1,-0.006160955876111984,s013
1,-0.014148048125207424,s013
1,-0.008327933959662914,s013
1,-0.00986435730010271,s013
1,-0.008162245154380798,s013
1,-0.010257038287818432,s013
1,-0.011068645864725113,s013
1,-0.011453082785010338,s013
1,-0.003908125218003988,s013
1,-0.012840162962675095,s013
1,-0.014963249675929546,s013
1,-0.007709721103310585,s013
1,-0.004729871172457933,s013
1,-0.005335204768925905,s013
1,-0.0047956304624676704,s013
1,-0.01137724332511425,s013
1,-0.014975370839238167,s013
1,-0.006645312532782555,s013
1,-0.024948356673121452,s013
1,-0.04412151873111725,s013
1,-0.006042011082172394,s013
1,-0.00564830657094717,s013
1,-0.00575563870370388,s013
1,-0.019476743414998055,s013
1,-0.005344967357814312,s013
1,-0.004671597853302956,s013
1,-0.002680521458387375,s013
1,-0.015445712953805923,s013
1,-0.013190110214054585,s013
1,-0.015945933759212494,s013
1,-0.005454115569591522,s013
1,-0.01284685917198658,s013
1,-0.008063576184213161,s013
1,-0.008889791555702686,s013
1,-0.007524001877754927,s013
1,-0.02063075453042984,s013
1,-0.006395567674189806,s013
1,-0.0041172136552631855,s013
1,-0.012283304706215858,s013
1,-0.018222235143184662,s013
1,-0.008358352817595005,s013
1,-0.007483023684471846,s013
1,-0.0084608169272542,s013
1,-0.009267226792871952,s013
1,-0.008665108121931553,s013
1,-0.00787281896919012,s013
1,-0.032029468566179276,s013
1,-0.006446232087910175,s013
1,-0.011779360473155975,s013
1,-0.008853510953485966,s013
1,-0.008791927248239517,s013
1,-0.006138714030385017,s013
1,-0.00469268299639225,s013
1,-0.007448465563356876,s013
1,-0.006444541271775961,s013
1,-0.007374010048806667,s013
1,-0.01610475778579712,s013
1,-0.009384390898048878,s013
1,-0.005860753357410431,s013
1,-0.013599380850791931,s013
1,-0.013565737754106522,s013
1,-0.008576121181249619,s013
1,-0.00844499096274376,s013
1,-0.0074380445294082165,s013
1,-0.010962452739477158,s013
1,-0.01469972264021635,s013
1,-0.011209668591618538,s013
1,-0.011117515154182911,s013
1,-0.009083668701350689,s013
1,-0.008458221331238747,s013
1,-0.013955909758806229,s013
1,-0.010443273931741714,s013
1,-0.007130791898816824,s013
1,-0.038254983723163605,s013
1,-0.008944598957896233,s013
1,-0.02054016664624214,s013
1,-0.005977291148155928,s013
1,-0.01890605501830578,s013
1,-0.013096336275339127,s013
1,-0.02482113242149353,s013
1,-0.008498454466462135,s013
1,-0.006340363994240761,s013
1,-0.009055971167981625,s013
1,-0.011529209092259407,s013
1,-0.014914368279278278,s013
1,-0.0035674311220645905,s013
1,-0.015270019881427288,s013
1,-0.01104536559432745,s013
1,-0.01141313649713993,s013
1,-0.004836888052523136,s013
1,-0.01626923494040966,s013
1,-0.016344629228115082,s013
1,-0.013012715615332127,s013
1,-0.02059992402791977,s013
1,-0.013350095599889755,s013
1,-0.008678595535457134,s013
1,-0.010251748375594616,s013
1,-0.00664247153326869,s013
1,-0.005791155621409416,s013
1,-0.007561767939478159,s013
1,-0.013364028185606003,s013
1,-0.010940772481262684,s013
1,-0.009219232946634293,s013
1,-0.01459448877722025,s013
1,-0.00918242521584034,s013
1,-0.011054538190364838,s013
1,-0.005115112289786339,s013
1,-0.009045090526342392,s013
1,-0.010392443276941776,s013
1,-0.010856992565095425,s013
1,-0.0071791973896324635,s013
1,-0.0151606984436512,s013
1,-0.013976644724607468,s013
1,-0.009998002089560032,s013
1,-0.004896812606602907,s013
1,-0.011841567233204842,s013
1,-0.004911438096314669,s013
1,-0.005774896126240492,s013
1,-0.01134271640330553,s013
1,-0.0073656123131513596,s013
1,-0.010180752724409103,s013
1,-0.009217273443937302,s013
1,-0.01451442763209343,s013
1,-0.0024645801167935133,s013
1,-0.00726547185331583,s013
1,-0.01824047788977623,s013
1,-0.01835048757493496,s013
1,-0.01132356096059084,s013
1,-0.00969981774687767,s013
1,-0.014150491915643215,s013
1,-0.009239641018211842,s013
1,-0.010142174549400806,s013
1,-0.02309335209429264,s013
1,-0.00936164241284132,s013
1,-0.021772727370262146,s013
1,-0.018818095326423645,s013
1,-0.011520705185830593,s013
1,-0.014151442795991898,s013
1,-0.022428415715694427,s013
1,-0.01594417542219162,s013
1,-0.005269222892820835,s013
1,-0.03381068632006645,s013
1,-0.01398114487528801,s013
1,-0.020895740017294884,s013
1,-0.00827718898653984,s013
1,-0.0072560724802315235,s013
1,-0.021743830293416977,s013
1,-0.008352844975888729,s013
1,-0.011100339703261852,s013
1,-0.012229873798787594,s013
1,-0.014228916727006435,s013
1,-0.013065870851278305,s013
0,-0.004111759830266237,s013
0,-0.010267024859786034,s013
0,-0.020428335294127464,s013
0,-0.011549416929483414,s013
0,-0.013086817227303982,s013
0,-0.009199759922921658,s013
0,-0.055538032203912735,s013
0,-0.03242996335029602,s013
0,-0.06603462249040604,s013
0,-0.013372299261391163,s013
0,-0.014478315599262714,s013
0,-0.00683602737262845,s013
0,-0.018128247931599617,s013
0,-0.04989473894238472,s013
0,-0.01655159704387188,s013
0,-0.021915536373853683,s013
0,-0.014903775416314602,s013
0,-0.01151279080659151,s013
0,-0.06980998069047928,s013
0,-0.004494469612836838,s013
0,-0.04331009089946747,s013
0,-0.014533473178744316,s013
0,-0.017213143408298492,s013
0,-0.010959330946207047,s013
0,-0.028538541868329048,s013
0,-0.010411052964627743,s013
0,-0.002219753572717309,s013
0,-0.018043849617242813,s013
0,-0.008654925972223282,s013
0,-0.028275873512029648,s013
0,-0.007915666326880455,s013
0,-0.07164575159549713,s013
0,-0.010798333212733269,s013
0,-0.1549655795097351,s013
0,-0.007758192718029022,s013
0,-0.017273906618356705,s013
0,-0.020407550036907196,s013
0,-0.01082873810082674,s013
0,-0.007815840654075146,s013
0,-0.00741929467767477,s013
0,-0.010976152494549751,s013
0,-0.009422939270734787,s013
0,-0.009104031138122082,s013
0,-0.010246742516756058,s013
0,-0.01211829949170351,s013
0,-0.0171493086963892,s013
0,-0.0030328829307109118,s013
0,-0.015105916187167168,s013
0,-0.010404091328382492,s013
0,-0.04512171819806099,s013
0,-0.03737158700823784,s013
0,-0.020663686096668243,s013
0,-0.04073530063033104,s013
0,-0.010570279322564602,s013
0,-0.030580589547753334,s013
0,-0.004129480104893446,s013
0,-0.025708163157105446,s013
0,-0.035811398178339005,s013
0,-0.016266752034425735,s013
0,-0.03093745931982994,s013
0,-0.00797944888472557,s013
0,-0.004907235968858004,s013
0,-0.07119110226631165,s013
0,-0.007668337784707546,s013
0,-0.01838766224682331,s013
0,-0.01092499028891325,s013
0,-0.01207471638917923,s013
0,-0.018521640449762344,s013
0,-0.019801663234829903,s013
0,-0.020591972395777702,s013
0,-0.017819607630372047,s013
0,-0.01635826751589775,s013
0,-0.01259058341383934,s013
0,-0.012454748153686523,s013
0,-0.008208065293729305,s013
0,-0.024829141795635223,s013
0,-0.038452018052339554,s013
0,-0.009569418616592884,s013
0,-0.016572676599025726,s013
0,-0.041569676250219345,s013
0,-0.005426125135272741,s013
0,-0.15596802532672882,s013
0,-0.010286632925271988,s013
0,-0.013894530013203621,s013
0,-0.006699433550238609,s013
0,-0.008134645409882069,s013
0,-0.02410428784787655,s013
0,-0.010133632458746433,s013
0,-0.009077628143131733,s013
0,-0.009048417210578918,s013
0,-0.020821750164031982,s013
0,-0.014336864463984966,s013
0,-0.010700589045882225,s013
0,-0.024405431002378464,s013
0,-0.010790725238621235,s013
0,-0.06878852844238281,s013
0,-0.03118758089840412,s013
0,-0.02119833417236805,s013
0,-0.03909512981772423,s013
0,-0.06963848322629929,s013
0,-0.01016013603657484,s013
0,-0.05669323727488518,s013
0,-0.031242910772562027,s013
0,-0.038434188812971115,s013
0,-0.03627487272024155,s013
0,-0.00848735123872757,s013
0,-0.003882910590618849,s013
0,-0.0030460061971098185,s013
0,-0.0217365100979805,s013
0,-0.008414308540523052,s013
0,-0.012450444512069225,s013
0,-0.12207930535078049,s013
0,-0.003616803325712681,s013
0,-0.01337107177823782,s013
0,-0.011612831614911556,s013
0,-0.013520311564207077,s013
0,-0.013789840042591095,s013
0,-0.01276294607669115,s013
0,-0.009897860698401928,s013
0,-0.03431854769587517,s013
0,-0.015416552312672138,s013
0,-0.029896050691604614,s013
0,-0.017093079164624214,s013
0,-0.01599220000207424,s013
0,-0.03096677176654339,s013
0,-0.009960776194930077,s013
0,-0.004126492887735367,s013
0,-0.18364179134368896,s013
0,-0.028214501217007637,s013
0,-0.005908075254410505,s013
0,-0.010029585100710392,s013
0,-0.012952089309692383,s013
0,-0.020436067134141922,s013
0,-0.015574829652905464,s013
0,-0.010963954031467438,s013
0,-0.010981272906064987,s013
0,-0.01035735197365284,s013
0,-0.007023525889962912,s013
0,-0.010410042479634285,s013
0,-0.019088255241513252,s013
0,-0.042852289974689484,s013
0,-0.0804455503821373,s013
0,-0.0031803552992641926,s013
0,-0.019696179777383804,s013
0,-0.022404450923204422,s013
0,-0.01136045716702938,s013
0,-0.010002371855080128,s013
0,-0.009173723869025707,s013
0,-0.022398311644792557,s013
0,-0.07034070044755936,s013
0,-0.013841608539223671,s013
0,-0.04957210645079613,s013
0,-0.009806258603930473,s013
0,-0.009479830972850323,s013
0,-0.02520146407186985,s013
0,-0.04412112012505531,s013
0,-0.011572551913559437,s013
0,-0.0086970878764987,s013
0,-0.013984935358166695,s013
0,-0.015093207359313965,s013
0,-0.00782837811857462,s013
0,-0.016390779986977577,s013
0,-0.016530819237232208,s013
0,-0.006090020760893822,s013
0,-0.0077990079298615456,s013
0,-0.0032826114911586046,s013
0,-0.09545663744211197,s013
0,-0.008942034095525742,s013
0,-0.011736255139112473,s013
0,-0.012268571183085442,s013
0,-0.051069293171167374,s013
0,-0.008121931925415993,s013
0,-0.028605954721570015,s013
0,-0.020151052623987198,s013
0,-0.025565005838871002,s013
0,-0.009671838022768497,s013
0,-0.01860460825264454,s013
0,-0.0050279139541089535,s013
0,-0.061171311885118484,s013
0,-0.006649337243288755,s013
0,-0.00971069373190403,s013
0,-0.020836180076003075,s013
0,-0.014404967427253723,s013
0,-0.015844879671931267,s013
0,-0.027767548337578773,s013
0,-0.04696311056613922,s013
0,-0.01183277741074562,s013
0,-0.011165272444486618,s013
0,-0.013249981217086315,s013
0,-0.017860231921076775,s013
0,-0.011979913339018822,s013
0,-0.010543200187385082,s013
0,-0.039607129991054535,s013
0,-0.009139149449765682,s013
0,-0.03055402636528015,s013
0,-0.018675265833735466,s013
0,-0.030931837856769562,s013
0,-0.03297349065542221,s013
0,-0.008200540207326412,s013
0,-0.03051474317908287,s013
1,-0.012472483329474926,s015
1,-0.02411036007106304,s015
1,-0.004790443927049637,s015
1,-0.007322294171899557,s015
1,-0.02733778767287731,s015
1,-0.010714972391724586,s015
1,-0.005967568140476942,s015
1,-0.008137122727930546,s015
1,-0.012705886736512184,s015
1,-0.02378707192838192,s015
1,-0.008822347037494183,s015
1,-0.009211484342813492,s015
1,-0.011796648614108562,s015
1,-0.005026862025260925,s015
1,-0.02123090624809265,s015
1,-0.01790843904018402,s015
1,-0.013591148890554905,s015
1,-0.00921060610562563,s015
1,-0.02410019561648369,s015
1,-0.0076529416255652905,s015
1,-0.011845708824694157,s015
1,-0.02012464962899685,s015
1,-0.01434388104826212,s015
1,-0.002910853363573551,s015
1,-0.006935767363756895,s015
1,-0.00708374148234725,s015
1,-0.007291099056601524,s015
1,-0.021149732172489166,s015
1,-0.03312574326992035,s015
1,-0.008885511197149754,s015
1,-0.00745728425681591,s015
1,-0.008302866481244564,s015
1,-0.01183741632848978,s015
1,-0.016517579555511475,s015
1,-0.013345452025532722,s015
1,-0.03907105326652527,s015
1,-0.009726524353027344,s015
1,-0.027661960572004318,s015
1,-0.011697039008140564,s015
1,-0.015533074736595154,s015
1,-0.01910638064146042,s015
1,-0.02011829987168312,s015
1,-0.06629244238138199,s015
1,-0.007842786610126495,s015
1,-0.016681000590324402,s015
1,-0.029030773788690567,s015
1,-0.02520146407186985,s015
1,-0.011170106939971447,s015
1,-0.028679247945547104,s015
1,-0.010168262757360935,s015
1,-0.024298928678035736,s015
1,-0.017462212592363358,s015
1,-0.007746434770524502,s015
1,-0.014858744107186794,s015
1,-0.0655849277973175,s015
1,-0.010006348602473736,s015
1,-0.008585138246417046,s015
1,-0.01077863946557045,s015
1,-0.0019059343030676246,s015
1,-0.011177916079759598,s015
1,-0.019822699949145317,s015
1,-0.0076930769719183445,s015
1,-0.009339539334177971,s015
1,-0.009268688037991524,s015
1,-0.02137078158557415,s015
1,-0.018911071121692657,s015
1,-0.017325935885310173,s015
1,-0.009271813556551933,s015
1,-0.024173203855752945,s015
1,-0.0017409382853657007,s015
1,-0.003098607761785388,s015
1,-0.021739406511187553,s015
1,-0.010276452638208866,s015
1,-0.007717498578131199,s015
1,-0.012836365960538387,s015
1,-0.010099674575030804,s015
1,-0.008968928828835487,s015
1,-0.01261995080858469,s015
1,-0.0049168411642313,s015
1,-0.02109612338244915,s015
1,-0.005048045888543129,s015
1,-0.018848253414034843,s015
1,-0.03221571445465088,s015
1,-0.01330864243209362,s015
1,-0.023602498695254326,s015
1,-0.04856806620955467,s015
1,-0.012201433070003986,s015
1,-0.023372847586870193,s015
1,-0.010240811854600906,s015
1,-0.0075419386848807335,s015
1,-0.015724115073680878,s015
1,-0.015958229079842567,s015
1,-0.008774328045547009,s015
1,-0.017134156078100204,s015
1,-0.008744973689317703,s015
1,-0.02687736600637436,s015
1,-0.014885339885950089,s015
1,-0.019959256052970886,s015
1,-0.006464479491114616,s015
1,-0.027251025661826134,s015
1,-0.017867375165224075,s015
1,-0.009395820088684559,s015
1,-0.010034844279289246,s015
1,-0.017053991556167603,s015
1,-0.012546462006866932,s015
1,-0.07062530517578125,s015
1,-0.04085443168878555,s015
1,-0.0349082387983799,s015
1,-0.009990946389734745,s015
1,-0.009919364005327225,s015
1,-0.006107099819928408,s015
1,-0.004027178511023521,s015
1,-0.02709350921213627,s015
1,-0.00862881913781166,s015
1,-0.017087837681174278,s015
1,-0.011898939497768879,s015
1,-0.019575942307710648,s015
1,-0.02306530624628067,s015
1,-0.053272657096385956,s015
1,-0.010980568826198578,s015
1,-0.03963704779744148,s015
1,-0.01707029901444912,s015
1,-0.015550692565739155,s015
1,-0.009538980200886726,s015
1,-0.009517960250377655,s015
1,-0.006134870927780867,s015
1,-0.011208903044462204,s015
1,-0.02275247871875763,s015
1,-0.011735187843441963,s015
1,-0.0030863576103001833,s015
1,-0.012087749317288399,s015
1,-0.013194258324801922,s015
1,-0.004312320612370968,s015
1,-0.016346167773008347,s015
1,-0.008771616034209728,s015
1,-0.021307842805981636,s015
1,-0.009922873228788376,s015
1,-0.014867007732391357,s015
1,-0.011414607986807823,s015
1,-0.013307844288647175,s015
1,-0.014271736145019531,s015
1,-0.029261933639645576,s015
1,-0.019797511398792267,s015
1,-0.028491603210568428,s015
1,-0.008200620301067829,s015
1,-0.031184690073132515,s015
1,-0.009928247891366482,s015
1,-0.006354763172566891,s015
1,-0.015020012855529785,s015
1,-0.022342465817928314,s015
1,-0.015643946826457977,s015
1,-0.027558917179703712,s015
1,-0.028404636308550835,s015
1,-0.019831856712698936,s015
1,-0.007062243297696114,s015
1,-0.007928436622023582,s015
1,-0.021425023674964905,s015
1,-0.008888181298971176,s015
1,-0.03789008781313896,s015
1,-0.00826241448521614,s015
1,-0.005769282579421997,s015
1,-0.016815446317195892,s015
1,-0.01581907458603382,s015
1,-0.023478752002120018,s015
1,-0.010342937894165516,s015
1,-0.008612515404820442,s015
1,-0.009096754714846611,s015
1,-0.01428067497909069,s015
1,-0.012716863304376602,s015
1,-0.00555097870528698,s015
1,-0.022862141951918602,s015
1,-0.04884715378284454,s015
1,-0.005481902975589037,s015
1,-0.009287681430578232,s015
1,-0.0069306520745158195,s015
1,-0.02423856221139431,s015
1,-0.002318357117474079,s015
1,-0.010085199028253555,s015
1,-0.020271169021725655,s015
1,-0.010478056035935879,s015
1,-0.019705839455127716,s015
1,-0.012494449503719807,s015
1,-0.028379270806908607,s015
1,-0.013307087123394012,s015
1,-0.09868361055850983,s015
1,-0.015443648211658001,s015
1,-0.008451500907540321,s015
1,-0.017185188829898834,s015
1,-0.01450201217085123,s015
1,-0.008861175738275051,s015
1,-0.04773736745119095,s015
1,-0.011869644746184349,s015
1,-0.009744931012392044,s015
1,-0.007895086891949177,s015
1,-0.03396846726536751,s015
1,-0.014146883971989155,s015
1,-0.013209105469286442,s015
1,-0.007156034465879202,s015
1,-0.004804727155715227,s015
1,-0.027068721130490303,s015
0,-0.004111759830266237,s015
0,-0.010267024859786034,s015
0,-0.020428335294127464,s015
0,-0.011549416929483414,s015
0,-0.013086817227303982,s015
0,-0.009199759922921658,s015
0,-0.055538032203912735,s015
0,-0.03242996335029602,s015
0,-0.06603462249040604,s015
0,-0.013372299261391163,s015
0,-0.014478315599262714,s015
0,-0.00683602737262845,s015
0,-0.018128247931599617,s015
0,-0.04989473894238472,s015
0,-0.01655159704387188,s015
0,-0.021915536373853683,s015
0,-0.014903775416314602,s015
0,-0.01151279080659151,s015
0,-0.06980998069047928,s015
0,-0.004494469612836838,s015
0,-0.04331009089946747,s015
0,-0.014533473178744316,s015
0,-0.017213143408298492,s015
0,-0.010959330946207047,s015
0,-0.028538541868329048,s015
0,-0.010411052964627743,s015
0,-0.002219753572717309,s015
0,-0.018043849617242813,s015
0,-0.008654925972223282,s015
0,-0.028275873512029648,s015
0,-0.007915666326880455,s015
0,-0.07164575159549713,s015
0,-0.010798333212733269,s015
0,-0.1549655795097351,s015
0,-0.007758192718029022,s015
0,-0.017273906618356705,s015
0,-0.020407550036907196,s015
0,-0.01082873810082674,s015
0,-0.007815840654075146,s015
0,-0.00741929467767477,s015
0,-0.010976152494549751,s015
0,-0.009422939270734787,s015
0,-0.009104031138122082,s015
0,-0.010246742516756058,s015
0,-0.01211829949170351,s015
0,-0.0171493086963892,s015
0,-0.0030328829307109118,s015
0,-0.015105916187167168,s015
0,-0.010404091328382492,s015
0,-0.04512171819806099,s015
0,-0.03737158700823784,s015
0,-0.020663686096668243,s015
0,-0.04073530063033104,s015
0,-0.010570279322564602,s015
0,-0.030580589547753334,s015
0,-0.004129480104893446,s015
0,-0.025708163157105446,s015
0,-0.035811398178339005,s015
0,-0.016266752034425735,s015
0,-0.03093745931982994,s015
0,-0.00797944888472557,s015
0,-0.004907235968858004,s015
0,-0.07119110226631165,s015
0,-0.007668337784707546,s015
0,-0.01838766224682331,s015
0,-0.01092499028891325,s015
0,-0.01207471638917923,s015
0,-0.018521640449762344,s015
0,-0.019801663234829903,s015
0,-0.020591972395777702,s015
0,-0.017819607630372047,s015
0,-0.01635826751589775,s015
0,-0.01259058341383934,s015
0,-0.012454748153686523,s015
0,-0.008208065293729305,s015
0,-0.024829141795635223,s015
0,-0.038452018052339554,s015
0,-0.009569418616592884,s015
0,-0.016572676599025726,s015
0,-0.041569676250219345,s015
0,-0.005426125135272741,s015
0,-0.15596802532672882,s015
0,-0.010286632925271988,s015
0,-0.013894530013203621,s015
0,-0.006699433550238609,s015
0,-0.008134645409882069,s015
0,-0.02410428784787655,s015
0,-0.010133632458746433,s015
0,-0.009077628143131733,s015
0,-0.009048417210578918,s015
0,-0.020821750164031982,s015
0,-0.014336864463984966,s015
0,-0.010700589045882225,s015
0,-0.024405431002378464,s015
0,-0.010790725238621235,s015
0,-0.06878852844238281,s015
0,-0.03118758089840412,s015
0,-0.02119833417236805,s015
0,-0.03909512981772423,s015
0,-0.06963848322629929,s015
0,-0.01016013603657484,s015
0,-0.05669323727488518,s015
0,-0.031242910772562027,s015
0,-0.038434188812971115,s015
0,-0.03627487272024155,s015
0,-0.00848735123872757,s015
0,-0.003882910590618849,s015
0,-0.0030460061971098185,s015
0,-0.0217365100979805,s015
0,-0.008414308540523052,s015
0,-0.012450444512069225,s015
0,-0.12207930535078049,s015
0,-0.003616803325712681,s015
0,-0.01337107177823782,s015
0,-0.011612831614911556,s015
0,-0.013520311564207077,s015
0,-0.013789840042591095,s015
0,-0.01276294607669115,s015
0,-0.009897860698401928,s015
0,-0.03431854769587517,s015
0,-0.015416552312672138,s015
0,-0.029896050691604614,s015
0,-0.017093079164624214,s015
0,-0.01599220000207424,s015
0,-0.03096677176654339,s015
0,-0.009960776194930077,s015
0,-0.004126492887735367,s015
0,-0.18364179134368896,s015
0,-0.028214501217007637,s015
0,-0.005908075254410505,s015
0,-0.010029585100710392,s015
0,-0.012952089309692383,s015
0,-0.020436067134141922,s015
0,-0.015574829652905464,s015
0,-0.010963954031467438,s015
0,-0.00827333889901638,s015
0,-0.01035735197365284,s015
0,-0.007023525889962912,s015
0,-0.010410042479634285,s015
0,-0.019088255241513252,s015
0,-0.042852289974689484,s015
0,-0.0804455503821373,s015
0,-0.0031803552992641926,s015
0,-0.019696179777383804,s015
0,-0.022404450923204422,s015
0,-0.01136045716702938,s015
0,-0.010002371855080128,s015
0,-0.009173723869025707,s015
0,-0.022398311644792557,s015
0,-0.07034070044755936,s015
0,-0.013841608539223671,s015
0,-0.04957210645079613,s015
0,-0.009806258603930473,s015
0,-0.009479830972850323,s015
0,-0.008936122991144657,s015
0,-0.04412112012505531,s015
0,-0.011572551913559437,s015
0,-0.0086970878764987,s015
0,-0.013984935358166695,s015
0,-0.015093207359313965,s015
0,-0.00782837811857462,s015
0,-0.016390779986977577,s015
0,-0.016530819237232208,s015
0,-0.006090020760893822,s015
0,-0.0077990079298615456,s015
0,-0.0032826114911586046,s015
0,-0.09545663744211197,s015
0,-0.008942034095525742,s015
0,-0.011736255139112473,s015
0,-0.012268571183085442,s015
0,-0.051069293171167374,s015
0,-0.008121931925415993,s015
0,-0.028605954721570015,s015
0,-0.020151052623987198,s015
0,-0.025565005838871002,s015
0,-0.009671838022768497,s015
0,-0.01860460825264454,s015
0,-0.0050279139541089535,s015
0,-0.061171311885118484,s015
0,-0.006649337243288755,s015
0,-0.00971069373190403,s015
0,-0.020836180076003075,s015
0,-0.014404967427253723,s015
0,-0.015844879671931267,s015
0,-0.027767548337578773,s015
0,-0.04696311056613922,s015
0,-0.01183277741074562,s015
0,-0.011165272444486618,s015
0,-0.013249981217086315,s015
0,-0.017860231921076775,s015
0,-0.011979913339018822,s015
0,-0.010543200187385082,s015
0,-0.039607129991054535,s015
0,-0.009139149449765682,s015
0,-0.03055402636528015,s015
0,-0.018675265833735466,s015
0,-0.030931837856769562,s015
0,-0.03297349065542221,s015
0,-0.008200540207326412,s015
0,-0.03051474317908287,s015
1,-0.0178799107670784,s016
1,-0.03534189984202385,s016
1,-0.014600200578570366,s016
1,-0.018367670476436615,s016
1,-0.007480249740183353,s016
1,-0.01409668568521738,s016
1,-0.07882943004369736,s016
1,-0.18057402968406677,s016
1,-0.007654143031686544,s016
1,-0.036796197295188904,s016
1,-0.07759272307157516,s016
1,-0.15004757046699524,s016
1,-0.018856048583984375,s016
1,-0.015571913681924343,s016
1,-0.04860399663448334,s016
1,-0.022483842447400093,s016
1,-0.011333305388689041,s016
1,-0.018412737175822258,s016
1,-0.02404516190290451,s016
1,-0.05957115441560745,s016
1,-0.04276259243488312,s016
1,-0.06126092001795769,s016
1,-0.04502953961491585,s016
1,-0.06263753771781921,s016
1,-0.09106197953224182,s016
1,-0.032610926777124405,s016
1,-0.02631376124918461,s016
1,-0.01634955406188965,s016
1,-0.027405552566051483,s016
1,-0.007558912038803101,s016
1,-0.03889051824808121,s016
1,-0.022067448124289513,s016
1,-0.09045154601335526,s016
1,-0.022657010704278946,s016
1,-0.005425846669822931,s016
1,-0.0376134067773819,s016
1,-0.00985812209546566,s016
1,-0.013520311564207077,s016
1,-0.032080214470624924,s016
1,-0.09301867336034775,s016
1,-0.023422978818416595,s016
1,-0.026455098763108253,s016
1,-0.03415071219205856,s016
1,-0.03598582744598389,s016
1,-0.030198829248547554,s016
1,-0.17052243649959564,s016
1,-0.04526957497000694,s016
1,-0.05975981056690216,s016
1,-0.010044830851256847,s016
1,-0.019844219088554382,s016
1,-0.1113857552409172,s016
1,-0.029533399268984795,s016
1,-0.040390744805336,s016
1,-0.060921091586351395,s016
1,-0.02748151496052742,s016
1,-0.0633389949798584,s016
1,-0.03877159208059311,s016
1,-0.025651628151535988,s016
1,-0.049232568591833115,s016
1,-0.038777727633714676,s016
1,-0.018089167773723602,s016
1,-0.03493071347475052,s016
1,-0.03968420624732971,s016
1,-0.02092077024281025,s016
1,-0.05421406403183937,s016
1,-0.024217769503593445,s016
1,-0.04657970368862152,s016
1,-0.0442805141210556,s016
1,-0.035961803048849106,s016
1,-0.04683060199022293,s016
1,-0.05652734264731407,s016
1,-0.06514140963554382,s016
1,-0.05242445319890976,s016
1,-0.10273435711860657,s016
1,-0.03799082338809967,s016
1,-0.02084321528673172,s016
1,-0.03010464645922184,s016
1,-0.0068190149031579494,s016
1,-0.03093366138637066,s016
1,-0.01402224600315094,s016
1,-0.017045754939317703,s016
1,-0.03329067304730415,s016
1,-0.0328473225235939,s016
1,-0.06628219783306122,s016
1,-0.028436021879315376,s016
1,-0.035723522305488586,s016
1,-0.01558570098131895,s016
1,-0.03269660472869873,s016
1,-0.06612914800643921,s016
1,-0.12465700507164001,s016
1,-0.028309835121035576,s016
1,-0.003658240893855691,s016
1,-0.009048417210578918,s016
1,-0.013992249965667725,s016
1,-0.05602236092090607,s016
1,-0.03269914165139198,s016
1,-0.08799383789300919,s016
1,-0.05128908529877663,s016
1,-0.03508565574884415,s016
1,-0.04830167815089226,s016
1,-0.04331009089946747,s016
1,-0.06815622001886368,s016
1,-0.03233937919139862,s016
1,-0.05754459649324417,s016
1,-0.05432527884840965,s016
1,-0.07720331102609634,s016
1,-0.021744560450315475,s016
1,-0.04107140004634857,s016
1,-0.014248977415263653,s016
1,-0.05941159278154373,s016
1,-0.034535109996795654,s016
1,-0.04222811385989189,s016
1,-0.08436544239521027,s016
1,-0.03255067765712738,s016
1,-0.007000168319791555,s016
1,-0.041936442255973816,s016
1,-0.04002304747700691,s016
1,-0.016840331256389618,s016
1,-0.08558648824691772,s016
1,-0.036843545734882355,s016
1,-0.031139731407165527,s016
1,-0.019708262756466866,s016
1,-0.06876230239868164,s016
1,-0.03271928429603577,s016
1,-0.04800761118531227,s016
1,-0.06185528263449669,s016
1,-0.026222780346870422,s016
1,-0.09769946336746216,s016
1,-0.17354893684387207,s016
1,-0.03922348469495773,s016
1,-0.07518904656171799,s016
1,-0.009742043912410736,s016
1,-0.056829921901226044,s016
1,-0.04899405688047409,s016
1,-0.02351677604019642,s016
1,-0.032528795301914215,s016
1,-0.015158668160438538,s016
1,-0.046187352389097214,s016
1,-0.030348416417837143,s016
1,-0.021875999867916107,s016
1,-0.0573706179857254,s016
1,-0.01044301688671112,s016
1,-0.0490020290017128,s016
1,-0.026302941143512726,s016
1,-0.048965949565172195,s016
1,-0.0087627237662673,s016
1,-0.024999693036079407,s016
1,-0.01911344937980175,s016
1,-0.00958850048482418,s016
1,-0.018263353034853935,s016
1,-0.04430503398180008,s016
1,-0.07641169428825378,s016
1,-0.1496468186378479,s016
1,-0.00984869059175253,s016
1,-0.04470529407262802,s016
1,-0.03118758089840412,s016
1,-0.04705765098333359,s016
1,-0.044163353741168976,s016
1,-0.04915378987789154,s016
1,-0.046704456210136414,s016
1,-0.010146678425371647,s016
1,-0.031859662383794785,s016
1,-0.03833206370472908,s016
1,-0.01639421284198761,s016
1,-0.11691871285438538,s016
1,-0.04231325909495354,s016
1,-0.031011708080768585,s016
1,-0.0626138299703598,s016
1,-0.07546727359294891,s016
1,-0.021900204941630363,s016
1,-0.051488716155290604,s016
1,-0.030160963535308838,s016
1,-0.018099728971719742,s016
1,-0.009258921258151531,s016
1,-0.03248094767332077,s016
1,-0.06511532515287399,s016
1,-0.01610451005399227,s016
1,-0.012468100525438786,s016
1,-0.012488185428082943,s016
1,-0.0531509704887867,s016
1,-0.04261511564254761,s016
1,-0.04765276610851288,s016
1,-0.007979550398886204,s016
1,-0.021462399512529373,s016
1,-0.12101921439170837,s016
1,-0.04030647501349449,s016
1,-0.017962733283638954,s016
1,-0.03448684513568878,s016
1,-0.008318286389112473,s016
1,-0.04012387990951538,s016
1,-0.014166593551635742,s016
1,-0.09455747902393341,s016
1,-0.01678980141878128,s016
1,-0.047088637948036194,s016
1,-0.17602194845676422,s016
1,-0.03329023718833923,s016
1,-0.01742536947131157,s016
1,-0.042290814220905304,s016
1,-0.03396248072385788,s016
1,-0.04533206671476364,s016
0,-0.004111759830266237,s016
0,-0.010267024859786034,s016
0,-0.020428335294127464,s016
0,-0.011549416929483414,s016
0,-0.06293431669473648,s016
0,-0.009199759922921658,s016
0,-0.055538032203912735,s016
0,-0.03242996335029602,s016
0,-0.004277286119759083,s016
0,-0.013372299261391163,s016
0,-0.014478315599262714,s016
0,-0.00683602737262845,s016
0,-0.018128247931599617,s016
0,-0.04989473894238472,s016
0,-0.01655159704387188,s016
0,-0.021915536373853683,s016
0,-0.014903775416314602,s016
0,-0.01151279080659151,s016
0,-0.06980998069047928,s016
0,-0.004494469612836838,s016
0,-0.017867375165224075,s016
0,-0.014533473178744316,s016
0,-0.017213143408298492,s016
0,-0.010959330946207047,s016
0,-0.028538541868329048,s016
0,-0.010411052964627743,s016
0,-0.002219753572717309,s016
0,-0.018043849617242813,s016
0,-0.008654925972223282,s016
0,-0.028275873512029648,s016
0,-0.007915666326880455,s016
0,-0.07164575159549713,s016
0,-0.010798333212733269,s016
0,-0.1549655795097351,s016
0,-0.007758192718029022,s016
0,-0.017273906618356705,s016
0,-0.020407550036907196,s016
0,-0.01082873810082674,s016
0,-0.007815840654075146,s016
0,-0.00741929467767477,s016
0,-0.010976152494549751,s016
0,-0.009422939270734787,s016
0,-0.009104031138122082,s016
0,-0.010246742516756058,s016
0,-0.01211829949170351,s016
0,-0.0171493086963892,s016
0,-0.0030328829307109118,s016
0,-0.015105916187167168,s016
0,-0.010404091328382492,s016
0,-0.04512171819806099,s016
0,-0.03737158700823784,s016
0,-0.020663686096668243,s016
0,-0.04073530063033104,s016
0,-0.010570279322564602,s016
0,-0.030580589547753334,s016
0,-0.004129480104893446,s016
0,-0.025708163157105446,s016
0,-0.035811398178339005,s016
0,-0.016266752034425735,s016
0,-0.03093745931982994,s016
0,-0.00797944888472557,s016
0,-0.004907235968858004,s016
0,-0.07119110226631165,s016
0,-0.007668337784707546,s016
0,-0.01838766224682331,s016
0,-0.01092499028891325,s016
0,-0.01207471638917923,s016
0,-0.018521640449762344,s016
0,-0.019801663234829903,s016
0,-0.020591972395777702,s016
0,-0.017819607630372047,s016
0,-0.01635826751589775,s016
0,-0.01259058341383934,s016
0,-0.012454748153686523,s016
0,-0.008208065293729305,s016
0,-0.024829141795635223,s016
0,-0.038452018052339554,s016
0,-0.009569418616592884,s016
0,-0.016572676599025726,s016
0,-0.041569676250219345,s016
0,-0.005426125135272741,s016
0,-0.15596802532672882,s016
0,-0.010286632925271988,s016
0,-0.013894530013203621,s016
0,-0.006699433550238609,s016
0,-0.008134645409882069,s016
0,-0.02410428784787655,s016
0,-0.010133632458746433,s016
0,-0.009077628143131733,s016
0,-0.008774328045547009,s016
0,-0.020821750164031982,s016
0,-0.014336864463984966,s016
0,-0.010700589045882225,s016
0,-0.024405431002378464,s016
0,-0.010790725238621235,s016
0,-0.06878852844238281,s016
0,-0.007928436622023582,s016
0,-0.02119833417236805,s016
0,-0.03909512981772423,s016
0,-0.06963848322629929,s016
0,-0.01016013603657484,s016
0,-0.05669323727488518,s016
0,-0.031242910772562027,s016
0,-0.038434188812971115,s016
0,-0.03627487272024155,s016
0,-0.00848735123872757,s016
0,-0.003882910590618849,s016
0,-0.0030460061971098185,s016
0,-0.0217365100979805,s016
0,-0.008414308540523052,s016
0,-0.012450444512069225,s016
0,-0.12207930535078049,s016
0,-0.003616803325712681,s016
0,-0.01337107177823782,s016
0,-0.011612831614911556,s016
0,-0.027661960572004318,s016
0,-0.013789840042591095,s016
0,-0.01276294607669115,s016
0,-0.009897860698401928,s016
0,-0.03431854769587517,s016
0,-0.015416552312672138,s016
0,-0.029896050691604614,s016
0,-0.017093079164624214,s016
0,-0.01599220000207424,s016
0,-0.03096677176654339,s016
0,-0.009960776194930077,s016
0,-0.004126492887735367,s016
0,-0.18364179134368896,s016
0,-0.028214501217007637,s016
0,-0.005908075254410505,s016
0,-0.010029585100710392,s016
0,-0.012952089309692383,s016
0,-0.020436067134141922,s016
0,-0.015574829652905464,s016
0,-0.010963954031467438,s016
0,-0.00827333889901638,s016
0,-0.01035735197365284,s016
0,-0.007023525889962912,s016
0,-0.010410042479634285,s016
0,-0.019088255241513252,s016
0,-0.042852289974689484,s016
0,-0.0804455503821373,s016
0,-0.0031803552992641926,s016
0,-0.019696179777383804,s016
0,-0.022404450923204422,s016
0,-0.01136045716702938,s016
0,-0.010002371855080128,s016
0,-0.009173723869025707,s016
0,-0.022398311644792557,s016
0,-0.07034070044755936,s016
0,-0.013841608539223671,s016
0,-0.04957210645079613,s016
0,-0.009806258603930473,s016
0,-0.009479830972850323,s016
0,-0.008936122991144657,s016
0,-0.04412112012505531,s016
0,-0.011572551913559437,s016
0,-0.0086970878764987,s016
0,-0.013984935358166695,s016
0,-0.015093207359313965,s016
0,-0.00782837811857462,s016
0,-0.016390779986977577,s016
0,-0.016530819237232208,s016
0,-0.006090020760893822,s016
0,-0.0077990079298615456,s016
0,-0.0032826114911586046,s016
0,-0.09545663744211197,s016
0,-0.008942034095525742,s016
0,-0.011736255139112473,s016
0,-0.012268571183085442,s016
0,-0.051069293171167374,s016
0,-0.008121931925415993,s016
0,-0.028605954721570015,s016
0,-0.020151052623987198,s016
0,-0.025565005838871002,s016
0,-0.009671838022768497,s016
0,-0.01860460825264454,s016
0,-0.0050279139541089535,s016
0,-0.061171311885118484,s016
0,-0.006649337243288755,s016
0,-0.00971069373190403,s016
0,-0.020836180076003075,s016
0,-0.014404967427253723,s016
0,-0.015844879671931267,s016
0,-0.027767548337578773,s016
0,-0.04696311056613922,s016
0,-0.01183277741074562,s016
0,-0.011165272444486618,s016
0,-0.013249981217086315,s016
0,-0.018749358132481575,s016
0,-0.011979913339018822,s016
0,-0.010543200187385082,s016
0,-0.039607129991054535,s016
0,-0.009139149449765682,s016
0,-0.03055402636528015,s016
0,-0.018675265833735466,s016
0,-0.030931837856769562,s016
0,-0.03297349065542221,s016
0,-0.008200540207326412,s016
0,-0.03051474317908287,s016
1,-0.004285041708499193,s017
1,-0.006668806541711092,s017
1,-0.01834285818040371,s017
1,-0.007040859200060368,s017
1,-0.015784163028001785,s017
1,-0.008533772081136703,s017
1,-0.02331329882144928,s017
1,-0.008725123479962349,s017
1,-0.01461462490260601,s017
1,-0.009677071124315262,s017
1,-0.02820858731865883,s017
1,-0.006628208793699741,s017
1,-0.00711564626544714,s017
1,-0.009644259698688984,s017
1,-0.015422589145600796,s017
1,-0.01030628103762865,s017
1,-0.01501069962978363,s017
1,-0.00508262449875474,s017
1,-0.004829540848731995,s017
1,-0.0071142143569886684,s017
1,-0.007304090540856123,s017
1,-0.010032408870756626,s017
1,-0.0066189030185341835,s017
1,-0.011335566639900208,s017
1,-0.029658427461981773,s017
1,-0.006676505785435438,s017
1,-0.012488730251789093,s017
1,-0.010153855197131634,s017
1,-0.013713322579860687,s017
1,-0.015970788896083832,s017
1,-0.013459797948598862,s017
1,-0.009984324686229229,s017
1,-0.007239189464598894,s017
1,-0.013688329607248306,s017
1,-0.014498601667582989,s017
1,-0.008878346532583237,s017
1,-0.012675442732870579,s017
1,-0.02964269369840622,s017
1,-0.012029170989990234,s017
1,-0.009743629023432732,s017
1,-0.006528087425976992,s017
1,-0.007666740100830793,s017
1,-0.009312310256063938,s017
1,-0.025015924125909805,s017
1,-0.009330683387815952,s017
1,-0.005846750922501087,s017
1,-0.009059697389602661,s017
1,-0.010352421551942825,s017
1,-0.007780684158205986,s017
1,-0.018283510580658913,s017
1,-0.016010630875825882,s017
1,-0.015528824180364609,s017
1,-0.012593117542564869,s017
1,-0.00777715677395463,s017
1,-0.009583440609276295,s017
1,-0.0038436928298324347,s017
1,-0.012760424986481667,s017
1,-0.019011490046977997,s017
1,-0.046367477625608444,s017
1,-0.01612921804189682,s017
1,-0.0045362054370343685,s017
1,-0.010903810150921345,s017
1,-0.01802077516913414,s017
1,-0.009142015129327774,s017
1,-0.0077787479385733604,s017
1,-0.015607292763888836,s017
1,-0.011165272444486618,s017
1,-0.012005948461592197,s017
1,-0.01685859076678753,s017
1,-0.01214076578617096,s017
1,-0.015451676212251186,s017
1,-0.005031983833760023,s017
1,-0.007413161918520927,s017
1,-0.020010298117995262,s017
1,-0.007133364677429199,s017
1,-0.02326510287821293,s017
1,-0.01600790023803711,s017
1,-0.013709175400435925,s017
1,-0.0165551770478487,s017
1,-0.009710872545838356,s017
1,-0.012161266058683395,s017
1,-0.011622410267591476,s017
1,-0.008742529898881912,s017
1,-0.006433764472603798,s017
1,-0.00839147623628378,s017
1,-0.0101711330935359,s017
1,-0.010834453627467155,s017
1,-0.00582005875185132,s017
1,-0.004677604418247938,s017
1,-0.020150190219283104,s017
1,-0.00938502885401249,s017
1,-0.009104031138122082,s017
1,-0.012539802119135857,s017
1,-0.008714861236512661,s017
1,-0.005694268736988306,s017
1,-0.004862454254180193,s017
1,-0.009751729667186737,s017
1,-0.014918084256350994,s017
1,-0.015127922408282757,s017
1,-0.005632508546113968,s017
1,-0.015038076788187027,s017
1,-0.008178679272532463,s017
1,-0.014856508933007717,s017
1,-0.012585352174937725,s017
1,-0.01568479835987091,s017
1,-0.0058424328453838825,s017
1,-0.005462040659040213,s017
1,-0.015188981778919697,s017
1,-0.004202030599117279,s017
1,-0.006327459122985601,s017
1,-0.006184562109410763,s017
1,-0.007722954731434584,s017
1,-0.01092499028891325,s017
1,-0.006702648941427469,s017
1,-0.019762955605983734,s017
1,-0.007934659719467163,s017
1,-0.01039531733840704,s017
1,-0.009777209721505642,s017
1,-0.007839204743504524,s017
1,-0.006144761573523283,s017
1,-0.025304991751909256,s017
1,-0.007408750709146261,s017
1,-0.0103823347017169,s017
1,-0.014332438819110394,s017
1,-0.017476296052336693,s017
1,-0.00430127140134573,s017
1,-0.009199759922921658,s017
1,-0.010737290605902672,s017
1,-0.019889097660779953,s017
1,-0.007627809885889292,s017
1,-0.012487049214541912,s017
1,-0.005966952070593834,s017
1,-0.008764519356191158,s017
1,-0.006183471065014601,s017
1,-0.019021328538656235,s017
1,-0.015050854533910751,s017
1,-0.009227856062352657,s017
1,-0.01052545104175806,s017
1,-0.004213789012283087,s017
1,-0.01544970739632845,s017
1,-0.01026746816933155,s017
1,-0.013121883384883404,s017
1,-0.0033695853780955076,s017
1,-0.010772932320833206,s017
1,-0.011671420186758041,s017
1,-0.008568954654037952,s017
1,-0.019225724041461945,s017
1,-0.013449196703732014,s017
1,-0.01805069111287594,s017
1,-0.02346377819776535,s017
1,-0.014257239177823067,s017
1,-0.008933689445257187,s017
1,-0.008736040443181992,s017
1,-0.018063928931951523,s017
1,-0.010390191338956356,s017
1,-0.010661189444363117,s017
1,-0.007645928300917149,s017
1,-0.02397625707089901,s017
1,-0.011127712205052376,s017
1,-0.014836971648037434,s017
1,-0.01688649132847786,s017
1,-0.013500507920980453,s017
1,-0.0052747842855751514,s017
1,-0.014336864463984966,s017
1,-0.010184889659285545,s017
1,-0.010052476078271866,s017
1,-0.009395862929522991,s017
1,-0.008750739507377148,s017
1,-0.008579181507229805,s017
1,-0.01074826531112194,s017
1,-0.0186338871717453,s017
1,-0.008554785512387753,s017
1,-0.01274227723479271,s017
1,-0.0175265334546566,s017
1,-0.01179394032806158,s017
1,-0.008300350047647953,s017
1,-0.017519231885671616,s017
1,-0.011614230461418629,s017
1,-0.011925231665372849,s017
1,-0.007351182401180267,s017
1,-0.009591007605195045,s017
1,-0.013115394860506058,s017
1,-0.018573326990008354,s017
1,-0.013141951523721218,s017
1,-0.024338241666555405,s017
1,-0.005763552151620388,s017
1,-0.01175084337592125,s017
1,-0.009143722243607044,s017
1,-0.01688087172806263,s017
1,-0.01674422062933445,s017
1,-0.0061082253232598305,s017
1,-0.006188500672578812,s017
1,-0.012906437739729881,s017
1,-0.008441069163382053,s017
1,-0.003545951098203659,s017
1,-0.008108769543468952,s017
1,-0.006607296410948038,s017
1,-0.011914473958313465,s017
1,-0.009621817618608475,s017
1,-0.008363517001271248,s017
0,-0.004111759830266237,s017
0,-0.010267024859786034,s017
0,-0.020428335294127464,s017
0,-0.011549416929483414,s017
0,-0.06293431669473648,s017
0,-0.026222780346870422,s017
0,-0.055538032203912735,s017
0,-0.03242996335029602,s017
0,-0.004277286119759083,s017
0,-0.013372299261391163,s017
0,-0.014478315599262714,s017
0,-0.00683602737262845,s017
0,-0.018128247931599617,s017
0,-0.04989473894238472,s017
0,-0.01655159704387188,s017
0,-0.021915536373853683,s017
0,-0.014903775416314602,s017
0,-0.01151279080659151,s017
0,-0.06980998069047928,s017
0,-0.004494469612836838,s017
0,-0.017867375165224075,s017
0,-0.014533473178744316,s017
0,-0.017213143408298492,s017
0,-0.010959330946207047,s017
0,-0.028538541868329048,s017
0,-0.010411052964627743,s017
0,-0.002219753572717309,s017
0,-0.018043849617242813,s017
0,-0.008654925972223282,s017
0,-0.028275873512029648,s017
0,-0.007915666326880455,s017
0,-0.07164575159549713,s017
0,-0.010798333212733269,s017
0,-0.1549655795097351,s017
0,-0.007758192718029022,s017
0,-0.017273906618356705,s017
0,-0.020407550036907196,s017
0,-0.01082873810082674,s017
0,-0.007815840654075146,s017
0,-0.00741929467767477,s017
0,-0.010976152494549751,s017
0,-0.009422939270734787,s017
0,-0.003658240893855691,s017
0,-0.010246742516756058,s017
0,-0.01211829949170351,s017
0,-0.0171493086963892,s017
0,-0.0030328829307109118,s017
0,-0.015105916187167168,s017
0,-0.010404091328382492,s017
0,-0.04512171819806099,s017
0,-0.03737158700823784,s017
0,-0.020663686096668243,s017
0,-0.04073530063033104,s017
0,-0.010570279322564602,s017
0,-0.030580589547753334,s017
0,-0.004129480104893446,s017
0,-0.025708163157105446,s017
0,-0.035811398178339005,s017
0,-0.016266752034425735,s017
0,-0.03093745931982994,s017
0,-0.00797944888472557,s017
0,-0.004907235968858004,s017
0,-0.07119110226631165,s017
0,-0.007668337784707546,s017
0,-0.01838766224682331,s017
0,-0.08436544239521027,s017
0,-0.01076222863048315,s017
0,-0.018521640449762344,s017
0,-0.019801663234829903,s017
0,-0.020591972395777702,s017
0,-0.017819607630372047,s017
0,-0.01635826751589775,s017
0,-0.01259058341383934,s017
0,-0.012454748153686523,s017
0,-0.008208065293729305,s017
0,-0.024829141795635223,s017
0,-0.038452018052339554,s017
0,-0.009569418616592884,s017
0,-0.016572676599025726,s017
0,-0.041569676250219345,s017
0,-0.005426125135272741,s017
0,-0.15596802532672882,s017
0,-0.010286632925271988,s017
0,-0.013894530013203621,s017
0,-0.006699433550238609,s017
0,-0.008134645409882069,s017
0,-0.02410428784787655,s017
0,-0.010133632458746433,s017
0,-0.009077628143131733,s017
0,-0.008774328045547009,s017
0,-0.020821750164031982,s017
0,-0.01639421284198761,s017
0,-0.010700589045882225,s017
0,-0.024405431002378464,s017
0,-0.010790725238621235,s017
0,-0.06878852844238281,s017
0,-0.007928436622023582,s017
0,-0.02119833417236805,s017
0,-0.03909512981772423,s017
0,-0.06963848322629929,s017
0,-0.01016013603657484,s017
0,-0.05669323727488518,s017
0,-0.031242910772562027,s017
0,-0.038434188812971115,s017
0,-0.03627487272024155,s017
0,-0.00848735123872757,s017
0,-0.003882910590618849,s017
0,-0.0030460061971098185,s017
0,-0.0217365100979805,s017
0,-0.008414308540523052,s017
0,-0.012450444512069225,s017
0,-0.12207930535078049,s017
0,-0.003616803325712681,s017
0,-0.01337107177823782,s017
0,-0.011612831614911556,s017
0,-0.027661960572004318,s017
0,-0.013789840042591095,s017
0,-0.01276294607669115,s017
0,-0.009897860698401928,s017
0,-0.03431854769587517,s017
0,-0.015416552312672138,s017
0,-0.029896050691604614,s017
0,-0.017093079164624214,s017
0,-0.01599220000207424,s017
0,-0.03096677176654339,s017
0,-0.009960776194930077,s017
0,-0.004126492887735367,s017
0,-0.18364179134368896,s017
0,-0.028214501217007637,s017
0,-0.005908075254410505,s017
0,-0.010029585100710392,s017
0,-0.012952089309692383,s017
0,-0.020436067134141922,s017
0,-0.015574829652905464,s017
0,-0.010963954031467438,s017
0,-0.00827333889901638,s017
0,-0.01035735197365284,s017
0,-0.007023525889962912,s017
0,-0.010410042479634285,s017
0,-0.019088255241513252,s017
0,-0.042852289974689484,s017
0,-0.0804455503821373,s017
0,-0.0031803552992641926,s017
0,-0.019696179777383804,s017
0,-0.022404450923204422,s017
0,-0.01136045716702938,s017
0,-0.010002371855080128,s017
0,-0.009173723869025707,s017
0,-0.022398311644792557,s017
0,-0.07034070044755936,s017
0,-0.013841608539223671,s017
0,-0.04957210645079613,s017
0,-0.009806258603930473,s017
0,-0.009479830972850323,s017
0,-0.008936122991144657,s017
0,-0.04412112012505531,s017
0,-0.019973857328295708,s017
0,-0.0086970878764987,s017
0,-0.013984935358166695,s017
0,-0.015093207359313965,s017
0,-0.00782837811857462,s017
0,-0.016390779986977577,s017
0,-0.016530819237232208,s017
0,-0.006090020760893822,s017
0,-0.0077990079298615456,s017
0,-0.0032826114911586046,s017
0,-0.09545663744211197,s017
0,-0.008942034095525742,s017
0,-0.011736255139112473,s017
0,-0.012268571183085442,s017
0,-0.051069293171167374,s017
0,-0.008121931925415993,s017
0,-0.028605954721570015,s017
0,-0.020151052623987198,s017
0,-0.025565005838871002,s017
0,-0.009671838022768497,s017
0,-0.01860460825264454,s017
0,-0.0050279139541089535,s017
0,-0.061171311885118484,s017
0,-0.006649337243288755,s017
0,-0.00971069373190403,s017
0,-0.020836180076003075,s017
0,-0.014404967427253723,s017
0,-0.015844879671931267,s017
0,-0.027767548337578773,s017
0,-0.04696311056613922,s017
0,-0.01183277741074562,s017
0,-0.04657970368862152,s017
0,-0.013249981217086315,s017
0,-0.018749358132481575,s017
0,-0.011979913339018822,s017
0,-0.010543200187385082,s017
0,-0.039607129991054535,s017
0,-0.009139149449765682,s017
0,-0.03055402636528015,s017
0,-0.018675265833735466,s017
0,-0.030931837856769562,s017
0,-0.03297349065542221,s017
0,-0.008200540207326412,s017
0,-0.03051474317908287,s017
1,-0.026341084390878677,s018
1,-0.045549068599939346,s018
1,-0.02105572260916233,s018
1,-0.013984431512653828,s018
1,-0.008476747199892998,s018
1,-0.020225252956151962,s018
1,-0.008873140439391136,s018
1,-0.01992560736835003,s018
1,-0.020325917750597,s018
1,-0.03271664306521416,s018
1,-0.04219968616962433,s018
1,-0.0220788661390543,s018
1,-0.009431611746549606,s018
1,-0.011488201096653938,s018
1,-0.016033850610256195,s018
1,-0.02447863668203354,s018
1,-0.007367601618170738,s018
1,-0.05232731252908707,s018
1,-0.02954498678445816,s018
1,-0.00824498850852251,s018
1,-0.0029629478231072426,s018
1,-0.03949699178338051,s018
1,-0.00477240327745676,s018
1,-0.026708267629146576,s018
1,-0.01913820393383503,s018
1,-0.010415238328278065,s018
1,-0.01591549441218376,s018
1,-0.010901909321546555,s018
1,-0.028576254844665527,s018
1,-0.02616281993687153,s018
1,-0.011052172631025314,s018
1,-0.012290047481656075,s018
1,-0.018647026270627975,s018
1,-0.010271934792399406,s018
1,-0.014474251307547092,s018
1,-0.031324468553066254,s018
1,-0.02077382802963257,s018
1,-0.02310177870094776,s018
1,-0.018791712820529938,s018
1,-0.0071909865364432335,s018
1,-0.019688095897436142,s018
1,-0.011002021841704845,s018
1,-0.01727018877863884,s018
1,-0.018072152510285378,s018
1,-0.011449877172708511,s018
1,-0.011181151494383812,s018
1,-0.016837649047374725,s018
1,-0.022212455049157143,s018
1,-0.03534016013145447,s018
1,-0.007260168436914682,s018
1,-0.02259468287229538,s018
1,-0.028388645499944687,s018
1,-0.019216962158679962,s018
1,-0.020525118336081505,s018
1,-0.015515291132032871,s018
1,-0.01572851836681366,s018
1,-0.004117724020034075,s018
1,-0.011665945872664452,s018
1,-0.020773261785507202,s018
1,-0.007412251550704241,s018
1,-0.005014081951230764,s018
1,-0.008807837031781673,s018
1,-0.00937681458890438,s018
1,-0.012605158612132072,s018
1,-0.025199035182595253,s018
1,-0.012933965772390366,s018
1,-0.053447965532541275,s018
1,-0.01233447715640068,s018
1,-0.021761901676654816,s018
1,-0.0028786207549273968,s018
1,-0.00377363502047956,s018
1,-0.006839850917458534,s018
1,-0.014519653283059597,s018
1,-0.015628043562173843,s018
1,-0.04291266202926636,s018
1,-0.005047345533967018,s018
1,-0.026442382484674454,s018
1,-0.02203666791319847,s018
1,-0.019277533516287804,s018
1,-0.017332248389720917,s018
1,-0.013833872973918915,s018
1,-0.02816992625594139,s018
1,-0.014044591225683689,s018
1,-0.004060422535985708,s018
1,-0.03420141711831093,s018
1,-0.006279430817812681,s018
1,-0.020427512004971504,s018
1,-0.060372598469257355,s018
1,-0.038931798189878464,s018
1,-0.028130551800131798,s018
1,-0.020054664462804794,s018
1,-0.0079682357609272,s018
1,-0.004743532743304968,s018
1,-0.00893719308078289,s018
1,-0.03554786369204521,s018
1,-0.03173170983791351,s018
1,-0.029255075380206108,s018
1,-0.03562554344534874,s018
1,-0.03232258930802345,s018
1,-0.004936528392136097,s018
1,-0.03360533341765404,s018
1,-0.0440179817378521,s018
1,-0.034018680453300476,s018
1,-0.006902678404003382,s018
1,-0.006913012824952602,s018
1,-0.022081756964325905,s018
1,-0.008447583764791489,s018
1,-0.010560095310211182,s018
1,-0.01965630054473877,s018
1,-0.024915827438235283,s018
1,-0.01879473216831684,s018
1,-0.05224648490548134,s018
1,-0.015049474313855171,s018
1,-0.0068372692912817,s018
1,-0.014538637362420559,s018
1,-0.007983480580151081,s018
1,-0.007483826018869877,s018
1,-0.01077079214155674,s018
1,-0.029134640470147133,s018
1,-0.011620407924056053,s018
1,-0.011099549941718578,s018
1,-0.013310164213180542,s018
1,-0.026229621842503548,s018
1,-0.02583674155175686,s018
1,-0.00961090438067913,s018
1,-0.010541669093072414,s018
1,-0.005135736893862486,s018
1,-0.009808062575757504,s018
1,-0.01477968692779541,s018
1,-0.009695707820355892,s018
1,-0.008002297952771187,s018
1,-0.018280530348420143,s018
1,-0.01017387118190527,s018
1,-0.1148969978094101,s018
1,-0.00880429521203041,s018
1,-0.040012653917074203,s018
1,-0.045377228409051895,s018
1,-0.02053767442703247,s018
1,-0.010899254120886326,s018
1,-0.002551508601754904,s018
1,-0.01686715893447399,s018
1,-0.025007780641317368,s018
1,-0.03197088837623596,s018
1,-0.016080260276794434,s018
1,-0.019497636705636978,s018
1,-0.0060917893424630165,s018
1,-0.028125498443841934,s018
1,-0.009023869410157204,s018
1,-0.03279989957809448,s018
1,-0.009815863333642483,s018
1,-0.011642067693173885,s018
1,-0.010591553524136543,s018
1,-0.010203962214291096,s018
1,-0.030348412692546844,s018
1,-0.018027501180768013,s018
1,-0.006666089408099651,s018
1,-0.016696058213710785,s018
1,-0.016159050166606903,s018
1,-0.008335703983902931,s018
1,-0.027031322941184044,s018
1,-0.003492986084893346,s018
1,-0.008936910890042782,s018
1,-0.008590763434767723,s018
1,-0.004017372615635395,s018
1,-0.009054278954863548,s018
1,-0.030383974313735962,s018
1,-0.015086647123098373,s018
1,-0.025628361850976944,s018
1,-0.01961505599319935,s018
1,-0.007209125440567732,s018
1,-0.013185601681470871,s018
1,-0.051058441400527954,s018
1,-0.0242923516780138,s018
1,-0.012267204001545906,s018
1,-0.00419305544346571,s018
1,-0.006680814549326897,s018
1,-0.010855238884687424,s018
1,-0.005189185030758381,s018
1,-0.01057347096502781,s018
1,-0.007996311411261559,s018
1,-0.0978066474199295,s018
1,-0.020550383254885674,s018
1,-0.02064022235572338,s018
1,-0.008887317962944508,s018
1,-0.027156300842761993,s018
1,-0.009507491253316402,s018
1,-0.014720035716891289,s018
1,-0.004831650760024786,s018
1,-0.017678216099739075,s018
1,-0.009409182704985142,s018
1,-0.045952554792165756,s018
1,-0.01912176050245762,s018
1,-0.03796098381280899,s018
1,-0.003763016778975725,s018
1,-0.015856817364692688,s018
1,-0.03133811056613922,s018
1,-0.00840776041150093,s018
1,-0.029276033863425255,s018
1,-0.015923187136650085,s018
1,-0.008738134987652302,s018
0,-0.004111759830266237,s018
0,-0.010267024859786034,s018
0,-0.020428335294127464,s018
0,-0.011549416929483414,s018
0,-0.06293431669473648,s018
0,-0.026222780346870422,s018
0,-0.055538032203912735,s018
0,-0.03242996335029602,s018
0,-0.004277286119759083,s018
0,-0.013372299261391163,s018
0,-0.014478315599262714,s018
0,-0.00683602737262845,s018
0,-0.018128247931599617,s018
0,-0.04989473894238472,s018
0,-0.01655159704387188,s018
0,-0.021915536373853683,s018
0,-0.014903775416314602,s018
0,-0.01151279080659151,s018
0,-0.06980998069047928,s018
0,-0.004494469612836838,s018
0,-0.017867375165224075,s018
0,-0.014533473178744316,s018
0,-0.017213143408298492,s018
0,-0.010959330946207047,s018
0,-0.028538541868329048,s018
0,-0.010411052964627743,s018
0,-0.002219753572717309,s018
0,-0.018043849617242813,s018
0,-0.008654925972223282,s018
0,-0.028275873512029648,s018
0,-0.007915666326880455,s018
0,-0.07164575159549713,s018
0,-0.010798333212733269,s018
0,-0.1549655795097351,s018
0,-0.007758192718029022,s018
0,-0.017273906618356705,s018
0,-0.020407550036907196,s018
0,-0.01082873810082674,s018
0,-0.007815840654075146,s018
0,-0.00741929467767477,s018
0,-0.010976152494549751,s018
0,-0.009422939270734787,s018
0,-0.003658240893855691,s018
0,-0.010246742516756058,s018
0,-0.01211829949170351,s018
0,-0.0171493086963892,s018
0,-0.0030328829307109118,s018
0,-0.015105916187167168,s018
0,-0.010404091328382492,s018
0,-0.04512171819806099,s018
0,-0.03737158700823784,s018
0,-0.020663686096668243,s018
0,-0.04073530063033104,s018
0,-0.010570279322564602,s018
0,-0.030580589547753334,s018
0,-0.004129480104893446,s018
0,-0.025708163157105446,s018
0,-0.035811398178339005,s018
0,-0.016266752034425735,s018
0,-0.03093745931982994,s018
0,-0.00797944888472557,s018
0,-0.004907235968858004,s018
0,-0.07119110226631165,s018
0,-0.007668337784707546,s018
0,-0.01838766224682331,s018
0,-0.08436544239521027,s018
0,-0.01076222863048315,s018
0,-0.018521640449762344,s018
0,-0.019801663234829903,s018
0,-0.020591972395777702,s018
0,-0.017819607630372047,s018
0,-0.01635826751589775,s018
0,-0.01259058341383934,s018
0,-0.012454748153686523,s018
0,-0.008208065293729305,s018
0,-0.024829141795635223,s018
0,-0.038452018052339554,s018
0,-0.009569418616592884,s018
0,-0.016572676599025726,s018
0,-0.041569676250219345,s018
0,-0.005426125135272741,s018
0,-0.15596802532672882,s018
0,-0.010286632925271988,s018
0,-0.013894530013203621,s018
0,-0.006699433550238609,s018
0,-0.008134645409882069,s018
0,-0.02410428784787655,s018
0,-0.010133632458746433,s018
0,-0.009077628143131733,s018
0,-0.008774328045547009,s018
0,-0.020821750164031982,s018
0,-0.01639421284198761,s018
0,-0.010700589045882225,s018
0,-0.024405431002378464,s018
0,-0.010790725238621235,s018
0,-0.06878852844238281,s018
0,-0.007928436622023582,s018
0,-0.02119833417236805,s018
0,-0.03909512981772423,s018
0,-0.06963848322629929,s018
0,-0.01016013603657484,s018
0,-0.05669323727488518,s018
0,-0.031242910772562027,s018
0,-0.038434188812971115,s018
0,-0.03627487272024155,s018
0,-0.00848735123872757,s018
0,-0.003882910590618849,s018
0,-0.0030460061971098185,s018
0,-0.0217365100979805,s018
0,-0.008414308540523052,s018
0,-0.012450444512069225,s018
0,-0.12207930535078049,s018
0,-0.003616803325712681,s018
0,-0.01337107177823782,s018
0,-0.011612831614911556,s018
0,-0.027661960572004318,s018
0,-0.013789840042591095,s018
0,-0.01276294607669115,s018
0,-0.009897860698401928,s018
0,-0.03431854769587517,s018
0,-0.015416552312672138,s018
0,-0.029896050691604614,s018
0,-0.017093079164624214,s018
0,-0.01599220000207424,s018
0,-0.03096677176654339,s018
0,-0.009960776194930077,s018
0,-0.004126492887735367,s018
0,-0.18364179134368896,s018
0,-0.028214501217007637,s018
0,-0.005908075254410505,s018
0,-0.010029585100710392,s018
0,-0.012952089309692383,s018
0,-0.020436067134141922,s018
0,-0.015574829652905464,s018
0,-0.010963954031467438,s018
0,-0.00827333889901638,s018
0,-0.01035735197365284,s018
0,-0.007023525889962912,s018
0,-0.010410042479634285,s018
0,-0.019088255241513252,s018
0,-0.042852289974689484,s018
0,-0.0804455503821373,s018
0,-0.0031803552992641926,s018
0,-0.019696179777383804,s018
0,-0.022404450923204422,s018
0,-0.01136045716702938,s018
0,-0.010002371855080128,s018
0,-0.009173723869025707,s018
0,-0.022398311644792557,s018
0,-0.07034070044755936,s018
0,-0.013841608539223671,s018
0,-0.04957210645079613,s018
0,-0.009806258603930473,s018
0,-0.009479830972850323,s018
0,-0.008936122991144657,s018
0,-0.04412112012505531,s018
0,-0.019973857328295708,s018
0,-0.0086970878764987,s018
0,-0.013984935358166695,s018
0,-0.015093207359313965,s018
0,-0.00782837811857462,s018
0,-0.016390779986977577,s018
0,-0.016530819237232208,s018
0,-0.006090020760893822,s018
0,-0.0077990079298615456,s018
0,-0.0032826114911586046,s018
0,-0.09545663744211197,s018
0,-0.008942034095525742,s018
0,-0.011736255139112473,s018
0,-0.012268571183085442,s018
0,-0.051069293171167374,s018
0,-0.008121931925415993,s018
0,-0.028605954721570015,s018
0,-0.020151052623987198,s018
0,-0.025565005838871002,s018
0,-0.009671838022768497,s018
0,-0.01860460825264454,s018
0,-0.0050279139541089535,s018
0,-0.061171311885118484,s018
0,-0.006649337243288755,s018
0,-0.00971069373190403,s018
0,-0.020836180076003075,s018
0,-0.014404967427253723,s018
0,-0.015844879671931267,s018
0,-0.027767548337578773,s018
0,-0.04696311056613922,s018
0,-0.01183277741074562,s018
0,-0.04657970368862152,s018
0,-0.013249981217086315,s018
0,-0.018749358132481575,s018
0,-0.011979913339018822,s018
0,-0.010543200187385082,s018
0,-0.039607129991054535,s018
0,-0.009139149449765682,s018
0,-0.03055402636528015,s018
0,-0.018675265833735466,s018
0,-0.030931837856769562,s018
0,-0.03297349065542221,s018
0,-0.008200540207326412,s018
0,-0.03051474317908287,s018
1,-0.01043194904923439,s019
1,-0.017621325328946114,s019
1,-0.012994562275707722,s019
1,-0.008879372850060463,s019
1,-0.012625552713871002,s019
1,-0.006919827312231064,s019
1,-0.029718829318881035,s019
1,-0.006833361461758614,s019
1,-0.007623182609677315,s019
1,-0.027767548337578773,s019
1,-0.009962743148207664,s019
1,-0.013047084212303162,s019
1,-0.03010469302535057,s019
1,-0.02612367831170559,s019
1,-0.006154491566121578,s019
1,-0.03274959325790405,s019
1,-0.007995915599167347,s019
1,-0.014833535067737103,s019
1,-0.008751505985856056,s019
1,-0.009782051667571068,s019
1,-0.0098668048158288,s019
1,-0.024598082527518272,s019
1,-0.04916746914386749,s019
1,-0.017364446073770523,s019
1,-0.01122515369206667,s019
1,-0.010216734372079372,s019
1,-0.02323972061276436,s019
1,-0.016901958733797073,s019
1,-0.016559816896915436,s019
1,-0.009421689435839653,s019
1,-0.0060712737031280994,s019
1,-0.039951715618371964,s019
1,-0.008476020768284798,s019
1,-0.03554191440343857,s019
1,-0.01740344427525997,s019
1,-0.01098422147333622,s019
1,-0.0055573186837136745,s019
1,-0.012875573709607124,s019
1,-0.022018328309059143,s019
1,-0.016878284513950348,s019
1,-0.011064663529396057,s019
1,-0.0030544367618858814,s019
1,-0.008668042719364166,s019
1,-0.004049375653266907,s019
1,-0.029584569856524467,s019
1,-0.019495878368616104,s019
1,-0.010869225487112999,s019
1,-0.018239935860037804,s019
1,-0.016893476247787476,s019
1,-0.02754366584122181,s019
1,-0.0062223137356340885,s019
1,-0.04519748315215111,s019
1,-0.006747732870280743,s019
1,-0.027486784383654594,s019
1,-0.006476654205471277,s019
1,-0.006117573007941246,s019
1,-0.022885803133249283,s019
1,-0.018043793737888336,s019
1,-0.011027290485799313,s019
1,-0.017487255856394768,s019
1,-0.005560841411352158,s019
1,-0.017104635015130043,s019
1,-0.0041307080537080765,s019
1,-0.019292017444968224,s019
1,-0.013122880831360817,s019
1,-0.006765623576939106,s019
1,-0.01123008131980896,s019
1,-0.010549564845860004,s019
1,-0.010091048665344715,s019
1,-0.02480670064687729,s019
1,-0.011988057754933834,s019
1,-0.012231484055519104,s019
1,-0.017216211184859276,s019
1,-0.05607263371348381,s019
1,-0.015754658728837967,s019
1,-0.012188861146569252,s019
1,-0.02193959429860115,s019
1,-0.008722037076950073,s019
1,-0.018457936123013496,s019
1,-0.009086839854717255,s019
1,-0.013223049230873585,s019
1,-0.007997959852218628,s019
1,-0.01620004139840603,s019
1,-0.019837431609630585,s019
1,-0.018789075314998627,s019
1,-0.016695715487003326,s019
1,-0.010684128850698471,s019
1,-0.013543058186769485,s019
1,-0.06747283786535263,s019
1,-0.012512280605733395,s019
1,-0.007136906031519175,s019
1,-0.014651858247816563,s019
1,-0.03528521582484245,s019
1,-0.011452888138592243,s019
1,-0.18221229314804077,s019
1,-0.007715943735092878,s019
1,-0.008822710253298283,s019
1,-0.03700241819024086,s019
1,-0.036174558103084564,s019
1,-0.010102898813784122,s019
1,-0.007172782439738512,s019
1,-0.010789438150823116,s019
1,-0.029068797826766968,s019
1,-0.005607204046100378,s019
1,-0.014988122507929802,s019
1,-0.007075152359902859,s019
1,-0.025857530534267426,s019
1,-0.026378411799669266,s019
1,-0.04458222910761833,s019
1,-0.0180368609726429,s019
1,-0.012656531296670437,s019
1,-0.01753096841275692,s019
1,-0.007096551358699799,s019
1,-0.021797098219394684,s019
1,-0.01777462288737297,s019
1,-0.014814217574894428,s019
1,-0.00973155815154314,s019
1,-0.013761868700385094,s019
1,-0.004961611703038216,s019
1,-0.024634024128317833,s019
1,-0.010738877579569817,s019
1,-0.008201154880225658,s019
1,-0.03953147679567337,s019
1,-0.018366778269410133,s019
1,-0.013249261304736137,s019
1,-0.004433006513863802,s019
1,-0.015204736031591892,s019
1,-0.008027032017707825,s019
1,-0.008350659161806107,s019
1,-0.014024515636265278,s019
1,-0.008903739973902702,s019
1,-0.009675620123744011,s019
1,-0.012197510339319706,s019
1,-0.007267830893397331,s019
1,-0.00936492532491684,s019
1,-0.00516633503139019,s019
1,-0.009238403290510178,s019
1,-0.008794199675321579,s019
1,-0.03826691955327988,s019
1,-0.012794037349522114,s019
1,-0.012308914214372635,s019
1,-0.013446140103042126,s019
1,-0.0481371134519577,s019
1,-0.03565169870853424,s019
1,-0.005791446194052696,s019
1,-0.007839096710085869,s019
1,-0.010476545430719852,s019
1,-0.014638213440775871,s019
1,-0.01074254885315895,s019
1,-0.020614659413695335,s019
1,-0.038012854754924774,s019
1,-0.014677882194519043,s019
1,-0.00905508454889059,s019
1,-0.013344113714993,s019
1,-0.01005936786532402,s019
1,-0.011483107693493366,s019
1,-0.013287249952554703,s019
1,-0.008367801085114479,s019
1,-0.009149857796728611,s019
1,-0.007634884677827358,s019
1,-0.00883935671299696,s019
1,-0.02191985584795475,s019
1,-0.019643045961856842,s019
1,-0.008836141787469387,s019
1,-0.03990195319056511,s019
1,-0.01713198609650135,s019
1,-0.009857825934886932,s019
1,-0.02328377217054367,s019
1,-0.028749823570251465,s019
1,-0.014771630056202412,s019
1,-0.013820049352943897,s019
1,-0.03353166580200195,s019
1,-0.013984935358166695,s019
1,-0.011317893862724304,s019
1,-0.013463003560900688,s019
1,-0.01009755302220583,s019
1,-0.015080003067851067,s019
1,-0.010616843588650227,s019
1,-0.04001453518867493,s019
1,-0.004987480118870735,s019
1,-0.014484248124063015,s019
1,-0.013890243135392666,s019
1,-0.007377877831459045,s019
1,-0.00944398995488882,s019
1,-0.009708216413855553,s019
1,-0.009803598746657372,s019
1,-0.009559698402881622,s019
1,-0.04040585830807686,s019
1,-0.013698281720280647,s019
1,-0.009687820449471474,s019
1,-0.019709685817360878,s019
1,-0.013235225342214108,s019
1,-0.00930927973240614,s019
1,-0.013932161964476109,s019
1,-0.007459853310137987,s019
1,-0.013668101280927658,s019
1,-0.014684019610285759,s019
1,-0.04938730597496033,s019
1,-0.016552366316318512,s019
1,-0.006793968845158815,s019
0,-0.004111759830266237,s019
0,-0.010267024859786034,s019
0,-0.020428335294127464,s019
0,-0.011549416929483414,s019
0,-0.06293431669473648,s019
0,-0.026222780346870422,s019
0,-0.055538032203912735,s019
0,-0.03242996335029602,s019
0,-0.004277286119759083,s019
0,-0.013372299261391163,s019
0,-0.014478315599262714,s019
0,-0.00683602737262845,s019
0,-0.018128247931599617,s019
0,-0.04989473894238472,s019
0,-0.01655159704387188,s019
0,-0.021915536373853683,s019
0,-0.014903775416314602,s019
0,-0.01151279080659151,s019
0,-0.06980998069047928,s019
0,-0.004494469612836838,s019
0,-0.017867375165224075,s019
0,-0.014533473178744316,s019
0,-0.017213143408298492,s019
0,-0.010959330946207047,s019
0,-0.028538541868329048,s019
0,-0.010411052964627743,s019
0,-0.002219753572717309,s019
0,-0.018043849617242813,s019
0,-0.008654925972223282,s019
0,-0.028275873512029648,s019
0,-0.007915666326880455,s019
0,-0.07164575159549713,s019
0,-0.010798333212733269,s019
0,-0.1549655795097351,s019
0,-0.007758192718029022,s019
0,-0.017273906618356705,s019
0,-0.020407550036907196,s019
0,-0.01082873810082674,s019
0,-0.007815840654075146,s019
0,-0.00741929467767477,s019
0,-0.010976152494549751,s019
0,-0.009422939270734787,s019
0,-0.003658240893855691,s019
0,-0.010246742516756058,s019
0,-0.01211829949170351,s019
0,-0.0171493086963892,s019
0,-0.0030328829307109118,s019
0,-0.015105916187167168,s019
0,-0.010404091328382492,s019
0,-0.04512171819806099,s019
0,-0.03737158700823784,s019
0,-0.020663686096668243,s019
0,-0.04073530063033104,s019
0,-0.010570279322564602,s019
0,-0.030580589547753334,s019
0,-0.004129480104893446,s019
0,-0.025708163157105446,s019
0,-0.035811398178339005,s019
0,-0.016266752034425735,s019
0,-0.03093745931982994,s019
0,-0.00797944888472557,s019
0,-0.004907235968858004,s019
0,-0.07119110226631165,s019
0,-0.007668337784707546,s019
0,-0.01838766224682331,s019
0,-0.08436544239521027,s019
0,-0.01076222863048315,s019
0,-0.018521640449762344,s019
0,-0.019801663234829903,s019
0,-0.020591972395777702,s019
0,-0.017819607630372047,s019
0,-0.01635826751589775,s019
0,-0.01259058341383934,s019
0,-0.012454748153686523,s019
0,-0.008208065293729305,s019
0,-0.024829141795635223,s019
0,-0.038452018052339554,s019
0,-0.009569418616592884,s019
0,-0.016572676599025726,s019
0,-0.041569676250219345,s019
0,-0.005426125135272741,s019
0,-0.15596802532672882,s019
0,-0.010286632925271988,s019
0,-0.013894530013203621,s019
0,-0.006699433550238609,s019
0,-0.008134645409882069,s019
0,-0.02410428784787655,s019
0,-0.010133632458746433,s019
0,-0.009077628143131733,s019
0,-0.008774328045547009,s019
0,-0.020821750164031982,s019
0,-0.01639421284198761,s019
0,-0.010700589045882225,s019
0,-0.024405431002378464,s019
0,-0.010790725238621235,s019
0,-0.06878852844238281,s019
0,-0.007928436622023582,s019
0,-0.02119833417236805,s019
0,-0.03909512981772423,s019
0,-0.06963848322629929,s019
0,-0.01016013603657484,s019
0,-0.05669323727488518,s019
0,-0.031242910772562027,s019
0,-0.038434188812971115,s019
0,-0.03627487272024155,s019
0,-0.00848735123872757,s019
0,-0.003882910590618849,s019
0,-0.0030460061971098185,s019
0,-0.0217365100979805,s019
0,-0.008414308540523052,s019
0,-0.012450444512069225,s019
0,-0.12207930535078049,s019
0,-0.003616803325712681,s019
0,-0.01337107177823782,s019
0,-0.011612831614911556,s019
0,-0.027661960572004318,s019
0,-0.013789840042591095,s019
0,-0.01276294607669115,s019
0,-0.009897860698401928,s019
0,-0.03431854769587517,s019
0,-0.015416552312672138,s019
0,-0.029896050691604614,s019
0,-0.017093079164624214,s019
0,-0.01599220000207424,s019
0,-0.03096677176654339,s019
0,-0.009960776194930077,s019
0,-0.004126492887735367,s019
0,-0.18364179134368896,s019
0,-0.028214501217007637,s019
0,-0.005908075254410505,s019
0,-0.010029585100710392,s019
0,-0.012952089309692383,s019
0,-0.020436067134141922,s019
0,-0.015574829652905464,s019
0,-0.010963954031467438,s019
0,-0.00827333889901638,s019
0,-0.01035735197365284,s019
0,-0.007023525889962912,s019
0,-0.010410042479634285,s019
0,-0.019088255241513252,s019
0,-0.042852289974689484,s019
0,-0.0804455503821373,s019
0,-0.0031803552992641926,s019
0,-0.019696179777383804,s019
0,-0.022404450923204422,s019
0,-0.01136045716702938,s019
0,-0.010002371855080128,s019
0,-0.009173723869025707,s019
0,-0.022398311644792557,s019
0,-0.07034070044755936,s019
0,-0.013841608539223671,s019
0,-0.04957210645079613,s019
0,-0.009806258603930473,s019
0,-0.009479830972850323,s019
0,-0.008936122991144657,s019
0,-0.04412112012505531,s019
0,-0.019973857328295708,s019
0,-0.0086970878764987,s019
0,-0.0242923516780138,s019
0,-0.015093207359313965,s019
0,-0.00782837811857462,s019
0,-0.016390779986977577,s019
0,-0.016530819237232208,s019
0,-0.006090020760893822,s019
0,-0.0077990079298615456,s019
0,-0.0032826114911586046,s019
0,-0.09545663744211197,s019
0,-0.008942034095525742,s019
0,-0.011736255139112473,s019
0,-0.012268571183085442,s019
0,-0.051069293171167374,s019
0,-0.008121931925415993,s019
0,-0.028605954721570015,s019
0,-0.020151052623987198,s019
0,-0.025565005838871002,s019
0,-0.009671838022768497,s019
0,-0.01860460825264454,s019
0,-0.0050279139541089535,s019
0,-0.061171311885118484,s019
0,-0.006649337243288755,s019
0,-0.00971069373190403,s019
0,-0.020836180076003075,s019
0,-0.014404967427253723,s019
0,-0.015844879671931267,s019
0,-0.03271664306521416,s019
0,-0.04696311056613922,s019
0,-0.01183277741074562,s019
0,-0.04657970368862152,s019
0,-0.013249981217086315,s019
0,-0.018749358132481575,s019
0,-0.011979913339018822,s019
0,-0.010543200187385082,s019
0,-0.039607129991054535,s019
0,-0.009139149449765682,s019
0,-0.03055402636528015,s019
0,-0.018675265833735466,s019
0,-0.030931837856769562,s019
0,-0.03297349065542221,s019
0,-0.008200540207326412,s019
0,-0.03051474317908287,s019
1,-0.04895145446062088,s020
1,-0.012365493923425674,s020
1,-0.013367688283324242,s020
1,-0.027015184983611107,s020
1,-0.050806403160095215,s020
1,-0.002731385873630643,s020
1,-0.005731767974793911,s020
1,-0.015049715526401997,s020
1,-0.0193502027541399,s020
1,-0.007646333891898394,s020
1,-0.014749603345990181,s020
1,-0.0401434488594532,s020
1,-0.03725283592939377,s020
1,-0.009280827827751637,s020
1,-0.029497869312763214,s020
1,-0.012648013420403004,s020
1,-0.03061871975660324,s020
1,-0.01625649258494377,s020
1,-0.016539039090275764,s020
1,-0.008541474118828773,s020
1,-0.011067922227084637,s020
1,-0.009041236713528633,s020
1,-0.031076660379767418,s020
1,-0.014022196643054485,s020
1,-0.016488831490278244,s020
1,-0.010187813080847263,s020
1,-0.013014690950512886,s020
1,-0.06708966195583344,s020
1,-0.016711784526705742,s020
1,-0.020939741283655167,s020
1,-0.013031958602368832,s020
1,-0.02573585882782936,s020
1,-0.013240648433566093,s020
1,-0.024664826691150665,s020
1,-0.005071401130408049,s020
1,-0.026298683136701584,s020
1,-0.031931739300489426,s020
1,-0.016772909089922905,s020
1,-0.028905047103762627,s020
1,-0.03628505393862724,s020
1,-0.013327435590326786,s020
1,-0.04245242476463318,s020
1,-0.023915715515613556,s020
1,-0.01756366156041622,s020
1,-0.008971411734819412,s020
1,-0.009771293960511684,s020
1,-0.026257894933223724,s020
1,-0.017810991033911705,s020
1,-0.023910831660032272,s020
1,-0.02159738913178444,s020
1,-0.010167155414819717,s020
1,-0.014402613043785095,s020
1,-0.02130500227212906,s020
1,-0.044157061725854874,s020
1,-0.012229643762111664,s020
1,-0.009467367082834244,s020
1,-0.009726513177156448,s020
1,-0.009747608564794064,s020
1,-0.013560298830270767,s020
1,-0.01025219913572073,s020
1,-0.02533952333033085,s020
1,-0.0075188674964010715,s020
1,-0.0987052321434021,s020
1,-0.024588868021965027,s020
1,-0.060451362282037735,s020
1,-0.010710359551012516,s020
1,-0.015346838161349297,s020
1,-0.03280221298336983,s020
1,-0.02732180990278721,s020
1,-0.03285811468958855,s020
1,-0.05231378600001335,s020
1,-0.007900293916463852,s020
1,-0.015427915379405022,s020
1,-0.030174918472766876,s020
1,-0.04167585447430611,s020
1,-0.007615829352289438,s020
1,-0.008584989234805107,s020
1,-0.024723555892705917,s020
1,-0.07759632170200348,s020
1,-0.02092581056058407,s020
1,-0.06693039834499359,s020
1,-0.024844394996762276,s020
1,-0.013804268091917038,s020
1,-0.028838494792580605,s020
1,-0.015477965585887432,s020
1,-0.03228730708360672,s020
1,-0.011676745489239693,s020
1,-0.0245774295181036,s020
1,-0.018654488027095795,s020
1,-0.011218233034014702,s020
1,-0.027612172067165375,s020
1,-0.03667161986231804,s020
1,-0.01999589055776596,s020
1,-0.022912712767720222,s020
1,-0.057091422379016876,s020
1,-0.007372582331299782,s020
1,-0.04458323493599892,s020
1,-0.02691243216395378,s020
1,-0.030788395553827286,s020
1,-0.015833459794521332,s020
1,-0.0399390310049057,s020
1,-0.02605271339416504,s020
1,-0.04736510291695595,s020
1,-0.048025719821453094,s020
1,-0.02649349719285965,s020
1,-0.039946749806404114,s020
1,-0.027766015380620956,s020
1,-0.019758805632591248,s020
1,-0.008677980862557888,s020
1,-0.011727709323167801,s020
1,-0.00680559454485774,s020
1,-0.024508599191904068,s020
1,-0.043654438108205795,s020
1,-0.06960318982601166,s020
1,-0.01479335967451334,s020
1,-0.009910727851092815,s020
1,-0.0057216850109398365,s020
1,-0.031423989683389664,s020
1,-0.02035938948392868,s020
1,-0.0183133315294981,s020
1,-0.006862442474812269,s020
1,-0.016520898789167404,s020
1,-0.016629014164209366,s020
1,-0.012115200981497765,s020
1,-0.017561456188559532,s020
1,-0.022224409505724907,s020
1,-0.02389371022582054,s020
1,-0.014456071890890598,s020
1,-0.01693526655435562,s020
1,-0.04028398171067238,s020
1,-0.008809453807771206,s020
1,-0.02930370345711708,s020
1,-0.12860159575939178,s020
1,-0.010700572282075882,s020
1,-0.037036433815956116,s020
1,-0.052705295383930206,s020
1,-0.01428897026926279,s020
1,-0.098981112241745,s020
1,-0.016138164326548576,s020
1,-0.022543082013726234,s020
1,-0.006785613484680653,s020
1,-0.0164418313652277,s020
1,-0.008663007989525795,s020
1,-0.025910843163728714,s020
1,-0.025115830823779106,s020
1,-0.005035229027271271,s020
1,-0.04732797294855118,s020
1,-0.02953391522169113,s020
1,-0.019942311570048332,s020
1,-0.02089274302124977,s020
1,-0.021682994440197945,s020
1,-0.009514883160591125,s020
1,-0.033670708537101746,s020
1,-0.20246535539627075,s020
1,-0.020384155213832855,s020
1,-0.03249439224600792,s020
1,-0.037192508578300476,s020
1,-0.005006952211260796,s020
1,-0.016920700669288635,s020
1,-0.022559482604265213,s020
1,-0.02153640054166317,s020
1,-0.008729644119739532,s020
1,-0.033769991248846054,s020
1,-0.041779376566410065,s020
1,-0.021756058558821678,s020
1,-0.06640207022428513,s020
1,-0.027442727237939835,s020
1,-0.04385842755436897,s020
1,-0.011966850608587265,s020
1,-0.030920319259166718,s020
1,-0.04522411525249481,s020
1,-0.01151326484978199,s020
1,-0.07185214757919312,s020
1,-0.023538166657090187,s020
1,-0.008678136393427849,s020
1,-0.010614910162985325,s020
1,-0.022426970303058624,s020
1,-0.017052287235856056,s020
1,-0.019190602004528046,s020
1,-0.005886939354240894,s020
1,-0.005987414624541998,s020
1,-0.06915663182735443,s020
1,-0.020591972395777702,s020
1,-0.014904260635375977,s020
1,-0.004715663846582174,s020
1,-0.02433965355157852,s020
1,-0.008391727693378925,s020
1,-0.042852289974689484,s020
1,-0.018120700493454933,s020
1,-0.022191716358065605,s020
1,-0.010823307558894157,s020
1,-0.013551836833357811,s020
1,-0.05633644387125969,s020
1,-0.029901696369051933,s020
1,-0.04250280559062958,s020
1,-0.01207712385803461,s020
1,-0.03290647640824318,s020
1,-0.018584005534648895,s020
1,-0.014468631707131863,s020
1,-0.01317997369915247,s020
0,-0.004111759830266237,s020
0,-0.010267024859786034,s020
0,-0.020428335294127464,s020
0,-0.021215545013546944,s020
0,-0.06293431669473648,s020
0,-0.026222780346870422,s020
0,-0.055538032203912735,s020
0,-0.03242996335029602,s020
0,-0.004277286119759083,s020
0,-0.013372299261391163,s020
0,-0.014478315599262714,s020
0,-0.00683602737262845,s020
0,-0.018128247931599617,s020
0,-0.04989473894238472,s020
0,-0.01655159704387188,s020
0,-0.021915536373853683,s020
0,-0.014903775416314602,s020
0,-0.01151279080659151,s020
0,-0.06980998069047928,s020
0,-0.004494469612836838,s020
0,-0.017867375165224075,s020
0,-0.014533473178744316,s020
0,-0.017213143408298492,s020
0,-0.010959330946207047,s020
0,-0.028538541868329048,s020
0,-0.010411052964627743,s020
0,-0.002219753572717309,s020
0,-0.018043849617242813,s020
0,-0.008654925972223282,s020
0,-0.028275873512029648,s020
0,-0.007915666326880455,s020
0,-0.07164575159549713,s020
0,-0.010798333212733269,s020
0,-0.1549655795097351,s020
0,-0.007758192718029022,s020
0,-0.017273906618356705,s020
0,-0.020407550036907196,s020
0,-0.01082873810082674,s020
0,-0.007815840654075146,s020
0,-0.00741929467767477,s020
0,-0.010976152494549751,s020
0,-0.009422939270734787,s020
0,-0.003658240893855691,s020
0,-0.010246742516756058,s020
0,-0.01211829949170351,s020
0,-0.0171493086963892,s020
0,-0.0030328829307109118,s020
0,-0.015105916187167168,s020
0,-0.010404091328382492,s020
0,-0.04512171819806099,s020
0,-0.03737158700823784,s020
0,-0.020663686096668243,s020
0,-0.04073530063033104,s020
0,-0.010570279322564602,s020
0,-0.030580589547753334,s020
0,-0.004129480104893446,s020
0,-0.025708163157105446,s020
0,-0.035811398178339005,s020
0,-0.016266752034425735,s020
0,-0.03093745931982994,s020
0,-0.00797944888472557,s020
0,-0.004907235968858004,s020
0,-0.07119110226631165,s020
0,-0.007668337784707546,s020
0,-0.01838766224682331,s020
0,-0.08436544239521027,s020
0,-0.01076222863048315,s020
0,-0.018521640449762344,s020
0,-0.019801663234829903,s020
0,-0.007377877831459045,s020
0,-0.017819607630372047,s020
0,-0.01635826751589775,s020
0,-0.01259058341383934,s020
0,-0.012454748153686523,s020
0,-0.008208065293729305,s020
0,-0.024829141795635223,s020
0,-0.038452018052339554,s020
0,-0.009569418616592884,s020
0,-0.016572676599025726,s020
0,-0.041569676250219345,s020
0,-0.005426125135272741,s020
0,-0.15596802532672882,s020
0,-0.010286632925271988,s020
0,-0.013894530013203621,s020
0,-0.006699433550238609,s020
0,-0.008134645409882069,s020
0,-0.02410428784787655,s020
0,-0.010133632458746433,s020
0,-0.009077628143131733,s020
0,-0.008774328045547009,s020
0,-0.020821750164031982,s020
0,-0.01639421284198761,s020
0,-0.010700589045882225,s020
0,-0.024405431002378464,s020
0,-0.010790725238621235,s020
0,-0.06878852844238281,s020
0,-0.007928436622023582,s020
0,-0.02119833417236805,s020
0,-0.03909512981772423,s020
0,-0.06963848322629929,s020
0,-0.01016013603657484,s020
0,-0.05669323727488518,s020
0,-0.031242910772562027,s020
0,-0.038434188812971115,s020
0,-0.03627487272024155,s020
0,-0.00848735123872757,s020
0,-0.003882910590618849,s020
0,-0.0030460061971098185,s020
0,-0.0217365100979805,s020
0,-0.008414308540523052,s020
0,-0.012450444512069225,s020
0,-0.12207930535078049,s020
0,-0.003616803325712681,s020
0,-0.01337107177823782,s020
0,-0.011612831614911556,s020
0,-0.027661960572004318,s020
0,-0.013924813829362392,s020
0,-0.01276294607669115,s020
0,-0.009897860698401928,s020
0,-0.03431854769587517,s020
0,-0.015416552312672138,s020
0,-0.029896050691604614,s020
0,-0.017093079164624214,s020
0,-0.01599220000207424,s020
0,-0.03096677176654339,s020
0,-0.009960776194930077,s020
0,-0.004126492887735367,s020
0,-0.18364179134368896,s020
0,-0.028214501217007637,s020
0,-0.005908075254410505,s020
0,-0.010029585100710392,s020
0,-0.012952089309692383,s020
0,-0.020436067134141922,s020
0,-0.015574829652905464,s020
0,-0.010963954031467438,s020
0,-0.00827333889901638,s020
0,-0.01035735197365284,s020
0,-0.007023525889962912,s020
0,-0.010410042479634285,s020
0,-0.019088255241513252,s020
0,-0.04040585830807686,s020
0,-0.0804455503821373,s020
0,-0.0031803552992641926,s020
0,-0.019696179777383804,s020
0,-0.022404450923204422,s020
0,-0.01136045716702938,s020
0,-0.010002371855080128,s020
0,-0.009173723869025707,s020
0,-0.022398311644792557,s020
0,-0.07034070044755936,s020
0,-0.013841608539223671,s020
0,-0.04957210645079613,s020
0,-0.009806258603930473,s020
0,-0.009479830972850323,s020
0,-0.008936122991144657,s020
0,-0.04412112012505531,s020
0,-0.019973857328295708,s020
0,-0.0086970878764987,s020
0,-0.0242923516780138,s020
0,-0.015093207359313965,s020
0,-0.00782837811857462,s020
0,-0.016390779986977577,s020
0,-0.016530819237232208,s020
0,-0.006090020760893822,s020
0,-0.015179278329014778,s020
0,-0.0032826114911586046,s020
0,-0.09545663744211197,s020
0,-0.008942034095525742,s020
0,-0.011736255139112473,s020
0,-0.012268571183085442,s020
0,-0.007824948988854885,s020
0,-0.008121931925415993,s020
0,-0.028605954721570015,s020
0,-0.020151052623987198,s020
0,-0.025565005838871002,s020
0,-0.009671838022768497,s020
0,-0.01860460825264454,s020
0,-0.0050279139541089535,s020
0,-0.061171311885118484,s020
0,-0.006649337243288755,s020
0,-0.00971069373190403,s020
0,-0.020836180076003075,s020
0,-0.014404967427253723,s020
0,-0.015844879671931267,s020
0,-0.03271664306521416,s020
0,-0.04696311056613922,s020
0,-0.01183277741074562,s020
0,-0.04657970368862152,s020
0,-0.013249981217086315,s020
0,-0.018749358132481575,s020
0,-0.011979913339018822,s020
0,-0.010543200187385082,s020
0,-0.039607129991054535,s020
0,-0.009139149449765682,s020
0,-0.03055402636528015,s020
0,-0.018675265833735466,s020
0,-0.030931837856769562,s020
0,-0.03297349065542221,s020
0,-0.008200540207326412,s020
0,-0.03051474317908287,s020
1,-0.008377325721085072,s021
1,-0.009983985684812069,s021
1,-0.004041524603962898,s021
1,-0.011240336112678051,s021
1,-0.0068964408710598946,s021
1,-0.007067576050758362,s021
1,-0.010887689888477325,s021
1,-0.012780644930899143,s021
1,-0.014011894352734089,s021
1,-0.012118697166442871,s021
1,-0.01212502084672451,s021
1,-0.005554900970309973,s021
1,-0.01528430636972189,s021
1,-0.007841013371944427,s021
1,-0.010550008155405521,s021
1,-0.01089517679065466,s021
1,-0.02345653995871544,s021
1,-0.034657370299100876,s021
1,-0.017820321023464203,s021
1,-0.01197334099560976,s021
1,-0.012066591531038284,s021
1,-0.00971517525613308,s021
1,-0.0029528613667935133,s021
1,-0.0038536516949534416,s021
1,-0.010472851805388927,s021
1,-0.02133970707654953,s021
1,-0.0038678220007568598,s021
1,-0.02113715372979641,s021
1,-0.0073072100058197975,s021
1,-0.006603406276553869,s021
1,-0.013711292296648026,s021
1,-0.008200753480196,s021
1,-0.030201269313693047,s021
1,-0.0219027828425169,s021
1,-0.01060529612004757,s021
1,-0.007302311714738607,s021
1,-0.009009373374283314,s021
1,-0.010364880785346031,s021
1,-0.014097833074629307,s021
1,-0.01607985608279705,s021
1,-0.009088820777833462,s021
1,-0.014973253011703491,s021
1,-0.013419287279248238,s021
1,-0.013123101554811,s021
1,-0.009294642135500908,s021
1,-0.010612908750772476,s021
1,-0.007034430280327797,s021
1,-0.0057448092848062515,s021
1,-0.003999230917543173,s021
1,-0.010790679603815079,s021
1,-0.007389389909803867,s021
1,-0.006904305890202522,s021
1,-0.008231904357671738,s021
1,-0.0142831951379776,s021
1,-0.037296876311302185,s021
1,-0.0070261708460748196,s021
1,-0.014894907362759113,s021
1,-0.006753139663487673,s021
1,-0.023643413558602333,s021
1,-0.009625916369259357,s021
1,-0.007475011050701141,s021
1,-0.007363231852650642,s021
1,-0.03399110212922096,s021
1,-0.010242150165140629,s021
1,-0.013258236460387707,s021
1,-0.013669130392372608,s021
1,-0.017761312425136566,s021
1,-0.02405497059226036,s021
1,-0.015296893194317818,s021
1,-0.016003690659999847,s021
1,-0.009846588596701622,s021
1,-0.01356607023626566,s021
1,-0.018128983676433563,s021
1,-0.014467422850430012,s021
1,-0.014291130937635899,s021
1,-0.031530916690826416,s021
1,-0.024282880127429962,s021
1,-0.004398189019411802,s021
1,-0.024614758789539337,s021
1,-0.005039960611611605,s021
1,-0.016650428995490074,s021
1,-0.028571315109729767,s021
1,-0.009173261933028698,s021
1,-0.005499487277120352,s021
1,-0.01284896582365036,s021
1,-0.004916760139167309,s021
1,-0.0065290313214063644,s021
1,-0.023049771785736084,s021
1,-0.004645249806344509,s021
1,-0.022186703979969025,s021
1,-0.041987039148807526,s021
1,-0.0035221490543335676,s021
1,-0.008222062140703201,s021
1,-0.030298789963126183,s021
1,-0.039799951016902924,s021
1,-0.010856548324227333,s021
1,-0.012005961500108242,s021
1,-0.018990328535437584,s021
1,-0.011352656409144402,s021
1,-0.030015399679541588,s021
1,-0.011770314536988735,s021
1,-0.008786521852016449,s021
1,-0.008552957326173782,s021
1,-0.009698956273496151,s021
1,-0.011072072200477123,s021
1,-0.0025835568085312843,s021
1,-0.017339546233415604,s021
1,-0.005674045067280531,s021
1,-0.02136922813951969,s021
1,-0.01140759326517582,s021
1,-0.007509628776460886,s021
1,-0.029113871976733208,s021
1,-0.01037522405385971,s021
1,-0.008677025325596333,s021
1,-0.015164400450885296,s021
1,-0.019307181239128113,s021
1,-0.022225700318813324,s021
1,-0.020776642486453056,s021
1,-0.021375594660639763,s021
1,-0.019615070894360542,s021
1,-0.011734387837350368,s021
1,-0.007737222593277693,s021
1,-0.012830529361963272,s021
1,-0.03851092979311943,s021
1,-0.018111107870936394,s021
1,-0.0076594362035393715,s021
1,-0.009596366435289383,s021
1,-0.009489953517913818,s021
1,-0.006106985732913017,s021
1,-0.015586993657052517,s021
1,-0.04071112722158432,s021
1,-0.004109526053071022,s021
1,-0.011882396414875984,s021
1,-0.007288363296538591,s021
1,-0.0064866673201322556,s021
1,-0.013976399786770344,s021
1,-0.012647894211113453,s021
1,-0.001864010700955987,s021
1,-0.00518539035692811,s021
1,-0.041387997567653656,s021
1,-0.009484641253948212,s021
1,-0.009349235333502293,s021
1,-0.013741869479417801,s021
1,-0.00461908895522356,s021
1,-0.010185597464442253,s021
1,-0.005319837015122175,s021
1,-0.02145976386964321,s021
1,-0.017123986035585403,s021
1,-0.004129480104893446,s021
1,-0.007298899814486504,s021
1,-0.013245469890534878,s021
1,-0.012632348574697971,s021
1,-0.005659556947648525,s021
1,-0.006583832204341888,s021
1,-0.013624058105051517,s021
1,-0.012943267822265625,s021
1,-0.022106967866420746,s021
1,-0.01750827766954899,s021
1,-0.012340014800429344,s021
1,-0.019528459757566452,s021
1,-0.004764606710523367,s021
1,-0.0073475707322359085,s021
1,-0.006402494385838509,s021
1,-0.032037291675806046,s021
1,-0.007714047096669674,s021
1,-0.009719807654619217,s021
1,-0.02889728918671608,s021
1,-0.016446374356746674,s021
1,-0.01638280600309372,s021
1,-0.002467701444402337,s021
1,-0.005121668800711632,s021
1,-0.010097261518239975,s021
1,-0.009169353172183037,s021
1,-0.024732960388064384,s021
1,-0.03258172795176506,s021
1,-0.0156561192125082,s021
1,-0.008112819865345955,s021
1,-0.010115978308022022,s021
1,-0.012414655648171902,s021
1,-0.01197721529752016,s021
1,-0.009193537756800652,s021
1,-0.01327722892165184,s021
1,-0.003568961750715971,s021
1,-0.007734423503279686,s021
1,-0.02114788629114628,s021
1,-0.011595332995057106,s021
1,-0.0027798330411314964,s021
1,-0.009035942144691944,s021
1,-0.011777989566326141,s021
1,-0.010200259275734425,s021
1,-0.008315209299325943,s021
1,-0.012008916586637497,s021
1,-0.004693043418228626,s021
1,-0.029184022918343544,s021
1,-0.005469804629683495,s021
1,-0.015114575624465942,s021
1,-0.008226774632930756,s021
1,-0.006444187834858894,s021
1,-0.016396701335906982,s021
1,-0.01476728543639183,s021
0,-0.004111759830266237,s021
0,-0.010267024859786034,s021
0,-0.020428335294127464,s021
0,-0.021215545013546944,s021
0,-0.06293431669473648,s021
0,-0.026222780346870422,s021
0,-0.055538032203912735,s021
0,-0.03242996335029602,s021
0,-0.004277286119759083,s021
0,-0.013372299261391163,s021
0,-0.014478315599262714,s021
0,-0.00683602737262845,s021
0,-0.018128247931599617,s021
0,-0.04989473894238472,s021
0,-0.01655159704387188,s021
0,-0.021915536373853683,s021
0,-0.014903775416314602,s021
0,-0.01151279080659151,s021
0,-0.06980998069047928,s021
0,-0.004494469612836838,s021
0,-0.017867375165224075,s021
0,-0.014533473178744316,s021
0,-0.017213143408298492,s021
0,-0.01824697107076645,s021
0,-0.028538541868329048,s021
0,-0.010411052964627743,s021
0,-0.002219753572717309,s021
0,-0.018043849617242813,s021
0,-0.008654925972223282,s021
0,-0.028275873512029648,s021
0,-0.007915666326880455,s021
0,-0.07164575159549713,s021
0,-0.010798333212733269,s021
0,-0.1549655795097351,s021
0,-0.007758192718029022,s021
0,-0.017273906618356705,s021
0,-0.020407550036907196,s021
0,-0.01082873810082674,s021
0,-0.007815840654075146,s021
0,-0.00741929467767477,s021
0,-0.010976152494549751,s021
0,-0.009422939270734787,s021
0,-0.003658240893855691,s021
0,-0.010246742516756058,s021
0,-0.01211829949170351,s021
0,-0.0171493086963892,s021
0,-0.0030328829307109118,s021
0,-0.015105916187167168,s021
0,-0.010404091328382492,s021
0,-0.04512171819806099,s021
0,-0.03737158700823784,s021
0,-0.020663686096668243,s021
0,-0.04073530063033104,s021
0,-0.010570279322564602,s021
0,-0.030580589547753334,s021
0,-0.019942311570048332,s021
0,-0.025708163157105446,s021
0,-0.035811398178339005,s021
0,-0.016266752034425735,s021
0,-0.03093745931982994,s021
0,-0.00797944888472557,s021
0,-0.004907235968858004,s021
0,-0.07119110226631165,s021
0,-0.017244720831513405,s021
0,-0.01838766224682331,s021
0,-0.08436544239521027,s021
0,-0.01076222863048315,s021
0,-0.018521640449762344,s021
0,-0.019801663234829903,s021
0,-0.007377877831459045,s021
0,-0.017819607630372047,s021
0,-0.01635826751589775,s021
0,-0.01259058341383934,s021
0,-0.012454748153686523,s021
0,-0.008208065293729305,s021
0,-0.024829141795635223,s021
0,-0.038452018052339554,s021
0,-0.009569418616592884,s021
0,-0.016572676599025726,s021
0,-0.041569676250219345,s021
0,-0.005426125135272741,s021
0,-0.15596802532672882,s021
0,-0.010286632925271988,s021
0,-0.013894530013203621,s021
0,-0.006699433550238609,s021
0,-0.008134645409882069,s021
0,-0.02410428784787655,s021
0,-0.010133632458746433,s021
0,-0.009077628143131733,s021
0,-0.008774328045547009,s021
0,-0.020821750164031982,s021
0,-0.01639421284198761,s021
0,-0.010700589045882225,s021
0,-0.024405431002378464,s021
0,-0.010790725238621235,s021
0,-0.06878852844238281,s021
0,-0.007928436622023582,s021
0,-0.02119833417236805,s021
0,-0.03909512981772423,s021
0,-0.06963848322629929,s021
0,-0.01016013603657484,s021
0,-0.05669323727488518,s021
0,-0.031242910772562027,s021
0,-0.038434188812971115,s021
0,-0.03627487272024155,s021
0,-0.00848735123872757,s021
0,-0.003882910590618849,s021
0,-0.0030460061971098185,s021
0,-0.0217365100979805,s021
0,-0.008414308540523052,s021
0,-0.012450444512069225,s021
0,-0.12207930535078049,s021
0,-0.003616803325712681,s021
0,-0.01337107177823782,s021
0,-0.011612831614911556,s021
0,-0.027661960572004318,s021
0,-0.013924813829362392,s021
0,-0.01276294607669115,s021
0,-0.009897860698401928,s021
0,-0.03431854769587517,s021
0,-0.015416552312672138,s021
0,-0.029896050691604614,s021
0,-0.017093079164624214,s021
0,-0.01599220000207424,s021
0,-0.03096677176654339,s021
0,-0.009960776194930077,s021
0,-0.004126492887735367,s021
0,-0.18364179134368896,s021
0,-0.028214501217007637,s021
0,-0.005908075254410505,s021
0,-0.010029585100710392,s021
0,-0.012952089309692383,s021
0,-0.020436067134141922,s021
0,-0.015574829652905464,s021
0,-0.010963954031467438,s021
0,-0.00827333889901638,s021
0,-0.01035735197365284,s021
0,-0.007023525889962912,s021
0,-0.010410042479634285,s021
0,-0.019088255241513252,s021
0,-0.04040585830807686,s021
0,-0.0804455503821373,s021
0,-0.0031803552992641926,s021
0,-0.019696179777383804,s021
0,-0.022404450923204422,s021
0,-0.01136045716702938,s021
0,-0.010002371855080128,s021
0,-0.009173723869025707,s021
0,-0.022398311644792557,s021
0,-0.07034070044755936,s021
0,-0.013841608539223671,s021
0,-0.04957210645079613,s021
0,-0.009806258603930473,s021
0,-0.009479830972850323,s021
0,-0.008936122991144657,s021
0,-0.04412112012505531,s021
0,-0.019973857328295708,s021
0,-0.0086970878764987,s021
0,-0.0242923516780138,s021
0,-0.015093207359313965,s021
0,-0.00782837811857462,s021
0,-0.016390779986977577,s021
0,-0.016530819237232208,s021
0,-0.006090020760893822,s021
0,-0.015179278329014778,s021
0,-0.0032826114911586046,s021
0,-0.09545663744211197,s021
0,-0.008942034095525742,s021
0,-0.011736255139112473,s021
0,-0.012268571183085442,s021
0,-0.007824948988854885,s021
0,-0.008121931925415993,s021
0,-0.028605954721570015,s021
0,-0.020151052623987198,s021
0,-0.025565005838871002,s021
0,-0.009671838022768497,s021
0,-0.01860460825264454,s021
0,-0.0050279139541089535,s021
0,-0.061171311885118484,s021
0,-0.006649337243288755,s021
0,-0.00971069373190403,s021
0,-0.020836180076003075,s021
0,-0.014404967427253723,s021
0,-0.015844879671931267,s021
0,-0.03271664306521416,s021
0,-0.04696311056613922,s021
0,-0.01183277741074562,s021
0,-0.04657970368862152,s021
0,-0.013249981217086315,s021
0,-0.018749358132481575,s021
0,-0.011979913339018822,s021
0,-0.010543200187385082,s021
0,-0.039607129991054535,s021
0,-0.009139149449765682,s021
0,-0.03055402636528015,s021
0,-0.018675265833735466,s021
0,-0.030931837856769562,s021
0,-0.03297349065542221,s021
0,-0.008200540207326412,s021
0,-0.03051474317908287,s021
1,-0.07708217203617096,s022
1,-0.04030996933579445,s022
1,-0.018627412617206573,s022
1,-0.04961115121841431,s022
1,-0.029568877071142197,s022
1,-0.016080060973763466,s022
1,-0.09874773770570755,s022
1,-0.024590227752923965,s022
1,-0.0352567583322525,s022
1,-0.11002093553543091,s022
1,-0.037168972194194794,s022
1,-0.02882472053170204,s022
1,-0.029644975438714027,s022
1,-0.057865407317876816,s022
1,-0.011603124439716339,s022
1,-0.03179213032126427,s022
1,-0.037467874586582184,s022
1,-0.010159853845834732,s022
1,-0.10089845955371857,s022
1,-0.03392421826720238,s022
1,-0.0228358693420887,s022
1,-0.02237948216497898,s022
1,-0.04087117686867714,s022
1,-0.03940488398075104,s022
1,-0.13072587549686432,s022
1,-0.09559158980846405,s022
1,-0.07517431676387787,s022
1,-0.03291187062859535,s022
1,-0.08901361376047134,s022
1,-0.020140016451478004,s022
1,-0.02081426791846752,s022
1,-0.13431304693222046,s022
1,-0.029374122619628906,s022
1,-0.03296705707907677,s022
1,-0.03266555815935135,s022
1,-0.044711872935295105,s022
1,-0.031617891043424606,s022
1,-0.02337644249200821,s022
1,-0.09876406192779541,s022
1,-0.05743616819381714,s022
1,-0.024900775402784348,s022
1,-0.07156338542699814,s022
1,-0.025427989661693573,s022
1,-0.039607129991054535,s022
1,-0.028409622609615326,s022
1,-0.09199052304029465,s022
1,-0.02411673776805401,s022
1,-0.0491371750831604,s022
1,-0.022311458364129066,s022
1,-0.04210849106311798,s022
1,-0.07902243733406067,s022
1,-0.026884907856583595,s022
1,-0.015948202461004257,s022
1,-0.041322529315948486,s022
1,-0.0446646474301815,s022
1,-0.11390973627567291,s022
1,-0.08208360522985458,s022
1,-0.015011857263743877,s022
1,-0.02422315999865532,s022
1,-0.057676300406455994,s022
1,-0.08305157721042633,s022
1,-0.09967881441116333,s022
1,-0.038759082555770874,s022
1,-0.012460432015359402,s022
1,-0.047185275703668594,s022
1,-0.05896884948015213,s022
1,-0.02776959538459778,s022
1,-0.1254219114780426,s022
1,-0.029182961210608482,s022
1,-0.09143570065498352,s022
1,-0.1272311806678772,s022
1,-0.027133384719491005,s022
1,-0.03062191605567932,s022
1,-0.21513792872428894,s022
1,-0.01965576410293579,s022
1,-0.025067005306482315,s022
1,-0.029300127178430557,s022
1,-0.029838092625141144,s022
1,-0.08865652233362198,s022
1,-0.022633928805589676,s022
1,-0.018429681658744812,s022
1,-0.0294355321675539,s022
1,-0.15586745738983154,s022
1,-0.029776565730571747,s022
1,-0.04737662151455879,s022
1,-0.04349418729543686,s022
1,-0.015034607611596584,s022
1,-0.09505540132522583,s022
1,-0.04627080634236336,s022
1,-0.02594783529639244,s022
1,-0.0322248749434948,s022
1,-0.03732874244451523,s022
1,-0.04321187362074852,s022
1,-0.013747702352702618,s022
1,-0.11372795701026917,s022
1,-0.02891341596841812,s022
1,-0.03342930227518082,s022
1,-0.08296306431293488,s022
1,-0.019349895417690277,s022
1,-0.04898008331656456,s022
1,-0.08160609751939774,s022
1,-0.025100642815232277,s022
1,-0.061920419335365295,s022
1,-0.013433925807476044,s022
1,-0.08565854281187057,s022
1,-0.013971801847219467,s022
1,-0.03148483484983444,s022
1,-0.039554327726364136,s022
1,-0.11491303890943527,s022
1,-0.01299260277301073,s022
1,-0.043200865387916565,s022
1,-0.045932646840810776,s022
1,-0.03580712154507637,s022
1,-0.024306558072566986,s022
1,-0.028573475778102875,s022
1,-0.07665977627038956,s022
1,-0.02944329008460045,s022
1,-0.09517834335565567,s022
1,-0.013759097084403038,s022
1,-0.02812196873128414,s022
1,-0.04362283647060394,s022
1,-0.04942969232797623,s022
1,-0.11965375393629074,s022
1,-0.012171639129519463,s022
1,-0.07888979464769363,s022
1,-0.09228617697954178,s022
1,-0.08075746893882751,s022
1,-0.04236258566379547,s022
1,-0.032053884118795395,s022
1,-0.04024846479296684,s022
1,-0.043420858681201935,s022
1,-0.01491508912295103,s022
1,-0.055157165974378586,s022
1,-0.04487854987382889,s022
1,-0.02854103222489357,s022
1,-0.01726883463561535,s022
1,-0.10736725479364395,s022
1,-0.011650698259472847,s022
1,-0.03722221031785011,s022
1,-0.16119420528411865,s022
1,-0.08970503509044647,s022
1,-0.017134545370936394,s022
1,-0.0648517981171608,s022
1,-0.04353933036327362,s022
1,-0.1685241013765335,s022
1,-0.024849239736795425,s022
1,-0.03099212981760502,s022
1,-0.028312822803854942,s022
1,-0.05057623237371445,s022
1,-0.014080979861319065,s022
1,-0.020979519933462143,s022
1,-0.10211502760648727,s022
1,-0.06269369274377823,s022
1,-0.018215859308838844,s022
1,-0.030658479779958725,s022
1,-0.027081720530986786,s022
1,-0.014143506996333599,s022
1,-0.1589755415916443,s022
1,-0.04749874770641327,s022
1,-0.06715431809425354,s022
1,-0.028178934007883072,s022
1,-0.02053273469209671,s022
1,-0.08667316287755966,s022
1,-0.022453194484114647,s022
1,-0.09093689918518066,s022
1,-0.060869354754686356,s022
1,-0.045480743050575256,s022
1,-0.02350507117807865,s022
1,-0.061373934149742126,s022
1,-0.06940657645463943,s022
1,-0.04295371472835541,s022
1,-0.093025341629982,s022
1,-0.030565563589334488,s022
1,-0.014266137033700943,s022
1,-0.05637049674987793,s022
1,-0.04911376163363457,s022
1,-0.037674982100725174,s022
1,-0.01178038865327835,s022
1,-0.019544897601008415,s022
1,-0.015299062244594097,s022
1,-0.08609020709991455,s022
1,-0.06220665201544762,s022
1,-0.013221587985754013,s022
1,-0.08063714951276779,s022
1,-0.012354481965303421,s022
1,-0.051550693809986115,s022
1,-0.027546018362045288,s022
1,-0.046753622591495514,s022
1,-0.015512670390307903,s022
1,-0.019031839445233345,s022
1,-0.025666087865829468,s022
1,-0.04958557337522507,s022
1,-0.05144677311182022,s022
1,-0.046204824000597,s022
1,-0.06289669126272202,s022
1,-0.024234941229224205,s022
1,-0.07500112056732178,s022
1,-0.021144606173038483,s022
1,-0.06249866262078285,s022
1,-0.15638121962547302,s022
0,-0.004111759830266237,s022
0,-0.010267024859786034,s022
0,-0.020428335294127464,s022
0,-0.021215545013546944,s022
0,-0.06293431669473648,s022
0,-0.026222780346870422,s022
0,-0.055538032203912735,s022
0,-0.03242996335029602,s022
0,-0.004277286119759083,s022
0,-0.013372299261391163,s022
0,-0.014478315599262714,s022
0,-0.00683602737262845,s022
0,-0.018128247931599617,s022
0,-0.04989473894238472,s022
0,-0.01655159704387188,s022
0,-0.021915536373853683,s022
0,-0.014903775416314602,s022
0,-0.01151279080659151,s022
0,-0.06980998069047928,s022
0,-0.004494469612836838,s022
0,-0.017867375165224075,s022
0,-0.014533473178744316,s022
0,-0.017213143408298492,s022
0,-0.01824697107076645,s022
0,-0.028538541868329048,s022
0,-0.010411052964627743,s022
0,-0.002219753572717309,s022
0,-0.018043849617242813,s022
0,-0.008654925972223282,s022
0,-0.028275873512029648,s022
0,-0.007915666326880455,s022
0,-0.07164575159549713,s022
0,-0.010798333212733269,s022
0,-0.1549655795097351,s022
0,-0.007758192718029022,s022
0,-0.017273906618356705,s022
0,-0.020407550036907196,s022
0,-0.01082873810082674,s022
0,-0.007815840654075146,s022
0,-0.00741929467767477,s022
0,-0.010976152494549751,s022
0,-0.009422939270734787,s022
0,-0.003658240893855691,s022
0,-0.010246742516756058,s022
0,-0.01211829949170351,s022
0,-0.0171493086963892,s022
0,-0.0030328829307109118,s022
0,-0.015105916187167168,s022
0,-0.010404091328382492,s022
0,-0.04512171819806099,s022
0,-0.03737158700823784,s022
0,-0.020663686096668243,s022
0,-0.04073530063033104,s022
0,-0.010570279322564602,s022
0,-0.030580589547753334,s022
0,-0.019942311570048332,s022
0,-0.025708163157105446,s022
0,-0.035811398178339005,s022
0,-0.016266752034425735,s022
0,-0.03093745931982994,s022
0,-0.00797944888472557,s022
0,-0.004907235968858004,s022
0,-0.07119110226631165,s022
0,-0.017244720831513405,s022
0,-0.01838766224682331,s022
0,-0.08436544239521027,s022
0,-0.01076222863048315,s022
0,-0.018521640449762344,s022
0,-0.019801663234829903,s022
0,-0.007377877831459045,s022
0,-0.017819607630372047,s022
0,-0.01635826751589775,s022
0,-0.01259058341383934,s022
0,-0.012454748153686523,s022
0,-0.008208065293729305,s022
0,-0.024829141795635223,s022
0,-0.038452018052339554,s022
0,-0.009569418616592884,s022
0,-0.016572676599025726,s022
0,-0.041569676250219345,s022
0,-0.005426125135272741,s022
0,-0.15596802532672882,s022
0,-0.010286632925271988,s022
0,-0.013894530013203621,s022
0,-0.006699433550238609,s022
0,-0.008134645409882069,s022
0,-0.02410428784787655,s022
0,-0.010133632458746433,s022
0,-0.009077628143131733,s022
0,-0.008774328045547009,s022
0,-0.020821750164031982,s022
0,-0.01639421284198761,s022
0,-0.010700589045882225,s022
0,-0.024405431002378464,s022
0,-0.010790725238621235,s022
0,-0.06878852844238281,s022
0,-0.007928436622023582,s022
0,-0.02119833417236805,s022
0,-0.03909512981772423,s022
0,-0.06963848322629929,s022
0,-0.01016013603657484,s022
0,-0.05669323727488518,s022
0,-0.031242910772562027,s022
0,-0.004980200901627541,s022
0,-0.03627487272024155,s022
0,-0.00848735123872757,s022
0,-0.003882910590618849,s022
0,-0.0030460061971098185,s022
0,-0.0217365100979805,s022
0,-0.008414308540523052,s022
0,-0.012450444512069225,s022
0,-0.12207930535078049,s022
0,-0.003616803325712681,s022
0,-0.01337107177823782,s022
0,-0.011612831614911556,s022
0,-0.027661960572004318,s022
0,-0.013924813829362392,s022
0,-0.01276294607669115,s022
0,-0.009897860698401928,s022
0,-0.03431854769587517,s022
0,-0.015416552312672138,s022
0,-0.029896050691604614,s022
0,-0.017093079164624214,s022
0,-0.01599220000207424,s022
0,-0.03096677176654339,s022
0,-0.009960776194930077,s022
0,-0.004126492887735367,s022
0,-0.18364179134368896,s022
0,-0.028214501217007637,s022
0,-0.005908075254410505,s022
0,-0.010029585100710392,s022
0,-0.012952089309692383,s022
0,-0.020436067134141922,s022
0,-0.015574829652905464,s022
0,-0.010963954031467438,s022
0,-0.00827333889901638,s022
0,-0.01035735197365284,s022
0,-0.007023525889962912,s022
0,-0.010410042479634285,s022
0,-0.019088255241513252,s022
0,-0.04040585830807686,s022
0,-0.0804455503821373,s022
0,-0.0031803552992641926,s022
0,-0.019696179777383804,s022
0,-0.022404450923204422,s022
0,-0.01136045716702938,s022
0,-0.010002371855080128,s022
0,-0.009173723869025707,s022
0,-0.022398311644792557,s022
0,-0.07034070044755936,s022
0,-0.013841608539223671,s022
0,-0.04957210645079613,s022
0,-0.009806258603930473,s022
0,-0.009479830972850323,s022
0,-0.008936122991144657,s022
0,-0.04412112012505531,s022
0,-0.019973857328295708,s022
0,-0.0086970878764987,s022
0,-0.0242923516780138,s022
0,-0.015093207359313965,s022
0,-0.00782837811857462,s022
0,-0.016390779986977577,s022
0,-0.016530819237232208,s022
0,-0.006090020760893822,s022
0,-0.015179278329014778,s022
0,-0.0032826114911586046,s022
0,-0.09545663744211197,s022
0,-0.008942034095525742,s022
0,-0.011736255139112473,s022
0,-0.012268571183085442,s022
0,-0.007824948988854885,s022
0,-0.008121931925415993,s022
0,-0.028605954721570015,s022
0,-0.020151052623987198,s022
0,-0.025565005838871002,s022
0,-0.009671838022768497,s022
0,-0.01860460825264454,s022
0,-0.0050279139541089535,s022
0,-0.061171311885118484,s022
0,-0.006649337243288755,s022
0,-0.00971069373190403,s022
0,-0.020836180076003075,s022
0,-0.014404967427253723,s022
0,-0.015844879671931267,s022
0,-0.03271664306521416,s022
0,-0.04696311056613922,s022
0,-0.01183277741074562,s022
0,-0.04657970368862152,s022
0,-0.013249981217086315,s022
0,-0.018749358132481575,s022
0,-0.011979913339018822,s022
0,-0.010543200187385082,s022
0,-0.013123101554811,s022
0,-0.009139149449765682,s022
0,-0.03055402636528015,s022
0,-0.018675265833735466,s022
0,-0.030931837856769562,s022
0,-0.03297349065542221,s022
0,-0.008200540207326412,s022
0,-0.03051474317908287,s022
1,-0.010099324397742748,s024
1,-0.026781179010868073,s024
1,-0.022143151611089706,s024
1,-0.011661377735435963,s024
1,-0.015041464008390903,s024
1,-0.012197794392704964,s024
1,-0.04141855612397194,s024
1,-0.004404498729854822,s024
1,-0.009211906231939793,s024
1,-0.02360483631491661,s024
1,-0.010102721862494946,s024
1,-0.0058977920562028885,s024
1,-0.022807396948337555,s024
1,-0.06778265535831451,s024
1,-0.009617060422897339,s024
1,-0.004883474204689264,s024
1,-0.009422939270734787,s024
1,-0.012973044998943806,s024
1,-0.040139127522706985,s024
1,-0.010448361746966839,s024
1,-0.04755281284451485,s024
1,-0.004742040764540434,s024
1,-0.028305016458034515,s024
1,-0.007600964047014713,s024
1,-0.022423019632697105,s024
1,-0.021595848724246025,s024
1,-0.013855994679033756,s024
1,-0.013568375259637833,s024
1,-0.003834937699139118,s024
1,-0.010255049914121628,s024
1,-0.01611373759806156,s024
1,-0.01582326367497444,s024
1,-0.027026941999793053,s024
1,-0.008322687819600105,s024
1,-0.007246088702231646,s024
1,-0.03324862942099571,s024
1,-0.01708642579615116,s024
1,-0.005519481375813484,s024
1,-0.010458570905029774,s024
1,-0.008677125908434391,s024
1,-0.026420393958687782,s024
1,-0.01626158319413662,s024
1,-0.007770695723593235,s024
1,-0.015666820108890533,s024
1,-0.01576758548617363,s024
1,-0.02545800991356373,s024
1,-0.03789977729320526,s024
1,-0.011262099258601665,s024
1,-0.00939151644706726,s024
1,-0.010631363838911057,s024
1,-0.012764163315296173,s024
1,-0.011082402430474758,s024
1,-0.007736206986010075,s024
1,-0.0153432572260499,s024
1,-0.02050917036831379,s024
1,-0.02177395485341549,s024
1,-0.03357195109128952,s024
1,-0.012835136614739895,s024
1,-0.005693809129297733,s024
1,-0.016350798308849335,s024
1,-0.03573480620980263,s024
1,-0.02584686689078808,s024
1,-0.014381802640855312,s024
1,-0.008373666554689407,s024
1,-0.010846685618162155,s024
1,-0.01193588599562645,s024
1,-0.007867594249546528,s024
1,-0.00503891846165061,s024
1,-0.04204026609659195,s024
1,-0.012450444512069225,s024
1,-0.019641604274511337,s024
1,-0.008042325265705585,s024
1,-0.010702675208449364,s024
1,-0.027314167469739914,s024
1,-0.007653072476387024,s024
1,-0.010415967553853989,s024
1,-0.007170496508479118,s024
1,-0.008829265832901001,s024
1,-0.015750590711832047,s024
1,-0.007429198361933231,s024
1,-0.007910536602139473,s024
1,-0.011134076863527298,s024
1,-0.019654734060168266,s024
1,-0.006115828175097704,s024
1,-0.015893112868070602,s024
1,-0.009757179766893387,s024
1,-0.00634738989174366,s024
1,-0.00743318535387516,s024
1,-0.017079781740903854,s024
1,-0.011891053058207035,s024
1,-0.011171421967446804,s024
1,-0.006740361452102661,s024
1,-0.011229325085878372,s024
1,-0.022499632090330124,s024
1,-0.016371555626392365,s024
1,-0.012738268822431564,s024
1,-0.009730322286486626,s024
1,-0.016802804544568062,s024
1,-0.01844116486608982,s024
1,-0.011480809189379215,s024
1,-0.015630749985575676,s024
1,-0.011056292802095413,s024
1,-0.011125207878649235,s024
1,-0.011493587866425514,s024
1,-0.021516103297472,s024
1,-0.023903001099824905,s024
1,-0.007466772571206093,s024
1,-0.003230815287679434,s024
1,-0.01751471497118473,s024
1,-0.0236899945884943,s024
1,-0.01256562676280737,s024
1,-0.015809379518032074,s024
1,-0.011755229905247688,s024
1,-0.006275257095694542,s024
1,-0.011990997940301895,s024
1,-0.016924437135457993,s024
1,-0.00915205106139183,s024
1,-0.014774343930184841,s024
1,-0.010288508608937263,s024
1,-0.00756963761523366,s024
1,-0.0062128277495503426,s024
1,-0.02520085498690605,s024
1,-0.013257388025522232,s024
1,-0.003951977007091045,s024
1,-0.013184965588152409,s024
1,-0.021200954914093018,s024
1,-0.04108764976263046,s024
1,-0.0074695441871881485,s024
1,-0.010874235071241856,s024
1,-0.005953552201390266,s024
1,-0.03028501383960247,s024
1,-0.012375883758068085,s024
1,-0.019763998687267303,s024
1,-0.01542643178254366,s024
1,-0.03781307488679886,s024
1,-0.009819436818361282,s024
1,-0.0075933849439024925,s024
1,-0.006358371116220951,s024
1,-0.018328789621591568,s024
1,-0.0845048725605011,s024
1,-0.010208029299974442,s024
1,-0.02263094112277031,s024
1,-0.003158274106681347,s024
1,-0.02426481805741787,s024
1,-0.009541583247482777,s024
1,-0.006405241321772337,s024
1,-0.009251226671040058,s024
1,-0.009671483188867569,s024
1,-0.012880103662610054,s024
1,-0.004398534074425697,s024
1,-0.005158285144716501,s024
1,-0.012018808163702488,s024
1,-0.005793723277747631,s024
1,-0.0049489340744912624,s024
1,-0.021181799471378326,s024
1,-0.013594002462923527,s024
1,-0.004956956487149,s024
1,-0.015744365751743317,s024
1,-0.00805447157472372,s024
1,-0.00824601761996746,s024
1,-0.013658294454216957,s024
1,-0.018848463892936707,s024
1,-0.013540019281208515,s024
1,-0.005335839930921793,s024
1,-0.00576026551425457,s024
1,-0.008859854191541672,s024
1,-0.014047467149794102,s024
1,-0.029929034411907196,s024
1,-0.01924978382885456,s024
1,-0.009278529323637486,s024
1,-0.022855309769511223,s024
1,-0.030654778704047203,s024
1,-0.025815296918153763,s024
1,-0.01271433848887682,s024
1,-0.01683267019689083,s024
1,-0.011691886931657791,s024
1,-0.0051359934732317924,s024
1,-0.016372032463550568,s024
1,-0.028723426163196564,s024
1,-0.009852524846792221,s024
1,-0.018067555502057076,s024
1,-0.020473213866353035,s024
1,-0.0055404421873390675,s024
1,-0.028668437153100967,s024
1,-0.014519940130412579,s024
1,-0.01442130096256733,s024
1,-0.007789818104356527,s024
1,-0.010164756327867508,s024
1,-0.005058951675891876,s024
1,-0.014961061999201775,s024
1,-0.007056737784296274,s024
1,-0.004877297207713127,s024
1,-0.009576547890901566,s024
1,-0.004608700517565012,s024
1,-0.008675565011799335,s024
1,-0.014782066456973553,s024
1,-0.007194437086582184,s024
1,-0.01094958558678627,s024
1,-0.03093745931982994,s024
1,-0.016572043299674988,s024
0,-0.004111759830266237,s024
0,-0.010267024859786034,s024
0,-0.020428335294127464,s024
0,-0.021215545013546944,s024
0,-0.06293431669473648,s024
0,-0.026222780346870422,s024
0,-0.055538032203912735,s024
0,-0.03242996335029602,s024
0,-0.004277286119759083,s024
0,-0.013372299261391163,s024
0,-0.014478315599262714,s024
0,-0.00683602737262845,s024
0,-0.018128247931599617,s024
0,-0.04989473894238472,s024
0,-0.01655159704387188,s024
0,-0.021915536373853683,s024
0,-0.014903775416314602,s024
0,-0.01151279080659151,s024
0,-0.06980998069047928,s024
0,-0.004494469612836838,s024
0,-0.017867375165224075,s024
0,-0.014533473178744316,s024
0,-0.017213143408298492,s024
0,-0.01824697107076645,s024
0,-0.028538541868329048,s024
0,-0.010411052964627743,s024
0,-0.002219753572717309,s024
0,-0.018043849617242813,s024
0,-0.008654925972223282,s024
0,-0.028275873512029648,s024
0,-0.007915666326880455,s024
0,-0.07164575159549713,s024
0,-0.010798333212733269,s024
0,-0.1549655795097351,s024
0,-0.007758192718029022,s024
0,-0.017273906618356705,s024
0,-0.020407550036907196,s024
0,-0.01082873810082674,s024
0,-0.007815840654075146,s024
0,-0.00741929467767477,s024
0,-0.010976152494549751,s024
0,-0.037467874586582184,s024
0,-0.003658240893855691,s024
0,-0.010246742516756058,s024
0,-0.01211829949170351,s024
0,-0.0171493086963892,s024
0,-0.0030328829307109118,s024
0,-0.015105916187167168,s024
0,-0.010404091328382492,s024
0,-0.04512171819806099,s024
0,-0.03737158700823784,s024
0,-0.020663686096668243,s024
0,-0.04073530063033104,s024
0,-0.010570279322564602,s024
0,-0.030580589547753334,s024
0,-0.019942311570048332,s024
0,-0.025708163157105446,s024
0,-0.035811398178339005,s024
0,-0.016266752034425735,s024
0,-0.06249866262078285,s024
0,-0.00797944888472557,s024
0,-0.004907235968858004,s024
0,-0.07119110226631165,s024
0,-0.017244720831513405,s024
0,-0.01838766224682331,s024
0,-0.08436544239521027,s024
0,-0.01076222863048315,s024
0,-0.018521640449762344,s024
0,-0.019801663234829903,s024
0,-0.007377877831459045,s024
0,-0.017819607630372047,s024
0,-0.01635826751589775,s024
0,-0.01259058341383934,s024
0,-0.012454748153686523,s024
0,-0.008208065293729305,s024
0,-0.024829141795635223,s024
0,-0.038452018052339554,s024
0,-0.009569418616592884,s024
0,-0.016572676599025726,s024
0,-0.041569676250219345,s024
0,-0.005426125135272741,s024
0,-0.15596802532672882,s024
0,-0.036210279911756516,s024
0,-0.013894530013203621,s024
0,-0.006699433550238609,s024
0,-0.008134645409882069,s024
0,-0.02410428784787655,s024
0,-0.010133632458746433,s024
0,-0.009077628143131733,s024
0,-0.008774328045547009,s024
0,-0.020821750164031982,s024
0,-0.01639421284198761,s024
0,-0.010700589045882225,s024
0,-0.024405431002378464,s024
0,-0.010790725238621235,s024
0,-0.06878852844238281,s024
0,-0.007928436622023582,s024
0,-0.02119833417236805,s024
0,-0.03909512981772423,s024
0,-0.06963848322629929,s024
0,-0.01016013603657484,s024
0,-0.05669323727488518,s024
0,-0.031242910772562027,s024
0,-0.004980200901627541,s024
0,-0.03627487272024155,s024
0,-0.00848735123872757,s024
0,-0.003882910590618849,s024
0,-0.0030460061971098185,s024
0,-0.0217365100979805,s024
0,-0.008414308540523052,s024
0,-0.09143570065498352,s024
0,-0.12207930535078049,s024
0,-0.003616803325712681,s024
0,-0.01337107177823782,s024
0,-0.011612831614911556,s024
0,-0.027661960572004318,s024
0,-0.013924813829362392,s024
0,-0.01276294607669115,s024
0,-0.009897860698401928,s024
0,-0.03431854769587517,s024
0,-0.015416552312672138,s024
0,-0.029896050691604614,s024
0,-0.017093079164624214,s024
0,-0.01599220000207424,s024
0,-0.03096677176654339,s024
0,-0.009960776194930077,s024
0,-0.004126492887735367,s024
0,-0.18364179134368896,s024
0,-0.028214501217007637,s024
0,-0.005908075254410505,s024
0,-0.010029585100710392,s024
0,-0.012952089309692383,s024
0,-0.020436067134141922,s024
0,-0.015574829652905464,s024
0,-0.010963954031467438,s024
0,-0.00827333889901638,s024
0,-0.01035735197365284,s024
0,-0.007023525889962912,s024
0,-0.010410042479634285,s024
0,-0.019088255241513252,s024
0,-0.04040585830807686,s024
0,-0.0804455503821373,s024
0,-0.0031803552992641926,s024
0,-0.019696179777383804,s024
0,-0.022404450923204422,s024
0,-0.01136045716702938,s024
0,-0.010002371855080128,s024
0,-0.009173723869025707,s024
0,-0.022398311644792557,s024
0,-0.07034070044755936,s024
0,-0.013841608539223671,s024
0,-0.04957210645079613,s024
0,-0.009806258603930473,s024
0,-0.009479830972850323,s024
0,-0.008936122991144657,s024
0,-0.04412112012505531,s024
0,-0.019973857328295708,s024
0,-0.0086970878764987,s024
0,-0.0242923516780138,s024
0,-0.015093207359313965,s024
0,-0.00782837811857462,s024
0,-0.016390779986977577,s024
0,-0.016530819237232208,s024
0,-0.006090020760893822,s024
0,-0.015179278329014778,s024
0,-0.0032826114911586046,s024
0,-0.09545663744211197,s024
0,-0.008942034095525742,s024
0,-0.011736255139112473,s024
0,-0.012268571183085442,s024
0,-0.007824948988854885,s024
0,-0.008121931925415993,s024
0,-0.028605954721570015,s024
0,-0.020151052623987198,s024
0,-0.025565005838871002,s024
0,-0.009671838022768497,s024
0,-0.01860460825264454,s024
0,-0.0050279139541089535,s024
0,-0.061171311885118484,s024
0,-0.006649337243288755,s024
0,-0.00971069373190403,s024
0,-0.020836180076003075,s024
0,-0.014404967427253723,s024
0,-0.015844879671931267,s024
0,-0.03271664306521416,s024
0,-0.04696311056613922,s024
0,-0.01183277741074562,s024
0,-0.04657970368862152,s024
0,-0.013249981217086315,s024
0,-0.018749358132481575,s024
0,-0.011979913339018822,s024
0,-0.010543200187385082,s024
0,-0.013123101554811,s024
0,-0.009139149449765682,s024
0,-0.03055402636528015,s024
0,-0.018675265833735466,s024
0,-0.030931837856769562,s024
0,-0.03297349065542221,s024
0,-0.008200540207326412,s024
0,-0.03051474317908287,s024
1,-0.005341874901205301,s025
1,-0.029469043016433716,s025
1,-0.01170880626887083,s025
1,-0.012512171640992165,s025
1,-0.05723092332482338,s025
1,-0.007005629595369101,s025
1,-0.0732453465461731,s025
1,-0.006530575454235077,s025
1,-0.012401855550706387,s025
1,-0.007754935882985592,s025
1,-0.010778898373246193,s025
1,-0.006160848308354616,s025
1,-0.017470218241214752,s025
1,-0.00939143169671297,s025
1,-0.015787921845912933,s025
1,-0.008187297731637955,s025
1,-0.012283233925700188,s025
1,-0.029174979776144028,s025
1,-0.017754321917891502,s025
1,-0.02179858833551407,s025
1,-0.026481717824935913,s025
1,-0.003689635545015335,s025
1,-0.00985367875546217,s025
1,-0.012560770846903324,s025
1,-0.004290887154638767,s025
1,-0.006552364211529493,s025
1,-0.036912042647600174,s025
1,-0.00871898140758276,s025
1,-0.010661307722330093,s025
1,-0.015552226454019547,s025
1,-0.01212325319647789,s025
1,-0.005186095833778381,s025
1,-0.009346794337034225,s025
1,-0.019135525450110435,s025
1,-0.008851132355630398,s025
1,-0.01786079816520214,s025
1,-0.0042977603152394295,s025
1,-0.00724333431571722,s025
1,-0.028753655031323433,s025
1,-0.008121496997773647,s025
1,-0.012908748351037502,s025
1,-0.031681325286626816,s025
1,-0.012250841595232487,s025
1,-0.01425348874181509,s025
1,-0.0066074044443666935,s025
1,-0.008887192234396935,s025
1,-0.016714584082365036,s025
1,-0.021386831998825073,s025
1,-0.01095298957079649,s025
1,-0.009518271312117577,s025
1,-0.007834015414118767,s025
1,-0.02398911863565445,s025
1,-0.005461615044623613,s025
1,-0.050686873495578766,s025
1,-0.010399608872830868,s025
1,-0.007563382387161255,s025
1,-0.010546003468334675,s025
1,-0.006184604950249195,s025
1,-0.012098472565412521,s025
1,-0.016436366364359856,s025
1,-0.009465694427490234,s025
1,-0.013480620458722115,s025
1,-0.005106089171022177,s025
1,-0.008783773519098759,s025
1,-0.04590381681919098,s025
1,-0.007556492928415537,s025
1,-0.01946958154439926,s025
1,-0.016694670543074608,s025
1,-0.014067430980503559,s025
1,-0.02582315355539322,s025
1,-0.0172398891299963,s025
1,-0.00952905137091875,s025
1,-0.010649816133081913,s025
1,-0.021141313016414642,s025
1,-0.009886179119348526,s025
1,-0.007053954526782036,s025
1,-0.010374434292316437,s025
1,-0.008860197849571705,s025
1,-0.011701155453920364,s025
1,-0.01079085934907198,s025
1,-0.005369748920202255,s025
1,-0.015097091905772686,s025
1,-0.014103169552981853,s025
1,-0.00926283374428749,s025
1,-0.00725391274318099,s025
1,-0.011035948060452938,s025
1,-0.007070953492075205,s025
1,-0.007272208109498024,s025
1,-0.006981594488024712,s025
1,-0.0100506991147995,s025
1,-0.023108847439289093,s025
1,-0.007148937322199345,s025
1,-0.0049653807654976845,s025
1,-0.006109911948442459,s025
1,-0.038015417754650116,s025
1,-0.003252054564654827,s025
1,-0.008233349770307541,s025
1,-0.06593929976224899,s025
1,-0.020658759400248528,s025
1,-0.025798102840781212,s025
1,-0.00541289709508419,s025
1,-0.003962149377912283,s025
1,-0.011866368353366852,s025
1,-0.010033032856881618,s025
1,-0.007637019734829664,s025
1,-0.008705304004251957,s025
1,-0.021166766062378883,s025
1,-0.027065018191933632,s025
1,-0.006600027903914452,s025
1,-0.004723971709609032,s025
1,-0.02000979334115982,s025
1,-0.009326889179646969,s025
1,-0.005517063662409782,s025
1,-0.01621476747095585,s025
1,-0.009170127101242542,s025
1,-0.024207375943660736,s025
1,-0.005881409160792828,s025
1,-0.03191417455673218,s025
1,-0.013412535190582275,s025
1,-0.02782236784696579,s025
1,-0.006088391877710819,s025
1,-0.005937817506492138,s025
1,-0.026622291654348373,s025
1,-0.010516148991882801,s025
1,-0.004351749084889889,s025
1,-0.02613060548901558,s025
1,-0.008201325312256813,s025
1,-0.014029936864972115,s025
1,-0.009012402035295963,s025
1,-0.005954928230494261,s025
1,-0.007967473939061165,s025
1,-0.01733430102467537,s025
1,-0.0077332607470452785,s025
1,-0.004511062055826187,s025
1,-0.00711388885974884,s025
1,-0.0048413462936878204,s025
1,-0.006861009169369936,s025
1,-0.008992169052362442,s025
1,-0.013849858194589615,s025
1,-0.0064692189916968346,s025
1,-0.011454271152615547,s025
1,-0.009477328509092331,s025
1,-0.009854139760136604,s025
1,-0.03993084281682968,s025
1,-0.006015928927809,s025
1,-0.017291685566306114,s025
1,-0.012979939579963684,s025
1,-0.005872618872672319,s025
1,-0.00866113230586052,s025
1,-0.03519339859485626,s025
1,-0.011262167245149612,s025
1,-0.013339870609343052,s025
1,-0.006476203445345163,s025
1,-0.007410550490021706,s025
1,-0.007234982214868069,s025
1,-0.021159879863262177,s025
1,-0.011879266239702702,s025
1,-0.03704367205500603,s025
1,-0.011791936121881008,s025
1,-0.0052748327143490314,s025
1,-0.026193827390670776,s025
1,-0.02107866480946541,s025
1,-0.047465868294239044,s025
1,-0.009447700344026089,s025
1,-0.008397938683629036,s025
1,-0.00680023105815053,s025
1,-0.009548276662826538,s025
1,-0.006719923112541437,s025
1,-0.00902074296027422,s025
1,-0.01982000842690468,s025
1,-0.01376266684383154,s025
1,-0.0335538312792778,s025
1,-0.012722094543278217,s025
1,-0.022382330149412155,s025
1,-0.007258223369717598,s025
1,-0.007590030785650015,s025
1,-0.0021541924215853214,s025
1,-0.021068161353468895,s025
1,-0.009006775915622711,s025
1,-0.022107601165771484,s025
1,-0.008947380818426609,s025
1,-0.008143656887114048,s025
1,-0.005731611046940088,s025
1,-0.021642623469233513,s025
1,-0.011473418213427067,s025
1,-0.0367027223110199,s025
1,-0.017638472840189934,s025
1,-0.008435200899839401,s025
1,-0.011231210082769394,s025
1,-0.009893798269331455,s025
1,-0.020875588059425354,s025
1,-0.009965578094124794,s025
1,-0.009330078028142452,s025
1,-0.010524747893214226,s025
1,-0.004332517273724079,s025
1,-0.009019307792186737,s025
1,-0.02963738888502121,s025
1,-0.01121019758284092,s025
1,-0.008858649991452694,s025
1,-0.008768129162490368,s025
0,-0.004111759830266237,s025
0,-0.010267024859786034,s025
0,-0.020428335294127464,s025
0,-0.021215545013546944,s025
0,-0.06293431669473648,s025
0,-0.026222780346870422,s025
0,-0.055538032203912735,s025
0,-0.03242996335029602,s025
0,-0.004277286119759083,s025
0,-0.013372299261391163,s025
0,-0.014478315599262714,s025
0,-0.00683602737262845,s025
0,-0.018128247931599617,s025
0,-0.04989473894238472,s025
0,-0.01655159704387188,s025
0,-0.021915536373853683,s025
0,-0.014903775416314602,s025
0,-0.01151279080659151,s025
0,-0.06980998069047928,s025
0,-0.004494469612836838,s025
0,-0.017867375165224075,s025
0,-0.014533473178744316,s025
0,-0.017213143408298492,s025
0,-0.01824697107076645,s025
0,-0.028538541868329048,s025
0,-0.010411052964627743,s025
0,-0.002219753572717309,s025
0,-0.018043849617242813,s025
0,-0.008654925972223282,s025
0,-0.028275873512029648,s025
0,-0.007915666326880455,s025
0,-0.07164575159549713,s025
0,-0.010798333212733269,s025
0,-0.1549655795097351,s025
0,-0.007758192718029022,s025
0,-0.017273906618356705,s025
0,-0.020407550036907196,s025
0,-0.01082873810082674,s025
0,-0.007815840654075146,s025
0,-0.00741929467767477,s025
0,-0.010976152494549751,s025
0,-0.037467874586582184,s025
0,-0.003658240893855691,s025
0,-0.010246742516756058,s025
0,-0.01211829949170351,s025
0,-0.0171493086963892,s025
0,-0.0030328829307109118,s025
0,-0.015105916187167168,s025
0,-0.010404091328382492,s025
0,-0.04512171819806099,s025
0,-0.03737158700823784,s025
0,-0.020663686096668243,s025
0,-0.04073530063033104,s025
0,-0.010570279322564602,s025
0,-0.030580589547753334,s025
0,-0.019942311570048332,s025
0,-0.025708163157105446,s025
0,-0.035811398178339005,s025
0,-0.016266752034425735,s025
0,-0.06249866262078285,s025
0,-0.00797944888472557,s025
0,-0.004907235968858004,s025
0,-0.07119110226631165,s025
0,-0.017244720831513405,s025
0,-0.01838766224682331,s025
0,-0.08436544239521027,s025
0,-0.01076222863048315,s025
0,-0.018521640449762344,s025
0,-0.019801663234829903,s025
0,-0.007377877831459045,s025
0,-0.017819607630372047,s025
0,-0.06192396208643913,s025
0,-0.01259058341383934,s025
0,-0.012454748153686523,s025
0,-0.008208065293729305,s025
0,-0.024829141795635223,s025
0,-0.038452018052339554,s025
0,-0.009569418616592884,s025
0,-0.016572676599025726,s025
0,-0.041569676250219345,s025
0,-0.005426125135272741,s025
0,-0.15596802532672882,s025
0,-0.036210279911756516,s025
0,-0.013894530013203621,s025
0,-0.006699433550238609,s025
0,-0.008134645409882069,s025
0,-0.02410428784787655,s025
0,-0.010133632458746433,s025
0,-0.009077628143131733,s025
0,-0.008774328045547009,s025
0,-0.020821750164031982,s025
0,-0.01639421284198761,s025
0,-0.010700589045882225,s025
0,-0.024405431002378464,s025
0,-0.010790725238621235,s025
0,-0.06878852844238281,s025
0,-0.007928436622023582,s025
0,-0.02119833417236805,s025
0,-0.03909512981772423,s025
0,-0.06963848322629929,s025
0,-0.01016013603657484,s025
0,-0.004105383530259132,s025
0,-0.031242910772562027,s025
0,-0.004980200901627541,s025
0,-0.03627487272024155,s025
0,-0.00848735123872757,s025
0,-0.003882910590618849,s025
0,-0.0030460061971098185,s025
0,-0.0217365100979805,s025
0,-0.008414308540523052,s025
0,-0.09143570065498352,s025
0,-0.12207930535078049,s025
0,-0.003616803325712681,s025
0,-0.01123981922864914,s025
0,-0.011612831614911556,s025
0,-0.027661960572004318,s025
0,-0.013924813829362392,s025
0,-0.01276294607669115,s025
0,-0.009897860698401928,s025
0,-0.03431854769587517,s025
0,-0.015416552312672138,s025
0,-0.029896050691604614,s025
0,-0.017093079164624214,s025
0,-0.01599220000207424,s025
0,-0.03096677176654339,s025
0,-0.009960776194930077,s025
0,-0.009402589872479439,s025
0,-0.18364179134368896,s025
0,-0.028214501217007637,s025
0,-0.005908075254410505,s025
0,-0.010029585100710392,s025
0,-0.012952089309692383,s025
0,-0.020436067134141922,s025
0,-0.015574829652905464,s025
0,-0.010963954031467438,s025
0,-0.00827333889901638,s025
0,-0.01035735197365284,s025
0,-0.007023525889962912,s025
0,-0.010410042479634285,s025
0,-0.019088255241513252,s025
0,-0.04040585830807686,s025
0,-0.0804455503821373,s025
0,-0.0031803552992641926,s025
0,-0.019696179777383804,s025
0,-0.022404450923204422,s025
0,-0.01136045716702938,s025
0,-0.010002371855080128,s025
0,-0.009173723869025707,s025
0,-0.022398311644792557,s025
0,-0.07034070044755936,s025
0,-0.013841608539223671,s025
0,-0.04957210645079613,s025
0,-0.009806258603930473,s025
0,-0.009479830972850323,s025
0,-0.008936122991144657,s025
0,-0.04412112012505531,s025
0,-0.019973857328295708,s025
0,-0.0086970878764987,s025
0,-0.0242923516780138,s025
0,-0.015093207359313965,s025
0,-0.00782837811857462,s025
0,-0.016390779986977577,s025
0,-0.016530819237232208,s025
0,-0.006090020760893822,s025
0,-0.015179278329014778,s025
0,-0.0032826114911586046,s025
0,-0.09545663744211197,s025
0,-0.008942034095525742,s025
0,-0.011736255139112473,s025
0,-0.012268571183085442,s025
0,-0.007824948988854885,s025
0,-0.008121931925415993,s025
0,-0.028605954721570015,s025
0,-0.020151052623987198,s025
0,-0.025565005838871002,s025
0,-0.009671838022768497,s025
0,-0.01860460825264454,s025
0,-0.0050279139541089535,s025
0,-0.061171311885118484,s025
0,-0.006649337243288755,s025
0,-0.00971069373190403,s025
0,-0.020836180076003075,s025
0,-0.014404967427253723,s025
0,-0.015844879671931267,s025
0,-0.03271664306521416,s025
0,-0.04696311056613922,s025
0,-0.01183277741074562,s025
0,-0.04657970368862152,s025
0,-0.013249981217086315,s025
0,-0.018749358132481575,s025
0,-0.011979913339018822,s025
0,-0.010543200187385082,s025
0,-0.013123101554811,s025
0,-0.009139149449765682,s025
0,-0.03055402636528015,s025
0,-0.018675265833735466,s025
0,-0.030931837856769562,s025
0,-0.03297349065542221,s025
0,-0.008200540207326412,s025
0,-0.03051474317908287,s025
1,-0.006790557876229286,s026
1,-0.009224947541952133,s026
1,-0.005197340156883001,s026
1,-0.007789314724504948,s026
1,-0.00618789903819561,s026
1,-0.007882689125835896,s026
1,-0.006793361622840166,s026
1,-0.011214649304747581,s026
1,-0.01977422833442688,s026
1,-0.011674206703901291,s026
1,-0.015954140573740005,s026
1,-0.009709498845040798,s026
1,-0.01817615143954754,s026
1,-0.010947350412607193,s026
1,-0.0055800494737923145,s026
1,-0.004612653981894255,s026
1,-0.006490696687251329,s026
1,-0.010618365369737148,s026
1,-0.0034259911626577377,s026
1,-0.008056924678385258,s026
1,-0.007566626649349928,s026
1,-0.004462952259927988,s026
1,-0.008238157257437706,s026
1,-0.019421257078647614,s026
1,-0.01584661193192005,s026
1,-0.00669553829357028,s026
1,-0.007615328766405582,s026
1,-0.004801757168024778,s026
1,-0.00790442805737257,s026
1,-0.015131969004869461,s026
1,-0.005690587684512138,s026
1,-0.021755557507276535,s026
1,-0.009818166494369507,s026
1,-0.011152165941894054,s026
1,-0.007200620137155056,s026
1,-0.010314127430319786,s026
1,-0.01937873847782612,s026
1,-0.013487855903804302,s026
1,-0.009507686831057072,s026
1,-0.006612768862396479,s026
1,-0.01673685759305954,s026
1,-0.011037536896765232,s026
1,-0.005712180398404598,s026
1,-0.0057425834238529205,s026
1,-0.01123091485351324,s026
1,-0.009077033959329128,s026
1,-0.0178558137267828,s026
1,-0.0037509826943278313,s026
1,-0.02058928832411766,s026
1,-0.009025226347148418,s026
1,-0.005739755928516388,s026
1,-0.006043580826371908,s026
1,-0.007091454230248928,s026
1,-0.010087961331009865,s026
1,-0.005038062110543251,s026
1,-0.007018292788416147,s026
1,-0.009229591116309166,s026
1,-0.009572998620569706,s026
1,-0.0025638879742473364,s026
1,-0.005395341664552689,s026
1,-0.011089716106653214,s026
1,-0.009348489344120026,s026
1,-0.004610286094248295,s026
1,-0.01209766324609518,s026
1,-0.040886636823415756,s026
1,-0.01108267717063427,s026
1,-0.01787225529551506,s026
1,-0.0071523734368383884,s026
1,-0.007477824110537767,s026
1,-0.010953339748084545,s026
1,-0.015605971217155457,s026
1,-0.007019672077149153,s026
1,-0.008247495628893375,s026
1,-0.011650491505861282,s026
1,-0.004000673070549965,s026
1,-0.011869172565639019,s026
1,-0.011183676309883595,s026
1,-0.008377238176763058,s026
1,-0.00577574735507369,s026
1,-0.012761831283569336,s026
1,-0.011230610311031342,s026
1,-0.014585874043405056,s026
1,-0.006580202374607325,s026
1,-0.018490459769964218,s026
1,-0.020429089665412903,s026
1,-0.008233889937400818,s026
1,-0.01447184570133686,s026
1,-0.0167874563485384,s026
1,-0.010608651675283909,s026
1,-0.009194809012115002,s026
1,-0.011378893628716469,s026
1,-0.011873657815158367,s026
1,-0.015837235376238823,s026
1,-0.013708400540053844,s026
1,-0.008756301365792751,s026
1,-0.003665725002065301,s026
1,-0.005071032792329788,s026
1,-0.0625123679637909,s026
1,-0.012086465023458004,s026
1,-0.006738016847521067,s026
1,-0.008260708302259445,s026
1,-0.0054628364741802216,s026
1,-0.0070249661803245544,s026
1,-0.03433533012866974,s026
1,-0.013040210120379925,s026
1,-0.01624385267496109,s026
1,-0.00499197980388999,s026
1,-0.005853526294231415,s026
1,-0.0027892938815057278,s026
1,-0.006753795780241489,s026
1,-0.008459876291453838,s026
1,-0.010976152494549751,s026
1,-0.009672376327216625,s026
1,-0.03284566104412079,s026
1,-0.029369989410042763,s026
1,-0.010006455704569817,s026
1,-0.012619584798812866,s026
1,-0.00567324785515666,s026
1,-0.008897615596652031,s026
1,-0.01613757200539112,s026
1,-0.011785156093537807,s026
1,-0.01160810049623251,s026
1,-0.008058484643697739,s026
1,-0.013818289153277874,s026
1,-0.006454562768340111,s026
1,-0.00365024758502841,s026
1,-0.006411070469766855,s026
1,-0.002209767932072282,s026
1,-0.018834367394447327,s026
1,-0.027544625103473663,s026
1,-0.007259038742631674,s026
1,-0.016646699979901314,s026
1,-0.012177986092865467,s026
1,-0.011892955750226974,s026
1,-0.01656755991280079,s026
1,-0.007705358788371086,s026
1,-0.004866722971200943,s026
1,-0.0075377002358436584,s026
1,-0.008499561809003353,s026
1,-0.009068187326192856,s026
1,-0.0036359764635562897,s026
1,-0.01743352599442005,s026
1,-0.008263006806373596,s026
1,-0.0100022591650486,s026
1,-0.013734530657529831,s026
1,-0.009245453402400017,s026
1,-0.025192253291606903,s026
1,-0.013306251727044582,s026
1,-0.013724425807595253,s026
1,-0.008731316775083542,s026
1,-0.010004534386098385,s026
1,-0.008576350286602974,s026
1,-0.014483366161584854,s026
1,-0.009372996166348457,s026
1,-0.0034228626172989607,s026
1,-0.007477563340216875,s026
1,-0.03650420904159546,s026
1,-0.012968786992132664,s026
1,-0.010368590243160725,s026
1,-0.01211916096508503,s026
1,-0.0103977732360363,s026
1,-0.013444098643958569,s026
1,-0.007941143587231636,s026
1,-0.009868274442851543,s026
1,-0.012479132041335106,s026
1,-0.0237312950193882,s026
1,-0.004168754909187555,s026
1,-0.011670250445604324,s026
1,-0.0015875273384153843,s026
1,-0.007767467759549618,s026
1,-0.010850068181753159,s026
1,-0.006313712801784277,s026
1,-0.009225474670529366,s026
1,-0.009266670793294907,s026
1,-0.008744264952838421,s026
1,-0.009536370635032654,s026
1,-0.012730803340673447,s026
1,-0.021179012954235077,s026
1,-0.019580649212002754,s026
1,-0.01819552294909954,s026
1,-0.010153044946491718,s026
1,-0.004230791702866554,s026
1,-0.02268725447356701,s026
1,-0.005607682280242443,s026
1,-0.009077630005776882,s026
1,-0.010389041155576706,s026
1,-0.004123615100979805,s026
1,-0.010297850705683231,s026
1,-0.0237662922590971,s026
1,-0.013661952689290047,s026
1,-0.008846613578498363,s026
1,-0.004116191528737545,s026
1,-0.005923018325120211,s026
1,-0.009342399425804615,s026
1,-0.008142928592860699,s026
1,-0.012755961157381535,s026
1,-0.03384973481297493,s026
1,-0.013739196583628654,s026
1,-0.005724984686821699,s026
1,-0.0075348177924752235,s026
0,-0.004111759830266237,s026
0,-0.010267024859786034,s026
0,-0.020428335294127464,s026
0,-0.021215545013546944,s026
0,-0.06293431669473648,s026
0,-0.026222780346870422,s026
0,-0.055538032203912735,s026
0,-0.03242996335029602,s026
0,-0.004277286119759083,s026
0,-0.013372299261391163,s026
0,-0.014478315599262714,s026
0,-0.00683602737262845,s026
0,-0.018128247931599617,s026
0,-0.04989473894238472,s026
0,-0.01655159704387188,s026
0,-0.021915536373853683,s026
0,-0.014903775416314602,s026
0,-0.01151279080659151,s026
0,-0.06980998069047928,s026
0,-0.004494469612836838,s026
0,-0.017867375165224075,s026
0,-0.014533473178744316,s026
0,-0.017213143408298492,s026
0,-0.01824697107076645,s026
0,-0.028538541868329048,s026
0,-0.010411052964627743,s026
0,-0.002219753572717309,s026
0,-0.018043849617242813,s026
0,-0.008654925972223282,s026
0,-0.028275873512029648,s026
0,-0.007915666326880455,s026
0,-0.07164575159549713,s026
0,-0.010798333212733269,s026
0,-0.1549655795097351,s026
0,-0.007758192718029022,s026
0,-0.017273906618356705,s026
0,-0.020407550036907196,s026
0,-0.01082873810082674,s026
0,-0.007815840654075146,s026
0,-0.00741929467767477,s026
0,-0.009326889179646969,s026
0,-0.037467874586582184,s026
0,-0.003658240893855691,s026
0,-0.010246742516756058,s026
0,-0.01211829949170351,s026
0,-0.0171493086963892,s026
0,-0.0030328829307109118,s026
0,-0.015105916187167168,s026
0,-0.010404091328382492,s026
0,-0.04512171819806099,s026
0,-0.03737158700823784,s026
0,-0.020663686096668243,s026
0,-0.04073530063033104,s026
0,-0.010570279322564602,s026
0,-0.030580589547753334,s026
0,-0.019942311570048332,s026
0,-0.025708163157105446,s026
0,-0.035811398178339005,s026
0,-0.016266752034425735,s026
0,-0.06249866262078285,s026
0,-0.00797944888472557,s026
0,-0.004907235968858004,s026
0,-0.07119110226631165,s026
0,-0.017244720831513405,s026
0,-0.01838766224682331,s026
0,-0.08436544239521027,s026
0,-0.01076222863048315,s026
0,-0.018521640449762344,s026
0,-0.019801663234829903,s026
0,-0.007377877831459045,s026
0,-0.017819607630372047,s026
0,-0.06192396208643913,s026
0,-0.01259058341383934,s026
0,-0.012454748153686523,s026
0,-0.008208065293729305,s026
0,-0.024829141795635223,s026
0,-0.038452018052339554,s026
0,-0.009569418616592884,s026
0,-0.016572676599025726,s026
0,-0.041569676250219345,s026
0,-0.005426125135272741,s026
0,-0.15596802532672882,s026
0,-0.036210279911756516,s026
0,-0.013894530013203621,s026
0,-0.006699433550238609,s026
0,-0.008134645409882069,s026
0,-0.02410428784787655,s026
0,-0.010133632458746433,s026
0,-0.009077628143131733,s026
0,-0.008774328045547009,s026
0,-0.020821750164031982,s026
0,-0.01639421284198761,s026
0,-0.009081102907657623,s026
0,-0.024405431002378464,s026
0,-0.010790725238621235,s026
0,-0.06878852844238281,s026
0,-0.007928436622023582,s026
0,-0.02119833417236805,s026
0,-0.03909512981772423,s026
0,-0.06963848322629929,s026
0,-0.01016013603657484,s026
0,-0.004105383530259132,s026
0,-0.031242910772562027,s026
0,-0.004980200901627541,s026
0,-0.03627487272024155,s026
0,-0.00848735123872757,s026
0,-0.003882910590618849,s026
0,-0.0030460061971098185,s026
0,-0.0217365100979805,s026
0,-0.008414308540523052,s026
0,-0.09143570065498352,s026
0,-0.12207930535078049,s026
0,-0.003616803325712681,s026
0,-0.01123981922864914,s026
0,-0.011612831614911556,s026
0,-0.027661960572004318,s026
0,-0.013924813829362392,s026
0,-0.01276294607669115,s026
0,-0.009897860698401928,s026
0,-0.03431854769587517,s026
0,-0.015416552312672138,s026
0,-0.029896050691604614,s026
0,-0.017093079164624214,s026
0,-0.01599220000207424,s026
0,-0.03096677176654339,s026
0,-0.009960776194930077,s026
0,-0.009402589872479439,s026
0,-0.18364179134368896,s026
0,-0.028214501217007637,s026
0,-0.005908075254410505,s026
0,-0.010029585100710392,s026
0,-0.012952089309692383,s026
0,-0.020436067134141922,s026
0,-0.015574829652905464,s026
0,-0.010963954031467438,s026
0,-0.00827333889901638,s026
0,-0.01035735197365284,s026
0,-0.007023525889962912,s026
0,-0.010410042479634285,s026
0,-0.019088255241513252,s026
0,-0.04040585830807686,s026
0,-0.0804455503821373,s026
0,-0.0031803552992641926,s026
0,-0.019696179777383804,s026
0,-0.022404450923204422,s026
0,-0.01136045716702938,s026
0,-0.010002371855080128,s026
0,-0.009173723869025707,s026
0,-0.022398311644792557,s026
0,-0.07034070044755936,s026
0,-0.013841608539223671,s026
0,-0.04957210645079613,s026
0,-0.009806258603930473,s026
0,-0.009479830972850323,s026
0,-0.008936122991144657,s026
0,-0.04412112012505531,s026
0,-0.019973857328295708,s026
0,-0.0086970878764987,s026
0,-0.0242923516780138,s026
0,-0.015093207359313965,s026
0,-0.00782837811857462,s026
0,-0.016390779986977577,s026
0,-0.016530819237232208,s026
0,-0.006090020760893822,s026
0,-0.015179278329014778,s026
0,-0.011806933209300041,s026
0,-0.09545663744211197,s026
0,-0.008942034095525742,s026
0,-0.011736255139112473,s026
0,-0.012268571183085442,s026
0,-0.007824948988854885,s026
0,-0.008121931925415993,s026
0,-0.028605954721570015,s026
0,-0.020151052623987198,s026
0,-0.025565005838871002,s026
0,-0.009671838022768497,s026
0,-0.01860460825264454,s026
0,-0.0050279139541089535,s026
0,-0.061171311885118484,s026
0,-0.006649337243288755,s026
0,-0.00971069373190403,s026
0,-0.020836180076003075,s026
0,-0.014404967427253723,s026
0,-0.015844879671931267,s026
0,-0.03271664306521416,s026
0,-0.04696311056613922,s026
0,-0.01183277741074562,s026
0,-0.04657970368862152,s026
0,-0.013249981217086315,s026
0,-0.018749358132481575,s026
0,-0.011979913339018822,s026
0,-0.010543200187385082,s026
0,-0.013123101554811,s026
0,-0.009139149449765682,s026
0,-0.03055402636528015,s026
0,-0.018675265833735466,s026
0,-0.030931837856769562,s026
0,-0.03297349065542221,s026
0,-0.008200540207326412,s026
0,-0.03051474317908287,s026
1,-0.007609829306602478,s027
1,-0.010629791766405106,s027
1,-0.014063911512494087,s027
1,-0.021529177203774452,s027
1,-0.012943271547555923,s027
1,-0.021021854132413864,s027
1,-0.019161159172654152,s027
1,-0.011574284173548222,s027
1,-0.016439978033304214,s027
1,-0.012197409756481647,s027
1,-0.022524356842041016,s027
1,-0.017001189291477203,s027
1,-0.01036970503628254,s027
1,-0.012287107296288013,s027
1,-0.023963196203112602,s027
1,-0.013342239893972874,s027
1,-0.014903775416314602,s027
1,-0.027775859460234642,s027
1,-0.038452018052339554,s027
1,-0.00833857897669077,s027
1,-0.05152573436498642,s027
1,-0.017252370715141296,s027
1,-0.03300522267818451,s027
1,-0.015347717329859734,s027
1,-0.008105168119072914,s027
1,-0.029990633949637413,s027
1,-0.057563476264476776,s027
1,-0.017557190731167793,s027
1,-0.014463022351264954,s027
1,-0.009399574249982834,s027
1,-0.02359539270401001,s027
1,-0.10224276781082153,s027
1,-0.017706451937556267,s027
1,-0.009761258028447628,s027
1,-0.010498810559511185,s027
1,-0.01702967844903469,s027
1,-0.02917836792767048,s027
1,-0.006886690855026245,s027
1,-0.016569552943110466,s027
1,-0.009665217250585556,s027
1,-0.01644778996706009,s027
1,-0.017213143408298492,s027
1,-0.009884003549814224,s027
1,-0.01363865565508604,s027
1,-0.0030659930780529976,s027
1,-0.02214202657341957,s027
1,-0.014096764847636223,s027
1,-0.023800889030098915,s027
1,-0.008808011189103127,s027
1,-0.02862146869301796,s027
1,-0.032660264521837234,s027
1,-0.05473858118057251,s027
1,-0.014383275993168354,s027
1,-0.032715730369091034,s027
1,-0.01757490076124668,s027
1,-0.012026595883071423,s027
1,-0.013080926612019539,s027
1,-0.0033534704707562923,s027
1,-0.00822050403803587,s027
1,-0.00894190464168787,s027
1,-0.018099384382367134,s027
1,-0.019705967977643013,s027
1,-0.006683010142296553,s027
1,-0.007806973997503519,s027
1,-0.008453567512333393,s027
1,-0.005917925387620926,s027
1,-0.025580868124961853,s027
1,-0.004839041735976934,s027
1,-0.025978974997997284,s027
1,-0.00985793862491846,s027
1,-0.00924348272383213,s027
1,-0.011920259334146976,s027
1,-0.013655094429850578,s027
1,-0.007551709655672312,s027
1,-0.010555020533502102,s027
1,-0.006985025480389595,s027
1,-0.017898879945278168,s027
1,-0.022452082484960556,s027
1,-0.004381793085485697,s027
1,-0.03419783338904381,s027
1,-0.013939036056399345,s027
1,-0.027068017050623894,s027
1,-0.01674599200487137,s027
1,-0.007426709868013859,s027
1,-0.006884387694299221,s027
1,-0.023612281307578087,s027
1,-0.03313145041465759,s027
1,-0.008513395674526691,s027
1,-0.01671481691300869,s027
1,-0.0331154465675354,s027
1,-0.01193215325474739,s027
1,-0.013759631663560867,s027
1,-0.011845004744827747,s027
1,-0.009262497536838055,s027
1,-0.040877360850572586,s027
1,-0.015896348282694817,s027
1,-0.034239012748003006,s027
1,-0.011120978742837906,s027
1,-0.03623877838253975,s027
1,-0.021956592798233032,s027
1,-0.02361372858285904,s027
1,-0.016653509810566902,s027
1,-0.04541691765189171,s027
1,-0.012356485240161419,s027
1,-0.012518626637756824,s027
1,-0.01119090523570776,s027
1,-0.08419430255889893,s027
1,-0.021058358252048492,s027
1,-0.019485263153910637,s027
1,-0.027111345902085304,s027
1,-0.013032144866883755,s027
1,-0.01937340945005417,s027
1,-0.006086146458983421,s027
1,-0.006416608113795519,s027
1,-0.013967747800052166,s027
1,-0.02487294003367424,s027
1,-0.024567335844039917,s027
1,-0.017206735908985138,s027
1,-0.009962665848433971,s027
1,-0.01367090456187725,s027
1,-0.010854251682758331,s027
1,-0.06247411295771599,s027
1,-0.029161088168621063,s027
1,-0.020454343408346176,s027
1,-0.010762667283415794,s027
1,-0.015714146196842194,s027
1,-0.021914927288889885,s027
1,-0.01539945974946022,s027
1,-0.03564899042248726,s027
1,-0.014036968350410461,s027
1,-0.011902759782969952,s027
1,-0.0059202807024121284,s027
1,-0.018555892631411552,s027
1,-0.01270067598670721,s027
1,-0.006454874761402607,s027
1,-0.022028077393770218,s027
1,-0.02485494315624237,s027
1,-0.012997946701943874,s027
1,-0.021790770813822746,s027
1,-0.026472244411706924,s027
1,-0.015448804944753647,s027
1,-0.013811255805194378,s027
1,-0.01022402010858059,s027
1,-0.01409319881349802,s027
1,-0.016364824026823044,s027
1,-0.01852487400174141,s027
1,-0.03142235055565834,s027
1,-0.011891919188201427,s027
1,-0.039714306592941284,s027
1,-0.02076118066906929,s027
1,-0.01297840941697359,s027
1,-0.017711613327264786,s027
1,-0.02410428784787655,s027
1,-0.024104690179228783,s027
1,-0.04239686205983162,s027
1,-0.007080160081386566,s027
1,-0.030060317367315292,s027
1,-0.02119489759206772,s027
1,-0.04548326134681702,s027
1,-0.011738348752260208,s027
1,-0.03357231244444847,s027
1,-0.003302771132439375,s027
1,-0.009144657291471958,s027
1,-0.015400460921227932,s027
1,-0.015933457762002945,s027
1,-0.020340722054243088,s027
1,-0.022607870399951935,s027
1,-0.02080448716878891,s027
1,-0.012407306581735611,s027
1,-0.02838089130818844,s027
1,-0.026233118027448654,s027
1,-0.018776793032884598,s027
1,-0.02037888765335083,s027
1,-0.007549530826508999,s027
1,-0.007920137606561184,s027
1,-0.013783397153019905,s027
1,-0.013253016397356987,s027
1,-0.008749949745833874,s027
1,-0.022651324048638344,s027
1,-0.01590351201593876,s027
1,-0.014924622140824795,s027
1,-0.010089635848999023,s027
1,-0.012485047802329063,s027
1,-0.011532869189977646,s027
1,-0.024426443502306938,s027
1,-0.008727543987333775,s027
1,-0.011079652234911919,s027
1,-0.016522152349352837,s027
1,-0.016976304352283478,s027
1,-0.034485332667827606,s027
1,-0.06040579080581665,s027
1,-0.015680372714996338,s027
1,-0.008579007349908352,s027
1,-0.01909559778869152,s027
1,-0.028566738590598106,s027
1,-0.011021086014807224,s027
1,-0.02138502709567547,s027
1,-0.03160565346479416,s027
1,-0.015356232412159443,s027
1,-0.02426079288125038,s027
0,-0.004111759830266237,s027
0,-0.010267024859786034,s027
0,-0.020428335294127464,s027
0,-0.021215545013546944,s027
0,-0.06293431669473648,s027
0,-0.026222780346870422,s027
0,-0.055538032203912735,s027
0,-0.03242996335029602,s027
0,-0.004277286119759083,s027
0,-0.013372299261391163,s027
0,-0.014478315599262714,s027
0,-0.00683602737262845,s027
0,-0.018128247931599617,s027
0,-0.04989473894238472,s027
0,-0.01655159704387188,s027
0,-0.021915536373853683,s027
0,-0.006490696687251329,s027
0,-0.01151279080659151,s027
0,-0.06980998069047928,s027
0,-0.004494469612836838,s027
0,-0.017867375165224075,s027
0,-0.014533473178744316,s027
0,-0.011037536896765232,s027
0,-0.01824697107076645,s027
0,-0.028538541868329048,s027
0,-0.010411052964627743,s027
0,-0.002219753572717309,s027
0,-0.018043849617242813,s027
0,-0.008654925972223282,s027
0,-0.028275873512029648,s027
0,-0.007915666326880455,s027
0,-0.07164575159549713,s027
0,-0.010798333212733269,s027
0,-0.1549655795097351,s027
0,-0.0057799615897238255,s027
0,-0.017273906618356705,s027
0,-0.020407550036907196,s027
0,-0.01082873810082674,s027
0,-0.007815840654075146,s027
0,-0.00741929467767477,s027
0,-0.009326889179646969,s027
0,-0.037467874586582184,s027
0,-0.003658240893855691,s027
0,-0.010246742516756058,s027
0,-0.01211829949170351,s027
0,-0.0171493086963892,s027
0,-0.0030328829307109118,s027
0,-0.015105916187167168,s027
0,-0.010404091328382492,s027
0,-0.04512171819806099,s027
0,-0.03737158700823784,s027
0,-0.020663686096668243,s027
0,-0.04073530063033104,s027
0,-0.010570279322564602,s027
0,-0.030580589547753334,s027
0,-0.019942311570048332,s027
0,-0.025708163157105446,s027
0,-0.035811398178339005,s027
0,-0.016266752034425735,s027
0,-0.06249866262078285,s027
0,-0.00797944888472557,s027
0,-0.004907235968858004,s027
0,-0.07119110226631165,s027
0,-0.017244720831513405,s027
0,-0.01838766224682331,s027
0,-0.08436544239521027,s027
0,-0.01076222863048315,s027
0,-0.018521640449762344,s027
0,-0.019801663234829903,s027
0,-0.007377877831459045,s027
0,-0.017819607630372047,s027
0,-0.06192396208643913,s027
0,-0.01259058341383934,s027
0,-0.012454748153686523,s027
0,-0.008208065293729305,s027
0,-0.024829141795635223,s027
0,-0.0034259911626577377,s027
0,-0.009569418616592884,s027
0,-0.016572676599025726,s027
0,-0.041569676250219345,s027
0,-0.005426125135272741,s027
0,-0.15596802532672882,s027
0,-0.036210279911756516,s027
0,-0.013894530013203621,s027
0,-0.006699433550238609,s027
0,-0.008134645409882069,s027
0,-0.014483366161584854,s027
0,-0.010133632458746433,s027
0,-0.009077628143131733,s027
0,-0.008774328045547009,s027
0,-0.020821750164031982,s027
0,-0.01639421284198761,s027
0,-0.009081102907657623,s027
0,-0.024405431002378464,s027
0,-0.010790725238621235,s027
0,-0.06878852844238281,s027
0,-0.007928436622023582,s027
0,-0.02119833417236805,s027
0,-0.03909512981772423,s027
0,-0.06963848322629929,s027
0,-0.01016013603657484,s027
0,-0.004105383530259132,s027
0,-0.031242910772562027,s027
0,-0.004980200901627541,s027
0,-0.03627487272024155,s027
0,-0.00848735123872757,s027
0,-0.003882910590618849,s027
0,-0.0030460061971098185,s027
0,-0.0217365100979805,s027
0,-0.008414308540523052,s027
0,-0.09143570065498352,s027
0,-0.12207930535078049,s027
0,-0.003616803325712681,s027
0,-0.01123981922864914,s027
0,-0.011612831614911556,s027
0,-0.027661960572004318,s027
0,-0.013924813829362392,s027
0,-0.01276294607669115,s027
0,-0.009897860698401928,s027
0,-0.03431854769587517,s027
0,-0.015416552312672138,s027
0,-0.029896050691604614,s027
0,-0.017093079164624214,s027
0,-0.01599220000207424,s027
0,-0.03096677176654339,s027
0,-0.009960776194930077,s027
0,-0.009402589872479439,s027
0,-0.18364179134368896,s027
0,-0.028214501217007637,s027
0,-0.005908075254410505,s027
0,-0.010029585100710392,s027
0,-0.012952089309692383,s027
0,-0.020436067134141922,s027
0,-0.015574829652905464,s027
0,-0.010963954031467438,s027
0,-0.00827333889901638,s027
0,-0.01035735197365284,s027
0,-0.007023525889962912,s027
0,-0.010410042479634285,s027
0,-0.019088255241513252,s027
0,-0.04040585830807686,s027
0,-0.0804455503821373,s027
0,-0.0031803552992641926,s027
0,-0.019696179777383804,s027
0,-0.022404450923204422,s027
0,-0.01136045716702938,s027
0,-0.010002371855080128,s027
0,-0.009173723869025707,s027
0,-0.022398311644792557,s027
0,-0.07034070044755936,s027
0,-0.013841608539223671,s027
0,-0.04957210645079613,s027
0,-0.009806258603930473,s027
0,-0.009479830972850323,s027
0,-0.008936122991144657,s027
0,-0.04412112012505531,s027
0,-0.019973857328295708,s027
0,-0.0086970878764987,s027
0,-0.0242923516780138,s027
0,-0.015093207359313965,s027
0,-0.00782837811857462,s027
0,-0.016390779986977577,s027
0,-0.016530819237232208,s027
0,-0.006090020760893822,s027
0,-0.015179278329014778,s027
0,-0.011806933209300041,s027
0,-0.09545663744211197,s027
0,-0.008942034095525742,s027
0,-0.011736255139112473,s027
0,-0.012268571183085442,s027
0,-0.007824948988854885,s027
0,-0.008121931925415993,s027
0,-0.028605954721570015,s027
0,-0.020151052623987198,s027
0,-0.025565005838871002,s027
0,-0.009671838022768497,s027
0,-0.01860460825264454,s027
0,-0.0050279139541089535,s027
0,-0.061171311885118484,s027
0,-0.006649337243288755,s027
0,-0.00971069373190403,s027
0,-0.020836180076003075,s027
0,-0.014404967427253723,s027
0,-0.015844879671931267,s027
0,-0.03271664306521416,s027
0,-0.04696311056613922,s027
0,-0.01183277741074562,s027
0,-0.04657970368862152,s027
0,-0.013249981217086315,s027
0,-0.018749358132481575,s027
0,-0.011979913339018822,s027
0,-0.010543200187385082,s027
0,-0.013123101554811,s027
0,-0.009139149449765682,s027
0,-0.03055402636528015,s027
0,-0.018675265833735466,s027
0,-0.030931837856769562,s027
0,-0.03297349065542221,s027
0,-0.008200540207326412,s027
0,-0.03051474317908287,s027
1,-0.007867539301514626,s028
1,-0.01730857603251934,s028
1,-0.00659507280215621,s028
1,-0.00765024870634079,s028
1,-0.010806555859744549,s028
1,-0.0038541550748050213,s028
1,-0.028503447771072388,s028
1,-0.01980230025947094,s028
1,-0.03526639565825462,s028
1,-0.02248445339500904,s028
1,-0.019886255264282227,s028
1,-0.004901899490505457,s028
1,-0.014288228005170822,s028
1,-0.01640615612268448,s028
1,-0.004275410436093807,s028
1,-0.008738035336136818,s028
1,-0.007111771963536739,s028
1,-0.017644470557570457,s028
1,-0.004939503502100706,s028
1,-0.026318145915865898,s028
1,-0.011080947704613209,s028
1,-0.021293552592396736,s028
1,-0.009696953929960728,s028
1,-0.020921627059578896,s028
1,-0.012901590205729008,s028
1,-0.02165129780769348,s028
1,-0.021068856120109558,s028
1,-0.0043283142149448395,s028
1,-0.004595329985022545,s028
1,-0.033537548035383224,s028
1,-0.007357613183557987,s028
1,-0.017745796591043472,s028
1,-0.016216132789850235,s028
1,-0.009333988651633263,s028
1,-0.015567796304821968,s028
1,-0.012734613381326199,s028
1,-0.008409319445490837,s028
1,-0.01290958747267723,s028
1,-0.014268530532717705,s028
1,-0.005099513567984104,s028
1,-0.005914945155382156,s028
1,-0.010783865116536617,s028
1,-0.0025408624205738306,s028
1,-0.00662605045363307,s028
1,-0.011349360458552837,s028
1,-0.01327946875244379,s028
1,-0.00958851259201765,s028
1,-0.013937532901763916,s028
1,-0.00818520225584507,s028
1,-0.004945011343806982,s028
1,-0.006740308366715908,s028
1,-0.020666737109422684,s028
1,-0.012465042062103748,s028
1,-0.012112149968743324,s028
1,-0.024758432060480118,s028
1,-0.01582573726773262,s028
1,-0.012257872149348259,s028
1,-0.006572308950126171,s028
1,-0.008449072949588299,s028
1,-0.007896535098552704,s028
1,-0.008549334481358528,s028
1,-0.010531282983720303,s028
1,-0.00930417887866497,s028
1,-0.0055769351311028,s028
1,-0.004854461178183556,s028
1,-0.024409355595707893,s028
1,-0.011949527077376842,s028
1,-0.00955860037356615,s028
1,-0.00825759582221508,s028
1,-0.022980324923992157,s028
1,-0.011842598207294941,s028
1,-0.005163449794054031,s028
1,-0.002219753572717309,s028
1,-0.005707451608031988,s028
1,-0.00506993243470788,s028
1,-0.009187550283968449,s028
1,-0.007287496700882912,s028
1,-0.0071404436603188515,s028
1,-0.014824789017438889,s028
1,-0.009629692882299423,s028
1,-0.010745315812528133,s028
1,-0.004111323971301317,s028
1,-0.009566908702254295,s028
1,-0.014858565293252468,s028
1,-0.009025279432535172,s028
1,-0.011249409057199955,s028
1,-0.009343229234218597,s028
1,-0.007821215316653252,s028
1,-0.0176604725420475,s028
1,-0.014641006477177143,s028
1,-0.010594518855214119,s028
1,-0.007407614961266518,s028
1,-0.00853990763425827,s028
1,-0.011139139533042908,s028
1,-0.01409180648624897,s028
1,-0.014879237860441208,s028
1,-0.008072408847510815,s028
1,-0.007552328985184431,s028
1,-0.013345019891858101,s028
1,-0.02088645100593567,s028
1,-0.015959179028868675,s028
1,-0.008869297802448273,s028
1,-0.021858446300029755,s028
1,-0.0106431869789958,s028
1,-0.011420798487961292,s028
1,-0.015132876113057137,s028
1,-0.011883067898452282,s028
1,-0.009037512354552746,s028
1,-0.00809973943978548,s028
1,-0.020492006093263626,s028
1,-0.0381288081407547,s028
1,-0.013384643010795116,s028
1,-0.009166804142296314,s028
1,-0.014283471740782261,s028
1,-0.014163140207529068,s028
1,-0.00986963976174593,s028
1,-0.006446299143135548,s028
1,-0.013725299388170242,s028
1,-0.005972940940409899,s028
1,-0.006221182178705931,s028
1,-0.010863207280635834,s028
1,-0.00548749091103673,s028
1,-0.02187223546206951,s028
1,-0.027647754177451134,s028
1,-0.012339260429143906,s028
1,-0.01041608676314354,s028
1,-0.007293581962585449,s028
1,-0.013934512622654438,s028
1,-0.005764579866081476,s028
1,-0.013046391308307648,s028
1,-0.009213008917868137,s028
1,-0.0071630096063017845,s028
1,-0.010246742516756058,s028
1,-0.017958831042051315,s028
1,-0.011895301751792431,s028
1,-0.01513079646974802,s028
1,-0.010583200491964817,s028
1,-0.014083110727369785,s028
1,-0.012157191522419453,s028
1,-0.012535873800516129,s028
1,-0.00835507269948721,s028
1,-0.0049572717398405075,s028
1,-0.014048757031559944,s028
1,-0.017682049423456192,s028
1,-0.01538446731865406,s028
1,-0.005717496387660503,s028
1,-0.007252355571836233,s028
1,-0.0042957342229783535,s028
1,-0.002235212828963995,s028
1,-0.018436500802636147,s028
1,-0.028694408014416695,s028
1,-0.016547759994864464,s028
1,-0.011803194880485535,s028
1,-0.00980942789465189,s028
1,-0.00908857211470604,s028
1,-0.00793803483247757,s028
1,-0.004125887993723154,s028
1,-0.01048162579536438,s028
1,-0.01479172334074974,s028
1,-0.00977858155965805,s028
1,-0.0060766227543354034,s028
1,-0.004210895858705044,s028
1,-0.01743280328810215,s028
1,-0.004760319367051125,s028
1,-0.023059051483869553,s028
1,-0.010283713229000568,s028
1,-0.0128952506929636,s028
1,-0.028568493202328682,s028
1,-0.006647075060755014,s028
1,-0.0038393251597881317,s028
1,-0.011583656072616577,s028
1,-0.01069157849997282,s028
1,-0.008210722357034683,s028
1,-0.003949929494410753,s028
1,-0.011545885354280472,s028
1,-0.005803929176181555,s028
1,-0.006609178148210049,s028
1,-0.003820887766778469,s028
1,-0.0038320485036820173,s028
1,-0.009557442739605904,s028
1,-0.016534561291337013,s028
1,-0.009577210992574692,s028
1,-0.007681088987737894,s028
1,-0.009982132352888584,s028
1,-0.023570099845528603,s028
1,-0.008888838812708855,s028
1,-0.008253348059952259,s028
1,-0.023125059902668,s028
1,-0.011913076974451542,s028
1,-0.028298569843173027,s028
1,-0.004873086232692003,s028
1,-0.006618379149585962,s028
1,-0.010590857826173306,s028
1,-0.008622253313660622,s028
1,-0.015337471850216389,s028
1,-0.004718412179499865,s028
1,-0.005671482067555189,s028
1,-0.011463065631687641,s028
1,-0.006222711410373449,s028
1,-0.014894772320985794,s028
0,-0.004111759830266237,s028
0,-0.010267024859786034,s028
0,-0.020428335294127464,s028
0,-0.021215545013546944,s028
0,-0.06293431669473648,s028
0,-0.026222780346870422,s028
0,-0.055538032203912735,s028
0,-0.03242996335029602,s028
0,-0.004277286119759083,s028
0,-0.013372299261391163,s028
0,-0.014478315599262714,s028
0,-0.00683602737262845,s028
0,-0.018128247931599617,s028
0,-0.04989473894238472,s028
0,-0.01655159704387188,s028
0,-0.021915536373853683,s028
0,-0.006490696687251329,s028
0,-0.01151279080659151,s028
0,-0.06980998069047928,s028
0,-0.004494469612836838,s028
0,-0.017867375165224075,s028
0,-0.014533473178744316,s028
0,-0.011037536896765232,s028
0,-0.01824697107076645,s028
0,-0.028538541868329048,s028
0,-0.010411052964627743,s028
0,-0.013655094429850578,s028
0,-0.018043849617242813,s028
0,-0.008654925972223282,s028
0,-0.028275873512029648,s028
0,-0.007915666326880455,s028
0,-0.07164575159549713,s028
0,-0.010798333212733269,s028
0,-0.1549655795097351,s028
0,-0.0057799615897238255,s028
0,-0.017273906618356705,s028
0,-0.020407550036907196,s028
0,-0.01082873810082674,s028
0,-0.007815840654075146,s028
0,-0.00741929467767477,s028
0,-0.009326889179646969,s028
0,-0.037467874586582184,s028
0,-0.003658240893855691,s028
0,-0.018555892631411552,s028
0,-0.01211829949170351,s028
0,-0.0171493086963892,s028
0,-0.0030328829307109118,s028
0,-0.015105916187167168,s028
0,-0.010404091328382492,s028
0,-0.04512171819806099,s028
0,-0.03737158700823784,s028
0,-0.020663686096668243,s028
0,-0.04073530063033104,s028
0,-0.010570279322564602,s028
0,-0.030580589547753334,s028
0,-0.019942311570048332,s028
0,-0.025708163157105446,s028
0,-0.035811398178339005,s028
0,-0.016266752034425735,s028
0,-0.06249866262078285,s028
0,-0.00797944888472557,s028
0,-0.004907235968858004,s028
0,-0.07119110226631165,s028
0,-0.017244720831513405,s028
0,-0.01838766224682331,s028
0,-0.08436544239521027,s028
0,-0.01076222863048315,s028
0,-0.018521640449762344,s028
0,-0.019801663234829903,s028
0,-0.007377877831459045,s028
0,-0.017819607630372047,s028
0,-0.06192396208643913,s028
0,-0.01259058341383934,s028
0,-0.012454748153686523,s028
0,-0.008208065293729305,s028
0,-0.024829141795635223,s028
0,-0.0034259911626577377,s028
0,-0.009569418616592884,s028
0,-0.016572676599025726,s028
0,-0.041569676250219345,s028
0,-0.005426125135272741,s028
0,-0.15596802532672882,s028
0,-0.036210279911756516,s028
0,-0.013894530013203621,s028
0,-0.006699433550238609,s028
0,-0.008134645409882069,s028
0,-0.014483366161584854,s028
0,-0.010133632458746433,s028
0,-0.009077628143131733,s028
0,-0.008774328045547009,s028
0,-0.020821750164031982,s028
0,-0.01639421284198761,s028
0,-0.009081102907657623,s028
0,-0.024405431002378464,s028
0,-0.031938642263412476,s028
0,-0.06878852844238281,s028
0,-0.007928436622023582,s028
0,-0.02119833417236805,s028
0,-0.03909512981772423,s028
0,-0.06963848322629929,s028
0,-0.01016013603657484,s028
0,-0.004105383530259132,s028
0,-0.031242910772562027,s028
0,-0.004980200901627541,s028
0,-0.03627487272024155,s028
0,-0.00848735123872757,s028
0,-0.003882910590618849,s028
0,-0.0030460061971098185,s028
0,-0.0217365100979805,s028
0,-0.008414308540523052,s028
0,-0.09143570065498352,s028
0,-0.12207930535078049,s028
0,-0.003616803325712681,s028
0,-0.01123981922864914,s028
0,-0.011612831614911556,s028
0,-0.027661960572004318,s028
0,-0.013924813829362392,s028
0,-0.01276294607669115,s028
0,-0.009897860698401928,s028
0,-0.03431854769587517,s028
0,-0.015416552312672138,s028
0,-0.029896050691604614,s028
0,-0.017093079164624214,s028
0,-0.01599220000207424,s028
0,-0.03096677176654339,s028
0,-0.009960776194930077,s028
0,-0.009402589872479439,s028
0,-0.18364179134368896,s028
0,-0.028214501217007637,s028
0,-0.005908075254410505,s028
0,-0.010029585100710392,s028
0,-0.012952089309692383,s028
0,-0.020436067134141922,s028
0,-0.015574829652905464,s028
0,-0.010963954031467438,s028
0,-0.00827333889901638,s028
0,-0.01035735197365284,s028
0,-0.007023525889962912,s028
0,-0.015394780784845352,s028
0,-0.019088255241513252,s028
0,-0.04040585830807686,s028
0,-0.0804455503821373,s028
0,-0.0031803552992641926,s028
0,-0.019696179777383804,s028
0,-0.022404450923204422,s028
0,-0.01136045716702938,s028
0,-0.010002371855080128,s028
0,-0.009173723869025707,s028
0,-0.022398311644792557,s028
0,-0.07034070044755936,s028
0,-0.013841608539223671,s028
0,-0.04957210645079613,s028
0,-0.009806258603930473,s028
0,-0.009479830972850323,s028
0,-0.008936122991144657,s028
0,-0.04412112012505531,s028
0,-0.019973857328295708,s028
0,-0.0086970878764987,s028
0,-0.0242923516780138,s028
0,-0.015093207359313965,s028
0,-0.00782837811857462,s028
0,-0.016390779986977577,s028
0,-0.016530819237232208,s028
0,-0.006090020760893822,s028
0,-0.015179278329014778,s028
0,-0.011806933209300041,s028
0,-0.09545663744211197,s028
0,-0.008942034095525742,s028
0,-0.011736255139112473,s028
0,-0.012268571183085442,s028
0,-0.007824948988854885,s028
0,-0.008121931925415993,s028
0,-0.028605954721570015,s028
0,-0.020151052623987198,s028
0,-0.025565005838871002,s028
0,-0.009671838022768497,s028
0,-0.01860460825264454,s028
0,-0.0050279139541089535,s028
0,-0.061171311885118484,s028
0,-0.006649337243288755,s028
0,-0.00971069373190403,s028
0,-0.020836180076003075,s028
0,-0.014404967427253723,s028
0,-0.015844879671931267,s028
0,-0.03271664306521416,s028
0,-0.04696311056613922,s028
0,-0.01183277741074562,s028
0,-0.04657970368862152,s028
0,-0.013249981217086315,s028
0,-0.018749358132481575,s028
0,-0.011979913339018822,s028
0,-0.010543200187385082,s028
0,-0.013123101554811,s028
0,-0.009139149449765682,s028
0,-0.03055402636528015,s028
0,-0.018675265833735466,s028
0,-0.030931837856769562,s028
0,-0.03297349065542221,s028
0,-0.008200540207326412,s028
0,-0.03051474317908287,s028
1,-0.003173850942403078,s029
1,-0.008733544498682022,s029
1,-0.010322362184524536,s029
1,-0.0032154819928109646,s029
1,-0.010070526041090488,s029
1,-0.015198671258985996,s029
1,-0.004494155757129192,s029
1,-0.011949614621698856,s029
1,-0.007326861843466759,s029
1,-0.003095674328505993,s029
1,-0.0038361893966794014,s029
1,-0.0061385841108858585,s029
1,-0.008356453850865364,s029
1,-0.005816265475004911,s029
1,-0.008722000755369663,s029
1,-0.007582023739814758,s029
1,-0.003385421819984913,s029
1,-0.014232290908694267,s029
1,-0.009049119427800179,s029
1,-0.015407294034957886,s029
1,-0.004751928150653839,s029
1,-0.006538670510053635,s029
1,-0.007775840815156698,s029
1,-0.004812972620129585,s029
1,-0.00510046212002635,s029
1,-0.014389568008482456,s029
1,-0.006569259334355593,s029
1,-0.01457894966006279,s029
1,-0.017052508890628815,s029
1,-0.01014684047549963,s029
1,-0.004647728055715561,s029
1,-0.006665107328444719,s029
1,-0.011249308474361897,s029
1,-0.0022386943455785513,s029
1,-0.004080572165548801,s029
1,-0.009994997642934322,s029
1,-0.02153785340487957,s029
1,-0.004373569507151842,s029
1,-0.012222236022353172,s029
1,-0.025261161848902702,s029
1,-0.006617080885916948,s029
1,-0.017093079164624214,s029
1,-0.0028842585161328316,s029
1,-0.011921926401555538,s029
1,-0.007631625514477491,s029
1,-0.033685773611068726,s029
1,-0.004809528589248657,s029
1,-0.018521640449762344,s029
1,-0.022109009325504303,s029
1,-0.004931214265525341,s029
1,-0.02680760994553566,s029
1,-0.011428611353039742,s029
1,-0.008858959190547466,s029
1,-0.0044833640567958355,s029
1,-0.004471788182854652,s029
1,-0.005580836441367865,s029
1,-0.005268269218504429,s029
1,-0.004568443633615971,s029
1,-0.0051498450338840485,s029
1,-0.010849116370081902,s029
1,-0.009581569582223892,s029
1,-0.006997760850936174,s029
1,-0.0217365100979805,s029
1,-0.01320350356400013,s029
1,-0.022659819573163986,s029
1,-0.008295762352645397,s029
1,-0.009922667406499386,s029
1,-0.00955109391361475,s029
1,-0.002695669885724783,s029
1,-0.0060750562697649,s029
1,-0.005208247806876898,s029
1,-0.009806258603930473,s029
1,-0.010069857351481915,s029
1,-0.009352358058094978,s029
1,-0.0022530679125338793,s029
1,-0.004012494347989559,s029
1,-0.007980053313076496,s029
1,-0.007036710157990456,s029
1,-0.008327667601406574,s029
1,-0.006907925941050053,s029
1,-0.00520907761529088,s029
1,-0.00789836049079895,s029
1,-0.02262413501739502,s029
1,-0.017383597791194916,s029
1,-0.00469938013702631,s029
1,-0.011247586458921432,s029
1,-0.007541945204138756,s029
1,-0.01435662992298603,s029
1,-0.006511182989925146,s029
1,-0.0079086534678936,s029
1,-0.024431390687823296,s029
1,-0.014429185539484024,s029
1,-0.02786993980407715,s029
1,-0.01651308685541153,s029
1,-0.006208093836903572,s029
1,-0.004576461855322123,s029
1,-0.003081071190536022,s029
1,-0.022193633019924164,s029
1,-0.008751868270337582,s029
1,-0.018634069710969925,s029
1,-0.009198564104735851,s029
1,-0.007977143861353397,s029
1,-0.009965147823095322,s029
1,-0.011924940161406994,s029
1,-0.009126823395490646,s029
1,-0.007262431085109711,s029
1,-0.03139400854706764,s029
1,-0.005625004880130291,s029
1,-0.00993264839053154,s029
1,-0.017058968544006348,s029
1,-0.01695609651505947,s029
1,-0.007206878624856472,s029
1,-0.005506796762347221,s029
1,-0.0060881879180669785,s029
1,-0.014927838928997517,s029
1,-0.007918048650026321,s029
1,-0.005873213522136211,s029
1,-0.002891810145229101,s029
1,-0.006383562460541725,s029
1,-0.007341194432228804,s029
1,-0.011025924235582352,s029
1,-0.0036192946135997772,s029
1,-0.0050141653046011925,s029
1,-0.008386061526834965,s029
1,-0.021890830248594284,s029
1,-0.01136824581772089,s029
1,-0.004776857793331146,s029
1,-0.01151927188038826,s029
1,-0.007161182817071676,s029
1,-0.009593079797923565,s029
1,-0.004333787132054567,s029
1,-0.015593086369335651,s029
1,-0.004827521275728941,s029
1,-0.016076095402240753,s029
1,-0.012600873596966267,s029
1,-0.007008412852883339,s029
1,-0.013105752877891064,s029
1,-0.009423303417861462,s029
1,-0.003703054040670395,s029
1,-0.003039861097931862,s029
1,-0.021554557606577873,s029
1,-0.006055561359971762,s029
1,-0.04553312808275223,s029
1,-0.010832712054252625,s029
1,-0.01722119189798832,s029
1,-0.008623430505394936,s029
1,-0.0058944630436599255,s029
1,-0.018678924068808556,s029
1,-0.012533880770206451,s029
1,-0.009245272725820541,s029
1,-0.00984144862741232,s029
1,-0.010639057494699955,s029
1,-0.007932228967547417,s029
1,-0.007113775238394737,s029
1,-0.0031456174328923225,s029
1,-0.0014648819342255592,s029
1,-0.015020998194813728,s029
1,-0.0040732817724347115,s029
1,-0.005847152788192034,s029
1,-0.020017703995108604,s029
1,-0.012246348895132542,s029
1,-0.002684320555999875,s029
1,-0.010563571006059647,s029
1,-0.009055888280272484,s029
1,-0.0053852335549890995,s029
1,-0.005383928306400776,s029
1,-0.009580542333424091,s029
1,-0.0069806817919015884,s029
1,-0.010267599485814571,s029
1,-0.006031185854226351,s029
1,-0.00845218077301979,s029
1,-0.006721269804984331,s029
1,-0.00697786919772625,s029
1,-0.004238193854689598,s029
1,-0.004905100911855698,s029
1,-0.0033301757648587227,s029
1,-0.01055849064141512,s029
1,-0.016584819182753563,s029
1,-0.0008448885637335479,s029
1,-0.007923973724246025,s029
1,-0.016081806272268295,s029
1,-0.006667706184089184,s029
1,-0.008341754786670208,s029
1,-0.018736539408564568,s029
1,-0.013355794362723827,s029
1,-0.004573155660182238,s029
1,-0.009328843094408512,s029
1,-0.008427969180047512,s029
1,-0.011095174588263035,s029
1,-0.027844969183206558,s029
1,-0.007117012981325388,s029
1,-0.00941192451864481,s029
1,-0.013347667641937733,s029
1,-0.020145006477832794,s029
1,-0.0033289017155766487,s029
1,-0.00527236657217145,s029
1,-0.005613159853965044,s029
1,-0.006312688812613487,s029
1,-0.014628595672547817,s029
1,-0.015198919922113419,s029
0,-0.004111759830266237,s029
0,-0.010267024859786034,s029
0,-0.020428335294127464,s029
0,-0.021215545013546944,s029
0,-0.06293431669473648,s029
0,-0.026222780346870422,s029
0,-0.055538032203912735,s029
0,-0.03242996335029602,s029
0,-0.004277286119759083,s029
0,-0.013372299261391163,s029
0,-0.014478315599262714,s029
0,-0.00683602737262845,s029
0,-0.018128247931599617,s029
0,-0.04989473894238472,s029
0,-0.01655159704387188,s029
0,-0.021915536373853683,s029
0,-0.006490696687251329,s029
0,-0.01151279080659151,s029
0,-0.06980998069047928,s029
0,-0.004494469612836838,s029
0,-0.017867375165224075,s029
0,-0.014533473178744316,s029
0,-0.011037536896765232,s029
0,-0.01824697107076645,s029
0,-0.028538541868329048,s029
0,-0.010411052964627743,s029
0,-0.013655094429850578,s029
0,-0.018043849617242813,s029
0,-0.008654925972223282,s029
0,-0.028275873512029648,s029
0,-0.007915666326880455,s029
0,-0.07164575159549713,s029
0,-0.010798333212733269,s029
0,-0.1549655795097351,s029
0,-0.0057799615897238255,s029
0,-0.017273906618356705,s029
0,-0.020407550036907196,s029
0,-0.01082873810082674,s029
0,-0.007815840654075146,s029
0,-0.00741929467767477,s029
0,-0.009326889179646969,s029
0,-0.037467874586582184,s029
0,-0.003658240893855691,s029
0,-0.018555892631411552,s029
0,-0.01211829949170351,s029
0,-0.0171493086963892,s029
0,-0.0030328829307109118,s029
0,-0.015105916187167168,s029
0,-0.010404091328382492,s029
0,-0.04512171819806099,s029
0,-0.03737158700823784,s029
0,-0.013484467752277851,s029
0,-0.04073530063033104,s029
0,-0.010570279322564602,s029
0,-0.030580589547753334,s029
0,-0.019942311570048332,s029
0,-0.025708163157105446,s029
0,-0.035811398178339005,s029
0,-0.016266752034425735,s029
0,-0.06249866262078285,s029
0,-0.00797944888472557,s029
0,-0.004907235968858004,s029
0,-0.07119110226631165,s029
0,-0.017244720831513405,s029
0,-0.01838766224682331,s029
0,-0.08436544239521027,s029
0,-0.01076222863048315,s029
0,-0.013937532901763916,s029
0,-0.019801663234829903,s029
0,-0.007377877831459045,s029
0,-0.017819607630372047,s029
0,-0.06192396208643913,s029
0,-0.01259058341383934,s029
0,-0.012454748153686523,s029
0,-0.008208065293729305,s029
0,-0.024829141795635223,s029
0,-0.0034259911626577377,s029
0,-0.009569418616592884,s029
0,-0.016572676599025726,s029
0,-0.041569676250219345,s029
0,-0.005426125135272741,s029
0,-0.15596802532672882,s029
0,-0.036210279911756516,s029
0,-0.013894530013203621,s029
0,-0.006699433550238609,s029
0,-0.008134645409882069,s029
0,-0.014483366161584854,s029
0,-0.010133632458746433,s029
0,-0.009077628143131733,s029
0,-0.008774328045547009,s029
0,-0.020821750164031982,s029
0,-0.01639421284198761,s029
0,-0.009081102907657623,s029
0,-0.024405431002378464,s029
0,-0.031938642263412476,s029
0,-0.06878852844238281,s029
0,-0.007928436622023582,s029
0,-0.02119833417236805,s029
0,-0.03909512981772423,s029
0,-0.06963848322629929,s029
0,-0.01016013603657484,s029
0,-0.004105383530259132,s029
0,-0.031242910772562027,s029
0,-0.004980200901627541,s029
0,-0.03627487272024155,s029
0,-0.00848735123872757,s029
0,-0.003882910590618849,s029
0,-0.0030460061971098185,s029
0,-0.00930417887866497,s029
0,-0.008414308540523052,s029
0,-0.09143570065498352,s029
0,-0.12207930535078049,s029
0,-0.003616803325712681,s029
0,-0.01123981922864914,s029
0,-0.011612831614911556,s029
0,-0.027661960572004318,s029
0,-0.013924813829362392,s029
0,-0.01276294607669115,s029
0,-0.009897860698401928,s029
0,-0.03431854769587517,s029
0,-0.015416552312672138,s029
0,-0.029896050691604614,s029
0,-0.010783865116536617,s029
0,-0.01599220000207424,s029
0,-0.03096677176654339,s029
0,-0.009960776194930077,s029
0,-0.009402589872479439,s029
0,-0.18364179134368896,s029
0,-0.028214501217007637,s029
0,-0.005908075254410505,s029
0,-0.010029585100710392,s029
0,-0.012952089309692383,s029
0,-0.020436067134141922,s029
0,-0.015574829652905464,s029
0,-0.010963954031467438,s029
0,-0.00827333889901638,s029
0,-0.01035735197365284,s029
0,-0.007023525889962912,s029
0,-0.015394780784845352,s029
0,-0.019088255241513252,s029
0,-0.04040585830807686,s029
0,-0.0804455503821373,s029
0,-0.0031803552992641926,s029
0,-0.019696179777383804,s029
0,-0.022404450923204422,s029
0,-0.01136045716702938,s029
0,-0.010002371855080128,s029
0,-0.009173723869025707,s029
0,-0.022398311644792557,s029
0,-0.07034070044755936,s029
0,-0.013841608539223671,s029
0,-0.04957210645079613,s029
0,-0.005163449794054031,s029
0,-0.009479830972850323,s029
0,-0.008936122991144657,s029
0,-0.04412112012505531,s029
0,-0.019973857328295708,s029
0,-0.0086970878764987,s029
0,-0.0242923516780138,s029
0,-0.015093207359313965,s029
0,-0.00782837811857462,s029
0,-0.016390779986977577,s029
0,-0.016530819237232208,s029
0,-0.006090020760893822,s029
0,-0.015179278329014778,s029
0,-0.011806933209300041,s029
0,-0.09545663744211197,s029
0,-0.008942034095525742,s029
0,-0.011736255139112473,s029
0,-0.012268571183085442,s029
0,-0.007824948988854885,s029
0,-0.023297704756259918,s029
0,-0.028605954721570015,s029
0,-0.020151052623987198,s029
0,-0.025565005838871002,s029
0,-0.009671838022768497,s029
0,-0.01860460825264454,s029
0,-0.0050279139541089535,s029
0,-0.061171311885118484,s029
0,-0.006649337243288755,s029
0,-0.009969501756131649,s029
0,-0.020836180076003075,s029
0,-0.014404967427253723,s029
0,-0.015844879671931267,s029
0,-0.03271664306521416,s029
0,-0.04696311056613922,s029
0,-0.010295799002051353,s029
0,-0.04657970368862152,s029
0,-0.013249981217086315,s029
0,-0.018749358132481575,s029
0,-0.011979913339018822,s029
0,-0.010543200187385082,s029
0,-0.013123101554811,s029
0,-0.009139149449765682,s029
0,-0.03055402636528015,s029
0,-0.018675265833735466,s029
0,-0.030931837856769562,s029
0,-0.03297349065542221,s029
0,-0.008200540207326412,s029
0,-0.03051474317908287,s029
1,-0.030917903408408165,s030
1,-0.030977454036474228,s030
1,-0.07978364825248718,s030
1,-0.012812962755560875,s030
1,-0.017470406368374825,s030
1,-0.06907747685909271,s030
1,-0.027347750961780548,s030
1,-0.024721842259168625,s030
1,-0.034613773226737976,s030
1,-0.004908815957605839,s030
1,-0.04285835474729538,s030
1,-0.010072682984173298,s030
1,-0.019729550927877426,s030
1,-0.060597557574510574,s030
1,-0.014997606165707111,s030
1,-0.03512232378125191,s030
1,-0.017021236941218376,s030
1,-0.006173328962177038,s030
1,-0.03579389303922653,s030
1,-0.025168143212795258,s030
1,-0.023128781467676163,s030
1,-0.05603734031319618,s030
1,-0.01055271364748478,s030
1,-0.008966210298240185,s030
1,-0.02098039537668228,s030
1,-0.03908577188849449,s030
1,-0.042353153228759766,s030
1,-0.024198133498430252,s030
1,-0.0159233957529068,s030
1,-0.05925702303647995,s030
1,-0.01682623103260994,s030
1,-0.0349079929292202,s030
1,-0.006173424888402224,s030
1,-0.014087866991758347,s030
1,-0.023034509271383286,s030
1,-0.059839267283678055,s030
1,-0.03757867589592934,s030
1,-0.04489266499876976,s030
1,-0.010060552507638931,s030
1,-0.01796542853116989,s030
1,-0.01523780357092619,s030
1,-0.02897767163813114,s030
1,-0.01725926622748375,s030
1,-0.013401016592979431,s030
1,-0.02506948821246624,s030
1,-0.00970839336514473,s030
1,-0.013993673957884312,s030
1,-0.012146130204200745,s030
1,-0.024196455255150795,s030
1,-0.004328353330492973,s030
1,-0.06617018580436707,s030
1,-0.02899901755154133,s030
1,-0.014239504933357239,s030
1,-0.02461816929280758,s030
1,-0.0284135602414608,s030
1,-0.01575496420264244,s030
1,-0.005461907014250755,s030
1,-0.08622473478317261,s030
1,-0.02301180548965931,s030
1,-0.004537281114608049,s030
1,-0.02151985466480255,s030
1,-0.010593688115477562,s030
1,-0.005144588183611631,s030
1,-0.009303384460508823,s030
1,-0.015471655875444412,s030
1,-0.012046659365296364,s030
1,-0.04041336104273796,s030
1,-0.05421112850308418,s030
1,-0.07846226543188095,s030
1,-0.01446220651268959,s030
1,-0.010891503654420376,s030
1,-0.03346472233533859,s030
1,-0.034454409033060074,s030
1,-0.01862282119691372,s030
1,-0.05546213313937187,s030
1,-0.03426197171211243,s030
1,-0.022373273968696594,s030
1,-0.04341866075992584,s030
1,-0.03469320386648178,s030
1,-0.034837957471609116,s030
1,-0.03490462154150009,s030
1,-0.03838919475674629,s030
1,-0.003107289783656597,s030
1,-0.008797385729849339,s030
1,-0.009918423369526863,s030
1,-0.05608911067247391,s030
1,-0.008585297502577305,s030
1,-0.035179175436496735,s030
1,-0.019198020920157433,s030
1,-0.009047599509358406,s030
1,-0.026983609423041344,s030
1,-0.008454878814518452,s030
1,-0.03175855427980423,s030
1,-0.03907151147723198,s030
1,-0.6076908707618713,s030
1,-0.026627562940120697,s030
1,-0.006754075642675161,s030
1,-0.04242571443319321,s030
1,-0.012511525303125381,s030
1,-0.005751115269958973,s030
1,-0.006057726684957743,s030
1,-0.026274431496858597,s030
1,-0.011787205003201962,s030
1,-0.06171393394470215,s030
1,-0.020529730245471,s030
1,-0.026746703311800957,s030
1,-0.019467072561383247,s030
1,-0.010646384209394455,s030
1,-0.029244955629110336,s030
1,-0.008369346149265766,s030
1,-0.007289791479706764,s030
1,-0.05748524144291878,s030
1,-0.007667613681405783,s030
1,-0.026638930663466454,s030
1,-0.010802983306348324,s030
1,-0.025918854400515556,s030
1,-0.02429571934044361,s030
1,-0.010492511093616486,s030
1,-0.013346807099878788,s030
1,-0.008594531565904617,s030
1,-0.023070210590958595,s030
1,-0.032319772988557816,s030
1,-0.038089290261268616,s030
1,-0.015967046841979027,s030
1,-0.012177328579127789,s030
1,-0.028792092576622963,s030
1,-0.041972991079092026,s030
1,-0.011611098423600197,s030
1,-0.02983894571661949,s030
1,-0.020159438252449036,s030
1,-0.0409686453640461,s030
1,-0.03418862447142601,s030
1,-0.009295901283621788,s030
1,-0.020721156150102615,s030
1,-0.010850245133042336,s030
1,-0.04443896934390068,s030
1,-0.014032170176506042,s030
1,-0.010417630895972252,s030
1,-0.003713772865012288,s030
1,-0.040927495807409286,s030
1,-0.01836780458688736,s030
1,-0.029723474755883217,s030
1,-0.016520150005817413,s030
1,-0.13052599132061005,s030
1,-0.022995764389634132,s030
1,-0.007725916802883148,s030
1,-0.024375515058636665,s030
1,-0.00839045736938715,s030
1,-0.06332245469093323,s030
1,-0.02327846549451351,s030
1,-0.018195083364844322,s030
1,-0.028144899755716324,s030
1,-0.006955083925276995,s030
1,-0.014276249334216118,s030
1,-0.010355769656598568,s030
1,-0.020805735141038895,s030
1,-0.06228696554899216,s030
1,-0.00952344574034214,s030
1,-0.0038711007218807936,s030
1,-0.018397392705082893,s030
1,-0.014271845109760761,s030
1,-0.014614565297961235,s030
1,-0.014527559280395508,s030
1,-0.026866747066378593,s030
1,-0.03258282318711281,s030
1,-0.028725840151309967,s030
1,-0.035811398178339005,s030
1,-0.02967233769595623,s030
1,-0.014976718463003635,s030
1,-0.011806976050138474,s030
1,-0.02252366580069065,s030
1,-0.021504830569028854,s030
1,-0.07605709135532379,s030
1,-0.03553541377186775,s030
1,-0.010560616850852966,s030
1,-0.044135674834251404,s030
1,-0.040638722479343414,s030
1,-0.035235170274972916,s030
1,-0.05349712818861008,s030
1,-0.035539619624614716,s030
1,-0.014402683824300766,s030
1,-0.04155866056680679,s030
1,-0.033858466893434525,s030
1,-0.012129413895308971,s030
1,-0.025791579857468605,s030
1,-0.03500431403517723,s030
1,-0.0568191334605217,s030
1,-0.02108864113688469,s030
1,-0.019711188971996307,s030
1,-0.008152383379638195,s030
1,-0.03150886669754982,s030
1,-0.054926417768001556,s030
1,-0.013728151097893715,s030
1,-0.014828797429800034,s030
1,-0.012288888916373253,s030
1,-0.003663737326860428,s030
1,-0.02549840696156025,s030
1,-0.041593778878450394,s030
1,-0.03994416818022728,s030
1,-0.011807671748101711,s030
0,-0.004111759830266237,s030
0,-0.010267024859786034,s030
0,-0.020428335294127464,s030
0,-0.021215545013546944,s030
0,-0.06293431669473648,s030
0,-0.026222780346870422,s030
0,-0.055538032203912735,s030
0,-0.03242996335029602,s030
0,-0.004277286119759083,s030
0,-0.013372299261391163,s030
0,-0.014478315599262714,s030
0,-0.00683602737262845,s030
0,-0.018128247931599617,s030
0,-0.04989473894238472,s030
0,-0.01655159704387188,s030
0,-0.021915536373853683,s030
0,-0.006490696687251329,s030
0,-0.01151279080659151,s030
0,-0.06980998069047928,s030
0,-0.004494469612836838,s030
0,-0.017867375165224075,s030
0,-0.014533473178744316,s030
0,-0.011037536896765232,s030
0,-0.01824697107076645,s030
0,-0.028538541868329048,s030
0,-0.010411052964627743,s030
0,-0.013655094429850578,s030
0,-0.018043849617242813,s030
0,-0.008654925972223282,s030
0,-0.028275873512029648,s030
0,-0.01553959958255291,s030
0,-0.07164575159549713,s030
0,-0.010798333212733269,s030
0,-0.1549655795097351,s030
0,-0.0057799615897238255,s030
0,-0.017273906618356705,s030
0,-0.020407550036907196,s030
0,-0.01082873810082674,s030
0,-0.007815840654075146,s030
0,-0.00741929467767477,s030
0,-0.009326889179646969,s030
0,-0.037467874586582184,s030
0,-0.003658240893855691,s030
0,-0.018555892631411552,s030
0,-0.01211829949170351,s030
0,-0.0171493086963892,s030
0,-0.0039353440515697,s030
0,-0.015105916187167168,s030
0,-0.010404091328382492,s030
0,-0.04512171819806099,s030
0,-0.03737158700823784,s030
0,-0.013484467752277851,s030
0,-0.04073530063033104,s030
0,-0.010570279322564602,s030
0,-0.030580589547753334,s030
0,-0.019942311570048332,s030
0,-0.025708163157105446,s030
0,-0.009580542333424091,s030
0,-0.016266752034425735,s030
0,-0.06249866262078285,s030
0,-0.00797944888472557,s030
0,-0.004907235968858004,s030
0,-0.07119110226631165,s030
0,-0.017244720831513405,s030
0,-0.01838766224682331,s030
0,-0.08436544239521027,s030
0,-0.01076222863048315,s030
0,-0.013937532901763916,s030
0,-0.019801663234829903,s030
0,-0.007377877831459045,s030
0,-0.017819607630372047,s030
0,-0.06192396208643913,s030
0,-0.01259058341383934,s030
0,-0.012454748153686523,s030
0,-0.008208065293729305,s030
0,-0.024829141795635223,s030
0,-0.0034259911626577377,s030
0,-0.009569418616592884,s030
0,-0.016572676599025726,s030
0,-0.041569676250219345,s030
0,-0.005426125135272741,s030
0,-0.15596802532672882,s030
0,-0.036210279911756516,s030
0,-0.013894530013203621,s030
0,-0.006699433550238609,s030
0,-0.008134645409882069,s030
0,-0.014483366161584854,s030
0,-0.010133632458746433,s030
0,-0.009077628143131733,s030
0,-0.008774328045547009,s030
0,-0.012475177645683289,s030
0,-0.01639421284198761,s030
0,-0.009081102907657623,s030
0,-0.024405431002378464,s030
0,-0.031938642263412476,s030
0,-0.06878852844238281,s030
0,-0.007928436622023582,s030
0,-0.02119833417236805,s030
0,-0.03909512981772423,s030
0,-0.06963848322629929,s030
0,-0.01016013603657484,s030
0,-0.004105383530259132,s030
0,-0.031242910772562027,s030
0,-0.004980200901627541,s030
0,-0.03627487272024155,s030
0,-0.00848735123872757,s030
0,-0.003882910590618849,s030
0,-0.0030460061971098185,s030
0,-0.00930417887866497,s030
0,-0.008414308540523052,s030
0,-0.09143570065498352,s030
0,-0.12207930535078049,s030
0,-0.003616803325712681,s030
0,-0.01123981922864914,s030
0,-0.011612831614911556,s030
0,-0.027661960572004318,s030
0,-0.013924813829362392,s030
0,-0.01276294607669115,s030
0,-0.009897860698401928,s030
0,-0.03431854769587517,s030
0,-0.015416552312672138,s030
0,-0.029896050691604614,s030
0,-0.010783865116536617,s030
0,-0.01599220000207424,s030
0,-0.03096677176654339,s030
0,-0.009960776194930077,s030
0,-0.009402589872479439,s030
0,-0.18364179134368896,s030
0,-0.028214501217007637,s030
0,-0.005908075254410505,s030
0,-0.010029585100710392,s030
0,-0.012952089309692383,s030
0,-0.020436067134141922,s030
0,-0.015574829652905464,s030
0,-0.010963954031467438,s030
0,-0.00827333889901638,s030
0,-0.01035735197365284,s030
0,-0.007023525889962912,s030
0,-0.015394780784845352,s030
0,-0.019088255241513252,s030
0,-0.04040585830807686,s030
0,-0.0804455503821373,s030
0,-0.0031803552992641926,s030
0,-0.019696179777383804,s030
0,-0.022404450923204422,s030
0,-0.01136045716702938,s030
0,-0.010002371855080128,s030
0,-0.009173723869025707,s030
0,-0.022398311644792557,s030
0,-0.07034070044755936,s030
0,-0.013841608539223671,s030
0,-0.04957210645079613,s030
0,-0.005163449794054031,s030
0,-0.009479830972850323,s030
0,-0.008936122991144657,s030
0,-0.008193864487111568,s030
0,-0.019973857328295708,s030
0,-0.0086970878764987,s030
0,-0.0242923516780138,s030
0,-0.015093207359313965,s030
0,-0.00782837811857462,s030
0,-0.016390779986977577,s030
0,-0.01230443362146616,s030
0,-0.006090020760893822,s030
0,-0.015179278329014778,s030
0,-0.011806933209300041,s030
0,-0.09545663744211197,s030
0,-0.008942034095525742,s030
0,-0.011736255139112473,s030
0,-0.012268571183085442,s030
0,-0.007824948988854885,s030
0,-0.023297704756259918,s030
0,-0.028605954721570015,s030
0,-0.020151052623987198,s030
0,-0.025565005838871002,s030
0,-0.009671838022768497,s030
0,-0.01860460825264454,s030
0,-0.0050279139541089535,s030
0,-0.061171311885118484,s030
0,-0.006649337243288755,s030
0,-0.009969501756131649,s030
0,-0.020836180076003075,s030
0,-0.014404967427253723,s030
0,-0.015844879671931267,s030
0,-0.03271664306521416,s030
0,-0.04696311056613922,s030
0,-0.010295799002051353,s030
0,-0.04657970368862152,s030
0,-0.013249981217086315,s030
0,-0.018749358132481575,s030
0,-0.011979913339018822,s030
0,-0.010543200187385082,s030
0,-0.013123101554811,s030
0,-0.009139149449765682,s030
0,-0.03055402636528015,s030
0,-0.018675265833735466,s030
0,-0.030931837856769562,s030
0,-0.03297349065542221,s030
0,-0.008200540207326412,s030
0,-0.03051474317908287,s030
1,-0.007371524814516306,s031
1,-0.00973648950457573,s031
1,-0.0071364096365869045,s031
1,-0.008292666636407375,s031
1,-0.021731344982981682,s031
1,-0.028310278430581093,s031
1,-0.01029849424958229,s031
1,-0.024553684517741203,s031
1,-0.0206605177372694,s031
1,-0.006049709394574165,s031
1,-0.03687088191509247,s031
1,-0.014338865876197815,s031
1,-0.01597517542541027,s031
1,-0.006287488155066967,s031
1,-0.007708011195063591,s031
1,-0.003821250516921282,s031
1,-0.02177255041897297,s031
1,-0.04150256887078285,s031
1,-0.00947443675249815,s031
1,-0.01190416794270277,s031
1,-0.008636641316115856,s031
1,-0.004961058963090181,s031
1,-0.009644612669944763,s031
1,-0.005306074395775795,s031
1,-0.016746800392866135,s031
1,-0.0059921410866081715,s031
1,-0.04455425962805748,s031
1,-0.044658221304416656,s031
1,-0.029386304318904877,s031
1,-0.02619347907602787,s031
1,-0.006267504766583443,s031
1,-0.010815668851137161,s031
1,-0.022224439308047295,s031
1,-0.014780604280531406,s031
1,-0.004854416474699974,s031
1,-0.006072122137993574,s031
1,-0.005177414044737816,s031
1,-0.016785254701972008,s031
1,-0.02966420166194439,s031
1,-0.031842250376939774,s031
1,-0.012779602780938148,s031
1,-0.015107383020222187,s031
1,-0.012407172471284866,s031
1,-0.025246312841773033,s031
1,-0.009665782563388348,s031
1,-0.011373776011168957,s031
1,-0.019517099484801292,s031
1,-0.026366684585809708,s031
1,-0.011190284974873066,s031
1,-0.014453096315264702,s031
1,-0.08951212465763092,s031
1,-0.017453573644161224,s031
1,-0.04844112694263458,s031
1,-0.014204482547938824,s031
1,-0.04022691398859024,s031
1,-0.030863480642437935,s031
1,-0.020022014155983925,s031
1,-0.009642002172768116,s031
1,-0.02314208634197712,s031
1,-0.03478164225816727,s031
1,-0.00722875539213419,s031
1,-0.019174523651599884,s031
1,-0.006595427170395851,s031
1,-0.00864343997091055,s031
1,-0.009413179941475391,s031
1,-0.004044690169394016,s031
1,-0.012991435825824738,s031
1,-0.013043930754065514,s031
1,-0.026649877429008484,s031
1,-0.008887073956429958,s031
1,-0.009501851163804531,s031
1,-0.0036712943110615015,s031
1,-0.005340276286005974,s031
1,-0.006139775738120079,s031
1,-0.01160046923905611,s031
1,-0.008650645613670349,s031
1,-0.021775539964437485,s031
1,-0.008061306551098824,s031
1,-0.006998211145401001,s031
1,-0.03817679360508919,s031
1,-0.019223429262638092,s031
1,-0.006210006773471832,s031
1,-0.017932945862412453,s031
1,-0.011975149624049664,s031
1,-0.00852669682353735,s031
1,-0.06443721801042557,s031
1,-0.028776803985238075,s031
1,-0.00670274905860424,s031
1,-0.004727257881313562,s031
1,-0.1547580510377884,s031
1,-0.011634585447609425,s031
1,-0.019574711099267006,s031
1,-0.009932500310242176,s031
1,-0.013436418026685715,s031
1,-0.00636872136965394,s031
1,-0.021734364330768585,s031
1,-0.026294469833374023,s031
1,-0.03279676288366318,s031
1,-0.019484467804431915,s031
1,-0.020110387355089188,s031
1,-0.027817070484161377,s031
1,-0.03750499710440636,s031
1,-0.015188876539468765,s031
1,-0.011577155441045761,s031
1,-0.01800590008497238,s031
1,-0.005693251267075539,s031
1,-0.0034829440992325544,s031
1,-0.008113685995340347,s031
1,-0.007223738357424736,s031
1,-0.021853910759091377,s031
1,-0.014372345060110092,s031
1,-0.026736579835414886,s031
1,-0.02875688299536705,s031
1,-0.03119713068008423,s031
1,-0.01658870279788971,s031
1,-0.03860281780362129,s031
1,-0.0068980250507593155,s031
1,-0.006056426092982292,s031
1,-0.01030169427394867,s031
1,-0.015416739508509636,s031
1,-0.013226382434368134,s031
1,-0.026897400617599487,s031
1,-0.0062768105417490005,s031
1,-0.003368957666680217,s031
1,-0.02261427789926529,s031
1,-0.005925176665186882,s031
1,-0.007692729588598013,s031
1,-0.04562743380665779,s031
1,-0.02334059588611126,s031
1,-0.01220021303743124,s031
1,-0.012576991692185402,s031
1,-0.01896832324564457,s031
1,-0.010661173611879349,s031
1,-0.018732495605945587,s031
1,-0.009677713736891747,s031
1,-0.007984599098563194,s031
1,-0.029975976794958115,s031
1,-0.06386055797338486,s031
1,-0.018622759729623795,s031
1,-0.023653753101825714,s031
1,-0.00816314946860075,s031
1,-0.010793088935315609,s031
1,-0.017334632575511932,s031
1,-0.011036154814064503,s031
1,-0.017258182168006897,s031
1,-0.012480150908231735,s031
1,-0.007420191541314125,s031
1,-0.012768463231623173,s031
1,-0.010763132013380527,s031
1,-0.010056821629405022,s031
1,-0.00629875622689724,s031
1,-0.01984756998717785,s031
1,-0.007941807620227337,s031
1,-0.006457305047661066,s031
1,-0.030547698959708214,s031
1,-0.03418849781155586,s031
1,-0.0032450847793370485,s031
1,-0.018714236095547676,s031
1,-0.01694226637482643,s031
1,-0.016133613884449005,s031
1,-0.010893675498664379,s031
1,-0.012508358806371689,s031
1,-0.010669320821762085,s031
1,-0.00894228182733059,s031
1,-0.025760063901543617,s031
1,-0.012259862385690212,s031
1,-0.01161222718656063,s031
1,-0.01863200217485428,s031
1,-0.02789025567471981,s031
1,-0.01661733165383339,s031
1,-0.005338059272617102,s031
1,-0.016477148979902267,s031
1,-0.026748497039079666,s031
1,-0.045178014785051346,s031
1,-0.022698478773236275,s031
1,-0.028372198343276978,s031
1,-0.01914149522781372,s031
1,-0.025508126243948936,s031
1,-0.007427761796861887,s031
1,-0.031843140721321106,s031
1,-0.003732552519068122,s031
1,-0.00970905739814043,s031
1,-0.014320973306894302,s031
1,-0.030557168647646904,s031
1,-0.00949784740805626,s031
1,-0.009970013052225113,s031
1,-0.010027416050434113,s031
1,-0.007657193578779697,s031
1,-0.04640130698680878,s031
1,-0.031423524022102356,s031
1,-0.009396646171808243,s031
1,-0.011104127392172813,s031
1,-0.01147223450243473,s031
1,-0.02042967639863491,s031
1,-0.01080309972167015,s031
1,-0.01824677735567093,s031
1,-0.015805769711732864,s031
1,-0.018376793712377548,s031
1,-0.012743012048304081,s031
1,-0.044297557324171066,s031
0,-0.004111759830266237,s031
0,-0.010267024859786034,s031
0,-0.020428335294127464,s031
0,-0.021215545013546944,s031
0,-0.06293431669473648,s031
0,-0.026222780346870422,s031
0,-0.055538032203912735,s031
0,-0.03242996335029602,s031
0,-0.004277286119759083,s031
0,-0.013372299261391163,s031
0,-0.014478315599262714,s031
0,-0.00683602737262845,s031
0,-0.018128247931599617,s031
0,-0.04989473894238472,s031
0,-0.01655159704387188,s031
0,-0.021915536373853683,s031
0,-0.006490696687251329,s031
0,-0.01151279080659151,s031
0,-0.06980998069047928,s031
0,-0.004494469612836838,s031
0,-0.017867375165224075,s031
0,-0.014533473178744316,s031
0,-0.011037536896765232,s031
0,-0.01824697107076645,s031
0,-0.028538541868329048,s031
0,-0.010411052964627743,s031
0,-0.013655094429850578,s031
0,-0.018043849617242813,s031
0,-0.008654925972223282,s031
0,-0.028275873512029648,s031
0,-0.01553959958255291,s031
0,-0.07164575159549713,s031
0,-0.010798333212733269,s031
0,-0.1549655795097351,s031
0,-0.0057799615897238255,s031
0,-0.017273906618356705,s031
0,-0.020407550036907196,s031
0,-0.01082873810082674,s031
0,-0.007815840654075146,s031
0,-0.00741929467767477,s031
0,-0.009326889179646969,s031
0,-0.037467874586582184,s031
0,-0.003658240893855691,s031
0,-0.018555892631411552,s031
0,-0.01211829949170351,s031
0,-0.0171493086963892,s031
0,-0.0039353440515697,s031
0,-0.015105916187167168,s031
0,-0.010404091328382492,s031
0,-0.04512171819806099,s031
0,-0.03737158700823784,s031
0,-0.013484467752277851,s031
0,-0.04073530063033104,s031
0,-0.010570279322564602,s031
0,-0.030580589547753334,s031
0,-0.019942311570048332,s031
0,-0.025708163157105446,s031
0,-0.009580542333424091,s031
0,-0.016266752034425735,s031
0,-0.06249866262078285,s031
0,-0.00797944888472557,s031
0,-0.004907235968858004,s031
0,-0.07119110226631165,s031
0,-0.017244720831513405,s031
0,-0.01838766224682331,s031
0,-0.08436544239521027,s031
0,-0.01076222863048315,s031
0,-0.013937532901763916,s031
0,-0.019801663234829903,s031
0,-0.007377877831459045,s031
0,-0.017819607630372047,s031
0,-0.06192396208643913,s031
0,-0.01259058341383934,s031
0,-0.012454748153686523,s031
0,-0.008208065293729305,s031
0,-0.024829141795635223,s031
0,-0.0034259911626577377,s031
0,-0.009569418616592884,s031
0,-0.016572676599025726,s031
0,-0.041569676250219345,s031
0,-0.005426125135272741,s031
0,-0.15596802532672882,s031
0,-0.036210279911756516,s031
0,-0.013894530013203621,s031
0,-0.006699433550238609,s031
0,-0.008134645409882069,s031
0,-0.014483366161584854,s031
0,-0.010133632458746433,s031
0,-0.009077628143131733,s031
0,-0.008774328045547009,s031
0,-0.012475177645683289,s031
0,-0.01639421284198761,s031
0,-0.009081102907657623,s031
0,-0.024405431002378464,s031
0,-0.031938642263412476,s031
0,-0.06878852844238281,s031
0,-0.007928436622023582,s031
0,-0.02119833417236805,s031
0,-0.03909512981772423,s031
0,-0.06963848322629929,s031
0,-0.01016013603657484,s031
0,-0.004105383530259132,s031
0,-0.031242910772562027,s031
0,-0.004980200901627541,s031
0,-0.03627487272024155,s031
0,-0.00848735123872757,s031
0,-0.003882910590618849,s031
0,-0.0030460061971098185,s031
0,-0.00930417887866497,s031
0,-0.008414308540523052,s031
0,-0.09143570065498352,s031
0,-0.12207930535078049,s031
0,-0.003616803325712681,s031
0,-0.01123981922864914,s031
0,-0.011612831614911556,s031
0,-0.027661960572004318,s031
0,-0.013924813829362392,s031
0,-0.01276294607669115,s031
0,-0.009897860698401928,s031
0,-0.03431854769587517,s031
0,-0.015416552312672138,s031
0,-0.029896050691604614,s031
0,-0.010783865116536617,s031
0,-0.01599220000207424,s031
0,-0.03096677176654339,s031
0,-0.009960776194930077,s031
0,-0.009402589872479439,s031
0,-0.18364179134368896,s031
0,-0.028214501217007637,s031
0,-0.005908075254410505,s031
0,-0.010029585100710392,s031
0,-0.012952089309692383,s031
0,-0.020436067134141922,s031
0,-0.015574829652905464,s031
0,-0.010963954031467438,s031
0,-0.00827333889901638,s031
0,-0.01035735197365284,s031
0,-0.007023525889962912,s031
0,-0.015394780784845352,s031
0,-0.019088255241513252,s031
0,-0.04040585830807686,s031
0,-0.0804455503821373,s031
0,-0.0031803552992641926,s031
0,-0.019696179777383804,s031
0,-0.022404450923204422,s031
0,-0.01136045716702938,s031
0,-0.010002371855080128,s031
0,-0.009173723869025707,s031
0,-0.022398311644792557,s031
0,-0.07034070044755936,s031
0,-0.013841608539223671,s031
0,-0.04957210645079613,s031
0,-0.005163449794054031,s031
0,-0.009479830972850323,s031
0,-0.008936122991144657,s031
0,-0.008193864487111568,s031
0,-0.019973857328295708,s031
0,-0.0086970878764987,s031
0,-0.0242923516780138,s031
0,-0.015093207359313965,s031
0,-0.00782837811857462,s031
0,-0.016390779986977577,s031
0,-0.01230443362146616,s031
0,-0.006090020760893822,s031
0,-0.015179278329014778,s031
0,-0.011806933209300041,s031
0,-0.09545663744211197,s031
0,-0.008942034095525742,s031
0,-0.011736255139112473,s031
0,-0.012268571183085442,s031
0,-0.007824948988854885,s031
0,-0.023297704756259918,s031
0,-0.028605954721570015,s031
0,-0.020151052623987198,s031
0,-0.025565005838871002,s031
0,-0.009671838022768497,s031
0,-0.01860460825264454,s031
0,-0.0050279139541089535,s031
0,-0.061171311885118484,s031
0,-0.006649337243288755,s031
0,-0.009969501756131649,s031
0,-0.020836180076003075,s031
0,-0.014404967427253723,s031
0,-0.015844879671931267,s031
0,-0.03271664306521416,s031
0,-0.04696311056613922,s031
0,-0.010295799002051353,s031
0,-0.04657970368862152,s031
0,-0.013249981217086315,s031
0,-0.018749358132481575,s031
0,-0.011979913339018822,s031
0,-0.010543200187385082,s031
0,-0.013123101554811,s031
0,-0.009139149449765682,s031
0,-0.03055402636528015,s031
0,-0.018675265833735466,s031
0,-0.030931837856769562,s031
0,-0.03297349065542221,s031
0,-0.008200540207326412,s031
0,-0.03051474317908287,s031
1,-0.009426135569810867,s032
1,-0.005055198445916176,s032
1,-0.06093578785657883,s032
1,-0.0056730639189481735,s032
1,-0.015505271032452583,s032
1,-0.01757858134806156,s032
1,-0.015029458329081535,s032
1,-0.018372511491179466,s032
1,-0.013998271897435188,s032
1,-0.017092375084757805,s032
1,-0.01437270175665617,s032
1,-0.03572797402739525,s032
1,-0.014912065118551254,s032
1,-0.01173332892358303,s032
1,-0.02200307697057724,s032
1,-0.015856832265853882,s032
1,-0.003656121902167797,s032
1,-0.013180982321500778,s032
1,-0.008564545772969723,s032
1,-0.029553361237049103,s032
1,-0.007818154990673065,s032
1,-0.038680437952280045,s032
1,-0.03507257252931595,s032
1,-0.012764419429004192,s032
1,-0.009553139097988605,s032
1,-0.009759149514138699,s032
1,-0.0030665993690490723,s032
1,-0.01387692429125309,s032
1,-0.0075116329826414585,s032
1,-0.01353117823600769,s032
1,-0.006339630112051964,s032
1,-0.006901293992996216,s032
1,-0.010014097206294537,s032
1,-0.015709657222032547,s032
1,-0.03765786066651344,s032
1,-0.026455916464328766,s032
1,-0.013073612004518509,s032
1,-0.022006098181009293,s032
1,-0.010260555893182755,s032
1,-0.01255733985453844,s032
1,-0.012140568345785141,s032
1,-0.007568140979856253,s032
1,-0.01232113130390644,s032
1,-0.02192767709493637,s032
1,-0.017294520512223244,s032
1,-0.014718151651322842,s032
1,-0.0038158525712788105,s032
1,-0.012266263365745544,s032
1,-0.0033346929121762514,s032
1,-0.010569215752184391,s032
1,-0.012670026160776615,s032
1,-0.00810730829834938,s032
1,-0.008203069679439068,s032
1,-0.010188496671617031,s032
1,-0.018197257071733475,s032
1,-0.01094190962612629,s032
1,-0.006288005039095879,s032
1,-0.01705523207783699,s032
1,-0.04114045202732086,s032
1,-0.01797117479145527,s032
1,-0.014689400792121887,s032
1,-0.011657478287816048,s032
1,-0.004840175621211529,s032
1,-0.011803694069385529,s032
1,-0.013855645433068275,s032
1,-0.015495617873966694,s032
1,-0.017661327496170998,s032
1,-0.02100944332778454,s032
1,-0.015904530882835388,s032
1,-0.006737422198057175,s032
1,-0.020428335294127464,s032
1,-0.009191366843879223,s032
1,-0.0059109837748110294,s032
1,-0.009294240735471249,s032
1,-0.007317899726331234,s032
1,-0.011390382423996925,s032
1,-0.022411204874515533,s032
1,-0.009372600354254246,s032
1,-0.03549961745738983,s032
1,-0.03922741115093231,s032
1,-0.004438157193362713,s032
1,-0.009147465229034424,s032
1,-0.016546331346035004,s032
1,-0.015430203638970852,s032
1,-0.017422636970877647,s032
1,-0.010019198060035706,s032
1,-0.009548310190439224,s032
1,-0.014020968228578568,s032
1,-0.0027238421607762575,s032
1,-0.014260899275541306,s032
1,-0.011298918165266514,s032
1,-0.008219709619879723,s032
1,-0.013007334433495998,s032
1,-0.0245662909001112,s032
1,-0.07123036682605743,s032
1,-0.013355592265725136,s032
1,-0.017720377072691917,s032
1,-0.3357909917831421,s032
1,-0.011801393702626228,s032
1,-0.01264229603111744,s032
1,-0.019564077258110046,s032
1,-0.04647728055715561,s032
1,-0.01227971538901329,s032
1,-0.041316740214824677,s032
1,-0.010233395732939243,s032
1,-0.023069161921739578,s032
1,-0.03307585045695305,s032
1,-0.01102233212441206,s032
1,-0.00994789320975542,s032
1,-0.00808335468173027,s032
1,-0.009384441189467907,s032
1,-0.04882366955280304,s032
1,-0.009252114221453667,s032
1,-0.02011973410844803,s032
1,-0.032710447907447815,s032
1,-0.023545101284980774,s032
1,-0.018199497833848,s032
1,-0.012563520111143589,s032
1,-0.020000196993350983,s032
1,-0.005242840386927128,s032
1,-0.008414308540523052,s032
1,-0.00607147254049778,s032
1,-0.006049109622836113,s032
1,-0.016811523586511612,s032
1,-0.02259022928774357,s032
1,-0.009407672099769115,s032
1,-0.010640334337949753,s032
1,-0.005469257012009621,s032
1,-0.0052355993539094925,s032
1,-0.0033233913127332926,s032
1,-0.01425518561154604,s032
1,-0.008200403302907944,s032
1,-0.013666934333741665,s032
1,-0.03315579146146774,s032
1,-0.007497051730751991,s032
1,-0.0036406132858246565,s032
1,-0.02723458781838417,s032
1,-0.004942052066326141,s032
1,-0.01294416468590498,s032
1,-0.009282473474740982,s032
1,-0.011532535776495934,s032
1,-0.012336861342191696,s032
1,-0.06887049973011017,s032
1,-0.0092622647061944,s032
1,-0.00696943374350667,s032
1,-0.009145772084593773,s032
1,-0.009847098030149937,s032
1,-0.014863315969705582,s032
1,-0.03267153725028038,s032
1,-0.016961585730314255,s032
1,-0.011526600457727909,s032
1,-0.005290040746331215,s032
1,-0.003156024497002363,s032
1,-0.019215138629078865,s032
1,-0.008857418783009052,s032
1,-0.018276892602443695,s032
1,-0.0245976485311985,s032
1,-0.0032211339566856623,s032
1,-0.006480819545686245,s032
1,-0.005438679829239845,s032
1,-0.0036841072142124176,s032
1,-0.004789348226040602,s032
1,-0.01322308648377657,s032
1,-0.005774261429905891,s032
1,-0.008033395744860172,s032
1,-0.018297869712114334,s032
1,-0.04117647185921669,s032
1,-0.01017176266759634,s032
1,-0.01088885311037302,s032
1,-0.016922330483794212,s032
1,-0.01605643704533577,s032
1,-0.020084260031580925,s032
1,-0.015100290067493916,s032
1,-0.016802586615085602,s032
1,-0.011762530542910099,s032
1,-0.013169319368898869,s032
1,-0.02628219872713089,s032
1,-0.01263539120554924,s032
1,-0.0031961032655090094,s032
1,-0.009099960327148438,s032
1,-0.009816963225603104,s032
1,-0.011749330908060074,s032
1,-0.008205141872167587,s032
1,-0.011209411546587944,s032
1,-0.023962117731571198,s032
1,-0.010203304700553417,s032
1,-0.02153990976512432,s032
1,-0.01029890961945057,s032
1,-0.010206599719822407,s032
1,-0.006293123587965965,s032
1,-0.012843683362007141,s032
1,-0.015616157092154026,s032
1,-0.005985386669635773,s032
1,-0.015052462927997112,s032
1,-0.010953100398182869,s032
1,-0.008573759347200394,s032
1,-0.004664363339543343,s032
1,-0.006071469280868769,s032
1,-0.007254674099385738,s032
1,-0.015956377610564232,s032
0,-0.004111759830266237,s032
0,-0.010267024859786034,s032
0,-0.009501851163804531,s032
0,-0.021215545013546944,s032
0,-0.06293431669473648,s032
0,-0.026222780346870422,s032
0,-0.055538032203912735,s032
0,-0.03242996335029602,s032
0,-0.004277286119759083,s032
0,-0.013372299261391163,s032
0,-0.014478315599262714,s032
0,-0.00683602737262845,s032
0,-0.018128247931599617,s032
0,-0.04989473894238472,s032
0,-0.01655159704387188,s032
0,-0.021915536373853683,s032
0,-0.006490696687251329,s032
0,-0.01151279080659151,s032
0,-0.06980998069047928,s032
0,-0.004494469612836838,s032
0,-0.017867375165224075,s032
0,-0.014533473178744316,s032
0,-0.011037536896765232,s032
0,-0.01824697107076645,s032
0,-0.028538541868329048,s032
0,-0.010411052964627743,s032
0,-0.013655094429850578,s032
0,-0.018043849617242813,s032
0,-0.008654925972223282,s032
0,-0.028275873512029648,s032
0,-0.01553959958255291,s032
0,-0.07164575159549713,s032
0,-0.010798333212733269,s032
0,-0.1549655795097351,s032
0,-0.0057799615897238255,s032
0,-0.017273906618356705,s032
0,-0.020407550036907196,s032
0,-0.01082873810082674,s032
0,-0.007815840654075146,s032
0,-0.00741929467767477,s032
0,-0.009326889179646969,s032
0,-0.037467874586582184,s032
0,-0.003658240893855691,s032
0,-0.018555892631411552,s032
0,-0.01211829949170351,s032
0,-0.0171493086963892,s032
0,-0.0039353440515697,s032
0,-0.015105916187167168,s032
0,-0.010404091328382492,s032
0,-0.04512171819806099,s032
0,-0.03737158700823784,s032
0,-0.013484467752277851,s032
0,-0.04073530063033104,s032
0,-0.010570279322564602,s032
0,-0.030580589547753334,s032
0,-0.019942311570048332,s032
0,-0.025708163157105446,s032
0,-0.009580542333424091,s032
0,-0.016266752034425735,s032
0,-0.06249866262078285,s032
0,-0.00797944888472557,s032
0,-0.004907235968858004,s032
0,-0.07119110226631165,s032
0,-0.017244720831513405,s032
0,-0.01838766224682331,s032
0,-0.08436544239521027,s032
0,-0.01076222863048315,s032
0,-0.013937532901763916,s032
0,-0.019801663234829903,s032
0,-0.007377877831459045,s032
0,-0.017819607630372047,s032
0,-0.06192396208643913,s032
0,-0.01259058341383934,s032
0,-0.012454748153686523,s032
0,-0.008208065293729305,s032
0,-0.024829141795635223,s032
0,-0.0034259911626577377,s032
0,-0.009569418616592884,s032
0,-0.016572676599025726,s032
0,-0.041569676250219345,s032
0,-0.005426125135272741,s032
0,-0.15596802532672882,s032
0,-0.036210279911756516,s032
0,-0.013894530013203621,s032
0,-0.006699433550238609,s032
0,-0.008134645409882069,s032
0,-0.014483366161584854,s032
0,-0.010133632458746433,s032
0,-0.009077628143131733,s032
0,-0.008774328045547009,s032
0,-0.012475177645683289,s032
0,-0.01639421284198761,s032
0,-0.009081102907657623,s032
0,-0.024405431002378464,s032
0,-0.031938642263412476,s032
0,-0.06878852844238281,s032
0,-0.007928436622023582,s032
0,-0.02119833417236805,s032
0,-0.03909512981772423,s032
0,-0.06963848322629929,s032
0,-0.01016013603657484,s032
0,-0.004105383530259132,s032
0,-0.031242910772562027,s032
0,-0.004980200901627541,s032
0,-0.03627487272024155,s032
0,-0.00848735123872757,s032
0,-0.003882910590618849,s032
0,-0.0030460061971098185,s032
0,-0.00930417887866497,s032
0,-0.013226382434368134,s032
0,-0.09143570065498352,s032
0,-0.12207930535078049,s032
0,-0.003616803325712681,s032
0,-0.01123981922864914,s032
0,-0.011612831614911556,s032
0,-0.027661960572004318,s032
0,-0.013924813829362392,s032
0,-0.01276294607669115,s032
0,-0.009897860698401928,s032
0,-0.03431854769587517,s032
0,-0.015416552312672138,s032
0,-0.029896050691604614,s032
0,-0.010783865116536617,s032
0,-0.01599220000207424,s032
0,-0.03096677176654339,s032
0,-0.009960776194930077,s032
0,-0.009402589872479439,s032
0,-0.18364179134368896,s032
0,-0.028214501217007637,s032
0,-0.010039749555289745,s032
0,-0.010029585100710392,s032
0,-0.012952089309692383,s032
0,-0.020436067134141922,s032
0,-0.015574829652905464,s032
0,-0.010963954031467438,s032
0,-0.00827333889901638,s032
0,-0.01035735197365284,s032
0,-0.007023525889962912,s032
0,-0.015394780784845352,s032
0,-0.019088255241513252,s032
0,-0.04040585830807686,s032
0,-0.0804455503821373,s032
0,-0.0031803552992641926,s032
0,-0.019696179777383804,s032
0,-0.022404450923204422,s032
0,-0.01136045716702938,s032
0,-0.010002371855080128,s032
0,-0.009173723869025707,s032
0,-0.022398311644792557,s032
0,-0.07034070044755936,s032
0,-0.013841608539223671,s032
0,-0.04957210645079613,s032
0,-0.005163449794054031,s032
0,-0.009479830972850323,s032
0,-0.008936122991144657,s032
0,-0.008193864487111568,s032
0,-0.019973857328295708,s032
0,-0.0086970878764987,s032
0,-0.0242923516780138,s032
0,-0.015093207359313965,s032
0,-0.05403959006071091,s032
0,-0.016390779986977577,s032
0,-0.01230443362146616,s032
0,-0.006090020760893822,s032
0,-0.015179278329014778,s032
0,-0.011806933209300041,s032
0,-0.09545663744211197,s032
0,-0.008942034095525742,s032
0,-0.011736255139112473,s032
0,-0.012268571183085442,s032
0,-0.007824948988854885,s032
0,-0.023297704756259918,s032
0,-0.028605954721570015,s032
0,-0.020151052623987198,s032
0,-0.025565005838871002,s032
0,-0.009671838022768497,s032
0,-0.01860460825264454,s032
0,-0.0050279139541089535,s032
0,-0.061171311885118484,s032
0,-0.006649337243288755,s032
0,-0.009969501756131649,s032
0,-0.020836180076003075,s032
0,-0.014404967427253723,s032
0,-0.015844879671931267,s032
0,-0.03271664306521416,s032
0,-0.04696311056613922,s032
0,-0.010295799002051353,s032
0,-0.04657970368862152,s032
0,-0.013249981217086315,s032
0,-0.018749358132481575,s032
0,-0.011979913339018822,s032
0,-0.010543200187385082,s032
0,-0.013123101554811,s032
0,-0.009139149449765682,s032
0,-0.03055402636528015,s032
0,-0.018675265833735466,s032
0,-0.030931837856769562,s032
0,-0.03297349065542221,s032
0,-0.008200540207326412,s032
0,-0.03051474317908287,s032
1,-0.04052875563502312,s033
1,-0.07909385114908218,s033
1,-0.04344563186168671,s033
1,-0.02831471711397171,s033
1,-0.14582295715808868,s033
1,-0.03582945466041565,s033
1,-0.05021466314792633,s033
1,-0.03023151308298111,s033
1,-0.057163819670677185,s033
1,-0.3434073328971863,s033
1,-0.023510679602622986,s033
1,-0.08143825083971024,s033
1,-0.06245054677128792,s033
1,-0.05705307424068451,s033
1,-0.03654036298394203,s033
1,-0.09134325385093689,s033
1,-0.05562612786889076,s033
1,-0.06991808861494064,s033
1,-0.167606383562088,s033
1,-0.42244255542755127,s033
1,-0.06957174837589264,s033
1,-0.027551941573619843,s033
1,-0.061386141926050186,s033
1,-0.06279167532920837,s033
1,-0.05787952244281769,s033
1,-0.05251826345920563,s033
1,-0.09385308623313904,s033
1,-0.05874665081501007,s033
1,-0.06275128573179245,s033
1,-0.08816616982221603,s033
1,-0.03575928136706352,s033
1,-0.07291224598884583,s033
1,-0.030102461576461792,s033
1,-0.08684592694044113,s033
1,-0.019368186593055725,s033
1,-0.12262584269046783,s033
1,-0.06376278400421143,s033
1,-0.06771847605705261,s033
1,-0.08887524157762527,s033
1,-0.03360647335648537,s033
1,-0.0920712798833847,s033
1,-0.06160299479961395,s033
1,-0.03136323392391205,s033
1,-0.03668636456131935,s033
1,-0.05825792998075485,s033
1,-0.0373348630964756,s033
1,-0.05548259988427162,s033
1,-0.03884628415107727,s033
1,-0.03356505185365677,s033
1,-0.039652369916439056,s033
1,-0.18570786714553833,s033
1,-0.08494361490011215,s033
1,-0.02701246552169323,s033
1,-0.3032313585281372,s033
1,-0.058784887194633484,s033
1,-0.0923008993268013,s033
1,-0.07250311225652695,s033
1,-0.03602015972137451,s033
1,-0.07001654803752899,s033
1,-0.04835427552461624,s033
1,-0.05071096494793892,s033
1,-0.06456896662712097,s033
1,-0.03950665146112442,s033
1,-0.032258760184049606,s033
1,-0.042880501598119736,s033
1,-0.011752421036362648,s033
1,-0.026940520852804184,s033
1,-0.07977118343114853,s033
1,-0.10222906619310379,s033
1,-0.0985005795955658,s033
1,-0.08122490346431732,s033
1,-0.049119338393211365,s033
1,-0.018678607419133186,s033
1,-0.050266288220882416,s033
1,-0.04406684637069702,s033
1,-0.028064843267202377,s033
1,-0.031490910798311234,s033
1,-0.03693913668394089,s033
1,-0.08487527072429657,s033
1,-0.015432187356054783,s033
1,-0.08295779675245285,s033
1,-0.04091844707727432,s033
1,-0.3951359987258911,s033
1,-0.015840156003832817,s033
1,-0.031239314004778862,s033
1,-0.04104181006550789,s033
1,-0.021091561764478683,s033
1,-0.013271598145365715,s033
1,-0.057979874312877655,s033
1,-0.05761696770787239,s033
1,-0.03325460106134415,s033
1,-0.09281393885612488,s033
1,-0.04132981225848198,s033
1,-0.0387851744890213,s033
1,-0.22229520976543427,s033
1,-0.09669603407382965,s033
1,-0.061358723789453506,s033
1,-0.0553799532353878,s033
1,-0.05398895591497421,s033
1,-0.06978306174278259,s033
1,-0.09797938168048859,s033
1,-0.053907640278339386,s033
1,-0.0999591201543808,s033
1,-0.11536124348640442,s033
1,-0.07165838032960892,s033
1,-0.11035852134227753,s033
1,-0.055221397429704666,s033
1,-0.04592468962073326,s033
1,-0.050371281802654266,s033
1,-0.09833820164203644,s033
1,-0.06368055194616318,s033
1,-0.04761340469121933,s033
1,-0.025922628119587898,s033
1,-0.04485480487346649,s033
1,-0.020426711067557335,s033
1,-0.08626322448253632,s033
1,-0.04127943143248558,s033
1,-0.04116661101579666,s033
1,-0.022334329783916473,s033
1,-0.1207105815410614,s033
1,-0.07023339718580246,s033
1,-0.08179114758968353,s033
1,-0.0718943402171135,s033
1,-0.050685033202171326,s033
1,-0.021116754040122032,s033
1,-0.04685560613870621,s033
1,-0.16617925465106964,s033
1,-0.07541114836931229,s033
1,-0.03260200098156929,s033
1,-0.07559439539909363,s033
1,-0.0978836938738823,s033
1,-0.038782499730587006,s033
1,-0.06831701099872589,s033
1,-0.06418442726135254,s033
1,-0.028060784563422203,s033
1,-0.03446336090564728,s033
1,-0.10548891127109528,s033
1,-0.11233635991811752,s033
1,-0.013285319320857525,s033
1,-0.0886736810207367,s033
1,-0.16079062223434448,s033
1,-0.03490769490599632,s033
1,-0.10235843062400818,s033
1,-0.028652869164943695,s033
1,-0.10450375825166702,s033
1,-0.07205308228731155,s033
1,-0.0655522495508194,s033
1,-0.02393476851284504,s033
1,-0.03866859897971153,s033
1,-0.02461247518658638,s033
1,-0.03919123485684395,s033
1,-0.0759916603565216,s033
1,-0.04631896689534187,s033
1,-0.03870493546128273,s033
1,-0.05041724070906639,s033
1,-0.06782526522874832,s033
1,-0.11673431843519211,s033
1,-0.04385736584663391,s033
1,-0.06651660799980164,s033
1,-0.07618410140275955,s033
1,-0.03203435614705086,s033
1,-0.07484552264213562,s033
1,-0.054778121411800385,s033
1,-0.033380135893821716,s033
1,-0.24016059935092926,s033
1,-0.04679581895470619,s033
1,-0.03322279080748558,s033
1,-0.024829354137182236,s033
1,-0.09266505390405655,s033
1,-0.04267328605055809,s033
1,-0.058274488896131516,s033
1,-0.06875547766685486,s033
1,-0.06848416477441788,s033
1,-0.05699419230222702,s033
1,-0.1692788004875183,s033
1,-0.04678908362984657,s033
1,-0.05423520877957344,s033
1,-0.07049314677715302,s033
1,-0.03239653632044792,s033
1,-0.030338909476995468,s033
1,-0.09400507807731628,s033
1,-0.17557519674301147,s033
1,-0.07465408742427826,s033
1,-0.056343402713537216,s033
1,-0.034119054675102234,s033
1,-0.03680213913321495,s033
1,-0.06883273273706436,s033
1,-0.04143195599317551,s033
1,-0.02784907817840576,s033
1,-0.04912252724170685,s033
1,-0.08909197896718979,s033
1,-0.02788381092250347,s033
1,-0.05211203545331955,s033
1,-0.1045534536242485,s033
1,-0.03143530711531639,s033
1,-0.18273697793483734,s033
1,-0.04666214436292648,s033
1,-0.07988852262496948,s033
1,-0.11202177405357361,s033
1,-0.07488864660263062,s033
0,-0.004111759830266237,s033
0,-0.010267024859786034,s033
0,-0.009501851163804531,s033
0,-0.021215545013546944,s033
0,-0.06293431669473648,s033
0,-0.026222780346870422,s033
0,-0.055538032203912735,s033
0,-0.03242996335029602,s033
0,-0.004277286119759083,s033
0,-0.013372299261391163,s033
0,-0.014478315599262714,s033
0,-0.00683602737262845,s033
0,-0.018128247931599617,s033
0,-0.04989473894238472,s033
0,-0.01655159704387188,s033
0,-0.021915536373853683,s033
0,-0.006490696687251329,s033
0,-0.01151279080659151,s033
0,-0.06980998069047928,s033
0,-0.004494469612836838,s033
0,-0.017867375165224075,s033
0,-0.0277575496584177,s033
0,-0.011037536896765232,s033
0,-0.01824697107076645,s033
0,-0.028538541868329048,s033
0,-0.010411052964627743,s033
0,-0.013655094429850578,s033
0,-0.018043849617242813,s033
0,-0.008654925972223282,s033
0,-0.028275873512029648,s033
0,-0.01553959958255291,s033
0,-0.07164575159549713,s033
0,-0.010798333212733269,s033
0,-0.1549655795097351,s033
0,-0.0057799615897238255,s033
0,-0.017273906618356705,s033
0,-0.020407550036907196,s033
0,-0.01082873810082674,s033
0,-0.007815840654075146,s033
0,-0.00741929467767477,s033
0,-0.009326889179646969,s033
0,-0.037467874586582184,s033
0,-0.003658240893855691,s033
0,-0.018555892631411552,s033
0,-0.01211829949170351,s033
0,-0.0171493086963892,s033
0,-0.0039353440515697,s033
0,-0.015105916187167168,s033
0,-0.010404091328382492,s033
0,-0.04512171819806099,s033
0,-0.03737158700823784,s033
0,-0.013484467752277851,s033
0,-0.04073530063033104,s033
0,-0.010570279322564602,s033
0,-0.030580589547753334,s033
0,-0.019942311570048332,s033
0,-0.025708163157105446,s033
0,-0.009580542333424091,s033
0,-0.016266752034425735,s033
0,-0.06249866262078285,s033
0,-0.00797944888472557,s033
0,-0.004907235968858004,s033
0,-0.07119110226631165,s033
0,-0.017244720831513405,s033
0,-0.01838766224682331,s033
0,-0.08436544239521027,s033
0,-0.01076222863048315,s033
0,-0.013937532901763916,s033
0,-0.019801663234829903,s033
0,-0.007377877831459045,s033
0,-0.017819607630372047,s033
0,-0.06192396208643913,s033
0,-0.01259058341383934,s033
0,-0.012454748153686523,s033
0,-0.008208065293729305,s033
0,-0.024829141795635223,s033
0,-0.0034259911626577377,s033
0,-0.009569418616592884,s033
0,-0.016572676599025726,s033
0,-0.041569676250219345,s033
0,-0.005426125135272741,s033
0,-0.15596802532672882,s033
0,-0.036210279911756516,s033
0,-0.013894530013203621,s033
0,-0.006699433550238609,s033
0,-0.008134645409882069,s033
0,-0.014483366161584854,s033
0,-0.010133632458746433,s033
0,-0.009077628143131733,s033
0,-0.008774328045547009,s033
0,-0.012475177645683289,s033
0,-0.01639421284198761,s033
0,-0.009081102907657623,s033
0,-0.024405431002378464,s033
0,-0.031938642263412476,s033
0,-0.06878852844238281,s033
0,-0.007928436622023582,s033
0,-0.02119833417236805,s033
0,-0.03909512981772423,s033
0,-0.06963848322629929,s033
0,-0.01016013603657484,s033
0,-0.004105383530259132,s033
0,-0.031242910772562027,s033
0,-0.004980200901627541,s033
0,-0.03627487272024155,s033
0,-0.00848735123872757,s033
0,-0.003882910590618849,s033
0,-0.0030460061971098185,s033
0,-0.00930417887866497,s033
0,-0.013226382434368134,s033
0,-0.09143570065498352,s033
0,-0.12207930535078049,s033
0,-0.003616803325712681,s033
0,-0.01123981922864914,s033
0,-0.011612831614911556,s033
0,-0.027661960572004318,s033
0,-0.013924813829362392,s033
0,-0.01276294607669115,s033
0,-0.009897860698401928,s033
0,-0.03431854769587517,s033
0,-0.015416552312672138,s033
0,-0.029896050691604614,s033
0,-0.010783865116536617,s033
0,-0.01599220000207424,s033
0,-0.03096677176654339,s033
0,-0.009960776194930077,s033
0,-0.009402589872479439,s033
0,-0.18364179134368896,s033
0,-0.028214501217007637,s033
0,-0.010039749555289745,s033
0,-0.010029585100710392,s033
0,-0.012952089309692383,s033
0,-0.020436067134141922,s033
0,-0.015574829652905464,s033
0,-0.010963954031467438,s033
0,-0.00827333889901638,s033
0,-0.01035735197365284,s033
0,-0.007023525889962912,s033
0,-0.015394780784845352,s033
0,-0.019088255241513252,s033
0,-0.04040585830807686,s033
0,-0.0804455503821373,s033
0,-0.0031803552992641926,s033
0,-0.019696179777383804,s033
0,-0.022404450923204422,s033
0,-0.01136045716702938,s033
0,-0.010002371855080128,s033
0,-0.009173723869025707,s033
0,-0.022398311644792557,s033
0,-0.07034070044755936,s033
0,-0.013841608539223671,s033
0,-0.04957210645079613,s033
0,-0.005163449794054031,s033
0,-0.009479830972850323,s033
0,-0.008936122991144657,s033
0,-0.008193864487111568,s033
0,-0.019973857328295708,s033
0,-0.0086970878764987,s033
0,-0.0242923516780138,s033
0,-0.015093207359313965,s033
0,-0.05403959006071091,s033
0,-0.016390779986977577,s033
0,-0.01230443362146616,s033
0,-0.006090020760893822,s033
0,-0.015179278329014778,s033
0,-0.011806933209300041,s033
0,-0.09545663744211197,s033
0,-0.008942034095525742,s033
0,-0.011736255139112473,s033
0,-0.012268571183085442,s033
0,-0.007824948988854885,s033
0,-0.023297704756259918,s033
0,-0.028605954721570015,s033
0,-0.020151052623987198,s033
0,-0.025565005838871002,s033
0,-0.009671838022768497,s033
0,-0.01860460825264454,s033
0,-0.0050279139541089535,s033
0,-0.061171311885118484,s033
0,-0.006649337243288755,s033
0,-0.009969501756131649,s033
0,-0.020836180076003075,s033
0,-0.014404967427253723,s033
0,-0.015844879671931267,s033
0,-0.03271664306521416,s033
0,-0.04696311056613922,s033
0,-0.010295799002051353,s033
0,-0.04657970368862152,s033
0,-0.013249981217086315,s033
0,-0.018749358132481575,s033
0,-0.011979913339018822,s033
0,-0.010543200187385082,s033
0,-0.013123101554811,s033
0,-0.009139149449765682,s033
0,-0.03055402636528015,s033
0,-0.018675265833735466,s033
0,-0.030931837856769562,s033
0,-0.03297349065542221,s033
0,-0.008200540207326412,s033
0,-0.03051474317908287,s033
1,-0.02906876802444458,s034
1,-0.039158448576927185,s034
1,-0.014297710731625557,s034
1,-0.012406211346387863,s034
1,-0.017759397625923157,s034
1,-0.036380209028720856,s034
1,-0.013941607438027859,s034
1,-0.001544061815366149,s034
1,-0.008543958887457848,s034
1,-0.016824467107653618,s034
1,-0.027607310563325882,s034
1,-0.030321883037686348,s034
1,-0.03401651233434677,s034
1,-0.006720970384776592,s034
1,-0.010504991747438908,s034
1,-0.04690004885196686,s034
1,-0.009371879510581493,s034
1,-0.005802484229207039,s034
1,-0.011781500652432442,s034
1,-0.02711505815386772,s034
1,-0.01688884198665619,s034
1,-0.014345000497996807,s034
1,-0.0136587955057621,s034
1,-0.011887747794389725,s034
1,-0.011348906904459,s034
1,-0.010526302270591259,s034
1,-0.011860216036438942,s034
1,-0.005779849365353584,s034
1,-0.018775390461087227,s034
1,-0.027708426117897034,s034
1,-0.007171297445893288,s034
1,-0.009867001324892044,s034
1,-0.006835302338004112,s034
1,-0.008555387146770954,s034
1,-0.015801243484020233,s034
1,-0.015994779765605927,s034
1,-0.012598618865013123,s034
1,-0.02958132140338421,s034
1,-0.03533335402607918,s034
1,-0.01886882819235325,s034
1,-0.04620575159788132,s034
1,-0.03332861140370369,s034
1,-0.018680371344089508,s034
1,-0.013472521677613258,s034
1,-0.008144499734044075,s034
1,-0.02110925130546093,s034
1,-0.009944166988134384,s034
1,-0.018849816173315048,s034
1,-0.008939411491155624,s034
1,-0.006760020274668932,s034
1,-0.019623147323727608,s034
1,-0.009249234572052956,s034
1,-0.010102524422109127,s034
1,-0.04189855605363846,s034
1,-0.0162394717335701,s034
1,-0.009112157858908176,s034
1,-0.029344230890274048,s034
1,-0.06190251559019089,s034
1,-0.015619569458067417,s034
1,-0.013250485062599182,s034
1,-0.03708445280790329,s034
1,-0.00983915850520134,s034
1,-0.007185583934187889,s034
1,-0.02099902741611004,s034
1,-0.0536113865673542,s034
1,-0.005989336874336004,s034
1,-0.02417578734457493,s034
1,-0.029590874910354614,s034
1,-0.10256249457597733,s034
1,-0.020477449521422386,s034
1,-0.005058835260570049,s034
1,-0.008050947450101376,s034
1,-0.013473927043378353,s034
1,-0.01485082320868969,s034
1,-0.01960696093738079,s034
1,-0.004107137210667133,s034
1,-0.007616219576448202,s034
1,-0.009862170554697514,s034
1,-0.0143910963088274,s034
1,-0.008858698420226574,s034
1,-0.024430951103568077,s034
1,-0.014047288335859776,s034
1,-0.10555568337440491,s034
1,-0.008688235655426979,s034
1,-0.013967722654342651,s034
1,-0.011618007905781269,s034
1,-0.007676726207137108,s034
1,-0.023591363802552223,s034
1,-0.046118732541799545,s034
1,-0.04794783890247345,s034
1,-0.015060646459460258,s034
1,-0.03378230333328247,s034
1,-0.018404372036457062,s034
1,-0.005433335900306702,s034
1,-0.0246786717325449,s034
1,-0.010123809799551964,s034
1,-0.03320924937725067,s034
1,-0.012751532718539238,s034
1,-0.023473581299185753,s034
1,-0.0065300012938678265,s034
1,-0.011490467935800552,s034
1,-0.007612124085426331,s034
1,-0.0370970256626606,s034
1,-0.014381911605596542,s034
1,-0.010526321828365326,s034
1,-0.008765803650021553,s034
1,-0.011643522419035435,s034
1,-0.012113850563764572,s034
1,-0.01813913695514202,s034
1,-0.024791166186332703,s034
1,-0.01766210049390793,s034
1,-0.035997942090034485,s034
1,-0.016042435541749,s034
1,-0.023206491023302078,s034
1,-0.01016909908503294,s034
1,-0.05964137613773346,s034
1,-0.01859860308468342,s034
1,-0.009228015318512917,s034
1,-0.007212910335510969,s034
1,-0.019417406991124153,s034
1,-0.00809177104383707,s034
1,-0.018226172775030136,s034
1,-0.006187287159264088,s034
1,-0.018526406958699226,s034
1,-0.008427765220403671,s034
1,-0.02140558511018753,s034
1,-0.006753517314791679,s034
1,-0.015476005151867867,s034
1,-0.02276752144098282,s034
1,-0.009387637488543987,s034
1,-0.015427591279149055,s034
1,-0.017819607630372047,s034
1,-0.010227805934846401,s034
1,-0.0506463460624218,s034
1,-0.008651974610984325,s034
1,-0.014533519744873047,s034
1,-0.013618444092571735,s034
1,-0.013026397675275803,s034
1,-0.010364378802478313,s034
1,-0.014283685013651848,s034
1,-0.011804546229541302,s034
1,-0.02004842832684517,s034
1,-0.028556853532791138,s034
1,-0.007850321009755135,s034
1,-0.027264773845672607,s034
1,-0.0322863906621933,s034
1,-0.014225948601961136,s034
1,-0.04058166220784187,s034
1,-0.02947203628718853,s034
1,-0.01807895116508007,s034
1,-0.008723409846425056,s034
1,-0.012976469472050667,s034
1,-0.02079814299941063,s034
1,-0.01422800775617361,s034
1,-0.01798601821064949,s034
1,-0.01052756980061531,s034
1,-0.02736142836511135,s034
1,-0.018606282770633698,s034
1,-0.013905731961131096,s034
1,-0.02457747608423233,s034
1,-0.00515409279614687,s034
1,-0.013452431187033653,s034
1,-0.042667705565690994,s034
1,-0.011646823026239872,s034
1,-0.007106737233698368,s034
1,-0.009790599346160889,s034
1,-0.052460480481386185,s034
1,-0.022387392818927765,s034
1,-0.009741570800542831,s034
1,-0.007115099113434553,s034
1,-0.01838306151330471,s034
1,-0.009018604643642902,s034
1,-0.011035548523068428,s034
1,-0.01138221099972725,s034
1,-0.03922395408153534,s034
1,-0.04924523085355759,s034
1,-0.01297127828001976,s034
1,-0.022082068026065826,s034
1,-0.011316495947539806,s034
1,-0.011456555686891079,s034
1,-0.009191249497234821,s034
1,-0.020073505118489265,s034
1,-0.010128334164619446,s034
1,-0.014655917882919312,s034
1,-0.00908750668168068,s034
1,-0.011927840299904346,s034
1,-0.012898611836135387,s034
1,-0.023046379908919334,s034
1,-0.02915424108505249,s034
1,-0.013409754261374474,s034
1,-0.013868036679923534,s034
1,-0.008781231939792633,s034
1,-0.02735970914363861,s034
1,-0.020106647163629532,s034
1,-0.005131885875016451,s034
1,-0.0568678118288517,s034
1,-0.013991700485348701,s034
1,-0.009719451889395714,s034
1,-0.011215866543352604,s034
1,-0.0048047443851828575,s034
0,-0.004111759830266237,s034
0,-0.010267024859786034,s034
0,-0.009501851163804531,s034
0,-0.021215545013546944,s034
0,-0.06293431669473648,s034
0,-0.026222780346870422,s034
0,-0.055538032203912735,s034
0,-0.03242996335029602,s034
0,-0.004277286119759083,s034
0,-0.013372299261391163,s034
0,-0.014478315599262714,s034
0,-0.00683602737262845,s034
0,-0.018128247931599617,s034
0,-0.04989473894238472,s034
0,-0.01655159704387188,s034
0,-0.021915536373853683,s034
0,-0.006490696687251329,s034
0,-0.01151279080659151,s034
0,-0.06980998069047928,s034
0,-0.004494469612836838,s034
0,-0.017867375165224075,s034
0,-0.0277575496584177,s034
0,-0.011037536896765232,s034
0,-0.01824697107076645,s034
0,-0.028538541868329048,s034
0,-0.010411052964627743,s034
0,-0.013655094429850578,s034
0,-0.018043849617242813,s034
0,-0.008654925972223282,s034
0,-0.028275873512029648,s034
0,-0.01553959958255291,s034
0,-0.07164575159549713,s034
0,-0.010798333212733269,s034
0,-0.1549655795097351,s034
0,-0.0057799615897238255,s034
0,-0.017273906618356705,s034
0,-0.020407550036907196,s034
0,-0.01082873810082674,s034
0,-0.007815840654075146,s034
0,-0.00741929467767477,s034
0,-0.009326889179646969,s034
0,-0.037467874586582184,s034
0,-0.003658240893855691,s034
0,-0.018555892631411552,s034
0,-0.01211829949170351,s034
0,-0.0171493086963892,s034
0,-0.0039353440515697,s034
0,-0.015105916187167168,s034
0,-0.010404091328382492,s034
0,-0.04512171819806099,s034
0,-0.03737158700823784,s034
0,-0.013484467752277851,s034
0,-0.04073530063033104,s034
0,-0.010570279322564602,s034
0,-0.030580589547753334,s034
0,-0.019942311570048332,s034
0,-0.025708163157105446,s034
0,-0.009580542333424091,s034
0,-0.016266752034425735,s034
0,-0.06249866262078285,s034
0,-0.00797944888472557,s034
0,-0.004907235968858004,s034
0,-0.07119110226631165,s034
0,-0.017244720831513405,s034
0,-0.01838766224682331,s034
0,-0.08436544239521027,s034
0,-0.01076222863048315,s034
0,-0.013937532901763916,s034
0,-0.019801663234829903,s034
0,-0.007377877831459045,s034
0,-0.038782499730587006,s034
0,-0.06192396208643913,s034
0,-0.01259058341383934,s034
0,-0.012454748153686523,s034
0,-0.008208065293729305,s034
0,-0.024829141795635223,s034
0,-0.0034259911626577377,s034
0,-0.009569418616592884,s034
0,-0.016572676599025726,s034
0,-0.041569676250219345,s034
0,-0.005426125135272741,s034
0,-0.15596802532672882,s034
0,-0.036210279911756516,s034
0,-0.013894530013203621,s034
0,-0.006699433550238609,s034
0,-0.008134645409882069,s034
0,-0.014483366161584854,s034
0,-0.010133632458746433,s034
0,-0.009077628143131733,s034
0,-0.008774328045547009,s034
0,-0.012475177645683289,s034
0,-0.01639421284198761,s034
0,-0.009081102907657623,s034
0,-0.024405431002378464,s034
0,-0.031938642263412476,s034
0,-0.06878852844238281,s034
0,-0.007928436622023582,s034
0,-0.02119833417236805,s034
0,-0.03909512981772423,s034
0,-0.06963848322629929,s034
0,-0.01016013603657484,s034
0,-0.004105383530259132,s034
0,-0.031242910772562027,s034
0,-0.004980200901627541,s034
0,-0.03627487272024155,s034
0,-0.00848735123872757,s034
0,-0.003882910590618849,s034
0,-0.0030460061971098185,s034
0,-0.00930417887866497,s034
0,-0.013226382434368134,s034
0,-0.09143570065498352,s034
0,-0.12207930535078049,s034
0,-0.003616803325712681,s034
0,-0.01123981922864914,s034
0,-0.011612831614911556,s034
0,-0.027661960572004318,s034
0,-0.013924813829362392,s034
0,-0.01276294607669115,s034
0,-0.009897860698401928,s034
0,-0.03431854769587517,s034
0,-0.015416552312672138,s034
0,-0.029896050691604614,s034
0,-0.010783865116536617,s034
0,-0.01599220000207424,s034
0,-0.03096677176654339,s034
0,-0.009960776194930077,s034
0,-0.009402589872479439,s034
0,-0.18364179134368896,s034
0,-0.028214501217007637,s034
0,-0.010039749555289745,s034
0,-0.010029585100710392,s034
0,-0.012952089309692383,s034
0,-0.020436067134141922,s034
0,-0.015574829652905464,s034
0,-0.010963954031467438,s034
0,-0.00827333889901638,s034
0,-0.01035735197365284,s034
0,-0.007023525889962912,s034
0,-0.015394780784845352,s034
0,-0.019088255241513252,s034
0,-0.04040585830807686,s034
0,-0.0804455503821373,s034
0,-0.0031803552992641926,s034
0,-0.09121078997850418,s034
0,-0.022404450923204422,s034
0,-0.01136045716702938,s034
0,-0.010002371855080128,s034
0,-0.009173723869025707,s034
0,-0.022398311644792557,s034
0,-0.07034070044755936,s034
0,-0.013841608539223671,s034
0,-0.04957210645079613,s034
0,-0.005163449794054031,s034
0,-0.009479830972850323,s034
0,-0.008936122991144657,s034
0,-0.008193864487111568,s034
0,-0.019973857328295708,s034
0,-0.0086970878764987,s034
0,-0.0242923516780138,s034
0,-0.015093207359313965,s034
0,-0.05403959006071091,s034
0,-0.016390779986977577,s034
0,-0.01230443362146616,s034
0,-0.006090020760893822,s034
0,-0.015179278329014778,s034
0,-0.011806933209300041,s034
0,-0.09545663744211197,s034
0,-0.008942034095525742,s034
0,-0.011736255139112473,s034
0,-0.012268571183085442,s034
0,-0.007824948988854885,s034
0,-0.023297704756259918,s034
0,-0.028605954721570015,s034
0,-0.020151052623987198,s034
0,-0.025565005838871002,s034
0,-0.009671838022768497,s034
0,-0.01860460825264454,s034
0,-0.0050279139541089535,s034
0,-0.061171311885118484,s034
0,-0.006649337243288755,s034
0,-0.009969501756131649,s034
0,-0.020836180076003075,s034
0,-0.014404967427253723,s034
0,-0.015844879671931267,s034
0,-0.03271664306521416,s034
0,-0.04696311056613922,s034
0,-0.010295799002051353,s034
0,-0.04657970368862152,s034
0,-0.013249981217086315,s034
0,-0.018749358132481575,s034
0,-0.011979913339018822,s034
0,-0.010543200187385082,s034
0,-0.013123101554811,s034
0,-0.009139149449765682,s034
0,-0.03055402636528015,s034
0,-0.018675265833735466,s034
0,-0.030931837856769562,s034
0,-0.03297349065542221,s034
0,-0.008200540207326412,s034
0,-0.03051474317908287,s034
1,-0.016851525753736496,s035
1,-0.008776036091148853,s035
1,-0.008911642245948315,s035
1,-0.017369486391544342,s035
1,-0.027235854417085648,s035
1,-0.022080132737755775,s035
1,-0.012088794261217117,s035
1,-0.011213717982172966,s035
1,-0.010671015828847885,s035
1,-0.004529610741883516,s035
1,-0.06341813504695892,s035
1,-0.0223931185901165,s035
1,-0.008743111044168472,s035
1,-0.011743509210646152,s035
1,-0.011762214824557304,s035
1,-0.016392139717936516,s035
1,-0.008565858006477356,s035
1,-0.014203275553882122,s035
1,-0.010446932166814804,s035
1,-0.013995951972901821,s035
1,-0.008867230266332626,s035
1,-0.08051567524671555,s035
1,-0.016442593187093735,s035
1,-0.017089804634451866,s035
1,-0.05158481374382973,s035
1,-0.007498258724808693,s035
1,-0.009004700928926468,s035
1,-0.08505552262067795,s035
1,-0.03206564486026764,s035
1,-0.017360590398311615,s035
1,-0.012569011189043522,s035
1,-0.02975134365260601,s035
1,-0.020179709419608116,s035
1,-0.006426080595701933,s035
1,-0.0167517252266407,s035
1,-0.01340482011437416,s035
1,-0.03990551456809044,s035
1,-0.012136519886553288,s035
1,-0.007169298827648163,s035
1,-0.01932314783334732,s035
1,-0.011469880118966103,s035
1,-0.008965076878666878,s035
1,-0.03499903529882431,s035
1,-0.009104431606829166,s035
1,-0.007162541151046753,s035
1,-0.01624632626771927,s035
1,-0.017927415668964386,s035
1,-0.01948769949376583,s035
1,-0.031116118654608727,s035
1,-0.02740282006561756,s035
1,-0.02076888084411621,s035
1,-0.008981815539300442,s035
1,-0.011078878305852413,s035
1,-0.022383913397789,s035
1,-0.014473740942776203,s035
1,-0.0152476467192173,s035
1,-0.007171548902988434,s035
1,-0.012674231082201004,s035
1,-0.006586707662791014,s035
1,-0.013452185317873955,s035
1,-0.010865104384720325,s035
1,-0.013725176453590393,s035
1,-0.004319052677601576,s035
1,-0.020772846415638924,s035
1,-0.014500013552606106,s035
1,-0.011903392150998116,s035
1,-0.017968930304050446,s035
1,-0.007407156750559807,s035
1,-0.013526525348424911,s035
1,-0.017756715416908264,s035
1,-0.022075030952692032,s035
1,-0.033034902065992355,s035
1,-0.03556479513645172,s035
1,-0.024564648047089577,s035
1,-0.011136573739349842,s035
1,-0.007582647260278463,s035
1,-0.00610901927575469,s035
1,-0.01469420362263918,s035
1,-0.028952738270163536,s035
1,-0.012910138815641403,s035
1,-0.00529141491279006,s035
1,-0.0030753668397665024,s035
1,-0.015279297716915607,s035
1,-0.007971336133778095,s035
1,-0.006424167193472385,s035
1,-0.02198530174791813,s035
1,-0.015297038480639458,s035
1,-0.008797801099717617,s035
1,-0.006227013189345598,s035
1,-0.007981113158166409,s035
1,-0.03842351585626602,s035
1,-0.022794626653194427,s035
1,-0.0021873991936445236,s035
1,-0.023767489939928055,s035
1,-0.06809110194444656,s035
1,-0.014600979164242744,s035
1,-0.006112329661846161,s035
1,-0.004795706830918789,s035
1,-0.013685833662748337,s035
1,-0.019596485421061516,s035
1,-0.007986740209162235,s035
1,-0.04305662959814072,s035
1,-0.00504031078889966,s035
1,-0.00719250924885273,s035
1,-0.041387952864170074,s035
1,-0.023847021162509918,s035
1,-0.018914006650447845,s035
1,-0.004530729725956917,s035
1,-0.01450122706592083,s035
1,-0.028108470141887665,s035
1,-0.018237963318824768,s035
1,-0.02167784981429577,s035
1,-0.0063914088532328606,s035
1,-0.017371391877532005,s035
1,-0.0030494460370391607,s035
1,-0.010932628996670246,s035
1,-0.016645027324557304,s035
1,-0.014167253859341145,s035
1,-0.03244643285870552,s035
1,-0.018547771498560905,s035
1,-0.050435349345207214,s035
1,-0.019656861200928688,s035
1,-0.025145530700683594,s035
1,-0.017103908583521843,s035
1,-0.02726045623421669,s035
1,-0.02913641184568405,s035
1,-0.07588472217321396,s035
1,-0.011833524331450462,s035
1,-0.00412545632570982,s035
1,-0.011761995032429695,s035
1,-0.014106071554124355,s035
1,-0.030420077964663506,s035
1,-0.009474458172917366,s035
1,-0.00758406613022089,s035
1,-0.017769047990441322,s035
1,-0.013871920295059681,s035
1,-0.021327966824173927,s035
1,-0.012223182246088982,s035
1,-0.00785131100565195,s035
1,-0.03579093515872955,s035
1,-0.026974881067872047,s035
1,-0.016326049342751503,s035
1,-0.030845142900943756,s035
1,-0.01762201078236103,s035
1,-0.010954548604786396,s035
1,-0.039362795650959015,s035
1,-0.008419732563197613,s035
1,-0.01489927526563406,s035
1,-0.024419870227575302,s035
1,-0.022533196955919266,s035
1,-0.013016690500080585,s035
1,-0.030413862317800522,s035
1,-0.025124959647655487,s035
1,-0.026999693363904953,s035
1,-0.008130381815135479,s035
1,-0.012161720544099808,s035
1,-0.02555006369948387,s035
1,-0.010052269324660301,s035
1,-0.014928620308637619,s035
1,-0.020864812657237053,s035
1,-0.005281948484480381,s035
1,-0.054850805550813675,s035
1,-0.009997209534049034,s035
1,-0.011942175216972828,s035
1,-0.021556200459599495,s035
1,-0.013142992742359638,s035
1,-0.015323478728532791,s035
1,-0.01221475563943386,s035
1,-0.01791778951883316,s035
1,-0.011161128990352154,s035
1,-0.01668684370815754,s035
1,-0.040470901876688004,s035
1,-0.01580050028860569,s035
1,-0.012063347734510899,s035
1,-0.020364223048090935,s035
1,-0.013862907886505127,s035
1,-0.01393614336848259,s035
1,-0.004406029358506203,s035
1,-0.016904905438423157,s035
1,-0.012342596426606178,s035
1,-0.004209013655781746,s035
1,-0.01886446587741375,s035
1,-0.028675496578216553,s035
1,-0.028942588716745377,s035
1,-0.0054778289049863815,s035
1,-0.017979122698307037,s035
1,-0.022535065189003944,s035
1,-0.018227435648441315,s035
1,-0.04459071904420853,s035
1,-0.006400738842785358,s035
1,-0.06930603832006454,s035
1,-0.013422630727291107,s035
1,-0.011362385004758835,s035
1,-0.011234874837100506,s035
1,-0.015145753510296345,s035
1,-0.01972690224647522,s035
1,-0.0941297858953476,s035
1,-0.01360128354281187,s035
1,-0.031594086438417435,s035
1,-0.012840590439736843,s035
0,-0.004111759830266237,s035
0,-0.010267024859786034,s035
0,-0.009501851163804531,s035
0,-0.021215545013546944,s035
0,-0.06293431669473648,s035
0,-0.026222780346870422,s035
0,-0.055538032203912735,s035
0,-0.03242996335029602,s035
0,-0.004277286119759083,s035
0,-0.013372299261391163,s035
0,-0.014478315599262714,s035
0,-0.00683602737262845,s035
0,-0.018128247931599617,s035
0,-0.04989473894238472,s035
0,-0.01655159704387188,s035
0,-0.021915536373853683,s035
0,-0.006490696687251329,s035
0,-0.01151279080659151,s035
0,-0.06980998069047928,s035
0,-0.004494469612836838,s035
0,-0.017867375165224075,s035
0,-0.0277575496584177,s035
0,-0.011037536896765232,s035
0,-0.01824697107076645,s035
0,-0.028538541868329048,s035
0,-0.010411052964627743,s035
0,-0.013655094429850578,s035
0,-0.018043849617242813,s035
0,-0.008654925972223282,s035
0,-0.028275873512029648,s035
0,-0.01553959958255291,s035
0,-0.07164575159549713,s035
0,-0.010798333212733269,s035
0,-0.1549655795097351,s035
0,-0.0057799615897238255,s035
0,-0.017273906618356705,s035
0,-0.020407550036907196,s035
0,-0.01082873810082674,s035
0,-0.007815840654075146,s035
0,-0.00741929467767477,s035
0,-0.009326889179646969,s035
0,-0.037467874586582184,s035
0,-0.003658240893855691,s035
0,-0.018555892631411552,s035
0,-0.01211829949170351,s035
0,-0.0171493086963892,s035
0,-0.0039353440515697,s035
0,-0.015105916187167168,s035
0,-0.010404091328382492,s035
0,-0.04512171819806099,s035
0,-0.03737158700823784,s035
0,-0.013484467752277851,s035
0,-0.04073530063033104,s035
0,-0.010570279322564602,s035
0,-0.030580589547753334,s035
0,-0.019942311570048332,s035
0,-0.025708163157105446,s035
0,-0.009580542333424091,s035
0,-0.016266752034425735,s035
0,-0.06249866262078285,s035
0,-0.00797944888472557,s035
0,-0.004907235968858004,s035
0,-0.07119110226631165,s035
0,-0.017244720831513405,s035
0,-0.01838766224682331,s035
0,-0.08436544239521027,s035
0,-0.01076222863048315,s035
0,-0.013937532901763916,s035
0,-0.019801663234829903,s035
0,-0.007377877831459045,s035
0,-0.038782499730587006,s035
0,-0.06192396208643913,s035
0,-0.01259058341383934,s035
0,-0.012454748153686523,s035
0,-0.008208065293729305,s035
0,-0.024829141795635223,s035
0,-0.0034259911626577377,s035
0,-0.009569418616592884,s035
0,-0.016572676599025726,s035
0,-0.041569676250219345,s035
0,-0.005426125135272741,s035
0,-0.15596802532672882,s035
0,-0.036210279911756516,s035
0,-0.013894530013203621,s035
0,-0.006699433550238609,s035
0,-0.008134645409882069,s035
0,-0.014483366161584854,s035
0,-0.010133632458746433,s035
0,-0.009077628143131733,s035
0,-0.008774328045547009,s035
0,-0.012475177645683289,s035
0,-0.01639421284198761,s035
0,-0.009081102907657623,s035
0,-0.024405431002378464,s035
0,-0.031938642263412476,s035
0,-0.06878852844238281,s035
0,-0.007928436622023582,s035
0,-0.02119833417236805,s035
0,-0.03909512981772423,s035
0,-0.06963848322629929,s035
0,-0.01016013603657484,s035
0,-0.004105383530259132,s035
0,-0.031242910772562027,s035
0,-0.004980200901627541,s035
0,-0.03627487272024155,s035
0,-0.00848735123872757,s035
0,-0.003882910590618849,s035
0,-0.0030460061971098185,s035
0,-0.00930417887866497,s035
0,-0.013226382434368134,s035
0,-0.09143570065498352,s035
0,-0.12207930535078049,s035
0,-0.003616803325712681,s035
0,-0.01123981922864914,s035
0,-0.011612831614911556,s035
0,-0.027661960572004318,s035
0,-0.013924813829362392,s035
0,-0.01276294607669115,s035
0,-0.009897860698401928,s035
0,-0.03431854769587517,s035
0,-0.015416552312672138,s035
0,-0.029896050691604614,s035
0,-0.010783865116536617,s035
0,-0.01599220000207424,s035
0,-0.03096677176654339,s035
0,-0.009960776194930077,s035
0,-0.009402589872479439,s035
0,-0.18364179134368896,s035
0,-0.028214501217007637,s035
0,-0.010039749555289745,s035
0,-0.010029585100710392,s035
0,-0.012952089309692383,s035
0,-0.020436067134141922,s035
0,-0.015574829652905464,s035
0,-0.010963954031467438,s035
0,-0.00827333889901638,s035
0,-0.01035735197365284,s035
0,-0.007023525889962912,s035
0,-0.015394780784845352,s035
0,-0.019088255241513252,s035
0,-0.04040585830807686,s035
0,-0.0804455503821373,s035
0,-0.0031803552992641926,s035
0,-0.09121078997850418,s035
0,-0.022404450923204422,s035
0,-0.01136045716702938,s035
0,-0.010002371855080128,s035
0,-0.009173723869025707,s035
0,-0.022398311644792557,s035
0,-0.07034070044755936,s035
0,-0.013841608539223671,s035
0,-0.04957210645079613,s035
0,-0.005163449794054031,s035
0,-0.009479830972850323,s035
0,-0.008936122991144657,s035
0,-0.008193864487111568,s035
0,-0.019973857328295708,s035
0,-0.0086970878764987,s035
0,-0.0242923516780138,s035
0,-0.015093207359313965,s035
0,-0.05403959006071091,s035
0,-0.016390779986977577,s035
0,-0.01230443362146616,s035
0,-0.006090020760893822,s035
0,-0.015179278329014778,s035
0,-0.011806933209300041,s035
0,-0.09545663744211197,s035
0,-0.01526462659239769,s035
0,-0.011736255139112473,s035
0,-0.012268571183085442,s035
0,-0.007824948988854885,s035
0,-0.023297704756259918,s035
0,-0.028605954721570015,s035
0,-0.020151052623987198,s035
0,-0.025565005838871002,s035
0,-0.009671838022768497,s035
0,-0.01860460825264454,s035
0,-0.0050279139541089535,s035
0,-0.061171311885118484,s035
0,-0.006649337243288755,s035
0,-0.009969501756131649,s035
0,-0.020836180076003075,s035
0,-0.014404967427253723,s035
0,-0.015844879671931267,s035
0,-0.03271664306521416,s035
0,-0.04696311056613922,s035
0,-0.010295799002051353,s035
0,-0.04657970368862152,s035
0,-0.013249981217086315,s035
0,-0.018749358132481575,s035
0,-0.011979913339018822,s035
0,-0.010543200187385082,s035
0,-0.013123101554811,s035
0,-0.009139149449765682,s035
0,-0.03055402636528015,s035
0,-0.018675265833735466,s035
0,-0.030931837856769562,s035
0,-0.03297349065542221,s035
0,-0.008200540207326412,s035
0,-0.03051474317908287,s035
1,-0.05098046362400055,s036
1,-0.2589951455593109,s036
1,-0.027521483600139618,s036
1,-0.07463808357715607,s036
1,-0.041425999253988266,s036
1,-0.025272635743021965,s036
1,-0.05008912831544876,s036
1,-0.04106498509645462,s036
1,-0.05947928875684738,s036
1,-0.029199030250310898,s036
1,-0.035006966441869736,s036
1,-0.02554449625313282,s036
1,-0.06088034808635712,s036
1,-0.5469324588775635,s036
1,-0.04818681627511978,s036
1,-0.02102355659008026,s036
1,-0.035568781197071075,s036
1,-0.21949081122875214,s036
1,-0.2624087333679199,s036
1,-0.05984826385974884,s036
1,-0.03690572455525398,s036
1,-0.03918546810746193,s036
1,-0.019865958020091057,s036
1,-0.08144659548997879,s036
1,-0.07770436257123947,s036
1,-0.2782484292984009,s036
1,-0.15596802532672882,s036
1,-0.035368189215660095,s036
1,-0.050855401903390884,s036
1,-0.05375201627612114,s036
1,-0.06350616365671158,s036
1,-0.05060030519962311,s036
1,-0.018919162452220917,s036
1,-0.08898881077766418,s036
1,-0.03785550966858864,s036
1,-0.029915034770965576,s036
1,-0.02468111738562584,s036
1,-0.02704104594886303,s036
1,-0.08715749531984329,s036
1,-0.03261733800172806,s036
1,-0.02438567578792572,s036
1,-0.027354467660188675,s036
1,-0.020392682403326035,s036
1,-0.07550597190856934,s036
1,-0.027906430885195732,s036
1,-0.13794390857219696,s036
1,-0.10954973846673965,s036
1,-0.08384180068969727,s036
1,-0.023740068078041077,s036
1,-0.019055074080824852,s036
1,-0.0760469138622284,s036
1,-0.08946727216243744,s036
1,-0.025680698454380035,s036
1,-0.030611732974648476,s036
1,-0.03238699957728386,s036
1,-0.07352923601865768,s036
1,-0.07045736908912659,s036
1,-0.015598516911268234,s036
1,-0.020599542185664177,s036
1,-0.037327155470848083,s036
1,-0.11889234930276871,s036
1,-0.4015875458717346,s036
1,-0.34619736671447754,s036
1,-0.04270683228969574,s036
1,-0.04509706050157547,s036
1,-0.023108817636966705,s036
1,-0.05322009697556496,s036
1,-0.032426316291093826,s036
1,-0.025416113436222076,s036
1,-0.11136337369680405,s036
1,-0.045578524470329285,s036
1,-0.03691206872463226,s036
1,-0.03894864022731781,s036
1,-0.08216417580842972,s036
1,-0.03638935089111328,s036
1,-0.032312050461769104,s036
1,-0.03484034165740013,s036
1,-0.023540310561656952,s036
1,-0.08076935261487961,s036
1,-0.03373477980494499,s036
1,-0.05245978385210037,s036
1,-0.04070599004626274,s036
1,-0.23477832973003387,s036
1,-0.044638391584157944,s036
1,-0.04667419567704201,s036
1,-0.018510309979319572,s036
1,-0.02172088995575905,s036
1,-0.029539572075009346,s036
1,-0.037817101925611496,s036
1,-0.03978751599788666,s036
1,-0.07174123078584671,s036
1,-0.04951280727982521,s036
1,-0.09768835455179214,s036
1,-0.02479601837694645,s036
1,-0.39137744903564453,s036
1,-0.02471316233277321,s036
1,-0.0869205892086029,s036
1,-0.06074054539203644,s036
1,-0.033250514417886734,s036
1,-0.06442321091890335,s036
1,-0.05339417606592178,s036
1,-0.03318129852414131,s036
1,-0.05628407001495361,s036
1,-0.055538032203912735,s036
1,-0.06538683921098709,s036
1,-0.10060951858758926,s036
1,-0.06041084975004196,s036
1,-0.08646100014448166,s036
1,-0.0736006572842598,s036
1,-0.05753236263990402,s036
1,-0.09018274396657944,s036
1,-0.21666844189167023,s036
1,-0.0516703724861145,s036
1,-0.0761275514960289,s036
1,-0.025525569915771484,s036
1,-0.0283636674284935,s036
1,-0.017794916406273842,s036
1,-0.11078804731369019,s036
1,-0.029370496049523354,s036
1,-0.031021365895867348,s036
1,-0.03601966053247452,s036
1,-0.13683992624282837,s036
1,-0.16517899930477142,s036
1,-0.017401261255145073,s036
1,-0.026325643062591553,s036
1,-0.10965590178966522,s036
1,-0.18253937363624573,s036
1,-0.05973450466990471,s036
1,-0.17473405599594116,s036
1,-0.04153136909008026,s036
1,-0.030087271705269814,s036
1,-0.05468013137578964,s036
1,-0.0612664557993412,s036
1,-0.021180285140872,s036
1,-0.036322057247161865,s036
1,-0.06574758887290955,s036
1,-0.04682350531220436,s036
1,-0.04406660795211792,s036
1,-0.04407575726509094,s036
1,-0.08395970612764359,s036
1,-0.6108493804931641,s036
1,-0.023764707148075104,s036
1,-0.037528131157159805,s036
1,-0.05398587882518768,s036
1,-0.035380881279706955,s036
1,-0.019903741776943207,s036
1,-0.03387034684419632,s036
1,-0.02478785067796707,s036
1,-0.030834369361400604,s036
1,-0.04012218862771988,s036
1,-0.1176367700099945,s036
1,-0.18364179134368896,s036
1,-0.05676743760704994,s036
1,-0.08492302149534225,s036
1,-0.03164013847708702,s036
1,-0.05615335702896118,s036
1,-0.02293625846505165,s036
1,-0.21578127145767212,s036
1,-0.054460905492305756,s036
1,-0.022698773071169853,s036
1,-0.031242910772562027,s036
1,-0.03241950646042824,s036
1,-0.03646215796470642,s036
1,-0.029749644920229912,s036
1,-0.05427171662449837,s036
1,-0.11010649055242538,s036
1,-0.1603316366672516,s036
1,-0.03168720752000809,s036
1,-0.083894282579422,s036
1,-0.02778908610343933,s036
1,-0.046401116997003555,s036
1,-0.10818737000226974,s036
1,-0.03779866546392441,s036
1,-0.017079951241612434,s036
1,-0.04036616533994675,s036
1,-0.04227987304329872,s036
1,-0.03380396217107773,s036
1,-0.07977131754159927,s036
1,-0.027794361114501953,s036
1,-0.0400191955268383,s036
1,-0.054906949400901794,s036
1,-0.03105662576854229,s036
1,-0.014951233752071857,s036
1,-0.222575843334198,s036
1,-0.028193626552820206,s036
1,-0.015062645077705383,s036
1,-0.04475190490484238,s036
1,-0.02358447015285492,s036
1,-0.05042583495378494,s036
1,-0.06040413677692413,s036
1,-0.025757411494851112,s036
1,-0.019923020154237747,s036
1,-0.05334578454494476,s036
1,-0.055521558970212936,s036
1,-0.037601303309202194,s036
1,-0.030321024358272552,s036
1,-0.031570930033922195,s036
1,-0.07738059759140015,s036
1,-0.08806375414133072,s036
1,-0.03651304915547371,s036
0,-0.004111759830266237,s036
0,-0.010267024859786034,s036
0,-0.009501851163804531,s036
0,-0.021215545013546944,s036
0,-0.06293431669473648,s036
0,-0.026222780346870422,s036
0,-0.00719250924885273,s036
0,-0.03242996335029602,s036
0,-0.004277286119759083,s036
0,-0.013372299261391163,s036
0,-0.014478315599262714,s036
0,-0.00683602737262845,s036
0,-0.018128247931599617,s036
0,-0.04989473894238472,s036
0,-0.01655159704387188,s036
0,-0.021915536373853683,s036
0,-0.006490696687251329,s036
0,-0.01151279080659151,s036
0,-0.06980998069047928,s036
0,-0.004494469612836838,s036
0,-0.017867375165224075,s036
0,-0.0277575496584177,s036
0,-0.011037536896765232,s036
0,-0.01824697107076645,s036
0,-0.028538541868329048,s036
0,-0.010411052964627743,s036
0,-0.013655094429850578,s036
0,-0.018043849617242813,s036
0,-0.008654925972223282,s036
0,-0.028275873512029648,s036
0,-0.01553959958255291,s036
0,-0.01763509027659893,s036
0,-0.010798333212733269,s036
0,-0.1549655795097351,s036
0,-0.0057799615897238255,s036
0,-0.017273906618356705,s036
0,-0.020407550036907196,s036
0,-0.01082873810082674,s036
0,-0.007815840654075146,s036
0,-0.00741929467767477,s036
0,-0.009326889179646969,s036
0,-0.037467874586582184,s036
0,-0.003658240893855691,s036
0,-0.018555892631411552,s036
0,-0.01211829949170351,s036
0,-0.0171493086963892,s036
0,-0.0039353440515697,s036
0,-0.015105916187167168,s036
0,-0.010404091328382492,s036
0,-0.028024932369589806,s036
0,-0.03737158700823784,s036
0,-0.013484467752277851,s036
0,-0.04073530063033104,s036
0,-0.010570279322564602,s036
0,-0.030580589547753334,s036
0,-0.019942311570048332,s036
0,-0.025708163157105446,s036
0,-0.009580542333424091,s036
0,-0.016266752034425735,s036
0,-0.06249866262078285,s036
0,-0.00797944888472557,s036
0,-0.004907235968858004,s036
0,-0.07119110226631165,s036
0,-0.017244720831513405,s036
0,-0.01838766224682331,s036
0,-0.08436544239521027,s036
0,-0.01076222863048315,s036
0,-0.013937532901763916,s036
0,-0.019801663234829903,s036
0,-0.007377877831459045,s036
0,-0.038782499730587006,s036
0,-0.06192396208643913,s036
0,-0.01259058341383934,s036
0,-0.012454748153686523,s036
0,-0.008208065293729305,s036
0,-0.024829141795635223,s036
0,-0.0034259911626577377,s036
0,-0.009569418616592884,s036
0,-0.016572676599025726,s036
0,-0.041569676250219345,s036
0,-0.005426125135272741,s036
0,-0.009004700928926468,s036
0,-0.036210279911756516,s036
0,-0.013894530013203621,s036
0,-0.006699433550238609,s036
0,-0.008134645409882069,s036
0,-0.014483366161584854,s036
0,-0.010133632458746433,s036
0,-0.009077628143131733,s036
0,-0.008774328045547009,s036
0,-0.012475177645683289,s036
0,-0.01639421284198761,s036
0,-0.009081102907657623,s036
0,-0.024405431002378464,s036
0,-0.031938642263412476,s036
0,-0.06878852844238281,s036
0,-0.007928436622023582,s036
0,-0.02119833417236805,s036
0,-0.03909512981772423,s036
0,-0.06963848322629929,s036
0,-0.01016013603657484,s036
0,-0.004105383530259132,s036
0,-0.005281948484480381,s036
0,-0.004980200901627541,s036
0,-0.03627487272024155,s036
0,-0.00848735123872757,s036
0,-0.003882910590618849,s036
0,-0.0030460061971098185,s036
0,-0.00930417887866497,s036
0,-0.013226382434368134,s036
0,-0.09143570065498352,s036
0,-0.12207930535078049,s036
0,-0.003616803325712681,s036
0,-0.01123981922864914,s036
0,-0.011612831614911556,s036
0,-0.027661960572004318,s036
0,-0.013924813829362392,s036
0,-0.01276294607669115,s036
0,-0.009897860698401928,s036
0,-0.03431854769587517,s036
0,-0.015416552312672138,s036
0,-0.029896050691604614,s036
0,-0.010783865116536617,s036
0,-0.01599220000207424,s036
0,-0.03096677176654339,s036
0,-0.009960776194930077,s036
0,-0.009402589872479439,s036
0,-0.030413862317800522,s036
0,-0.028214501217007637,s036
0,-0.010039749555289745,s036
0,-0.010029585100710392,s036
0,-0.012952089309692383,s036
0,-0.020436067134141922,s036
0,-0.015574829652905464,s036
0,-0.010963954031467438,s036
0,-0.00827333889901638,s036
0,-0.01035735197365284,s036
0,-0.007023525889962912,s036
0,-0.015394780784845352,s036
0,-0.019088255241513252,s036
0,-0.04040585830807686,s036
0,-0.0804455503821373,s036
0,-0.0031803552992641926,s036
0,-0.09121078997850418,s036
0,-0.022404450923204422,s036
0,-0.01136045716702938,s036
0,-0.010002371855080128,s036
0,-0.009173723869025707,s036
0,-0.022398311644792557,s036
0,-0.07034070044755936,s036
0,-0.013841608539223671,s036
0,-0.04957210645079613,s036
0,-0.005163449794054031,s036
0,-0.009479830972850323,s036
0,-0.008936122991144657,s036
0,-0.008193864487111568,s036
0,-0.019973857328295708,s036
0,-0.0086970878764987,s036
0,-0.0242923516780138,s036
0,-0.015093207359313965,s036
0,-0.05403959006071091,s036
0,-0.016390779986977577,s036
0,-0.01230443362146616,s036
0,-0.006090020760893822,s036
0,-0.015179278329014778,s036
0,-0.011806933209300041,s036
0,-0.09545663744211197,s036
0,-0.01526462659239769,s036
0,-0.011736255139112473,s036
0,-0.012268571183085442,s036
0,-0.007824948988854885,s036
0,-0.023297704756259918,s036
0,-0.028605954721570015,s036
0,-0.020151052623987198,s036
0,-0.025565005838871002,s036
0,-0.009671838022768497,s036
0,-0.01860460825264454,s036
0,-0.0050279139541089535,s036
0,-0.061171311885118484,s036
0,-0.006649337243288755,s036
0,-0.009969501756131649,s036
0,-0.020836180076003075,s036
0,-0.014404967427253723,s036
0,-0.015844879671931267,s036
0,-0.03271664306521416,s036
0,-0.04696311056613922,s036
0,-0.010295799002051353,s036
0,-0.04657970368862152,s036
0,-0.013249981217086315,s036
0,-0.018749358132481575,s036
0,-0.011979913339018822,s036
0,-0.010543200187385082,s036
0,-0.013123101554811,s036
0,-0.009139149449765682,s036
0,-0.03055402636528015,s036
0,-0.018675265833735466,s036
0,-0.004144663922488689,s036
0,-0.03297349065542221,s036
0,-0.008200540207326412,s036
0,-0.03051474317908287,s036
1,-0.034640152007341385,s037
1,-0.021141059696674347,s037
1,-0.004438998177647591,s037
1,-0.00764100905507803,s037
1,-0.019584164023399353,s037
1,-0.00474003329873085,s037
1,-0.0024363715201616287,s037
1,-0.009644624777138233,s037
1,-0.011403264477849007,s037
1,-0.0210256390273571,s037
1,-0.0069296169094741344,s037
1,-0.0075529045425355434,s037
1,-0.008511665277183056,s037
1,-0.005906980484724045,s037
1,-0.006675704848021269,s037
1,-0.010607540607452393,s037
1,-0.015327487140893936,s037
1,-0.03365093469619751,s037
1,-0.049261853098869324,s037
1,-0.005261038895696402,s037
1,-0.01865941286087036,s037
1,-0.033815428614616394,s037
1,-0.010150332935154438,s037
1,-0.020026791840791702,s037
1,-0.008231285028159618,s037
1,-0.015261102467775345,s037
1,-0.02261975407600403,s037
1,-0.004831364378333092,s037
1,-0.009908613748848438,s037
1,-0.012271340936422348,s037
1,-0.009183013811707497,s037
1,-0.02892421931028366,s037
1,-0.006543179042637348,s037
1,-0.015530664473772049,s037
1,-0.005201226100325584,s037
1,-0.009633484296500683,s037
1,-0.08232564479112625,s037
1,-0.02313362993299961,s037
1,-0.011889480985701084,s037
1,-0.007468732073903084,s037
1,-0.01560706365853548,s037
1,-0.0024472831282764673,s037
1,-0.052324388176202774,s037
1,-0.0035286834463477135,s037
1,-0.00276548252440989,s037
1,-0.004789823200553656,s037
1,-0.0050279139541089535,s037
1,-0.03435475379228592,s037
1,-0.005884532351046801,s037
1,-0.014222458004951477,s037
1,-0.02251642756164074,s037
1,-0.004812484607100487,s037
1,-0.006136059295386076,s037
1,-0.009992974810302258,s037
1,-0.03503309190273285,s037
1,-0.01259058341383934,s037
1,-0.02161400392651558,s037
1,-0.004858603700995445,s037
1,-0.007038264535367489,s037
1,-0.02653081715106964,s037
1,-0.014177266508340836,s037
1,-0.011680843308568,s037
1,-0.015080016106367111,s037
1,-0.010206256993114948,s037
1,-0.013062670826911926,s037
1,-0.008611399680376053,s037
1,-0.001796047668904066,s037
1,-0.008078538812696934,s037
1,-0.0416431650519371,s037
1,-0.030445490032434464,s037
1,-0.021908091381192207,s037
1,-0.007729690987616777,s037
1,-0.004957733675837517,s037
1,-0.029685398563742638,s037
1,-0.00408930005505681,s037
1,-0.031428202986717224,s037
1,-0.019088255241513252,s037
1,-0.018304960802197456,s037
1,-0.005777629092335701,s037
1,-0.0422850102186203,s037
1,-0.005299992393702269,s037
1,-0.005996791645884514,s037
1,-0.01204995159059763,s037
1,-0.013915834948420525,s037
1,-0.005090747959911823,s037
1,-0.013833967968821526,s037
1,-0.008659555576741695,s037
1,-0.01842053234577179,s037
1,-0.005001350771635771,s037
1,-0.008312582038342953,s037
1,-0.004297754727303982,s037
1,-0.012263154610991478,s037
1,-0.013010171242058277,s037
1,-0.006895825732499361,s037
1,-0.028342800214886665,s037
1,-0.015331802889704704,s037
1,-0.0037030247040092945,s037
1,-0.006713775917887688,s037
1,-0.00797944888472557,s037
1,-0.006968515459448099,s037
1,-0.0037918714806437492,s037
1,-0.01242984551936388,s037
1,-0.009272375144064426,s037
1,-0.043381378054618835,s037
1,-0.011341456323862076,s037
1,-0.0100126713514328,s037
1,-0.021003343164920807,s037
1,-0.008765902370214462,s037
1,-0.007493240293115377,s037
1,-0.013375913724303246,s037
1,-0.0043688747100532055,s037
1,-0.0031885281205177307,s037
1,-0.004104546271264553,s037
1,-0.02258526161313057,s037
1,-0.007551310583949089,s037
1,-0.009868972934782505,s037
1,-0.010628748685121536,s037
1,-0.0036029256880283356,s037
1,-0.010159566067159176,s037
1,-0.006916633807122707,s037
1,-0.026629827916622162,s037
1,-0.05490567162632942,s037
1,-0.009146785363554955,s037
1,-0.03830232843756676,s037
1,-0.01273869164288044,s037
1,-0.010411456227302551,s037
1,-0.032569218426942825,s037
1,-0.03361823782324791,s037
1,-0.00691081490367651,s037
1,-0.02668757550418377,s037
1,-0.018374793231487274,s037
1,-0.02297990582883358,s037
1,-0.007060234900563955,s037
1,-0.007184729911386967,s037
1,-0.016191283240914345,s037
1,-0.0025898152962327003,s037
1,-0.010988202877342701,s037
1,-0.006378264166414738,s037
1,-0.0027269939891994,s037
1,-0.020095929503440857,s037
1,-0.007624861318618059,s037
1,-0.019017530605196953,s037
1,-0.01968972571194172,s037
1,-0.006689225789159536,s037
1,-0.01507122814655304,s037
1,-0.010150703601539135,s037
1,-0.013272840529680252,s037
1,-0.008482146076858044,s037
1,-0.011631405912339687,s037
1,-0.009222045540809631,s037
1,-0.024497460573911667,s037
1,-0.005984517280012369,s037
1,-0.003265736158937216,s037
1,-0.01508338749408722,s037
1,-0.015410150401294231,s037
1,-0.01916312985122204,s037
1,-0.004561541602015495,s037
1,-0.0102211469784379,s037
1,-0.021443793550133705,s037
1,-0.008779959753155708,s037
1,-0.0043676188215613365,s037
1,-0.017231114208698273,s037
1,-0.0071961539797484875,s037
1,-0.013698207214474678,s037
1,-0.018849067389965057,s037
1,-0.007869916968047619,s037
1,-0.006139134056866169,s037
1,-0.01030411384999752,s037
1,-0.0069977534003555775,s037
1,-0.01330166682600975,s037
1,-0.019794350489974022,s037
1,-0.015455071814358234,s037
1,-0.0055891769006848335,s037
1,-0.020607393234968185,s037
1,-0.01234147883951664,s037
1,-0.0173441544175148,s037
1,-0.006213253829628229,s037
1,-0.00613020732998848,s037
1,-0.004440737422555685,s037
1,-0.02507035806775093,s037
1,-0.022590208798646927,s037
1,-0.011568676680326462,s037
1,-0.01749441586434841,s037
1,-0.009048576466739178,s037
1,-0.008371463045477867,s037
1,-0.00409054895862937,s037
1,-0.008530964143574238,s037
1,-0.014978446997702122,s037
1,-0.004434278234839439,s037
1,-0.004111759830266237,s037
1,-0.009294726885855198,s037
1,-0.005299537908285856,s037
1,-0.017200186848640442,s037
1,-0.025461547076702118,s037
1,-0.013557212427258492,s037
1,-0.020888444036245346,s037
1,-0.005164088681340218,s037
1,-0.013749198988080025,s037
1,-0.03434368968009949,s037
1,-0.006423453334718943,s037
0,-0.06040413677692413,s037
0,-0.010267024859786034,s037
0,-0.009501851163804531,s037
0,-0.021215545013546944,s037
0,-0.06293431669473648,s037
0,-0.026222780346870422,s037
0,-0.00719250924885273,s037
0,-0.04791335016489029,s037
0,-0.004277286119759083,s037
0,-0.013372299261391163,s037
0,-0.014478315599262714,s037
0,-0.00683602737262845,s037
0,-0.018128247931599617,s037
0,-0.04989473894238472,s037
0,-0.01655159704387188,s037
0,-0.021915536373853683,s037
0,-0.006490696687251329,s037
0,-0.01151279080659151,s037
0,-0.06980998069047928,s037
0,-0.004494469612836838,s037
0,-0.017867375165224075,s037
0,-0.0277575496584177,s037
0,-0.011037536896765232,s037
0,-0.01824697107076645,s037
0,-0.028538541868329048,s037
0,-0.010411052964627743,s037
0,-0.013655094429850578,s037
0,-0.018043849617242813,s037
0,-0.030407501384615898,s037
0,-0.028275873512029648,s037
0,-0.01553959958255291,s037
0,-0.01763509027659893,s037
0,-0.010798333212733269,s037
0,-0.1549655795097351,s037
0,-0.0057799615897238255,s037
0,-0.017273906618356705,s037
0,-0.020407550036907196,s037
0,-0.01082873810082674,s037
0,-0.007815840654075146,s037
0,-0.00741929467767477,s037
0,-0.009326889179646969,s037
0,-0.037467874586582184,s037
0,-0.003658240893855691,s037
0,-0.018555892631411552,s037
0,-0.01211829949170351,s037
0,-0.0171493086963892,s037
0,-0.0039353440515697,s037
0,-0.015105916187167168,s037
0,-0.010404091328382492,s037
0,-0.028024932369589806,s037
0,-0.03737158700823784,s037
0,-0.013484467752277851,s037
0,-0.04073530063033104,s037
0,-0.010570279322564602,s037
0,-0.030580589547753334,s037
0,-0.019942311570048332,s037
0,-0.025708163157105446,s037
0,-0.009580542333424091,s037
0,-0.016266752034425735,s037
0,-0.06249866262078285,s037
0,-0.033250514417886734,s037
0,-0.004907235968858004,s037
0,-0.07119110226631165,s037
0,-0.017244720831513405,s037
0,-0.01838766224682331,s037
0,-0.08436544239521027,s037
0,-0.01076222863048315,s037
0,-0.013937532901763916,s037
0,-0.019801663234829903,s037
0,-0.007377877831459045,s037
0,-0.038782499730587006,s037
0,-0.06192396208643913,s037
0,-0.07352923601865768,s037
0,-0.012454748153686523,s037
0,-0.008208065293729305,s037
0,-0.024829141795635223,s037
0,-0.0034259911626577377,s037
0,-0.009569418616592884,s037
0,-0.016572676599025726,s037
0,-0.041569676250219345,s037
0,-0.005426125135272741,s037
0,-0.009004700928926468,s037
0,-0.036210279911756516,s037
0,-0.013894530013203621,s037
0,-0.006699433550238609,s037
0,-0.008134645409882069,s037
0,-0.014483366161584854,s037
0,-0.010133632458746433,s037
0,-0.009077628143131733,s037
0,-0.008774328045547009,s037
0,-0.012475177645683289,s037
0,-0.01639421284198761,s037
0,-0.009081102907657623,s037
0,-0.024405431002378464,s037
0,-0.031938642263412476,s037
0,-0.06878852844238281,s037
0,-0.007928436622023582,s037
0,-0.02119833417236805,s037
0,-0.03909512981772423,s037
0,-0.06963848322629929,s037
0,-0.01016013603657484,s037
0,-0.004105383530259132,s037
0,-0.005281948484480381,s037
0,-0.004980200901627541,s037
0,-0.03627487272024155,s037
0,-0.00848735123872757,s037
0,-0.003882910590618849,s037
0,-0.0030460061971098185,s037
0,-0.00930417887866497,s037
0,-0.013226382434368134,s037
0,-0.09143570065498352,s037
0,-0.12207930535078049,s037
0,-0.09453354775905609,s037
0,-0.01123981922864914,s037
0,-0.011612831614911556,s037
0,-0.027661960572004318,s037
0,-0.013924813829362392,s037
0,-0.01276294607669115,s037
0,-0.009897860698401928,s037
0,-0.03431854769587517,s037
0,-0.015416552312672138,s037
0,-0.029896050691604614,s037
0,-0.010783865116536617,s037
0,-0.01599220000207424,s037
0,-0.03096677176654339,s037
0,-0.009960776194930077,s037
0,-0.009402589872479439,s037
0,-0.030413862317800522,s037
0,-0.028214501217007637,s037
0,-0.010039749555289745,s037
0,-0.010029585100710392,s037
0,-0.012952089309692383,s037
0,-0.020436067134141922,s037
0,-0.015574829652905464,s037
0,-0.06299743056297302,s037
0,-0.00827333889901638,s037
0,-0.01035735197365284,s037
0,-0.007023525889962912,s037
0,-0.015394780784845352,s037
0,-0.03484034165740013,s037
0,-0.04040585830807686,s037
0,-0.0804455503821373,s037
0,-0.0031803552992641926,s037
0,-0.09121078997850418,s037
0,-0.022404450923204422,s037
0,-0.01136045716702938,s037
0,-0.010002371855080128,s037
0,-0.009173723869025707,s037
0,-0.022398311644792557,s037
0,-0.07034070044755936,s037
0,-0.013841608539223671,s037
0,-0.04957210645079613,s037
0,-0.005163449794054031,s037
0,-0.009479830972850323,s037
0,-0.008936122991144657,s037
0,-0.008193864487111568,s037
0,-0.019973857328295708,s037
0,-0.0086970878764987,s037
0,-0.0242923516780138,s037
0,-0.015093207359313965,s037
0,-0.05403959006071091,s037
0,-0.016390779986977577,s037
0,-0.01230443362146616,s037
0,-0.006090020760893822,s037
0,-0.015179278329014778,s037
0,-0.011806933209300041,s037
0,-0.09545663744211197,s037
0,-0.01526462659239769,s037
0,-0.011736255139112473,s037
0,-0.012268571183085442,s037
0,-0.007824948988854885,s037
0,-0.023297704756259918,s037
0,-0.028605954721570015,s037
0,-0.02794646844267845,s037
0,-0.025565005838871002,s037
0,-0.009671838022768497,s037
0,-0.01860460825264454,s037
0,-0.10954973846673965,s037
0,-0.061171311885118484,s037
0,-0.006649337243288755,s037
0,-0.009969501756131649,s037
0,-0.020836180076003075,s037
0,-0.014404967427253723,s037
0,-0.015844879671931267,s037
0,-0.03271664306521416,s037
0,-0.04696311056613922,s037
0,-0.010295799002051353,s037
0,-0.04657970368862152,s037
0,-0.013249981217086315,s037
0,-0.018749358132481575,s037
0,-0.011979913339018822,s037
0,-0.04392971098423004,s037
0,-0.013123101554811,s037
0,-0.009139149449765682,s037
0,-0.03055402636528015,s037
0,-0.018675265833735466,s037
0,-0.004144663922488689,s037
0,-0.03297349065542221,s037
0,-0.008200540207326412,s037
0,-0.03051474317908287,s037
1,-0.012669171206653118,s038
1,-0.0027829292230308056,s038
1,-0.00830357987433672,s038
1,-0.009068388491868973,s038
1,-0.017847228795289993,s038
1,-0.01788942888379097,s038
1,-0.007581978105008602,s038
1,-0.014679540880024433,s038
1,-0.017811467871069908,s038
1,-0.006136126816272736,s038
1,-0.027896560728549957,s038
1,-0.01727183535695076,s038
1,-0.007765393238514662,s038
1,-0.00773969478905201,s038
1,-0.016399718821048737,s038
1,-0.03163182735443115,s038
1,-0.019646432250738144,s038
1,-0.011240508407354355,s038
1,-0.08601972460746765,s038
1,-0.07383304089307785,s038
1,-0.006798446178436279,s038
1,-0.005893903784453869,s038
1,-0.018054386600852013,s038
1,-0.012543078511953354,s038
1,-0.07072696089744568,s038
1,-0.009222661145031452,s038
1,-0.04021508991718292,s038
1,-0.016078824177384377,s038
1,-0.0077147758565843105,s038
1,-0.003424779511988163,s038
1,-0.0063913906924426556,s038
1,-0.011994709260761738,s038
1,-0.0052794101648032665,s038
1,-0.013419041410088539,s038
1,-0.009861934930086136,s038
1,-0.005382218398153782,s038
1,-0.007489798124879599,s038
1,-0.011497650295495987,s038
1,-0.006379878148436546,s038
1,-0.006447094026952982,s038
1,-0.006898096762597561,s038
1,-0.013713764026761055,s038
1,-0.005204528104513884,s038
1,-0.017721444368362427,s038
1,-0.006524123251438141,s038
1,-0.006411844864487648,s038
1,-0.00950105581432581,s038
1,-0.01701628975570202,s038
1,-0.0039207362569868565,s038
1,-0.010388124734163284,s038
1,-0.03299185633659363,s038
1,-0.0875588059425354,s038
1,-0.006008044816553593,s038
1,-0.014666467905044556,s038
1,-0.00869780220091343,s038
1,-0.013513453304767609,s038
1,-0.010698710568249226,s038
1,-0.017080457881093025,s038
1,-0.02658841758966446,s038
1,-0.016572676599025726,s038
1,-0.006472626700997353,s038
1,-0.04822219908237457,s038
1,-0.04996740445494652,s038
1,-0.008803799748420715,s038
1,-0.009125893004238605,s038
1,-0.010730907320976257,s038
1,-0.03689394146203995,s038
1,-0.009899787604808807,s038
1,-0.008119437843561172,s038
1,-0.008763601072132587,s038
1,-0.004802545998245478,s038
1,-0.008335258811712265,s038
1,-0.015419097617268562,s038
1,-0.021740488708019257,s038
1,-0.02886880747973919,s038
1,-0.030887726694345474,s038
1,-0.02028956264257431,s038
1,-0.011894144117832184,s038
1,-0.014908703044056892,s038
1,-0.009702709503471851,s038
1,-0.009666236117482185,s038
1,-0.005191486328840256,s038
1,-0.0053739058785140514,s038
1,-0.00596307497471571,s038
1,-0.017143134027719498,s038
1,-0.014188460074365139,s038
1,-0.010376942344009876,s038
1,-0.008345390670001507,s038
1,-0.012580606155097485,s038
1,-0.019053863361477852,s038
1,-0.0089906370267272,s038
1,-0.0028034336864948273,s038
1,-0.007823473773896694,s038
1,-0.009757430292665958,s038
1,-0.10869750380516052,s038
1,-0.005540103651583195,s038
1,-0.005144953727722168,s038
1,-0.005255154799669981,s038
1,-0.024806352332234383,s038
1,-0.013378770090639591,s038
1,-0.020333606749773026,s038
1,-0.003383494447916746,s038
1,-0.015212318859994411,s038
1,-0.014316754415631294,s038
1,-0.00902392528951168,s038
1,-0.007903128862380981,s038
1,-0.004366164095699787,s038
1,-0.005570957437157631,s038
1,-0.04458918422460556,s038
1,-0.007604931015521288,s038
1,-0.007789975963532925,s038
1,-0.013055793941020966,s038
1,-0.007297861855477095,s038
1,-0.01058745663613081,s038
1,-0.021192438900470734,s038
1,-0.004539981484413147,s038
1,-0.005768890026956797,s038
1,-0.022228866815567017,s038
1,-0.0055833300575613976,s038
1,-0.016873054206371307,s038
1,-0.0618356391787529,s038
1,-0.021968524903059006,s038
1,-0.012063095346093178,s038
1,-0.0054600657895207405,s038
1,-0.04027889668941498,s038
1,-0.01710996776819229,s038
1,-0.008899252861738205,s038
1,-0.01378017757087946,s038
1,-0.009706401266157627,s038
1,-0.010634064674377441,s038
1,-0.02145756408572197,s038
1,-0.006613227538764477,s038
1,-0.0038620000705122948,s038
1,-0.009036543779075146,s038
1,-0.006197175942361355,s038
1,-0.0020554019138216972,s038
1,-0.00626419298350811,s038
1,-0.02132859081029892,s038
1,-0.03138091042637825,s038
1,-0.017913924530148506,s038
1,-0.010303448885679245,s038
1,-0.032440200448036194,s038
1,-0.004545281175523996,s038
1,-0.01618173159658909,s038
1,-0.014551106840372086,s038
1,-0.0073699792847037315,s038
1,-0.012292413972318172,s038
1,-0.009364194236695766,s038
1,-0.004942797590047121,s038
1,-0.006645138841122389,s038
1,-0.018466420471668243,s038
1,-0.03470374643802643,s038
1,-0.013887215405702591,s038
1,-0.03182339668273926,s038
1,-0.016429446637630463,s038
1,-0.017795128747820854,s038
1,-0.019027266651391983,s038
1,-0.010981439612805843,s038
1,-0.012149767950177193,s038
1,-0.005899874027818441,s038
1,-0.0186271071434021,s038
1,-0.012086539529263973,s038
1,-0.02418450452387333,s038
1,-0.02685648575425148,s038
1,-0.04295553267002106,s038
1,-0.008163642138242722,s038
1,-0.006746796425431967,s038
1,-0.03324749693274498,s038
1,-0.004280975088477135,s038
1,-0.0029399136546999216,s038
1,-0.013154110871255398,s038
1,-0.015656152740120888,s038
1,-0.0245816707611084,s038
1,-0.011045476421713829,s038
1,-0.027699310332536697,s038
1,-0.01319119893014431,s038
1,-0.018555840477347374,s038
1,-0.009488243609666824,s038
1,-0.016740117222070694,s038
1,-0.009456416592001915,s038
1,-0.021417807787656784,s038
1,-0.04749288782477379,s038
1,-0.004783522803336382,s038
1,-0.07586854696273804,s038
1,-0.012485450133681297,s038
1,-0.019050421193242073,s038
1,-0.021598463878035545,s038
1,-0.07976042479276657,s038
1,-0.010653993114829063,s038
1,-0.009448571130633354,s038
1,-0.004333111457526684,s038
1,-0.003538762219250202,s038
1,-0.011156336404383183,s038
1,-0.018539294600486755,s038
1,-0.007483823224902153,s038
1,-0.005014707334339619,s038
1,-0.00658276304602623,s038
1,-0.0053803022019565105,s038
1,-0.016262933611869812,s038
1,-0.018727125599980354,s038
0,-0.06040413677692413,s038
0,-0.010267024859786034,s038
0,-0.009501851163804531,s038
0,-0.021215545013546944,s038
0,-0.06293431669473648,s038
0,-0.026222780346870422,s038
0,-0.00719250924885273,s038
0,-0.04791335016489029,s038
0,-0.004277286119759083,s038
0,-0.013372299261391163,s038
0,-0.014478315599262714,s038
0,-0.008399523794651031,s038
0,-0.018128247931599617,s038
0,-0.04989473894238472,s038
0,-0.01655159704387188,s038
0,-0.021915536373853683,s038
0,-0.006490696687251329,s038
0,-0.01151279080659151,s038
0,-0.06980998069047928,s038
0,-0.004494469612836838,s038
0,-0.017867375165224075,s038
0,-0.0277575496584177,s038
0,-0.011037536896765232,s038
0,-0.01824697107076645,s038
0,-0.028538541868329048,s038
0,-0.010411052964627743,s038
0,-0.013655094429850578,s038
0,-0.018043849617242813,s038
0,-0.030407501384615898,s038
0,-0.028275873512029648,s038
0,-0.01553959958255291,s038
0,-0.01763509027659893,s038
0,-0.010798333212733269,s038
0,-0.1549655795097351,s038
0,-0.0057799615897238255,s038
0,-0.017273906618356705,s038
0,-0.020407550036907196,s038
0,-0.01082873810082674,s038
0,-0.007815840654075146,s038
0,-0.00741929467767477,s038
0,-0.009326889179646969,s038
0,-0.037467874586582184,s038
0,-0.003658240893855691,s038
0,-0.018555892631411552,s038
0,-0.01211829949170351,s038
0,-0.0171493086963892,s038
0,-0.0039353440515697,s038
0,-0.015105916187167168,s038
0,-0.010404091328382492,s038
0,-0.028024932369589806,s038
0,-0.03737158700823784,s038
0,-0.013484467752277851,s038
0,-0.04073530063033104,s038
0,-0.010570279322564602,s038
0,-0.030580589547753334,s038
0,-0.019942311570048332,s038
0,-0.025708163157105446,s038
0,-0.009580542333424091,s038
0,-0.016266752034425735,s038
0,-0.06249866262078285,s038
0,-0.033250514417886734,s038
0,-0.004907235968858004,s038
0,-0.07119110226631165,s038
0,-0.017244720831513405,s038
0,-0.01838766224682331,s038
0,-0.08436544239521027,s038
0,-0.01076222863048315,s038
0,-0.013937532901763916,s038
0,-0.019801663234829903,s038
0,-0.007377877831459045,s038
0,-0.038782499730587006,s038
0,-0.06192396208643913,s038
0,-0.07352923601865768,s038
0,-0.012454748153686523,s038
0,-0.008208065293729305,s038
0,-0.024829141795635223,s038
0,-0.0034259911626577377,s038
0,-0.009569418616592884,s038
0,-0.02653081715106964,s038
0,-0.041569676250219345,s038
0,-0.005426125135272741,s038
0,-0.009004700928926468,s038
0,-0.036210279911756516,s038
0,-0.013894530013203621,s038
0,-0.006699433550238609,s038
0,-0.008134645409882069,s038
0,-0.014483366161584854,s038
0,-0.010133632458746433,s038
0,-0.009077628143131733,s038
0,-0.008774328045547009,s038
0,-0.012475177645683289,s038
0,-0.01639421284198761,s038
0,-0.009081102907657623,s038
0,-0.024405431002378464,s038
0,-0.031938642263412476,s038
0,-0.06878852844238281,s038
0,-0.007928436622023582,s038
0,-0.02119833417236805,s038
0,-0.03909512981772423,s038
0,-0.06963848322629929,s038
0,-0.01016013603657484,s038
0,-0.004105383530259132,s038
0,-0.005281948484480381,s038
0,-0.004980200901627541,s038
0,-0.03627487272024155,s038
0,-0.00848735123872757,s038
0,-0.003882910590618849,s038
0,-0.0030460061971098185,s038
0,-0.00930417887866497,s038
0,-0.013226382434368134,s038
0,-0.09143570065498352,s038
0,-0.12207930535078049,s038
0,-0.09453354775905609,s038
0,-0.01123981922864914,s038
0,-0.011612831614911556,s038
0,-0.027661960572004318,s038
0,-0.013924813829362392,s038
0,-0.01276294607669115,s038
0,-0.009897860698401928,s038
0,-0.03431854769587517,s038
0,-0.015416552312672138,s038
0,-0.029896050691604614,s038
0,-0.010783865116536617,s038
0,-0.01599220000207424,s038
0,-0.03096677176654339,s038
0,-0.009960776194930077,s038
0,-0.009402589872479439,s038
0,-0.030413862317800522,s038
0,-0.028214501217007637,s038
0,-0.010039749555289745,s038
0,-0.010029585100710392,s038
0,-0.012952089309692383,s038
0,-0.020436067134141922,s038
0,-0.004085477441549301,s038
0,-0.06299743056297302,s038
0,-0.00827333889901638,s038
0,-0.01035735197365284,s038
0,-0.007023525889962912,s038
0,-0.015394780784845352,s038
0,-0.03484034165740013,s038
0,-0.04040585830807686,s038
0,-0.0804455503821373,s038
0,-0.0031803552992641926,s038
0,-0.09121078997850418,s038
0,-0.022404450923204422,s038
0,-0.01136045716702938,s038
0,-0.010002371855080128,s038
0,-0.009173723869025707,s038
0,-0.022398311644792557,s038
0,-0.07034070044755936,s038
0,-0.013841608539223671,s038
0,-0.04957210645079613,s038
0,-0.005163449794054031,s038
0,-0.009479830972850323,s038
0,-0.008936122991144657,s038
0,-0.008193864487111568,s038
0,-0.019973857328295708,s038
0,-0.0086970878764987,s038
0,-0.0242923516780138,s038
0,-0.015093207359313965,s038
0,-0.05403959006071091,s038
0,-0.016390779986977577,s038
0,-0.01230443362146616,s038
0,-0.006090020760893822,s038
0,-0.015179278329014778,s038
0,-0.011806933209300041,s038
0,-0.09545663744211197,s038
0,-0.01526462659239769,s038
0,-0.011736255139112473,s038
0,-0.012268571183085442,s038
0,-0.007824948988854885,s038
0,-0.023297704756259918,s038
0,-0.028605954721570015,s038
0,-0.02794646844267845,s038
0,-0.025565005838871002,s038
0,-0.009671838022768497,s038
0,-0.01860460825264454,s038
0,-0.10954973846673965,s038
0,-0.061171311885118484,s038
0,-0.006649337243288755,s038
0,-0.009969501756131649,s038
0,-0.020836180076003075,s038
0,-0.014404967427253723,s038
0,-0.015844879671931267,s038
0,-0.03271664306521416,s038
0,-0.04696311056613922,s038
0,-0.010295799002051353,s038
0,-0.04657970368862152,s038
0,-0.013249981217086315,s038
0,-0.018749358132481575,s038
0,-0.011339160613715649,s038
0,-0.04392971098423004,s038
0,-0.013123101554811,s038
0,-0.009139149449765682,s038
0,-0.03055402636528015,s038
0,-0.018675265833735466,s038
0,-0.004144663922488689,s038
0,-0.03297349065542221,s038
0,-0.008200540207326412,s038
0,-0.03051474317908287,s038
1,-0.05095696449279785,s039
1,-0.008437837474048138,s039
1,-0.010541781783103943,s039
1,-0.03771377354860306,s039
1,-0.019408458843827248,s039
1,-0.03810351714491844,s039
1,-0.0613827258348465,s039
1,-0.06533410400152206,s039
1,-0.028595397248864174,s039
1,-0.017010031268000603,s039
1,-0.02827494964003563,s039
1,-0.03303074464201927,s039
1,-0.023184100165963173,s039
1,-0.014999394305050373,s039
1,-0.03645562008023262,s039
1,-0.014250108040869236,s039
1,-0.020055748522281647,s039
1,-0.02345993183553219,s039
1,-0.013223185203969479,s039
1,-0.017371006309986115,s039
1,-0.019531937316060066,s039
1,-0.009984276257455349,s039
1,-0.04597175866365433,s039
1,-0.007329066749662161,s039
1,-0.013041969388723373,s039
1,-0.009721571579575539,s039
1,-0.022696252912282944,s039
1,-0.016106555238366127,s039
1,-0.008144937455654144,s039
1,-0.06509837508201599,s039
1,-0.025930972769856453,s039
1,-0.046129681169986725,s039
1,-0.004621969535946846,s039
1,-0.02094394713640213,s039
1,-0.020407550036907196,s039
1,-0.022043630480766296,s039
1,-0.016351737082004547,s039
1,-0.005263442173600197,s039
1,-0.01234655175358057,s039
1,-0.025326699018478394,s039
1,-0.007997318170964718,s039
1,-0.013049138709902763,s039
1,-0.006812077946960926,s039
1,-0.032821815460920334,s039
1,-0.013493146747350693,s039
1,-0.006890302523970604,s039
1,-0.056559138000011444,s039
1,-0.017386117950081825,s039
1,-0.015203922986984253,s039
1,-0.009490014985203743,s039
1,-0.07045143842697144,s039
1,-0.03719358891248703,s039
1,-0.025674451142549515,s039
1,-0.030044177547097206,s039
1,-0.04286780580878258,s039
1,-0.00948289129883051,s039
1,-0.02049827389419079,s039
1,-0.023590900003910065,s039
1,-0.024715272709727287,s039
1,-0.024073606356978416,s039
1,-0.008295271545648575,s039
1,-0.06281168013811111,s039
1,-0.03703128919005394,s039
1,-0.032885707914829254,s039
1,-0.0477462112903595,s039
1,-0.003188320202752948,s039
1,-0.03975320979952812,s039
1,-0.025708163157105446,s039
1,-0.02704724483191967,s039
1,-0.014649912714958191,s039
1,-0.00583796389400959,s039
1,-0.00876392237842083,s039
1,-0.03506912291049957,s039
1,-0.034877799451351166,s039
1,-0.020198775455355644,s039
1,-0.027665309607982635,s039
1,-0.036467716097831726,s039
1,-0.021053636446595192,s039
1,-0.00840840395539999,s039
1,-0.034074652940034866,s039
1,-0.016328439116477966,s039
1,-0.01978696696460247,s039
1,-0.017796581611037254,s039
1,-0.008270341902971268,s039
1,-0.022036220878362656,s039
1,-0.03534846007823944,s039
1,-0.026942439377307892,s039
1,-0.060658473521471024,s039
1,-0.015258731320500374,s039
1,-0.013517778366804123,s039
1,-0.016306646168231964,s039
1,-0.00970788486301899,s039
1,-0.010630442760884762,s039
1,-0.025275196880102158,s039
1,-0.05369528383016586,s039
1,-0.007968645542860031,s039
1,-0.019113948568701744,s039
1,-0.050446849316358566,s039
1,-0.008860602974891663,s039
1,-0.016169283539056778,s039
1,-0.022816572338342667,s039
1,-0.0328395739197731,s039
1,-0.02517831139266491,s039
1,-0.011251451447606087,s039
1,-0.01250380091369152,s039
1,-0.036771319806575775,s039
1,-0.010002371855080128,s039
1,-0.011844515800476074,s039
1,-0.003949493169784546,s039
1,-0.03053225763142109,s039
1,-0.010538311675190926,s039
1,-0.008797641843557358,s039
1,-0.004167444538325071,s039
1,-0.015913769602775574,s039
1,-0.017688050866127014,s039
1,-0.018554631620645523,s039
1,-0.05690984055399895,s039
1,-0.01687709055840969,s039
1,-0.008077166974544525,s039
1,-0.008898441679775715,s039
1,-0.04979921877384186,s039
1,-0.044198427349328995,s039
1,-0.03441374748945236,s039
1,-0.013390638865530491,s039
1,-0.01088525541126728,s039
1,-0.032054781913757324,s039
1,-0.006953313015401363,s039
1,-0.008775661699473858,s039
1,-0.06843190640211105,s039
1,-0.010674413293600082,s039
1,-0.005331999622285366,s039
1,-0.020527752116322517,s039
1,-0.009521438740193844,s039
1,-0.0357070192694664,s039
1,-0.006954993586987257,s039
1,-0.017544010654091835,s039
1,-0.00710762944072485,s039
1,-0.008342304266989231,s039
1,-0.02496016025543213,s039
1,-0.027525218203663826,s039
1,-0.010488074272871017,s039
1,-0.018795549869537354,s039
1,-0.01343638077378273,s039
1,-0.03466857597231865,s039
1,-0.02262277342379093,s039
1,-0.005610054358839989,s039
1,-0.007428335025906563,s039
1,-0.016801320016384125,s039
1,-0.06587237864732742,s039
1,-0.007452336605638266,s039
1,-0.02124706655740738,s039
1,-0.05768875777721405,s039
1,-0.01008015125989914,s039
1,-0.018791519105434418,s039
1,-0.03925647586584091,s039
1,-0.014792420901358128,s039
1,-0.005878329277038574,s039
1,-0.00945067685097456,s039
1,-0.0193944089114666,s039
1,-0.049753833562135696,s039
1,-0.038864362984895706,s039
1,-0.010906616225838661,s039
1,-0.014701459556818008,s039
1,-0.00936139840632677,s039
1,-0.028280029073357582,s039
1,-0.010582780465483665,s039
1,-0.04549995809793472,s039
1,-0.008909661322832108,s039
1,-0.014110435731709003,s039
1,-0.025883689522743225,s039
1,-0.030747033655643463,s039
1,-0.013180382549762726,s039
1,-0.010131790302693844,s039
1,-0.006265976000577211,s039
1,-0.020317809656262398,s039
1,-0.018352504819631577,s039
1,-0.005811756476759911,s039
1,-0.017409151419997215,s039
1,-0.01373058371245861,s039
1,-0.015419181436300278,s039
1,-0.01634848862886429,s039
1,-0.0260446909815073,s039
1,-0.007650843821465969,s039
1,-0.02966415509581566,s039
1,-0.008533398620784283,s039
1,-0.012618349865078926,s039
1,-0.01162063516676426,s039
1,-0.04579954594373703,s039
1,-0.02040647156536579,s039
1,-0.00760472659021616,s039
1,-0.01862870715558529,s039
1,-0.006316409911960363,s039
1,-0.01756112277507782,s039
1,-0.019273661077022552,s039
1,-0.002697935327887535,s039
1,-0.05694059655070305,s039
1,-0.010404091328382492,s039
1,-0.011341655626893044,s039
1,-0.010980742983520031,s039
1,-0.02360338158905506,s039
0,-0.06040413677692413,s039
0,-0.010267024859786034,s039
0,-0.009501851163804531,s039
0,-0.021215545013546944,s039
0,-0.06293431669473648,s039
0,-0.026222780346870422,s039
0,-0.00719250924885273,s039
0,-0.04791335016489029,s039
0,-0.004277286119759083,s039
0,-0.013372299261391163,s039
0,-0.014478315599262714,s039
0,-0.008399523794651031,s039
0,-0.018128247931599617,s039
0,-0.04989473894238472,s039
0,-0.01655159704387188,s039
0,-0.021915536373853683,s039
0,-0.006490696687251329,s039
0,-0.01151279080659151,s039
0,-0.06980998069047928,s039
0,-0.004494469612836838,s039
0,-0.017867375165224075,s039
0,-0.0277575496584177,s039
0,-0.011037536896765232,s039
0,-0.01824697107076645,s039
0,-0.028538541868329048,s039
0,-0.010411052964627743,s039
0,-0.013655094429850578,s039
0,-0.018043849617242813,s039
0,-0.030407501384615898,s039
0,-0.028275873512029648,s039
0,-0.01553959958255291,s039
0,-0.01763509027659893,s039
0,-0.010798333212733269,s039
0,-0.1549655795097351,s039
0,-0.0057799615897238255,s039
0,-0.017273906618356705,s039
0,-0.009861934930086136,s039
0,-0.01082873810082674,s039
0,-0.007815840654075146,s039
0,-0.00741929467767477,s039
0,-0.009326889179646969,s039
0,-0.037467874586582184,s039
0,-0.003658240893855691,s039
0,-0.018555892631411552,s039
0,-0.01211829949170351,s039
0,-0.0171493086963892,s039
0,-0.0039353440515697,s039
0,-0.015105916187167168,s039
0,-0.00658276304602623,s039
0,-0.028024932369589806,s039
0,-0.03737158700823784,s039
0,-0.013484467752277851,s039
0,-0.04073530063033104,s039
0,-0.010570279322564602,s039
0,-0.030580589547753334,s039
0,-0.019942311570048332,s039
0,-0.009899787604808807,s039
0,-0.009580542333424091,s039
0,-0.016266752034425735,s039
0,-0.06249866262078285,s039
0,-0.033250514417886734,s039
0,-0.004907235968858004,s039
0,-0.07119110226631165,s039
0,-0.017244720831513405,s039
0,-0.01838766224682331,s039
0,-0.08436544239521027,s039
0,-0.01076222863048315,s039
0,-0.013937532901763916,s039
0,-0.019801663234829903,s039
0,-0.007377877831459045,s039
0,-0.038782499730587006,s039
0,-0.06192396208643913,s039
0,-0.07352923601865768,s039
0,-0.012454748153686523,s039
0,-0.008208065293729305,s039
0,-0.024829141795635223,s039
0,-0.0034259911626577377,s039
0,-0.009569418616592884,s039
0,-0.02653081715106964,s039
0,-0.041569676250219345,s039
0,-0.005426125135272741,s039
0,-0.009004700928926468,s039
0,-0.036210279911756516,s039
0,-0.013894530013203621,s039
0,-0.006699433550238609,s039
0,-0.008134645409882069,s039
0,-0.014483366161584854,s039
0,-0.010133632458746433,s039
0,-0.009077628143131733,s039
0,-0.008774328045547009,s039
0,-0.012475177645683289,s039
0,-0.01639421284198761,s039
0,-0.009081102907657623,s039
0,-0.024405431002378464,s039
0,-0.031938642263412476,s039
0,-0.06878852844238281,s039
0,-0.007928436622023582,s039
0,-0.02119833417236805,s039
0,-0.03909512981772423,s039
0,-0.06963848322629929,s039
0,-0.01016013603657484,s039
0,-0.004105383530259132,s039
0,-0.005281948484480381,s039
0,-0.004980200901627541,s039
0,-0.03627487272024155,s039
0,-0.00848735123872757,s039
0,-0.003882910590618849,s039
0,-0.0030460061971098185,s039
0,-0.00930417887866497,s039
0,-0.013226382434368134,s039
0,-0.09143570065498352,s039
0,-0.12207930535078049,s039
0,-0.09453354775905609,s039
0,-0.01123981922864914,s039
0,-0.011612831614911556,s039
0,-0.027661960572004318,s039
0,-0.013924813829362392,s039
0,-0.01276294607669115,s039
0,-0.009897860698401928,s039
0,-0.03431854769587517,s039
0,-0.015416552312672138,s039
0,-0.029896050691604614,s039
0,-0.010783865116536617,s039
0,-0.01599220000207424,s039
0,-0.03096677176654339,s039
0,-0.009960776194930077,s039
0,-0.009402589872479439,s039
0,-0.030413862317800522,s039
0,-0.028214501217007637,s039
0,-0.010039749555289745,s039
0,-0.010029585100710392,s039
0,-0.012952089309692383,s039
0,-0.020436067134141922,s039
0,-0.004085477441549301,s039
0,-0.06299743056297302,s039
0,-0.00827333889901638,s039
0,-0.01035735197365284,s039
0,-0.007023525889962912,s039
0,-0.015394780784845352,s039
0,-0.03484034165740013,s039
0,-0.04040585830807686,s039
0,-0.0804455503821373,s039
0,-0.0031803552992641926,s039
0,-0.09121078997850418,s039
0,-0.022404450923204422,s039
0,-0.01136045716702938,s039
0,-0.004366164095699787,s039
0,-0.009173723869025707,s039
0,-0.022398311644792557,s039
0,-0.07034070044755936,s039
0,-0.013841608539223671,s039
0,-0.04957210645079613,s039
0,-0.005163449794054031,s039
0,-0.009479830972850323,s039
0,-0.008936122991144657,s039
0,-0.008193864487111568,s039
0,-0.019973857328295708,s039
0,-0.0086970878764987,s039
0,-0.0242923516780138,s039
0,-0.008574900217354298,s039
0,-0.05403959006071091,s039
0,-0.016390779986977577,s039
0,-0.01230443362146616,s039
0,-0.006090020760893822,s039
0,-0.015179278329014778,s039
0,-0.011806933209300041,s039
0,-0.09545663744211197,s039
0,-0.01526462659239769,s039
0,-0.011736255139112473,s039
0,-0.012268571183085442,s039
0,-0.007824948988854885,s039
0,-0.023297704756259918,s039
0,-0.028605954721570015,s039
0,-0.02794646844267845,s039
0,-0.025634806603193283,s039
0,-0.009671838022768497,s039
0,-0.01860460825264454,s039
0,-0.10954973846673965,s039
0,-0.061171311885118484,s039
0,-0.006649337243288755,s039
0,-0.009969501756131649,s039
0,-0.020836180076003075,s039
0,-0.014404967427253723,s039
0,-0.015844879671931267,s039
0,-0.03271664306521416,s039
0,-0.04696311056613922,s039
0,-0.010295799002051353,s039
0,-0.04657970368862152,s039
0,-0.013249981217086315,s039
0,-0.018749358132481575,s039
0,-0.011339160613715649,s039
0,-0.04392971098423004,s039
0,-0.013123101554811,s039
0,-0.009139149449765682,s039
0,-0.03055402636528015,s039
0,-0.009220306761562824,s039
0,-0.004144663922488689,s039
0,-0.03297349065542221,s039
0,-0.008200540207326412,s039
0,-0.03051474317908287,s039
1,-0.02954070456326008,s040
1,-0.01966671273112297,s040
1,-0.020202595740556717,s040
1,-0.05329280346632004,s040
1,-0.08621849864721298,s040
1,-0.051614269614219666,s040
1,-0.12727341055870056,s040
1,-0.03688235953450203,s040
1,-0.04481540247797966,s040
1,-0.04547629877924919,s040
1,-0.04637623205780983,s040
1,-0.04069741442799568,s040
1,-0.046437229961156845,s040
1,-0.02441757172346115,s040
1,-0.016064511612057686,s040
1,-0.01605386473238468,s040
1,-0.031892769038677216,s040
1,-0.09682353585958481,s040
1,-0.04190440848469734,s040
1,-0.023016400635242462,s040
1,-0.01443819236010313,s040
1,-0.03233496472239494,s040
1,-0.07261700928211212,s040
1,-0.051482994109392166,s040
1,-0.032333411276340485,s040
1,-0.06380453705787659,s040
1,-0.018127568066120148,s040
1,-0.028214501217007637,s040
1,-0.035572271794080734,s040
1,-0.03512575104832649,s040
1,-0.05520099028944969,s040
1,-0.06416001170873642,s040
1,-0.035472579300403595,s040
1,-0.0333549901843071,s040
1,-0.04666714370250702,s040
1,-0.07034070044755936,s040
1,-0.022290188819169998,s040
1,-0.012319697067141533,s040
1,-0.12683194875717163,s040
1,-0.022865496575832367,s040
1,-0.029469314962625504,s040
1,-0.03234390914440155,s040
1,-0.04214989021420479,s040
1,-0.038620296865701675,s040
1,-0.06772124022245407,s040
1,-0.14320586621761322,s040
1,-0.046033602207899094,s040
1,-0.050015535205602646,s040
1,-0.028720319271087646,s040
1,-0.05929959565401077,s040
1,-0.04736630246043205,s040
1,-0.110789954662323,s040
1,-0.3016819655895233,s040
1,-0.17261618375778198,s040
1,-0.01388448104262352,s040
1,-0.03851332515478134,s040
1,-0.005972116254270077,s040
1,-0.04458854719996452,s040
1,-0.05089187249541283,s040
1,-0.06922551989555359,s040
1,-0.023667052388191223,s040
1,-0.06728053838014603,s040
1,-0.07340968400239944,s040
1,-0.05671839416027069,s040
1,-0.024096421897411346,s040
1,-0.009765442460775375,s040
1,-0.01741442084312439,s040
1,-0.04280184581875801,s040
1,-0.058021433651447296,s040
1,-0.07607419043779373,s040
1,-0.07697952538728714,s040
1,-0.08334077149629593,s040
1,-0.06226442754268646,s040
1,-0.2784574627876282,s040
1,-0.042507354170084,s040
1,-0.07655239850282669,s040
1,-0.11791947484016418,s040
1,-0.04435226693749428,s040
1,-0.02150421217083931,s040
1,-0.043733492493629456,s040
1,-0.06244482100009918,s040
1,-0.05530836805701256,s040
1,-0.02091960422694683,s040
1,-0.07920033484697342,s040
1,-0.03700411319732666,s040
1,-0.022699706256389618,s040
1,-0.022849030792713165,s040
1,-0.05216740071773529,s040
1,-0.019462531432509422,s040
1,-0.035141944885253906,s040
1,-0.06086093932390213,s040
1,-0.06982610374689102,s040
1,-0.02725529856979847,s040
1,-0.04283995181322098,s040
1,-0.13484454154968262,s040
1,-0.03777218610048294,s040
1,-0.05133998394012451,s040
1,-0.07449063658714294,s040
1,-0.06540901213884354,s040
1,-0.04195265471935272,s040
1,-0.02812661975622177,s040
1,-0.030332492664456367,s040
1,-0.033207669854164124,s040
1,-0.007611272390931845,s040
1,-0.026850108057260513,s040
1,-0.04043116420507431,s040
1,-0.05521051213145256,s040
1,-0.08031297475099564,s040
1,-0.0659719929099083,s040
1,-0.0199421439319849,s040
1,-0.061968844383955,s040
1,-0.02112598717212677,s040
1,-0.06285227835178375,s040
1,-0.06869789958000183,s040
1,-0.03214997053146362,s040
1,-0.08580269664525986,s040
1,-0.04014977812767029,s040
1,-0.03738367184996605,s040
1,-0.022056622430682182,s040
1,-0.030530188232660294,s040
1,-0.02407471276819706,s040
1,-0.09864018112421036,s040
1,-0.08541536331176758,s040
1,-0.014222575351595879,s040
1,-0.014443508349359035,s040
1,-0.05240769311785698,s040
1,-0.02518629841506481,s040
1,-0.08722102642059326,s040
1,-0.22044792771339417,s040
1,-0.03407017141580582,s040
1,-0.021551521494984627,s040
1,-0.02505456656217575,s040
1,-0.07906672358512878,s040
1,-0.10616694390773773,s040
1,-0.013084348291158676,s040
1,-0.036548640578985214,s040
1,-0.018448777496814728,s040
1,-0.053173791617155075,s040
1,-0.05430036038160324,s040
1,-0.05399840325117111,s040
1,-0.017764044925570488,s040
1,-0.09967008233070374,s040
1,-0.03382844105362892,s040
1,-0.1397315114736557,s040
1,-0.06583944708108902,s040
1,-0.06623908132314682,s040
1,-0.08950828015804291,s040
1,-0.024359896779060364,s040
1,-0.050828274339437485,s040
1,-0.059475429356098175,s040
1,-0.051629744470119476,s040
1,-0.07141551375389099,s040
1,-0.03315742313861847,s040
1,-0.029102524742484093,s040
1,-0.05045616254210472,s040
1,-0.010979014448821545,s040
1,-0.016931725665926933,s040
1,-0.059273287653923035,s040
1,-0.04167897626757622,s040
1,-0.022617854177951813,s040
1,-0.07023736834526062,s040
1,-0.022629089653491974,s040
1,-0.1067189872264862,s040
1,-0.05399696156382561,s040
1,-0.057826682925224304,s040
1,-0.08741627633571625,s040
1,-0.022184431552886963,s040
1,-0.023618392646312714,s040
1,-0.052328601479530334,s040
1,-0.043901022523641586,s040
1,-0.03923358768224716,s040
1,-0.015475515276193619,s040
1,-0.02408297173678875,s040
1,-0.02516188472509384,s040
1,-0.08719298243522644,s040
1,-0.022213229909539223,s040
1,-0.01654486544430256,s040
1,-0.09044638276100159,s040
1,-0.01134192943572998,s040
1,-0.05392155051231384,s040
1,-0.028792211785912514,s040
1,-0.008263238705694675,s040
1,-0.0335063561797142,s040
1,-0.058777663856744766,s040
1,-0.013432789593935013,s040
1,-0.03250015527009964,s040
1,-0.04169275239109993,s040
1,-0.0314607135951519,s040
1,-0.043526604771614075,s040
1,-0.016266752034425735,s040
1,-0.01791880838572979,s040
1,-0.03205490857362747,s040
1,-0.02437186986207962,s040
1,-0.021858667954802513,s040
1,-0.018804866820573807,s040
1,-0.031162317842245102,s040
1,-0.022634277120232582,s040
1,-0.02584504894912243,s040
1,-0.012779783457517624,s040
1,-0.03504813835024834,s040
0,-0.06040413677692413,s040
0,-0.010267024859786034,s040
0,-0.009501851163804531,s040
0,-0.021215545013546944,s040
0,-0.06293431669473648,s040
0,-0.026222780346870422,s040
0,-0.00719250924885273,s040
0,-0.04791335016489029,s040
0,-0.004277286119759083,s040
0,-0.013372299261391163,s040
0,-0.014478315599262714,s040
0,-0.008399523794651031,s040
0,-0.018128247931599617,s040
0,-0.04989473894238472,s040
0,-0.01655159704387188,s040
0,-0.021915536373853683,s040
0,-0.006490696687251329,s040
0,-0.01151279080659151,s040
0,-0.06980998069047928,s040
0,-0.004494469612836838,s040
0,-0.017867375165224075,s040
0,-0.0277575496584177,s040
0,-0.011037536896765232,s040
0,-0.01824697107076645,s040
0,-0.028538541868329048,s040
0,-0.010411052964627743,s040
0,-0.013655094429850578,s040
0,-0.018043849617242813,s040
0,-0.030407501384615898,s040
0,-0.028275873512029648,s040
0,-0.01553959958255291,s040
0,-0.01763509027659893,s040
0,-0.010798333212733269,s040
0,-0.1549655795097351,s040
0,-0.0057799615897238255,s040
0,-0.017273906618356705,s040
0,-0.009861934930086136,s040
0,-0.01082873810082674,s040
0,-0.007815840654075146,s040
0,-0.00741929467767477,s040
0,-0.009326889179646969,s040
0,-0.037467874586582184,s040
0,-0.003658240893855691,s040
0,-0.018555892631411552,s040
0,-0.01211829949170351,s040
0,-0.0171493086963892,s040
0,-0.0039353440515697,s040
0,-0.015105916187167168,s040
0,-0.00658276304602623,s040
0,-0.028024932369589806,s040
0,-0.03737158700823784,s040
0,-0.013484467752277851,s040
0,-0.04073530063033104,s040
0,-0.010570279322564602,s040
0,-0.030580589547753334,s040
0,-0.019942311570048332,s040
0,-0.009899787604808807,s040
0,-0.009580542333424091,s040
0,-0.00760472659021616,s040
0,-0.06249866262078285,s040
0,-0.033250514417886734,s040
0,-0.004907235968858004,s040
0,-0.07119110226631165,s040
0,-0.017244720831513405,s040
0,-0.01838766224682331,s040
0,-0.08436544239521027,s040
0,-0.01076222863048315,s040
0,-0.013937532901763916,s040
0,-0.019801663234829903,s040
0,-0.007377877831459045,s040
0,-0.038782499730587006,s040
0,-0.06192396208643913,s040
0,-0.07352923601865768,s040
0,-0.012454748153686523,s040
0,-0.008208065293729305,s040
0,-0.024829141795635223,s040
0,-0.0034259911626577377,s040
0,-0.009569418616592884,s040
0,-0.02653081715106964,s040
0,-0.041569676250219345,s040
0,-0.005426125135272741,s040
0,-0.009004700928926468,s040
0,-0.036210279911756516,s040
0,-0.013894530013203621,s040
0,-0.006699433550238609,s040
0,-0.008134645409882069,s040
0,-0.014483366161584854,s040
0,-0.010133632458746433,s040
0,-0.009077628143131733,s040
0,-0.008774328045547009,s040
0,-0.012475177645683289,s040
0,-0.01639421284198761,s040
0,-0.009081102907657623,s040
0,-0.024405431002378464,s040
0,-0.031938642263412476,s040
0,-0.06878852844238281,s040
0,-0.007928436622023582,s040
0,-0.02119833417236805,s040
0,-0.03909512981772423,s040
0,-0.06963848322629929,s040
0,-0.01016013603657484,s040
0,-0.004105383530259132,s040
0,-0.005281948484480381,s040
0,-0.004980200901627541,s040
0,-0.03627487272024155,s040
0,-0.00848735123872757,s040
0,-0.003882910590618849,s040
0,-0.0030460061971098185,s040
0,-0.00930417887866497,s040
0,-0.013226382434368134,s040
0,-0.09143570065498352,s040
0,-0.12207930535078049,s040
0,-0.09453354775905609,s040
0,-0.01123981922864914,s040
0,-0.011612831614911556,s040
0,-0.027661960572004318,s040
0,-0.013924813829362392,s040
0,-0.01276294607669115,s040
0,-0.009897860698401928,s040
0,-0.03431854769587517,s040
0,-0.015416552312672138,s040
0,-0.029896050691604614,s040
0,-0.010783865116536617,s040
0,-0.01599220000207424,s040
0,-0.03096677176654339,s040
0,-0.009960776194930077,s040
0,-0.009402589872479439,s040
0,-0.030413862317800522,s040
0,-0.016106555238366127,s040
0,-0.010039749555289745,s040
0,-0.010029585100710392,s040
0,-0.012952089309692383,s040
0,-0.020436067134141922,s040
0,-0.004085477441549301,s040
0,-0.06299743056297302,s040
0,-0.00827333889901638,s040
0,-0.01035735197365284,s040
0,-0.007023525889962912,s040
0,-0.015394780784845352,s040
0,-0.03484034165740013,s040
0,-0.04040585830807686,s040
0,-0.0804455503821373,s040
0,-0.0031803552992641926,s040
0,-0.09121078997850418,s040
0,-0.022404450923204422,s040
0,-0.01136045716702938,s040
0,-0.004366164095699787,s040
0,-0.009173723869025707,s040
0,-0.022398311644792557,s040
0,-0.022043630480766296,s040
0,-0.013841608539223671,s040
0,-0.04957210645079613,s040
0,-0.005163449794054031,s040
0,-0.009479830972850323,s040
0,-0.008936122991144657,s040
0,-0.008193864487111568,s040
0,-0.019973857328295708,s040
0,-0.0086970878764987,s040
0,-0.0242923516780138,s040
0,-0.008574900217354298,s040
0,-0.05403959006071091,s040
0,-0.016390779986977577,s040
0,-0.01230443362146616,s040
0,-0.006090020760893822,s040
0,-0.015179278329014778,s040
0,-0.011806933209300041,s040
0,-0.09545663744211197,s040
0,-0.01526462659239769,s040
0,-0.011736255139112473,s040
0,-0.012268571183085442,s040
0,-0.007824948988854885,s040
0,-0.023297704756259918,s040
0,-0.028605954721570015,s040
0,-0.02794646844267845,s040
0,-0.025634806603193283,s040
0,-0.009671838022768497,s040
0,-0.01860460825264454,s040
0,-0.10954973846673965,s040
0,-0.061171311885118484,s040
0,-0.006649337243288755,s040
0,-0.009969501756131649,s040
0,-0.020836180076003075,s040
0,-0.014404967427253723,s040
0,-0.015844879671931267,s040
0,-0.03271664306521416,s040
0,-0.04696311056613922,s040
0,-0.010295799002051353,s040
0,-0.04657970368862152,s040
0,-0.013249981217086315,s040
0,-0.018749358132481575,s040
0,-0.011339160613715649,s040
0,-0.04392971098423004,s040
0,-0.013123101554811,s040
0,-0.009139149449765682,s040
0,-0.03055402636528015,s040
0,-0.009220306761562824,s040
0,-0.004144663922488689,s040
0,-0.011904566548764706,s040
0,-0.008200540207326412,s040
0,-0.03051474317908287,s040
1,-0.025164611637592316,s041
1,-0.07736863195896149,s041
1,-0.027721552178263664,s041
1,-0.007471798919141293,s041
1,-0.048429928719997406,s041
1,-0.04482142999768257,s041
1,-0.026373758912086487,s041
1,-0.06459015607833862,s041
1,-0.09539143741130829,s041
1,-0.0574941448867321,s041
1,-0.12793172895908356,s041
1,-0.0909212976694107,s041
1,-0.05416981130838394,s041
1,-0.03545236587524414,s041
1,-0.0645819678902626,s041
1,-0.02342698723077774,s041
1,-0.035975925624370575,s041
1,-0.021538175642490387,s041
1,-0.06473708152770996,s041
1,-0.019979819655418396,s041
1,-0.04088039696216583,s041
1,-0.05945805832743645,s041
1,-0.11590549349784851,s041
1,-0.040513623505830765,s041
1,-0.0355946384370327,s041
1,-0.024054421111941338,s041
1,-0.017714060842990875,s041
1,-0.031432971358299255,s041
1,-0.034989092499017715,s041
1,-0.05109681189060211,s041
1,-0.13899771869182587,s041
1,-0.03980852663516998,s041
1,-0.11679688096046448,s041
1,-0.034939806908369064,s041
1,-0.041569676250219345,s041
1,-0.4026862382888794,s041
1,-0.016855284571647644,s041
1,-0.012238497845828533,s041
1,-0.04041970521211624,s041
1,-0.16638079285621643,s041
1,-0.04533996433019638,s041
1,-0.0332772359251976,s041
1,-0.02473670057952404,s041
1,-0.04458712786436081,s041
1,-0.009671838022768497,s041
1,-0.04287637770175934,s041
1,-0.046350494027137756,s041
1,-0.061186570674180984,s041
1,-0.055958714336156845,s041
1,-0.025829926133155823,s041
1,-0.03069358691573143,s041
1,-0.020690668374300003,s041
1,-0.025564448907971382,s041
1,-0.045186880975961685,s041
1,-0.03254305198788643,s041
1,-0.049079976975917816,s041
1,-0.027729516848921776,s041
1,-0.022359788417816162,s041
1,-0.015007870271801949,s041
1,-0.03872007504105568,s041
1,-0.03310360014438629,s041
1,-0.06781100481748581,s041
1,-0.045337505638599396,s041
1,-0.016822563484311104,s041
1,-0.07344787567853928,s041
1,-0.11249884963035583,s041
1,-0.05567554756999016,s041
1,-0.036307401955127716,s041
1,-0.03291468694806099,s041
1,-0.03212212026119232,s041
1,-0.05086198076605797,s041
1,-0.06483760476112366,s041
1,-0.03106056898832321,s041
1,-0.2600844204425812,s041
1,-0.024202577769756317,s041
1,-0.0235457643866539,s041
1,-0.021680817008018494,s041
1,-0.027518896386027336,s041
1,-0.05093151330947876,s041
1,-0.03513253852725029,s041
1,-0.042896900326013565,s041
1,-0.04916456714272499,s041
1,-0.020608358085155487,s041
1,-0.033935967832803726,s041
1,-0.020395494997501373,s041
1,-0.04937742277979851,s041
1,-0.08296263962984085,s041
1,-0.057953495532274246,s041
1,-0.07829316705465317,s041
1,-0.07750263810157776,s041
1,-0.05222340300679207,s041
1,-0.05865861475467682,s041
1,-0.03313501924276352,s041
1,-0.0606856532394886,s041
1,-0.10049843788146973,s041
1,-0.09125763922929764,s041
1,-0.03958156704902649,s041
1,-0.09428603202104568,s041
1,-0.04464323818683624,s041
1,-0.02918953076004982,s041
1,-0.041549280285835266,s041
1,-0.06072671711444855,s041
1,-0.012778201140463352,s041
1,-0.031196750700473785,s041
1,-0.024717308580875397,s041
1,-0.038849763572216034,s041
1,-0.05544276535511017,s041
1,-0.009604902938008308,s041
1,-0.04784540832042694,s041
1,-0.12142042070627213,s041
1,-0.033115606755018234,s041
1,-0.05741535872220993,s041
1,-0.05171828716993332,s041
1,-0.023895708844065666,s041
1,-0.04762066900730133,s041
1,-0.01705045998096466,s041
1,-0.030642105266451836,s041
1,-0.07441279292106628,s041
1,-0.0555109977722168,s041
1,-0.04368270933628082,s041
1,-0.05142664536833763,s041
1,-0.03899495676159859,s041
1,-0.012106741778552532,s041
1,-0.07119110226631165,s041
1,-0.09658990800380707,s041
1,-0.020564058795571327,s041
1,-0.01546903420239687,s041
1,-0.0727473646402359,s041
1,-0.049790918827056885,s041
1,-0.08816879242658615,s041
1,-0.09199681878089905,s041
1,-0.044715359807014465,s041
1,-0.10522552579641342,s041
1,-0.04883292689919472,s041
1,-0.07575131952762604,s041
1,-0.0404902808368206,s041
1,-0.0372062586247921,s041
1,-0.07043265551328659,s041
1,-0.12461154907941818,s041
1,-0.0511835552752018,s041
1,-0.010417959652841091,s041
1,-0.03783373907208443,s041
1,-0.06396475434303284,s041
1,-0.046768058091402054,s041
1,-0.043172869831323624,s041
1,-0.02982460707426071,s041
1,-0.055561263114213943,s041
1,-0.011262276209890842,s041
1,-0.04764952510595322,s041
1,-0.03829551860690117,s041
1,-0.04801401123404503,s041
1,-0.040033552795648575,s041
1,-0.03529493510723114,s041
1,-0.09028816968202591,s041
1,-0.058942828327417374,s041
1,-0.013987104408442974,s041
1,-0.0748748853802681,s041
1,-0.024745862931013107,s041
1,-0.029558412730693817,s041
1,-0.07864025980234146,s041
1,-0.02335859090089798,s041
1,-0.11938198655843735,s041
1,-0.02254869043827057,s041
1,-0.02626970037817955,s041
1,-0.08608707785606384,s041
1,-0.09441764652729034,s041
1,-0.06850383430719376,s041
1,-0.06985475867986679,s041
1,-0.09664258360862732,s041
1,-0.03724638745188713,s041
1,-0.06243717670440674,s041
1,-0.07522749155759811,s041
1,-0.036727357655763626,s041
1,-0.017265627160668373,s041
1,-0.01593807153403759,s041
1,-0.020171908661723137,s041
1,-0.10273609310388565,s041
1,-0.13623416423797607,s041
1,-0.062143128365278244,s041
1,-0.045769572257995605,s041
1,-0.05637185275554657,s041
1,-0.09070225805044174,s041
1,-0.031981781125068665,s041
1,-0.06819069385528564,s041
1,-0.015262448228895664,s041
1,-0.6192339062690735,s041
1,-0.013872155919671059,s041
1,-0.023671556264162064,s041
1,-0.03218420594930649,s041
1,-0.03349783271551132,s041
1,-0.04305914044380188,s041
1,-0.044348035007715225,s041
1,-0.02162856236100197,s041
1,-0.038409098982810974,s041
1,-0.03557121381163597,s041
1,-0.03448611870408058,s041
1,-0.028074344620108604,s041
1,-0.05014953762292862,s041
1,-0.04406541585922241,s041
1,-0.025754494592547417,s041
0,-0.06040413677692413,s041
0,-0.010267024859786034,s041
0,-0.009501851163804531,s041
0,-0.021215545013546944,s041
0,-0.06293431669473648,s041
0,-0.026222780346870422,s041
0,-0.00719250924885273,s041
0,-0.04791335016489029,s041
0,-0.004277286119759083,s041
0,-0.013372299261391163,s041
0,-0.014478315599262714,s041
0,-0.008399523794651031,s041
0,-0.018128247931599617,s041
0,-0.04989473894238472,s041
0,-0.01655159704387188,s041
0,-0.021915536373853683,s041
0,-0.006490696687251329,s041
0,-0.01151279080659151,s041
0,-0.06980998069047928,s041
0,-0.004494469612836838,s041
0,-0.017867375165224075,s041
0,-0.0277575496584177,s041
0,-0.011037536896765232,s041
0,-0.01824697107076645,s041
0,-0.028538541868329048,s041
0,-0.010411052964627743,s041
0,-0.013655094429850578,s041
0,-0.018043849617242813,s041
0,-0.030407501384615898,s041
0,-0.028275873512029648,s041
0,-0.01553959958255291,s041
0,-0.01763509027659893,s041
0,-0.010798333212733269,s041
0,-0.1549655795097351,s041
0,-0.0057799615897238255,s041
0,-0.017273906618356705,s041
0,-0.009861934930086136,s041
0,-0.01082873810082674,s041
0,-0.007815840654075146,s041
0,-0.00741929467767477,s041
0,-0.009326889179646969,s041
0,-0.037467874586582184,s041
0,-0.003658240893855691,s041
0,-0.018555892631411552,s041
0,-0.01211829949170351,s041
0,-0.0171493086963892,s041
0,-0.0039353440515697,s041
0,-0.015105916187167168,s041
0,-0.00658276304602623,s041
0,-0.028024932369589806,s041
0,-0.03737158700823784,s041
0,-0.013484467752277851,s041
0,-0.04073530063033104,s041
0,-0.010570279322564602,s041
0,-0.030580589547753334,s041
0,-0.019942311570048332,s041
0,-0.009899787604808807,s041
0,-0.009580542333424091,s041
0,-0.00760472659021616,s041
0,-0.06249866262078285,s041
0,-0.033250514417886734,s041
0,-0.004907235968858004,s041
0,-0.014222575351595879,s041
0,-0.017244720831513405,s041
0,-0.01838766224682331,s041
0,-0.08436544239521027,s041
0,-0.01076222863048315,s041
0,-0.013937532901763916,s041
0,-0.019801663234829903,s041
0,-0.007377877831459045,s041
0,-0.038782499730587006,s041
0,-0.06192396208643913,s041
0,-0.07352923601865768,s041
0,-0.012454748153686523,s041
0,-0.008208065293729305,s041
0,-0.024829141795635223,s041
0,-0.0034259911626577377,s041
0,-0.009569418616592884,s041
0,-0.02653081715106964,s041
0,-0.04666714370250702,s041
0,-0.005426125135272741,s041
0,-0.009004700928926468,s041
0,-0.036210279911756516,s041
0,-0.013894530013203621,s041
0,-0.006699433550238609,s041
0,-0.008134645409882069,s041
0,-0.014483366161584854,s041
0,-0.010133632458746433,s041
0,-0.009077628143131733,s041
0,-0.008774328045547009,s041
0,-0.012475177645683289,s041
0,-0.01639421284198761,s041
0,-0.009081102907657623,s041
0,-0.024405431002378464,s041
0,-0.031938642263412476,s041
0,-0.06878852844238281,s041
0,-0.007928436622023582,s041
0,-0.02119833417236805,s041
0,-0.03909512981772423,s041
0,-0.038999926298856735,s041
0,-0.01016013603657484,s041
0,-0.004105383530259132,s041
0,-0.005281948484480381,s041
0,-0.004980200901627541,s041
0,-0.03627487272024155,s041
0,-0.00848735123872757,s041
0,-0.003882910590618849,s041
0,-0.0030460061971098185,s041
0,-0.00930417887866497,s041
0,-0.013226382434368134,s041
0,-0.09143570065498352,s041
0,-0.12207930535078049,s041
0,-0.09453354775905609,s041
0,-0.01123981922864914,s041
0,-0.011612831614911556,s041
0,-0.027661960572004318,s041
0,-0.013924813829362392,s041
0,-0.01276294607669115,s041
0,-0.009897860698401928,s041
0,-0.03431854769587517,s041
0,-0.015416552312672138,s041
0,-0.029896050691604614,s041
0,-0.010783865116536617,s041
0,-0.01599220000207424,s041
0,-0.03096677176654339,s041
0,-0.009960776194930077,s041
0,-0.009402589872479439,s041
0,-0.030413862317800522,s041
0,-0.016106555238366127,s041
0,-0.010039749555289745,s041
0,-0.010029585100710392,s041
0,-0.012952089309692383,s041
0,-0.020436067134141922,s041
0,-0.004085477441549301,s041
0,-0.06299743056297302,s041
0,-0.00827333889901638,s041
0,-0.01035735197365284,s041
0,-0.007023525889962912,s041
0,-0.015394780784845352,s041
0,-0.03484034165740013,s041
0,-0.04040585830807686,s041
0,-0.0804455503821373,s041
0,-0.0031803552992641926,s041
0,-0.09121078997850418,s041
0,-0.022404450923204422,s041
0,-0.01136045716702938,s041
0,-0.004366164095699787,s041
0,-0.009173723869025707,s041
0,-0.022398311644792557,s041
0,-0.022043630480766296,s041
0,-0.013841608539223671,s041
0,-0.04957210645079613,s041
0,-0.005163449794054031,s041
0,-0.009479830972850323,s041
0,-0.008936122991144657,s041
0,-0.008193864487111568,s041
0,-0.019973857328295708,s041
0,-0.0086970878764987,s041
0,-0.0242923516780138,s041
0,-0.008574900217354298,s041
0,-0.05403959006071091,s041
0,-0.016390779986977577,s041
0,-0.01230443362146616,s041
0,-0.006090020760893822,s041
0,-0.015179278329014778,s041
0,-0.011806933209300041,s041
0,-0.09545663744211197,s041
0,-0.01526462659239769,s041
0,-0.011736255139112473,s041
0,-0.012268571183085442,s041
0,-0.007824948988854885,s041
0,-0.023297704756259918,s041
0,-0.028605954721570015,s041
0,-0.02794646844267845,s041
0,-0.025634806603193283,s041
0,-0.06772124022245407,s041
0,-0.01860460825264454,s041
0,-0.10954973846673965,s041
0,-0.061171311885118484,s041
0,-0.006649337243288755,s041
0,-0.009969501756131649,s041
0,-0.020836180076003075,s041
0,-0.014404967427253723,s041
0,-0.015844879671931267,s041
0,-0.03271664306521416,s041
0,-0.04696311056613922,s041
0,-0.010295799002051353,s041
0,-0.04657970368862152,s041
0,-0.013249981217086315,s041
0,-0.018749358132481575,s041
0,-0.011339160613715649,s041
0,-0.04392971098423004,s041
0,-0.013123101554811,s041
0,-0.009139149449765682,s041
0,-0.03055402636528015,s041
0,-0.009220306761562824,s041
0,-0.004144663922488689,s041
0,-0.011904566548764706,s041
0,-0.008200540207326412,s041
0,-0.03051474317908287,s041
1,-0.01198221929371357,s042
1,-0.019245021045207977,s042
1,-0.01193192321807146,s042
1,-0.008922121487557888,s042
1,-0.009991905651986599,s042
1,-0.03582572564482689,s042
1,-0.010462243109941483,s042
1,-0.024829141795635223,s042
1,-0.013646245934069157,s042
1,-0.014434064738452435,s042
1,-0.06246824562549591,s042
1,-0.02081206627190113,s042
1,-0.0018804767169058323,s042
1,-0.023086391389369965,s042
1,-0.018480800092220306,s042
1,-0.015386010520160198,s042
1,-0.0360693633556366,s042
1,-0.007190576754510403,s042
1,-0.009189421311020851,s042
1,-0.01123824343085289,s042
1,-0.044304993003606796,s042
1,-0.011192059144377708,s042
1,-0.10993737727403641,s042
1,-0.021206988021731377,s042
1,-0.015038886107504368,s042
1,-0.04227140545845032,s042
1,-0.02097567543387413,s042
1,-0.019460637122392654,s042
1,-0.02123013325035572,s042
1,-0.027004791423678398,s042
1,-0.011519691906869411,s042
1,-0.020911145955324173,s042
1,-0.020938236266374588,s042
1,-0.032806091010570526,s042
1,-0.016044724732637405,s042
1,-0.020724648609757423,s042
1,-0.01110008079558611,s042
1,-0.016916580498218536,s042
1,-0.04378436133265495,s042
1,-0.016799813136458397,s042
1,-0.023034794256091118,s042
1,-0.04525212198495865,s042
1,-0.0149000883102417,s042
1,-0.024164484813809395,s042
1,-0.011983432807028294,s042
1,-0.020654866471886635,s042
1,-0.01636633835732937,s042
1,-0.13776560127735138,s042
1,-0.019904544577002525,s042
1,-0.04801587760448456,s042
1,-0.008696278557181358,s042
1,-0.028572794049978256,s042
1,-0.036287788301706314,s042
1,-0.010661665350198746,s042
1,-0.02194775640964508,s042
1,-0.044198717921972275,s042
1,-0.0533079132437706,s042
1,-0.01375599205493927,s042
1,-0.016559798270463943,s042
1,-0.03325919434428215,s042
1,-0.023141486570239067,s042
1,-0.0041945502161979675,s042
1,-0.03219851478934288,s042
1,-0.006819767877459526,s042
1,-0.0036696174647659063,s042
1,-0.02512112632393837,s042
1,-0.06066959351301193,s042
1,-0.01707494631409645,s042
1,-0.004936348181217909,s042
1,-0.006914041005074978,s042
1,-0.007638058625161648,s042
1,-0.017026761546730995,s042
1,-0.06875410676002502,s042
1,-0.02676813304424286,s042
1,-0.03915785998106003,s042
1,-0.04421129450201988,s042
1,-0.02235972136259079,s042
1,-0.011757140047848225,s042
1,-0.019422881305217743,s042
1,-0.0038768360391259193,s042
1,-0.019289731979370117,s042
1,-0.02294483408331871,s042
1,-0.04394647106528282,s042
1,-0.005759375169873238,s042
1,-0.0626349151134491,s042
1,-0.004811475053429604,s042
1,-0.02349315769970417,s042
1,-0.012931265868246555,s042
1,-0.0168364979326725,s042
1,-0.03243108093738556,s042
1,-0.011208590120077133,s042
1,-0.029042504727840424,s042
1,-0.018386758863925934,s042
1,-0.010466739535331726,s042
1,-0.015662802383303642,s042
1,-0.04873489588499069,s042
1,-0.022744638845324516,s042
1,-0.05448825657367706,s042
1,-0.008077258244156837,s042
1,-0.005300462245941162,s042
1,-0.01919030025601387,s042
1,-0.005124432034790516,s042
1,-0.006185906007885933,s042
1,-0.01752477139234543,s042
1,-0.016141410917043686,s042
1,-0.011023472994565964,s042
1,-0.01625630259513855,s042
1,-0.008959409780800343,s042
1,-0.024231981486082077,s042
1,-0.026405610144138336,s042
1,-0.010714436881244183,s042
1,-0.06599413603544235,s042
1,-0.02099437639117241,s042
1,-0.011696506291627884,s042
1,-0.005935904569923878,s042
1,-0.0804455503821373,s042
1,-0.012780235148966312,s042
1,-0.005013095680624247,s042
1,-0.013850565999746323,s042
1,-0.03759201243519783,s042
1,-0.03760884702205658,s042
1,-0.01201783400028944,s042
1,-0.014469020999968052,s042
1,-0.0328170508146286,s042
1,-0.021212542429566383,s042
1,-0.016687091439962387,s042
1,-0.02475500851869583,s042
1,-0.02746761217713356,s042
1,-0.05037505179643631,s042
1,-0.007919732481241226,s042
1,-0.006295350380241871,s042
1,-0.017883887514472008,s042
1,-0.06792710721492767,s042
1,-0.03467438742518425,s042
1,-0.014220822602510452,s042
1,-0.010896679013967514,s042
1,-0.02951718308031559,s042
1,-0.03246216103434563,s042
1,-0.02044263482093811,s042
1,-0.010647865012288094,s042
1,-0.033218126744031906,s042
1,-0.021134115755558014,s042
1,-0.016070496290922165,s042
1,-0.013868915848433971,s042
1,-0.04025248438119888,s042
1,-0.013131278567016125,s042
1,-0.015653230249881744,s042
1,-0.01458433736115694,s042
1,-0.005808493122458458,s042
1,-0.01770520955324173,s042
1,-0.05528189241886139,s042
1,-0.012491448782384396,s042
1,-0.03393856808543205,s042
1,-0.008028600364923477,s042
1,-0.01410333439707756,s042
1,-0.016504459083080292,s042
1,-0.00930736493319273,s042
1,-0.0027993624098598957,s042
1,-0.03859219700098038,s042
1,-0.009900856763124466,s042
1,-0.0075434232130646706,s042
1,-0.035879332572221756,s042
1,-0.029943909496068954,s042
1,-0.006086998153477907,s042
1,-0.01884385757148266,s042
1,-0.0074785989709198475,s042
1,-0.050556134432554245,s042
1,-0.028743714094161987,s042
1,-0.028995275497436523,s042
1,-0.009520934894680977,s042
1,-0.010577378794550896,s042
1,-0.028452204540371895,s042
1,-0.03346244990825653,s042
1,-0.01758541166782379,s042
1,-0.0411488376557827,s042
1,-0.02051513083279133,s042
1,-0.014816848561167717,s042
1,-0.010027767159044743,s042
1,-0.024529799818992615,s042
1,-0.011415760964155197,s042
1,-0.035635653883218765,s042
1,-0.019012119621038437,s042
1,-0.020282259210944176,s042
1,-0.008142602629959583,s042
1,-0.013621886260807514,s042
1,-0.023938709869980812,s042
1,-0.004060163628309965,s042
1,-0.013890315778553486,s042
1,-0.005008133128285408,s042
1,-0.0181096401065588,s042
1,-0.007473530247807503,s042
1,-0.00963630061596632,s042
1,-0.007864323444664478,s042
1,-0.017767122015357018,s042
1,-0.009138161316514015,s042
1,-0.0033123085740953684,s042
1,-0.011515677906572819,s042
1,-0.023273369297385216,s042
1,-0.012220454402267933,s042
1,-0.01812395267188549,s042
0,-0.06040413677692413,s042
0,-0.010267024859786034,s042
0,-0.009501851163804531,s042
0,-0.021215545013546944,s042
0,-0.06293431669473648,s042
0,-0.026222780346870422,s042
0,-0.00719250924885273,s042
0,-0.04791335016489029,s042
0,-0.004277286119759083,s042
0,-0.013372299261391163,s042
0,-0.014478315599262714,s042
0,-0.008399523794651031,s042
0,-0.018128247931599617,s042
0,-0.04989473894238472,s042
0,-0.01655159704387188,s042
0,-0.021915536373853683,s042
0,-0.006490696687251329,s042
0,-0.01151279080659151,s042
0,-0.06980998069047928,s042
0,-0.004494469612836838,s042
0,-0.017867375165224075,s042
0,-0.0277575496584177,s042
0,-0.011037536896765232,s042
0,-0.01824697107076645,s042
0,-0.028538541868329048,s042
0,-0.010411052964627743,s042
0,-0.013655094429850578,s042
0,-0.018043849617242813,s042
0,-0.030407501384615898,s042
0,-0.028275873512029648,s042
0,-0.01553959958255291,s042
0,-0.01763509027659893,s042
0,-0.010798333212733269,s042
0,-0.1549655795097351,s042
0,-0.0057799615897238255,s042
0,-0.017273906618356705,s042
0,-0.009861934930086136,s042
0,-0.01082873810082674,s042
0,-0.007815840654075146,s042
0,-0.00741929467767477,s042
0,-0.009326889179646969,s042
0,-0.037467874586582184,s042
0,-0.003658240893855691,s042
0,-0.018555892631411552,s042
0,-0.01211829949170351,s042
0,-0.0171493086963892,s042
0,-0.0039353440515697,s042
0,-0.015105916187167168,s042
0,-0.00658276304602623,s042
0,-0.028024932369589806,s042
0,-0.03737158700823784,s042
0,-0.013484467752277851,s042
0,-0.05393783375620842,s042
0,-0.010570279322564602,s042
0,-0.030580589547753334,s042
0,-0.019942311570048332,s042
0,-0.009899787604808807,s042
0,-0.009580542333424091,s042
0,-0.00760472659021616,s042
0,-0.06249866262078285,s042
0,-0.033250514417886734,s042
0,-0.004907235968858004,s042
0,-0.014222575351595879,s042
0,-0.017244720831513405,s042
0,-0.01838766224682331,s042
0,-0.08436544239521027,s042
0,-0.01076222863048315,s042
0,-0.013937532901763916,s042
0,-0.019801663234829903,s042
0,-0.007377877831459045,s042
0,-0.038782499730587006,s042
0,-0.06192396208643913,s042
0,-0.07352923601865768,s042
0,-0.012454748153686523,s042
0,-0.008208065293729305,s042
0,-0.06459015607833862,s042
0,-0.0034259911626577377,s042
0,-0.009569418616592884,s042
0,-0.02653081715106964,s042
0,-0.04666714370250702,s042
0,-0.005426125135272741,s042
0,-0.009004700928926468,s042
0,-0.036210279911756516,s042
0,-0.013894530013203621,s042
0,-0.006699433550238609,s042
0,-0.008134645409882069,s042
0,-0.014483366161584854,s042
0,-0.010133632458746433,s042
0,-0.009077628143131733,s042
0,-0.008774328045547009,s042
0,-0.012475177645683289,s042
0,-0.01639421284198761,s042
0,-0.009081102907657623,s042
0,-0.024405431002378464,s042
0,-0.031938642263412476,s042
0,-0.06878852844238281,s042
0,-0.007928436622023582,s042
0,-0.02119833417236805,s042
0,-0.03909512981772423,s042
0,-0.038999926298856735,s042
0,-0.01016013603657484,s042
0,-0.004105383530259132,s042
0,-0.005281948484480381,s042
0,-0.004980200901627541,s042
0,-0.03627487272024155,s042
0,-0.00848735123872757,s042
0,-0.003882910590618849,s042
0,-0.0030460061971098185,s042
0,-0.00930417887866497,s042
0,-0.013226382434368134,s042
0,-0.09143570065498352,s042
0,-0.12207930535078049,s042
0,-0.09453354775905609,s042
0,-0.01123981922864914,s042
0,-0.04053117334842682,s042
0,-0.027661960572004318,s042
0,-0.013924813829362392,s042
0,-0.01276294607669115,s042
0,-0.009897860698401928,s042
0,-0.03431854769587517,s042
0,-0.015416552312672138,s042
0,-0.029896050691604614,s042
0,-0.010783865116536617,s042
0,-0.01599220000207424,s042
0,-0.03096677176654339,s042
0,-0.009960776194930077,s042
0,-0.009402589872479439,s042
0,-0.030413862317800522,s042
0,-0.016106555238366127,s042
0,-0.010039749555289745,s042
0,-0.010029585100710392,s042
0,-0.012952089309692383,s042
0,-0.020436067134141922,s042
0,-0.004085477441549301,s042
0,-0.06299743056297302,s042
0,-0.00827333889901638,s042
0,-0.01035735197365284,s042
0,-0.007023525889962912,s042
0,-0.015394780784845352,s042
0,-0.03484034165740013,s042
0,-0.04040585830807686,s042
0,-0.01705045998096466,s042
0,-0.0031803552992641926,s042
0,-0.09121078997850418,s042
0,-0.022404450923204422,s042
0,-0.01136045716702938,s042
0,-0.004366164095699787,s042
0,-0.009173723869025707,s042
0,-0.022398311644792557,s042
0,-0.022043630480766296,s042
0,-0.013841608539223671,s042
0,-0.04957210645079613,s042
0,-0.005163449794054031,s042
0,-0.009479830972850323,s042
0,-0.008936122991144657,s042
0,-0.008193864487111568,s042
0,-0.019973857328295708,s042
0,-0.0086970878764987,s042
0,-0.0242923516780138,s042
0,-0.008574900217354298,s042
0,-0.05403959006071091,s042
0,-0.016390779986977577,s042
0,-0.01230443362146616,s042
0,-0.006090020760893822,s042
0,-0.015179278329014778,s042
0,-0.011806933209300041,s042
0,-0.09545663744211197,s042
0,-0.01526462659239769,s042
0,-0.011736255139112473,s042
0,-0.012268571183085442,s042
0,-0.007824948988854885,s042
0,-0.023297704756259918,s042
0,-0.028605954721570015,s042
0,-0.02794646844267845,s042
0,-0.025634806603193283,s042
0,-0.06772124022245407,s042
0,-0.01860460825264454,s042
0,-0.10954973846673965,s042
0,-0.061171311885118484,s042
0,-0.006649337243288755,s042
0,-0.009969501756131649,s042
0,-0.020836180076003075,s042
0,-0.014404967427253723,s042
0,-0.015844879671931267,s042
0,-0.03271664306521416,s042
0,-0.04696311056613922,s042
0,-0.010295799002051353,s042
0,-0.04657970368862152,s042
0,-0.013249981217086315,s042
0,-0.018749358132481575,s042
0,-0.011339160613715649,s042
0,-0.04392971098423004,s042
0,-0.013123101554811,s042
0,-0.009139149449765682,s042
0,-0.03055402636528015,s042
0,-0.009220306761562824,s042
0,-0.004144663922488689,s042
0,-0.011904566548764706,s042
0,-0.008200540207326412,s042
0,-0.03051474317908287,s042
1,-0.02240089699625969,s043
1,-0.02145625837147236,s043
1,-0.01884493976831436,s043
1,-0.034998711198568344,s043
1,-0.020467257127165794,s043
1,-0.018275186419487,s043
1,-0.023573776707053185,s043
1,-0.011090707033872604,s043
1,-0.02335132099688053,s043
1,-0.020772399380803108,s043
1,-0.0056071095168590546,s043
1,-0.018139582127332687,s043
1,-0.015420345589518547,s043
1,-0.052475105971097946,s043
1,-0.008067792281508446,s043
1,-0.012176111340522766,s043
1,-0.014298887923359871,s043
1,-0.022107144817709923,s043
1,-0.06260952353477478,s043
1,-0.05272357165813446,s043
1,-0.008191928267478943,s043
1,-0.01666427031159401,s043
1,-0.011704466305673122,s043
1,-0.02824239619076252,s043
1,-0.10018953680992126,s043
1,-0.045346688479185104,s043
1,-0.0383305624127388,s043
1,-0.02859586849808693,s043
1,-0.04427172988653183,s043
1,-0.017816627398133278,s043
1,-0.019975900650024414,s043
1,-0.038523826748132706,s043
1,-0.03755916655063629,s043
1,-0.020654991269111633,s043
1,-0.011476121842861176,s043
1,-0.029706289991736412,s043
1,-0.02251780591905117,s043
1,-0.013920307159423828,s043
1,-0.025051437318325043,s043
1,-0.016978906467556953,s043
1,-0.033367838710546494,s043
1,-0.02731599099934101,s043
1,-0.022593297064304352,s043
1,-0.015428283251821995,s043
1,-0.021078504621982574,s043
1,-0.020114721730351448,s043
1,-0.023900575935840607,s043
1,-0.016336197033524513,s043
1,-0.010918784886598587,s043
1,-0.02441103756427765,s043
1,-0.027625661343336105,s043
1,-0.03540094196796417,s043
1,-0.009073544293642044,s043
1,-0.007204263471066952,s043
1,-0.018578894436359406,s043
1,-0.012269156984984875,s043
1,-0.01656745932996273,s043
1,-0.006810362916439772,s043
1,-0.02132279798388481,s043
1,-0.023267870768904686,s043
1,-0.020629458129405975,s043
1,-0.03998975455760956,s043
1,-0.0419205017387867,s043
1,-0.00820960383862257,s043
1,-0.008918419480323792,s043
1,-0.016612926498055458,s043
1,-0.03602452576160431,s043
1,-0.016482863575220108,s043
1,-0.04989473894238472,s043
1,-0.044483814388513565,s043
1,-0.017890658229589462,s043
1,-0.009823880158364773,s043
1,-0.007020157296210527,s043
1,-0.05219918116927147,s043
1,-0.013486267998814583,s043
1,-0.026006361469626427,s043
1,-0.020578093826770782,s043
1,-0.01545176561921835,s043
1,-0.01881139911711216,s043
1,-0.019443586468696594,s043
1,-0.008794243447482586,s043
1,-0.03269980847835541,s043
1,-0.05697527900338173,s043
1,-0.01490725390613079,s043
1,-0.005494462326169014,s043
1,-0.04015874117612839,s043
1,-0.010858634486794472,s043
1,-0.01728733815252781,s043
1,-0.011071057058870792,s043
1,-0.026661183685064316,s043
1,-0.025556689128279686,s043
1,-0.02002543956041336,s043
1,-0.05613050237298012,s043
1,-0.022190041840076447,s043
1,-0.07483191788196564,s043
1,-0.01108334306627512,s043
1,-0.01030917838215828,s043
1,-0.023505354300141335,s043
1,-0.036329589784145355,s043
1,-0.02590598352253437,s043
1,-0.01162150502204895,s043
1,-0.02319326624274254,s043
1,-0.018497146666049957,s043
1,-0.03420621529221535,s043
1,-0.050095703452825546,s043
1,-0.008135063573718071,s043
1,-0.014372456818819046,s043
1,-0.13096584379673004,s043
1,-0.014319336973130703,s043
1,-0.015100046992301941,s043
1,-0.021570317447185516,s043
1,-0.013183719478547573,s043
1,-0.03812357038259506,s043
1,-0.029011700302362442,s043
1,-0.016960332170128822,s043
1,-0.027693457901477814,s043
1,-0.017175130546092987,s043
1,-0.006931931246072054,s043
1,-0.019945964217185974,s043
1,-0.021441305056214333,s043
1,-0.014448139816522598,s043
1,-0.015352298505604267,s043
1,-0.03602665290236473,s043
1,-0.029835768043994904,s043
1,-0.009838078171014786,s043
1,-0.022720882669091225,s043
1,-0.03299643471837044,s043
1,-0.011762133799493313,s043
1,-0.028640201315283775,s043
1,-0.008683615364134312,s043
1,-0.01951654814183712,s043
1,-0.010603446513414383,s043
1,-0.020759934559464455,s043
1,-0.0131740253418684,s043
1,-0.010468551889061928,s043
1,-0.014424081891775131,s043
1,-0.014156942255795002,s043
1,-0.013168428093194962,s043
1,-0.04653756693005562,s043
1,-0.0650617852807045,s043
1,-0.02737906575202942,s043
1,-0.014036486856639385,s043
1,-0.016703292727470398,s043
1,-0.029071446508169174,s043
1,-0.018660252913832664,s043
1,-0.02309703640639782,s043
1,-0.03471541777253151,s043
1,-0.013114633038640022,s043
1,-0.018653418868780136,s043
1,-0.009088118560612202,s043
1,-0.01187039539217949,s043
1,-0.08747248351573944,s043
1,-0.009045175276696682,s043
1,-0.04686201736330986,s043
1,-0.010573942214250565,s043
1,-0.02485676109790802,s043
1,-0.019741810858249664,s043
1,-0.021833084523677826,s043
1,-0.024949515238404274,s043
1,-0.01678464375436306,s043
1,-0.02337651699781418,s043
1,-0.007937670685350895,s043
1,-0.0189862921833992,s043
1,-0.042827535420656204,s043
1,-0.04304291307926178,s043
1,-0.03069349192082882,s043
1,-0.0272190123796463,s043
1,-1.4554368257522583,s043
1,-0.012494709342718124,s043
1,-0.012682472355663776,s043
1,-0.03973319008946419,s043
1,-0.021849054843187332,s043
1,-0.03526889905333519,s043
1,-0.04605470970273018,s043
1,-0.04584408551454544,s043
1,-0.01815120130777359,s043
1,-0.012849168851971626,s043
1,-0.00753487553447485,s043
1,-0.019715549424290657,s043
1,-0.026172911748290062,s043
1,-0.03920445218682289,s043
1,-0.004237046930938959,s043
1,-0.012275143526494503,s043
1,-0.044844139367341995,s043
1,-0.017092425376176834,s043
1,-0.018514389172196388,s043
1,-0.02310105413198471,s043
1,-0.01668209582567215,s043
1,-0.01991954818367958,s043
1,-0.04256785660982132,s043
1,-0.017199158668518066,s043
1,-0.021640770137310028,s043
1,-0.006361890584230423,s043
1,-0.054979193955659866,s043
1,-0.017390616238117218,s043
1,-0.02325994335114956,s043
1,-0.009486361406743526,s043
1,-0.016494138166308403,s043
1,-0.03022569790482521,s043
1,-0.021969011053442955,s043
0,-0.06040413677692413,s043
0,-0.010267024859786034,s043
0,-0.009501851163804531,s043
0,-0.021215545013546944,s043
0,-0.06293431669473648,s043
0,-0.026222780346870422,s043
0,-0.00719250924885273,s043
0,-0.04791335016489029,s043
0,-0.004277286119759083,s043
0,-0.013372299261391163,s043
0,-0.014478315599262714,s043
0,-0.008399523794651031,s043
0,-0.018128247931599617,s043
0,-0.004936348181217909,s043
0,-0.01655159704387188,s043
0,-0.021915536373853683,s043
0,-0.006490696687251329,s043
0,-0.01151279080659151,s043
0,-0.06980998069047928,s043
0,-0.004494469612836838,s043
0,-0.017867375165224075,s043
0,-0.0277575496584177,s043
0,-0.011037536896765232,s043
0,-0.01824697107076645,s043
0,-0.028538541868329048,s043
0,-0.010411052964627743,s043
0,-0.013655094429850578,s043
0,-0.018043849617242813,s043
0,-0.030407501384615898,s043
0,-0.028275873512029648,s043
0,-0.01553959958255291,s043
0,-0.01763509027659893,s043
0,-0.010798333212733269,s043
0,-0.1549655795097351,s043
0,-0.0057799615897238255,s043
0,-0.017273906618356705,s043
0,-0.009861934930086136,s043
0,-0.01082873810082674,s043
0,-0.007815840654075146,s043
0,-0.00741929467767477,s043
0,-0.009326889179646969,s043
0,-0.037467874586582184,s043
0,-0.003658240893855691,s043
0,-0.018555892631411552,s043
0,-0.01211829949170351,s043
0,-0.0171493086963892,s043
0,-0.0039353440515697,s043
0,-0.015105916187167168,s043
0,-0.00658276304602623,s043
0,-0.028024932369589806,s043
0,-0.03737158700823784,s043
0,-0.013484467752277851,s043
0,-0.05393783375620842,s043
0,-0.010570279322564602,s043
0,-0.030580589547753334,s043
0,-0.019942311570048332,s043
0,-0.009899787604808807,s043
0,-0.009580542333424091,s043
0,-0.00760472659021616,s043
0,-0.06249866262078285,s043
0,-0.033250514417886734,s043
0,-0.004907235968858004,s043
0,-0.014222575351595879,s043
0,-0.017244720831513405,s043
0,-0.01838766224682331,s043
0,-0.08436544239521027,s043
0,-0.01076222863048315,s043
0,-0.013937532901763916,s043
0,-0.019801663234829903,s043
0,-0.007377877831459045,s043
0,-0.038782499730587006,s043
0,-0.06192396208643913,s043
0,-0.07352923601865768,s043
0,-0.012454748153686523,s043
0,-0.008208065293729305,s043
0,-0.06459015607833862,s043
0,-0.0034259911626577377,s043
0,-0.009569418616592884,s043
0,-0.02653081715106964,s043
0,-0.04666714370250702,s043
0,-0.005426125135272741,s043
0,-0.009004700928926468,s043
0,-0.036210279911756516,s043
0,-0.013894530013203621,s043
0,-0.006699433550238609,s043
0,-0.008134645409882069,s043
0,-0.014483366161584854,s043
0,-0.010133632458746433,s043
0,-0.009077628143131733,s043
0,-0.008774328045547009,s043
0,-0.012475177645683289,s043
0,-0.01639421284198761,s043
0,-0.009081102907657623,s043
0,-0.024405431002378464,s043
0,-0.031938642263412476,s043
0,-0.06878852844238281,s043
0,-0.007928436622023582,s043
0,-0.02119833417236805,s043
0,-0.03909512981772423,s043
0,-0.038999926298856735,s043
0,-0.01016013603657484,s043
0,-0.004105383530259132,s043
0,-0.005281948484480381,s043
0,-0.004980200901627541,s043
0,-0.03627487272024155,s043
0,-0.00848735123872757,s043
0,-0.003882910590618849,s043
0,-0.0030460061971098185,s043
0,-0.00930417887866497,s043
0,-0.013226382434368134,s043
0,-0.09143570065498352,s043
0,-0.12207930535078049,s043
0,-0.09453354775905609,s043
0,-0.01123981922864914,s043
0,-0.04053117334842682,s043
0,-0.027661960572004318,s043
0,-0.013924813829362392,s043
0,-0.01276294607669115,s043
0,-0.009897860698401928,s043
0,-0.03431854769587517,s043
0,-0.015416552312672138,s043
0,-0.029896050691604614,s043
0,-0.010783865116536617,s043
0,-0.01599220000207424,s043
0,-0.03096677176654339,s043
0,-0.009960776194930077,s043
0,-0.009402589872479439,s043
0,-0.030413862317800522,s043
0,-0.016106555238366127,s043
0,-0.010039749555289745,s043
0,-0.010029585100710392,s043
0,-0.021424245089292526,s043
0,-0.020436067134141922,s043
0,-0.004085477441549301,s043
0,-0.06299743056297302,s043
0,-0.00827333889901638,s043
0,-0.01035735197365284,s043
0,-0.007023525889962912,s043
0,-0.015394780784845352,s043
0,-0.03484034165740013,s043
0,-0.04040585830807686,s043
0,-0.01705045998096466,s043
0,-0.0031803552992641926,s043
0,-0.09121078997850418,s043
0,-0.022404450923204422,s043
0,-0.01136045716702938,s043
0,-0.004366164095699787,s043
0,-0.009173723869025707,s043
0,-0.022398311644792557,s043
0,-0.022043630480766296,s043
0,-0.013841608539223671,s043
0,-0.04957210645079613,s043
0,-0.005163449794054031,s043
0,-0.009479830972850323,s043
0,-0.008936122991144657,s043
0,-0.008193864487111568,s043
0,-0.019973857328295708,s043
0,-0.0086970878764987,s043
0,-0.0242923516780138,s043
0,-0.008574900217354298,s043
0,-0.05403959006071091,s043
0,-0.016390779986977577,s043
0,-0.01230443362146616,s043
0,-0.006090020760893822,s043
0,-0.015179278329014778,s043
0,-0.011806933209300041,s043
0,-0.09545663744211197,s043
0,-0.01526462659239769,s043
0,-0.011736255139112473,s043
0,-0.012268571183085442,s043
0,-0.007824948988854885,s043
0,-0.023297704756259918,s043
0,-0.028605954721570015,s043
0,-0.02794646844267845,s043
0,-0.025634806603193283,s043
0,-0.06772124022245407,s043
0,-0.01860460825264454,s043
0,-0.10954973846673965,s043
0,-0.061171311885118484,s043
0,-0.006649337243288755,s043
0,-0.009969501756131649,s043
0,-0.020836180076003075,s043
0,-0.014404967427253723,s043
0,-0.015844879671931267,s043
0,-0.03271664306521416,s043
0,-0.04696311056613922,s043
0,-0.010295799002051353,s043
0,-0.04657970368862152,s043
0,-0.013249981217086315,s043
0,-0.018749358132481575,s043
0,-0.011339160613715649,s043
0,-0.04392971098423004,s043
0,-0.013123101554811,s043
0,-0.009139149449765682,s043
0,-0.03055402636528015,s043
0,-0.009220306761562824,s043
0,-0.004144663922488689,s043
0,-0.011904566548764706,s043
0,-0.008200540207326412,s043
0,-0.03051474317908287,s043
1,-0.013975532725453377,s044
1,-0.05615993216633797,s044
1,-0.011234642006456852,s044
1,-0.01881498470902443,s044
1,-0.007143809460103512,s044
1,-0.03897072747349739,s044
1,-0.010721241123974323,s044
1,-0.008132087998092175,s044
1,-0.019263125956058502,s044
1,-0.01893404684960842,s044
1,-0.016868997365236282,s044
1,-0.015870017930865288,s044
1,-0.010840266942977905,s044
1,-0.08368346095085144,s044
1,-0.028895726427435875,s044
1,-0.02365969493985176,s044
1,-0.005057922098785639,s044
1,-0.013900958932936192,s044
1,-0.021183520555496216,s044
1,-0.018254557624459267,s044
1,-0.010192271322011948,s044
1,-0.018345914781093597,s044
1,-0.009639691561460495,s044
1,-0.012613121420145035,s044
1,-0.011690518818795681,s044
1,-0.011367659084498882,s044
1,-0.005359763745218515,s044
1,-0.01272814255207777,s044
1,-0.00971568375825882,s044
1,-0.009754286147654057,s044
1,-0.02261464297771454,s044
1,-0.0085796182975173,s044
1,-0.005959121510386467,s044
1,-0.0033735865727066994,s044
1,-0.013815346173942089,s044
1,-0.00812002457678318,s044
1,-0.0152452252805233,s044
1,-0.006674733944237232,s044
1,-0.0328032523393631,s044
1,-0.008060140535235405,s044
1,-0.0039140633307397366,s044
1,-0.008051483891904354,s044
1,-0.012735200114548206,s044
1,-0.061563365161418915,s044
1,-0.008549395948648453,s044
1,-0.014548394829034805,s044
1,-0.0099765844643116,s044
1,-0.01363463420420885,s044
1,-0.015456009656190872,s044
1,-0.01325434073805809,s044
1,-0.007416954264044762,s044
1,-0.011090516112744808,s044
1,-0.008940044790506363,s044
1,-0.006707778666168451,s044
1,-0.012341544963419437,s044
1,-0.01339966431260109,s044
1,-0.03707292675971985,s044
1,-0.009864944964647293,s044
1,-0.002457479713484645,s044
1,-0.011742695234715939,s044
1,-0.01185692474246025,s044
1,-0.015897072851657867,s044
1,-0.015205119736492634,s044
1,-0.009622176177799702,s044
1,-0.009302872233092785,s044
1,-0.004597099963575602,s044
1,-0.045892197638750076,s044
1,-0.02664944715797901,s044
1,-0.019164998084306717,s044
1,-0.12969204783439636,s044
1,-0.005911847576498985,s044
1,-0.013393105007708073,s044
1,-0.006383017171174288,s044
1,-0.028428783640265465,s044
1,-0.02926916629076004,s044
1,-0.0292679276317358,s044
1,-0.004321426153182983,s044
1,-0.010135192424058914,s044
1,-0.014302212744951248,s044
1,-0.0046103838831186295,s044
1,-0.01297367736697197,s044
1,-0.008277722634375095,s044
1,-0.021644197404384613,s044
1,-0.009441510774195194,s044
1,-0.009880885481834412,s044
1,-0.021159453317523003,s044
1,-0.00898794922977686,s044
1,-0.010659730061888695,s044
1,-0.012380886822938919,s044
1,-0.0091323833912611,s044
1,-0.02720310166478157,s044
1,-0.009022759273648262,s044
1,-0.007811473682522774,s044
1,-0.010933411307632923,s044
1,-0.11020997166633606,s044
1,-0.017387712374329567,s044
1,-0.016054803505539894,s044
1,-0.052928242832422256,s044
1,-0.02871866710484028,s044
1,-0.017850760370492935,s044
1,-0.012671339325606823,s044
1,-0.00623646704480052,s044
1,-0.025422798469662666,s044
1,-0.010864119976758957,s044
1,-0.01370554231107235,s044
1,-0.008146684616804123,s044
1,-0.02868441492319107,s044
1,-0.011149164289236069,s044
1,-0.01009595487266779,s044
1,-0.006193270906805992,s044
1,-0.006294109858572483,s044
1,-0.022135432809591293,s044
1,-0.015587668865919113,s044
1,-0.01457253284752369,s044
1,-0.018262600526213646,s044
1,-0.01304016076028347,s044
1,-0.011970399878919125,s044
1,-0.006057122256606817,s044
1,-0.011000288650393486,s044
1,-0.007647528313100338,s044
1,-0.016123857349157333,s044
1,-0.019994864240288734,s044
1,-0.03317192196846008,s044
1,-0.005859910044819117,s044
1,-0.008562853559851646,s044
1,-0.024496497586369514,s044
1,-0.023695698007941246,s044
1,-0.02718403749167919,s044
1,-0.02634468674659729,s044
1,-0.007744524162262678,s044
1,-0.00484834099188447,s044
1,-0.01641320437192917,s044
1,-0.08517342805862427,s044
1,-0.030267463997006416,s044
1,-0.010314350947737694,s044
1,-0.012738259509205818,s044
1,-0.0139129888266325,s044
1,-0.0060145072638988495,s044
1,-0.01944386586546898,s044
1,-0.01056079100817442,s044
1,-0.005461184307932854,s044
1,-0.015323453582823277,s044
1,-0.003676016815006733,s044
1,-0.019037114456295967,s044
1,-0.02698608487844467,s044
1,-0.013144600205123425,s044
1,-0.010377731174230576,s044
1,-0.021268628537654877,s044
1,-0.003421348286792636,s044
1,-0.005076962988823652,s044
1,-0.013247566297650337,s044
1,-0.057046473026275635,s044
1,-0.014321678318083286,s044
1,-0.009444753639400005,s044
1,-0.01322769932448864,s044
1,-0.016518693417310715,s044
1,-0.006612749304622412,s044
1,-0.015298053622245789,s044
1,-0.029452519491314888,s044
1,-0.04861509054899216,s044
1,-0.014859795570373535,s044
1,-0.020434023812413216,s044
1,-0.008014753460884094,s044
1,-0.010203086771070957,s044
1,-0.022691495716571808,s044
1,-0.008181043900549412,s044
1,-0.00692728953436017,s044
1,-0.012981344014406204,s044
1,-0.05118672549724579,s044
1,-0.019867515191435814,s044
1,-0.008442189544439316,s044
1,-0.0086970878764987,s044
1,-0.015613188035786152,s044
1,-0.02474493905901909,s044
1,-0.05145081505179405,s044
1,-0.005190869327634573,s044
1,-0.008697029203176498,s044
1,-0.012280892580747604,s044
1,-0.019285622984170914,s044
1,-0.0066722058691084385,s044
1,-0.01745939999818802,s044
1,-0.005966744385659695,s044
1,-0.010015119798481464,s044
1,-0.024626469239592552,s044
1,-0.008905666880309582,s044
1,-0.009063717909157276,s044
1,-0.019072359427809715,s044
1,-0.009482516907155514,s044
1,-0.004665786400437355,s044
1,-0.015369678847491741,s044
1,-0.008202141150832176,s044
1,-0.008819147944450378,s044
1,-0.015250859782099724,s044
1,-0.007023726124316454,s044
1,-0.004650105722248554,s044
1,-0.015530137345194817,s044
1,-0.026150979101657867,s044
1,-0.04411735013127327,s044
1,-0.011593254283070564,s044
1,-0.010767059400677681,s044
0,-0.06040413677692413,s044
0,-0.010267024859786034,s044
0,-0.009501851163804531,s044
0,-0.021215545013546944,s044
0,-0.06293431669473648,s044
0,-0.026222780346870422,s044
0,-0.00719250924885273,s044
0,-0.04791335016489029,s044
0,-0.004277286119759083,s044
0,-0.013372299261391163,s044
0,-0.014478315599262714,s044
0,-0.008399523794651031,s044
0,-0.018128247931599617,s044
0,-0.004936348181217909,s044
0,-0.01655159704387188,s044
0,-0.021915536373853683,s044
0,-0.006490696687251329,s044
0,-0.01151279080659151,s044
0,-0.06980998069047928,s044
0,-0.004494469612836838,s044
0,-0.017867375165224075,s044
0,-0.0277575496584177,s044
0,-0.011037536896765232,s044
0,-0.01824697107076645,s044
0,-0.028538541868329048,s044
0,-0.010411052964627743,s044
0,-0.013655094429850578,s044
0,-0.018043849617242813,s044
0,-0.030407501384615898,s044
0,-0.028275873512029648,s044
0,-0.01553959958255291,s044
0,-0.01763509027659893,s044
0,-0.010798333212733269,s044
0,-0.1549655795097351,s044
0,-0.0057799615897238255,s044
0,-0.017273906618356705,s044
0,-0.009861934930086136,s044
0,-0.01082873810082674,s044
0,-0.007815840654075146,s044
0,-0.00741929467767477,s044
0,-0.009326889179646969,s044
0,-0.037467874586582184,s044
0,-0.003658240893855691,s044
0,-0.018555892631411552,s044
0,-0.01211829949170351,s044
0,-0.0171493086963892,s044
0,-0.0039353440515697,s044
0,-0.015105916187167168,s044
0,-0.00658276304602623,s044
0,-0.028024932369589806,s044
0,-0.03737158700823784,s044
0,-0.013484467752277851,s044
0,-0.05393783375620842,s044
0,-0.010570279322564602,s044
0,-0.030580589547753334,s044
0,-0.019942311570048332,s044
0,-0.009899787604808807,s044
0,-0.009580542333424091,s044
0,-0.00760472659021616,s044
0,-0.06249866262078285,s044
0,-0.033250514417886734,s044
0,-0.004907235968858004,s044
0,-0.014222575351595879,s044
0,-0.017244720831513405,s044
0,-0.01838766224682331,s044
0,-0.08436544239521027,s044
0,-0.01076222863048315,s044
0,-0.013937532901763916,s044
0,-0.019801663234829903,s044
0,-0.007377877831459045,s044
0,-0.038782499730587006,s044
0,-0.06192396208643913,s044
0,-0.07352923601865768,s044
0,-0.012454748153686523,s044
0,-0.008208065293729305,s044
0,-0.06459015607833862,s044
0,-0.0034259911626577377,s044
0,-0.009569418616592884,s044
0,-0.02653081715106964,s044
0,-0.04666714370250702,s044
0,-0.005426125135272741,s044
0,-0.009004700928926468,s044
0,-0.036210279911756516,s044
0,-0.013894530013203621,s044
0,-0.006699433550238609,s044
0,-0.008134645409882069,s044
0,-0.014483366161584854,s044
0,-0.010133632458746433,s044
0,-0.009077628143131733,s044
0,-0.008774328045547009,s044
0,-0.012475177645683289,s044
0,-0.01639421284198761,s044
0,-0.009081102907657623,s044
0,-0.024405431002378464,s044
0,-0.031938642263412476,s044
0,-0.06878852844238281,s044
0,-0.007928436622023582,s044
0,-0.02119833417236805,s044
0,-0.05723065137863159,s044
0,-0.038999926298856735,s044
0,-0.01016013603657484,s044
0,-0.004105383530259132,s044
0,-0.005281948484480381,s044
0,-0.004980200901627541,s044
0,-0.04514244571328163,s044
0,-0.00848735123872757,s044
0,-0.003882910590618849,s044
0,-0.0030460061971098185,s044
0,-0.00930417887866497,s044
0,-0.013226382434368134,s044
0,-0.09143570065498352,s044
0,-0.12207930535078049,s044
0,-0.09453354775905609,s044
0,-0.01123981922864914,s044
0,-0.04053117334842682,s044
0,-0.027661960572004318,s044
0,-0.013924813829362392,s044
0,-0.01276294607669115,s044
0,-0.009897860698401928,s044
0,-0.03431854769587517,s044
0,-0.015416552312672138,s044
0,-0.029896050691604614,s044
0,-0.010783865116536617,s044
0,-0.01599220000207424,s044
0,-0.03096677176654339,s044
0,-0.009960776194930077,s044
0,-0.009402589872479439,s044
0,-0.030413862317800522,s044
0,-0.016106555238366127,s044
0,-0.010039749555289745,s044
0,-0.010029585100710392,s044
0,-0.021424245089292526,s044
0,-0.020436067134141922,s044
0,-0.004085477441549301,s044
0,-0.06299743056297302,s044
0,-0.00827333889901638,s044
0,-0.01035735197365284,s044
0,-0.007023525889962912,s044
0,-0.015394780784845352,s044
0,-0.03484034165740013,s044
0,-0.04040585830807686,s044
0,-0.01705045998096466,s044
0,-0.0031803552992641926,s044
0,-0.09121078997850418,s044
0,-0.022404450923204422,s044
0,-0.01136045716702938,s044
0,-0.004366164095699787,s044
0,-0.009173723869025707,s044
0,-0.022398311644792557,s044
0,-0.022043630480766296,s044
0,-0.013841608539223671,s044
0,-0.04957210645079613,s044
0,-0.005163449794054031,s044
0,-0.009479830972850323,s044
0,-0.008936122991144657,s044
0,-0.008193864487111568,s044
0,-0.019973857328295708,s044
0,-0.021849054843187332,s044
0,-0.0242923516780138,s044
0,-0.008574900217354298,s044
0,-0.05403959006071091,s044
0,-0.016390779986977577,s044
0,-0.01230443362146616,s044
0,-0.006090020760893822,s044
0,-0.015179278329014778,s044
0,-0.011806933209300041,s044
0,-0.09545663744211197,s044
0,-0.01526462659239769,s044
0,-0.011736255139112473,s044
0,-0.012268571183085442,s044
0,-0.007824948988854885,s044
0,-0.023297704756259918,s044
0,-0.028605954721570015,s044
0,-0.02794646844267845,s044
0,-0.025634806603193283,s044
0,-0.06772124022245407,s044
0,-0.01860460825264454,s044
0,-0.10954973846673965,s044
0,-0.061171311885118484,s044
0,-0.006649337243288755,s044
0,-0.009969501756131649,s044
0,-0.020836180076003075,s044
0,-0.014404967427253723,s044
0,-0.029440760612487793,s044
0,-0.03271664306521416,s044
0,-0.04696311056613922,s044
0,-0.010295799002051353,s044
0,-0.04657970368862152,s044
0,-0.013249981217086315,s044
0,-0.018749358132481575,s044
0,-0.011339160613715649,s044
0,-0.04392971098423004,s044
0,-0.013123101554811,s044
0,-0.009139149449765682,s044
0,-0.03055402636528015,s044
0,-0.009220306761562824,s044
0,-0.004144663922488689,s044
0,-0.011904566548764706,s044
0,-0.008200540207326412,s044
0,-0.03051474317908287,s044
1,-0.005435296334326267,s046
1,-0.014141912572085857,s046
1,-0.020586566999554634,s046
1,-0.019736412912607193,s046
1,-0.01839209720492363,s046
1,-0.025766275823116302,s046
1,-0.03106377273797989,s046
1,-0.003238399513065815,s046
1,-0.0319293737411499,s046
1,-0.017753979191184044,s046
1,-0.00779797974973917,s046
1,-0.030580291524529457,s046
1,-0.01654483564198017,s046
1,-0.010026664473116398,s046
1,-0.01162249967455864,s046
1,-0.004711251240223646,s046
1,-0.0147164948284626,s046
1,-0.010773086920380592,s046
1,-0.022661112248897552,s046
1,-0.05594051629304886,s046
1,-0.010792865417897701,s046
1,-0.003987246658653021,s046
1,-0.08610227704048157,s046
1,-0.010560180991888046,s046
1,-0.023736510425806046,s046
1,-0.057757291942834854,s046
1,-0.010767966508865356,s046
1,-0.017652325332164764,s046
1,-0.022526435554027557,s046
1,-0.024043699726462364,s046
1,-0.007674352265894413,s046
1,-0.051807090640068054,s046
1,-0.004186132922768593,s046
1,-0.03084477037191391,s046
1,-0.006482813041657209,s046
1,-0.012014135718345642,s046
1,-0.017462171614170074,s046
1,-0.006485368590801954,s046
1,-0.01100307796150446,s046
1,-0.009244920685887337,s046
1,-0.013394873589277267,s046
1,-0.009851042181253433,s046
1,-0.008115088567137718,s046
1,-0.014198778197169304,s046
1,-0.003782391082495451,s046
1,-0.03865673020482063,s046
1,-0.015299149788916111,s046
1,-0.007727779448032379,s046
1,-0.015011112205684185,s046
1,-0.023623162880539894,s046
1,-0.006182570476084948,s046
1,-0.018570220097899437,s046
1,-0.012085148133337498,s046
1,-0.007273449562489986,s046
1,-0.003142364090308547,s046
1,-0.021340524777770042,s046
1,-0.058701515197753906,s046
1,-0.029232939705252647,s046
1,-0.0072051603347063065,s046
1,-0.023957625031471252,s046
1,-0.016765471547842026,s046
1,-0.029720298945903778,s046
1,-0.014927135780453682,s046
1,-0.04146527498960495,s046
1,-0.011823756620287895,s046
1,-0.0244080051779747,s046
1,-0.012418541125953197,s046
1,-0.013299066573381424,s046
1,-0.019973699003458023,s046
1,-0.0216792244464159,s046
1,-0.019710518419742584,s046
1,-0.004939942620694637,s046
1,-0.020121347159147263,s046
1,-0.014148556627333164,s046
1,-0.013301534578204155,s046
1,-0.00740711810067296,s046
1,-0.02393238991498947,s046
1,-0.004178283270448446,s046
1,-0.013594971038401127,s046
1,-0.019921762868762016,s046
1,-0.013429716229438782,s046
1,-0.013257285580039024,s046
1,-0.0181159358471632,s046
1,-0.014510512351989746,s046
1,-0.004928668960928917,s046
1,-0.023090369999408722,s046
1,-0.02100531943142414,s046
1,-0.023933861404657364,s046
1,-0.00807338859885931,s046
1,-0.013862485066056252,s046
1,-0.0023180791176855564,s046
1,-0.0056603169068694115,s046
1,-0.012333988212049007,s046
1,-0.01784207485616207,s046
1,-0.07737144082784653,s046
1,-0.003798538586124778,s046
1,-0.019530603662133217,s046
1,-0.017100466415286064,s046
1,-0.03411258012056351,s046
1,-0.016971072182059288,s046
1,-0.014179645106196404,s046
1,-0.004255613777786493,s046
1,-0.005478739272803068,s046
1,-0.0327627956867218,s046
1,-0.014489107765257359,s046
1,-0.06848105788230896,s046
1,-0.026572557166218758,s046
1,-0.012450882233679295,s046
1,-0.04301794618368149,s046
1,-0.0066979010589420795,s046
1,-0.08522722870111465,s046
1,-0.005402278155088425,s046
1,-0.0060300398617982864,s046
1,-0.0048938109539449215,s046
1,-0.042239852249622345,s046
1,-0.020739974454045296,s046
1,-0.007384822703897953,s046
1,-0.011352121829986572,s046
1,-0.010235169902443886,s046
1,-0.0034670119639486074,s046
1,-0.016177019104361534,s046
1,-0.03413285315036774,s046
1,-0.027333717793226242,s046
1,-0.004085076041519642,s046
1,-0.00817803107202053,s046
1,-0.014195498079061508,s046
1,-0.013038557954132557,s046
1,-0.05531581863760948,s046
1,-0.07322314381599426,s046
1,-0.005768762435764074,s046
1,-0.015027390792965889,s046
1,-0.007437821943312883,s046
1,-0.02162761799991131,s046
1,-0.01142077799886465,s046
1,-0.022507518529891968,s046
1,-0.015538967214524746,s046
1,-0.02308283932507038,s046
1,-0.019718319177627563,s046
1,-0.026630522683262825,s046
1,-0.023018142208456993,s046
1,-0.04749481379985809,s046
1,-0.011332855559885502,s046
1,-0.014491822570562363,s046
1,-0.017638487741351128,s046
1,-0.015349351800978184,s046
1,-0.007428474724292755,s046
1,-0.0170543622225523,s046
1,-0.012250678613781929,s046
1,-0.01365908794105053,s046
1,-0.013683987781405449,s046
1,-0.022424429655075073,s046
1,-0.043346110731363297,s046
1,-0.030263900756835938,s046
1,-0.008340874686837196,s046
1,-0.02066308632493019,s046
1,-0.010080698877573013,s046
1,-0.009939637035131454,s046
1,-0.02519289031624794,s046
1,-0.050939932465553284,s046
1,-0.0037835566326975822,s046
1,-0.00428994745016098,s046
1,-0.01709417998790741,s046
1,-0.01819443516433239,s046
1,-0.04804268851876259,s046
1,-0.04082907363772392,s046
1,-0.028599461540579796,s046
1,-0.019646285101771355,s046
1,-0.005763771943747997,s046
1,-0.0799395963549614,s046
1,-0.007897092029452324,s046
1,-0.004600254353135824,s046
1,-0.03031991980969906,s046
1,-0.02105177566409111,s046
1,-0.019828086718916893,s046
1,-0.017963750287890434,s046
1,-0.010816581547260284,s046
1,-0.007448886055499315,s046
1,-0.02954220026731491,s046
1,-0.009565704502165318,s046
1,-0.011673225089907646,s046
1,-0.010912890546023846,s046
1,-0.004949646070599556,s046
1,-0.008717190474271774,s046
1,-0.042600568383932114,s046
1,-0.007294951006770134,s046
1,-0.009713622741401196,s046
1,-0.010198153555393219,s046
1,-0.014911888167262077,s046
1,-0.012350816279649734,s046
1,-0.022216949611902237,s046
1,-0.012396123260259628,s046
1,-0.011567346751689911,s046
1,-0.0075309742242097855,s046
1,-0.005508256144821644,s046
1,-0.006947403773665428,s046
1,-0.013825111091136932,s046
1,-0.009241997264325619,s046
1,-0.04886655882000923,s046
1,-0.013595564290881157,s046
1,-0.010374109260737896,s046
0,-0.06040413677692413,s046
0,-0.010267024859786034,s046
0,-0.009501851163804531,s046
0,-0.021215545013546944,s046
0,-0.06293431669473648,s046
0,-0.026222780346870422,s046
0,-0.00719250924885273,s046
0,-0.04791335016489029,s046
0,-0.004277286119759083,s046
0,-0.013372299261391163,s046
0,-0.014478315599262714,s046
0,-0.008399523794651031,s046
0,-0.018128247931599617,s046
0,-0.004936348181217909,s046
0,-0.01655159704387188,s046
0,-0.021915536373853683,s046
0,-0.006490696687251329,s046
0,-0.01151279080659151,s046
0,-0.06980998069047928,s046
0,-0.004494469612836838,s046
0,-0.017867375165224075,s046
0,-0.0277575496584177,s046
0,-0.011037536896765232,s046
0,-0.01824697107076645,s046
0,-0.028538541868329048,s046
0,-0.010411052964627743,s046
0,-0.013655094429850578,s046
0,-0.018043849617242813,s046
0,-0.030407501384615898,s046
0,-0.028275873512029648,s046
0,-0.01553959958255291,s046
0,-0.01763509027659893,s046
0,-0.010798333212733269,s046
0,-0.1549655795097351,s046
0,-0.0057799615897238255,s046
0,-0.017273906618356705,s046
0,-0.009861934930086136,s046
0,-0.01082873810082674,s046
0,-0.007815840654075146,s046
0,-0.00741929467767477,s046
0,-0.009326889179646969,s046
0,-0.037467874586582184,s046
0,-0.003658240893855691,s046
0,-0.018555892631411552,s046
0,-0.01211829949170351,s046
0,-0.0171493086963892,s046
0,-0.0039353440515697,s046
0,-0.015105916187167168,s046
0,-0.00658276304602623,s046
0,-0.028024932369589806,s046
0,-0.03737158700823784,s046
0,-0.013484467752277851,s046
0,-0.05393783375620842,s046
0,-0.010570279322564602,s046
0,-0.030580589547753334,s046
0,-0.019942311570048332,s046
0,-0.009899787604808807,s046
0,-0.009580542333424091,s046
0,-0.00760472659021616,s046
0,-0.06249866262078285,s046
0,-0.033250514417886734,s046
0,-0.004907235968858004,s046
0,-0.014222575351595879,s046
0,-0.017244720831513405,s046
0,-0.01838766224682331,s046
0,-0.08436544239521027,s046
0,-0.01076222863048315,s046
0,-0.013937532901763916,s046
0,-0.019801663234829903,s046
0,-0.007377877831459045,s046
0,-0.038782499730587006,s046
0,-0.06192396208643913,s046
0,-0.07352923601865768,s046
0,-0.04485625401139259,s046
0,-0.008208065293729305,s046
0,-0.06459015607833862,s046
0,-0.0034259911626577377,s046
0,-0.009569418616592884,s046
0,-0.02653081715106964,s046
0,-0.04666714370250702,s046
0,-0.005426125135272741,s046
0,-0.009004700928926468,s046
0,-0.036210279911756516,s046
0,-0.013894530013203621,s046
0,-0.006699433550238609,s046
0,-0.008134645409882069,s046
0,-0.014483366161584854,s046
0,-0.011852829717099667,s046
0,-0.009077628143131733,s046
0,-0.008774328045547009,s046
0,-0.012475177645683289,s046
0,-0.01639421284198761,s046
0,-0.009081102907657623,s046
0,-0.024405431002378464,s046
0,-0.031938642263412476,s046
0,-0.06878852844238281,s046
0,-0.007928436622023582,s046
0,-0.02119833417236805,s046
0,-0.05723065137863159,s046
0,-0.038999926298856735,s046
0,-0.01016013603657484,s046
0,-0.004105383530259132,s046
0,-0.005281948484480381,s046
0,-0.004980200901627541,s046
0,-0.04514244571328163,s046
0,-0.00848735123872757,s046
0,-0.003882910590618849,s046
0,-0.0030460061971098185,s046
0,-0.00930417887866497,s046
0,-0.013226382434368134,s046
0,-0.09143570065498352,s046
0,-0.12207930535078049,s046
0,-0.09453354775905609,s046
0,-0.01123981922864914,s046
0,-0.04053117334842682,s046
0,-0.027661960572004318,s046
0,-0.013924813829362392,s046
0,-0.01276294607669115,s046
0,-0.009897860698401928,s046
0,-0.03431854769587517,s046
0,-0.015416552312672138,s046
0,-0.029896050691604614,s046
0,-0.010783865116536617,s046
0,-0.01599220000207424,s046
0,-0.010063713416457176,s046
0,-0.009960776194930077,s046
0,-0.009402589872479439,s046
0,-0.030413862317800522,s046
0,-0.016106555238366127,s046
0,-0.010039749555289745,s046
0,-0.010029585100710392,s046
0,-0.021424245089292526,s046
0,-0.020436067134141922,s046
0,-0.004085477441549301,s046
0,-0.06299743056297302,s046
0,-0.00827333889901638,s046
0,-0.01035735197365284,s046
0,-0.007023525889962912,s046
0,-0.015394780784845352,s046
0,-0.03484034165740013,s046
0,-0.04040585830807686,s046
0,-0.01705045998096466,s046
0,-0.0031803552992641926,s046
0,-0.09121078997850418,s046
0,-0.022404450923204422,s046
0,-0.01136045716702938,s046
0,-0.004366164095699787,s046
0,-0.009173723869025707,s046
0,-0.022398311644792557,s046
0,-0.022043630480766296,s046
0,-0.013841608539223671,s046
0,-0.04957210645079613,s046
0,-0.005163449794054031,s046
0,-0.009479830972850323,s046
0,-0.008936122991144657,s046
0,-0.008193864487111568,s046
0,-0.019973857328295708,s046
0,-0.021849054843187332,s046
0,-0.0242923516780138,s046
0,-0.008574900217354298,s046
0,-0.05403959006071091,s046
0,-0.016390779986977577,s046
0,-0.01230443362146616,s046
0,-0.006090020760893822,s046
0,-0.015179278329014778,s046
0,-0.011806933209300041,s046
0,-0.09545663744211197,s046
0,-0.01526462659239769,s046
0,-0.011736255139112473,s046
0,-0.012268571183085442,s046
0,-0.007824948988854885,s046
0,-0.023297704756259918,s046
0,-0.028605954721570015,s046
0,-0.02794646844267845,s046
0,-0.025634806603193283,s046
0,-0.06772124022245407,s046
0,-0.01860460825264454,s046
0,-0.10954973846673965,s046
0,-0.061171311885118484,s046
0,-0.006649337243288755,s046
0,-0.009969501756131649,s046
0,-0.020836180076003075,s046
0,-0.014404967427253723,s046
0,-0.029440760612487793,s046
0,-0.03271664306521416,s046
0,-0.04696311056613922,s046
0,-0.010295799002051353,s046
0,-0.04657970368862152,s046
0,-0.013249981217086315,s046
0,-0.018749358132481575,s046
0,-0.011339160613715649,s046
0,-0.04392971098423004,s046
0,-0.013123101554811,s046
0,-0.009139149449765682,s046
0,-0.03055402636528015,s046
0,-0.009220306761562824,s046
0,-0.004144663922488689,s046
0,-0.011904566548764706,s046
0,-0.008200540207326412,s046
0,-0.03051474317908287,s046
1,-0.014933722093701363,s047
1,-0.02670580893754959,s047
1,-0.014598909765481949,s047
1,-0.004991349298506975,s047
1,-0.02517082169651985,s047
1,-0.007104360498487949,s047
1,-0.011421503499150276,s047
1,-0.006251328159123659,s047
1,-0.025121167302131653,s047
1,-0.024875720962882042,s047
1,-0.009196803905069828,s047
1,-0.006810454651713371,s047
1,-0.011640041135251522,s047
1,-0.0072414749301970005,s047
1,-0.010588593780994415,s047
1,-0.0068706972524523735,s047
1,-0.016388937830924988,s047
1,-0.013446828350424767,s047
1,-0.08508933335542679,s047
1,-0.045935433357954025,s047
1,-0.012862231582403183,s047
1,-0.020090103149414062,s047
1,-0.025458479300141335,s047
1,-0.008477435447275639,s047
1,-0.020150452852249146,s047
1,-0.02425871044397354,s047
1,-0.1128092110157013,s047
1,-0.010533943772315979,s047
1,-0.00983102060854435,s047
1,-0.02422228269279003,s047
1,-0.02189645729959011,s047
1,-0.03717457130551338,s047
1,-0.027233725413680077,s047
1,-0.020385228097438812,s047
1,-0.019154731184244156,s047
1,-0.011426810175180435,s047
1,-0.017799103632569313,s047
1,-0.011256890371441841,s047
1,-0.01355649158358574,s047
1,-0.004380551632493734,s047
1,-0.006973105948418379,s047
1,-0.011584865860641003,s047
1,-0.006269334815442562,s047
1,-0.010032793506979942,s047
1,-0.019851673394441605,s047
1,-0.018780477344989777,s047
1,-0.01253864448517561,s047
1,-0.048278890550136566,s047
1,-0.039083149284124374,s047
1,-0.025701357051730156,s047
1,-0.007215609773993492,s047
1,-0.0073739090003073215,s047
1,-0.009343498386442661,s047
1,-0.011741249822080135,s047
1,-0.03351183235645294,s047
1,-0.06633630394935608,s047
1,-0.013829587958753109,s047
1,-0.01942921057343483,s047
1,-0.0222916379570961,s047
1,-0.020808804780244827,s047
1,-0.0286903977394104,s047
1,-0.028605107218027115,s047
1,-0.017622025683522224,s047
1,-0.016279170289635658,s047
1,-0.021270081400871277,s047
1,-0.013082663528621197,s047
1,-0.05631912499666214,s047
1,-0.00914184469729662,s047
1,-0.007882703095674515,s047
1,-0.07728883624076843,s047
1,-0.018095090985298157,s047
1,-0.01100323535501957,s047
1,-0.018405279144644737,s047
1,-0.015080036595463753,s047
1,-0.024301286786794662,s047
1,-0.010755036026239395,s047
1,-0.022229069843888283,s047
1,-0.006466072052717209,s047
1,-0.01556586567312479,s047
1,-0.009639031253755093,s047
1,-0.024585461243987083,s047
1,-0.010413422249257565,s047
1,-0.020877651870250702,s047
1,-0.015925057232379913,s047
1,-0.028204845264554024,s047
1,-0.007045460399240255,s047
1,-0.018210163339972496,s047
1,-0.010918245650827885,s047
1,-0.03794417530298233,s047
1,-0.053828589618206024,s047
1,-0.05981086194515228,s047
1,-0.010502097196877003,s047
1,-0.020473293960094452,s047
1,-0.029019657522439957,s047
1,-0.5107753276824951,s047
1,-0.020695380866527557,s047
1,-0.009176017716526985,s047
1,-0.020098503679037094,s047
1,-0.013538438826799393,s047
1,-0.011044935323297977,s047
1,-0.013755221851170063,s047
1,-0.0032166873570531607,s047
1,-0.01232826430350542,s047
1,-0.02496112324297428,s047
1,-0.03410719335079193,s047
1,-0.006701736245304346,s047
1,-0.024180201813578606,s047
1,-0.042739469558000565,s047
1,-0.013461303897202015,s047
1,-0.010633458383381367,s047
1,-0.006917658261954784,s047
1,-0.022891893982887268,s047
1,-0.009035845287144184,s047
1,-0.00900095421820879,s047
1,-0.01960190199315548,s047
1,-0.015239167958498001,s047
1,-0.006504244636744261,s047
1,-0.00301961787045002,s047
1,-0.010086525231599808,s047
1,-0.011003010906279087,s047
1,-0.016247577965259552,s047
1,-0.02626745030283928,s047
1,-0.05147027596831322,s047
1,-0.015539039857685566,s047
1,-0.013983484357595444,s047
1,-0.01796542853116989,s047
1,-0.009502221830189228,s047
1,-0.08965077996253967,s047
1,-0.005468620918691158,s047
1,-0.016394998878240585,s047
1,-0.04103909432888031,s047
1,-0.008206987753510475,s047
1,-0.02493363246321678,s047
1,-0.08333659917116165,s047
1,-0.006857316475361586,s047
1,-0.05032693222165108,s047
1,-0.007061423733830452,s047
1,-0.023740392178297043,s047
1,-0.025577638298273087,s047
1,-0.014926456846296787,s047
1,-0.020826177671551704,s047
1,-0.04517906904220581,s047
1,-0.013468362390995026,s047
1,-0.012185337021946907,s047
1,-0.05334377661347389,s047
1,-0.022702906280755997,s047
1,-0.031250979751348495,s047
1,-0.0045339250937104225,s047
1,-0.007271344307810068,s047
1,-0.018063008785247803,s047
1,-0.05829165503382683,s047
1,-0.030584394931793213,s047
1,-0.014761407859623432,s047
1,-0.14871959388256073,s047
1,-0.00664377398788929,s047
1,-0.03815057501196861,s047
1,-0.018911316990852356,s047
1,-0.019221527501940727,s047
1,-0.0066705020144581795,s047
1,-0.025052441284060478,s047
1,-0.04760005697607994,s047
1,-0.015553144738078117,s047
1,-0.008103817701339722,s047
1,-0.0044291261583566666,s047
1,-0.015247715637087822,s047
1,-0.030500151216983795,s047
1,-0.008583403192460537,s047
1,-0.015602177940309048,s047
1,-0.0070542460307478905,s047
1,-0.03710247576236725,s047
1,-0.0053198132663965225,s047
1,-0.02159251645207405,s047
1,-0.01302417367696762,s047
1,-0.05286218225955963,s047
1,-0.0225369855761528,s047
1,-0.010873397812247276,s047
1,-0.019994301721453667,s047
1,-0.0364818349480629,s047
1,-0.014637980610132217,s047
1,-0.008362215012311935,s047
1,-0.014483954757452011,s047
1,-0.011717223562300205,s047
1,-0.03722032159566879,s047
1,-0.021688155829906464,s047
1,-0.01380264014005661,s047
1,-0.09601317346096039,s047
1,-0.004781241063028574,s047
1,-0.017899449914693832,s047
1,-0.015588412992656231,s047
1,-0.015772081911563873,s047
1,-0.01103932037949562,s047
1,-0.013099703006446362,s047
1,-0.021356994286179543,s047
1,-0.012311521917581558,s047
1,-0.012772592715919018,s047
1,-0.016899988055229187,s047
1,-0.01409873366355896,s047
1,-0.009081895463168621,s047
1,-0.01585703343153,s047
1,-0.1305774301290512,s047
0,-0.06040413677692413,s047
0,-0.010267024859786034,s047
0,-0.009501851163804531,s047
0,-0.021215545013546944,s047
0,-0.06293431669473648,s047
0,-0.026222780346870422,s047
0,-0.00719250924885273,s047
0,-0.04791335016489029,s047
0,-0.004277286119759083,s047
0,-0.013372299261391163,s047
0,-0.014478315599262714,s047
0,-0.008399523794651031,s047
0,-0.018128247931599617,s047
0,-0.004936348181217909,s047
0,-0.01655159704387188,s047
0,-0.021915536373853683,s047
0,-0.006490696687251329,s047
0,-0.01151279080659151,s047
0,-0.06980998069047928,s047
0,-0.004494469612836838,s047
0,-0.017867375165224075,s047
0,-0.0277575496584177,s047
0,-0.011037536896765232,s047
0,-0.01824697107076645,s047
0,-0.028538541868329048,s047
0,-0.010411052964627743,s047
0,-0.013655094429850578,s047
0,-0.018043849617242813,s047
0,-0.030407501384615898,s047
0,-0.028275873512029648,s047
0,-0.01553959958255291,s047
0,-0.01763509027659893,s047
0,-0.010798333212733269,s047
0,-0.1549655795097351,s047
0,-0.0057799615897238255,s047
0,-0.017273906618356705,s047
0,-0.009861934930086136,s047
0,-0.01082873810082674,s047
0,-0.007815840654075146,s047
0,-0.00741929467767477,s047
0,-0.009326889179646969,s047
0,-0.037467874586582184,s047
0,-0.003658240893855691,s047
0,-0.018555892631411552,s047
0,-0.01211829949170351,s047
0,-0.0171493086963892,s047
0,-0.0039353440515697,s047
0,-0.015105916187167168,s047
0,-0.00658276304602623,s047
0,-0.028024932369589806,s047
0,-0.03737158700823784,s047
0,-0.013484467752277851,s047
0,-0.05393783375620842,s047
0,-0.010570279322564602,s047
0,-0.030580589547753334,s047
0,-0.019942311570048332,s047
0,-0.009899787604808807,s047
0,-0.009580542333424091,s047
0,-0.00760472659021616,s047
0,-0.06249866262078285,s047
0,-0.033250514417886734,s047
0,-0.004907235968858004,s047
0,-0.014222575351595879,s047
0,-0.017244720831513405,s047
0,-0.01838766224682331,s047
0,-0.08436544239521027,s047
0,-0.01076222863048315,s047
0,-0.013937532901763916,s047
0,-0.007499087136238813,s047
0,-0.007377877831459045,s047
0,-0.038782499730587006,s047
0,-0.06192396208643913,s047
0,-0.07352923601865768,s047
0,-0.04485625401139259,s047
0,-0.008208065293729305,s047
0,-0.06459015607833862,s047
0,-0.0034259911626577377,s047
0,-0.009569418616592884,s047
0,-0.02653081715106964,s047
0,-0.04666714370250702,s047
0,-0.005426125135272741,s047
0,-0.009004700928926468,s047
0,-0.036210279911756516,s047
0,-0.013894530013203621,s047
0,-0.006699433550238609,s047
0,-0.008134645409882069,s047
0,-0.014483366161584854,s047
0,-0.011852829717099667,s047
0,-0.009077628143131733,s047
0,-0.008774328045547009,s047
0,-0.012475177645683289,s047
0,-0.01639421284198761,s047
0,-0.009081102907657623,s047
0,-0.024405431002378464,s047
0,-0.031938642263412476,s047
0,-0.06878852844238281,s047
0,-0.007928436622023582,s047
0,-0.02119833417236805,s047
0,-0.05723065137863159,s047
0,-0.038999926298856735,s047
0,-0.01016013603657484,s047
0,-0.004105383530259132,s047
0,-0.005281948484480381,s047
0,-0.004980200901627541,s047
0,-0.04514244571328163,s047
0,-0.00848735123872757,s047
0,-0.003882910590618849,s047
0,-0.0030460061971098185,s047
0,-0.00930417887866497,s047
0,-0.013226382434368134,s047
0,-0.09143570065498352,s047
0,-0.12207930535078049,s047
0,-0.09453354775905609,s047
0,-0.01123981922864914,s047
0,-0.04053117334842682,s047
0,-0.027661960572004318,s047
0,-0.013924813829362392,s047
0,-0.01276294607669115,s047
0,-0.009897860698401928,s047
0,-0.03431854769587517,s047
0,-0.015416552312672138,s047
0,-0.029896050691604614,s047
0,-0.010783865116536617,s047
0,-0.01599220000207424,s047
0,-0.010063713416457176,s047
0,-0.009960776194930077,s047
0,-0.009402589872479439,s047
0,-0.030413862317800522,s047
0,-0.016106555238366127,s047
0,-0.010039749555289745,s047
0,-0.010029585100710392,s047
0,-0.021424245089292526,s047
0,-0.020436067134141922,s047
0,-0.004085477441549301,s047
0,-0.06299743056297302,s047
0,-0.00827333889901638,s047
0,-0.01035735197365284,s047
0,-0.007023525889962912,s047
0,-0.015394780784845352,s047
0,-0.03484034165740013,s047
0,-0.04040585830807686,s047
0,-0.01705045998096466,s047
0,-0.0031803552992641926,s047
0,-0.09121078997850418,s047
0,-0.022404450923204422,s047
0,-0.01136045716702938,s047
0,-0.004366164095699787,s047
0,-0.009173723869025707,s047
0,-0.022398311644792557,s047
0,-0.022043630480766296,s047
0,-0.013841608539223671,s047
0,-0.04957210645079613,s047
0,-0.005163449794054031,s047
0,-0.009479830972850323,s047
0,-0.008936122991144657,s047
0,-0.008193864487111568,s047
0,-0.019973857328295708,s047
0,-0.021849054843187332,s047
0,-0.0242923516780138,s047
0,-0.008574900217354298,s047
0,-0.05403959006071091,s047
0,-0.016390779986977577,s047
0,-0.01230443362146616,s047
0,-0.006090020760893822,s047
0,-0.015179278329014778,s047
0,-0.011806933209300041,s047
0,-0.09545663744211197,s047
0,-0.01526462659239769,s047
0,-0.011736255139112473,s047
0,-0.012268571183085442,s047
0,-0.007824948988854885,s047
0,-0.023297704756259918,s047
0,-0.028605954721570015,s047
0,-0.02794646844267845,s047
0,-0.025634806603193283,s047
0,-0.06772124022245407,s047
0,-0.01860460825264454,s047
0,-0.10954973846673965,s047
0,-0.061171311885118484,s047
0,-0.027771716937422752,s047
0,-0.009969501756131649,s047
0,-0.020836180076003075,s047
0,-0.014404967427253723,s047
0,-0.029440760612487793,s047
0,-0.03271664306521416,s047
0,-0.04696311056613922,s047
0,-0.010295799002051353,s047
0,-0.04657970368862152,s047
0,-0.013249981217086315,s047
0,-0.018749358132481575,s047
0,-0.011339160613715649,s047
0,-0.04392971098423004,s047
0,-0.013123101554811,s047
0,-0.009139149449765682,s047
0,-0.03055402636528015,s047
0,-0.009220306761562824,s047
0,-0.004144663922488689,s047
0,-0.011904566548764706,s047
0,-0.008200540207326412,s047
0,-0.03051474317908287,s047
1,-0.008401123806834221,s048
1,-0.007060222327709198,s048
1,-0.009960563853383064,s048
1,-0.006427379325032234,s048
1,-0.01012237835675478,s048
1,-0.004468658473342657,s048
1,-0.009549189358949661,s048
1,-0.007971339859068394,s048
1,-0.0030460061971098185,s048
1,-0.002723023993894458,s048
1,-0.018435606732964516,s048
1,-0.013877566903829575,s048
1,-0.007395047228783369,s048
1,-0.015337109565734863,s048
1,-0.0034940382465720177,s048
1,-0.013631836511194706,s048
1,-0.014364219270646572,s048
1,-0.029934337362647057,s048
1,-0.005472023971378803,s048
1,-0.009728459641337395,s048
1,-0.01920248195528984,s048
1,-0.010289826430380344,s048
1,-0.0019083874067291617,s048
1,-0.004638041369616985,s048
1,-0.1033511608839035,s048
1,-0.0044715856201946735,s048
1,-0.016173074021935463,s048
1,-0.010899323970079422,s048
1,-0.006041575223207474,s048
1,-0.009128738194704056,s048
1,-0.018301254138350487,s048
1,-0.004919230937957764,s048
1,-0.0112588657066226,s048
1,-0.018562080338597298,s048
1,-0.01745779626071453,s048
1,-0.006972599308937788,s048
1,-0.012790614739060402,s048
1,-0.007829681970179081,s048
1,-0.00535804545506835,s048
1,-0.011223866604268551,s048
1,-0.01184876449406147,s048
1,-0.012802939862012863,s048
1,-0.01238594576716423,s048
1,-0.005516017321497202,s048
1,-0.012571667321026325,s048
1,-0.0052023339085280895,s048
1,-0.0072557562962174416,s048
1,-0.015702642500400543,s048
1,-0.009038134478032589,s048
1,-0.004832218401134014,s048
1,-0.007062705233693123,s048
1,-0.010054871439933777,s048
1,-0.024677792564034462,s048
1,-0.002878601662814617,s048
1,-0.006762349512428045,s048
1,-0.012949435971677303,s048
1,-0.03989890590310097,s048
1,-0.009243960492312908,s048
1,-0.013268674723803997,s048
1,-0.0065405117347836494,s048
1,-0.02082648128271103,s048
1,-0.0034509683027863503,s048
1,-0.01063257921487093,s048
1,-0.03558029979467392,s048
1,-0.031422603875398636,s048
1,-0.007633951026946306,s048
1,-0.024488506838679314,s048
1,-0.0066142817959189415,s048
1,-0.0076964665204286575,s048
1,-0.007207075599581003,s048
1,-0.004056895151734352,s048
1,-0.007175365462899208,s048
1,-0.007857274264097214,s048
1,-0.00818963348865509,s048
1,-0.0027707726694643497,s048
1,-0.014270060695707798,s048
1,-0.014174827374517918,s048
1,-0.014235950075089931,s048
1,-0.005379467736929655,s048
1,-0.010698912665247917,s048
1,-0.005276355426758528,s048
1,-0.014595291577279568,s048
1,-0.02137095294892788,s048
1,-0.004005876369774342,s048
1,-0.012981515377759933,s048
1,-0.029176225885748863,s048
1,-0.01125774160027504,s048
1,-0.00966710690408945,s048
1,-0.01004042848944664,s048
1,-0.0014094850048422813,s048
1,-0.010302463546395302,s048
1,-0.021166270598769188,s048
1,-0.008967327885329723,s048
1,-0.02577637881040573,s048
1,-0.01056995615363121,s048
1,-0.004757345654070377,s048
1,-0.008369674906134605,s048
1,-0.003229191293939948,s048
1,-0.007054207846522331,s048
1,-0.007295649964362383,s048
1,-0.0038350634276866913,s048
1,-0.00615291204303503,s048
1,-0.00837633479386568,s048
1,-0.014421694912016392,s048
1,-0.006869575008749962,s048
1,-0.005625063553452492,s048
1,-0.0068304105661809444,s048
1,-0.007173482794314623,s048
1,-0.012911134399473667,s048
1,-0.009450554847717285,s048
1,-0.03347300365567207,s048
1,-0.007854308001697063,s048
1,-0.009763907641172409,s048
1,-0.0167204812169075,s048
1,-0.010873908177018166,s048
1,-0.007844586856663227,s048
1,-0.010909792967140675,s048
1,-0.013901632279157639,s048
1,-0.007815840654075146,s048
1,-0.009881832636892796,s048
1,-0.008563125506043434,s048
1,-0.0038705426268279552,s048
1,-0.010713707655668259,s048
1,-0.006350355222821236,s048
1,-0.010867424309253693,s048
1,-0.005299420561641455,s048
1,-0.00950439739972353,s048
1,-0.008216051384806633,s048
1,-0.0068679992109537125,s048
1,-0.012698161415755749,s048
1,-0.012135904282331467,s048
1,-0.008374539203941822,s048
1,-0.006718410179018974,s048
1,-0.004079859238117933,s048
1,-0.0089834313839674,s048
1,-0.016725389286875725,s048
1,-0.008970196358859539,s048
1,-0.012550716288387775,s048
1,-0.014240723103284836,s048
1,-0.008297864347696304,s048
1,-0.0023709924425929785,s048
1,-0.007491328753530979,s048
1,-0.004364633467048407,s048
1,-0.01166547928005457,s048
1,-0.003524637082591653,s048
1,-0.003934924490749836,s048
1,-0.0047661433927714825,s048
1,-0.005625968798995018,s048
1,-0.0072197564877569675,s048
1,-0.003168086986988783,s048
1,-0.022261139005422592,s048
1,-0.008772865869104862,s048
1,-0.005760362837463617,s048
1,-0.0169923547655344,s048
1,-0.009650228545069695,s048
1,-0.0058462717570364475,s048
1,-0.00789004284888506,s048
1,-0.009860377758741379,s048
1,-0.0049139815382659435,s048
1,-0.006645239423960447,s048
1,-0.024257147684693336,s048
1,-0.006668361369520426,s048
1,-0.003426341339945793,s048
1,-0.00928029790520668,s048
1,-0.0074430424720048904,s048
1,-0.008200540207326412,s048
1,-0.016446858644485474,s048
1,-0.024940988048911095,s048
1,-0.019875111058354378,s048
1,-0.02348269708454609,s048
1,-0.007526509463787079,s048
1,-0.010788753628730774,s048
1,-0.006088342051953077,s048
1,-0.01245303824543953,s048
1,-0.016075273975729942,s048
1,-0.011183731257915497,s048
1,-0.021994901821017265,s048
1,-0.005907362326979637,s048
1,-0.015092415735125542,s048
1,-0.009897232055664062,s048
1,-0.020329514518380165,s048
1,-0.010409426875412464,s048
1,-0.010024077259004116,s048
1,-0.009819933213293552,s048
1,-0.018418945372104645,s048
1,-0.0058576748706400394,s048
1,-0.01180223934352398,s048
1,-0.007981831207871437,s048
1,-0.011930030770599842,s048
1,-0.0020518330857157707,s048
1,-0.005695964675396681,s048
1,-0.0041236309334635735,s048
1,-0.006347827147692442,s048
1,-0.0033680261112749577,s048
1,-0.004444052465260029,s048
1,-0.004657703917473555,s048
1,-0.006759205833077431,s048
1,-0.007795135024935007,s048
1,-0.003373110434040427,s048
1,-0.009921649470925331,s048
0,-0.06040413677692413,s048
0,-0.010267024859786034,s048
0,-0.009501851163804531,s048
0,-0.021215545013546944,s048
0,-0.06293431669473648,s048
0,-0.026222780346870422,s048
0,-0.00719250924885273,s048
0,-0.04791335016489029,s048
0,-0.004277286119759083,s048
0,-0.013372299261391163,s048
0,-0.014478315599262714,s048
0,-0.008399523794651031,s048
0,-0.018128247931599617,s048
0,-0.004936348181217909,s048
0,-0.01655159704387188,s048
0,-0.021915536373853683,s048
0,-0.006490696687251329,s048
0,-0.01151279080659151,s048
0,-0.06980998069047928,s048
0,-0.004494469612836838,s048
0,-0.017867375165224075,s048
0,-0.0277575496584177,s048
0,-0.011037536896765232,s048
0,-0.01824697107076645,s048
0,-0.028538541868329048,s048
0,-0.010411052964627743,s048
0,-0.013655094429850578,s048
0,-0.018043849617242813,s048
0,-0.030407501384615898,s048
0,-0.028275873512029648,s048
0,-0.01553959958255291,s048
0,-0.01763509027659893,s048
0,-0.010798333212733269,s048
0,-0.1549655795097351,s048
0,-0.0057799615897238255,s048
0,-0.017273906618356705,s048
0,-0.009861934930086136,s048
0,-0.01082873810082674,s048
0,-0.010086525231599808,s048
0,-0.00741929467767477,s048
0,-0.009326889179646969,s048
0,-0.037467874586582184,s048
0,-0.003658240893855691,s048
0,-0.018555892631411552,s048
0,-0.01211829949170351,s048
0,-0.0171493086963892,s048
0,-0.0039353440515697,s048
0,-0.015105916187167168,s048
0,-0.00658276304602623,s048
0,-0.028024932369589806,s048
0,-0.03737158700823784,s048
0,-0.013484467752277851,s048
0,-0.05393783375620842,s048
0,-0.010570279322564602,s048
0,-0.030580589547753334,s048
0,-0.019942311570048332,s048
0,-0.009899787604808807,s048
0,-0.009580542333424091,s048
0,-0.00760472659021616,s048
0,-0.06249866262078285,s048
0,-0.033250514417886734,s048
0,-0.004907235968858004,s048
0,-0.014222575351595879,s048
0,-0.017244720831513405,s048
0,-0.01838766224682331,s048
0,-0.08436544239521027,s048
0,-0.01076222863048315,s048
0,-0.013937532901763916,s048
0,-0.007499087136238813,s048
0,-0.007377877831459045,s048
0,-0.038782499730587006,s048
0,-0.06192396208643913,s048
0,-0.07352923601865768,s048
0,-0.04485625401139259,s048
0,-0.008208065293729305,s048
0,-0.06459015607833862,s048
0,-0.0034259911626577377,s048
0,-0.009569418616592884,s048
0,-0.02653081715106964,s048
0,-0.04666714370250702,s048
0,-0.031808800995349884,s048
0,-0.009004700928926468,s048
0,-0.036210279911756516,s048
0,-0.013894530013203621,s048
0,-0.006699433550238609,s048
0,-0.008134645409882069,s048
0,-0.014483366161584854,s048
0,-0.011852829717099667,s048
0,-0.009077628143131733,s048
0,-0.008774328045547009,s048
0,-0.012475177645683289,s048
0,-0.01639421284198761,s048
0,-0.009081102907657623,s048
0,-0.024405431002378464,s048
0,-0.031938642263412476,s048
0,-0.06878852844238281,s048
0,-0.007928436622023582,s048
0,-0.02119833417236805,s048
0,-0.05723065137863159,s048
0,-0.038999926298856735,s048
0,-0.01016013603657484,s048
0,-0.004105383530259132,s048
0,-0.005281948484480381,s048
0,-0.004980200901627541,s048
0,-0.04514244571328163,s048
0,-0.00848735123872757,s048
0,-0.003882910590618849,s048
0,-0.025121167302131653,s048
0,-0.00930417887866497,s048
0,-0.013226382434368134,s048
0,-0.09143570065498352,s048
0,-0.12207930535078049,s048
0,-0.09453354775905609,s048
0,-0.01123981922864914,s048
0,-0.04053117334842682,s048
0,-0.027661960572004318,s048
0,-0.013924813829362392,s048
0,-0.01276294607669115,s048
0,-0.009897860698401928,s048
0,-0.03431854769587517,s048
0,-0.015416552312672138,s048
0,-0.029896050691604614,s048
0,-0.010783865116536617,s048
0,-0.01599220000207424,s048
0,-0.010063713416457176,s048
0,-0.009960776194930077,s048
0,-0.009402589872479439,s048
0,-0.030413862317800522,s048
0,-0.016106555238366127,s048
0,-0.010039749555289745,s048
0,-0.010029585100710392,s048
0,-0.021424245089292526,s048
0,-0.020436067134141922,s048
0,-0.004085477441549301,s048
0,-0.06299743056297302,s048
0,-0.00827333889901638,s048
0,-0.01035735197365284,s048
0,-0.007023525889962912,s048
0,-0.015394780784845352,s048
0,-0.03484034165740013,s048
0,-0.04040585830807686,s048
0,-0.01705045998096466,s048
0,-0.0031803552992641926,s048
0,-0.09121078997850418,s048
0,-0.022404450923204422,s048
0,-0.01136045716702938,s048
0,-0.004366164095699787,s048
0,-0.009173723869025707,s048
0,-0.022398311644792557,s048
0,-0.022043630480766296,s048
0,-0.013841608539223671,s048
0,-0.04957210645079613,s048
0,-0.005163449794054031,s048
0,-0.009479830972850323,s048
0,-0.008936122991144657,s048
0,-0.008193864487111568,s048
0,-0.019973857328295708,s048
0,-0.021849054843187332,s048
0,-0.0242923516780138,s048
0,-0.008574900217354298,s048
0,-0.05403959006071091,s048
0,-0.016390779986977577,s048
0,-0.01230443362146616,s048
0,-0.006090020760893822,s048
0,-0.015179278329014778,s048
0,-0.011806933209300041,s048
0,-0.09545663744211197,s048
0,-0.01526462659239769,s048
0,-0.011736255139112473,s048
0,-0.05658241733908653,s048
0,-0.007824948988854885,s048
0,-0.023297704756259918,s048
0,-0.028605954721570015,s048
0,-0.02794646844267845,s048
0,-0.025634806603193283,s048
0,-0.06772124022245407,s048
0,-0.01860460825264454,s048
0,-0.10954973846673965,s048
0,-0.061171311885118484,s048
0,-0.027771716937422752,s048
0,-0.009969501756131649,s048
0,-0.020836180076003075,s048
0,-0.014404967427253723,s048
0,-0.029440760612487793,s048
0,-0.03271664306521416,s048
0,-0.04696311056613922,s048
0,-0.010295799002051353,s048
0,-0.04657970368862152,s048
0,-0.013249981217086315,s048
0,-0.018749358132481575,s048
0,-0.011339160613715649,s048
0,-0.04392971098423004,s048
0,-0.013123101554811,s048
0,-0.009139149449765682,s048
0,-0.03055402636528015,s048
0,-0.009220306761562824,s048
0,-0.004144663922488689,s048
0,-0.011904566548764706,s048
0,-0.030500151216983795,s048
0,-0.03051474317908287,s048
1,-0.03567178547382355,s049
1,-0.12673518061637878,s049
1,-0.019114164635539055,s049
1,-0.01562411617487669,s049
1,-0.02483760565519333,s049
1,-0.007215567864477634,s049
1,-0.1673397272825241,s049
1,-0.01053201500326395,s049
1,-0.06769756972789764,s049
1,-0.06626054644584656,s049
1,-0.051018740981817245,s049
1,-0.021444372832775116,s049
1,-0.005656197667121887,s049
1,-0.2183167189359665,s049
1,-0.019088413566350937,s049
1,-0.060145217925310135,s049
1,-0.015757791697978973,s049
1,-0.01003776490688324,s049
1,-0.10616450756788254,s049
1,-0.30628618597984314,s049
1,-0.016529031097888947,s049
1,-0.0168752521276474,s049
1,-0.019416145980358124,s049
1,-0.024472923949360847,s049
1,-0.2233709990978241,s049
1,-0.38821232318878174,s049
1,-0.1386485993862152,s049
1,-0.006509446073323488,s049
1,-0.01633452996611595,s049
1,-0.027173273265361786,s049
1,-0.0837567150592804,s049
1,-0.06878852844238281,s049
1,-0.011824563145637512,s049
1,-1.2996737957000732,s049
1,-0.02058127149939537,s049
1,-0.006381330545991659,s049
1,-0.021724175661802292,s049
1,-0.010694179683923721,s049
1,-0.08507367968559265,s049
1,-0.02005806565284729,s049
1,-0.010347689501941204,s049
1,-0.024143610149621964,s049
1,-0.0156008405610919,s049
1,-0.06447463482618332,s049
1,-0.013098124414682388,s049
1,-0.20612308382987976,s049
1,-0.01680872216820717,s049
1,-0.015594669617712498,s049
1,-0.00800884235650301,s049
1,-0.004809299483895302,s049
1,-0.09131184220314026,s049
1,-0.15014274418354034,s049
1,-0.09642153233289719,s049
1,-0.019360369071364403,s049
1,-0.014666623435914516,s049
1,-0.1158289909362793,s049
1,-0.2909993827342987,s049
1,-0.009762720204889774,s049
1,-0.026696467772126198,s049
1,-0.02159583568572998,s049
1,-0.18383115530014038,s049
1,-0.09424496442079544,s049
1,-0.2046407014131546,s049
1,-0.025877274572849274,s049
1,-0.026666590943932533,s049
1,-0.026864787563681602,s049
1,-0.05095114931464195,s049
1,-0.09367570281028748,s049
1,-0.08397868275642395,s049
1,-0.20324395596981049,s049
1,-0.013999694027006626,s049
1,-0.012150953523814678,s049
1,-0.04212689772248268,s049
1,-0.1921008974313736,s049
1,-0.017319321632385254,s049
1,-0.007746217306703329,s049
1,-0.006214232183992863,s049
1,-0.031274981796741486,s049
1,-0.04317425563931465,s049
1,-0.03180582821369171,s049
1,-0.006210288032889366,s049
1,-0.08148788660764694,s049
1,-1.4569326639175415,s049
1,-0.016420261934399605,s049
1,-0.08236107230186462,s049
1,-0.012764844112098217,s049
1,-0.009306996129453182,s049
1,-0.08479645848274231,s049
1,-0.01900154910981655,s049
1,-0.10522688925266266,s049
1,-0.011232983320951462,s049
1,-0.02153492346405983,s049
1,-0.02183108776807785,s049
1,-0.02137792482972145,s049
1,-0.6538166403770447,s049
1,-0.03816090151667595,s049
1,-0.07263091951608658,s049
1,-0.06545231491327286,s049
1,-0.01629098877310753,s049
1,-0.22453168034553528,s049
1,-0.026879731565713882,s049
1,-0.047320231795310974,s049
1,-0.06677194684743881,s049
1,-0.04434656351804733,s049
1,-0.11773253977298737,s049
1,-0.012181896716356277,s049
1,-0.0202016644179821,s049
1,-0.1549655795097351,s049
1,-0.28649020195007324,s049
1,-0.001927390694618225,s049
1,-0.07362199574708939,s049
1,-0.024634234607219696,s049
1,-0.051337387412786484,s049
1,-0.18521742522716522,s049
1,-0.011698063462972641,s049
1,-0.012455496937036514,s049
1,-0.0071262470446527,s049
1,-0.015105916187167168,s049
1,-0.029368890449404716,s049
1,-0.013063739985227585,s049
1,-0.06537279486656189,s049
1,-0.03049987182021141,s049
1,-0.353520929813385,s049
1,-0.010012568905949593,s049
1,-0.02397707663476467,s049
1,-0.14122924208641052,s049
1,-0.18912172317504883,s049
1,-0.01376050803810358,s049
1,-0.013112659566104412,s049
1,-0.1779109239578247,s049
1,-0.012852953746914864,s049
1,-0.013709486462175846,s049
1,-0.018575645983219147,s049
1,-0.05104713886976242,s049
1,-0.05145660415291786,s049
1,-0.023746546357870102,s049
1,-0.20927301049232483,s049
1,-0.051464203745126724,s049
1,-0.01584034599363804,s049
1,-0.13895052671432495,s049
1,-0.19479672610759735,s049
1,-0.010722356848418713,s049
1,-0.060191743075847626,s049
1,-0.04201307147741318,s049
1,-0.022344406694173813,s049
1,-0.01458062045276165,s049
1,-0.01715480536222458,s049
1,-0.010844681411981583,s049
1,-0.015405327081680298,s049
1,-0.03290699049830437,s049
1,-0.030970361083745956,s049
1,-0.2748187482357025,s049
1,-0.23577888309955597,s049
1,-0.02180965431034565,s049
1,-0.017483077943325043,s049
1,-0.7188209891319275,s049
1,-0.02318643406033516,s049
1,-0.394258052110672,s049
1,-0.018077947199344635,s049
1,-0.04394085705280304,s049
1,-0.055479392409324646,s049
1,-0.18770499527454376,s049
1,-0.009011834859848022,s049
1,-0.042822472751140594,s049
1,-0.11396437138319016,s049
1,-0.04552935063838959,s049
1,-0.04973388463258743,s049
1,-0.03914424031972885,s049
1,-0.04734267294406891,s049
1,-0.02831912972033024,s049
1,-0.028765138238668442,s049
1,-0.33650878071784973,s049
1,-0.04253512620925903,s049
1,-0.03369758278131485,s049
1,-0.04691219702363014,s049
1,-0.02213015966117382,s049
1,-0.006920022424310446,s049
1,-0.010152546688914299,s049
1,-0.022122526541352272,s049
1,-0.024884959682822227,s049
1,-0.017487116158008575,s049
1,-0.014423612505197525,s049
1,-0.020264774560928345,s049
1,-2.441251754760742,s049
1,-0.02162870764732361,s049
1,-0.023073306307196617,s049
1,-0.05293402448296547,s049
1,-0.03061041235923767,s049
1,-0.0046576461754739285,s049
1,-10.601009368896484,s049
1,-0.05305204540491104,s049
1,-0.07200314104557037,s049
1,-0.00482205580919981,s049
1,-0.11281618475914001,s049
1,-0.02845265530049801,s049
1,-0.009670155122876167,s049
1,-0.014000385999679565,s049
1,-0.3316227197647095,s049
1,-0.22113706171512604,s049
1,-0.06518444418907166,s049
0,-0.06040413677692413,s049
0,-0.010267024859786034,s049
0,-0.009501851163804531,s049
0,-0.021215545013546944,s049
0,-0.06293431669473648,s049
0,-0.026222780346870422,s049
0,-0.00719250924885273,s049
0,-0.04791335016489029,s049
0,-0.004277286119759083,s049
0,-0.013372299261391163,s049
0,-0.014478315599262714,s049
0,-0.008399523794651031,s049
0,-0.018128247931599617,s049
0,-0.004936348181217909,s049
0,-0.01655159704387188,s049
0,-0.021915536373853683,s049
0,-0.006490696687251329,s049
0,-0.01151279080659151,s049
0,-0.06980998069047928,s049
0,-0.004494469612836838,s049
0,-0.017867375165224075,s049
0,-0.0277575496584177,s049
0,-0.011037536896765232,s049
0,-0.01824697107076645,s049
0,-0.028538541868329048,s049
0,-0.010411052964627743,s049
0,-0.013655094429850578,s049
0,-0.018043849617242813,s049
0,-0.030407501384615898,s049
0,-0.028275873512029648,s049
0,-0.01553959958255291,s049
0,-0.01763509027659893,s049
0,-0.010798333212733269,s049
0,-0.007173482794314623,s049
0,-0.0057799615897238255,s049
0,-0.017273906618356705,s049
0,-0.009861934930086136,s049
0,-0.01082873810082674,s049
0,-0.010086525231599808,s049
0,-0.00741929467767477,s049
0,-0.009326889179646969,s049
0,-0.037467874586582184,s049
0,-0.003658240893855691,s049
0,-0.018555892631411552,s049
0,-0.01211829949170351,s049
0,-0.0171493086963892,s049
0,-0.0039353440515697,s049
0,-0.013901632279157639,s049
0,-0.00658276304602623,s049
0,-0.028024932369589806,s049
0,-0.03737158700823784,s049
0,-0.013484467752277851,s049
0,-0.05393783375620842,s049
0,-0.010570279322564602,s049
0,-0.030580589547753334,s049
0,-0.019942311570048332,s049
0,-0.009899787604808807,s049
0,-0.009580542333424091,s049
0,-0.00760472659021616,s049
0,-0.06249866262078285,s049
0,-0.033250514417886734,s049
0,-0.004907235968858004,s049
0,-0.014222575351595879,s049
0,-0.017244720831513405,s049
0,-0.01838766224682331,s049
0,-0.08436544239521027,s049
0,-0.01076222863048315,s049
0,-0.013937532901763916,s049
0,-0.007499087136238813,s049
0,-0.007377877831459045,s049
0,-0.038782499730587006,s049
0,-0.06192396208643913,s049
0,-0.07352923601865768,s049
0,-0.04485625401139259,s049
0,-0.008208065293729305,s049
0,-0.06459015607833862,s049
0,-0.0034259911626577377,s049
0,-0.009569418616592884,s049
0,-0.02653081715106964,s049
0,-0.04666714370250702,s049
0,-0.031808800995349884,s049
0,-0.009004700928926468,s049
0,-0.036210279911756516,s049
0,-0.013894530013203621,s049
0,-0.006699433550238609,s049
0,-0.008134645409882069,s049
0,-0.014483366161584854,s049
0,-0.011852829717099667,s049
0,-0.009077628143131733,s049
0,-0.008774328045547009,s049
0,-0.012475177645683289,s049
0,-0.01639421284198761,s049
0,-0.009081102907657623,s049
0,-0.024405431002378464,s049
0,-0.031938642263412476,s049
0,-0.004919230937957764,s049
0,-0.007928436622023582,s049
0,-0.02119833417236805,s049
0,-0.05723065137863159,s049
0,-0.038999926298856735,s049
0,-0.01016013603657484,s049
0,-0.004105383530259132,s049
0,-0.005281948484480381,s049
0,-0.004980200901627541,s049
0,-0.04514244571328163,s049
0,-0.00848735123872757,s049
0,-0.003882910590618849,s049
0,-0.025121167302131653,s049
0,-0.00930417887866497,s049
0,-0.013226382434368134,s049
0,-0.09143570065498352,s049
0,-0.12207930535078049,s049
0,-0.09453354775905609,s049
0,-0.01123981922864914,s049
0,-0.04053117334842682,s049
0,-0.027661960572004318,s049
0,-0.013924813829362392,s049
0,-0.01276294607669115,s049
0,-0.009897860698401928,s049
0,-0.03431854769587517,s049
0,-0.015416552312672138,s049
0,-0.029896050691604614,s049
0,-0.010783865116536617,s049
0,-0.01599220000207424,s049
0,-0.010063713416457176,s049
0,-0.009960776194930077,s049
0,-0.009402589872479439,s049
0,-0.030413862317800522,s049
0,-0.016106555238366127,s049
0,-0.010039749555289745,s049
0,-0.010029585100710392,s049
0,-0.021424245089292526,s049
0,-0.020436067134141922,s049
0,-0.004085477441549301,s049
0,-0.06299743056297302,s049
0,-0.00827333889901638,s049
0,-0.01035735197365284,s049
0,-0.007023525889962912,s049
0,-0.015394780784845352,s049
0,-0.03484034165740013,s049
0,-0.04040585830807686,s049
0,-0.01705045998096466,s049
0,-0.0031803552992641926,s049
0,-0.09121078997850418,s049
0,-0.022404450923204422,s049
0,-0.01136045716702938,s049
0,-0.004366164095699787,s049
0,-0.009173723869025707,s049
0,-0.022398311644792557,s049
0,-0.022043630480766296,s049
0,-0.013841608539223671,s049
0,-0.04957210645079613,s049
0,-0.005163449794054031,s049
0,-0.009479830972850323,s049
0,-0.008936122991144657,s049
0,-0.008193864487111568,s049
0,-0.019973857328295708,s049
0,-0.021849054843187332,s049
0,-0.0242923516780138,s049
0,-0.008574900217354298,s049
0,-0.05403959006071091,s049
0,-0.016390779986977577,s049
0,-0.01230443362146616,s049
0,-0.006090020760893822,s049
0,-0.015179278329014778,s049
0,-0.011806933209300041,s049
0,-0.09545663744211197,s049
0,-0.01526462659239769,s049
0,-0.011736255139112473,s049
0,-0.05658241733908653,s049
0,-0.007824948988854885,s049
0,-0.023297704756259918,s049
0,-0.028605954721570015,s049
0,-0.02794646844267845,s049
0,-0.025634806603193283,s049
0,-0.06772124022245407,s049
0,-0.01860460825264454,s049
0,-0.10954973846673965,s049
0,-0.017227930948138237,s049
0,-0.027771716937422752,s049
0,-0.009969501756131649,s049
0,-0.020836180076003075,s049
0,-0.014404967427253723,s049
0,-0.029440760612487793,s049
0,-0.03271664306521416,s049
0,-0.04696311056613922,s049
0,-0.010295799002051353,s049
0,-0.04657970368862152,s049
0,-0.013249981217086315,s049
0,-0.018749358132481575,s049
0,-0.011339160613715649,s049
0,-0.04392971098423004,s049
0,-0.013123101554811,s049
0,-0.009139149449765682,s049
0,-0.03055402636528015,s049
0,-0.009220306761562824,s049
0,-0.004144663922488689,s049
0,-0.011904566548764706,s049
0,-0.030500151216983795,s049
0,-0.03051474317908287,s049
1,-0.005319299176335335,s050
1,-0.02988584153354168,s050
1,-0.004947316832840443,s050
1,-0.012122903019189835,s050
1,-0.005129661876708269,s050
1,-0.006371254101395607,s050
1,-0.007710960227996111,s050
1,-0.0038791028782725334,s050
1,-0.020909124985337257,s050
1,-0.008181099779903889,s050
1,-0.0025568706914782524,s050
1,-0.010426925495266914,s050
1,-0.014658411033451557,s050
1,-0.009698235429823399,s050
1,-0.034412167966365814,s050
1,-0.010380508378148079,s050
1,-0.0304679237306118,s050
1,-0.0072653526440262794,s050
1,-0.011904609389603138,s050
1,-0.04798123612999916,s050
1,-0.011619367636740208,s050
1,-0.011364558711647987,s050
1,-0.021860798820853233,s050
1,-0.005346983205527067,s050
1,-0.009491746313869953,s050
1,-0.009559474885463715,s050
1,-0.021449949592351913,s050
1,-0.0038967931177467108,s050
1,-0.006427197251468897,s050
1,-0.005122339818626642,s050
1,-0.005516106262803078,s050
1,-0.012544744648039341,s050
1,-0.015613815747201443,s050
1,-0.01016013603657484,s050
1,-0.01666714809834957,s050
1,-0.007444876711815596,s050
1,-0.0068223620764911175,s050
1,-0.010802061296999454,s050
1,-0.004670673981308937,s050
1,-0.035925447940826416,s050
1,-0.014419053681194782,s050
1,-0.021053820848464966,s050
1,-0.006040523294359446,s050
1,-0.061395883560180664,s050
1,-0.00775129022076726,s050
1,-0.00809613149613142,s050
1,-0.014991573058068752,s050
1,-0.043222662061452866,s050
1,-0.008580571971833706,s050
1,-0.010753115639090538,s050
1,-0.004135494120419025,s050
1,-0.008957608602941036,s050
1,-0.01443369872868061,s050
1,-0.015518556348979473,s050
1,-0.01582089252769947,s050
1,-0.018372781574726105,s050
1,-0.016427800059318542,s050
1,-0.00990984681993723,s050
1,-0.0055226427502930164,s050
1,-0.01286920066922903,s050
1,-0.006179230287671089,s050
1,-0.016157539561390877,s050
1,-0.004563143011182547,s050
1,-0.016153810545802116,s050
1,-0.005250180140137672,s050
1,-0.02028813026845455,s050
1,-0.012813111767172813,s050
1,-0.009055256843566895,s050
1,-0.005743935704231262,s050
1,-0.017263073474168777,s050
1,-0.01567348651587963,s050
1,-0.008009758777916431,s050
1,-0.007872972637414932,s050
1,-0.012268396094441414,s050
1,-0.006341021973639727,s050
1,-0.008893381804227829,s050
1,-0.030243605375289917,s050
1,-0.008500538766384125,s050
1,-0.011727596633136272,s050
1,-0.009090322069823742,s050
1,-0.017807047814130783,s050
1,-0.008065215311944485,s050
1,-0.012674914672970772,s050
1,-0.008208065293729305,s050
1,-0.0064790635369718075,s050
1,-0.009380082599818707,s050
1,-0.008073665201663971,s050
1,-0.019454674795269966,s050
1,-0.012805920094251633,s050
1,-0.004891220945864916,s050
1,-0.009727470576763153,s050
1,-0.016182640567421913,s050
1,-0.01525140181183815,s050
1,-0.020293613895773888,s050
1,-0.038343802094459534,s050
1,-0.016159499064087868,s050
1,-0.009271261282265186,s050
1,-0.01980489119887352,s050
1,-0.005234614014625549,s050
1,-0.005978037603199482,s050
1,-0.025266917422413826,s050
1,-0.01346617378294468,s050
1,-0.011867603287100792,s050
1,-0.015675662085413933,s050
1,-0.010267024859786034,s050
1,-0.010410207323729992,s050
1,-0.014576460234820843,s050
1,-0.013592679053544998,s050
1,-0.004538489505648613,s050
1,-0.01942795142531395,s050
1,-0.017227379605174065,s050
1,-0.029546022415161133,s050
1,-0.02105586789548397,s050
1,-0.007562623359262943,s050
1,-0.02818801999092102,s050
1,-0.006461955141276121,s050
1,-0.011398821137845516,s050
1,-0.015170657075941563,s050
1,-0.010029585100710392,s050
1,-0.00779152475297451,s050
1,-0.011079241521656513,s050
1,-0.011480522342026234,s050
1,-0.018978560343384743,s050
1,-0.015115956775844097,s050
1,-0.00888100266456604,s050
1,-0.013443488627672195,s050
1,-0.005505507346242666,s050
1,-0.009371518157422543,s050
1,-0.009078740142285824,s050
1,-0.02692287042737007,s050
1,-0.01650710217654705,s050
1,-0.008763870224356651,s050
1,-0.00837383046746254,s050
1,-0.008976328186690807,s050
1,-0.0038568712770938873,s050
1,-0.012001783587038517,s050
1,-0.019465254619717598,s050
1,-0.01630227267742157,s050
1,-0.017869265750050545,s050
1,-0.018267083913087845,s050
1,-0.013579066842794418,s050
1,-0.018107019364833832,s050
1,-0.00635567819699645,s050
1,-0.02226117253303528,s050
1,-0.010714453645050526,s050
1,-0.018088700249791145,s050
1,-0.0073843481950461864,s050
1,-0.013856962323188782,s050
1,-0.03536728397011757,s050
1,-0.010219509713351727,s050
1,-0.011226937174797058,s050
1,-0.010866344906389713,s050
1,-0.012998659163713455,s050
1,-0.009752302430570126,s050
1,-0.006302462425082922,s050
1,-0.012355725280940533,s050
1,-0.015616471879184246,s050
1,-0.004834699910134077,s050
1,-0.006206891033798456,s050
1,-0.0036717711482197046,s050
1,-0.011646115221083164,s050
1,-0.007093766704201698,s050
1,-0.015644265338778496,s050
1,-0.004449643660336733,s050
1,-0.012029953300952911,s050
1,-0.01398513838648796,s050
1,-0.011982386000454426,s050
1,-0.024937771260738373,s050
1,-0.021898794919252396,s050
1,-0.0059846434742212296,s050
1,-0.05108412727713585,s050
1,-0.015986206009984016,s050
1,-0.01697048917412758,s050
1,-0.017494671046733856,s050
1,-0.014344236813485622,s050
1,-0.0129051199182868,s050
1,-0.02583221346139908,s050
1,-0.008118043653666973,s050
1,-0.006405079271644354,s050
1,-0.010791104286909103,s050
1,-0.014594650827348232,s050
1,-0.010612561367452145,s050
1,-0.006825486663728952,s050
1,-0.012375863268971443,s050
1,-0.02874331921339035,s050
1,-0.011692206375300884,s050
1,-0.007803516928106546,s050
1,-0.019505787640810013,s050
1,-0.015485365875065327,s050
1,-0.005828312132507563,s050
1,-0.008919483982026577,s050
1,-0.025702903047204018,s050
1,-0.009720677509903908,s050
1,-0.01365167461335659,s050
1,-0.005738718435168266,s050
1,-0.01208281796425581,s050
1,-0.0053876652382314205,s050
1,-0.01548268087208271,s050
1,-0.006995643023401499,s050
1,-0.010495576076209545,s050
0,-0.06040413677692413,s050
0,-0.11773253977298737,s050
0,-0.009501851163804531,s050
0,-0.021215545013546944,s050
0,-0.06293431669473648,s050
0,-0.026222780346870422,s050
0,-0.00719250924885273,s050
0,-0.04791335016489029,s050
0,-0.004277286119759083,s050
0,-0.0842096209526062,s050
0,-0.014478315599262714,s050
0,-0.008399523794651031,s050
0,-0.08248430490493774,s050
0,-0.004936348181217909,s050
0,-0.01655159704387188,s050
0,-0.021915536373853683,s050
0,-0.006490696687251329,s050
0,-0.01151279080659151,s050
0,-0.06980998069047928,s050
0,-0.004494469612836838,s050
0,-0.017867375165224075,s050
0,-0.0277575496584177,s050
0,-0.011037536896765232,s050
0,-0.01824697107076645,s050
0,-0.028538541868329048,s050
0,-0.010411052964627743,s050
0,-0.013655094429850578,s050
0,-0.018043849617242813,s050
0,-0.030407501384615898,s050
0,-0.028275873512029648,s050
0,-0.01553959958255291,s050
0,-0.01763509027659893,s050
0,-0.010798333212733269,s050
0,-0.007173482794314623,s050
0,-0.0057799615897238255,s050
0,-0.017273906618356705,s050
0,-0.009861934930086136,s050
0,-0.01082873810082674,s050
0,-0.010086525231599808,s050
0,-0.00741929467767477,s050
0,-0.009326889179646969,s050
0,-0.037467874586582184,s050
0,-0.003658240893855691,s050
0,-0.018555892631411552,s050
0,-0.01211829949170351,s050
0,-0.0171493086963892,s050
0,-0.0039353440515697,s050
0,-0.013901632279157639,s050
0,-0.00658276304602623,s050
0,-0.028024932369589806,s050
0,-0.03737158700823784,s050
0,-0.013484467752277851,s050
0,-0.05393783375620842,s050
0,-0.010570279322564602,s050
0,-0.030580589547753334,s050
0,-0.019942311570048332,s050
0,-0.009899787604808807,s050
0,-0.009580542333424091,s050
0,-0.00760472659021616,s050
0,-0.06249866262078285,s050
0,-0.033250514417886734,s050
0,-0.004907235968858004,s050
0,-0.014222575351595879,s050
0,-0.017244720831513405,s050
0,-0.4051794707775116,s050
0,-0.08436544239521027,s050
0,-0.01076222863048315,s050
0,-0.013937532901763916,s050
0,-0.007499087136238813,s050
0,-0.007377877831459045,s050
0,-0.038782499730587006,s050
0,-0.06192396208643913,s050
0,-0.07352923601865768,s050
0,-0.04485625401139259,s050
0,-0.016420261934399605,s050
0,-0.06459015607833862,s050
0,-0.0034259911626577377,s050
0,-0.009569418616592884,s050
0,-0.02653081715106964,s050
0,-0.04666714370250702,s050
0,-0.031808800995349884,s050
0,-0.009004700928926468,s050
0,-0.036210279911756516,s050
0,-0.013894530013203621,s050
0,-0.006699433550238609,s050
0,-0.008134645409882069,s050
0,-0.014483366161584854,s050
0,-0.011852829717099667,s050
0,-0.009077628143131733,s050
0,-0.008774328045547009,s050
0,-0.012475177645683289,s050
0,-0.01639421284198761,s050
0,-0.009081102907657623,s050
0,-0.024405431002378464,s050
0,-0.031938642263412476,s050
0,-0.004919230937957764,s050
0,-0.007928436622023582,s050
0,-0.02119833417236805,s050
0,-0.05723065137863159,s050
0,-0.038999926298856735,s050
0,-1.2996737957000732,s050
0,-0.004105383530259132,s050
0,-0.005281948484480381,s050
0,-0.004980200901627541,s050
0,-0.04514244571328163,s050
0,-0.00848735123872757,s050
0,-0.003882910590618849,s050
0,-0.025121167302131653,s050
0,-0.00930417887866497,s050
0,-0.013226382434368134,s050
0,-0.09143570065498352,s050
0,-0.12207930535078049,s050
0,-0.09453354775905609,s050
0,-0.01123981922864914,s050
0,-0.04053117334842682,s050
0,-0.027661960572004318,s050
0,-0.013924813829362392,s050
0,-0.01276294607669115,s050
0,-0.009897860698401928,s050
0,-0.03431854769587517,s050
0,-0.015416552312672138,s050
0,-0.029896050691604614,s050
0,-0.010783865116536617,s050
0,-0.01599220000207424,s050
0,-0.010063713416457176,s050
0,-0.009960776194930077,s050
0,-0.009402589872479439,s050
0,-0.030413862317800522,s050
0,-0.016106555238366127,s050
0,-0.010039749555289745,s050
0,-0.029368890449404716,s050
0,-0.021424245089292526,s050
0,-0.020436067134141922,s050
0,-0.004085477441549301,s050
0,-0.06299743056297302,s050
0,-0.00827333889901638,s050
0,-0.01035735197365284,s050
0,-0.007023525889962912,s050
0,-0.015394780784845352,s050
0,-0.03484034165740013,s050
0,-0.04040585830807686,s050
0,-0.01705045998096466,s050
0,-0.0031803552992641926,s050
0,-0.09121078997850418,s050
0,-0.022404450923204422,s050
0,-0.01136045716702938,s050
0,-0.004366164095699787,s050
0,-0.009173723869025707,s050
0,-0.022398311644792557,s050
0,-0.022043630480766296,s050
0,-0.013841608539223671,s050
0,-0.04957210645079613,s050
0,-0.005163449794054031,s050
0,-0.009479830972850323,s050
0,-0.008936122991144657,s050
0,-0.008193864487111568,s050
0,-0.019973857328295708,s050
0,-0.021849054843187332,s050
0,-0.0242923516780138,s050
0,-0.008574900217354298,s050
0,-0.05403959006071091,s050
0,-0.016390779986977577,s050
0,-0.01230443362146616,s050
0,-0.006090020760893822,s050
0,-0.015179278329014778,s050
0,-0.011806933209300041,s050
0,-0.09545663744211197,s050
0,-0.01526462659239769,s050
0,-0.011736255139112473,s050
0,-0.05658241733908653,s050
0,-0.007824948988854885,s050
0,-0.023297704756259918,s050
0,-0.028605954721570015,s050
0,-0.02794646844267845,s050
0,-0.025634806603193283,s050
0,-0.06772124022245407,s050
0,-0.01860460825264454,s050
0,-0.10954973846673965,s050
0,-0.017227930948138237,s050
0,-0.027771716937422752,s050
0,-0.009969501756131649,s050
0,-0.020836180076003075,s050
0,-0.014404967427253723,s050
0,-0.029440760612487793,s050
0,-0.03271664306521416,s050
0,-0.04696311056613922,s050
0,-0.010295799002051353,s050
0,-0.04657970368862152,s050
0,-0.013249981217086315,s050
0,-0.018749358132481575,s050
0,-0.011339160613715649,s050
0,-0.04392971098423004,s050
0,-0.013123101554811,s050
0,-0.009139149449765682,s050
0,-0.03055402636528015,s050
0,-0.009220306761562824,s050
0,-0.004144663922488689,s050
0,-0.011904566548764706,s050
0,-0.030500151216983795,s050
0,-0.03051474317908287,s050
1,-0.004494469612836838,s051
1,-0.008287046104669571,s051
1,-0.008294730447232723,s051
1,-0.04538101702928543,s051
1,-0.016868682578206062,s051
1,-0.007655311841517687,s051
1,-0.02338823676109314,s051
1,-0.015471993014216423,s051
1,-0.021136946976184845,s051
1,-0.007105308119207621,s051
1,-0.010945060290396214,s051
1,-0.008110817521810532,s051
1,-0.007187845651060343,s051
1,-0.005625770892947912,s051
1,-0.00782268401235342,s051
1,-0.01569599099457264,s051
1,-0.01618911698460579,s051
1,-0.015525992959737778,s051
1,-0.006478029768913984,s051
1,-0.011545225977897644,s051
1,-0.004358884412795305,s051
1,-0.012970076873898506,s051
1,-0.01033470593392849,s051
1,-0.0116594098508358,s051
1,-0.006442303769290447,s051
1,-0.011758347041904926,s051
1,-0.011445392854511738,s051
1,-0.024461854249238968,s051
1,-0.032644227147102356,s051
1,-0.0115352189168334,s051
1,-0.016224531456828117,s051
1,-0.004944790154695511,s051
1,-0.013766786083579063,s051
1,-0.013463232666254044,s051
1,-0.009780572727322578,s051
1,-0.011276692152023315,s051
1,-0.02220987156033516,s051
1,-0.014119310304522514,s051
1,-0.00395185174420476,s051
1,-0.011432705447077751,s051
1,-0.021536925807595253,s051
1,-0.021493110805749893,s051
1,-0.015171125531196594,s051
1,-0.015697427093982697,s051
1,-0.01873997412621975,s051
1,-0.007661303039640188,s051
1,-0.019193142652511597,s051
1,-0.012266865000128746,s051
1,-0.025561993941664696,s051
1,-0.014976561069488525,s051
1,-0.004141218028962612,s051
1,-0.024789277464151382,s051
1,-0.009715471416711807,s051
1,-0.011307959444820881,s051
1,-0.00780625082552433,s051
1,-0.003270805347710848,s051
1,-0.00894496962428093,s051
1,-0.016661256551742554,s051
1,-0.009522639214992523,s051
1,-0.008335390128195286,s051
1,-0.01052851416170597,s051
1,-0.004790022037923336,s051
1,-0.011122881434857845,s051
1,-0.006454709451645613,s051
1,-0.020583035424351692,s051
1,-0.017726900056004524,s051
1,-0.04261130839586258,s051
1,-0.011074038222432137,s051
1,-0.011363059282302856,s051
1,-0.008041385561227798,s051
1,-0.011732890270650387,s051
1,-0.014236773364245892,s051
1,-0.017085520550608635,s051
1,-0.005147039424628019,s051
1,-0.03032553941011429,s051
1,-0.0035577011294662952,s051
1,-0.0022223186679184437,s051
1,-0.011053970083594322,s051
1,-0.009478805586695671,s051
1,-0.014350478537380695,s051
1,-0.0091248145326972,s051
1,-0.00937878992408514,s051
1,-0.01088509988039732,s051
1,-0.0077615659683942795,s051
1,-0.0030467906035482883,s051
1,-0.007795046549290419,s051
1,-0.031233754009008408,s051
1,-0.010200068354606628,s051
1,-0.013314438983798027,s051
1,-0.005219609010964632,s051
1,-0.015081693418323994,s051
1,-0.0223336573690176,s051
1,-0.019034557044506073,s051
1,-0.01646994799375534,s051
1,-0.06647641956806183,s051
1,-0.017391271889209747,s051
1,-0.005116285756230354,s051
1,-0.002042412757873535,s051
1,-0.020084159448742867,s051
1,-0.009441923350095749,s051
1,-0.0071745747700333595,s051
1,-0.014949223957955837,s051
1,-0.0077862609177827835,s051
1,-0.017167747020721436,s051
1,-0.003451143391430378,s051
1,-0.027001015841960907,s051
1,-0.025601109489798546,s051
1,-0.013888965360820293,s051
1,-0.027503570541739464,s051
1,-0.0077774375677108765,s051
1,-0.005451308563351631,s051
1,-0.008459435775876045,s051
1,-0.016869427636265755,s051
1,-0.007439798675477505,s051
1,-0.017691494897007942,s051
1,-0.007215800229460001,s051
1,-0.01352718099951744,s051
1,-0.025765368714928627,s051
1,-0.018224382773041725,s051
1,-0.039935000240802765,s051
1,-0.013281140476465225,s051
1,-0.007915074937045574,s051
1,-0.006079411134123802,s051
1,-0.01711243763566017,s051
1,-0.012745440937578678,s051
1,-0.0057573504745960236,s051
1,-0.003647907404229045,s051
1,-0.005268158856779337,s051
1,-0.00936448946595192,s051
1,-0.007517584599554539,s051
1,-0.0031633106991648674,s051
1,-0.022105354815721512,s051
1,-0.019134141504764557,s051
1,-0.009646747261285782,s051
1,-0.01103574875742197,s051
1,-0.014268587343394756,s051
1,-0.004955431446433067,s051
1,-0.009554876945912838,s051
1,-0.020254509523510933,s051
1,-0.011312796734273434,s051
1,-0.007042147219181061,s051
1,-0.017812885344028473,s051
1,-0.004724511876702309,s051
1,-0.009098943322896957,s051
1,-0.016270959749817848,s051
1,-0.010470326989889145,s051
1,-0.015364961698651314,s051
1,-0.01334464643150568,s051
1,-0.024607649073004723,s051
1,-0.0327080599963665,s051
1,-0.010364777408540249,s051
1,-0.0032739739399403334,s051
1,-0.015366247855126858,s051
1,-0.019750215113162994,s051
1,-0.006563310511410236,s051
1,-0.030389487743377686,s051
1,-0.01855841465294361,s051
1,-0.015847939997911453,s051
1,-0.027803391218185425,s051
1,-0.009580797515809536,s051
1,-0.026621855795383453,s051
1,-0.011635513976216316,s051
1,-0.009679916314780712,s051
1,-0.00585047947242856,s051
1,-0.0023657113779336214,s051
1,-0.007959047332406044,s051
1,-0.016900114715099335,s051
1,-0.006791403517127037,s051
1,-0.00891063455492258,s051
1,-0.017902033403515816,s051
1,-0.02328735776245594,s051
1,-0.004576156381517649,s051
1,-0.006787038873881102,s051
1,-0.01693558692932129,s051
1,-0.009347709827125072,s051
1,-0.014721272513270378,s051
1,-0.02379133552312851,s051
1,-0.015591055154800415,s051
1,-0.02717207372188568,s051
1,-0.008848716504871845,s051
1,-0.009413201361894608,s051
1,-0.05398179590702057,s051
1,-0.023378685116767883,s051
1,-0.007750490680336952,s051
1,-0.03183482587337494,s051
1,-0.026830879971385002,s051
1,-0.008379105478525162,s051
1,-0.011980346404016018,s051
1,-0.008455267176032066,s051
1,-0.009218952618539333,s051
1,-0.0371641181409359,s051
1,-0.01624920591711998,s051
1,-0.024710744619369507,s051
1,-0.024602804332971573,s051
1,-0.013417615555226803,s051
1,-0.020458973944187164,s051
1,-0.009972574189305305,s051
1,-0.007787993177771568,s051
1,-0.005764966830611229,s051
1,-0.014288012869656086,s051
0,-0.06040413677692413,s051
0,-0.11773253977298737,s051
0,-0.009501851163804531,s051
0,-0.021215545013546944,s051
0,-0.06293431669473648,s051
0,-0.026222780346870422,s051
0,-0.00719250924885273,s051
0,-0.04791335016489029,s051
0,-0.004277286119759083,s051
0,-0.0842096209526062,s051
0,-0.014478315599262714,s051
0,-0.008399523794651031,s051
0,-0.08248430490493774,s051
0,-0.004936348181217909,s051
0,-0.01655159704387188,s051
0,-0.021915536373853683,s051
0,-0.006490696687251329,s051
0,-0.015619748272001743,s051
0,-0.06980998069047928,s051
0,-0.005319299176335335,s051
0,-0.017867375165224075,s051
0,-0.0277575496584177,s051
0,-0.011037536896765232,s051
0,-0.01824697107076645,s051
0,-0.028538541868329048,s051
0,-0.010411052964627743,s051
0,-0.013655094429850578,s051
0,-0.018043849617242813,s051
0,-0.030407501384615898,s051
0,-0.028275873512029648,s051
0,-0.01553959958255291,s051
0,-0.01763509027659893,s051
0,-0.010798333212733269,s051
0,-0.007173482794314623,s051
0,-0.0057799615897238255,s051
0,-0.017273906618356705,s051
0,-0.009861934930086136,s051
0,-0.01082873810082674,s051
0,-0.010086525231599808,s051
0,-0.01598048023879528,s051
0,-0.009326889179646969,s051
0,-0.037467874586582184,s051
0,-0.003658240893855691,s051
0,-0.018555892631411552,s051
0,-0.01211829949170351,s051
0,-0.0171493086963892,s051
0,-0.0039353440515697,s051
0,-0.013901632279157639,s051
0,-0.00658276304602623,s051
0,-0.028024932369589806,s051
0,-0.03737158700823784,s051
0,-0.013484467752277851,s051
0,-0.05393783375620842,s051
0,-0.010570279322564602,s051
0,-0.030580589547753334,s051
0,-0.019942311570048332,s051
0,-0.009899787604808807,s051
0,-0.009580542333424091,s051
0,-0.00760472659021616,s051
0,-0.06249866262078285,s051
0,-0.033250514417886734,s051
0,-0.004907235968858004,s051
0,-0.014222575351595879,s051
0,-0.017244720831513405,s051
0,-0.4051794707775116,s051
0,-0.08436544239521027,s051
0,-0.01076222863048315,s051
0,-0.013937532901763916,s051
0,-0.007499087136238813,s051
0,-0.007377877831459045,s051
0,-0.038782499730587006,s051
0,-0.06192396208643913,s051
0,-0.07352923601865768,s051
0,-0.04485625401139259,s051
0,-0.016420261934399605,s051
0,-0.06459015607833862,s051
0,-0.0034259911626577377,s051
0,-0.009569418616592884,s051
0,-0.02653081715106964,s051
0,-0.04666714370250702,s051
0,-0.031808800995349884,s051
0,-0.009004700928926468,s051
0,-0.036210279911756516,s051
0,-0.013894530013203621,s051
0,-0.006699433550238609,s051
0,-0.008134645409882069,s051
0,-0.014483366161584854,s051
0,-0.011852829717099667,s051
0,-0.009077628143131733,s051
0,-0.008774328045547009,s051
0,-0.012475177645683289,s051
0,-0.01639421284198761,s051
0,-0.009081102907657623,s051
0,-0.024405431002378464,s051
0,-0.031938642263412476,s051
0,-0.004919230937957764,s051
0,-0.007928436622023582,s051
0,-0.02119833417236805,s051
0,-0.05723065137863159,s051
0,-0.038999926298856735,s051
0,-1.2996737957000732,s051
0,-0.004105383530259132,s051
0,-0.005281948484480381,s051
0,-0.004980200901627541,s051
0,-0.04514244571328163,s051
0,-0.00848735123872757,s051
0,-0.003882910590618849,s051
0,-0.025121167302131653,s051
0,-0.00930417887866497,s051
0,-0.013226382434368134,s051
0,-0.09143570065498352,s051
0,-0.12207930535078049,s051
0,-0.09453354775905609,s051
0,-0.01123981922864914,s051
0,-0.04053117334842682,s051
0,-0.027661960572004318,s051
0,-0.013924813829362392,s051
0,-0.01276294607669115,s051
0,-0.009897860698401928,s051
0,-0.03431854769587517,s051
0,-0.015416552312672138,s051
0,-0.029896050691604614,s051
0,-0.010783865116536617,s051
0,-0.01599220000207424,s051
0,-0.010063713416457176,s051
0,-0.009960776194930077,s051
0,-0.009402589872479439,s051
0,-0.030413862317800522,s051
0,-0.016106555238366127,s051
0,-0.010039749555289745,s051
0,-0.029368890449404716,s051
0,-0.021424245089292526,s051
0,-0.020436067134141922,s051
0,-0.004085477441549301,s051
0,-0.06299743056297302,s051
0,-0.00827333889901638,s051
0,-0.01035735197365284,s051
0,-0.007023525889962912,s051
0,-0.015394780784845352,s051
0,-0.03484034165740013,s051
0,-0.04040585830807686,s051
0,-0.01705045998096466,s051
0,-0.0031803552992641926,s051
0,-0.09121078997850418,s051
0,-0.022404450923204422,s051
0,-0.01136045716702938,s051
0,-0.004366164095699787,s051
0,-0.009173723869025707,s051
0,-0.022398311644792557,s051
0,-0.022043630480766296,s051
0,-0.013841608539223671,s051
0,-0.04957210645079613,s051
0,-0.005163449794054031,s051
0,-0.009479830972850323,s051
0,-0.008936122991144657,s051
0,-0.008193864487111568,s051
0,-0.019973857328295708,s051
0,-0.021849054843187332,s051
0,-0.0242923516780138,s051
0,-0.008574900217354298,s051
0,-0.05403959006071091,s051
0,-0.016390779986977577,s051
0,-0.01230443362146616,s051
0,-0.006090020760893822,s051
0,-0.015179278329014778,s051
0,-0.011806933209300041,s051
0,-0.09545663744211197,s051
0,-0.01526462659239769,s051
0,-0.011736255139112473,s051
0,-0.05658241733908653,s051
0,-0.007824948988854885,s051
0,-0.023297704756259918,s051
0,-0.028605954721570015,s051
0,-0.02794646844267845,s051
0,-0.025634806603193283,s051
0,-0.06772124022245407,s051
0,-0.01860460825264454,s051
0,-0.10954973846673965,s051
0,-0.017227930948138237,s051
0,-0.027771716937422752,s051
0,-0.009969501756131649,s051
0,-0.020836180076003075,s051
0,-0.014404967427253723,s051
0,-0.029440760612487793,s051
0,-0.03271664306521416,s051
0,-0.04696311056613922,s051
0,-0.010295799002051353,s051
0,-0.04657970368862152,s051
0,-0.013249981217086315,s051
0,-0.018749358132481575,s051
0,-0.011339160613715649,s051
0,-0.04392971098423004,s051
0,-0.013123101554811,s051
0,-0.009139149449765682,s051
0,-0.03055402636528015,s051
0,-0.009220306761562824,s051
0,-0.004144663922488689,s051
0,-0.011904566548764706,s051
0,-0.030500151216983795,s051
0,-0.03051474317908287,s051
1,-0.03612776845693588,s052
1,-0.10518034547567368,s052
1,-0.014228812418878078,s052
1,-0.011186094954609871,s052
1,-0.04552099481225014,s052
1,-0.023102305829524994,s052
1,-0.026142818853259087,s052
1,-0.03732893243432045,s052
1,-0.028732014819979668,s052
1,-0.0225882139056921,s052
1,-0.02436305396258831,s052
1,-0.011964613571763039,s052
1,-0.017241431400179863,s052
1,-0.012711677700281143,s052
1,-0.02567058615386486,s052
1,-0.02538805827498436,s052
1,-0.01695128157734871,s052
1,-0.016736287623643875,s052
1,-0.04555579274892807,s052
1,-0.024492628872394562,s052
1,-0.02461620420217514,s052
1,-0.026803581044077873,s052
1,-0.05418090149760246,s052
1,-0.01691415160894394,s052
1,-0.019183337688446045,s052
1,-0.0412994809448719,s052
1,-0.024462975561618805,s052
1,-0.015730904415249825,s052
1,-0.021716484799981117,s052
1,-0.03763243928551674,s052
1,-0.01685270480811596,s052
1,-0.016108313575387,s052
1,-0.02001982368528843,s052
1,-0.024969017133116722,s052
1,-0.03564095497131348,s052
1,-0.010134680196642876,s052
1,-0.01374756172299385,s052
1,-0.01606341265141964,s052
1,-0.007268295623362064,s052
1,-0.020230472087860107,s052
1,-0.01599220000207424,s052
1,-0.03305985778570175,s052
1,-0.01412309892475605,s052
1,-0.02192607894539833,s052
1,-0.013432452455163002,s052
1,-0.06433446705341339,s052
1,-0.02227599173784256,s052
1,-0.02119918167591095,s052
1,-0.038220252841711044,s052
1,-0.015067916363477707,s052
1,-0.050074782222509384,s052
1,-0.009714240208268166,s052
1,-0.023137768730521202,s052
1,-0.01880704052746296,s052
1,-0.1300623118877411,s052
1,-0.022065093740820885,s052
1,-0.04098661243915558,s052
1,-0.01575029455125332,s052
1,-0.032029904425144196,s052
1,-0.035163555294275284,s052
1,-0.01263980008661747,s052
1,-0.05161886662244797,s052
1,-0.01347445324063301,s052
1,-0.013780634850263596,s052
1,-0.011805152520537376,s052
1,-0.014478315599262714,s052
1,-0.028428558260202408,s052
1,-0.012886724434792995,s052
1,-0.015830175951123238,s052
1,-0.01797560602426529,s052
1,-0.023753758519887924,s052
1,-0.012505319900810719,s052
1,-0.01854320429265499,s052
1,-0.014140043407678604,s052
1,-0.04686848819255829,s052
1,-0.023887522518634796,s052
1,-0.010798333212733269,s052
1,-0.01187389250844717,s052
1,-0.016293257474899292,s052
1,-0.03744067624211311,s052
1,-0.02114024944603443,s052
1,-0.01968914270401001,s052
1,-0.02353232353925705,s052
1,-0.019575122743844986,s052
1,-0.02048211172223091,s052
1,-0.015600570477545261,s052
1,-0.02858821488916874,s052
1,-0.031010465696454048,s052
1,-0.015291993506252766,s052
1,-0.01688944548368454,s052
1,-0.015096860006451607,s052
1,-0.019817398861050606,s052
1,-0.016108812764286995,s052
1,-0.021883077919483185,s052
1,-0.05215571075677872,s052
1,-0.0298665389418602,s052
1,-0.05191822350025177,s052
1,-0.014048258773982525,s052
1,-0.018009619787335396,s052
1,-0.07696807384490967,s052
1,-0.015349594876170158,s052
1,-0.03061399608850479,s052
1,-0.022313641384243965,s052
1,-0.013680574484169483,s052
1,-0.01909765414893627,s052
1,-0.02108091302216053,s052
1,-0.017303988337516785,s052
1,-0.008984376676380634,s052
1,-0.015117304399609566,s052
1,-0.02018023282289505,s052
1,-0.04437631368637085,s052
1,-0.026526369154453278,s052
1,-0.022876456379890442,s052
1,-0.02264442853629589,s052
1,-0.04387097805738449,s052
1,-0.03462781012058258,s052
1,-0.021123073995113373,s052
1,-0.022346701472997665,s052
1,-0.016192737966775894,s052
1,-0.027149565517902374,s052
1,-0.014729898422956467,s052
1,-0.015921663492918015,s052
1,-0.03875007480382919,s052
1,-0.025473320856690407,s052
1,-0.010897805914282799,s052
1,-0.019898079335689545,s052
1,-0.015541138127446175,s052
1,-0.030424343422055244,s052
1,-0.03194054588675499,s052
1,-0.011776752769947052,s052
1,-0.020912155508995056,s052
1,-0.024495191872119904,s052
1,-0.023399265483021736,s052
1,-0.02113175392150879,s052
1,-0.03137533739209175,s052
1,-0.022265350446105003,s052
1,-0.0603744201362133,s052
1,-0.022842060774564743,s052
1,-0.0838603749871254,s052
1,-0.029910117387771606,s052
1,-0.020881488919258118,s052
1,-0.036108918488025665,s052
1,-0.04871096462011337,s052
1,-0.01187159400433302,s052
1,-0.029025571420788765,s052
1,-0.01296999305486679,s052
1,-0.019848980009555817,s052
1,-0.014292644336819649,s052
1,-0.02121063508093357,s052
1,-0.01620195433497429,s052
1,-0.01510554738342762,s052
1,-0.024413304403424263,s052
1,-0.021848134696483612,s052
1,-0.025136539712548256,s052
1,-0.028605954721570015,s052
1,-0.007841911166906357,s052
1,-0.030724551528692245,s052
1,-0.012709620408713818,s052
1,-0.014075200073421001,s052
1,-0.0097352871671319,s052
1,-0.01632669009268284,s052
1,-0.02986934781074524,s052
1,-0.025035690516233444,s052
1,-0.026795772835612297,s052
1,-0.009577784687280655,s052
1,-0.012128179892897606,s052
1,-0.026975642889738083,s052
1,-0.027345066890120506,s052
1,-0.025496698915958405,s052
1,-0.023232735693454742,s052
1,-0.022464031353592873,s052
1,-0.0631997361779213,s052
1,-0.020621858537197113,s052
1,-0.013708516955375671,s052
1,-0.011368765495717525,s052
1,-0.018644221127033234,s052
1,-0.027331341058015823,s052
1,-0.015904497355222702,s052
1,-0.010380546562373638,s052
1,-0.0279545858502388,s052
1,-0.021615268662571907,s052
1,-0.01098644733428955,s052
1,-0.02458033710718155,s052
1,-0.022563589736819267,s052
1,-0.019602499902248383,s052
1,-0.039467960596084595,s052
1,-0.033087655901908875,s052
1,-0.027832329273223877,s052
1,-0.023559587076306343,s052
1,-0.016351308673620224,s052
1,-0.01638946123421192,s052
1,-0.01165174413472414,s052
1,-0.014403571374714375,s052
1,-0.031513284891843796,s052
1,-0.012898346409201622,s052
1,-0.025817524641752243,s052
1,-0.018028102815151215,s052
1,-0.07147996872663498,s052
1,-0.04672325775027275,s052
1,-0.05161948874592781,s052
0,-0.06040413677692413,s052
0,-0.11773253977298737,s052
0,-0.009501851163804531,s052
0,-0.021215545013546944,s052
0,-0.06293431669473648,s052
0,-0.026222780346870422,s052
0,-0.00719250924885273,s052
0,-0.04791335016489029,s052
0,-0.004277286119759083,s052
0,-0.0842096209526062,s052
0,-0.017726900056004524,s052
0,-0.008399523794651031,s052
0,-0.08248430490493774,s052
0,-0.004936348181217909,s052
0,-0.01655159704387188,s052
0,-0.021915536373853683,s052
0,-0.006490696687251329,s052
0,-0.015619748272001743,s052
0,-0.06980998069047928,s052
0,-0.005319299176335335,s052
0,-0.017867375165224075,s052
0,-0.0277575496584177,s052
0,-0.011037536896765232,s052
0,-0.01824697107076645,s052
0,-0.028538541868329048,s052
0,-0.010411052964627743,s052
0,-0.013655094429850578,s052
0,-0.018043849617242813,s052
0,-0.030407501384615898,s052
0,-0.028275873512029648,s052
0,-0.01553959958255291,s052
0,-0.01763509027659893,s052
0,-0.0022223186679184437,s052
0,-0.007173482794314623,s052
0,-0.0057799615897238255,s052
0,-0.017273906618356705,s052
0,-0.009861934930086136,s052
0,-0.01082873810082674,s052
0,-0.010086525231599808,s052
0,-0.01598048023879528,s052
0,-0.009326889179646969,s052
0,-0.037467874586582184,s052
0,-0.003658240893855691,s052
0,-0.018555892631411552,s052
0,-0.01211829949170351,s052
0,-0.0171493086963892,s052
0,-0.0039353440515697,s052
0,-0.013901632279157639,s052
0,-0.00658276304602623,s052
0,-0.028024932369589806,s052
0,-0.03737158700823784,s052
0,-0.013484467752277851,s052
0,-0.05393783375620842,s052
0,-0.010570279322564602,s052
0,-0.030580589547753334,s052
0,-0.019942311570048332,s052
0,-0.009899787604808807,s052
0,-0.009580542333424091,s052
0,-0.00760472659021616,s052
0,-0.06249866262078285,s052
0,-0.033250514417886734,s052
0,-0.004907235968858004,s052
0,-0.014222575351595879,s052
0,-0.017244720831513405,s052
0,-0.4051794707775116,s052
0,-0.08436544239521027,s052
0,-0.01076222863048315,s052
0,-0.013937532901763916,s052
0,-0.007499087136238813,s052
0,-0.007377877831459045,s052
0,-0.038782499730587006,s052
0,-0.06192396208643913,s052
0,-0.07352923601865768,s052
0,-0.04485625401139259,s052
0,-0.016420261934399605,s052
0,-0.06459015607833862,s052
0,-0.0034259911626577377,s052
0,-0.009569418616592884,s052
0,-0.02653081715106964,s052
0,-0.04666714370250702,s052
0,-0.031808800995349884,s052
0,-0.009004700928926468,s052
0,-0.036210279911756516,s052
0,-0.013894530013203621,s052
0,-0.006699433550238609,s052
0,-0.008134645409882069,s052
0,-0.014483366161584854,s052
0,-0.011852829717099667,s052
0,-0.009077628143131733,s052
0,-0.008774328045547009,s052
0,-0.012475177645683289,s052
0,-0.01639421284198761,s052
0,-0.009081102907657623,s052
0,-0.024405431002378464,s052
0,-0.031938642263412476,s052
0,-0.004919230937957764,s052
0,-0.007928436622023582,s052
0,-0.02119833417236805,s052
0,-0.05723065137863159,s052
0,-0.038999926298856735,s052
0,-1.2996737957000732,s052
0,-0.004105383530259132,s052
0,-0.005281948484480381,s052
0,-0.004980200901627541,s052
0,-0.04514244571328163,s052
0,-0.00848735123872757,s052
0,-0.003882910590618849,s052
0,-0.025121167302131653,s052
0,-0.00930417887866497,s052
0,-0.013226382434368134,s052
0,-0.09143570065498352,s052
0,-0.12207930535078049,s052
0,-0.09453354775905609,s052
0,-0.01123981922864914,s052
0,-0.04053117334842682,s052
0,-0.027661960572004318,s052
0,-0.013924813829362392,s052
0,-0.01276294607669115,s052
0,-0.009897860698401928,s052
0,-0.03431854769587517,s052
0,-0.015416552312672138,s052
0,-0.029896050691604614,s052
0,-0.010783865116536617,s052
0,-0.021536925807595253,s052
0,-0.010063713416457176,s052
0,-0.009960776194930077,s052
0,-0.009402589872479439,s052
0,-0.030413862317800522,s052
0,-0.016106555238366127,s052
0,-0.010039749555289745,s052
0,-0.029368890449404716,s052
0,-0.021424245089292526,s052
0,-0.020436067134141922,s052
0,-0.004085477441549301,s052
0,-0.06299743056297302,s052
0,-0.00827333889901638,s052
0,-0.01035735197365284,s052
0,-0.007023525889962912,s052
0,-0.015394780784845352,s052
0,-0.03484034165740013,s052
0,-0.04040585830807686,s052
0,-0.01705045998096466,s052
0,-0.0031803552992641926,s052
0,-0.09121078997850418,s052
0,-0.022404450923204422,s052
0,-0.01136045716702938,s052
0,-0.004366164095699787,s052
0,-0.009173723869025707,s052
0,-0.022398311644792557,s052
0,-0.022043630480766296,s052
0,-0.013841608539223671,s052
0,-0.04957210645079613,s052
0,-0.005163449794054031,s052
0,-0.009479830972850323,s052
0,-0.008936122991144657,s052
0,-0.008193864487111568,s052
0,-0.019973857328295708,s052
0,-0.021849054843187332,s052
0,-0.0242923516780138,s052
0,-0.008574900217354298,s052
0,-0.05403959006071091,s052
0,-0.016390779986977577,s052
0,-0.01230443362146616,s052
0,-0.006090020760893822,s052
0,-0.015179278329014778,s052
0,-0.011806933209300041,s052
0,-0.09545663744211197,s052
0,-0.01526462659239769,s052
0,-0.011736255139112473,s052
0,-0.05658241733908653,s052
0,-0.007824948988854885,s052
0,-0.023297704756259918,s052
0,-0.006563310511410236,s052
0,-0.02794646844267845,s052
0,-0.025634806603193283,s052
0,-0.06772124022245407,s052
0,-0.01860460825264454,s052
0,-0.10954973846673965,s052
0,-0.017227930948138237,s052
0,-0.027771716937422752,s052
0,-0.009969501756131649,s052
0,-0.020836180076003075,s052
0,-0.014404967427253723,s052
0,-0.029440760612487793,s052
0,-0.03271664306521416,s052
0,-0.04696311056613922,s052
0,-0.010295799002051353,s052
0,-0.04657970368862152,s052
0,-0.013249981217086315,s052
0,-0.018749358132481575,s052
0,-0.011339160613715649,s052
0,-0.04392971098423004,s052
0,-0.013123101554811,s052
0,-0.009139149449765682,s052
0,-0.03055402636528015,s052
0,-0.009220306761562824,s052
0,-0.004144663922488689,s052
0,-0.011904566548764706,s052
0,-0.030500151216983795,s052
0,-0.03051474317908287,s052
1,-0.03919056057929993,s053
1,-0.010569533333182335,s053
1,-0.02494346722960472,s053
1,-0.0363653227686882,s053
1,-0.015451482497155666,s053
1,-0.027352161705493927,s053
1,-0.01160050556063652,s053
1,-0.011362901888787746,s053
1,-0.02297731675207615,s053
1,-0.020579079166054726,s053
1,-0.04542314633727074,s053
1,-0.022985896095633507,s053
1,-0.02456594817340374,s053
1,-0.011808346025645733,s053
1,-0.04174936190247536,s053
1,-0.023498410359025,s053
1,-0.01961485669016838,s053
1,-0.011956404894590378,s053
1,-0.006914996076375246,s053
1,-0.0719662755727768,s053
1,-0.03024630807340145,s053
1,-0.025798074901103973,s053
1,-0.04184218868613243,s053
1,-0.025839470326900482,s053
1,-0.015001739375293255,s053
1,-0.022526966407895088,s053
1,-0.02189847081899643,s053
1,-0.03268919885158539,s053
1,-0.015035538002848625,s053
1,-0.034360434859991074,s053
1,-0.027284175157546997,s053
1,-0.01406480185687542,s053
1,-0.015290833078324795,s053
1,-0.03907961770892143,s053
1,-0.012633111327886581,s053
1,-0.024706047028303146,s053
1,-0.06362031400203705,s053
1,-0.01978011429309845,s053
1,-0.0232586320489645,s053
1,-0.012842799536883831,s053
1,-0.03222157433629036,s053
1,-0.021311987191438675,s053
1,-0.03862699866294861,s053
1,-0.010958116501569748,s053
1,-0.06005174666643143,s053
1,-0.041805449873209,s053
1,-0.05199097469449043,s053
1,-0.044727832078933716,s053
1,-0.04691682383418083,s053
1,-0.018919505178928375,s053
1,-0.0609978511929512,s053
1,-0.016565008088946342,s053
1,-0.04296724870800972,s053
1,-0.016456805169582367,s053
1,-0.09021496772766113,s053
1,-0.01788397878408432,s053
1,-0.0037927301600575447,s053
1,-0.01854056492447853,s053
1,-0.03156450018286705,s053
1,-0.013859348371624947,s053
1,-0.009317670948803425,s053
1,-0.027974626049399376,s053
1,-0.01151255238801241,s053
1,-0.017759623005986214,s053
1,-0.012984117493033409,s053
1,-0.016425034031271935,s053
1,-0.022390693426132202,s053
1,-0.03365132585167885,s053
1,-0.009824984706938267,s053
1,-0.025676600635051727,s053
1,-0.016942018643021584,s053
1,-0.034607917070388794,s053
1,-0.021355299279093742,s053
1,-0.015271227806806564,s053
1,-0.044793542474508286,s053
1,-0.061690058559179306,s053
1,-0.008776279166340828,s053
1,-0.019919412210583687,s053
1,-0.023547908291220665,s053
1,-0.07121872156858444,s053
1,-0.01269931998103857,s053
1,-0.06658395379781723,s053
1,-0.024393567815423012,s053
1,-0.015960650518536568,s053
1,-0.03488193452358246,s053
1,-0.019384322687983513,s053
1,-0.009764001704752445,s053
1,-0.05039214715361595,s053
1,-0.01543434988707304,s053
1,-0.03873343765735626,s053
1,-0.03109559789299965,s053
1,-0.0460934080183506,s053
1,-0.06492283940315247,s053
1,-0.019635803997516632,s053
1,-0.013236317783594131,s053
1,-0.024791376665234566,s053
1,-0.010211191140115261,s053
1,-0.010373275727033615,s053
1,-0.03789728507399559,s053
1,-0.056649837642908096,s053
1,-0.01959705725312233,s053
1,-0.049146175384521484,s053
1,-0.05985041335225105,s053
1,-0.03770899027585983,s053
1,-0.030284276232123375,s053
1,-0.013948146253824234,s053
1,-0.025556378066539764,s053
1,-0.014545274898409843,s053
1,-0.03636738657951355,s053
1,-0.05209174379706383,s053
1,-0.019330356270074844,s053
1,-0.02044013887643814,s053
1,-0.033984821289777756,s053
1,-0.010442381724715233,s053
1,-0.01825747638940811,s053
1,-0.007671001832932234,s053
1,-0.01688448339700699,s053
1,-0.013431649655103683,s053
1,-0.02921014279127121,s053
1,-0.020983869209885597,s053
1,-0.028984956443309784,s053
1,-0.022596806287765503,s053
1,-0.026925114914774895,s053
1,-0.11234136670827866,s053
1,-0.03881116956472397,s053
1,-0.03635862469673157,s053
1,-0.025735648348927498,s053
1,-0.05580111965537071,s053
1,-0.04391714930534363,s053
1,-0.0285461638122797,s053
1,-0.02908841148018837,s053
1,-0.026388857513666153,s053
1,-0.02689901739358902,s053
1,-0.009251749143004417,s053
1,-0.011137958616018295,s053
1,-0.015279563143849373,s053
1,-0.023946842178702354,s053
1,-0.00888274610042572,s053
1,-0.02423584833741188,s053
1,-0.010685918852686882,s053
1,-0.02141707018017769,s053
1,-0.05322253704071045,s053
1,-0.030754633247852325,s053
1,-0.014737973921000957,s053
1,-0.005717615596950054,s053
1,-0.04234825447201729,s053
1,-0.03667420148849487,s053
1,-0.02453264594078064,s053
1,-0.07421650737524033,s053
1,-0.014615765772759914,s053
1,-0.009635638445615768,s053
1,-0.013533293269574642,s053
1,-0.011439320631325245,s053
1,-0.0821281373500824,s053
1,-0.022385472431778908,s053
1,-0.013770781457424164,s053
1,-0.020334681496024132,s053
1,-0.027911851182579994,s053
1,-0.014745686203241348,s053
1,-0.025822125375270844,s053
1,-0.021598508581519127,s053
1,-0.04299408942461014,s053
1,-0.015887055546045303,s053
1,-0.027464214712381363,s053
1,-0.009139149449765682,s053
1,-0.01231615711003542,s053
1,-0.01051455270498991,s053
1,-0.011651580221951008,s053
1,-0.00624621519818902,s053
1,-0.021078208461403847,s053
1,-0.025370202958583832,s053
1,-0.04150053858757019,s053
1,-0.01318245381116867,s053
1,-0.019741196185350418,s053
1,-0.011746426112949848,s053
1,-0.014779637567698956,s053
1,-0.07004395127296448,s053
1,-0.026142578572034836,s053
1,-0.044882915914058685,s053
1,-0.018081221729516983,s053
1,-0.017523765563964844,s053
1,-0.06626188009977341,s053
1,-0.01840275712311268,s053
1,-0.09339739382266998,s053
1,-0.012251160107553005,s053
1,-0.013752194121479988,s053
1,-0.041983213275671005,s053
1,-0.021929267793893814,s053
1,-0.02203070931136608,s053
1,-0.0199715755879879,s053
1,-0.0571458674967289,s053
1,-0.03619207441806793,s053
1,-0.011285246349871159,s053
1,-0.05616085231304169,s053
1,-0.019931575283408165,s053
1,-0.025714462623000145,s053
1,-0.01251158770173788,s053
1,-0.026458382606506348,s053
1,-0.029453512281179428,s053
1,-0.0509326308965683,s053
0,-0.06040413677692413,s053
0,-0.11773253977298737,s053
0,-0.009501851163804531,s053
0,-0.021215545013546944,s053
0,-0.06293431669473648,s053
0,-0.026222780346870422,s053
0,-0.00719250924885273,s053
0,-0.04791335016489029,s053
0,-0.004277286119759083,s053
0,-0.0842096209526062,s053
0,-0.017726900056004524,s053
0,-0.008399523794651031,s053
0,-0.08248430490493774,s053
0,-0.004936348181217909,s053
0,-0.01655159704387188,s053
0,-0.021915536373853683,s053
0,-0.006490696687251329,s053
0,-0.015619748272001743,s053
0,-0.06980998069047928,s053
0,-0.005319299176335335,s053
0,-0.017867375165224075,s053
0,-0.0277575496584177,s053
0,-0.011037536896765232,s053
0,-0.01824697107076645,s053
0,-0.028538541868329048,s053
0,-0.010411052964627743,s053
0,-0.013655094429850578,s053
0,-0.018043849617242813,s053
0,-0.030407501384615898,s053
0,-0.028275873512029648,s053
0,-0.01553959958255291,s053
0,-0.01763509027659893,s053
0,-0.0022223186679184437,s053
0,-0.007173482794314623,s053
0,-0.0057799615897238255,s053
0,-0.017273906618356705,s053
0,-0.009861934930086136,s053
0,-0.01082873810082674,s053
0,-0.010086525231599808,s053
0,-0.01598048023879528,s053
0,-0.009326889179646969,s053
0,-0.037467874586582184,s053
0,-0.003658240893855691,s053
0,-0.018555892631411552,s053
0,-0.01211829949170351,s053
0,-0.02904142253100872,s053
0,-0.0039353440515697,s053
0,-0.013901632279157639,s053
0,-0.00658276304602623,s053
0,-0.028024932369589806,s053
0,-0.03737158700823784,s053
0,-0.013484467752277851,s053
0,-0.05393783375620842,s053
0,-0.010570279322564602,s053
0,-0.030580589547753334,s053
0,-0.019942311570048332,s053
0,-0.009899787604808807,s053
0,-0.009580542333424091,s053
0,-0.00760472659021616,s053
0,-0.06249866262078285,s053
0,-0.033250514417886734,s053
0,-0.004907235968858004,s053
0,-0.014222575351595879,s053
0,-0.017244720831513405,s053
0,-0.4051794707775116,s053
0,-0.08436544239521027,s053
0,-0.01076222863048315,s053
0,-0.013937532901763916,s053
0,-0.007499087136238813,s053
0,-0.007377877831459045,s053
0,-0.038782499730587006,s053
0,-0.06192396208643913,s053
0,-0.07352923601865768,s053
0,-0.04485625401139259,s053
0,-0.016420261934399605,s053
0,-0.06459015607833862,s053
0,-0.0034259911626577377,s053
0,-0.009569418616592884,s053
0,-0.02653081715106964,s053
0,-0.04666714370250702,s053
0,-0.031808800995349884,s053
0,-0.009004700928926468,s053
0,-0.036210279911756516,s053
0,-0.013894530013203621,s053
0,-0.006699433550238609,s053
0,-0.008134645409882069,s053
0,-0.014483366161584854,s053
0,-0.011852829717099667,s053
0,-0.009077628143131733,s053
0,-0.008774328045547009,s053
0,-0.012475177645683289,s053
0,-0.01639421284198761,s053
0,-0.009081102907657623,s053
0,-0.024405431002378464,s053
0,-0.031938642263412476,s053
0,-0.004919230937957764,s053
0,-0.007928436622023582,s053
0,-0.02119833417236805,s053
0,-0.05723065137863159,s053
0,-0.038999926298856735,s053
0,-1.2996737957000732,s053
0,-0.004105383530259132,s053
0,-0.005281948484480381,s053
0,-0.004980200901627541,s053
0,-0.04514244571328163,s053
0,-0.00848735123872757,s053
0,-0.003882910590618849,s053
0,-0.025121167302131653,s053
0,-0.00930417887866497,s053
0,-0.013226382434368134,s053
0,-0.09143570065498352,s053
0,-0.12207930535078049,s053
0,-0.09453354775905609,s053
0,-0.01123981922864914,s053
0,-0.04053117334842682,s053
0,-0.027661960572004318,s053
0,-0.013924813829362392,s053
0,-0.01276294607669115,s053
0,-0.009897860698401928,s053
0,-0.03431854769587517,s053
0,-0.015416552312672138,s053
0,-0.029896050691604614,s053
0,-0.010783865116536617,s053
0,-0.021536925807595253,s053
0,-0.010063713416457176,s053
0,-0.009960776194930077,s053
0,-0.009402589872479439,s053
0,-0.030413862317800522,s053
0,-0.016106555238366127,s053
0,-0.010039749555289745,s053
0,-0.029368890449404716,s053
0,-0.021424245089292526,s053
0,-0.020436067134141922,s053
0,-0.004085477441549301,s053
0,-0.06299743056297302,s053
0,-0.00827333889901638,s053
0,-0.01035735197365284,s053
0,-0.007023525889962912,s053
0,-0.015394780784845352,s053
0,-0.03484034165740013,s053
0,-0.04040585830807686,s053
0,-0.01705045998096466,s053
0,-0.0031803552992641926,s053
0,-0.09121078997850418,s053
0,-0.022404450923204422,s053
0,-0.01136045716702938,s053
0,-0.004366164095699787,s053
0,-0.009173723869025707,s053
0,-0.022398311644792557,s053
0,-0.022043630480766296,s053
0,-0.013841608539223671,s053
0,-0.04957210645079613,s053
0,-0.005163449794054031,s053
0,-0.009479830972850323,s053
0,-0.008936122991144657,s053
0,-0.008193864487111568,s053
0,-0.019973857328295708,s053
0,-0.021849054843187332,s053
0,-0.0242923516780138,s053
0,-0.008574900217354298,s053
0,-0.05403959006071091,s053
0,-0.016390779986977577,s053
0,-0.01230443362146616,s053
0,-0.006090020760893822,s053
0,-0.015179278329014778,s053
0,-0.011806933209300041,s053
0,-0.09545663744211197,s053
0,-0.01526462659239769,s053
0,-0.03850198909640312,s053
0,-0.05658241733908653,s053
0,-0.007824948988854885,s053
0,-0.023297704756259918,s053
0,-0.006563310511410236,s053
0,-0.02794646844267845,s053
0,-0.025634806603193283,s053
0,-0.06772124022245407,s053
0,-0.01860460825264454,s053
0,-0.10954973846673965,s053
0,-0.017227930948138237,s053
0,-0.027771716937422752,s053
0,-0.009969501756131649,s053
0,-0.03697576746344566,s053
0,-0.014404967427253723,s053
0,-0.029440760612487793,s053
0,-0.03271664306521416,s053
0,-0.04696311056613922,s053
0,-0.010295799002051353,s053
0,-0.04657970368862152,s053
0,-0.013249981217086315,s053
0,-0.018749358132481575,s053
0,-0.011339160613715649,s053
0,-0.04392971098423004,s053
0,-0.013123101554811,s053
0,-0.009577784687280655,s053
0,-0.03055402636528015,s053
0,-0.009220306761562824,s053
0,-0.004144663922488689,s053
0,-0.011904566548764706,s053
0,-0.030500151216983795,s053
0,-0.027105679735541344,s053
1,-0.037753909826278687,s054
1,-0.005528116133064032,s054
1,-0.006734160240739584,s054
1,-0.0030847664456814528,s054
1,-0.009574283845722675,s054
1,-0.00949662085622549,s054
1,-0.0034329150803387165,s054
1,-0.015533977188169956,s054
1,-0.004844679497182369,s054
1,-0.015144245699048042,s054
1,-0.10791015625,s054
1,-0.038613833487033844,s054
1,-0.035879284143447876,s054
1,-0.008588753640651703,s054
1,-0.05261583626270294,s054
1,-0.011019546538591385,s054
1,-0.02126983180642128,s054
1,-0.009602135978639126,s054
1,-0.013834502547979355,s054
1,-0.0150121646001935,s054
1,-0.02277883142232895,s054
1,-0.006075914017856121,s054
1,-0.01865454949438572,s054
1,-0.009385599754750729,s054
1,-0.01619434356689453,s054
1,-0.0021531344391405582,s054
1,-0.03633373603224754,s054
1,-0.01506069302558899,s054
1,-0.008629193529486656,s054
1,-0.007949416525661945,s054
1,-0.017958682030439377,s054
1,-0.003005932318046689,s054
1,-0.011212291195988655,s054
1,-0.010309867560863495,s054
1,-0.010017236694693565,s054
1,-0.008844567462801933,s054
1,-0.007834281772375107,s054
1,-0.006102129817008972,s054
1,-0.004604844842106104,s054
1,-0.025506990030407906,s054
1,-0.01467841025441885,s054
1,-0.05825682356953621,s054
1,-0.02082136832177639,s054
1,-0.012620425783097744,s054
1,-0.03409487009048462,s054
1,-0.011762409470975399,s054
1,-0.012440171092748642,s054
1,-0.007560604251921177,s054
1,-0.006557615473866463,s054
1,-0.04890482872724533,s054
1,-0.004669344052672386,s054
1,-0.00472090020775795,s054
1,-0.008432096801698208,s054
1,-0.03993339091539383,s054
1,-0.00639803521335125,s054
1,-0.009271812625229359,s054
1,-0.0054909782484173775,s054
1,-0.01001885998994112,s054
1,-0.06375224888324738,s054
1,-0.006017543375492096,s054
1,-0.01998407393693924,s054
1,-0.015492728911340237,s054
1,-0.006420810706913471,s054
1,-0.04828336089849472,s054
1,-0.008424144238233566,s054
1,-0.0026300502941012383,s054
1,-0.008769757114350796,s054
1,-0.02382768504321575,s054
1,-0.004914340563118458,s054
1,-0.016740432009100914,s054
1,-0.003603302873671055,s054
1,-0.004579991567879915,s054
1,-0.024067405611276627,s054
1,-0.0027627749368548393,s054
1,-0.012073804624378681,s054
1,-0.03051958791911602,s054
1,-0.01262987032532692,s054
1,-0.016536500304937363,s054
1,-0.007602877914905548,s054
1,-0.018951712176203728,s054
1,-0.017769604921340942,s054
1,-0.013023892417550087,s054
1,-0.022186631336808205,s054
1,-0.005240459460765123,s054
1,-0.008119211532175541,s054
1,-0.025093290954828262,s054
1,-0.00903354212641716,s054
1,-0.0069593871012330055,s054
1,-0.007130870595574379,s054
1,-0.010708218440413475,s054
1,-0.012162577360868454,s054
1,-0.02495221234858036,s054
1,-0.01060316152870655,s054
1,-0.007051693741232157,s054
1,-0.11720352619886398,s054
1,-0.011336641386151314,s054
1,-0.01489180512726307,s054
1,-0.00961294025182724,s054
1,-0.006626537535339594,s054
1,-0.002076698699966073,s054
1,-0.009607446379959583,s054
1,-0.03341687098145485,s054
1,-0.0046985577791929245,s054
1,-0.027690088376402855,s054
1,-0.038354888558387756,s054
1,-0.009078203700482845,s054
1,-0.015464848838746548,s054
1,-0.004494285676628351,s054
1,-0.02287355624139309,s054
1,-0.026199519634246826,s054
1,-0.004126781597733498,s054
1,-0.01705571450293064,s054
1,-0.025965828448534012,s054
1,-0.0026066186837852,s054
1,-0.010622760280966759,s054
1,-0.0037994554731994867,s054
1,-0.012520520016551018,s054
1,-0.017793385311961174,s054
1,-0.007896678522229195,s054
1,-0.008134645409882069,s054
1,-0.03410927578806877,s054
1,-0.011875259689986706,s054
1,-0.02175797149538994,s054
1,-0.015796072781085968,s054
1,-0.014742293395102024,s054
1,-0.022447723895311356,s054
1,-0.004684343934059143,s054
1,-0.009413481689989567,s054
1,-0.007048678118735552,s054
1,-0.0023375635500997305,s054
1,-0.0696183368563652,s054
1,-0.005050645675510168,s054
1,-0.010935294441878796,s054
1,-0.034491535276174545,s054
1,-0.009083092212677002,s054
1,-0.011453656479716301,s054
1,-0.0027002885472029448,s054
1,-0.03423831984400749,s054
1,-0.017460353672504425,s054
1,-0.005960654467344284,s054
1,-0.005949901416897774,s054
1,-0.021746063604950905,s054
1,-0.007107386365532875,s054
1,-0.008519989438354969,s054
1,-0.008857007138431072,s054
1,-0.014369630254805088,s054
1,-0.010050411336123943,s054
1,-0.023155122995376587,s054
1,-0.029015706852078438,s054
1,-0.009584629908204079,s054
1,-0.014727643691003323,s054
1,-0.052414920181035995,s054
1,-0.015499096363782883,s054
1,-0.006207005586475134,s054
1,-0.04980841279029846,s054
1,-0.026478061452507973,s054
1,-0.0069177583791315556,s054
1,-0.002364291111007333,s054
1,-0.008722670376300812,s054
1,-0.013696799986064434,s054
1,-0.022642772644758224,s054
1,-0.010982885956764221,s054
1,-0.009207540191709995,s054
1,-0.02157212235033512,s054
1,-0.0060920133255422115,s054
1,-0.01814819499850273,s054
1,-0.002615866484120488,s054
1,-0.0031421594321727753,s054
1,-0.01566852256655693,s054
1,-0.008633975870907307,s054
1,-0.009962433949112892,s054
1,-0.00384968938305974,s054
1,-0.027447283267974854,s054
1,-0.012679465115070343,s054
1,-0.022295808419585228,s054
1,-0.014959245920181274,s054
1,-0.008027731440961361,s054
1,-0.008552132174372673,s054
1,-0.01782255619764328,s054
1,-0.012916730716824532,s054
1,-0.01431077066808939,s054
1,-0.010578429326415062,s054
1,-0.016019275411963463,s054
1,-0.0031199913937598467,s054
1,-0.005045510828495026,s054
1,-0.008244314230978489,s054
1,-0.012872528284788132,s054
1,-0.018952565267682076,s054
1,-0.009547213092446327,s054
1,-0.007209415081888437,s054
1,-0.010665378533303738,s054
1,-0.011593189090490341,s054
1,-0.010135775431990623,s054
1,-0.014070793986320496,s054
1,-0.04411262273788452,s054
1,-0.04025740921497345,s054
1,-0.019066758453845978,s054
1,-0.004401111043989658,s054
1,-0.010145781561732292,s054
1,-0.004257981665432453,s054
0,-0.06040413677692413,s054
0,-0.11773253977298737,s054
0,-0.009501851163804531,s054
0,-0.021215545013546944,s054
0,-0.06293431669473648,s054
0,-0.026222780346870422,s054
0,-0.00719250924885273,s054
0,-0.04791335016489029,s054
0,-0.004277286119759083,s054
0,-0.0842096209526062,s054
0,-0.017726900056004524,s054
0,-0.008399523794651031,s054
0,-0.08248430490493774,s054
0,-0.004936348181217909,s054
0,-0.018680384382605553,s054
0,-0.021915536373853683,s054
0,-0.006490696687251329,s054
0,-0.015619748272001743,s054
0,-0.06980998069047928,s054
0,-0.005319299176335335,s054
0,-0.017867375165224075,s054
0,-0.0277575496584177,s054
0,-0.011037536896765232,s054
0,-0.01824697107076645,s054
0,-0.028538541868329048,s054
0,-0.010411052964627743,s054
0,-0.013655094429850578,s054
0,-0.018043849617242813,s054
0,-0.030407501384615898,s054
0,-0.028275873512029648,s054
0,-0.01553959958255291,s054
0,-0.01763509027659893,s054
0,-0.0022223186679184437,s054
0,-0.007173482794314623,s054
0,-0.0057799615897238255,s054
0,-0.017273906618356705,s054
0,-0.009861934930086136,s054
0,-0.01082873810082674,s054
0,-0.010086525231599808,s054
0,-0.01598048023879528,s054
0,-0.009326889179646969,s054
0,-0.037467874586582184,s054
0,-0.003658240893855691,s054
0,-0.018555892631411552,s054
0,-0.01211829949170351,s054
0,-0.02904142253100872,s054
0,-0.0039353440515697,s054
0,-0.013901632279157639,s054
0,-0.00658276304602623,s054
0,-0.028024932369589806,s054
0,-0.03737158700823784,s054
0,-0.013484467752277851,s054
0,-0.05393783375620842,s054
0,-0.014864753000438213,s054
0,-0.030580589547753334,s054
0,-0.019942311570048332,s054
0,-0.009899787604808807,s054
0,-0.009580542333424091,s054
0,-0.00760472659021616,s054
0,-0.06249866262078285,s054
0,-0.033250514417886734,s054
0,-0.004907235968858004,s054
0,-0.014222575351595879,s054
0,-0.017244720831513405,s054
0,-0.4051794707775116,s054
0,-0.08436544239521027,s054
0,-0.01076222863048315,s054
0,-0.013937532901763916,s054
0,-0.007499087136238813,s054
0,-0.007377877831459045,s054
0,-0.038782499730587006,s054
0,-0.06192396208643913,s054
0,-0.07352923601865768,s054
0,-0.04485625401139259,s054
0,-0.016420261934399605,s054
0,-0.06459015607833862,s054
0,-0.0034259911626577377,s054
0,-0.009569418616592884,s054
0,-0.02653081715106964,s054
0,-0.04666714370250702,s054
0,-0.031808800995349884,s054
0,-0.009004700928926468,s054
0,-0.036210279911756516,s054
0,-0.013894530013203621,s054
0,-0.006699433550238609,s054
0,-0.020983869209885597,s054
0,-0.014483366161584854,s054
0,-0.011852829717099667,s054
0,-0.009077628143131733,s054
0,-0.008774328045547009,s054
0,-0.012475177645683289,s054
0,-0.01639421284198761,s054
0,-0.009081102907657623,s054
0,-0.024405431002378464,s054
0,-0.031938642263412476,s054
0,-0.004919230937957764,s054
0,-0.007928436622023582,s054
0,-0.02119833417236805,s054
0,-0.05723065137863159,s054
0,-0.038999926298856735,s054
0,-1.2996737957000732,s054
0,-0.004105383530259132,s054
0,-0.005281948484480381,s054
0,-0.004980200901627541,s054
0,-0.04514244571328163,s054
0,-0.00848735123872757,s054
0,-0.003882910590618849,s054
0,-0.025121167302131653,s054
0,-0.00930417887866497,s054
0,-0.013226382434368134,s054
0,-0.09143570065498352,s054
0,-0.12207930535078049,s054
0,-0.09453354775905609,s054
0,-0.01123981922864914,s054
0,-0.04053117334842682,s054
0,-0.027661960572004318,s054
0,-0.013924813829362392,s054
0,-0.01276294607669115,s054
0,-0.009897860698401928,s054
0,-0.03431854769587517,s054
0,-0.015416552312672138,s054
0,-0.029896050691604614,s054
0,-0.010783865116536617,s054
0,-0.021536925807595253,s054
0,-0.010063713416457176,s054
0,-0.009960776194930077,s054
0,-0.009402589872479439,s054
0,-0.030413862317800522,s054
0,-0.016106555238366127,s054
0,-0.010039749555289745,s054
0,-0.029368890449404716,s054
0,-0.021424245089292526,s054
0,-0.020436067134141922,s054
0,-0.004085477441549301,s054
0,-0.06299743056297302,s054
0,-0.00827333889901638,s054
0,-0.01035735197365284,s054
0,-0.007023525889962912,s054
0,-0.015394780784845352,s054
0,-0.03484034165740013,s054
0,-0.04040585830807686,s054
0,-0.01705045998096466,s054
0,-0.0031803552992641926,s054
0,-0.09121078997850418,s054
0,-0.022404450923204422,s054
0,-0.01136045716702938,s054
0,-0.004366164095699787,s054
0,-0.009173723869025707,s054
0,-0.022398311644792557,s054
0,-0.022043630480766296,s054
0,-0.013841608539223671,s054
0,-0.04957210645079613,s054
0,-0.005163449794054031,s054
0,-0.009479830972850323,s054
0,-0.008936122991144657,s054
0,-0.008193864487111568,s054
0,-0.019973857328295708,s054
0,-0.021849054843187332,s054
0,-0.0242923516780138,s054
0,-0.008574900217354298,s054
0,-0.05403959006071091,s054
0,-0.016390779986977577,s054
0,-0.01230443362146616,s054
0,-0.006090020760893822,s054
0,-0.015179278329014778,s054
0,-0.011806933209300041,s054
0,-0.09545663744211197,s054
0,-0.01526462659239769,s054
0,-0.03850198909640312,s054
0,-0.05658241733908653,s054
0,-0.007824948988854885,s054
0,-0.023297704756259918,s054
0,-0.006563310511410236,s054
0,-0.02794646844267845,s054
0,-0.025634806603193283,s054
0,-0.06772124022245407,s054
0,-0.01860460825264454,s054
0,-0.10954973846673965,s054
0,-0.017227930948138237,s054
0,-0.027771716937422752,s054
0,-0.009969501756131649,s054
0,-0.03697576746344566,s054
0,-0.014404967427253723,s054
0,-0.029440760612487793,s054
0,-0.03271664306521416,s054
0,-0.04696311056613922,s054
0,-0.010295799002051353,s054
0,-0.04657970368862152,s054
0,-0.013249981217086315,s054
0,-0.018749358132481575,s054
0,-0.011339160613715649,s054
0,-0.04392971098423004,s054
0,-0.013123101554811,s054
0,-0.009577784687280655,s054
0,-0.03055402636528015,s054
0,-0.009220306761562824,s054
0,-0.004144663922488689,s054
0,-0.011904566548764706,s054
0,-0.030500151216983795,s054
0,-0.027105679735541344,s054
1,-0.01831151358783245,s055
1,-0.02027604728937149,s055
1,-0.023822158575057983,s055
1,-0.007943685166537762,s055
1,-0.037117987871170044,s055
1,-0.03375794366002083,s055
1,-0.021467598155140877,s055
1,-0.02603805996477604,s055
1,-0.042123571038246155,s055
1,-0.005317335017025471,s055
1,-0.002872214186936617,s055
1,-0.022059686481952667,s055
1,-0.018006114289164543,s055
1,-0.009065882302820683,s055
1,-0.02024923637509346,s055
1,-0.016276370733976364,s055
1,-0.018891774117946625,s055
1,-0.008297539316117764,s055
1,-0.008060751482844353,s055
1,-0.01788082718849182,s055
1,-0.011628609150648117,s055
1,-0.03305130824446678,s055
1,-0.01025396678596735,s055
1,-0.009800788015127182,s055
1,-0.01014779508113861,s055
1,-0.01253337413072586,s055
1,-0.009794156067073345,s055
1,-0.00559519836679101,s055
1,-0.022644124925136566,s055
1,-0.03408189117908478,s055
1,-0.014028731733560562,s055
1,-0.014531303197145462,s055
1,-0.03637073561549187,s055
1,-0.03469967097043991,s055
1,-0.04645315185189247,s055
1,-0.02852487936615944,s055
1,-0.025426438078284264,s055
1,-0.015156765468418598,s055
1,-0.011561603285372257,s055
1,-0.028516540303826332,s055
1,-0.011995943263173103,s055
1,-0.02858693152666092,s055
1,-0.02647901326417923,s055
1,-0.022790737450122833,s055
1,-0.029896050691604614,s055
1,-0.007084872107952833,s055
1,-0.05512014403939247,s055
1,-0.019517717882990837,s055
1,-0.017225241288542747,s055
1,-0.013353784568607807,s055
1,-0.007696898654103279,s055
1,-0.02312624640762806,s055
1,-0.031202666461467743,s055
1,-0.01395629532635212,s055
1,-0.03201529011130333,s055
1,-0.026502063497900963,s055
1,-0.01321319118142128,s055
1,-0.01910792477428913,s055
1,-0.02248501591384411,s055
1,-0.007204162422567606,s055
1,-0.011077499948441982,s055
1,-0.007597182411700487,s055
1,-0.014603270217776299,s055
1,-0.014304786920547485,s055
1,-0.023796655237674713,s055
1,-0.02373095601797104,s055
1,-0.011077809147536755,s055
1,-0.014822845347225666,s055
1,-0.012125629931688309,s055
1,-0.017987456172704697,s055
1,-0.009115695022046566,s055
1,-0.024306323379278183,s055
1,-0.01134844496846199,s055
1,-0.006535634398460388,s055
1,-0.025011727586388588,s055
1,-0.022259054705500603,s055
1,-0.021548010408878326,s055
1,-0.024711530655622482,s055
1,-0.019024167209863663,s055
1,-0.04690421000123024,s055
1,-0.0465749055147171,s055
1,-0.03069423697888851,s055
1,-0.014176483266055584,s055
1,-0.01403278112411499,s055
1,-0.03828732296824455,s055
1,-0.02026854269206524,s055
1,-0.019468767568469048,s055
1,-0.03979746997356415,s055
1,-0.02536565065383911,s055
1,-0.011568913236260414,s055
1,-0.016951151192188263,s055
1,-0.033989131450653076,s055
1,-0.020206771790981293,s055
1,-0.017445098608732224,s055
1,-0.008279007859528065,s055
1,-0.01960691623389721,s055
1,-0.026146672666072845,s055
1,-0.017827920615673065,s055
1,-0.023273520171642303,s055
1,-0.013525089249014854,s055
1,-0.02416062355041504,s055
1,-0.02936253324151039,s055
1,-0.009089167229831219,s055
1,-0.014163775369524956,s055
1,-0.026541708037257195,s055
1,-0.021224142983555794,s055
1,-0.036834511905908585,s055
1,-0.010644704103469849,s055
1,-0.005611876957118511,s055
1,-0.019554607570171356,s055
1,-0.01224831584841013,s055
1,-0.027445532381534576,s055
1,-0.01952362060546875,s055
1,-0.0200936459004879,s055
1,-0.012345231138169765,s055
1,-0.012192725203931332,s055
1,-0.02083013206720352,s055
1,-0.014438350684940815,s055
1,-0.009268957190215588,s055
1,-0.02882262133061886,s055
1,-0.01676972396671772,s055
1,-0.012936442159116268,s055
1,-0.009842338040471077,s055
1,-0.017908785492181778,s055
1,-0.0256686732172966,s055
1,-0.019399680197238922,s055
1,-0.024107731878757477,s055
1,-0.010256754234433174,s055
1,-0.02530704252421856,s055
1,-0.01307730283588171,s055
1,-0.01574522629380226,s055
1,-0.03098692186176777,s055
1,-0.011545960791409016,s055
1,-0.02769259363412857,s055
1,-0.027951160445809364,s055
1,-0.030887089669704437,s055
1,-0.00888054445385933,s055
1,-0.010645369999110699,s055
1,-0.01814931444823742,s055
1,-0.055012740194797516,s055
1,-0.00372665049508214,s055
1,-0.021119404584169388,s055
1,-0.0331256277859211,s055
1,-0.02094011940062046,s055
1,-0.0190129354596138,s055
1,-0.03596801310777664,s055
1,-0.038689177483320236,s055
1,-0.02507077343761921,s055
1,-0.01946292445063591,s055
1,-0.0184083990752697,s055
1,-0.009536510333418846,s055
1,-0.011564400047063828,s055
1,-0.00801622960716486,s055
1,-0.0233562421053648,s055
1,-0.015969667583703995,s055
1,-0.007787251845002174,s055
1,-0.01561916247010231,s055
1,-0.026313645765185356,s055
1,-0.034046392887830734,s055
1,-0.025081323459744453,s055
1,-0.02336168847978115,s055
1,-0.013248318806290627,s055
1,-0.010411052964627743,s055
1,-0.036909788846969604,s055
1,-0.017273906618356705,s055
1,-0.019214769825339317,s055
1,-0.017812544479966164,s055
1,-0.024801023304462433,s055
1,-0.017113445326685905,s055
1,-0.02520337700843811,s055
1,-0.016943790018558502,s055
1,-0.015910888090729713,s055
1,-0.01626201719045639,s055
1,-0.02711828239262104,s055
1,-0.013529305346310139,s055
1,-0.04917412996292114,s055
1,-0.03877941146492958,s055
1,-0.05033901706337929,s055
1,-0.023615574464201927,s055
1,-0.021739536896348,s055
1,-0.021104175597429276,s055
1,-0.021658923476934433,s055
1,-0.05134247988462448,s055
1,-0.003950971644371748,s055
1,-0.039816249161958694,s055
1,-0.04439271241426468,s055
1,-0.0401204414665699,s055
1,-0.02207460068166256,s055
1,-0.05967351421713829,s055
1,-0.005214018747210503,s055
1,-0.023219026625156403,s055
1,-0.026037883013486862,s055
1,-0.007556056138128042,s055
1,-0.006090082228183746,s055
1,-0.016874052584171295,s055
1,-0.030457837507128716,s055
1,-0.0169253908097744,s055
1,-0.019844617694616318,s055
1,-0.00801900029182434,s055
1,-0.01874811202287674,s055
0,-0.06040413677692413,s055
0,-0.11773253977298737,s055
0,-0.009501851163804531,s055
0,-0.021215545013546944,s055
0,-0.06293431669473648,s055
0,-0.026222780346870422,s055
0,-0.00719250924885273,s055
0,-0.04791335016489029,s055
0,-0.004277286119759083,s055
0,-0.0842096209526062,s055
0,-0.017726900056004524,s055
0,-0.008399523794651031,s055
0,-0.08248430490493774,s055
0,-0.004936348181217909,s055
0,-0.018680384382605553,s055
0,-0.021915536373853683,s055
0,-0.006490696687251329,s055
0,-0.015619748272001743,s055
0,-0.06980998069047928,s055
0,-0.005319299176335335,s055
0,-0.017867375165224075,s055
0,-0.0277575496584177,s055
0,-0.011037536896765232,s055
0,-0.01824697107076645,s055
0,-0.028538541868329048,s055
0,-0.009207540191709995,s055
0,-0.013655094429850578,s055
0,-0.017847880721092224,s055
0,-0.030407501384615898,s055
0,-0.028275873512029648,s055
0,-0.01553959958255291,s055
0,-0.01763509027659893,s055
0,-0.0022223186679184437,s055
0,-0.007173482794314623,s055
0,-0.0057799615897238255,s055
0,-0.0060920133255422115,s055
0,-0.009861934930086136,s055
0,-0.01082873810082674,s055
0,-0.010086525231599808,s055
0,-0.01598048023879528,s055
0,-0.009326889179646969,s055
0,-0.037467874586582184,s055
0,-0.003658240893855691,s055
0,-0.018555892631411552,s055
0,-0.01211829949170351,s055
0,-0.02904142253100872,s055
0,-0.0039353440515697,s055
0,-0.013901632279157639,s055
0,-0.00658276304602623,s055
0,-0.028024932369589806,s055
0,-0.019997838884592056,s055
0,-0.013484467752277851,s055
0,-0.05393783375620842,s055
0,-0.014864753000438213,s055
0,-0.030580589547753334,s055
0,-0.019942311570048332,s055
0,-0.009899787604808807,s055
0,-0.009580542333424091,s055
0,-0.00760472659021616,s055
0,-0.06249866262078285,s055
0,-0.033250514417886734,s055
0,-0.004907235968858004,s055
0,-0.014222575351595879,s055
0,-0.017244720831513405,s055
0,-0.4051794707775116,s055
0,-0.08436544239521027,s055
0,-0.01076222863048315,s055
0,-0.013937532901763916,s055
0,-0.007499087136238813,s055
0,-0.007377877831459045,s055
0,-0.038782499730587006,s055
0,-0.06192396208643913,s055
0,-0.07352923601865768,s055
0,-0.04485625401139259,s055
0,-0.016420261934399605,s055
0,-0.06459015607833862,s055
0,-0.0034259911626577377,s055
0,-0.009569418616592884,s055
0,-0.02653081715106964,s055
0,-0.04666714370250702,s055
0,-0.031808800995349884,s055
0,-0.009004700928926468,s055
0,-0.036210279911756516,s055
0,-0.013894530013203621,s055
0,-0.006699433550238609,s055
0,-0.020983869209885597,s055
0,-0.014483366161584854,s055
0,-0.011852829717099667,s055
0,-0.009077628143131733,s055
0,-0.008774328045547009,s055
0,-0.012475177645683289,s055
0,-0.01639421284198761,s055
0,-0.009081102907657623,s055
0,-0.024405431002378464,s055
0,-0.031938642263412476,s055
0,-0.004919230937957764,s055
0,-0.007928436622023582,s055
0,-0.02119833417236805,s055
0,-0.05723065137863159,s055
0,-0.038999926298856735,s055
0,-1.2996737957000732,s055
0,-0.004105383530259132,s055
0,-0.005281948484480381,s055
0,-0.004980200901627541,s055
0,-0.04514244571328163,s055
0,-0.00848735123872757,s055
0,-0.003882910590618849,s055
0,-0.025121167302131653,s055
0,-0.00930417887866497,s055
0,-0.013226382434368134,s055
0,-0.09143570065498352,s055
0,-0.12207930535078049,s055
0,-0.09453354775905609,s055
0,-0.01123981922864914,s055
0,-0.04053117334842682,s055
0,-0.027661960572004318,s055
0,-0.013924813829362392,s055
0,-0.01276294607669115,s055
0,-0.009897860698401928,s055
0,-0.03431854769587517,s055
0,-0.015416552312672138,s055
0,-0.03409487009048462,s055
0,-0.010783865116536617,s055
0,-0.021536925807595253,s055
0,-0.010063713416457176,s055
0,-0.007848415523767471,s055
0,-0.009402589872479439,s055
0,-0.030413862317800522,s055
0,-0.016106555238366127,s055
0,-0.010039749555289745,s055
0,-0.029368890449404716,s055
0,-0.021424245089292526,s055
0,-0.020436067134141922,s055
0,-0.004085477441549301,s055
0,-0.06299743056297302,s055
0,-0.00827333889901638,s055
0,-0.01035735197365284,s055
0,-0.007023525889962912,s055
0,-0.015394780784845352,s055
0,-0.03484034165740013,s055
0,-0.04040585830807686,s055
0,-0.01705045998096466,s055
0,-0.0031803552992641926,s055
0,-0.09121078997850418,s055
0,-0.022404450923204422,s055
0,-0.01136045716702938,s055
0,-0.004366164095699787,s055
0,-0.009173723869025707,s055
0,-0.022398311644792557,s055
0,-0.022043630480766296,s055
0,-0.013841608539223671,s055
0,-0.04957210645079613,s055
0,-0.005163449794054031,s055
0,-0.009479830972850323,s055
0,-0.008936122991144657,s055
0,-0.008193864487111568,s055
0,-0.019973857328295708,s055
0,-0.021849054843187332,s055
0,-0.0242923516780138,s055
0,-0.008574900217354298,s055
0,-0.05403959006071091,s055
0,-0.016390779986977577,s055
0,-0.01230443362146616,s055
0,-0.006090020760893822,s055
0,-0.015179278329014778,s055
0,-0.011806933209300041,s055
0,-0.09545663744211197,s055
0,-0.01526462659239769,s055
0,-0.03850198909640312,s055
0,-0.05658241733908653,s055
0,-0.007824948988854885,s055
0,-0.023297704756259918,s055
0,-0.006563310511410236,s055
0,-0.02794646844267845,s055
0,-0.025634806603193283,s055
0,-0.06772124022245407,s055
0,-0.01860460825264454,s055
0,-0.10954973846673965,s055
0,-0.017227930948138237,s055
0,-0.027771716937422752,s055
0,-0.009969501756131649,s055
0,-0.03697576746344566,s055
0,-0.014404967427253723,s055
0,-0.029440760612487793,s055
0,-0.03271664306521416,s055
0,-0.04696311056613922,s055
0,-0.010295799002051353,s055
0,-0.04657970368862152,s055
0,-0.013249981217086315,s055
0,-0.018749358132481575,s055
0,-0.011339160613715649,s055
0,-0.04392971098423004,s055
0,-0.013123101554811,s055
0,-0.009577784687280655,s055
0,-0.03055402636528015,s055
0,-0.009220306761562824,s055
0,-0.004144663922488689,s055
0,-0.011904566548764706,s055
0,-0.030500151216983795,s055
0,-0.027105679735541344,s055
1,-0.02141001634299755,s056
1,-0.04105193912982941,s056
1,-0.02061319537460804,s056
1,-0.009872590191662312,s056
1,-0.01780429482460022,s056
1,-0.008847948163747787,s056
1,-0.00518200546503067,s056
1,-0.02630784548819065,s056
1,-0.03598703816533089,s056
1,-0.005860256962478161,s056
1,-0.008288145065307617,s056
1,-0.007872570306062698,s056
1,-0.005480742081999779,s056
1,-0.005729855969548225,s056
1,-0.015760432928800583,s056
1,-0.01598290726542473,s056
1,-0.006449212785810232,s056
1,-0.009557667188346386,s056
1,-0.01932760328054428,s056
1,-0.026713667437434196,s056
1,-0.005032400134950876,s056
1,-0.023307735100388527,s056
1,-0.011849828064441681,s056
1,-0.005287349224090576,s056
1,-0.038136646151542664,s056
1,-0.010578736662864685,s056
1,-0.011266467161476612,s056
1,-0.00839915219694376,s056
1,-0.00924031063914299,s056
1,-0.0072065857239067554,s056
1,-0.014587299898266792,s056
1,-0.011433771811425686,s056
1,-0.027094561606645584,s056
1,-0.006033434998244047,s056
1,-0.015741368755698204,s056
1,-0.022473810240626335,s056
1,-0.020432457327842712,s056
1,-0.007606941740959883,s056
1,-0.0051590315997600555,s056
1,-0.006048958748579025,s056
1,-0.02611435577273369,s056
1,-0.0243577528744936,s056
1,-0.015391566790640354,s056
1,-0.014623976312577724,s056
1,-0.009426334872841835,s056
1,-0.009708588011562824,s056
1,-0.012732100673019886,s056
1,-0.006063578650355339,s056
1,-0.011897984892129898,s056
1,-0.007223048247396946,s056
1,-0.02255961298942566,s056
1,-0.008678369224071503,s056
1,-0.013679074123501778,s056
1,-0.019648995250463486,s056
1,-0.015804894268512726,s056
1,-0.008777580223977566,s056
1,-0.02953369729220867,s056
1,-0.011925905011594296,s056
1,-0.01642734929919243,s056
1,-0.008747711777687073,s056
1,-0.007058477960526943,s056
1,-0.024342410266399384,s056
1,-0.01568271405994892,s056
1,-0.005798004567623138,s056
1,-0.0177459754049778,s056
1,-0.01952618546783924,s056
1,-0.015057634562253952,s056
1,-0.011522668413817883,s056
1,-0.00637957826256752,s056
1,-0.010281776078045368,s056
1,-0.017753757536411285,s056
1,-0.016682643443346024,s056
1,-0.008975151926279068,s056
1,-0.012765896506607533,s056
1,-0.022244103252887726,s056
1,-0.007937834598124027,s056
1,-0.014498338103294373,s056
1,-0.015118924900889397,s056
1,-0.016549594700336456,s056
1,-0.031509242951869965,s056
1,-0.0036107865162193775,s056
1,-0.026479650288820267,s056
1,-0.010402461513876915,s056
1,-0.012389551848173141,s056
1,-0.003162821987643838,s056
1,-0.01277026068419218,s056
1,-0.01686953753232956,s056
1,-0.013996779918670654,s056
1,-0.0069140843115746975,s056
1,-0.006416231393814087,s056
1,-0.025171078741550446,s056
1,-0.017866872251033783,s056
1,-0.009143548086285591,s056
1,-0.024916652590036392,s056
1,-0.015797443687915802,s056
1,-0.016010964289307594,s056
1,-0.0071864924393594265,s056
1,-0.009304382838308811,s056
1,-0.008632359094917774,s056
1,-0.006085280794650316,s056
1,-0.0075956350192427635,s056
1,-0.019117774441838264,s056
1,-0.00663983728736639,s056
1,-0.00875279400497675,s056
1,-0.011870591901242733,s056
1,-0.03652540221810341,s056
1,-0.016731824725866318,s056
1,-0.023106424137949944,s056
1,-0.025184044614434242,s056
1,-0.011844931170344353,s056
1,-0.014857660047709942,s056
1,-0.012010880745947361,s056
1,-0.08346974849700928,s056
1,-0.014625170268118382,s056
1,-0.021915536373853683,s056
1,-0.03887072205543518,s056
1,-0.0030587678775191307,s056
1,-0.024911439046263695,s056
1,-0.020387016236782074,s056
1,-0.0052797067910432816,s056
1,-0.007283044513314962,s056
1,-0.014345798641443253,s056
1,-0.013395372778177261,s056
1,-0.007912901230156422,s056
1,-0.03552071750164032,s056
1,-0.009713421575725079,s056
1,-0.020449573174118996,s056
1,-0.036374226212501526,s056
1,-0.01418406143784523,s056
1,-0.007791746873408556,s056
1,-0.011853418312966824,s056
1,-0.04067111387848854,s056
1,-0.02579009160399437,s056
1,-0.011530343443155289,s056
1,-0.007983623072504997,s056
1,-0.018936099484562874,s056
1,-0.013985837809741497,s056
1,-0.008436515927314758,s056
1,-0.06161920726299286,s056
1,-0.004883580841124058,s056
1,-0.005250447429716587,s056
1,-0.03958670049905777,s056
1,-0.024669069796800613,s056
1,-0.007682154420763254,s056
1,-0.028083689510822296,s056
1,-0.013751385733485222,s056
1,-0.0076166060753166676,s056
1,-0.016447817906737328,s056
1,-0.03481592237949371,s056
1,-0.025200746953487396,s056
1,-0.005795580800622702,s056
1,-0.022666869685053825,s056
1,-0.014571660198271275,s056
1,-0.008557918481528759,s056
1,-0.008761560544371605,s056
1,-0.017291845753788948,s056
1,-0.022805018350481987,s056
1,-0.010551996529102325,s056
1,-0.02150595188140869,s056
1,-0.011807320639491081,s056
1,-0.01920197531580925,s056
1,-0.019217154011130333,s056
1,-0.0048978207632899284,s056
1,-0.010178535245358944,s056
1,-0.005609845742583275,s056
1,-0.011114293709397316,s056
1,-0.003713575890287757,s056
1,-0.004905217327177525,s056
1,-0.04696311056613922,s056
1,-0.018955476582050323,s056
1,-0.023047758266329765,s056
1,-0.009633304551243782,s056
1,-0.005043657496571541,s056
1,-0.008986460976302624,s056
1,-0.009523729793727398,s056
1,-0.009088092483580112,s056
1,-0.024005936458706856,s056
1,-0.007395676337182522,s056
1,-0.007534978445619345,s056
1,-0.019687285646796227,s056
1,-0.009253458119928837,s056
1,-0.007866211235523224,s056
1,-0.05381108820438385,s056
1,-0.035303860902786255,s056
1,-0.007579118013381958,s056
1,-0.009923391044139862,s056
1,-0.0124061219394207,s056
1,-0.01534386444836855,s056
1,-0.02478271909058094,s056
1,-0.029197467491030693,s056
1,-0.03794197738170624,s056
1,-0.023439301177859306,s056
1,-0.025762133300304413,s056
1,-0.005864076782017946,s056
1,-0.007072641514241695,s056
1,-0.014252807945013046,s056
1,-0.00816973764449358,s056
1,-0.0059336330741643906,s056
1,-0.022659100592136383,s056
1,-0.009134111925959587,s056
0,-0.06040413677692413,s056
0,-0.11773253977298737,s056
0,-0.009501851163804531,s056
0,-0.021215545013546944,s056
0,-0.06293431669473648,s056
0,-0.026222780346870422,s056
0,-0.00719250924885273,s056
0,-0.04791335016489029,s056
0,-0.004277286119759083,s056
0,-0.0842096209526062,s056
0,-0.017726900056004524,s056
0,-0.008399523794651031,s056
0,-0.08248430490493774,s056
0,-0.004936348181217909,s056
0,-0.018680384382605553,s056
0,-0.012345231138169765,s056
0,-0.006490696687251329,s056
0,-0.015619748272001743,s056
0,-0.06980998069047928,s056
0,-0.005319299176335335,s056
0,-0.017867375165224075,s056
0,-0.0277575496584177,s056
0,-0.011037536896765232,s056
0,-0.01824697107076645,s056
0,-0.028538541868329048,s056
0,-0.009207540191709995,s056
0,-0.013655094429850578,s056
0,-0.017847880721092224,s056
0,-0.030407501384615898,s056
0,-0.028275873512029648,s056
0,-0.01553959958255291,s056
0,-0.01763509027659893,s056
0,-0.0022223186679184437,s056
0,-0.007173482794314623,s056
0,-0.0057799615897238255,s056
0,-0.0060920133255422115,s056
0,-0.009861934930086136,s056
0,-0.01082873810082674,s056
0,-0.010086525231599808,s056
0,-0.01598048023879528,s056
0,-0.009326889179646969,s056
0,-0.037467874586582184,s056
0,-0.003658240893855691,s056
0,-0.018555892631411552,s056
0,-0.01211829949170351,s056
0,-0.02904142253100872,s056
0,-0.0039353440515697,s056
0,-0.013901632279157639,s056
0,-0.00658276304602623,s056
0,-0.028024932369589806,s056
0,-0.019997838884592056,s056
0,-0.013484467752277851,s056
0,-0.05393783375620842,s056
0,-0.014864753000438213,s056
0,-0.030580589547753334,s056
0,-0.019942311570048332,s056
0,-0.009899787604808807,s056
0,-0.009580542333424091,s056
0,-0.00760472659021616,s056
0,-0.06249866262078285,s056
0,-0.033250514417886734,s056
0,-0.004907235968858004,s056
0,-0.014222575351595879,s056
0,-0.017244720831513405,s056
0,-0.4051794707775116,s056
0,-0.08436544239521027,s056
0,-0.01076222863048315,s056
0,-0.013937532901763916,s056
0,-0.007499087136238813,s056
0,-0.007377877831459045,s056
0,-0.038782499730587006,s056
0,-0.06192396208643913,s056
0,-0.07352923601865768,s056
0,-0.04485625401139259,s056
0,-0.016420261934399605,s056
0,-0.06459015607833862,s056
0,-0.0034259911626577377,s056
0,-0.009569418616592884,s056
0,-0.02653081715106964,s056
0,-0.04666714370250702,s056
0,-0.031808800995349884,s056
0,-0.009004700928926468,s056
0,-0.036210279911756516,s056
0,-0.013894530013203621,s056
0,-0.006699433550238609,s056
0,-0.020983869209885597,s056
0,-0.014483366161584854,s056
0,-0.011852829717099667,s056
0,-0.009077628143131733,s056
0,-0.008774328045547009,s056
0,-0.012475177645683289,s056
0,-0.01639421284198761,s056
0,-0.009081102907657623,s056
0,-0.024405431002378464,s056
0,-0.031938642263412476,s056
0,-0.004919230937957764,s056
0,-0.007928436622023582,s056
0,-0.02119833417236805,s056
0,-0.05723065137863159,s056
0,-0.038999926298856735,s056
0,-1.2996737957000732,s056
0,-0.004105383530259132,s056
0,-0.005281948484480381,s056
0,-0.004980200901627541,s056
0,-0.04514244571328163,s056
0,-0.00848735123872757,s056
0,-0.003882910590618849,s056
0,-0.025121167302131653,s056
0,-0.00930417887866497,s056
0,-0.013226382434368134,s056
0,-0.09143570065498352,s056
0,-0.12207930535078049,s056
0,-0.09453354775905609,s056
0,-0.01123981922864914,s056
0,-0.04053117334842682,s056
0,-0.027661960572004318,s056
0,-0.013924813829362392,s056
0,-0.01276294607669115,s056
0,-0.009897860698401928,s056
0,-0.03431854769587517,s056
0,-0.019894279539585114,s056
0,-0.03409487009048462,s056
0,-0.010783865116536617,s056
0,-0.021536925807595253,s056
0,-0.010063713416457176,s056
0,-0.007848415523767471,s056
0,-0.009402589872479439,s056
0,-0.030413862317800522,s056
0,-0.016106555238366127,s056
0,-0.010039749555289745,s056
0,-0.029368890449404716,s056
0,-0.021424245089292526,s056
0,-0.020436067134141922,s056
0,-0.004085477441549301,s056
0,-0.06299743056297302,s056
0,-0.00827333889901638,s056
0,-0.01035735197365284,s056
0,-0.007023525889962912,s056
0,-0.015394780784845352,s056
0,-0.03484034165740013,s056
0,-0.04040585830807686,s056
0,-0.01705045998096466,s056
0,-0.0031803552992641926,s056
0,-0.09121078997850418,s056
0,-0.022404450923204422,s056
0,-0.01136045716702938,s056
0,-0.004366164095699787,s056
0,-0.009173723869025707,s056
0,-0.022398311644792557,s056
0,-0.022043630480766296,s056
0,-0.013841608539223671,s056
0,-0.04957210645079613,s056
0,-0.005163449794054031,s056
0,-0.009479830972850323,s056
0,-0.008936122991144657,s056
0,-0.008193864487111568,s056
0,-0.019973857328295708,s056
0,-0.021849054843187332,s056
0,-0.0242923516780138,s056
0,-0.008574900217354298,s056
0,-0.05403959006071091,s056
0,-0.016390779986977577,s056
0,-0.01230443362146616,s056
0,-0.006090020760893822,s056
0,-0.015179278329014778,s056
0,-0.011806933209300041,s056
0,-0.09545663744211197,s056
0,-0.01526462659239769,s056
0,-0.03850198909640312,s056
0,-0.05658241733908653,s056
0,-0.007824948988854885,s056
0,-0.023297704756259918,s056
0,-0.006563310511410236,s056
0,-0.02794646844267845,s056
0,-0.025634806603193283,s056
0,-0.06772124022245407,s056
0,-0.01860460825264454,s056
0,-0.10954973846673965,s056
0,-0.017227930948138237,s056
0,-0.027771716937422752,s056
0,-0.009969501756131649,s056
0,-0.03697576746344566,s056
0,-0.014404967427253723,s056
0,-0.029440760612487793,s056
0,-0.03271664306521416,s056
0,-0.017113445326685905,s056
0,-0.010295799002051353,s056
0,-0.04657970368862152,s056
0,-0.013249981217086315,s056
0,-0.018749358132481575,s056
0,-0.011339160613715649,s056
0,-0.04392971098423004,s056
0,-0.013123101554811,s056
0,-0.009577784687280655,s056
0,-0.03055402636528015,s056
0,-0.009220306761562824,s056
0,-0.004144663922488689,s056
0,-0.011904566548764706,s056
0,-0.030500151216983795,s056
0,-0.027105679735541344,s056
1,-0.004185828380286694,s057
1,-0.011373067274689674,s057
1,-0.02331940270960331,s057
1,-0.008201148360967636,s057
1,-0.006395591422915459,s057
1,-0.022352635860443115,s057
1,-0.014671946875751019,s057
1,-0.007748506031930447,s057
1,-0.0073157125152647495,s057
1,-0.006251698825508356,s057
1,-0.021402567625045776,s057
1,-0.013074643909931183,s057
1,-0.0122273163869977,s057
1,-0.02613513544201851,s057
1,-0.006985343061387539,s057
1,-0.003641851246356964,s057
1,-0.007497298065572977,s057
1,-0.007687163073569536,s057
1,-0.005853867623955011,s057
1,-0.03496245667338371,s057
1,-0.010556736029684544,s057
1,-0.013145225122570992,s057
1,-0.10614755749702454,s057
1,-0.012572240084409714,s057
1,-0.04017822444438934,s057
1,-0.013206775300204754,s057
1,-0.0061421641148626804,s057
1,-0.005441254936158657,s057
1,-0.0076437764801084995,s057
1,-0.016402970999479294,s057
1,-0.008218125440180302,s057
1,-0.009189967066049576,s057
1,-0.028538541868329048,s057
1,-0.013191507197916508,s057
1,-0.01566482149064541,s057
1,-0.008773274719715118,s057
1,-0.02335963398218155,s057
1,-0.03712742030620575,s057
1,-0.004350236151367426,s057
1,-0.003976372070610523,s057
1,-0.04052156209945679,s057
1,-0.008883840404450893,s057
1,-0.01598818227648735,s057
1,-0.014254167675971985,s057
1,-0.009766211733222008,s057
1,-0.029812298715114594,s057
1,-0.005244290456175804,s057
1,-0.011132873594760895,s057
1,-0.020882613956928253,s057
1,-0.012422503903508186,s057
1,-0.016392847523093224,s057
1,-0.0058255926705896854,s057
1,-0.02224709652364254,s057
1,-0.015537519939243793,s057
1,-0.01410391554236412,s057
1,-0.017651302739977837,s057
1,-0.03696955367922783,s057
1,-0.015189718455076218,s057
1,-0.017293846234679222,s057
1,-0.007322405930608511,s057
1,-0.006474936846643686,s057
1,-0.008061044849455357,s057
1,-0.008711544796824455,s057
1,-0.007968100719153881,s057
1,-0.004769955761730671,s057
1,-0.019175266847014427,s057
1,-0.004329545423388481,s057
1,-0.009173723869025707,s057
1,-0.013617997989058495,s057
1,-0.0034320272970944643,s057
1,-0.012633932754397392,s057
1,-0.03712550923228264,s057
1,-0.007636795286089182,s057
1,-0.013002908788621426,s057
1,-0.02390058897435665,s057
1,-0.023473495617508888,s057
1,-0.03436221182346344,s057
1,-0.008978137746453285,s057
1,-0.006649854127317667,s057
1,-0.009452729485929012,s057
1,-0.005456217098981142,s057
1,-0.018252253532409668,s057
1,-0.0046259756200015545,s057
1,-0.016574209555983543,s057
1,-0.022281108424067497,s057
1,-0.03516170009970665,s057
1,-0.011887711472809315,s057
1,-0.022993959486484528,s057
1,-0.01924571767449379,s057
1,-0.025284642353653908,s057
1,-0.018152596428990364,s057
1,-0.013509928248822689,s057
1,-0.0044091129675507545,s057
1,-0.024384448304772377,s057
1,-0.013783253729343414,s057
1,-0.028908660635352135,s057
1,-0.012052127160131931,s057
1,-0.02286689169704914,s057
1,-0.011833103373646736,s057
1,-0.012990382499992847,s057
1,-0.015146066434681416,s057
1,-0.010946550406515598,s057
1,-0.02678684890270233,s057
1,-0.022361570969223976,s057
1,-0.009148010052740574,s057
1,-0.014282133430242538,s057
1,-0.050291381776332855,s057
1,-0.018886474892497063,s057
1,-0.009928959421813488,s057
1,-0.015988031402230263,s057
1,-0.031094534322619438,s057
1,-0.011873292736709118,s057
1,-0.006908069830387831,s057
1,-0.0038557015359401703,s057
1,-0.007699834182858467,s057
1,-0.00989088136702776,s057
1,-0.012464417144656181,s057
1,-0.008219760842621326,s057
1,-0.015570142306387424,s057
1,-0.00745417270809412,s057
1,-0.013255514204502106,s057
1,-0.030812164768576622,s057
1,-0.03417806699872017,s057
1,-0.005095597356557846,s057
1,-0.03103792667388916,s057
1,-0.009158644825220108,s057
1,-0.004189054016023874,s057
1,-0.011281459592282772,s057
1,-0.028934184461832047,s057
1,-0.0050552841275930405,s057
1,-0.017554273828864098,s057
1,-0.03233392536640167,s057
1,-0.005426956340670586,s057
1,-0.015196306630969048,s057
1,-0.01884763315320015,s057
1,-0.022404450923204422,s057
1,-0.0070540267042815685,s057
1,-0.018621185794472694,s057
1,-0.02424863539636135,s057
1,-0.004088757559657097,s057
1,-0.012272999621927738,s057
1,-0.018273742869496346,s057
1,-0.024102872237563133,s057
1,-0.011493023484945297,s057
1,-0.0071772136725485325,s057
1,-0.019450776278972626,s057
1,-0.021182607859373093,s057
1,-0.019826404750347137,s057
1,-0.03458814695477486,s057
1,-0.012751331552863121,s057
1,-0.0033178050071001053,s057
1,-0.021956687793135643,s057
1,-0.013984102755784988,s057
1,-0.010725913569331169,s057
1,-0.037244267761707306,s057
1,-0.008160789497196674,s057
1,-0.011618789285421371,s057
1,-0.008088084869086742,s057
1,-0.013312799856066704,s057
1,-0.03222667798399925,s057
1,-0.009658273309469223,s057
1,-0.007875771261751652,s057
1,-0.009057539515197277,s057
1,-0.013423994183540344,s057
1,-0.01595602184534073,s057
1,-0.006533904001116753,s057
1,-0.005048710387200117,s057
1,-0.01828024722635746,s057
1,-0.008395341224968433,s057
1,-0.015464786440134048,s057
1,-0.007085285149514675,s057
1,-0.01811181753873825,s057
1,-0.012144831009209156,s057
1,-0.015463198535144329,s057
1,-0.01220342144370079,s057
1,-0.015031840652227402,s057
1,-0.023933948948979378,s057
1,-0.025348130613565445,s057
1,-0.014404967427253723,s057
1,-0.011076237075030804,s057
1,-0.03341778367757797,s057
1,-0.009021496400237083,s057
1,-0.0055384854786098,s057
1,-0.04415452480316162,s057
1,-0.016051433980464935,s057
1,-0.01276294607669115,s057
1,-0.007218410726636648,s057
1,-0.016839802265167236,s057
1,-0.008325223810970783,s057
1,-0.0017974873771890998,s057
1,-0.014056947082281113,s057
1,-0.013039774261415005,s057
1,-0.027442896738648415,s057
1,-0.01424717903137207,s057
1,-0.028796033933758736,s057
1,-0.017963431775569916,s057
1,-0.006874606478959322,s057
1,-0.004399055615067482,s057
1,-0.00801568478345871,s057
1,-0.015422433614730835,s057
0,-0.06040413677692413,s057
0,-0.11773253977298737,s057
0,-0.009501851163804531,s057
0,-0.021215545013546944,s057
0,-0.06293431669473648,s057
0,-0.026222780346870422,s057
0,-0.00719250924885273,s057
0,-0.04791335016489029,s057
0,-0.004277286119759083,s057
0,-0.0842096209526062,s057
0,-0.017726900056004524,s057
0,-0.008399523794651031,s057
0,-0.08248430490493774,s057
0,-0.004936348181217909,s057
0,-0.018680384382605553,s057
0,-0.012345231138169765,s057
0,-0.006490696687251329,s057
0,-0.015619748272001743,s057
0,-0.06980998069047928,s057
0,-0.005319299176335335,s057
0,-0.017867375165224075,s057
0,-0.0277575496584177,s057
0,-0.011037536896765232,s057
0,-0.01824697107076645,s057
0,-0.027094561606645584,s057
0,-0.009207540191709995,s057
0,-0.013655094429850578,s057
0,-0.017847880721092224,s057
0,-0.030407501384615898,s057
0,-0.028275873512029648,s057
0,-0.01553959958255291,s057
0,-0.01763509027659893,s057
0,-0.0022223186679184437,s057
0,-0.007173482794314623,s057
0,-0.0057799615897238255,s057
0,-0.0060920133255422115,s057
0,-0.009861934930086136,s057
0,-0.01082873810082674,s057
0,-0.010086525231599808,s057
0,-0.01598048023879528,s057
0,-0.009326889179646969,s057
0,-0.037467874586582184,s057
0,-0.003658240893855691,s057
0,-0.018555892631411552,s057
0,-0.01211829949170351,s057
0,-0.02904142253100872,s057
0,-0.0039353440515697,s057
0,-0.013901632279157639,s057
0,-0.00658276304602623,s057
0,-0.028024932369589806,s057
0,-0.019997838884592056,s057
0,-0.013484467752277851,s057
0,-0.05393783375620842,s057
0,-0.014864753000438213,s057
0,-0.030580589547753334,s057
0,-0.019942311570048332,s057
0,-0.009899787604808807,s057
0,-0.009580542333424091,s057
0,-0.00760472659021616,s057
0,-0.06249866262078285,s057
0,-0.033250514417886734,s057
0,-0.004907235968858004,s057
0,-0.014222575351595879,s057
0,-0.017244720831513405,s057
0,-0.4051794707775116,s057
0,-0.08436544239521027,s057
0,-0.01076222863048315,s057
0,-0.013937532901763916,s057
0,-0.007499087136238813,s057
0,-0.007377877831459045,s057
0,-0.038782499730587006,s057
0,-0.06192396208643913,s057
0,-0.07352923601865768,s057
0,-0.04485625401139259,s057
0,-0.016420261934399605,s057
0,-0.06459015607833862,s057
0,-0.0034259911626577377,s057
0,-0.009569418616592884,s057
0,-0.02653081715106964,s057
0,-0.04666714370250702,s057
0,-0.031808800995349884,s057
0,-0.009004700928926468,s057
0,-0.036210279911756516,s057
0,-0.013894530013203621,s057
0,-0.006699433550238609,s057
0,-0.020983869209885597,s057
0,-0.014483366161584854,s057
0,-0.011852829717099667,s057
0,-0.009077628143131733,s057
0,-0.008774328045547009,s057
0,-0.012475177645683289,s057
0,-0.01639421284198761,s057
0,-0.009081102907657623,s057
0,-0.024405431002378464,s057
0,-0.031938642263412476,s057
0,-0.004919230937957764,s057
0,-0.007928436622023582,s057
0,-0.02119833417236805,s057
0,-0.05723065137863159,s057
0,-0.038999926298856735,s057
0,-1.2996737957000732,s057
0,-0.004105383530259132,s057
0,-0.005281948484480381,s057
0,-0.004980200901627541,s057
0,-0.04514244571328163,s057
0,-0.00848735123872757,s057
0,-0.003882910590618849,s057
0,-0.025121167302131653,s057
0,-0.00930417887866497,s057
0,-0.013226382434368134,s057
0,-0.09143570065498352,s057
0,-0.12207930535078049,s057
0,-0.09453354775905609,s057
0,-0.01123981922864914,s057
0,-0.04053117334842682,s057
0,-0.027661960572004318,s057
0,-0.013924813829362392,s057
0,-0.009923391044139862,s057
0,-0.009897860698401928,s057
0,-0.03431854769587517,s057
0,-0.019894279539585114,s057
0,-0.03409487009048462,s057
0,-0.010783865116536617,s057
0,-0.021536925807595253,s057
0,-0.010063713416457176,s057
0,-0.007848415523767471,s057
0,-0.009402589872479439,s057
0,-0.030413862317800522,s057
0,-0.016106555238366127,s057
0,-0.010039749555289745,s057
0,-0.029368890449404716,s057
0,-0.021424245089292526,s057
0,-0.020436067134141922,s057
0,-0.004085477441549301,s057
0,-0.06299743056297302,s057
0,-0.00827333889901638,s057
0,-0.01035735197365284,s057
0,-0.007023525889962912,s057
0,-0.015394780784845352,s057
0,-0.03484034165740013,s057
0,-0.04040585830807686,s057
0,-0.01705045998096466,s057
0,-0.0031803552992641926,s057
0,-0.09121078997850418,s057
0,-0.018936099484562874,s057
0,-0.01136045716702938,s057
0,-0.004366164095699787,s057
0,-0.011522668413817883,s057
0,-0.022398311644792557,s057
0,-0.022043630480766296,s057
0,-0.013841608539223671,s057
0,-0.04957210645079613,s057
0,-0.005163449794054031,s057
0,-0.009479830972850323,s057
0,-0.008936122991144657,s057
0,-0.008193864487111568,s057
0,-0.019973857328295708,s057
0,-0.021849054843187332,s057
0,-0.0242923516780138,s057
0,-0.008574900217354298,s057
0,-0.05403959006071091,s057
0,-0.016390779986977577,s057
0,-0.01230443362146616,s057
0,-0.006090020760893822,s057
0,-0.015179278329014778,s057
0,-0.011806933209300041,s057
0,-0.09545663744211197,s057
0,-0.01526462659239769,s057
0,-0.03850198909640312,s057
0,-0.05658241733908653,s057
0,-0.007824948988854885,s057
0,-0.023297704756259918,s057
0,-0.006563310511410236,s057
0,-0.02794646844267845,s057
0,-0.025634806603193283,s057
0,-0.06772124022245407,s057
0,-0.01860460825264454,s057
0,-0.10954973846673965,s057
0,-0.017227930948138237,s057
0,-0.027771716937422752,s057
0,-0.009969501756131649,s057
0,-0.03697576746344566,s057
0,-0.007534978445619345,s057
0,-0.029440760612487793,s057
0,-0.03271664306521416,s057
0,-0.017113445326685905,s057
0,-0.010295799002051353,s057
0,-0.04657970368862152,s057
0,-0.013249981217086315,s057
0,-0.018749358132481575,s057
0,-0.011339160613715649,s057
0,-0.04392971098423004,s057
0,-0.013123101554811,s057
0,-0.009577784687280655,s057
0,-0.03055402636528015,s057
0,-0.009220306761562824,s057
0,-0.004144663922488689,s057
0,-0.011904566548764706,s057
0,-0.030500151216983795,s057
0,-0.027105679735541344,s057
