label,score,user_id
1,-0.4415135085582733,s002
1,-0.31655892729759216,s002
1,-0.4898923337459564,s002
1,-0.5411933660507202,s002
1,-1.12766432762146,s002
1,-1.265977382659912,s002
1,-0.28643226623535156,s002
1,-0.5336256623268127,s002
1,-0.5728119611740112,s002
1,-0.09022584557533264,s002
1,-3.0533506870269775,s002
1,-0.13834232091903687,s002
1,-0.3807581663131714,s002
1,-0.2758136987686157,s002
1,-0.6049914360046387,s002
1,-0.15303969383239746,s002
1,-0.4763162434101105,s002
1,-2.9954469203948975,s002
1,-2.126610279083252,s002
1,-0.13065911829471588,s002
1,-0.49275222420692444,s002
1,-0.37304070591926575,s002
1,-0.335981547832489,s002
1,-0.15664829313755035,s002
1,-0.20565742254257202,s002
1,-0.9390819072723389,s002
1,-0.14861315488815308,s002
1,-0.6462728977203369,s002
1,-0.29763472080230713,s002
1,-3.705017566680908,s002
1,-0.2760655879974365,s002
1,-0.13354744017124176,s002
1,-0.32715892791748047,s002
1,-0.11798039078712463,s002
1,-0.40538203716278076,s002
1,-1.5442527532577515,s002
1,-0.09164658933877945,s002
1,-0.34216487407684326,s002
1,-1.6980090141296387,s002
1,-0.5013034343719482,s002
1,-0.8202210068702698,s002
1,-0.15103714168071747,s002
1,-4.01888370513916,s002
1,-0.37530553340911865,s002
1,-0.15301257371902466,s002
1,-1.1780757904052734,s002
1,-0.35715988278388977,s002
1,-0.16263408958911896,s002
1,-0.19765885174274445,s002
1,-0.20143218338489532,s002
1,-0.2775971293449402,s002
1,-0.17599599063396454,s002
1,-0.4173124134540558,s002
1,-0.3006369471549988,s002
1,-0.1736452728509903,s002
1,-0.12121105194091797,s002
1,-0.533620297908783,s002
1,-0.15992993116378784,s002
1,-0.41046637296676636,s002
1,-0.250542551279068,s002
1,-0.7301902174949646,s002
1,-0.1970403790473938,s002
1,-0.17307668924331665,s002
1,-0.20237451791763306,s002
1,-0.18935108184814453,s002
1,-1.438088059425354,s002
1,-0.056419737637043,s002
1,-1.1780712604522705,s002
1,-0.06689132750034332,s002
1,-0.2263195514678955,s002
1,-0.30838415026664734,s002
1,-0.16593122482299805,s002
1,-1.7958234548568726,s002
1,-0.6342788934707642,s002
1,-0.14194823801517487,s002
1,-0.07993882894515991,s002
1,-2.8896758556365967,s002
1,-0.27853772044181824,s002
1,-0.458575576543808,s002
1,-0.2114391326904297,s002
0,-0.5372633337974548,s002
0,-0.954387366771698,s002
0,-21.400304794311523,s002
0,-0.8158615827560425,s002
0,-1.8928790092468262,s002
0,-2.7388429641723633,s002
0,-1.472325086593628,s002
0,-1.0517499446868896,s002
0,-0.9985823035240173,s002
0,-0.5749847888946533,s002
0,-0.27267104387283325,s002
0,-1.151483178138733,s002
0,-0.2831341326236725,s002
0,-6.949403762817383,s002
0,-0.4164617657661438,s002
0,-1.2047394514083862,s002
0,-0.475360244512558,s002
0,-1.4938209056854248,s002
0,-0.9177334904670715,s002
0,-1.0221623182296753,s002
0,-7.064397811889648,s002
0,-0.5113162994384766,s002
0,-0.6682687997817993,s002
0,-1.0666753053665161,s002
0,-0.4546622633934021,s002
0,-1.2522313594818115,s002
0,-1.3151129484176636,s002
0,-0.15258485078811646,s002
0,-0.947799563407898,s002
0,-1.709348201751709,s002
0,-1.4278957843780518,s002
0,-0.41953954100608826,s002
0,-0.5709868669509888,s002
0,-1.8376127481460571,s002
0,-9.549724578857422,s002
0,-4.611450672149658,s002
0,-1.8098523616790771,s002
0,-0.9494116306304932,s002
0,-9.334803581237793,s002
0,-10.31129264831543,s002
0,-3.574002504348755,s002
0,-0.5641950368881226,s002
0,-0.5994479060173035,s002
0,-0.9242146611213684,s002
0,-1.0083823204040527,s002
0,-1.4487214088439941,s002
0,-2.35943341255188,s002
0,-1.5786101818084717,s002
0,-1.3766800165176392,s002
0,-32.56230545043945,s002
0,-2.9930531978607178,s002
0,-7.11872673034668,s002
0,-0.457746297121048,s002
0,-1.5298206806182861,s002
0,-1.3901580572128296,s002
0,-4.23593807220459,s002
0,-3.431143045425415,s002
0,-1.921743392944336,s002
0,-0.7523765563964844,s002
0,-0.9076042175292969,s002
0,-1.5443981885910034,s002
0,-1.815479040145874,s002
0,-0.23921748995780945,s002
0,-1.1562100648880005,s002
0,-21.21731185913086,s002
0,-1.0575706958770752,s002
0,-2.725224494934082,s002
0,-1.6068506240844727,s002
0,-0.7065592408180237,s002
0,-1.5271261930465698,s002
0,-0.21115681529045105,s002
0,-1.490649700164795,s002
0,-0.48601844906806946,s002
0,-3.057323694229126,s002
0,-0.6903541088104248,s002
0,-0.6036807894706726,s002
0,-7.62805700302124,s002
0,-1.6401276588439941,s002
0,-2.3754873275756836,s002
0,-0.6413576006889343,s002
1,-0.43071097135543823,s003
1,-0.31885072588920593,s003
1,-0.9081811904907227,s003
1,-0.841833233833313,s003
1,-0.4155992269515991,s003
1,-0.44937944412231445,s003
1,-0.3633733093738556,s003
1,-0.19480498135089874,s003
1,-0.6881414651870728,s003
1,-0.30428171157836914,s003
1,-0.12330307066440582,s003
1,-0.3011120557785034,s003
1,-0.1861208975315094,s003
1,-0.3380059599876404,s003
1,-0.23207524418830872,s003
1,-1.7529008388519287,s003
1,-1.6319916248321533,s003
1,-2.6494178771972656,s003
1,-0.4955151379108429,s003
1,-0.2504383325576782,s003
1,-2.2353971004486084,s003
1,-0.6858019232749939,s003
1,-0.2588619291782379,s003
1,-0.15112324059009552,s003
1,-0.580803632736206,s003
1,-0.9068723320960999,s003
1,-0.7411679029464722,s003
1,-0.2311035543680191,s003
1,-0.6199161410331726,s003
1,-0.47286170721054077,s003
1,-0.8124887943267822,s003
1,-1.6435335874557495,s003
1,-0.22443601489067078,s003
1,-0.48182588815689087,s003
1,-1.0204944610595703,s003
1,-0.8861838579177856,s003
1,-0.5400784015655518,s003
1,-0.4534054398536682,s003
1,-0.6354804039001465,s003
1,-0.5806048512458801,s003
1,-0.27863138914108276,s003
1,-3.146965980529785,s003
1,-0.5169699192047119,s003
1,-1.2743148803710938,s003
1,-0.30826789140701294,s003
1,-0.4402397572994232,s003
1,-0.36165952682495117,s003
1,-0.19565442204475403,s003
1,-0.5864620208740234,s003
1,-0.19559268653392792,s003
1,-0.5253956913948059,s003
1,-0.36115825176239014,s003
1,-0.3541182577610016,s003
1,-1.126816987991333,s003
1,-0.4211920499801636,s003
1,-0.2310551553964615,s003
1,-0.3262326121330261,s003
1,-0.2124018520116806,s003
1,-0.2989614009857178,s003
1,-0.6206292510032654,s003
1,-0.21341601014137268,s003
1,-0.6864544749259949,s003
1,-0.33030518889427185,s003
1,-0.358157217502594,s003
1,-0.318595290184021,s003
1,-0.4778370261192322,s003
1,-0.34769323468208313,s003
1,-0.7808008790016174,s003
1,-6.079103469848633,s003
1,-1.5813839435577393,s003
1,-0.6227571368217468,s003
1,-0.21672478318214417,s003
1,-0.3623805642127991,s003
1,-0.792203426361084,s003
1,-0.3329184055328369,s003
1,-0.15523403882980347,s003
1,-0.14458894729614258,s003
1,-0.28823143243789673,s003
1,-1.1727310419082642,s003
1,-0.5178186893463135,s003
0,-2.2449636459350586,s003
0,-1.2292132377624512,s003
0,-18.740074157714844,s003
0,-0.99036705493927,s003
0,-1.7434251308441162,s003
0,-2.6905198097229004,s003
0,-3.23677396774292,s003
0,-2.412199020385742,s003
0,-2.475574016571045,s003
0,-1.7177456617355347,s003
0,-1.3400486707687378,s003
0,-2.4117588996887207,s003
0,-1.5264402627944946,s003
0,-5.095724105834961,s003
0,-1.8378643989562988,s003
0,-2.51425838470459,s003
0,-0.8164002895355225,s003
0,-2.891608476638794,s003
0,-2.9221837520599365,s003
0,-2.1459720134735107,s003
0,-7.38358736038208,s003
0,-1.9704995155334473,s003
0,-0.1829237937927246,s003
0,-1.5448108911514282,s003
0,-1.3013110160827637,s003
0,-0.4817926585674286,s003
0,-0.6988550424575806,s003
0,-0.6839627623558044,s003
0,-3.0263733863830566,s003
0,-1.1537277698516846,s003
0,-2.278397560119629,s003
0,-0.3039509356021881,s003
0,-1.549532413482666,s003
0,-2.5893125534057617,s003
0,-8.804012298583984,s003
0,-1.2733749151229858,s003
0,-1.9599162340164185,s003
0,-0.3945367932319641,s003
0,-5.9418535232543945,s003
0,-11.356666564941406,s003
0,-5.564101219177246,s003
0,-1.6702452898025513,s003
0,-1.7615286111831665,s003
0,-1.5291939973831177,s003
0,-2.348970890045166,s003
0,-3.556824207305908,s003
0,-4.177889823913574,s003
0,-3.200871467590332,s003
0,-2.8657386302948,s003
0,-26.457984924316406,s003
0,-5.292546272277832,s003
0,-10.76613998413086,s003
0,-1.2665390968322754,s003
0,-2.2762699127197266,s003
0,-0.8391156792640686,s003
0,-3.105056047439575,s003
0,-2.1388514041900635,s003
0,-3.1027631759643555,s003
0,-0.5740917325019836,s003
0,-0.4442766010761261,s003
0,-1.4627561569213867,s003
0,-2.7762022018432617,s003
0,-1.2375346422195435,s003
0,-1.405509352684021,s003
0,-19.362686157226562,s003
0,-0.9392369389533997,s003
0,-1.962759256362915,s003
0,-1.2030856609344482,s003
0,-1.975678563117981,s003
0,-2.6634514331817627,s003
0,-0.8538843393325806,s003
0,-2.389819860458374,s003
0,-0.9285184144973755,s003
0,-5.652307987213135,s003
0,-2.1414525508880615,s003
0,-2.6523854732513428,s003
0,-8.264547348022461,s003
0,-0.9059719443321228,s003
0,-4.7792792320251465,s003
0,-0.2315848171710968,s003
1,-0.27139249444007874,s004
1,-0.5688316226005554,s004
1,-0.30616721510887146,s004
1,-0.3100505471229553,s004
1,-0.5135690569877625,s004
1,-0.45551639795303345,s004
1,-0.3540826737880707,s004
1,-0.8452966213226318,s004
1,-0.38061022758483887,s004
1,-0.18469321727752686,s004
1,-0.24367165565490723,s004
1,-0.3371182680130005,s004
1,-0.3600642681121826,s004
1,-0.4146125316619873,s004
1,-0.6825623512268066,s004
1,-0.5697527527809143,s004
1,-1.8430747985839844,s004
1,-5.379309177398682,s004
1,-0.7385414838790894,s004
1,-0.17210398614406586,s004
1,-2.9601502418518066,s004
1,-0.22256571054458618,s004
1,-0.07932469993829727,s004
1,-0.1647765040397644,s004
1,-0.47563087940216064,s004
1,-0.800682544708252,s004
1,-0.90281081199646,s004
1,-0.37195658683776855,s004
1,-0.35049426555633545,s004
1,-0.609876811504364,s004
1,-0.34712886810302734,s004
1,-0.39612072706222534,s004
1,-0.6661510467529297,s004
1,-0.640273928642273,s004
1,-0.40899819135665894,s004
1,-0.6706973910331726,s004
1,-0.7111403942108154,s004
1,-0.26848214864730835,s004
1,-0.4793006479740143,s004
1,-0.2620275616645813,s004
1,-0.21751487255096436,s004
1,-0.7458770275115967,s004
1,-1.9405746459960938,s004
1,-0.2353571504354477,s004
1,-0.6310604214668274,s004
1,-0.47115176916122437,s004
1,-0.34746453166007996,s004
1,-0.8682687282562256,s004
1,-0.12669077515602112,s004
1,-0.41634535789489746,s004
1,-0.9513563513755798,s004
1,-0.20723284780979156,s004
1,-0.15711267292499542,s004
1,-0.2515849173069,s004
1,-1.2730019092559814,s004
1,-0.8198659420013428,s004
1,-0.423684298992157,s004
1,-0.16875746846199036,s004
1,-0.4636284410953522,s004
1,-0.5780450701713562,s004
1,-0.4249047338962555,s004
1,-0.30131590366363525,s004
1,-0.6462542414665222,s004
1,-0.941868782043457,s004
1,-0.6548680663108826,s004
1,-0.2960640490055084,s004
1,-0.3673843443393707,s004
1,-0.34469088912010193,s004
1,-0.19453713297843933,s004
1,-0.4981919825077057,s004
1,-0.3103802800178528,s004
1,-0.6579254269599915,s004
1,-0.5769378542900085,s004
1,-0.6423351764678955,s004
1,-0.298636794090271,s004
1,-0.6069912314414978,s004
1,-1.0312989950180054,s004
1,-0.3393966853618622,s004
1,-0.917863130569458,s004
1,-0.6441093683242798,s004
0,-0.9776611328125,s004
0,-0.8880736231803894,s004
0,-25.14303207397461,s004
0,-0.7728896737098694,s004
0,-2.106196880340576,s004
0,-4.4280805587768555,s004
0,-2.223721504211426,s004
0,-1.7179138660430908,s004
0,-2.5470917224884033,s004
0,-1.3249884843826294,s004
0,-1.0416074991226196,s004
0,-2.2652976512908936,s004
0,-0.8793580532073975,s004
0,-8.900376319885254,s004
0,-1.3245975971221924,s004
0,-2.54754900932312,s004
0,-4.091465950012207,s004
0,-3.595187187194824,s004
0,-1.5839648246765137,s004
0,-1.9087121486663818,s004
0,-9.657526969909668,s004
0,-1.4539151191711426,s004
0,-0.8835799694061279,s004
0,-1.906391978263855,s004
0,-0.6929161548614502,s004
0,-2.785996437072754,s004
0,-1.8099284172058105,s004
0,-0.3543354272842407,s004
0,-2.134829521179199,s004
0,-1.2692431211471558,s004
0,-2.5157947540283203,s004
0,-0.24311555922031403,s004
0,-1.2246540784835815,s004
0,-2.7806496620178223,s004
0,-10.572691917419434,s004
0,-2.3537418842315674,s004
0,-1.9390721321105957,s004
0,-4.169677734375,s004
0,-11.752124786376953,s004
0,-9.923497200012207,s004
0,-6.535364151000977,s004
0,-1.3775614500045776,s004
0,-1.2297834157943726,s004
0,-1.0293240547180176,s004
0,-2.0556955337524414,s004
0,-3.7934985160827637,s004
0,-4.302790641784668,s004
0,-3.469578742980957,s004
0,-3.232077121734619,s004
0,-35.398258209228516,s004
0,-6.209891319274902,s004
0,-9.429614067077637,s004
0,-0.6657156944274902,s004
0,-2.6267473697662354,s004
0,-1.7673001289367676,s004
0,-7.328657150268555,s004
0,-5.308326244354248,s004
0,-3.648770332336426,s004
0,-1.2628941535949707,s004
0,-0.8107059001922607,s004
0,-1.880368709564209,s004
0,-3.2128236293792725,s004
0,-0.789726197719574,s004
0,-0.9525608420372009,s004
0,-19.218700408935547,s004
0,-0.8215200901031494,s004
0,-4.590187072753906,s004
0,-1.0763988494873047,s004
0,-0.948543131351471,s004
0,-2.460646867752075,s004
0,-0.27053576707839966,s004
0,-1.487769365310669,s004
0,-0.3981424570083618,s004
0,-3.514901638031006,s004
0,-1.8140320777893066,s004
0,-1.543130874633789,s004
0,-10.218951225280762,s004
0,-1.5856163501739502,s004
0,-4.716409206390381,s004
0,-0.6359567642211914,s004
1,-0.413999080657959,s005
1,-1.0054717063903809,s005
1,-0.6393014788627625,s005
1,-0.2418471723794937,s005
1,-0.3888694643974304,s005
1,-0.41447997093200684,s005
1,-0.27355170249938965,s005
1,-0.10210675746202469,s005
1,-0.7949029207229614,s005
1,-0.43565165996551514,s005
1,-0.5702449083328247,s005
1,-0.9178920388221741,s005
1,-0.08946432173252106,s005
1,-0.2509691119194031,s005
1,-0.15989208221435547,s005
1,-0.4536171555519104,s005
1,-0.5127275586128235,s005
1,-4.539548873901367,s005
1,-0.19156748056411743,s005
1,-0.177080437541008,s005
1,-1.074204921722412,s005
1,-0.060544636100530624,s005
1,-0.18610481917858124,s005
1,-0.6848485469818115,s005
1,-0.5167478919029236,s005
1,-0.5968220233917236,s005
1,-1.3079781532287598,s005
1,-0.5683732032775879,s005
1,-0.16619834303855896,s005
1,-0.5237925052642822,s005
1,-0.8434436321258545,s005
1,-0.713268518447876,s005
1,-0.19446124136447906,s005
1,-0.39014050364494324,s005
1,-0.4006761610507965,s005
1,-0.5963889360427856,s005
1,-0.31257590651512146,s005
1,-0.47246789932250977,s005
1,-1.2301266193389893,s005
1,-0.35841113328933716,s005
1,-0.3602849245071411,s005
1,-0.5561363101005554,s005
1,-2.602344274520874,s005
1,-0.42417678236961365,s005
1,-1.1002775430679321,s005
1,-0.7816894054412842,s005
1,-0.41861045360565186,s005
1,-0.8869345784187317,s005
1,-0.2191205471754074,s005
1,-1.4366532564163208,s005
1,-0.9475837349891663,s005
1,-0.8032104969024658,s005
1,-0.5910158157348633,s005
1,-0.2588411569595337,s005
1,-0.2597581446170807,s005
1,-0.16121740639209747,s005
1,-0.12075836211442947,s005
1,-0.528620719909668,s005
1,-0.1741117388010025,s005
1,-0.7407912015914917,s005
1,-0.061284139752388,s005
1,-1.4027633666992188,s005
1,-1.2247065305709839,s005
1,-0.3832775354385376,s005
1,-1.7992610931396484,s005
1,-0.4112968444824219,s005
1,-0.25572049617767334,s005
1,-0.2847801148891449,s005
1,-1.019722580909729,s005
1,-1.1773593425750732,s005
1,-0.3240084648132324,s005
1,-0.1100805327296257,s005
1,-0.8542104363441467,s005
1,-0.5453691482543945,s005
1,-0.4571189880371094,s005
1,-0.16238614916801453,s005
1,-0.22083072364330292,s005
1,-0.2452213019132614,s005
1,-0.7098672986030579,s005
1,-0.24067528545856476,s005
0,-2.0398945808410645,s005
0,-1.7115033864974976,s005
0,-15.23798942565918,s005
0,-3.363111734390259,s005
0,-5.331995010375977,s005
0,-1.9667010307312012,s005
0,-1.7939289808273315,s005
0,-1.1329543590545654,s005
0,-6.555666923522949,s005
0,-4.199496269226074,s005
0,-2.1957035064697266,s005
0,-5.531683444976807,s005
0,-1.8143019676208496,s005
0,-2.7801294326782227,s005
0,-2.0732879638671875,s005
0,-1.5887835025787354,s005
0,-5.040024757385254,s005
0,-7.863067626953125,s005
0,-3.085984945297241,s005
0,-4.46599006652832,s005
0,-2.807520627975464,s005
0,-2.718754768371582,s005
0,-2.818371295928955,s005
0,-2.713257312774658,s005
0,-1.2842316627502441,s005
0,-5.234198570251465,s005
0,-1.6490188837051392,s005
0,-1.3057215213775635,s005
0,-3.2254295349121094,s005
0,-4.629275798797607,s005
0,-6.116433620452881,s005
0,-2.104583263397217,s005
0,-3.101642608642578,s005
0,-7.080461502075195,s005
0,-2.6182219982147217,s005
0,-2.1610872745513916,s005
0,-5.8257904052734375,s005
0,-7.4521942138671875,s005
0,-3.150005340576172,s005
0,-6.080081939697266,s005
0,-6.984010696411133,s005
0,-1.2370216846466064,s005
0,-0.8000895380973816,s005
0,-4.172515869140625,s005
0,-4.335093021392822,s005
0,-7.217531204223633,s005
0,-4.193933963775635,s005
0,-7.327173709869385,s005
0,-6.8799052238464355,s005
0,-15.013654708862305,s005
0,-9.875627517700195,s005
0,-7.147928237915039,s005
0,-2.30061936378479,s005
0,-6.511171340942383,s005
0,-3.76053786277771,s005
0,-3.32183837890625,s005
0,-2.7095963954925537,s005
0,-8.069904327392578,s005
0,-2.457148551940918,s005
0,-3.3871634006500244,s005
0,-5.070004940032959,s005
0,-7.611384868621826,s005
0,-2.2742459774017334,s005
0,-3.312086582183838,s005
0,-15.683698654174805,s005
0,-3.3026654720306396,s005
0,-1.794210433959961,s005
0,-4.382196426391602,s005
0,-1.3227369785308838,s005
0,-1.643446445465088,s005
0,-1.809792160987854,s005
0,-3.874972105026245,s005
0,-2.4495840072631836,s005
0,-4.844644546508789,s005
0,-1.6100614070892334,s005
0,-3.5320546627044678,s005
0,-9.231698989868164,s005
0,-4.487893581390381,s005
0,-6.502596378326416,s005
0,-2.5597360134124756,s005
1,-0.4186856150627136,s007
1,-0.2579551935195923,s007
1,-0.19686520099639893,s007
1,-0.2303423136472702,s007
1,-0.7330797910690308,s007
1,-0.42425021529197693,s007
1,-0.1161252111196518,s007
1,-0.27060654759407043,s007
1,-0.1068565845489502,s007
1,-0.37200629711151123,s007
1,-2.012486457824707,s007
1,-0.23243668675422668,s007
1,-0.5936830043792725,s007
1,-0.4072364568710327,s007
1,-0.2587624788284302,s007
1,-0.4435015916824341,s007
1,-1.1609662771224976,s007
1,-4.150533199310303,s007
1,-0.5980095863342285,s007
1,-0.25770774483680725,s007
1,-0.17108787596225739,s007
1,-0.2476021945476532,s007
1,-0.43437904119491577,s007
1,-0.31578943133354187,s007
1,-0.5517663359642029,s007
1,-0.6887466907501221,s007
1,-0.4845500588417053,s007
1,-0.9530575275421143,s007
1,-0.8618061542510986,s007
1,-0.9406712055206299,s007
1,-0.6658308506011963,s007
1,-0.24683693051338196,s007
1,-1.830380916595459,s007
1,-0.35448065400123596,s007
1,-0.9354610443115234,s007
1,-0.7780479788780212,s007
1,-0.49627795815467834,s007
1,-0.24500063061714172,s007
1,-0.2715487778186798,s007
1,-0.5455366969108582,s007
1,-0.5469158291816711,s007
1,-0.9847256541252136,s007
1,-2.37707257270813,s007
1,-0.5479997992515564,s007
1,-0.5443258285522461,s007
1,-0.45857852697372437,s007
1,-0.6183754801750183,s007
1,-0.7371132373809814,s007
1,-0.9208348393440247,s007
1,-0.6142148375511169,s007
1,-0.5576202869415283,s007
1,-0.2802533507347107,s007
1,-0.08065000176429749,s007
1,-1.119474172592163,s007
1,-0.3233909010887146,s007
1,-0.29592669010162354,s007
1,-0.3556486666202545,s007
1,-0.4834456443786621,s007
1,-0.17306721210479736,s007
1,-0.2750117778778076,s007
1,-0.46815741062164307,s007
1,-0.09486038237810135,s007
1,-0.38377535343170166,s007
1,-0.25062480568885803,s007
1,-1.1113638877868652,s007
1,-0.30311286449432373,s007
1,-1.1511441469192505,s007
1,-0.3861350119113922,s007
1,-0.9290473461151123,s007
1,-0.4011079668998718,s007
1,-0.4491996169090271,s007
1,-0.366630882024765,s007
1,-0.2233048528432846,s007
1,-0.7857511043548584,s007
1,-0.3773784637451172,s007
1,-0.34519973397254944,s007
1,-0.07692738622426987,s007
1,-0.6052960157394409,s007
1,-0.4701310396194458,s007
1,-0.10749604552984238,s007
0,-2.1381986141204834,s007
0,-1.3753668069839478,s007
0,-24.58110237121582,s007
0,-0.17368219792842865,s007
0,-0.6077501773834229,s007
0,-7.347758769989014,s007
0,-3.609700918197632,s007
0,-1.7759785652160645,s007
0,-1.3113266229629517,s007
0,-0.8158748149871826,s007
0,-0.5947443842887878,s007
0,-0.7148239612579346,s007
0,-0.6341673731803894,s007
0,-10.207159042358398,s007
0,-0.8549965023994446,s007
0,-1.556258201599121,s007
0,-9.306922912597656,s007
0,-1.7049789428710938,s007
0,-2.6257007122039795,s007
0,-0.6496031284332275,s007
0,-8.544371604919434,s007
0,-0.7780301570892334,s007
0,-1.0033711194992065,s007
0,-3.5836551189422607,s007
0,-0.8312585353851318,s007
0,-3.269073963165283,s007
0,-0.5806480646133423,s007
0,-0.5281434655189514,s007
0,-2.4130733013153076,s007
0,-0.4598504602909088,s007
0,-0.7107852697372437,s007
0,-0.5458229184150696,s007
0,-0.5089252591133118,s007
0,-0.886645495891571,s007
0,-12.309807777404785,s007
0,-5.023068428039551,s007
0,-0.6587993502616882,s007
0,-5.286825180053711,s007
0,-12.18838119506836,s007
0,-14.79918384552002,s007
0,-3.9542837142944336,s007
0,-0.9203736186027527,s007
0,-1.8665534257888794,s007
0,-0.20418161153793335,s007
0,-0.9282992482185364,s007
0,-3.0183968544006348,s007
0,-2.8322858810424805,s007
0,-1.4831104278564453,s007
0,-1.327636957168579,s007
0,-31.33933448791504,s007
0,-5.44586181640625,s007
0,-13.873885154724121,s007
0,-0.27818191051483154,s007
0,-0.7584980726242065,s007
0,-3.1018967628479004,s007
0,-9.47610855102539,s007
0,-8.279770851135254,s007
0,-1.4397926330566406,s007
0,-2.4039759635925293,s007
0,-0.4704340696334839,s007
0,-0.6712218523025513,s007
0,-1.04951012134552,s007
0,-0.7766374349594116,s007
0,-0.38141554594039917,s007
0,-23.99774932861328,s007
0,-0.19486550986766815,s007
0,-6.71226167678833,s007
0,-0.9003722071647644,s007
0,-1.996307611465454,s007
0,-2.0060625076293945,s007
0,-0.7950780391693115,s007
0,-3.211127996444702,s007
0,-3.92771315574646,s007
0,-7.664365768432617,s007
0,-1.3231775760650635,s007
0,-1.5898290872573853,s007
0,-7.2344536781311035,s007
0,-0.6941551566123962,s007
0,-4.5573883056640625,s007
0,-0.638871431350708,s007
1,-1.0294009447097778,s008
1,-0.31894412636756897,s008
1,-1.406139612197876,s008
1,-0.1854398101568222,s008
1,-0.6776564121246338,s008
1,-0.40425097942352295,s008
1,-0.5224709510803223,s008
1,-0.48742374777793884,s008
1,-0.9281486868858337,s008
1,-0.329053670167923,s008
1,-4.746641635894775,s008
1,-0.20158712565898895,s008
1,-0.9475725889205933,s008
1,-0.47153425216674805,s008
1,-0.4919431507587433,s008
1,-0.07276245951652527,s008
1,-1.156501054763794,s008
1,-1.339598536491394,s008
1,-1.1780205965042114,s008
1,-0.1028386652469635,s008
1,-0.682667076587677,s008
1,-1.075992465019226,s008
1,-0.41965216398239136,s008
1,-0.23360483348369598,s008
1,-1.46431303024292,s008
1,-0.6626561880111694,s008
1,-1.0977518558502197,s008
1,-0.3492971658706665,s008
1,-0.19975750148296356,s008
1,-1.0544630289077759,s008
1,-0.45157596468925476,s008
1,-0.6565525531768799,s008
1,-0.15400660037994385,s008
1,-0.47985342144966125,s008
1,-0.5313366651535034,s008
1,-0.5053775906562805,s008
1,-0.27091142535209656,s008
1,-0.17042411863803864,s008
1,-0.618927538394928,s008
1,-0.46583637595176697,s008
1,-0.35008373856544495,s008
1,-6.049774646759033,s008
1,-3.9921536445617676,s008
1,-0.3076821565628052,s008
1,-0.5549614429473877,s008
1,-0.31794479489326477,s008
1,-0.1580996960401535,s008
1,-0.13101182878017426,s008
1,-0.5242025256156921,s008
1,-0.21134111285209656,s008
1,-0.4449199438095093,s008
1,-0.649665117263794,s008
1,-2.207839012145996,s008
1,-0.6473931670188904,s008
1,-0.5222983956336975,s008
1,-0.5049697160720825,s008
1,-0.38821348547935486,s008
1,-0.3495650291442871,s008
1,-0.38193535804748535,s008
1,-0.6302719116210938,s008
1,-0.48371320962905884,s008
1,-0.24857936799526215,s008
1,-0.4493564963340759,s008
1,-0.18702159821987152,s008
1,-0.5085205435752869,s008
1,-0.5901148319244385,s008
1,-0.4874228835105896,s008
1,-0.47456803917884827,s008
1,-0.33546772599220276,s008
1,-0.24250851571559906,s008
1,-0.28533121943473816,s008
1,-0.26244309544563293,s008
1,-0.2978823781013489,s008
1,-1.63237464427948,s008
1,-0.5003249049186707,s008
1,-1.0175907611846924,s008
1,-0.447940468788147,s008
1,-0.5725060701370239,s008
1,-0.9299237728118896,s008
1,-0.25393474102020264,s008
0,-3.127084970474243,s008
0,-1.8570564985275269,s008
0,-41.01255416870117,s008
0,-0.20305785536766052,s008
0,-0.8138945698738098,s008
0,-7.603696346282959,s008
0,-5.535294055938721,s008
0,-3.4385998249053955,s008
0,-2.412579298019409,s008
0,-1.192675232887268,s008
0,-0.9304678440093994,s008
0,-2.0757226943969727,s008
0,-1.2344928979873657,s008
0,-11.004280090332031,s008
0,-1.7519334554672241,s008
0,-3.2097761631011963,s008
0,-13.064812660217285,s008
0,-3.2624220848083496,s008
0,-4.124161243438721,s008
0,-1.7804464101791382,s008
0,-14.076118469238281,s008
0,-1.69108247756958,s008
0,-1.3650952577590942,s008
0,-4.392824649810791,s008
0,-1.1888153553009033,s008
0,-4.550897121429443,s008
0,-0.6734775900840759,s008
0,-0.5959732532501221,s008
0,-4.12493896484375,s008
0,-0.836531400680542,s008
0,-1.3996554613113403,s008
0,-0.800929605960846,s008
0,-1.2348634004592896,s008
0,-1.6925705671310425,s008
0,-16.976295471191406,s008
0,-5.218734264373779,s008
0,-1.1479744911193848,s008
0,-8.820406913757324,s008
0,-14.094183921813965,s008
0,-23.446489334106445,s008
0,-9.880389213562012,s008
0,-1.813000202178955,s008
0,-2.5902457237243652,s008
0,-0.4198325276374817,s008
0,-2.3808071613311768,s008
0,-5.633935928344727,s008
0,-6.736177444458008,s008
0,-3.5285606384277344,s008
0,-3.1949312686920166,s008
0,-55.77394104003906,s008
0,-9.224117279052734,s008
0,-21.154245376586914,s008
0,-0.7415675520896912,s008
0,-1.4277446269989014,s008
0,-5.051867485046387,s008
0,-9.39183521270752,s008
0,-7.929543495178223,s008
0,-2.792459726333618,s008
0,-3.248037815093994,s008
0,-1.0180948972702026,s008
0,-0.2909306585788727,s008
0,-1.924857258796692,s008
0,-0.7996940016746521,s008
0,-0.6482018828392029,s008
0,-43.32325744628906,s008
0,-0.3022969365119934,s008
0,-6.072144985198975,s008
0,-1.4705517292022705,s008
0,-2.9846584796905518,s008
0,-2.457874298095703,s008
0,-1.0081709623336792,s008
0,-4.3479814529418945,s008
0,-4.358736515045166,s008
0,-11.01908016204834,s008
0,-2.412013292312622,s008
0,-3.036891222000122,s008
0,-17.480817794799805,s008
0,-0.8120273947715759,s008
0,-8.389756202697754,s008
0,-1.0012016296386719,s008
1,-0.5417390465736389,s010
1,-0.19695961475372314,s010
1,-0.20660214126110077,s010
1,-0.4663538336753845,s010
1,-0.9155795574188232,s010
1,-0.9482148289680481,s010
1,-0.2662743330001831,s010
1,-0.25118428468704224,s010
1,-0.4378306567668915,s010
1,-0.958527684211731,s010
1,-1.8826719522476196,s010
1,-0.24200794100761414,s010
1,-0.29176366329193115,s010
1,-0.21744874119758606,s010
1,-0.5338954925537109,s010
1,-0.8791559934616089,s010
1,-2.7878499031066895,s010
1,-5.2009663581848145,s010
1,-0.2520071864128113,s010
1,-4.450598239898682,s010
1,-0.4611136019229889,s010
1,-0.28711575269699097,s010
1,-0.24486716091632843,s010
1,-0.42273327708244324,s010
1,-0.9450581073760986,s010
1,-0.6687250137329102,s010
1,-0.24648462235927582,s010
1,-0.3519139587879181,s010
1,-0.5672853589057922,s010
1,-1.3600537776947021,s010
1,-0.38360464572906494,s010
1,-0.4610683023929596,s010
1,-0.45253393054008484,s010
1,-0.8282151818275452,s010
1,-0.5935354828834534,s010
1,-0.4658333957195282,s010
1,-0.3281451463699341,s010
1,-0.3620907962322235,s010
1,-0.40333133935928345,s010
1,-0.3390786051750183,s010
1,-0.4885466396808624,s010
1,-0.24612362682819366,s010
1,-3.0868067741394043,s010
1,-0.9947542548179626,s010
1,-0.44670116901397705,s010
1,-1.245333194732666,s010
1,-0.18385928869247437,s010
1,-0.18848569691181183,s010
1,-0.32411861419677734,s010
1,-0.05600378289818764,s010
1,-0.7269044518470764,s010
1,-0.7287535071372986,s010
1,-0.46094512939453125,s010
1,-4.552408695220947,s010
1,-0.5900330543518066,s010
1,-1.025854229927063,s010
1,-0.5290302634239197,s010
1,-0.38355791568756104,s010
1,-0.3165518045425415,s010
1,-0.3209838271141052,s010
1,-0.05316203460097313,s010
1,-0.3768737018108368,s010
1,-4.922993183135986,s010
1,-0.3759413957595825,s010
1,-0.1779303401708603,s010
1,-0.41070735454559326,s010
1,-0.8117872476577759,s010
1,-0.5105798244476318,s010
1,-0.5186081528663635,s010
1,-0.2375757396221161,s010
1,-0.25848057866096497,s010
1,-0.6696856021881104,s010
1,-1.2261202335357666,s010
1,-0.9301049113273621,s010
1,-0.2894224226474762,s010
1,-0.1508655548095703,s010
1,-4.9973249435424805,s010
1,-0.5077298879623413,s010
1,-0.27751925587654114,s010
1,-1.6763349771499634,s010
0,-5.350618362426758,s010
0,-6.839020252227783,s010
0,-43.24211120605469,s010
0,-2.284423589706421,s010
0,-3.6020774841308594,s010
0,-30.23423194885254,s010
0,-7.91367769241333,s010
0,-5.9964823722839355,s010
0,-1.7856554985046387,s010
0,-2.182269811630249,s010
0,-1.5319944620132446,s010
0,-6.019575595855713,s010
0,-2.420253038406372,s010
0,-26.852514266967773,s010
0,-1.818756341934204,s010
0,-3.26193904876709,s010
0,-34.590328216552734,s010
0,-1.193581461906433,s010
0,-4.399767875671387,s010
0,-4.026196479797363,s010
0,-22.541240692138672,s010
0,-1.1709731817245483,s010
0,-9.77357292175293,s010
0,-16.36219024658203,s010
0,-3.9211442470550537,s010
0,-20.498287200927734,s010
0,-4.013237953186035,s010
0,-3.824917793273926,s010
0,-4.650571823120117,s010
0,-5.378713607788086,s010
0,-0.8729465007781982,s010
0,-6.601621627807617,s010
0,-0.7467876076698303,s010
0,-1.7678591012954712,s010
0,-39.26725769042969,s010
0,-23.131977081298828,s010
0,-3.254450798034668,s010
0,-26.40278434753418,s010
0,-39.08474349975586,s010
0,-30.502920150756836,s010
0,-7.194540023803711,s010
0,-2.7442407608032227,s010
0,-6.5909504890441895,s010
0,-2.3711068630218506,s010
0,-2.9683544635772705,s010
0,-3.3991541862487793,s010
0,-4.623483180999756,s010
0,-5.182130813598633,s010
0,-2.8563859462738037,s010
0,-80.1387710571289,s010
0,-8.479395866394043,s010
0,-39.32644271850586,s010
0,-1.494335412979126,s010
0,-1.1734744310379028,s010
0,-20.460830688476562,s010
0,-33.464698791503906,s010
0,-27.95132827758789,s010
0,-1.1590393781661987,s010
0,-14.614665031433105,s010
0,-5.862638473510742,s010
0,-1.798044204711914,s010
0,-1.6975749731063843,s010
0,-3.411228656768799,s010
0,-1.3230396509170532,s010
0,-47.82145690917969,s010
0,-3.928568124771118,s010
0,-23.543785095214844,s010
0,-6.229060173034668,s010
0,-9.020230293273926,s010
0,-10.090693473815918,s010
0,-6.328178405761719,s010
0,-13.306220054626465,s010
0,-14.712367057800293,s010
0,-26.51995277404785,s010
0,-3.9620301723480225,s010
0,-4.776614189147949,s010
0,-14.064567565917969,s010
0,-6.656916618347168,s010
0,-6.951595306396484,s010
0,-7.193733215332031,s010
1,-0.19265444576740265,s011
1,-0.2214791476726532,s011
1,-0.9150412082672119,s011
1,-0.48712190985679626,s011
1,-0.5712302923202515,s011
1,-0.5885321497917175,s011
1,-0.47407615184783936,s011
1,-0.3277229070663452,s011
1,-0.4354625344276428,s011
1,-0.2681112587451935,s011
1,-0.8126927614212036,s011
1,-0.3319275677204132,s011
1,-0.804790198802948,s011
1,-0.5305648446083069,s011
1,-0.10521245002746582,s011
1,-0.1171417087316513,s011
1,-0.24283136427402496,s011
1,-2.8047096729278564,s011
1,-0.8112108111381531,s011
1,-0.36947962641716003,s011
1,-0.2878251075744629,s011
1,-0.31787604093551636,s011
1,-0.3825017809867859,s011
1,-0.8296298384666443,s011
1,-0.23282599449157715,s011
1,-0.17789269983768463,s011
1,-0.482381671667099,s011
1,-0.5243636965751648,s011
1,-0.24117067456245422,s011
1,-5.4566144943237305,s011
1,-0.7840428352355957,s011
1,-0.15928804874420166,s011
1,-0.2620053291320801,s011
1,-0.22535255551338196,s011
1,-0.46619144082069397,s011
1,-1.2866322994232178,s011
1,-0.2877824902534485,s011
1,-0.40394386649131775,s011
1,-0.9180516004562378,s011
1,-0.4402366578578949,s011
1,-0.4932769536972046,s011
1,-0.3647082448005676,s011
1,-4.220808029174805,s011
1,-0.530970573425293,s011
1,-0.21619294583797455,s011
1,-0.652347207069397,s011
1,-0.2719259560108185,s011
1,-0.8512589335441589,s011
1,-0.41373392939567566,s011
1,-0.7506052851676941,s011
1,-0.3943871557712555,s011
1,-0.8510343432426453,s011
1,-0.41517969965934753,s011
1,-0.9678695201873779,s011
1,-0.3846238851547241,s011
1,-1.2770262956619263,s011
1,-0.11506424844264984,s011
1,-0.3600414991378784,s011
1,-0.31451207399368286,s011
1,-0.2796782851219177,s011
1,-0.30485886335372925,s011
1,-0.3158922791481018,s011
1,-0.5400393605232239,s011
1,-0.43440818786621094,s011
1,-1.0286222696304321,s011
1,-0.4746048152446747,s011
1,-1.0200419425964355,s011
1,-1.3105355501174927,s011
1,-0.8719152212142944,s011
1,-0.2943306267261505,s011
1,-0.6552825570106506,s011
1,-0.26425468921661377,s011
1,-0.8521425127983093,s011
1,-1.6004492044448853,s011
1,-0.377909779548645,s011
1,-0.08723541349172592,s011
1,-0.32465660572052,s011
1,-0.5891540050506592,s011
1,-0.7805850505828857,s011
1,-0.58571857213974,s011
0,-4.041055679321289,s011
0,-1.6168129444122314,s011
0,-40.039669036865234,s011
0,-0.8318694233894348,s011
0,-1.235184907913208,s011
0,-7.975960731506348,s011
0,-6.684473514556885,s011
0,-4.455836296081543,s011
0,-3.5873396396636963,s011
0,-2.557224988937378,s011
0,-2.0706114768981934,s011
0,-0.5837380886077881,s011
0,-2.218024492263794,s011
0,-14.297504425048828,s011
0,-2.9957454204559326,s011
0,-4.255863189697266,s011
0,-10.60864543914795,s011
0,-4.197382926940918,s011
0,-4.972006320953369,s011
0,-0.5055097341537476,s011
0,-15.705718994140625,s011
0,-2.8191068172454834,s011
0,-0.45442527532577515,s011
0,-3.7468419075012207,s011
0,-1.8408268690109253,s011
0,-2.108400821685791,s011
0,-0.9337512254714966,s011
0,-1.037948489189148,s011
0,-5.224311351776123,s011
0,-0.5436398386955261,s011
0,-2.379502296447754,s011
0,-0.34939029812812805,s011
0,-2.36531925201416,s011
0,-2.647285223007202,s011
0,-21.653549194335938,s011
0,-4.040324687957764,s011
0,-1.5538536310195923,s011
0,-2.4612927436828613,s011
0,-17.23554229736328,s011
0,-24.551448822021484,s011
0,-9.745556831359863,s011
0,-2.7570137977600098,s011
0,-3.6244871616363525,s011
0,-1.1299116611480713,s011
0,-0.9523358941078186,s011
0,-6.180116653442383,s011
0,-7.47868013381958,s011
0,-0.6414887309074402,s011
0,-0.8329960107803345,s011
0,-57.61845397949219,s011
0,-9.064826965332031,s011
0,-20.129131317138672,s011
0,-1.4305285215377808,s011
0,-2.460865020751953,s011
0,-2.3134944438934326,s011
0,-8.90527629852295,s011
0,-7.18516731262207,s011
0,-3.664354085922241,s011
0,-1.6347278356552124,s011
0,-0.36492228507995605,s011
0,-0.954517662525177,s011
0,-3.000058174133301,s011
0,-1.7858431339263916,s011
0,-1.7347488403320312,s011
0,-39.71242904663086,s011
0,-0.5608911514282227,s011
0,-6.304330348968506,s011
0,-0.916554868221283,s011
0,-3.4609580039978027,s011
0,-2.752070188522339,s011
0,-1.1050647497177124,s011
0,-3.7502834796905518,s011
0,-5.849210739135742,s011
0,-9.748031616210938,s011
0,-3.526423454284668,s011
0,-3.794825315475464,s011
0,-16.069522857666016,s011
0,-6.066298484802246,s011
0,-8.486055374145508,s011
0,-0.2985251843929291,s011
1,-0.2175416648387909,s012
1,-0.3045790493488312,s012
1,-0.47235727310180664,s012
1,-0.41019028425216675,s012
1,-0.2759021818637848,s012
1,-0.40123674273490906,s012
1,-0.23011845350265503,s012
1,-0.4153808057308197,s012
1,-0.2175929993391037,s012
1,-0.27543699741363525,s012
1,-0.6538537740707397,s012
1,-1.352493405342102,s012
1,-0.21563468873500824,s012
1,-0.14183472096920013,s012
1,-0.26635047793388367,s012
1,-0.16407160460948944,s012
1,-2.9997997283935547,s012
1,-3.70556378364563,s012
1,-1.1677255630493164,s012
1,-0.7632036805152893,s012
1,-0.45525020360946655,s012
1,-0.2531820237636566,s012
1,-0.9239952564239502,s012
1,-0.28336450457572937,s012
1,-0.22072407603263855,s012
1,-1.538917899131775,s012
1,-0.3496958315372467,s012
1,-0.3989417850971222,s012
1,-0.5400960445404053,s012
1,-0.672458827495575,s012
1,-0.3587225675582886,s012
1,-0.27418550848960876,s012
1,-0.3616544008255005,s012
1,-0.2274046689271927,s012
1,-0.1835254579782486,s012
1,-0.23774653673171997,s012
1,-0.417371928691864,s012
1,-0.42655232548713684,s012
1,-0.548042893409729,s012
1,-0.5065067410469055,s012
1,-1.007904052734375,s012
1,-0.5422561168670654,s012
1,-2.905031681060791,s012
1,-0.1636214703321457,s012
1,-1.1563692092895508,s012
1,-0.4379321336746216,s012
1,-0.3591303527355194,s012
1,-0.1558176875114441,s012
1,-2.04683518409729,s012
1,-1.3547134399414062,s012
1,-0.3756931722164154,s012
1,-0.3203332722187042,s012
1,-0.6952111124992371,s012
1,-0.5555888414382935,s012
1,-0.6489613056182861,s012
1,-0.43705040216445923,s012
1,-0.11424198746681213,s012
1,-0.8176577091217041,s012
1,-0.3704652488231659,s012
1,-0.7830266952514648,s012
1,-0.32262280583381653,s012
1,-0.20062938332557678,s012
1,-0.18503136932849884,s012
1,-1.0921694040298462,s012
1,-0.25956210494041443,s012
1,-0.5791656374931335,s012
1,-0.27502918243408203,s012
1,-0.3433537483215332,s012
1,-0.3031943440437317,s012
1,-0.6534721255302429,s012
1,-0.10922662913799286,s012
1,-0.4094298183917999,s012
1,-0.683765709400177,s012
1,-0.43145060539245605,s012
1,-0.6699813604354858,s012
1,-0.644568681716919,s012
1,-0.13093647360801697,s012
1,-0.3870634138584137,s012
1,-0.35346871614456177,s012
1,-0.8046640753746033,s012
0,-5.2672810554504395,s012
0,-2.7368252277374268,s012
0,-27.223432540893555,s012
0,-2.9699413776397705,s012
0,-4.005647659301758,s012
0,-3.525022268295288,s012
0,-6.485902786254883,s012
0,-4.937041282653809,s012
0,-6.865954399108887,s012
0,-4.9854416847229,s012
0,-3.935002326965332,s012
0,-2.3518543243408203,s012
0,-3.8855128288269043,s012
0,-8.17166805267334,s012
0,-4.739593505859375,s012
0,-5.25251579284668,s012
0,-8.498550415039062,s012
0,-7.95658016204834,s012
0,-6.4480390548706055,s012
0,-2.481499433517456,s012
0,-9.947820663452148,s012
0,-4.898503303527832,s012
0,-0.6954190135002136,s012
0,-0.8573952317237854,s012
0,-3.1799545288085938,s012
0,-0.42926716804504395,s012
0,-2.1242339611053467,s012
0,-2.273773670196533,s012
0,-6.3861494064331055,s012
0,-2.971099853515625,s012
0,-5.973556041717529,s012
0,-1.1799826622009277,s012
0,-4.611330986022949,s012
0,-6.311490535736084,s012
0,-12.136762619018555,s012
0,-1.6726813316345215,s012
0,-4.795139789581299,s012
0,-0.9599737524986267,s012
0,-9.16433334350586,s012
0,-17.606277465820312,s012
0,-10.221331596374512,s012
0,-4.0862884521484375,s012
0,-3.9047062397003174,s012
0,-3.967581033706665,s012
0,-3.6471383571624756,s012
0,-8.961676597595215,s012
0,-8.078268051147461,s012
0,-2.28436017036438,s012
0,-3.2015833854675293,s012
0,-34.46570587158203,s012
0,-11.527344703674316,s012
0,-14.79942798614502,s012
0,-3.501800298690796,s012
0,-6.012395858764648,s012
0,-1.132049560546875,s012
0,-3.1517820358276367,s012
0,-2.94547438621521,s012
0,-7.7380852699279785,s012
0,-1.171621561050415,s012
0,-2.445549964904785,s012
0,-3.0207505226135254,s012
0,-6.908718585968018,s012
0,-3.4818339347839355,s012
0,-4.229654312133789,s012
0,-29.47420310974121,s012
0,-2.571307897567749,s012
0,-2.418144941329956,s012
0,-3.302353858947754,s012
0,-3.9883809089660645,s012
0,-3.276461124420166,s012
0,-2.244889259338379,s012
0,-4.7052083015441895,s012
0,-3.1831250190734863,s012
0,-9.041182518005371,s012
0,-4.402319431304932,s012
0,-5.815366744995117,s012
0,-14.291573524475098,s012
0,-9.513389587402344,s012
0,-9.64926528930664,s012
0,-0.9901177883148193,s012
1,-0.2997315526008606,s013
1,-0.9481509327888489,s013
1,-0.32404622435569763,s013
1,-0.4702709913253784,s013
1,-0.4383639991283417,s013
1,-0.18435193598270416,s013
1,-0.3827936053276062,s013
1,-0.3718230724334717,s013
1,-0.1766756772994995,s013
1,-0.3779444098472595,s013
1,-0.2618383467197418,s013
1,-0.14651557803153992,s013
1,-0.22506141662597656,s013
1,-0.513767421245575,s013
1,-0.35212576389312744,s013
1,-6.582455635070801,s013
1,-0.19902531802654266,s013
1,-0.19878636300563812,s013
1,-0.7991259098052979,s013
1,-0.275562047958374,s013
1,-0.29456204175949097,s013
1,-0.17700578272342682,s013
1,-0.41804376244544983,s013
1,-0.31526482105255127,s013
1,-0.2612358331680298,s013
1,-0.12104453146457672,s013
1,-0.7158685326576233,s013
1,-0.32721126079559326,s013
1,-0.23236234486103058,s013
1,-0.5893868803977966,s013
1,-0.2690313458442688,s013
1,-0.5720020532608032,s013
1,-0.7295877933502197,s013
1,-0.476132869720459,s013
1,-2.132415771484375,s013
1,-0.8887180089950562,s013
1,-0.24838760495185852,s013
1,-0.46493470668792725,s013
1,-0.8478514552116394,s013
1,-0.24889309704303741,s013
1,-0.8723331689834595,s013
1,-0.184268057346344,s013
1,-1.8721160888671875,s013
1,-0.3155738115310669,s013
1,-0.30090317130088806,s013
1,-0.7022023797035217,s013
1,-0.37559881806373596,s013
1,-0.5304621458053589,s013
1,-0.5494965314865112,s013
1,-0.18264378607273102,s013
1,-0.09286567568778992,s013
1,-0.2490859031677246,s013
1,-0.3032416105270386,s013
1,-0.34575241804122925,s013
1,-0.3988887071609497,s013
1,-0.7417857646942139,s013
1,-1.3817273378372192,s013
1,-0.49845707416534424,s013
1,-0.5779089331626892,s013
1,-0.12565308809280396,s013
1,-0.607223629951477,s013
1,-0.4380771219730377,s013
1,-0.19321869313716888,s013
1,-0.12832099199295044,s013
1,-0.91738361120224,s013
1,-0.8601920008659363,s013
1,-0.8811253905296326,s013
1,-0.38457849621772766,s013
1,-0.13630536198616028,s013
1,-0.4042200446128845,s013
1,-0.4969313442707062,s013
1,-0.26030978560447693,s013
1,-1.3979697227478027,s013
1,-1.2690188884735107,s013
1,-0.19752587378025055,s013
1,-0.4855450987815857,s013
1,-0.09182025492191315,s013
1,-0.5149824619293213,s013
1,-0.30279821157455444,s013
1,-0.2520081102848053,s013
0,-4.189099311828613,s013
0,-5.946145057678223,s013
0,-51.00949478149414,s013
0,-0.9841521382331848,s013
0,-1.169961929321289,s013
0,-24.477746963500977,s013
0,-8.546516418457031,s013
0,-6.932519912719727,s013
0,-0.819757342338562,s013
0,-0.5657341480255127,s013
0,-1.6178412437438965,s013
0,-2.073504686355591,s013
0,-2.29520583152771,s013
0,-32.45111083984375,s013
0,-2.7979743480682373,s013
0,-5.373712539672852,s013
0,-19.235855102539062,s013
0,-1.142514944076538,s013
0,-4.793631076812744,s013
0,-1.4758936166763306,s013
0,-22.807504653930664,s013
0,-1.881416916847229,s013
0,-5.665539741516113,s013
0,-4.909733772277832,s013
0,-4.17295503616333,s013
0,-14.392827033996582,s013
0,-3.507441282272339,s013
0,-3.0265719890594482,s013
0,-4.647218704223633,s013
0,-2.266719341278076,s013
0,-0.34540998935699463,s013
0,-4.247640132904053,s013
0,-1.2798793315887451,s013
0,-13.601151466369629,s013
0,-39.843894958496094,s013
0,-17.129547119140625,s013
0,-1.1831308603286743,s013
0,-20.609949111938477,s013
0,-42.534664154052734,s013
0,-35.877506256103516,s013
0,-9.880843162536621,s013
0,-4.121354103088379,s013
0,-6.593186855316162,s013
0,-0.7267235517501831,s013
0,-0.6838515400886536,s013
0,-3.4640748500823975,s013
0,-7.586140155792236,s013
0,-1.7835413217544556,s013
0,-0.8942820429801941,s013
0,-86.95580291748047,s013
0,-6.678731918334961,s013
0,-23.925395965576172,s013
0,-1.7185815572738647,s013
0,-0.2927198112010956,s013
0,-6.281984329223633,s013
0,-28.137680053710938,s013
0,-26.45760726928711,s013
0,-0.8690604567527771,s013
0,-9.93222427368164,s013
0,-2.9784088134765625,s013
0,-1.29801607131958,s013
0,-0.5269622206687927,s013
0,-1.583554744720459,s013
0,-0.6937127709388733,s013
0,-61.31435775756836,s013
0,-1.789125680923462,s013
0,-22.138601303100586,s013
0,-3.4929494857788086,s013
0,-6.860604286193848,s013
0,-5.567811965942383,s013
0,-3.5905942916870117,s013
0,-6.0916523933410645,s013
0,-13.994352340698242,s013
0,-14.047880172729492,s013
0,-3.5846927165985107,s013
0,-3.4130544662475586,s013
0,-22.39166831970215,s013
0,-3.8878889083862305,s013
0,-6.22424840927124,s013
0,-4.445343494415283,s013
1,-0.4496487081050873,s015
1,-0.6264389157295227,s015
1,-0.7024711966514587,s015
1,-0.5570695996284485,s015
1,-1.0569376945495605,s015
1,-0.6032513380050659,s015
1,-0.5061161518096924,s015
1,-0.3385765552520752,s015
1,-0.5582032203674316,s015
1,-0.45330774784088135,s015
1,-0.21026380360126495,s015
1,-0.5398891568183899,s015
1,-1.163377285003662,s015
1,-0.40108370780944824,s015
1,-0.5060431957244873,s015
1,-0.8111409544944763,s015
1,-0.4538072943687439,s015
1,-2.1845216751098633,s015
1,-0.5485445261001587,s015
1,-1.2897465229034424,s015
1,-1.1313250064849854,s015
1,-4.137855052947998,s015
1,-0.4236576557159424,s015
1,-1.067868709564209,s015
1,-0.6745286583900452,s015
1,-0.6229283809661865,s015
1,-0.8975892663002014,s015
1,-0.8177143931388855,s015
1,-1.0440689325332642,s015
1,-4.808926582336426,s015
1,-0.566827654838562,s015
1,-0.2519281506538391,s015
1,-0.46080467104911804,s015
1,-0.4883595108985901,s015
1,-0.6652686595916748,s015
1,-0.7042595148086548,s015
1,-0.1609797179698944,s015
1,-1.3093738555908203,s015
1,-1.6824030876159668,s015
1,-0.5766132473945618,s015
1,-0.5123465657234192,s015
1,-0.2559415400028229,s015
1,-1.1348010301589966,s015
1,-0.3318387567996979,s015
1,-0.27719646692276,s015
1,-0.9744316935539246,s015
1,-0.3764278292655945,s015
1,-2.511784076690674,s015
1,-0.2696934938430786,s015
1,-0.4210590422153473,s015
1,-0.5330156087875366,s015
1,-0.7041995525360107,s015
1,-0.22659757733345032,s015
1,-0.6683980822563171,s015
1,-0.4338338375091553,s015
1,-0.41273045539855957,s015
1,-1.0060083866119385,s015
1,-0.4922756552696228,s015
1,-0.8720868229866028,s015
1,-0.5078766345977783,s015
1,-0.8855752944946289,s015
1,-0.76338791847229,s015
1,-0.1699656844139099,s015
1,-0.37236836552619934,s015
1,-0.5349621176719666,s015
1,-0.842654824256897,s015
1,-0.6415145397186279,s015
1,-0.7833397388458252,s015
1,-0.9241365790367126,s015
1,-0.7775923609733582,s015
1,-1.0724068880081177,s015
1,-0.9556186199188232,s015
1,-0.8703751564025879,s015
1,-0.3308049440383911,s015
1,-0.6930780410766602,s015
1,-0.30806517601013184,s015
1,-0.44820472598075867,s015
1,-0.44775766134262085,s015
1,-0.308233380317688,s015
1,-0.40262162685394287,s015
0,-1.981484293937683,s015
0,-6.68761682510376,s015
0,-25.87346076965332,s015
0,-2.074556827545166,s015
0,-1.99540376663208,s015
0,-21.382205963134766,s015
0,-3.697375774383545,s015
0,-3.946171998977661,s015
0,-0.32159578800201416,s015
0,-0.31419309973716736,s015
0,-1.3977200984954834,s015
0,-4.045289039611816,s015
0,-1.7825270891189575,s015
0,-19.440418243408203,s015
0,-1.52339768409729,s015
0,-3.0023553371429443,s015
0,-12.436685562133789,s015
0,-1.164528489112854,s015
0,-1.7431246042251587,s015
0,-3.0089335441589355,s015
0,-10.406795501708984,s015
0,-1.1962018013000488,s015
0,-9.231666564941406,s015
0,-8.228694915771484,s015
0,-3.5864508152008057,s015
0,-20.354867935180664,s015
0,-4.407127857208252,s015
0,-3.9368090629577637,s015
0,-1.7029236555099487,s015
0,-3.6607089042663574,s015
0,-0.39400720596313477,s015
0,-6.344825744628906,s015
0,-1.0988507270812988,s015
0,-20.989643096923828,s015
0,-19.712913513183594,s015
0,-16.844348907470703,s015
0,-1.3797821998596191,s015
0,-27.636287689208984,s015
0,-27.425819396972656,s015
0,-13.974810600280762,s015
0,-6.008370399475098,s015
0,-2.7704195976257324,s015
0,-3.985527515411377,s015
0,-1.2465972900390625,s015
0,-1.2636219263076782,s015
0,-2.2739651203155518,s015
0,-3.5783092975616455,s015
0,-3.198699712753296,s015
0,-1.9100987911224365,s015
0,-33.70335388183594,s015
0,-3.736618995666504,s015
0,-9.857888221740723,s015
0,-1.8331618309020996,s015
0,-0.8048024773597717,s015
0,-9.450035095214844,s015
0,-26.61020851135254,s015
0,-24.927370071411133,s015
0,-0.9337656497955322,s015
0,-12.58713150024414,s015
0,-4.47303581237793,s015
0,-1.8598586320877075,s015
0,-0.4873860776424408,s015
0,-1.6926896572113037,s015
0,-0.7332331538200378,s015
0,-23.640478134155273,s015
0,-3.075972557067871,s015
0,-21.112590789794922,s015
0,-4.215057373046875,s015
0,-4.261847496032715,s015
0,-4.081557750701904,s015
0,-4.044325351715088,s015
0,-4.7206339836120605,s015
0,-11.055930137634277,s015
0,-6.719003677368164,s015
0,-2.1877737045288086,s015
0,-1.6746494770050049,s015
0,-12.499466896057129,s015
0,-2.962549924850464,s015
0,-3.1791253089904785,s015
0,-7.5407257080078125,s015
1,-0.08603984117507935,s016
1,-0.7772157192230225,s016
1,-0.5727868676185608,s016
1,-0.5321289896965027,s016
1,-0.2361772358417511,s016
1,-0.5347360968589783,s016
1,-0.2254791557788849,s016
1,-0.8269577622413635,s016
1,-0.4698878526687622,s016
1,-0.36234334111213684,s016
1,-0.7622588872909546,s016
1,-1.2602174282073975,s016
1,-0.04697224497795105,s016
1,-0.5998296141624451,s016
1,-0.3167599141597748,s016
1,-0.6699418425559998,s016
1,-0.07039618492126465,s016
1,-0.46960586309432983,s016
1,-0.6920475959777832,s016
1,-0.29290223121643066,s016
1,-0.10923238098621368,s016
1,-0.6880888938903809,s016
1,-0.595677375793457,s016
1,-0.14230214059352875,s016
1,-0.6209152340888977,s016
1,-1.824485182762146,s016
1,-0.21898387372493744,s016
1,-0.5165138244628906,s016
1,-0.18808239698410034,s016
1,-0.15442387759685516,s016
1,-0.5132027268409729,s016
1,-0.1949692964553833,s016
1,-0.688668966293335,s016
1,-1.3614253997802734,s016
1,-0.9092699885368347,s016
1,-0.5316329598426819,s016
1,-0.7461007237434387,s016
1,-0.4357800781726837,s016
1,-0.8476552367210388,s016
1,-0.5749201774597168,s016
1,-0.3416920602321625,s016
1,-1.6985329389572144,s016
1,-0.19398362934589386,s016
1,-1.155105710029602,s016
1,-0.38975265622138977,s016
1,-0.8842630386352539,s016
1,-0.21335241198539734,s016
1,-0.09165647625923157,s016
1,-0.5470877885818481,s016
1,-0.44336479902267456,s016
1,-0.9079214930534363,s016
1,-0.6088879108428955,s016
1,-0.3265416920185089,s016
1,-0.33873090147972107,s016
1,-0.4766348600387573,s016
1,-1.0680904388427734,s016
1,-1.4911420345306396,s016
1,-0.0662349984049797,s016
1,-0.43654921650886536,s016
1,-0.8150411248207092,s016
1,-0.5092051029205322,s016
1,-0.5093780755996704,s016
1,-0.6652032732963562,s016
1,-1.5335732698440552,s016
1,-0.9942600727081299,s016
1,-0.845539391040802,s016
1,-0.1858149766921997,s016
1,-0.6427634358406067,s016
1,-0.2532544732093811,s016
1,-0.7238500118255615,s016
1,-1.2182519435882568,s016
1,-0.4162864685058594,s016
1,-0.5218217968940735,s016
1,-0.25232088565826416,s016
1,-0.2663601040840149,s016
1,-0.3144494593143463,s016
1,-1.0989768505096436,s016
1,-1.2072114944458008,s016
1,-0.8348071575164795,s016
1,-0.8601508736610413,s016
0,-0.8218930959701538,s016
0,-2.0618276596069336,s016
0,-4.630225658416748,s016
0,-1.643181562423706,s016
0,-2.0237953662872314,s016
0,-2.7407028675079346,s016
0,-2.1725971698760986,s016
0,-0.816935658454895,s016
0,-1.6542258262634277,s016
0,-1.6346453428268433,s016
0,-1.3271781206130981,s016
0,-2.2895519733428955,s016
0,-1.1043195724487305,s016
0,-2.637258529663086,s016
0,-1.2047371864318848,s016
0,-0.9928827285766602,s016
0,-2.102792978286743,s016
0,-3.388758897781372,s016
0,-1.1637810468673706,s016
0,-1.6999191045761108,s016
0,-0.4913753867149353,s016
0,-1.448218822479248,s016
0,-2.4503839015960693,s016
0,-2.374427556991577,s016
0,-1.1851698160171509,s016
0,-4.635557174682617,s016
0,-1.4995243549346924,s016
0,-1.103425145149231,s016
0,-1.1433993577957153,s016
0,-2.1723134517669678,s016
0,-2.356400489807129,s016
0,-1.6474668979644775,s016
0,-1.6252392530441284,s016
0,-5.145002365112305,s016
0,-0.9734412431716919,s016
0,-3.002242088317871,s016
0,-2.2285077571868896,s016
0,-7.51123571395874,s016
0,-2.1371240615844727,s016
0,-2.828113317489624,s016
0,-3.037569999694824,s016
0,-0.8791418671607971,s016
0,-0.6717126965522766,s016
0,-1.6328694820404053,s016
0,-1.7031960487365723,s016
0,-2.8900766372680664,s016
0,-1.7901644706726074,s016
0,-1.6410236358642578,s016
0,-1.7634159326553345,s016
0,-4.355922222137451,s016
0,-3.374796152114868,s016
0,-1.3473937511444092,s016
0,-1.2101585865020752,s016
0,-2.3704845905303955,s016
0,-2.933803081512451,s016
0,-3.62182354927063,s016
0,-4.304975986480713,s016
0,-3.2713096141815186,s016
0,-2.084352493286133,s016
0,-2.2087154388427734,s016
0,-1.2597047090530396,s016
0,-2.1226401329040527,s016
0,-0.9671234488487244,s016
0,-1.2518084049224854,s016
0,-4.035497188568115,s016
0,-1.7950894832611084,s016
0,-3.2356717586517334,s016
0,-2.454010248184204,s016
0,-1.945035696029663,s016
0,-0.7302149534225464,s016
0,-0.9520198106765747,s016
0,-1.4192794561386108,s016
0,-0.9483627676963806,s016
0,-1.3937331438064575,s016
0,-0.7779261469841003,s016
0,-1.4750334024429321,s016
0,-3.6740520000457764,s016
0,-3.538572072982788,s016
0,-2.2891383171081543,s016
0,-2.238752841949463,s016
1,-0.5509029626846313,s017
1,-1.0017459392547607,s017
1,-0.3137602210044861,s017
1,-0.877663254737854,s017
1,-0.5432214140892029,s017
1,-0.2957287132740021,s017
1,-0.6352021098136902,s017
1,-0.3642424941062927,s017
1,-0.21531490981578827,s017
1,-0.28448742628097534,s017
1,-0.5685868263244629,s017
1,-0.3821282386779785,s017
1,-0.4784931540489197,s017
1,-0.633594810962677,s017
1,-0.17991812527179718,s017
1,-0.19002804160118103,s017
1,-1.1593207120895386,s017
1,-14.742219924926758,s017
1,-0.6292537450790405,s017
1,-0.5166305899620056,s017
1,-0.3796144425868988,s017
1,-0.7010660171508789,s017
1,-0.4298580288887024,s017
1,-1.7502890825271606,s017
1,-1.1733862161636353,s017
1,-0.9294572472572327,s017
1,-0.2556353807449341,s017
1,-0.843827486038208,s017
1,-0.5109063386917114,s017
1,-4.436653137207031,s017
1,-0.44563278555870056,s017
1,-0.35107848048210144,s017
1,-1.7653414011001587,s017
1,-0.343723863363266,s017
1,-0.2467648983001709,s017
1,-0.3696172535419464,s017
1,-0.2785230278968811,s017
1,-0.5040428638458252,s017
1,-0.8510292172431946,s017
1,-0.6349021196365356,s017
1,-0.6520116925239563,s017
1,-2.495455741882324,s017
1,-3.2929012775421143,s017
1,-0.7846052646636963,s017
1,-0.506133496761322,s017
1,-0.824840784072876,s017
1,-0.5338987708091736,s017
1,-0.37097010016441345,s017
1,-1.30088472366333,s017
1,-0.2984134256839752,s017
1,-0.6274551153182983,s017
1,-0.5358060002326965,s017
1,-0.4119367003440857,s017
1,-2.45851469039917,s017
1,-0.7038834691047668,s017
1,-0.21965372562408447,s017
1,-0.6158197522163391,s017
1,-0.2968024015426636,s017
1,-1.3505878448486328,s017
1,-0.15331809222698212,s017
1,-0.5284153819084167,s017
1,-0.5693995356559753,s017
1,-0.27894407510757446,s017
1,-0.5222811102867126,s017
1,-0.7097537517547607,s017
1,-0.8021925091743469,s017
1,-1.1989214420318604,s017
1,-0.3456195890903473,s017
1,-0.2602885365486145,s017
1,-1.0557360649108887,s017
1,-1.0526371002197266,s017
1,-2.2727718353271484,s017
1,-0.4070417881011963,s017
1,-0.750728189945221,s017
1,-0.35319554805755615,s017
1,-0.32606205344200134,s017
1,-0.16074229776859283,s017
1,-0.3988257944583893,s017
1,-0.4455741345882416,s017
1,-0.6025072932243347,s017
0,-11.471973419189453,s017
0,-26.806018829345703,s017
0,-71.67481994628906,s017
0,-15.73140811920166,s017
0,-17.08488655090332,s017
0,-68.34716796875,s017
0,-9.466181755065918,s017
0,-14.348865509033203,s017
0,-6.985836505889893,s017
0,-6.454145908355713,s017
0,-9.101399421691895,s017
0,-24.657028198242188,s017
0,-10.105833053588867,s017
0,-8.536026954650879,s017
0,-7.370089054107666,s017
0,-10.122885704040527,s017
0,-50.91267776489258,s017
0,-1.220184326171875,s017
0,-7.697520732879639,s017
0,-20.79334259033203,s017
0,-40.20237731933594,s017
0,-6.128529071807861,s017
0,-41.06631088256836,s017
0,-38.44068145751953,s017
0,-17.65204620361328,s017
0,-72.63307189941406,s017
0,-23.135517120361328,s017
0,-21.15479850769043,s017
0,-7.750751972198486,s017
0,-22.949426651000977,s017
0,-5.301640033721924,s017
0,-31.807329177856445,s017
0,-7.30571174621582,s017
0,-73.84814453125,s017
0,-66.85484313964844,s017
0,-61.7279052734375,s017
0,-13.494288444519043,s017
0,-94.69302368164062,s017
0,-77.25438690185547,s017
0,-2.996896505355835,s017
0,-8.73410701751709,s017
0,-12.49563217163086,s017
0,-17.435951232910156,s017
0,-12.311466217041016,s017
0,-13.676494598388672,s017
0,-1.7079472541809082,s017
0,-7.604611873626709,s017
0,-21.292675018310547,s017
0,-15.753265380859375,s017
0,-124.54574584960938,s017
0,-4.352913856506348,s017
0,-47.644474029541016,s017
0,-12.691601753234863,s017
0,-9.096741676330566,s017
0,-39.493560791015625,s017
0,-83.58885192871094,s017
0,-76.78730010986328,s017
0,-2.9759316444396973,s017
0,-49.793338775634766,s017
0,-25.50385093688965,s017
0,-14.554205894470215,s017
0,-7.589932918548584,s017
0,-12.803915023803711,s017
0,-8.37639331817627,s017
0,-72.45746612548828,s017
0,-20.29540252685547,s017
0,-65.33322143554688,s017
0,-22.7342472076416,s017
0,-10.929553031921387,s017
0,-23.85372543334961,s017
0,-23.180152893066406,s017
0,-26.59998321533203,s017
0,-36.56008529663086,s017
0,-32.85211944580078,s017
0,-10.568260192871094,s017
0,-8.526811599731445,s017
0,-20.30321502685547,s017
0,-1.7041709423065186,s017
0,-8.275693893432617,s017
0,-36.331092834472656,s017
1,-0.43767639994621277,s018
1,-0.383722186088562,s018
1,-0.735852062702179,s018
1,-0.46594253182411194,s018
1,-0.5512162446975708,s018
1,-0.3642187714576721,s018
1,-0.302629292011261,s018
1,-2.627984046936035,s018
1,-0.4734651744365692,s018
1,-0.4796920418739319,s018
1,-0.26180514693260193,s018
1,-0.22083395719528198,s018
1,-0.19988040626049042,s018
1,-0.6752567887306213,s018
1,-0.2856849431991577,s018
1,-0.700603187084198,s018
1,-1.4427387714385986,s018
1,-3.6542859077453613,s018
1,-0.8658519983291626,s018
1,-0.13321253657341003,s018
1,-0.39786821603775024,s018
1,-0.3991158604621887,s018
1,-0.3292948007583618,s018
1,-0.21853840351104736,s018
1,-0.34378960728645325,s018
1,-1.374666690826416,s018
1,-1.3535767793655396,s018
1,-0.23631197214126587,s018
1,-0.3217651844024658,s018
1,-1.0816410779953003,s018
1,-0.41997087001800537,s018
1,-0.19438579678535461,s018
1,-0.11470624804496765,s018
1,-17.731002807617188,s018
1,-0.7544098496437073,s018
1,-0.9316442012786865,s018
1,-0.16073843836784363,s018
1,-0.46027877926826477,s018
1,-0.5327669978141785,s018
1,-0.4119621813297272,s018
1,-0.3310664892196655,s018
1,-1.370070457458496,s018
1,-0.831990659236908,s018
1,-2.923555850982666,s018
1,-0.09822701662778854,s018
1,-0.1973298192024231,s018
1,-1.4658507108688354,s018
1,-0.3051490783691406,s018
1,-0.4158187806606293,s018
1,-0.22942689061164856,s018
1,-0.6307598352432251,s018
1,-0.34460189938545227,s018
1,-0.2060016244649887,s018
1,-0.7948773503303528,s018
1,-0.4367978870868683,s018
1,-0.19417089223861694,s018
1,-0.40385404229164124,s018
1,-0.4531034231185913,s018
1,-0.17527151107788086,s018
1,-1.7067255973815918,s018
1,-5.060257911682129,s018
1,-0.42397770285606384,s018
1,-0.44616207480430603,s018
1,-0.15305393934249878,s018
1,-0.5662422180175781,s018
1,-0.6610557436943054,s018
1,-0.5226407647132874,s018
1,-0.24165791273117065,s018
1,-0.1395745873451233,s018
1,-0.5382024645805359,s018
1,-0.2173500955104828,s018
1,-0.7112269401550293,s018
1,-0.9866185784339905,s018
1,-0.6527665257453918,s018
1,-0.17248383164405823,s018
1,-0.23799824714660645,s018
1,-0.6275531649589539,s018
1,-4.875914573669434,s018
1,-0.4582713842391968,s018
1,-1.3214094638824463,s018
0,-1.1822646856307983,s018
0,-0.5786771178245544,s018
0,-19.04050636291504,s018
0,-0.6844282150268555,s018
0,-1.3453348875045776,s018
0,-3.850800037384033,s018
0,-1.4249792098999023,s018
0,-1.2003111839294434,s018
0,-1.0189940929412842,s018
0,-1.0970993041992188,s018
0,-0.8884593844413757,s018
0,-0.7483522295951843,s018
0,-0.702131450176239,s018
0,-2.145503282546997,s018
0,-1.0942420959472656,s018
0,-1.540328025817871,s018
0,-6.046025276184082,s018
0,-2.842961311340332,s018
0,-2.3504762649536133,s018
0,-0.5389413237571716,s018
0,-6.519330978393555,s018
0,-1.1988531351089478,s018
0,-0.6593227386474609,s018
0,-0.5594480633735657,s018
0,-0.44872936606407166,s018
0,-2.4051249027252197,s018
0,-0.44358593225479126,s018
0,-0.32441842555999756,s018
0,-2.306960344314575,s018
0,-0.6350169777870178,s018
0,-1.8772858381271362,s018
0,-0.2215762585401535,s018
0,-1.2513447999954224,s018
0,-2.071584939956665,s018
0,-8.446930885314941,s018
0,-2.379166841506958,s018
0,-1.2396427392959595,s018
0,-3.2237820625305176,s018
0,-5.393627643585205,s018
0,-2.3496291637420654,s018
0,-4.84978723526001,s018
0,-0.9266760945320129,s018
0,-1.204003930091858,s018
0,-0.5397694110870361,s018
0,-0.7248208522796631,s018
0,-3.5567102432250977,s018
0,-3.3474440574645996,s018
0,-0.34431368112564087,s018
0,-0.7238346338272095,s018
0,-29.54698371887207,s018
0,-5.41789436340332,s018
0,-10.549936294555664,s018
0,-0.6194034218788147,s018
0,-1.6898365020751953,s018
0,-0.4822062849998474,s018
0,-4.537950038909912,s018
0,-3.454770803451538,s018
0,-2.976483106613159,s018
0,-1.1815075874328613,s018
0,-0.5155495405197144,s018
0,-0.42516079545021057,s018
0,-1.4248943328857422,s018
0,-0.5136541724205017,s018
0,-0.6615567207336426,s018
0,-21.45537757873535,s018
0,-0.4189431071281433,s018
0,-2.818011522293091,s018
0,-0.6463920474052429,s018
0,-2.9217641353607178,s018
0,-0.9102308750152588,s018
0,-0.2683635950088501,s018
0,-1.3581328392028809,s018
0,-1.7060661315917969,s018
0,-4.730897903442383,s018
0,-1.069150447845459,s018
0,-1.4414258003234863,s018
0,-7.644803524017334,s018
0,-3.9680845737457275,s018
0,-4.030501365661621,s018
0,-0.5612444877624512,s018
1,-0.03693845123052597,s019
1,-0.24869248270988464,s019
1,-0.2488417625427246,s019
1,-0.46934080123901367,s019
1,-0.34092631936073303,s019
1,-0.8595798015594482,s019
1,-0.2103692591190338,s019
1,-0.21720248460769653,s019
1,-0.23413866758346558,s019
1,-0.24224406480789185,s019
1,-0.06350246071815491,s019
1,-0.7341985106468201,s019
1,-0.7494156360626221,s019
1,-0.19737397134304047,s019
1,-0.5306572914123535,s019
1,-0.4031286835670471,s019
1,-0.4314153492450714,s019
1,-5.9043288230896,s019
1,-2.1685073375701904,s019
1,-0.2213195264339447,s019
1,-0.18853746354579926,s019
1,-0.03655855730175972,s019
1,-0.19184166193008423,s019
1,-0.5903531312942505,s019
1,-0.4125688076019287,s019
1,-3.780181884765625,s019
1,-0.6006518006324768,s019
1,-0.28525570034980774,s019
1,-0.19970788061618805,s019
1,-0.815339207649231,s019
1,-0.312753826379776,s019
1,-0.11985276639461517,s019
1,-0.5557345151901245,s019
1,-0.25847017765045166,s019
1,-0.12207487970590591,s019
1,-0.5186141133308411,s019
1,-0.1656733602285385,s019
1,-0.2814972996711731,s019
1,-0.6624608635902405,s019
1,-0.5720407962799072,s019
1,-0.3804841637611389,s019
1,-0.7429447174072266,s019
1,-5.443727493286133,s019
1,-0.19917349517345428,s019
1,-0.442130446434021,s019
1,-2.2225351333618164,s019
1,-0.15559598803520203,s019
1,-0.8607983589172363,s019
1,-0.6362617015838623,s019
1,-0.1768602877855301,s019
1,-0.2642240524291992,s019
1,-0.2988196909427643,s019
1,-0.24604466557502747,s019
1,-1.728394627571106,s019
1,-0.33735406398773193,s019
1,-0.045085832476615906,s019
1,-0.2171986699104309,s019
1,-1.212193489074707,s019
1,-0.3558148145675659,s019
1,-0.45386213064193726,s019
1,-0.7442605495452881,s019
1,-0.31933537125587463,s019
1,-0.04435242339968681,s019
1,-0.1270880103111267,s019
1,-1.5883374214172363,s019
1,-0.366924524307251,s019
1,-0.906067430973053,s019
1,-0.44220849871635437,s019
1,-0.3587844669818878,s019
1,-0.4317554235458374,s019
1,-0.8329507112503052,s019
1,-0.06081177666783333,s019
1,-0.6763833165168762,s019
1,-0.32448071241378784,s019
1,-0.5758849382400513,s019
1,-0.16063596308231354,s019
1,-0.4510190784931183,s019
1,-0.2724396884441376,s019
1,-0.2850645184516907,s019
1,-1.233228087425232,s019
0,-0.8139094114303589,s019
0,-2.773005247116089,s019
0,-13.739108085632324,s019
0,-3.246004104614258,s019
0,-4.701930522918701,s019
0,-7.413143634796143,s019
0,-3.480276107788086,s019
0,-0.5883029699325562,s019
0,-2.135026693344116,s019
0,-1.9713960886001587,s019
0,-1.4804245233535767,s019
0,-4.958940505981445,s019
0,-0.7351040244102478,s019
0,-3.9764223098754883,s019
0,-0.9148563742637634,s019
0,-0.643481969833374,s019
0,-7.144227027893066,s019
0,-3.7986819744110107,s019
0,-1.2415528297424316,s019
0,-3.7815847396850586,s019
0,-3.0185587406158447,s019
0,-0.8365311622619629,s019
0,-6.173194885253906,s019
0,-5.677124977111816,s019
0,-1.5640896558761597,s019
0,-10.569927215576172,s019
0,-3.2204675674438477,s019
0,-2.2516324520111084,s019
0,-0.6224989891052246,s019
0,-4.380773544311523,s019
0,-3.2687623500823975,s019
0,-3.6931746006011963,s019
0,-1.974814772605896,s019
0,-11.54529094696045,s019
0,-4.689061164855957,s019
0,-7.18928861618042,s019
0,-3.8279523849487305,s019
0,-16.60279083251953,s019
0,-7.014995098114014,s019
0,-3.5872278213500977,s019
0,-2.8679795265197754,s019
0,-1.1378554105758667,s019
0,-1.4150620698928833,s019
0,-2.4503111839294434,s019
0,-3.1879963874816895,s019
0,-2.2969250679016113,s019
0,-1.1325536966323853,s019
0,-3.7416317462921143,s019
0,-3.728685140609741,s019
0,-17.586952209472656,s019
0,-3.0043601989746094,s019
0,-4.049121856689453,s019
0,-1.6813907623291016,s019
0,-3.835124969482422,s019
0,-5.680800437927246,s019
0,-9.07361125946045,s019
0,-9.730402946472168,s019
0,-4.377237319946289,s019
0,-5.25729513168335,s019
0,-4.17210054397583,s019
0,-2.1308393478393555,s019
0,-2.7843520641326904,s019
0,-1.0472815036773682,s019
0,-1.2569273710250854,s019
0,-13.31796646118164,s019
0,-3.9287402629852295,s019
0,-7.306633949279785,s019
0,-3.5284693241119385,s019
0,-2.594114303588867,s019
0,-2.046344518661499,s019
0,-1.9235776662826538,s019
0,-2.8500852584838867,s019
0,-2.537835121154785,s019
0,-3.4979705810546875,s019
0,-2.7242517471313477,s019
0,-1.0166454315185547,s019
0,-5.278280735015869,s019
0,-3.7334415912628174,s019
0,-1.5879932641983032,s019
0,-5.396324634552002,s019
1,-0.5489484667778015,s020
1,-0.31854164600372314,s020
1,-1.2864850759506226,s020
1,-0.46557220816612244,s020
1,-0.46702611446380615,s020
1,-1.8175067901611328,s020
1,-0.555594265460968,s020
1,-1.9072356224060059,s020
1,-0.580213725566864,s020
1,-0.4003688395023346,s020
1,-0.22114776074886322,s020
1,-0.9321451187133789,s020
1,-0.23579780757427216,s020
1,-0.44706445932388306,s020
1,-1.200598120689392,s020
1,-0.20906972885131836,s020
1,-1.1580055952072144,s020
1,-0.4964914917945862,s020
1,-0.3589939773082733,s020
1,-0.4326852560043335,s020
1,-1.1723378896713257,s020
1,-0.7837699055671692,s020
1,-0.4436289072036743,s020
1,-0.18127675354480743,s020
1,-0.43459489941596985,s020
1,-1.3249931335449219,s020
1,-0.22670061886310577,s020
1,-0.04056631401181221,s020
1,-0.8416672348976135,s020
1,-0.23599515855312347,s020
1,-0.7736257314682007,s020
1,-0.8164355754852295,s020
1,-1.5601555109024048,s020
1,-0.18581050634384155,s020
1,-0.3460971415042877,s020
1,-1.5104018449783325,s020
1,-0.5152513384819031,s020
1,-1.1713066101074219,s020
1,-0.1607332080602646,s020
1,-0.2860219180583954,s020
1,-0.369317889213562,s020
1,-0.2619909942150116,s020
1,-2.376969814300537,s020
1,-0.12894389033317566,s020
1,-0.5180544853210449,s020
1,-0.7514610886573792,s020
1,-0.12070103734731674,s020
1,-0.3655548095703125,s020
1,-0.6866971254348755,s020
1,-0.3195682466030121,s020
1,-0.4258253574371338,s020
1,-0.9319455623626709,s020
1,-0.6279177069664001,s020
1,-0.30341970920562744,s020
1,-0.33784815669059753,s020
1,-0.39679229259490967,s020
1,-0.3900272846221924,s020
1,-0.30709120631217957,s020
1,-0.38326704502105713,s020
1,-0.26101601123809814,s020
1,-0.7437604665756226,s020
1,-0.15400460362434387,s020
1,-4.456595420837402,s020
1,-4.33418607711792,s020
1,-0.28701722621917725,s020
1,-0.43713894486427307,s020
1,-0.13645678758621216,s020
1,-0.23109763860702515,s020
1,-0.5545260906219482,s020
1,-0.27054375410079956,s020
1,-0.8157517313957214,s020
1,-0.5938112139701843,s020
1,-0.5564714670181274,s020
1,-0.14190731942653656,s020
1,-0.5079205632209778,s020
1,-1.2045704126358032,s020
1,-0.25770971179008484,s020
1,-0.17849479615688324,s020
1,-0.42099323868751526,s020
1,-0.42672935128211975,s020
0,-1.2897040843963623,s020
0,-0.7157847881317139,s020
0,-11.96606159210205,s020
0,-0.6523213982582092,s020
0,-1.0502244234085083,s020
0,-1.4294042587280273,s020
0,-1.3263237476348877,s020
0,-1.2853052616119385,s020
0,-1.2851645946502686,s020
0,-1.3815852403640747,s020
0,-1.0341830253601074,s020
0,-0.5368244647979736,s020
0,-0.8188148736953735,s020
0,-1.906054139137268,s020
0,-1.2054598331451416,s020
0,-1.4183309078216553,s020
0,-1.8868035078048706,s020
0,-3.115243673324585,s020
0,-2.1692001819610596,s020
0,-0.507158100605011,s020
0,-3.466093063354492,s020
0,-1.2651240825653076,s020
0,-0.16842219233512878,s020
0,-0.13429482281208038,s020
0,-0.49375098943710327,s020
0,-1.034748911857605,s020
0,-0.2661066949367523,s020
0,-0.26755499839782715,s020
0,-2.1890451908111572,s020
0,-0.5257086157798767,s020
0,-1.7928587198257446,s020
0,-0.05247446149587631,s020
0,-1.2326666116714478,s020
0,-1.1594876050949097,s020
0,-4.127747535705566,s020
0,-1.076064944267273,s020
0,-1.2812705039978027,s020
0,-2.8918395042419434,s020
0,-3.2069451808929443,s020
0,-2.3319835662841797,s020
0,-4.503503799438477,s020
0,-0.8697908520698547,s020
0,-1.0578206777572632,s020
0,-0.771163821220398,s020
0,-0.7309619188308716,s020
0,-3.7808287143707275,s020
0,-3.1841933727264404,s020
0,-0.35916388034820557,s020
0,-0.6904685497283936,s020
0,-13.90567398071289,s020
0,-4.75778341293335,s020
0,-4.033517837524414,s020
0,-0.6938260793685913,s020
0,-1.4897929430007935,s020
0,-0.33072033524513245,s020
0,-1.8019404411315918,s020
0,-1.8456774950027466,s020
0,-2.682175874710083,s020
0,-0.38027843832969666,s020
0,-0.4485405683517456,s020
0,-0.526951253414154,s020
0,-1.4221296310424805,s020
0,-0.7334693074226379,s020
0,-0.9809420704841614,s020
0,-12.37570571899414,s020
0,-0.349307656288147,s020
0,-1.2640643119812012,s020
0,-0.8481056690216064,s020
0,-2.286766767501831,s020
0,-0.49919864535331726,s020
0,-0.2972387671470642,s020
0,-0.8785935640335083,s020
0,-0.7788214683532715,s020
0,-1.8488233089447021,s020
0,-0.2816251814365387,s020
0,-1.784468173980713,s020
0,-6.731667518615723,s020
0,-3.7549378871917725,s020
0,-3.6975221633911133,s020
0,-0.14940965175628662,s020
1,-0.38531506061553955,s021
1,-0.4852288067340851,s021
1,-0.7081003785133362,s021
1,-0.8596534729003906,s021
1,-0.17589682340621948,s021
1,-1.1181440353393555,s021
1,-0.9108510613441467,s021
1,-1.4727675914764404,s021
1,-0.19370867311954498,s021
1,-2.071235179901123,s021
1,-0.5634663105010986,s021
1,-0.23175093531608582,s021
1,-0.29360848665237427,s021
1,-0.1052582859992981,s021
1,-0.5060269236564636,s021
1,-0.7293817400932312,s021
1,-0.8065645694732666,s021
1,-6.066889762878418,s021
1,-0.029836246743798256,s021
1,-0.20731371641159058,s021
1,-0.17767058312892914,s021
1,-0.7915629744529724,s021
1,-0.3814897835254669,s021
1,-0.22514277696609497,s021
1,-0.3128395676612854,s021
1,-0.4680495262145996,s021
1,-0.4344814121723175,s021
1,-0.2955469787120819,s021
1,-0.3878430724143982,s021
1,-0.3323262929916382,s021
1,-0.2456129938364029,s021
1,-0.35013455152511597,s021
1,-0.42592260241508484,s021
1,-0.2289174199104309,s021
1,-0.45985153317451477,s021
1,-0.4139840602874756,s021
1,-0.2018488049507141,s021
1,-0.6446147561073303,s021
1,-0.48865577578544617,s021
1,-1.2111353874206543,s021
1,-0.4471268057823181,s021
1,-0.08576267212629318,s021
1,-6.8437819480896,s021
1,-0.7014703750610352,s021
1,-0.1648426204919815,s021
1,-0.7897123694419861,s021
1,-0.2123510092496872,s021
1,-0.8979113101959229,s021
1,-0.28753387928009033,s021
1,-1.0258839130401611,s021
1,-0.4259035587310791,s021
1,-1.1687687635421753,s021
1,-0.3103547990322113,s021
1,-0.09151964634656906,s021
1,-0.25562894344329834,s021
1,-0.32114553451538086,s021
1,-0.8653829097747803,s021
1,-0.13888666033744812,s021
1,-0.46153724193573,s021
1,-0.37550508975982666,s021
1,-0.5023293495178223,s021
1,-0.1850813776254654,s021
1,-0.8081135153770447,s021
1,-0.2928977906703949,s021
1,-0.6330966353416443,s021
1,-0.5438442826271057,s021
1,-0.5572813749313354,s021
1,-0.25805461406707764,s021
1,-0.7486364841461182,s021
1,-0.42001140117645264,s021
1,-0.3162112534046173,s021
1,-0.31279438734054565,s021
1,-0.3466877341270447,s021
1,-0.2689104974269867,s021
1,-0.22546404600143433,s021
1,-0.35393768548965454,s021
1,-0.1127694845199585,s021
1,-0.7114155888557434,s021
1,-0.43680328130722046,s021
1,-0.20175877213478088,s021
0,-2.2623281478881836,s021
0,-2.259408950805664,s021
0,-20.23848533630371,s021
0,-1.0988893508911133,s021
0,-2.3208208084106445,s021
0,-8.767349243164062,s021
0,-2.036876678466797,s021
0,-0.8031044602394104,s021
0,-0.9436785578727722,s021
0,-0.9356169104576111,s021
0,-0.1909138262271881,s021
0,-2.28635311126709,s021
0,-0.268153578042984,s021
0,-3.3545618057250977,s021
0,-0.12999528646469116,s021
0,-2.0321264266967773,s021
0,-11.402146339416504,s021
0,-2.144101142883301,s021
0,-1.313201665878296,s021
0,-1.5601410865783691,s021
0,-6.258223533630371,s021
0,-0.16745688021183014,s021
0,-2.2823455333709717,s021
0,-2.108690023422241,s021
0,-0.7179598808288574,s021
0,-5.548171520233154,s021
0,-0.7758664488792419,s021
0,-0.558741569519043,s021
0,-1.123340129852295,s021
0,-2.8066153526306152,s021
0,-1.5852255821228027,s021
0,-1.7374224662780762,s021
0,-0.4147993326187134,s021
0,-6.784463405609131,s021
0,-12.12990665435791,s021
0,-6.610182762145996,s021
0,-2.2216997146606445,s021
0,-10.828341484069824,s021
0,-11.57565689086914,s021
0,-1.9121965169906616,s021
0,-3.258734941482544,s021
0,-0.14809902012348175,s021
0,-0.9784696102142334,s021
0,-1.4219310283660889,s021
0,-1.7608736753463745,s021
0,-2.676541566848755,s021
0,-1.6086668968200684,s021
0,-1.6491507291793823,s021
0,-1.4922689199447632,s021
0,-33.0693244934082,s021
0,-4.924333095550537,s021
0,-10.982791900634766,s021
0,-0.41190752387046814,s021
0,-2.129884719848633,s021
0,-3.910097360610962,s021
0,-10.188488960266113,s021
0,-8.652477264404297,s021
0,-2.246387243270874,s021
0,-3.6670825481414795,s021
0,-2.796605110168457,s021
0,-0.6555658578872681,s021
0,-1.9043402671813965,s021
0,-0.6962698698043823,s021
0,-0.5199949145317078,s021
0,-23.32728385925293,s021
0,-1.6249390840530396,s021
0,-7.190676212310791,s021
0,-3.1553354263305664,s021
0,-4.024919509887695,s021
0,-2.401845693588257,s021
0,-1.3745774030685425,s021
0,-3.9068803787231445,s021
0,-3.0218729972839355,s021
0,-7.43272590637207,s021
0,-1.1584758758544922,s021
0,-1.2691054344177246,s021
0,-6.584259033203125,s021
0,-2.045138120651245,s021
0,-2.827284336090088,s021
0,-1.8047970533370972,s021
1,-0.6817925572395325,s022
1,-1.0581523180007935,s022
1,-0.3221142888069153,s022
1,-0.5984656810760498,s022
1,-0.3203197121620178,s022
1,-0.3023606538772583,s022
1,-0.7371614575386047,s022
1,-0.3430841565132141,s022
1,-1.3250967264175415,s022
1,-5.474323272705078,s022
1,-0.4274961054325104,s022
1,-0.6403716206550598,s022
1,-0.24273435771465302,s022
1,-0.5685884952545166,s022
1,-0.3246765732765198,s022
1,-0.4658420979976654,s022
1,-2.6221835613250732,s022
1,-4.024517059326172,s022
1,-0.07602998614311218,s022
1,-1.0723483562469482,s022
1,-1.889425277709961,s022
1,-1.8054779767990112,s022
1,-0.18915733695030212,s022
1,-0.8563764691352844,s022
1,-0.5958641767501831,s022
1,-2.864776849746704,s022
1,-0.40602293610572815,s022
1,-0.330628901720047,s022
1,-1.331629991531372,s022
1,-0.6766413450241089,s022
1,-0.769794762134552,s022
1,-0.7620845437049866,s022
1,-0.31335777044296265,s022
1,-0.6989640593528748,s022
1,-0.3424544036388397,s022
1,-0.859157145023346,s022
1,-0.3707057237625122,s022
1,-0.20219434797763824,s022
1,-0.6954801678657532,s022
1,-0.4272197484970093,s022
1,-0.45873621106147766,s022
1,-0.7296135425567627,s022
1,-2.3686113357543945,s022
1,-0.47036346793174744,s022
1,-0.3914112150669098,s022
1,-0.44428908824920654,s022
1,-0.43526485562324524,s022
1,-0.13405638933181763,s022
1,-1.4202110767364502,s022
1,-0.8834255337715149,s022
1,-0.47632896900177,s022
1,-1.1583271026611328,s022
1,-0.4345380663871765,s022
1,-0.36753222346305847,s022
1,-0.532676637172699,s022
1,-0.07811316102743149,s022
1,-0.2632061243057251,s022
1,-0.1917407065629959,s022
1,-0.28165432810783386,s022
1,-0.4514455199241638,s022
1,-0.6428350806236267,s022
1,-0.6241499781608582,s022
1,-0.4851144552230835,s022
1,-0.4448851943016052,s022
1,-1.745252013206482,s022
1,-0.17286700010299683,s022
1,-0.8793251514434814,s022
1,-0.19066466391086578,s022
1,-1.3691496849060059,s022
1,-0.8037962913513184,s022
1,-0.6192721724510193,s022
1,-0.13197322189807892,s022
1,-0.34368667006492615,s022
1,-0.7775422930717468,s022
1,-0.3760775327682495,s022
1,-0.9151450395584106,s022
1,-0.4101018011569977,s022
1,-0.3335195481777191,s022
1,-0.3922998905181885,s022
1,-1.086399793624878,s022
0,-16.553993225097656,s022
0,-11.63650894165039,s022
0,-0.9594486951828003,s022
0,-12.60185718536377,s022
0,-12.672211647033691,s022
0,-30.71786117553711,s022
0,-7.551743507385254,s022
0,-5.593987464904785,s022
0,-8.224084854125977,s022
0,-6.7949981689453125,s022
0,-8.680152893066406,s022
0,-17.779781341552734,s022
0,-7.153496742248535,s022
0,-7.460667133331299,s022
0,-6.123964309692383,s022
0,-23.87226104736328,s022
0,-21.36606788635254,s022
0,-3.553694009780884,s022
0,-4.891444683074951,s022
0,-16.772226333618164,s022
0,-7.242940425872803,s022
0,-5.496403694152832,s022
0,-27.48787498474121,s022
0,-25.31865119934082,s022
0,-9.615253448486328,s022
0,-46.681114196777344,s022
0,-16.66578483581543,s022
0,-16.039419174194336,s022
0,-4.26227331161499,s022
0,-13.505021095275879,s022
0,-5.857019901275635,s022
0,-21.16162872314453,s022
0,-7.835860252380371,s022
0,-40.9478645324707,s022
0,-10.577962875366211,s022
0,-32.174339294433594,s022
0,-9.242801666259766,s022
0,-46.9079475402832,s022
0,-25.34393882751465,s022
0,-4.8670148849487305,s022
0,-0.9004040956497192,s022
0,-9.52526569366455,s022
0,-11.58096981048584,s022
0,-9.052407264709473,s022
0,-11.006387710571289,s022
0,-2.611229658126831,s022
0,-1.4284181594848633,s022
0,-15.928994178771973,s022
0,-12.036108016967773,s022
0,-3.7608141899108887,s022
0,-2.635228157043457,s022
0,-6.990152359008789,s022
0,-10.582389831542969,s022
0,-7.561367511749268,s022
0,-21.025028228759766,s022
0,-40.577693939208984,s022
0,-35.15013885498047,s022
0,-4.055427551269531,s022
0,-31.67451286315918,s022
0,-14.688474655151367,s022
0,-11.84228515625,s022
0,-7.975924968719482,s022
0,-11.104066848754883,s022
0,-8.736570358276367,s022
0,-6.482473850250244,s022
0,-13.0660400390625,s022
0,-30.5703125,s022
0,-11.48031234741211,s022
0,-6.040678024291992,s022
0,-14.43398666381836,s022
0,-15.9786376953125,s022
0,-14.870949745178223,s022
0,-17.726572036743164,s022
0,-12.187739372253418,s022
0,-12.933952331542969,s022
0,-3.6550886631011963,s022
0,-3.8564529418945312,s022
0,-2.1399645805358887,s022
0,-1.78892183303833,s022
0,-24.91014862060547,s022
1,-0.34099432826042175,s024
1,-0.34444454312324524,s024
1,-0.48255765438079834,s024
1,-0.19383689761161804,s024
1,-0.6115122437477112,s024
1,-0.6354048252105713,s024
1,-1.6510497331619263,s024
1,-0.4900951385498047,s024
1,-0.292542040348053,s024
1,-0.8858337998390198,s024
1,-0.8951712846755981,s024
1,-0.468561589717865,s024
1,-0.18014156818389893,s024
1,-1.6218976974487305,s024
1,-0.45817428827285767,s024
1,-1.5152610540390015,s024
1,-6.091501712799072,s024
1,-4.59391450881958,s024
1,-0.4186142385005951,s024
1,-0.14717024564743042,s024
1,-0.1910061538219452,s024
1,-0.41725367307662964,s024
1,-0.15488086640834808,s024
1,-1.0868884325027466,s024
1,-0.3502088487148285,s024
1,-3.533761739730835,s024
1,-0.3579532206058502,s024
1,-0.21117079257965088,s024
1,-0.7939085960388184,s024
1,-0.5337071418762207,s024
1,-0.3395029902458191,s024
1,-0.529565155506134,s024
1,-0.963521420955658,s024
1,-0.2861238718032837,s024
1,-0.2571917772293091,s024
1,-0.3201535940170288,s024
1,-0.20466098189353943,s024
1,-0.5010016560554504,s024
1,-0.16049107909202576,s024
1,-0.9089053273200989,s024
1,-0.4026808440685272,s024
1,-0.9872681498527527,s024
1,-1.2958645820617676,s024
1,-0.3354872167110443,s024
1,-0.37610071897506714,s024
1,-0.3687523603439331,s024
1,-0.7406866550445557,s024
1,-0.3244859278202057,s024
1,-0.31818270683288574,s024
1,-0.9851563572883606,s024
1,-0.415216326713562,s024
1,-0.7758511900901794,s024
1,-0.1531505137681961,s024
1,-0.5874905586242676,s024
1,-0.7454200387001038,s024
1,-0.16666696965694427,s024
1,-0.29429522156715393,s024
1,-0.4340374171733856,s024
1,-0.7641037106513977,s024
1,-0.5528677701950073,s024
1,-0.7991640567779541,s024
1,-0.8157356381416321,s024
1,-0.35540544986724854,s024
1,-0.5444998741149902,s024
1,-0.5029826760292053,s024
1,-0.3625529408454895,s024
1,-0.7629449367523193,s024
1,-0.5312942266464233,s024
1,-0.8760907053947449,s024
1,-0.36056458950042725,s024
1,-0.5316691994667053,s024
1,-0.38633033633232117,s024
1,-0.33343803882598877,s024
1,-0.3660794496536255,s024
1,-0.2976011335849762,s024
1,-0.3552814722061157,s024
1,-0.18421237170696259,s024
1,-0.25267085433006287,s024
1,-0.5197242498397827,s024
1,-0.43980515003204346,s024
0,-23.13378143310547,s024
0,-22.474512100219727,s024
0,-10.808878898620605,s024
0,-16.887815475463867,s024
0,-17.013385772705078,s024
0,-51.55560302734375,s024
0,-10.116371154785156,s024
0,-9.14748477935791,s024
0,-8.50690746307373,s024
0,-7.212944984436035,s024
0,-10.31371784210205,s024
0,-25.42685890197754,s024
0,-9.438336372375488,s024
0,-9.608572959899902,s024
0,-7.118824481964111,s024
0,-33.3901481628418,s024
0,-32.5582160949707,s024
0,-2.8045547008514404,s024
0,-4.612504959106445,s024
0,-21.920631408691406,s024
0,-11.85464096069336,s024
0,-6.240069389343262,s024
0,-39.41527557373047,s024
0,-37.219810485839844,s024
0,-15.155280113220215,s024
0,-67.1005859375,s024
0,-22.88566017150879,s024
0,-21.097070693969727,s024
0,-3.599496603012085,s024
0,-21.808931350708008,s024
0,-6.879676342010498,s024
0,-30.24283218383789,s024
0,-8.939786911010742,s024
0,-65.63888549804688,s024
0,-25.46601104736328,s024
0,-49.54838562011719,s024
0,-13.248312950134277,s024
0,-83.79666137695312,s024
0,-48.67691421508789,s024
0,-4.652921676635742,s024
0,-0.8973917365074158,s024
0,-11.80740737915039,s024
0,-14.649653434753418,s024
0,-12.375031471252441,s024
0,-14.569342613220215,s024
0,-1.1026288270950317,s024
0,-1.1049023866653442,s024
0,-21.71983528137207,s024
0,-16.493568420410156,s024
0,-3.023819923400879,s024
0,-1.5025556087493896,s024
0,-12.58755111694336,s024
0,-13.281169891357422,s024
0,-10.126993179321289,s024
0,-35.70280456542969,s024
0,-64.1578140258789,s024
0,-61.828125,s024
0,-4.19996452331543,s024
0,-44.86505126953125,s024
0,-24.299169540405273,s024
0,-15.164623260498047,s024
0,-9.120586395263672,s024
0,-12.806596755981445,s024
0,-9.553494453430176,s024
0,-6.977044105529785,s024
0,-19.94292449951172,s024
0,-52.12310028076172,s024
0,-20.274354934692383,s024
0,-6.335217475891113,s024
0,-18.771188735961914,s024
0,-21.327468872070312,s024
0,-20.72694969177246,s024
0,-27.331676483154297,s024
0,-18.08721351623535,s024
0,-18.12447166442871,s024
0,-4.950771808624268,s024
0,-3.3376035690307617,s024
0,-1.5208810567855835,s024
0,-1.0890672206878662,s024
0,-35.48670959472656,s024
1,-0.8430270552635193,s025
1,-0.25510716438293457,s025
1,-0.4057188034057617,s025
1,-0.7568330764770508,s025
1,-0.4043504595756531,s025
1,-0.39080753922462463,s025
1,-0.9860149025917053,s025
1,-0.2167917639017105,s025
1,-1.3770331144332886,s025
1,-0.39492762088775635,s025
1,-0.20976297557353973,s025
1,-0.30738699436187744,s025
1,-0.13599899411201477,s025
1,-0.13426432013511658,s025
1,-0.38040339946746826,s025
1,-0.1538117378950119,s025
1,-0.16102463006973267,s025
1,-4.834225654602051,s025
1,-0.5030413866043091,s025
1,-0.5737242698669434,s025
1,-0.9092251658439636,s025
1,-0.7536016702651978,s025
1,-0.8125255107879639,s025
1,-1.435469150543213,s025
1,-0.7766249179840088,s025
1,-0.8100826740264893,s025
1,-0.596872091293335,s025
1,-0.10665290057659149,s025
1,-0.628814697265625,s025
1,-0.18992380797863007,s025
1,-0.2959204912185669,s025
1,-0.6693056225776672,s025
1,-0.4593355357646942,s025
1,-0.2805137634277344,s025
1,-0.4441641569137573,s025
1,-0.6987451910972595,s025
1,-0.10493846982717514,s025
1,-0.2733204960823059,s025
1,-1.0051029920578003,s025
1,-0.18154649436473846,s025
1,-0.6432217359542847,s025
1,-0.9855835437774658,s025
1,-5.075924396514893,s025
1,-0.6330687999725342,s025
1,-0.8433767557144165,s025
1,-2.0718464851379395,s025
1,-1.385300636291504,s025
1,-0.3100322186946869,s025
1,-0.5185173749923706,s025
1,-0.3635878562927246,s025
1,-0.5791352987289429,s025
1,-0.056817371398210526,s025
1,-0.5814562439918518,s025
1,-1.4755436182022095,s025
1,-0.3673052489757538,s025
1,-0.13032299280166626,s025
1,-0.30775296688079834,s025
1,-0.22724859416484833,s025
1,-0.2206551432609558,s025
1,-0.6122704744338989,s025
1,-0.26203975081443787,s025
1,-0.31544211506843567,s025
1,-0.13999825716018677,s025
1,-0.18426084518432617,s025
1,-0.6091445088386536,s025
1,-0.35942819714546204,s025
1,-1.022757649421692,s025
1,-0.6161389350891113,s025
1,-0.6494410037994385,s025
1,-0.5957653522491455,s025
1,-0.45258966088294983,s025
1,-0.7508503794670105,s025
1,-1.4631940126419067,s025
1,-0.4046306312084198,s025
1,-1.3073039054870605,s025
1,-0.3680776357650757,s025
1,-0.36008015275001526,s025
1,-0.4642556607723236,s025
1,-0.7558149695396423,s025
1,-0.15024131536483765,s025
0,-5.541975498199463,s025
0,-3.5675294399261475,s025
0,-29.16610336303711,s025
0,-3.3886356353759766,s025
0,-5.161609649658203,s025
0,-11.624699592590332,s025
0,-4.49350118637085,s025
0,-2.468219757080078,s025
0,-2.2739861011505127,s025
0,-1.2746081352233887,s025
0,-1.378601312637329,s025
0,-6.104873180389404,s025
0,-1.3112868070602417,s025
0,-7.0815935134887695,s025
0,-1.5178272724151611,s025
0,-5.072493076324463,s025
0,-8.120059967041016,s025
0,-3.0643045902252197,s025
0,-3.905961751937866,s025
0,-4.607744216918945,s025
0,-7.693759441375732,s025
0,-1.5377804040908813,s025
0,-6.507872581481934,s025
0,-6.038583755493164,s025
0,-2.545091390609741,s025
0,-13.88875961303711,s025
0,-3.7153940200805664,s025
0,-2.617696523666382,s025
0,-0.567264199256897,s025
0,-5.562446117401123,s025
0,-3.3424882888793945,s025
0,-4.743239879608154,s025
0,-2.0779764652252197,s025
0,-12.66139030456543,s025
0,-15.748275756835938,s025
0,-9.443931579589844,s025
0,-4.840365886688232,s025
0,-17.60989761352539,s025
0,-23.83622169494629,s025
0,-3.718928337097168,s025
0,-6.310781478881836,s025
0,-2.2611136436462402,s025
0,-2.029311180114746,s025
0,-3.1058499813079834,s025
0,-4.275455474853516,s025
0,-1.9323291778564453,s025
0,-3.4382565021514893,s025
0,-4.011997222900391,s025
0,-3.773759126663208,s025
0,-1.912656545639038,s025
0,-3.778944969177246,s025
0,-5.191956043243408,s025
0,-2.3061628341674805,s025
0,-4.645709991455078,s025
0,-6.8348002433776855,s025
0,-15.283214569091797,s025
0,-14.660381317138672,s025
0,-4.3903679847717285,s025
0,-7.775534629821777,s025
0,-5.701377868652344,s025
0,-2.5907931327819824,s025
0,-4.555248737335205,s025
0,-1.4310814142227173,s025
0,-1.6313872337341309,s025
0,-1.9914700984954834,s025
0,-3.6374905109405518,s025
0,-11.532310485839844,s025
0,-5.4907307624816895,s025
0,-2.184528112411499,s025
0,-1.7566819190979004,s025
0,-2.7213361263275146,s025
0,-3.7868075370788574,s025
0,-5.746047019958496,s025
0,-3.5716917514801025,s025
0,-2.8800342082977295,s025
0,-1.0295432806015015,s025
0,-2.309443712234497,s025
0,-4.816643714904785,s025
0,-2.782928466796875,s025
0,-5.744369983673096,s025
1,-0.5400202870368958,s026
1,-0.38426801562309265,s026
1,-1.2135796546936035,s026
1,-0.3644196689128876,s026
1,-0.5129129886627197,s026
1,-0.6645529270172119,s026
1,-0.10300333797931671,s026
1,-0.23884402215480804,s026
1,-0.16185513138771057,s026
1,-0.3171015977859497,s026
1,-0.26607227325439453,s026
1,-0.3055163621902466,s026
1,-0.5457099080085754,s026
1,-0.3434152603149414,s026
1,-0.5006128549575806,s026
1,-0.6801382899284363,s026
1,-1.031125545501709,s026
1,-1.3083081245422363,s026
1,-2.2470908164978027,s026
1,-1.2789744138717651,s026
1,-0.5889365077018738,s026
1,-0.08866038918495178,s026
1,-0.15575404465198517,s026
1,-0.2125229686498642,s026
1,-1.0381617546081543,s026
1,-1.067448616027832,s026
1,-0.8538722991943359,s026
1,-0.29350408911705017,s026
1,-0.26258182525634766,s026
1,-0.23837198317050934,s026
1,-0.43614691495895386,s026
1,-0.5114687085151672,s026
1,-0.22121477127075195,s026
1,-0.35613173246383667,s026
1,-0.48295047879219055,s026
1,-0.16306354105472565,s026
1,-0.5884426832199097,s026
1,-0.3031576871871948,s026
1,-0.05853179469704628,s026
1,-0.5313749313354492,s026
1,-0.20012514293193817,s026
1,-0.4104679226875305,s026
1,-2.284655809402466,s026
1,-0.2017267495393753,s026
1,-0.1798611730337143,s026
1,-0.24191580712795258,s026
1,-0.2912788987159729,s026
1,-0.1636071354150772,s026
1,-0.4602515399456024,s026
1,-0.5193784236907959,s026
1,-0.38792914152145386,s026
1,-0.40108901262283325,s026
1,-0.8994496464729309,s026
1,-0.8591747283935547,s026
1,-0.7596681714057922,s026
1,-0.26641860604286194,s026
1,-0.2033492922782898,s026
1,-0.6514679789543152,s026
1,-0.1355692744255066,s026
1,-0.7539781928062439,s026
1,-0.2799798250198364,s026
1,-0.2660714387893677,s026
1,-0.11341174691915512,s026
1,-0.31277889013290405,s026
1,-0.44662365317344666,s026
1,-0.09614821523427963,s026
1,-0.7100471258163452,s026
1,-0.326981782913208,s026
1,-0.6207756400108337,s026
1,-0.43708911538124084,s026
1,-0.4048730731010437,s026
1,-0.23810188472270966,s026
1,-0.5758124589920044,s026
1,-0.44829022884368896,s026
1,-0.2416987419128418,s026
1,-0.5895082950592041,s026
1,-0.647406816482544,s026
1,-0.7376416921615601,s026
1,-0.27764514088630676,s026
1,-1.9980549812316895,s026
0,-4.571771621704102,s026
0,-6.178269863128662,s026
0,-17.593578338623047,s026
0,-1.6109575033187866,s026
0,-3.538348913192749,s026
0,-16.596744537353516,s026
0,-2.8836443424224854,s026
0,-2.1185197830200195,s026
0,-1.5422617197036743,s026
0,-0.9617288112640381,s026
0,-0.033748552203178406,s026
0,-3.84395170211792,s026
0,-0.7240679860115051,s026
0,-4.733950138092041,s026
0,-0.45238420367240906,s026
0,-5.171305179595947,s026
0,-10.17365550994873,s026
0,-4.853294849395752,s026
0,-6.9096245765686035,s026
0,-3.0965304374694824,s026
0,-5.83880615234375,s026
0,-0.5440694093704224,s026
0,-7.390436172485352,s026
0,-7.21168851852417,s026
0,-2.0812058448791504,s026
0,-17.32814598083496,s026
0,-2.671908140182495,s026
0,-1.8945121765136719,s026
0,-1.5702381134033203,s026
0,-5.934470176696777,s026
0,-2.5916295051574707,s026
0,-5.367467880249023,s026
0,-0.4815942943096161,s026
0,-18.819236755371094,s026
0,-14.49437427520752,s026
0,-14.650318145751953,s026
0,-5.338533401489258,s026
0,-33.21129608154297,s026
0,-19.620494842529297,s026
0,-3.8280110359191895,s026
0,-7.134490966796875,s026
0,-0.6735942363739014,s026
0,-1.2087854146957397,s026
0,-2.986226797103882,s026
0,-2.470097064971924,s026
0,-5.029275894165039,s026
0,-3.092123031616211,s026
0,-2.7998218536376953,s026
0,-2.1646158695220947,s026
0,-1.7528661489486694,s026
0,-8.082704544067383,s026
0,-10.015094757080078,s026
0,-1.149993658065796,s026
0,-2.738104820251465,s026
0,-9.295835494995117,s026
0,-24.080507278442383,s026
0,-21.38648223876953,s026
0,-4.910284042358398,s026
0,-10.463837623596191,s026
0,-6.24724006652832,s026
0,-1.5872362852096558,s026
0,-2.489769697189331,s026
0,-0.6551746726036072,s026
0,-0.7844498753547668,s026
0,-0.32735535502433777,s026
0,-3.3366782665252686,s026
0,-17.25090980529785,s026
0,-6.809381484985352,s026
0,-4.635598182678223,s026
0,-2.583777666091919,s026
0,-2.9752089977264404,s026
0,-5.330802917480469,s026
0,-7.500924110412598,s026
0,-6.491033554077148,s026
0,-2.0650572776794434,s026
0,-3.0371291637420654,s026
0,-2.0469703674316406,s026
0,-5.646028518676758,s026
0,-5.45142936706543,s026
0,-6.437223434448242,s026
1,-0.19871598482131958,s027
1,-0.5336950421333313,s027
1,-0.7701511979103088,s027
1,-2.3701748847961426,s027
1,-0.36451810598373413,s027
1,-0.6323182582855225,s027
1,-0.41395795345306396,s027
1,-0.5105775594711304,s027
1,-0.7270791530609131,s027
1,-0.2573034167289734,s027
1,-0.6294288039207458,s027
1,-0.5682988166809082,s027
1,-0.49389684200286865,s027
1,-1.5121917724609375,s027
1,-1.264392375946045,s027
1,-5.349793434143066,s027
1,-1.6997382640838623,s027
1,-2.1711323261260986,s027
1,-4.405012130737305,s027
1,-0.4228273928165436,s027
1,-1.6107017993927002,s027
1,-0.9680622816085815,s027
1,-0.36685359477996826,s027
1,-0.6790363788604736,s027
1,-1.3587281703948975,s027
1,-1.3653091192245483,s027
1,-1.035261631011963,s027
1,-0.38123708963394165,s027
1,-0.3648470342159271,s027
1,-0.7900103330612183,s027
1,-0.8640238642692566,s027
1,-0.6081879138946533,s027
1,-0.5433624982833862,s027
1,-0.30450114607810974,s027
1,-0.46629461646080017,s027
1,-0.8089389204978943,s027
1,-0.11048845946788788,s027
1,-0.31467539072036743,s027
1,-0.5371789932250977,s027
1,-0.9255523681640625,s027
1,-0.4686969220638275,s027
1,-0.3210177421569824,s027
1,-2.768864393234253,s027
1,-0.2495623677968979,s027
1,-0.29132887721061707,s027
1,-10.237947463989258,s027
1,-0.535922646522522,s027
1,-0.21202586591243744,s027
1,-0.27271613478660583,s027
1,-0.4856739044189453,s027
1,-1.5732932090759277,s027
1,-0.4150030314922333,s027
1,-1.0683177709579468,s027
1,-0.34231722354888916,s027
1,-0.3896038830280304,s027
1,-0.15115784108638763,s027
1,-0.4126852750778198,s027
1,-0.5079807043075562,s027
1,-0.5190982222557068,s027
1,-0.11075837910175323,s027
1,-0.27828457951545715,s027
1,-0.39264431595802307,s027
1,-0.5861822366714478,s027
1,-0.7910812497138977,s027
1,-0.49012136459350586,s027
1,-0.99610835313797,s027
1,-2.599888563156128,s027
1,-0.5736383199691772,s027
1,-0.23467251658439636,s027
1,-0.7238391637802124,s027
1,-0.3553248643875122,s027
1,-0.9583756327629089,s027
1,-0.6159084439277649,s027
1,-0.3739575743675232,s027
1,-0.6272856593132019,s027
1,-0.15998390316963196,s027
1,-1.0512685775756836,s027
1,-0.2823542356491089,s027
1,-0.5075663328170776,s027
1,-1.6339728832244873,s027
0,-1.6787714958190918,s027
0,-1.5753644704818726,s027
0,-22.033960342407227,s027
0,-1.341157078742981,s027
0,-2.5036020278930664,s027
0,-5.485846042633057,s027
0,-2.549622058868408,s027
0,-2.3234267234802246,s027
0,-1.9159270524978638,s027
0,-1.6931214332580566,s027
0,-1.4081748723983765,s027
0,-1.8457207679748535,s027
0,-1.0001407861709595,s027
0,-4.450560092926025,s027
0,-1.8781507015228271,s027
0,-0.6810454726219177,s027
0,-3.016497850418091,s027
0,-4.629604339599609,s027
0,-6.117789268493652,s027
0,-1.239159107208252,s027
0,-5.991373538970947,s027
0,-1.7964918613433838,s027
0,-1.147326946258545,s027
0,-1.29848051071167,s027
0,-1.1867270469665527,s027
0,-3.4032437801361084,s027
0,-0.9425299763679504,s027
0,-0.560926079750061,s027
0,-2.298733711242676,s027
0,-1.8646447658538818,s027
0,-3.2298550605773926,s027
0,-2.1302082538604736,s027
0,-2.1167330741882324,s027
0,-4.056985378265381,s027
0,-10.071467399597168,s027
0,-3.443118095397949,s027
0,-2.2065742015838623,s027
0,-8.135289192199707,s027
0,-13.3096284866333,s027
0,-3.8704075813293457,s027
0,-6.571014881134033,s027
0,-1.7268364429473877,s027
0,-1.5629029273986816,s027
0,-1.2270283699035645,s027
0,-1.6881686449050903,s027
0,-5.035890579223633,s027
0,-4.532278060913086,s027
0,-0.8828849792480469,s027
0,-1.5406372547149658,s027
0,-2.8881278038024902,s027
0,-6.716130256652832,s027
0,-6.01792573928833,s027
0,-1.1558729410171509,s027
0,-2.95192551612854,s027
0,-1.958413004875183,s027
0,-6.387403964996338,s027
0,-7.87058162689209,s027
0,-4.645247459411621,s027
0,-1.2780603170394897,s027
0,-1.6763473749160767,s027
0,-0.8684937953948975,s027
0,-2.654102087020874,s027
0,-0.6180723309516907,s027
0,-1.2474088668823242,s027
0,-2.546614408493042,s027
0,-1.2421425580978394,s027
0,-5.663707256317139,s027
0,-1.8797612190246582,s027
0,-2.8885209560394287,s027
0,-0.32537543773651123,s027
0,-1.8365721702575684,s027
0,-1.4196467399597168,s027
0,-2.5117971897125244,s027
0,-2.678011894226074,s027
0,-0.6499349474906921,s027
0,-1.7448251247406006,s027
0,-3.6395699977874756,s027
0,-6.181169033050537,s027
0,-4.487513065338135,s027
0,-1.2130385637283325,s027
1,-1.1352343559265137,s028
1,-0.29943546652793884,s028
1,-0.4168219566345215,s028
1,-0.9035921096801758,s028
1,-0.12617932260036469,s028
1,-1.2706035375595093,s028
1,-0.6473007202148438,s028
1,-0.5299546122550964,s028
1,-1.2011590003967285,s028
1,-0.7079107761383057,s028
1,-0.2749474048614502,s028
1,-0.6125068068504333,s028
1,-0.23241598904132843,s028
1,-0.7363025546073914,s028
1,-0.8094809055328369,s028
1,-0.2204279601573944,s028
1,-0.4891257882118225,s028
1,-1.994497299194336,s028
1,-0.41018807888031006,s028
1,-0.9380810260772705,s028
1,-0.35498058795928955,s028
1,-1.959364414215088,s028
1,-0.2835654020309448,s028
1,-0.5471062660217285,s028
1,-0.4587964415550232,s028
1,-0.09564138948917389,s028
1,-0.2141997367143631,s028
1,-0.2352304756641388,s028
1,-0.2718193233013153,s028
1,-0.32007405161857605,s028
1,-0.09530012309551239,s028
1,-0.5126161575317383,s028
1,-0.9525789618492126,s028
1,-0.5894701480865479,s028
1,-0.4943169057369232,s028
1,-0.0837954506278038,s028
1,-0.23263396322727203,s028
1,-0.2898273169994354,s028
1,-0.12100725620985031,s028
1,-0.5803265571594238,s028
1,-0.42066144943237305,s028
1,-1.851315975189209,s028
1,-1.9708374738693237,s028
1,-0.47357627749443054,s028
1,-0.10131245851516724,s028
1,-0.3017449676990509,s028
1,-4.359688758850098,s028
1,-0.14319494366645813,s028
1,-1.0951275825500488,s028
1,-0.7560919523239136,s028
1,-0.2653841972351074,s028
1,-0.2677266299724579,s028
1,-1.0523501634597778,s028
1,-3.210580587387085,s028
1,-0.14934144914150238,s028
1,-0.16278569400310516,s028
1,-1.1526745557785034,s028
1,-0.43922239542007446,s028
1,-0.3345984220504761,s028
1,-0.5509930849075317,s028
1,-1.7624541521072388,s028
1,-0.3069235682487488,s028
1,-0.4930303990840912,s028
1,-0.3318774402141571,s028
1,-0.5063521265983582,s028
1,-0.3938581645488739,s028
1,-0.4037797152996063,s028
1,-0.32559478282928467,s028
1,-0.5731337666511536,s028
1,-0.40415242314338684,s028
1,-0.4485669732093811,s028
1,-0.49403512477874756,s028
1,-0.25603097677230835,s028
1,-0.15146823227405548,s028
1,-0.5304185748100281,s028
1,-0.49950873851776123,s028
1,-0.2888396382331848,s028
1,-0.434182733297348,s028
1,-0.31006428599357605,s028
1,-0.49066162109375,s028
0,-19.253870010375977,s028
0,-23.17611312866211,s028
0,-31.091386795043945,s028
0,-13.483168601989746,s028
0,-14.038325309753418,s028
0,-60.23862838745117,s028
0,-8.238702774047852,s028
0,-13.842103004455566,s028
0,-6.17044734954834,s028
0,-4.9085893630981445,s028
0,-8.349700927734375,s028
0,-20.43133544921875,s028
0,-9.046152114868164,s028
0,-7.888332843780518,s028
0,-7.875425338745117,s028
0,-27.88129425048828,s028
0,-41.52091979980469,s028
0,-12.430619239807129,s028
0,-2.7616803646087646,s028
0,-17.051416397094727,s028
0,-18.618629455566406,s028
0,-6.07325553894043,s028
0,-33.07789611816406,s028
0,-30.7247314453125,s028
0,-16.282241821289062,s028
0,-59.76211929321289,s028
0,-19.778945922851562,s028
0,-17.806123733520508,s028
0,-4.166045188903809,s028
0,-19.06827163696289,s028
0,-5.31929349899292,s028
0,-5.590055465698242,s028
0,-7.802255630493164,s028
0,-58.25255584716797,s028
0,-44.80400848388672,s028
0,-51.94037628173828,s028
0,-12.372664451599121,s028
0,-74.51803588867188,s028
0,-69.23776245117188,s028
0,-3.242716073989868,s028
0,-5.38408088684082,s028
0,-12.748101234436035,s028
0,-16.133586883544922,s028
0,-10.604904174804688,s028
0,-11.888829231262207,s028
0,-12.674668312072754,s028
0,-4.235352993011475,s028
0,-16.963661193847656,s028
0,-13.182147979736328,s028
0,-2.9493744373321533,s028
0,-24.46547508239746,s028
0,-26.924636840820312,s028
0,-11.724069595336914,s028
0,-7.990629196166992,s028
0,-31.739559173583984,s028
0,-69.16303253173828,s028
0,-69.09976959228516,s028
0,-3.6760079860687256,s028
0,-38.980411529541016,s028
0,-21.41716766357422,s028
0,-12.632622718811035,s028
0,-6.939319610595703,s028
0,-9.90733528137207,s028
0,-6.953839302062988,s028
0,-6.617562770843506,s028
0,-16.55320930480957,s028
0,-58.02190399169922,s028
0,-19.75337791442871,s028
0,-6.714559078216553,s028
0,-18.425678253173828,s028
0,-10.181437492370605,s028
0,-19.74441146850586,s028
0,-32.12956619262695,s028
0,-24.42334747314453,s028
0,-14.437769889831543,s028
0,-7.348366737365723,s028
0,-2.670318841934204,s028
0,-3.7100846767425537,s028
0,-4.224581718444824,s028
0,-29.291603088378906,s028
1,-0.4162202775478363,s029
1,-0.20811742544174194,s029
1,-0.7962940335273743,s029
1,-0.9845532178878784,s029
1,-1.1747300624847412,s029
1,-0.48350995779037476,s029
1,-0.6847171187400818,s029
1,-0.3192906975746155,s029
1,-0.7041906118392944,s029
1,-0.2750600576400757,s029
1,-0.4626469016075134,s029
1,-0.49837303161621094,s029
1,-0.3174727261066437,s029
1,-0.48780038952827454,s029
1,-2.4660212993621826,s029
1,-0.13598614931106567,s029
1,-0.4066470265388489,s029
1,-2.1818997859954834,s029
1,-0.8935548067092896,s029
1,-0.9735994338989258,s029
1,-0.3344324827194214,s029
1,-0.2057037651538849,s029
1,-0.4595830738544464,s029
1,-0.9844748377799988,s029
1,-0.7310479283332825,s029
1,-1.6324117183685303,s029
1,-0.5265251398086548,s029
1,-0.4556267559528351,s029
1,-0.6178172826766968,s029
1,-0.44027087092399597,s029
1,-0.4666896462440491,s029
1,-0.5958297252655029,s029
1,-0.589827299118042,s029
1,-0.5852953791618347,s029
1,-0.3227327764034271,s029
1,-0.6828771829605103,s029
1,-0.3027435541152954,s029
1,-0.7062152624130249,s029
1,-0.5006769299507141,s029
1,-0.8579270839691162,s029
1,-8.000584602355957,s029
1,-1.2113146781921387,s029
1,-1.6346595287322998,s029
1,-0.44781577587127686,s029
1,-0.559770941734314,s029
1,-0.6274552345275879,s029
1,-0.2662711441516876,s029
1,-0.7539628148078918,s029
1,-6.734738349914551,s029
1,-0.8180487751960754,s029
1,-0.5740993022918701,s029
1,-0.5729210376739502,s029
1,-0.3178386986255646,s029
1,-1.1629443168640137,s029
1,-0.21021100878715515,s029
1,-0.3175162076950073,s029
1,-0.3380686044692993,s029
1,-0.10404663532972336,s029
1,-0.4118150770664215,s029
1,-0.7800614833831787,s029
1,-0.43416962027549744,s029
1,-0.15516182780265808,s029
1,-1.2499003410339355,s029
1,-0.4458787143230438,s029
1,-0.49948030710220337,s029
1,-0.5259053707122803,s029
1,-0.346076637506485,s029
1,-0.2516333758831024,s029
1,-0.19687941670417786,s029
1,-1.28792142868042,s029
1,-0.3205908238887787,s029
1,-0.9255133867263794,s029
1,-0.3620786666870117,s029
1,-0.452685683965683,s029
1,-0.19663189351558685,s029
1,-0.6742465496063232,s029
1,-0.8905165195465088,s029
1,-0.8466479778289795,s029
1,-0.6676741242408752,s029
1,-0.38927412033081055,s029
0,-2.391284227371216,s029
0,-3.7998995780944824,s029
0,-50.48024368286133,s029
0,-0.9104050397872925,s029
0,-1.697340726852417,s029
0,-14.557868003845215,s029
0,-1.0693135261535645,s029
0,-3.979994535446167,s029
0,-0.221539705991745,s029
0,-0.40331652760505676,s029
0,-0.7423393130302429,s029
0,-2.6850430965423584,s029
0,-1.0286142826080322,s029
0,-2.3047099113464355,s029
0,-1.2206645011901855,s029
0,-3.5748705863952637,s029
0,-15.126220703125,s029
0,-1.025177240371704,s029
0,-7.349458694458008,s029
0,-1.5258145332336426,s029
0,-21.17636489868164,s029
0,-0.9275993704795837,s029
0,-4.577896595001221,s029
0,-3.918978691101074,s029
0,-1.9775004386901855,s029
0,-10.965911865234375,s029
0,-1.7997068166732788,s029
0,-1.4818367958068848,s029
0,-3.3708508014678955,s029
0,-2.4013724327087402,s029
0,-1.7230087518692017,s029
0,-1.1089224815368652,s029
0,-0.6319481730461121,s029
0,-11.482939720153809,s029
0,-29.211111068725586,s029
0,-11.041118621826172,s029
0,-1.6363019943237305,s029
0,-17.399560928344727,s029
0,-24.025115966796875,s029
0,-0.9931338429450989,s029
0,-8.563593864440918,s029
0,-1.6899181604385376,s029
0,-3.500919818878174,s029
0,-0.7278139591217041,s029
0,-0.9227467775344849,s029
0,-1.2612998485565186,s029
0,-5.837387561798096,s029
0,-1.832305669784546,s029
0,-1.1479929685592651,s029
0,-0.9299448728561401,s029
0,-3.8261871337890625,s029
0,-21.630664825439453,s029
0,-0.6533240079879761,s029
0,-1.2695978879928589,s029
0,-5.318539619445801,s029
0,-17.50701332092285,s029
0,-15.120454788208008,s029
0,-1.5201208591461182,s029
0,-6.6750898361206055,s029
0,-2.5680060386657715,s029
0,-0.624809205532074,s029
0,-0.8110165596008301,s029
0,-0.9206326007843018,s029
0,-0.25672823190689087,s029
0,-1.1283663511276245,s029
0,-1.7426797151565552,s029
0,-12.543754577636719,s029
0,-3.0007028579711914,s029
0,-3.3642754554748535,s029
0,-3.747860908508301,s029
0,-0.6654415130615234,s029
0,-3.984499931335449,s029
0,-8.430793762207031,s029
0,-9.776933670043945,s029
0,-1.1334644556045532,s029
0,-1.961667776107788,s029
0,-0.9642527103424072,s029
0,-3.1911399364471436,s029
0,-5.4990925788879395,s029
0,-3.497617483139038,s029
1,-0.24813365936279297,s030
1,-0.1586267203092575,s030
1,-0.17611068487167358,s030
1,-0.45993196964263916,s030
1,-0.17579442262649536,s030
1,-0.09210048615932465,s030
1,-0.4743356704711914,s030
1,-0.2738250494003296,s030
1,-0.2582627832889557,s030
1,-0.4195016622543335,s030
1,-0.4308995008468628,s030
1,-0.4252152740955353,s030
1,-0.293668270111084,s030
1,-0.752620279788971,s030
1,-0.05381223186850548,s030
1,-0.946100115776062,s030
1,-0.9895141124725342,s030
1,-1.4906562566757202,s030
1,-0.46609437465667725,s030
1,-0.30965644121170044,s030
1,-0.4069933593273163,s030
1,-0.06680529564619064,s030
1,-0.4995741844177246,s030
1,-0.3182237446308136,s030
1,-0.5561378002166748,s030
1,-0.8500030040740967,s030
1,-0.5625656843185425,s030
1,-0.1644497662782669,s030
1,-0.27393266558647156,s030
1,-0.8620886206626892,s030
1,-0.269009530544281,s030
1,-0.3501320779323578,s030
1,-0.3966376483440399,s030
1,-0.35851407051086426,s030
1,-1.1918253898620605,s030
1,-0.20552144944667816,s030
1,-0.4141390323638916,s030
1,-0.609019935131073,s030
1,-0.15811941027641296,s030
1,-1.0718262195587158,s030
1,-0.30630365014076233,s030
1,-0.3480556607246399,s030
1,-1.8334028720855713,s030
1,-0.32984796166419983,s030
1,-0.6999596953392029,s030
1,-0.6410514116287231,s030
1,-0.3104459047317505,s030
1,-0.26458728313446045,s030
1,-1.4254510402679443,s030
1,-0.4999292194843292,s030
1,-1.5361101627349854,s030
1,-0.27659180760383606,s030
1,-1.074445128440857,s030
1,-1.099054217338562,s030
1,-0.6309130191802979,s030
1,-0.5004662871360779,s030
1,-0.11125555634498596,s030
1,-0.8170654773712158,s030
1,-0.1445871889591217,s030
1,-0.2500869035720825,s030
1,-0.0880756750702858,s030
1,-0.4030040502548218,s030
1,-0.16881996393203735,s030
1,-0.20876601338386536,s030
1,-0.5759400129318237,s030
1,-0.2580043077468872,s030
1,-0.14804638922214508,s030
1,-0.08117180317640305,s030
1,-0.1926347315311432,s030
1,-0.512833833694458,s030
1,-0.3787233531475067,s030
1,-0.3567739725112915,s030
1,-0.7702161073684692,s030
1,-1.1323976516723633,s030
1,-0.3524581491947174,s030
1,-0.47142016887664795,s030
1,-2.2875454425811768,s030
1,-1.3390566110610962,s030
1,-0.16744236648082733,s030
1,-0.45908409357070923,s030
0,-2.86344051361084,s030
0,-1.1302099227905273,s030
0,-9.34872817993164,s030
0,-2.2463278770446777,s030
0,-3.391561985015869,s030
0,-0.404483437538147,s030
0,-3.5843021869659424,s030
0,-0.8762474060058594,s030
0,-2.7303411960601807,s030
0,-2.4891083240509033,s030
0,-1.4897360801696777,s030
0,-2.6982479095458984,s030
0,-1.2538952827453613,s030
0,-4.574741363525391,s030
0,-1.3789916038513184,s030
0,-1.5303633213043213,s030
0,-1.6596966981887817,s030
0,-1.3286906480789185,s030
0,-3.4414896965026855,s030
0,-2.336907386779785,s030
0,-2.1087915897369385,s030
0,-1.6640101671218872,s030
0,-1.7121268510818481,s030
0,-1.6063759326934814,s030
0,-1.0153669118881226,s030
0,-1.8263367414474487,s030
0,-1.1744004487991333,s030
0,-0.9805927276611328,s030
0,-1.5749716758728027,s030
0,-2.924368143081665,s030
0,-3.843294858932495,s030
0,-1.6567258834838867,s030
0,-1.917123556137085,s030
0,-2.494619846343994,s030
0,-2.0491890907287598,s030
0,-0.6848610043525696,s030
0,-3.4308855533599854,s030
0,-2.9525227546691895,s030
0,-1.4920198917388916,s030
0,-4.007994651794434,s030
0,-3.659254312515259,s030
0,-0.9341399073600769,s030
0,-0.6244165301322937,s030
0,-2.707392692565918,s030
0,-2.838513135910034,s030
0,-1.684044361114502,s030
0,-2.2966012954711914,s030
0,-2.3646557331085205,s030
0,-2.690864086151123,s030
0,-2.4331581592559814,s030
0,-0.8936481475830078,s030
0,-2.6804566383361816,s030
0,-1.5170814990997314,s030
0,-3.704096794128418,s030
0,-1.7889868021011353,s030
0,-0.9703757762908936,s030
0,-2.7907464504241943,s030
0,-4.332608222961426,s030
0,-0.9146449565887451,s030
0,-2.4365906715393066,s030
0,-1.723556637763977,s030
0,-3.461404323577881,s030
0,-1.3992265462875366,s030
0,-2.038527011871338,s030
0,-1.7823846340179443,s030
0,-2.3774495124816895,s030
0,-2.100255250930786,s030
0,-2.497727394104004,s030
0,-3.126762866973877,s030
0,-0.9540987014770508,s030
0,-2.3270726203918457,s030
0,-2.04895281791687,s030
0,-0.16889351606369019,s030
0,-1.6801362037658691,s030
0,-1.905047059059143,s030
0,-2.0128300189971924,s030
0,-2.8658339977264404,s030
0,-3.8354899883270264,s030
0,-2.921772003173828,s030
0,-1.5951340198516846,s030
1,-0.14493459463119507,s031
1,-1.0669515132904053,s031
1,-0.5559221506118774,s031
1,-0.28935447335243225,s031
1,-0.11963637918233871,s031
1,-0.7017604112625122,s031
1,-0.12977436184883118,s031
1,-0.4416581690311432,s031
1,-0.2604294419288635,s031
1,-0.24652504920959473,s031
1,-0.8955048322677612,s031
1,-0.1926201581954956,s031
1,-0.9971365332603455,s031
1,-0.5641145706176758,s031
1,-0.2268422394990921,s031
1,-0.23782920837402344,s031
1,-0.520017147064209,s031
1,-0.8575520515441895,s031
1,-0.8029226660728455,s031
1,-0.3383551836013794,s031
1,-0.26482638716697693,s031
1,-2.373178482055664,s031
1,-0.38833069801330566,s031
1,-0.30957114696502686,s031
1,-1.1305809020996094,s031
1,-0.284346342086792,s031
1,-0.8563081622123718,s031
1,-0.3423880338668823,s031
1,-0.8532112240791321,s031
1,-0.9765707850456238,s031
1,-0.4591928720474243,s031
1,-0.23657920956611633,s031
1,-0.0703868567943573,s031
1,-0.5108844637870789,s031
1,-0.7947171330451965,s031
1,-0.7177065014839172,s031
1,-0.21477581560611725,s031
1,-0.5034517049789429,s031
1,-0.15529774129390717,s031
1,-0.5260736346244812,s031
1,-0.37196481227874756,s031
1,-0.4427894055843353,s031
1,-0.5721524953842163,s031
1,-0.2806650698184967,s031
1,-0.3377715051174164,s031
1,-1.7534657716751099,s031
1,-0.2511182129383087,s031
1,-0.26443254947662354,s031
1,-2.210115432739258,s031
1,-1.4784728288650513,s031
1,-0.7471182942390442,s031
1,-0.5336271524429321,s031
1,-0.46081972122192383,s031
1,-1.0331498384475708,s031
1,-0.9593257904052734,s031
1,-0.41535308957099915,s031
1,-0.17331987619400024,s031
1,-0.1940237581729889,s031
1,-0.6006170511245728,s031
1,-1.0941693782806396,s031
1,-1.1214267015457153,s031
1,-0.26811152696609497,s031
1,-0.26469993591308594,s031
1,-0.2815198600292206,s031
1,-0.6186274290084839,s031
1,-0.5198054313659668,s031
1,-0.3019257187843323,s031
1,-0.5210530161857605,s031
1,-0.4815249443054199,s031
1,-0.3836789131164551,s031
1,-0.5865864753723145,s031
1,-0.4707031846046448,s031
1,-1.306447982788086,s031
1,-2.032116174697876,s031
1,-0.5733457803726196,s031
1,-0.11305536329746246,s031
1,-0.6426835060119629,s031
1,-0.6304080486297607,s031
1,-0.8101176023483276,s031
1,-0.5362700819969177,s031
0,-2.161144256591797,s031
0,-0.7107518315315247,s031
0,-7.937502384185791,s031
0,-1.2239556312561035,s031
0,-2.1625566482543945,s031
0,-2.9741005897521973,s031
0,-2.0634779930114746,s031
0,-0.3448714017868042,s031
0,-1.2288603782653809,s031
0,-0.9406366348266602,s031
0,-0.5269574522972107,s031
0,-2.4500527381896973,s031
0,-0.2468986213207245,s031
0,-3.446458339691162,s031
0,-0.31357839703559875,s031
0,-1.7277648448944092,s031
0,-2.6659231185913086,s031
0,-0.3550959825515747,s031
0,-1.528611421585083,s031
0,-1.6858632564544678,s031
0,-2.0160372257232666,s031
0,-0.36888203024864197,s031
0,-2.286470890045166,s031
0,-1.9370160102844238,s031
0,-0.3817611634731293,s031
0,-4.568719863891602,s031
0,-0.9067588448524475,s031
0,-0.6157262921333313,s031
0,-0.37263062596321106,s031
0,-1.93287193775177,s031
0,-1.7143062353134155,s031
0,-0.5277587175369263,s031
0,-0.7295730113983154,s031
0,-4.606717109680176,s031
0,-4.416875839233398,s031
0,-2.773094415664673,s031
0,-1.862904667854309,s031
0,-5.698167324066162,s031
0,-6.365664482116699,s031
0,-2.0397865772247314,s031
0,-1.982971429824829,s031
0,-0.3656230568885803,s031
0,-0.5743929743766785,s031
0,-1.2091597318649292,s031
0,-1.7170227766036987,s031
0,-0.6724595427513123,s031
0,-0.9140745997428894,s031
0,-1.6602593660354614,s031
0,-1.5746263265609741,s031
0,-0.7409912347793579,s031
0,-1.164143443107605,s031
0,-2.230868339538574,s031
0,-0.556669294834137,s031
0,-2.248013734817505,s031
0,-2.2223103046417236,s031
0,-3.616243600845337,s031
0,-1.5107598304748535,s031
0,-2.192945957183838,s031
0,-1.8802571296691895,s031
0,-1.7064659595489502,s031
0,-0.7013080716133118,s031
0,-2.0545907020568848,s031
0,-0.5793969035148621,s031
0,-0.7653237581253052,s031
0,-0.6156184673309326,s031
0,-1.4304325580596924,s031
0,-0.8866588473320007,s031
0,-1.6523330211639404,s031
0,-1.5906847715377808,s031
0,-0.5958158373832703,s031
0,-1.281459093093872,s031
0,-1.3224387168884277,s031
0,-1.1128259897232056,s031
0,-1.6823153495788574,s031
0,-1.0970959663391113,s031
0,-0.39173048734664917,s031
0,-1.076521635055542,s031
0,-1.7474504709243774,s031
0,-1.1470974683761597,s031
0,-1.8691904544830322,s031
1,-0.4532943367958069,s032
1,-0.36087697744369507,s032
1,-0.3142277002334595,s032
1,-0.47834888100624084,s032
1,-0.33578240871429443,s032
1,-0.4285946786403656,s032
1,-0.7473099231719971,s032
1,-0.47042587399482727,s032
1,-0.32900750637054443,s032
1,-0.3566272556781769,s032
1,-0.6533380150794983,s032
1,-0.5929341912269592,s032
1,-0.20723342895507812,s032
1,-0.4966513216495514,s032
1,-0.9951238632202148,s032
1,-0.3921058475971222,s032
1,-0.26642659306526184,s032
1,-4.266152858734131,s032
1,-0.6621999144554138,s032
1,-0.23068349063396454,s032
1,-0.157663956284523,s032
1,-0.37038475275039673,s032
1,-0.3802328109741211,s032
1,-0.9568252563476562,s032
1,-0.7316190600395203,s032
1,-0.2585505247116089,s032
1,-1.7502014636993408,s032
1,-0.619319498538971,s032
1,-0.27384892106056213,s032
1,-0.9274489879608154,s032
1,-0.7363710403442383,s032
1,-0.1859404593706131,s032
1,-0.5984510183334351,s032
1,-0.32742124795913696,s032
1,-1.295019268989563,s032
1,-0.40899398922920227,s032
1,-0.14367547631263733,s032
1,-0.6091973781585693,s032
1,-0.7474056482315063,s032
1,-1.0290172100067139,s032
1,-0.22028054296970367,s032
1,-0.20997613668441772,s032
1,-1.2394784688949585,s032
1,-0.2652411460876465,s032
1,-0.18284615874290466,s032
1,-1.2824552059173584,s032
1,-0.3148692548274994,s032
1,-0.33804643154144287,s032
1,-0.18925216794013977,s032
1,-0.8329716920852661,s032
1,-1.6188985109329224,s032
1,-0.20448292791843414,s032
1,-0.9485664367675781,s032
1,-0.8035340309143066,s032
1,-0.3745623826980591,s032
1,-0.320681095123291,s032
1,-0.1835675835609436,s032
1,-0.44494739174842834,s032
1,-0.5470722913742065,s032
1,-1.4803476333618164,s032
1,-0.6032862663269043,s032
1,-0.46035072207450867,s032
1,-0.279968798160553,s032
1,-0.2882508635520935,s032
1,-0.26205384731292725,s032
1,-0.5076291561126709,s032
1,-0.16295693814754486,s032
1,-0.45418113470077515,s032
1,-0.06519979983568192,s032
1,-0.9609199166297913,s032
1,-0.4725996255874634,s032
1,-0.3589874505996704,s032
1,-0.2085077166557312,s032
1,-1.0552287101745605,s032
1,-0.2122388631105423,s032
1,-0.3048989772796631,s032
1,-0.3141491413116455,s032
1,-0.4336779713630676,s032
1,-4.591078758239746,s032
1,-0.6081492900848389,s032
0,-0.9112284779548645,s032
0,-1.1983256340026855,s032
0,-11.860384941101074,s032
0,-0.33676519989967346,s032
0,-1.1056740283966064,s032
0,-4.029463291168213,s032
0,-0.9175952076911926,s032
0,-0.9705509543418884,s032
0,-0.46658480167388916,s032
0,-0.46097537875175476,s032
0,-0.22878898680210114,s032
0,-0.6382919549942017,s032
0,-0.2664231061935425,s032
0,-1.634749412536621,s032
0,-0.3994380831718445,s032
0,-0.6553581953048706,s032
0,-3.911403179168701,s032
0,-0.18263261020183563,s032
0,-2.407050132751465,s032
0,-0.40226832032203674,s032
0,-4.386246681213379,s032
0,-0.4112720489501953,s032
0,-0.8401053547859192,s032
0,-0.8101922869682312,s032
0,-0.4506703019142151,s032
0,-2.7624316215515137,s032
0,-0.29963451623916626,s032
0,-0.17580300569534302,s032
0,-0.9796664118766785,s032
0,-0.9303131103515625,s032
0,-1.5036044120788574,s032
0,-0.518462598323822,s032
0,-0.3870159983634949,s032
0,-3.111058235168457,s032
0,-6.6272196769714355,s032
0,-2.9406960010528564,s032
0,-1.1237021684646606,s032
0,-5.599344253540039,s032
0,-7.417393207550049,s032
0,-1.3582834005355835,s032
0,-3.063251495361328,s032
0,-0.4081243574619293,s032
0,-0.658273458480835,s032
0,-0.509883463382721,s032
0,-0.5555145740509033,s032
0,-0.2896799147129059,s032
0,-1.9028143882751465,s032
0,-0.410259872674942,s032
0,-0.5743361115455627,s032
0,-0.7881100177764893,s032
0,-0.5812251567840576,s032
0,-4.900113105773926,s032
0,-0.19368761777877808,s032
0,-1.078170657157898,s032
0,-1.278235912322998,s032
0,-5.445880889892578,s032
0,-0.44462960958480835,s032
0,-1.7509201765060425,s032
0,-1.4090776443481445,s032
0,-0.8653692603111267,s032
0,-0.13855932652950287,s032
0,-0.7677720785140991,s032
0,-0.16985993087291718,s032
0,-0.19394871592521667,s032
0,-0.5669553279876709,s032
0,-0.6102158427238464,s032
0,-0.24625447392463684,s032
0,-1.0999258756637573,s032
0,-1.3128244876861572,s032
0,-0.7001088261604309,s032
0,-0.37603724002838135,s032
0,-1.1240530014038086,s032
0,-2.2386090755462646,s032
0,-2.747751474380493,s032
0,-0.20292598009109497,s032
0,-0.7179328799247742,s032
0,-0.9944889545440674,s032
0,-2.078270673751831,s032
0,-1.8967747688293457,s032
0,-0.24385441839694977,s032
1,-0.3265926241874695,s033
1,-0.11085495352745056,s033
1,-0.6964300274848938,s033
1,-0.38340193033218384,s033
1,-0.5356653928756714,s033
1,-1.45466947555542,s033
1,-0.25851523876190186,s033
1,-0.4699694812297821,s033
1,-1.5182228088378906,s033
1,-0.21940799057483673,s033
1,-0.6469900012016296,s033
1,-0.6311880946159363,s033
1,-0.11386767774820328,s033
1,-0.13615496456623077,s033
1,-0.3866283595561981,s033
1,-0.9135186076164246,s033
1,-3.364914894104004,s033
1,-0.31512272357940674,s033
1,-0.44090282917022705,s033
1,-0.34213757514953613,s033
1,-2.981468915939331,s033
1,-0.8322560787200928,s033
1,-0.35801804065704346,s033
1,-0.9156191945075989,s033
1,-0.5384418964385986,s033
1,-0.5953381061553955,s033
1,-0.6344566941261292,s033
1,-0.540124237537384,s033
1,-0.5240046977996826,s033
1,-1.7520278692245483,s033
1,-0.20041431486606598,s033
1,-0.2409675121307373,s033
1,-0.28013208508491516,s033
1,-1.3000375032424927,s033
1,-0.4477834105491638,s033
1,-0.8168140649795532,s033
1,-0.16087670624256134,s033
1,-0.5939884781837463,s033
1,-1.0188302993774414,s033
1,-0.1425052434206009,s033
1,-0.21897739171981812,s033
1,-0.8637266755104065,s033
1,-9.865199089050293,s033
1,-0.8353513479232788,s033
1,-0.5924450755119324,s033
1,-0.46033376455307007,s033
1,-0.4790937006473541,s033
1,-0.34249284863471985,s033
1,-0.8026193380355835,s033
1,-1.227314829826355,s033
1,-0.40095970034599304,s033
1,-0.4501921832561493,s033
1,-0.7771828174591064,s033
1,-0.39978107810020447,s033
1,-0.6998712420463562,s033
1,-0.16876475512981415,s033
1,-0.16050396859645844,s033
1,-0.5515393018722534,s033
1,-0.5610340237617493,s033
1,-0.18416057527065277,s033
1,-0.32762908935546875,s033
1,-0.34712377190589905,s033
1,-0.2003564089536667,s033
1,-0.3308418095111847,s033
1,-0.4403342604637146,s033
1,-0.41786739230155945,s033
1,-0.16020600497722626,s033
1,-0.8792754411697388,s033
1,-0.7112376689910889,s033
1,-0.3382714092731476,s033
1,-0.20065395534038544,s033
1,-0.35108357667922974,s033
1,-2.0822744369506836,s033
1,-0.20370811223983765,s033
1,-0.21548102796077728,s033
1,-0.35577476024627686,s033
1,-0.7081699967384338,s033
1,-0.2591055631637573,s033
1,-0.27958357334136963,s033
1,-0.885638952255249,s033
0,-3.566910743713379,s033
0,-1.8533060550689697,s033
0,-9.253503799438477,s033
0,-3.5288422107696533,s033
0,-4.537107944488525,s033
0,-2.593444585800171,s033
0,-4.881908416748047,s033
0,-2.2347748279571533,s033
0,-4.460237979888916,s033
0,-4.153640270233154,s033
0,-3.2263638973236084,s033
0,-3.4083497524261475,s033
0,-2.8160390853881836,s033
0,-6.127527236938477,s033
0,-3.2527456283569336,s033
0,-1.798237919807434,s033
0,-2.097930669784546,s033
0,-2.6487884521484375,s033
0,-5.357017517089844,s033
0,-3.2897789478302,s033
0,-2.532841682434082,s033
0,-3.573470115661621,s033
0,-2.2329492568969727,s033
0,-2.088059902191162,s033
0,-2.2068095207214355,s033
0,-1.191855549812317,s033
0,-2.435605764389038,s033
0,-2.28714656829834,s033
0,-3.2492921352386475,s033
0,-3.507305145263672,s033
0,-6.063153266906738,s033
0,-3.771881580352783,s033
0,-4.10035514831543,s033
0,-1.369425654411316,s033
0,-1.7502808570861816,s033
0,-0.32564201951026917,s033
0,-4.569680690765381,s033
0,-1.7578136920928955,s033
0,-4.521868705749512,s033
0,-6.049917221069336,s033
0,-5.234245300292969,s033
0,-2.7713217735290527,s033
0,-1.9305981397628784,s033
0,-3.7296273708343506,s033
0,-4.05472469329834,s033
0,-2.771850347518921,s033
0,-4.079405307769775,s033
0,-2.969146966934204,s033
0,-3.728283405303955,s033
0,-4.7346014976501465,s033
0,-1.3934693336486816,s033
0,-3.1757473945617676,s033
0,-3.2781431674957275,s033
0,-5.1800007820129395,s033
0,-1.8949203491210938,s033
0,-2.3724265098571777,s033
0,-4.1243438720703125,s033
0,-6.592305660247803,s033
0,-1.0756667852401733,s033
0,-3.0628550052642822,s033
0,-3.177201986312866,s033
0,-5.044828414916992,s033
0,-2.841695785522461,s033
0,-3.7275285720825195,s033
0,-3.9221105575561523,s033
0,-3.1982510089874268,s033
0,-3.691176414489746,s033
0,-3.100757122039795,s033
0,-4.47962760925293,s033
0,-1.701424479484558,s033
0,-4.030191898345947,s033
0,-2.4484002590179443,s033
0,-0.8842499852180481,s033
0,-2.4836604595184326,s033
0,-2.823502779006958,s033
0,-3.142620801925659,s033
0,-5.162283420562744,s033
0,-6.53403902053833,s033
0,-4.452390670776367,s033
0,-2.225494861602783,s033
1,-0.25712358951568604,s034
1,-1.2902487516403198,s034
1,-1.016857624053955,s034
1,-0.3358667194843292,s034
1,-0.5452826619148254,s034
1,-1.7218939065933228,s034
1,-0.2543374300003052,s034
1,-0.49668872356414795,s034
1,-0.897614598274231,s034
1,-0.41166988015174866,s034
1,-0.27682653069496155,s034
1,-0.23266392946243286,s034
1,-0.33256232738494873,s034
1,-0.39771854877471924,s034
1,-0.2042786180973053,s034
1,-0.4137618839740753,s034
1,-0.3064667880535126,s034
1,-1.6066749095916748,s034
1,-1.0349411964416504,s034
1,-0.21828217804431915,s034
1,-0.3049749732017517,s034
1,-0.7029101252555847,s034
1,-0.35316941142082214,s034
1,-0.590354323387146,s034
1,-0.5423738360404968,s034
1,-0.43171852827072144,s034
1,-0.6174624562263489,s034
1,-0.5454291105270386,s034
1,-0.7734766602516174,s034
1,-2.0028395652770996,s034
1,-0.4209180176258087,s034
1,-0.33229562640190125,s034
1,-0.9120698571205139,s034
1,-0.24884015321731567,s034
1,-0.24804918467998505,s034
1,-0.7901192307472229,s034
1,-0.24567458033561707,s034
1,-0.6554505825042725,s034
1,-0.5144954323768616,s034
1,-0.4009062647819519,s034
1,-1.005473256111145,s034
1,-0.4172571897506714,s034
1,-5.9386138916015625,s034
1,-0.6917178630828857,s034
1,-0.39301684498786926,s034
1,-0.3854213356971741,s034
1,-1.0622167587280273,s034
1,-0.3851431608200073,s034
1,-0.9164769649505615,s034
1,-0.5143308639526367,s034
1,-0.8786051273345947,s034
1,-0.37905463576316833,s034
1,-0.17468802630901337,s034
1,-0.4006243050098419,s034
1,-0.6201892495155334,s034
1,-0.12882810831069946,s034
1,-0.27001142501831055,s034
1,-0.32707059383392334,s034
1,-0.5525975227355957,s034
1,-0.6148269176483154,s034
1,-0.6052746176719666,s034
1,-0.2383551299571991,s034
1,-0.24536912143230438,s034
1,-0.5838214755058289,s034
1,-3.3505067825317383,s034
1,-0.8320832252502441,s034
1,-2.349931240081787,s034
1,-0.33301597833633423,s034
1,-0.3548034727573395,s034
1,-0.3989185392856598,s034
1,-0.6373903751373291,s034
1,-0.4499896764755249,s034
1,-0.4743031859397888,s034
1,-0.9009606242179871,s034
1,-0.48998063802719116,s034
1,-0.06106391176581383,s034
1,-0.5044509768486023,s034
1,-0.5774534344673157,s034
1,-0.3320263624191284,s034
1,-0.2268196940422058,s034
0,-0.4880516827106476,s034
0,-1.0384132862091064,s034
0,-19.70796012878418,s034
0,-0.39422526955604553,s034
0,-0.724420428276062,s034
0,-0.5979217290878296,s034
0,-0.7460222840309143,s034
0,-2.6073756217956543,s034
0,-0.5374841690063477,s034
0,-0.5020542144775391,s034
0,-0.8386108875274658,s034
0,-0.761756181716919,s034
0,-0.9020716547966003,s034
0,-1.9902962446212769,s034
0,-1.4593825340270996,s034
0,-0.8031298518180847,s034
0,-3.916611909866333,s034
0,-0.41905587911605835,s034
0,-3.930541515350342,s034
0,-0.4204680323600769,s034
0,-7.746409893035889,s034
0,-1.155663251876831,s034
0,-1.2840663194656372,s034
0,-0.9387117028236389,s034
0,-1.260631799697876,s034
0,-3.498784303665161,s034
0,-0.8539481163024902,s034
0,-0.6784648299217224,s034
0,-1.8035337924957275,s034
0,-5.267996311187744,s034
0,-1.940083622932434,s034
0,-1.1964493989944458,s034
0,-0.9932861328125,s034
0,-2.615114688873291,s034
0,-13.433168411254883,s034
0,-3.770127296447754,s034
0,-0.6501752138137817,s034
0,-4.049070358276367,s034
0,-1.67328941822052,s034
0,-1.4404478073120117,s034
0,-4.9221696853637695,s034
0,-1.7227615118026733,s034
0,-2.163172721862793,s034
0,-0.23699262738227844,s034
0,-0.34839925169944763,s034
0,-0.15950261056423187,s034
0,-3.697496175765991,s034
0,-0.3135979175567627,s034
0,-0.3702952563762665,s034
0,-1.4167795181274414,s034
0,-1.1976532936096191,s034
0,-7.097088813781738,s034
0,-0.6047008037567139,s034
0,-0.9233680367469788,s034
0,-0.8111861348152161,s034
0,-1.0967247486114502,s034
0,-0.346204549074173,s034
0,-1.8212265968322754,s034
0,-1.926819086074829,s034
0,-0.3138259947299957,s034
0,-0.32588693499565125,s034
0,-0.8894830346107483,s034
0,-0.49474355578422546,s034
0,-0.455371230840683,s034
0,-1.4875061511993408,s034
0,-0.25221121311187744,s034
0,-0.5140755772590637,s034
0,-0.4887221157550812,s034
0,-1.03541898727417,s034
0,-0.9180505275726318,s034
0,-0.5967245697975159,s034
0,-0.8735939860343933,s034
0,-4.008089542388916,s034
0,-2.550584554672241,s034
0,-0.14795930683612823,s034
0,-1.2509582042694092,s034
0,-1.6379144191741943,s034
0,-3.2874608039855957,s034
0,-3.204474687576294,s034
0,-0.5032681822776794,s034
1,-1.0328211784362793,s035
1,-0.10056506097316742,s035
1,-0.2911854088306427,s035
1,-0.2792437672615051,s035
1,-0.7650998830795288,s035
1,-0.301728755235672,s035
1,-0.18874984979629517,s035
1,-0.5703957080841064,s035
1,-0.19023346900939941,s035
1,-0.5199565887451172,s035
1,-0.08187428116798401,s035
1,-0.41439738869667053,s035
1,-0.5062484741210938,s035
1,-1.231783390045166,s035
1,-0.26212555170059204,s035
1,-0.26864659786224365,s035
1,-0.8096151947975159,s035
1,-1.0265980958938599,s035
1,-0.22056803107261658,s035
1,-0.3233596384525299,s035
1,-0.24054330587387085,s035
1,-0.1626427173614502,s035
1,-0.3242150545120239,s035
1,-0.16147956252098083,s035
1,-0.07494282722473145,s035
1,-0.1957465261220932,s035
1,-1.0526973009109497,s035
1,-0.4230698347091675,s035
1,-0.24551939964294434,s035
1,-0.15041814744472504,s035
1,-0.8500781655311584,s035
1,-0.47246477007865906,s035
1,-0.5690626502037048,s035
1,-0.4253087639808655,s035
1,-0.43434059619903564,s035
1,-0.265079528093338,s035
1,-0.43728071451187134,s035
1,-0.4364413321018219,s035
1,-0.7188679575920105,s035
1,-0.23365479707717896,s035
1,-0.45136526226997375,s035
1,-0.5073123574256897,s035
1,-0.9353927969932556,s035
1,-0.28661879897117615,s035
1,-0.4897044003009796,s035
1,-0.27694299817085266,s035
1,-0.9104310274124146,s035
1,-0.31010791659355164,s035
1,-0.23433446884155273,s035
1,-0.05845433473587036,s035
1,-0.4226993918418884,s035
1,-8.372930526733398,s035
1,-0.24887602031230927,s035
1,-1.0552377700805664,s035
1,-1.4080417156219482,s035
1,-0.30159416794776917,s035
1,-0.4377356469631195,s035
1,-0.16561353206634521,s035
1,-0.4431406259536743,s035
1,-0.7218862175941467,s035
1,-0.21572844684123993,s035
1,-0.6500309705734253,s035
1,-0.3221989870071411,s035
1,-0.9047716856002808,s035
1,-0.1474195122718811,s035
1,-0.3238621950149536,s035
1,-0.20837900042533875,s035
1,-0.8584029674530029,s035
1,-0.7552106380462646,s035
1,-0.3993735909461975,s035
1,-0.16161979734897614,s035
1,-0.6423158645629883,s035
1,-0.43476569652557373,s035
1,-0.3908902108669281,s035
1,-0.22300928831100464,s035
1,-0.2747119665145874,s035
1,-0.3267796039581299,s035
1,-0.5122109055519104,s035
1,-0.4141080379486084,s035
1,-1.1585264205932617,s035
0,-1.8321164846420288,s035
0,-0.7399991750717163,s035
0,-8.883397102355957,s035
0,-1.1504817008972168,s035
0,-1.5825953483581543,s035
0,-2.3357441425323486,s035
0,-1.1870020627975464,s035
0,-0.8524266481399536,s035
0,-0.5770238637924194,s035
0,-0.6144339442253113,s035
0,-0.7095937132835388,s035
0,-2.4621591567993164,s035
0,-0.5312120914459229,s035
0,-2.115725517272949,s035
0,-0.5501959323883057,s035
0,-2.9271068572998047,s035
0,-5.3732781410217285,s035
0,-0.4913569688796997,s035
0,-1.0273642539978027,s035
0,-1.6333003044128418,s035
0,-4.006543159484863,s035
0,-0.3461308777332306,s035
0,-1.1852604150772095,s035
0,-2.6885647773742676,s035
0,-0.8019654750823975,s035
0,-7.09248685836792,s035
0,-1.5426530838012695,s035
0,-1.2364461421966553,s035
0,-0.4965887665748596,s035
0,-6.545357704162598,s035
0,-0.6285555362701416,s035
0,-0.5365768074989319,s035
0,-0.6682156920433044,s035
0,-6.163577079772949,s035
0,-6.635666847229004,s035
0,-5.449342727661133,s035
0,-0.8676556348800659,s035
0,-4.8167338371276855,s035
0,-0.2594226598739624,s035
0,-0.9934720993041992,s035
0,-1.3000704050064087,s035
0,-0.8397811651229858,s035
0,-1.5679374933242798,s035
0,-0.5634247064590454,s035
0,-1.0761723518371582,s035
0,-0.5059842467308044,s035
0,-0.6930972933769226,s035
0,-1.8702269792556763,s035
0,-1.3320555686950684,s035
0,-0.24643495678901672,s035
0,-2.5593795776367188,s035
0,-4.373040676116943,s035
0,-0.5027070045471191,s035
0,-1.3566203117370605,s035
0,-2.3850715160369873,s035
0,-3.342017889022827,s035
0,-0.9280145168304443,s035
0,-1.095037817955017,s035
0,-3.379319429397583,s035
0,-1.105724811553955,s035
0,-0.5959883332252502,s035
0,-1.0934950113296509,s035
0,-0.855306088924408,s035
0,-0.4210396707057953,s035
0,-0.5707366466522217,s035
0,-1.243563175201416,s035
0,-0.455678254365921,s035
0,-0.888422429561615,s035
0,-1.493815302848816,s035
0,-1.703542709350586,s035
0,-1.1106534004211426,s035
0,-1.8114176988601685,s035
0,-3.2689316272735596,s035
0,-3.119814872741699,s035
0,-1.2058124542236328,s035
0,-0.9853487014770508,s035
0,-0.4587961435317993,s035
0,-0.8771941065788269,s035
0,-0.9341434836387634,s035
0,-0.7931202054023743,s035
1,-0.25630924105644226,s036
1,-0.2547858655452728,s036
1,-0.11109458655118942,s036
1,-0.1711280345916748,s036
1,-0.48995304107666016,s036
1,-0.5924409031867981,s036
1,-0.26385483145713806,s036
1,-0.4974437355995178,s036
1,-0.3979998826980591,s036
1,-0.1592216044664383,s036
1,-3.7036561965942383,s036
1,-0.4687480330467224,s036
1,-0.17970788478851318,s036
1,-0.4441448450088501,s036
1,-0.9905307292938232,s036
1,-0.5158249139785767,s036
1,-0.3604491949081421,s036
1,-3.045248031616211,s036
1,-0.5952550172805786,s036
1,-0.21905876696109772,s036
1,-0.14988428354263306,s036
1,-0.5194161534309387,s036
1,-0.7329842448234558,s036
1,-0.45221641659736633,s036
1,-0.3269902765750885,s036
1,-0.3376885652542114,s036
1,-0.302986204624176,s036
1,-0.5092039108276367,s036
1,-0.24321883916854858,s036
1,-0.5152921080589294,s036
1,-0.364208459854126,s036
1,-0.21593458950519562,s036
1,-0.5868427753448486,s036
1,-0.46337583661079407,s036
1,-0.42434361577033997,s036
1,-0.693128228187561,s036
1,-0.2474488914012909,s036
1,-0.2805747091770172,s036
1,-0.2271084189414978,s036
1,-0.1876109540462494,s036
1,-0.34113672375679016,s036
1,-0.26834577322006226,s036
1,-0.7586774826049805,s036
1,-0.6840698719024658,s036
1,-0.298931360244751,s036
1,-0.6202457547187805,s036
1,-0.5629607439041138,s036
1,-0.29721638560295105,s036
1,-0.14382338523864746,s036
1,-2.037064790725708,s036
1,-0.3592402935028076,s036
1,-0.18769295513629913,s036
1,-0.3166998624801636,s036
1,-1.122934341430664,s036
1,-0.34184253215789795,s036
1,-0.4281821548938751,s036
1,-0.49325031042099,s036
1,-0.7155020833015442,s036
1,-0.6098355650901794,s036
1,-0.5341002941131592,s036
1,-0.24856390058994293,s036
1,-0.662626326084137,s036
1,-0.39243659377098083,s036
1,-0.3114250898361206,s036
1,-0.07279642671346664,s036
1,-1.0664498805999756,s036
1,-0.3507022559642792,s036
1,-0.1086411252617836,s036
1,-0.6102765798568726,s036
1,-0.4329426884651184,s036
1,-0.311166375875473,s036
1,-0.33312854170799255,s036
1,-0.6633872985839844,s036
1,-3.190397262573242,s036
1,-1.044872760772705,s036
1,-0.35756203532218933,s036
1,-0.2789856493473053,s036
1,-0.44401997327804565,s036
1,-0.1904672384262085,s036
1,-0.2882990837097168,s036
0,-45.22825622558594,s036
0,-58.53468704223633,s036
0,-22.757787704467773,s036
0,-34.33454513549805,s036
0,-32.06913375854492,s036
0,-55.48489761352539,s036
0,-22.652671813964844,s036
0,-29.903717041015625,s036
0,-20.99799156188965,s036
0,-20.247745513916016,s036
0,-26.262025833129883,s036
0,-47.51432418823242,s036
0,-28.38850975036621,s036
0,-17.869319915771484,s036
0,-22.49540901184082,s036
0,-63.36882019042969,s036
0,-63.58005905151367,s036
0,-34.176002502441406,s036
0,-3.759840726852417,s036
0,-41.151458740234375,s036
0,-25.074254989624023,s036
0,-20.406036376953125,s036
0,-33.1368522644043,s036
0,-67.97859191894531,s036
0,-39.923274993896484,s036
0,-112.97501373291016,s036
0,-46.57693099975586,s036
0,-43.899410247802734,s036
0,-14.402454376220703,s036
0,-124.83067321777344,s036
0,-6.35676908493042,s036
0,-19.690776824951172,s036
0,-22.76276397705078,s036
0,-117.72030639648438,s036
0,-55.26066589355469,s036
0,-100.93919372558594,s036
0,-31.25050163269043,s036
0,-145.65234375,s036
0,-12.872335433959961,s036
0,-11.690442085266113,s036
0,-6.006276607513428,s036
0,-29.520280838012695,s036
0,-33.73896408081055,s036
0,-31.29241180419922,s036
0,-31.769479751586914,s036
0,-37.54253005981445,s036
0,-9.078570365905762,s036
0,-43.1514778137207,s036
0,-34.322208404541016,s036
0,-12.701704025268555,s036
0,-55.03761672973633,s036
0,-29.89605712890625,s036
0,-31.78148078918457,s036
0,-21.521316528320312,s036
0,-75.59394073486328,s036
0,-77.60811614990234,s036
0,-27.42506980895996,s036
0,-10.438671112060547,s036
0,-79.3097915649414,s036
0,-51.47346115112305,s036
0,-34.112693786621094,s036
0,-19.80866241455078,s036
0,-30.58671760559082,s036
0,-24.03240203857422,s036
0,-19.17316246032715,s036
0,-43.522212982177734,s036
0,-26.957656860351562,s036
0,-50.3656005859375,s036
0,-18.82110595703125,s036
0,-43.02261734008789,s036
0,-27.98703956604004,s036
0,-45.97688293457031,s036
0,-59.14284133911133,s036
0,-42.053226470947266,s036
0,-40.81700134277344,s036
0,-27.497943878173828,s036
0,-11.296177864074707,s036
0,-6.033008575439453,s036
0,-9.172160148620605,s036
0,-44.54934310913086,s036
1,-0.2664785087108612,s037
1,-0.2548975944519043,s037
1,-0.8894907832145691,s037
1,-0.4362700283527374,s037
1,-0.3330478370189667,s037
1,-1.0982269048690796,s037
1,-0.2597457766532898,s037
1,-0.5680213570594788,s037
1,-0.3302978575229645,s037
1,-0.3670900762081146,s037
1,-0.8942015767097473,s037
1,-0.22238196432590485,s037
1,-0.6014766097068787,s037
1,-0.5476197004318237,s037
1,-0.4284745454788208,s037
1,-2.529465913772583,s037
1,-1.3746219873428345,s037
1,-4.137285232543945,s037
1,-0.5941363573074341,s037
1,-0.2852763831615448,s037
1,-0.29172787070274353,s037
1,-0.30877935886383057,s037
1,-0.6179999113082886,s037
1,-0.35950788855552673,s037
1,-3.266763210296631,s037
1,-2.4166910648345947,s037
1,-0.40612927079200745,s037
1,-0.5790833234786987,s037
1,-0.4530961215496063,s037
1,-0.42575156688690186,s037
1,-0.46905073523521423,s037
1,-0.5690144896507263,s037
1,-0.60874342918396,s037
1,-0.7582122683525085,s037
1,-0.7065710425376892,s037
1,-0.9077371954917908,s037
1,-0.2574521601200104,s037
1,-0.5618711709976196,s037
1,-0.5629539489746094,s037
1,-0.2181880623102188,s037
1,-0.3021176755428314,s037
1,-0.3748282194137573,s037
1,-8.411849975585938,s037
1,-0.25043076276779175,s037
1,-0.373620867729187,s037
1,-0.607744574546814,s037
1,-0.46505558490753174,s037
1,-0.4040786921977997,s037
1,-0.5662471652030945,s037
1,-0.48471716046333313,s037
1,-0.7200284600257874,s037
1,-0.2558261752128601,s037
1,-0.6806620955467224,s037
1,-0.08255141228437424,s037
1,-0.9234579801559448,s037
1,-0.22799378633499146,s037
1,-0.49568599462509155,s037
1,-0.36600983142852783,s037
1,-0.1586807668209076,s037
1,-3.2243237495422363,s037
1,-0.4756262004375458,s037
1,-0.3786700665950775,s037
1,-0.2270321547985077,s037
1,-0.045114666223526,s037
1,-0.6885277032852173,s037
1,-0.720731794834137,s037
1,-0.897248387336731,s037
1,-0.6673895120620728,s037
1,-0.404775470495224,s037
1,-0.44975295662879944,s037
1,-0.43201547861099243,s037
1,-0.13565027713775635,s037
1,-0.6738606691360474,s037
1,-0.15322086215019226,s037
1,-0.4602586328983307,s037
1,-0.4644278287887573,s037
1,-1.3535823822021484,s037
1,-0.556181013584137,s037
1,-0.15360985696315765,s037
1,-0.8469284772872925,s037
0,-1.6298341751098633,s037
0,-1.1926785707473755,s037
0,-0.6111419200897217,s037
0,-0.5975403785705566,s037
0,-1.65482759475708,s037
0,-1.0061544179916382,s037
0,-1.208936095237732,s037
0,-2.0272624492645264,s037
0,-0.482871413230896,s037
0,-0.4672795832157135,s037
0,-0.40333396196365356,s037
0,-1.4983431100845337,s037
0,-0.47535181045532227,s037
0,-2.302370548248291,s037
0,-0.7693343758583069,s037
0,-0.8080317974090576,s037
0,-3.1549489498138428,s037
0,-0.22515688836574554,s037
0,-5.129660606384277,s037
0,-0.8205703496932983,s037
0,-11.304070472717285,s037
0,-0.6215469837188721,s037
0,-0.9674327373504639,s037
0,-1.2608418464660645,s037
0,-0.7488368153572083,s037
0,-3.2567200660705566,s037
0,-0.680817723274231,s037
0,-0.370850533246994,s037
0,-2.1248672008514404,s037
0,-5.019896030426025,s037
0,-1.5867804288864136,s037
0,-0.7315678000450134,s037
0,-0.50934898853302,s037
0,-3.294275999069214,s037
0,-14.28634262084961,s037
0,-3.0558319091796875,s037
0,-1.3422969579696655,s037
0,-6.589844226837158,s037
0,-0.9170621037483215,s037
0,-1.383878231048584,s037
0,-5.417662143707275,s037
0,-0.9900120496749878,s037
0,-1.616034984588623,s037
0,-0.5200639963150024,s037
0,-0.8453434109687805,s037
0,-0.2964939773082733,s037
0,-3.7304933071136475,s037
0,-0.8188682794570923,s037
0,-0.8868836760520935,s037
0,-0.8260412812232971,s037
0,-0.8282992839813232,s037
0,-47.70566940307617,s037
0,-0.31363213062286377,s037
0,-1.4394749402999878,s037
0,-1.5844298601150513,s037
0,-2.3782055377960205,s037
0,-0.5961814522743225,s037
0,-1.7497220039367676,s037
0,-1.632657527923584,s037
0,-1.272678017616272,s037
0,-0.22520297765731812,s037
0,-1.0344913005828857,s037
0,-30.45438003540039,s037
0,-0.2244301438331604,s037
0,-0.7792590260505676,s037
0,-0.9085021615028381,s037
0,-0.33915257453918457,s037
0,-1.3580682277679443,s037
0,-2.045339345932007,s037
0,-0.6395518779754639,s037
0,-0.5889415740966797,s037
0,-1.0796990394592285,s037
0,-4.161677360534668,s037
0,-2.4407260417938232,s037
0,-0.3242488205432892,s037
0,-0.43534284830093384,s037
0,-0.9177303314208984,s037
0,-2.0306143760681152,s037
0,-3.851010322570801,s037
0,-0.3313601315021515,s037
1,-0.21116985380649567,s038
1,-0.7841528058052063,s038
1,-0.09684661030769348,s038
1,-0.4259914457798004,s038
1,-0.34865015745162964,s038
1,-0.26773372292518616,s038
1,-0.22958265244960785,s038
1,-1.2255375385284424,s038
1,-0.19787748157978058,s038
1,-0.6196394562721252,s038
1,-0.6958953142166138,s038
1,-0.15969377756118774,s038
1,-0.780771017074585,s038
1,-0.515384316444397,s038
1,-0.531911313533783,s038
1,-1.788777470588684,s038
1,-1.3760751485824585,s038
1,-3.7854063510894775,s038
1,-0.2523954510688782,s038
1,-0.8070458769798279,s038
1,-0.20106269419193268,s038
1,-0.6046117544174194,s038
1,-0.34419435262680054,s038
1,-0.2977638840675354,s038
1,-0.13844047486782074,s038
1,-0.7373920679092407,s038
1,-0.177357017993927,s038
1,-0.2596225142478943,s038
1,-0.5146605968475342,s038
1,-0.3487471044063568,s038
1,-0.36189356446266174,s038
1,-0.13336342573165894,s038
1,-0.28681933879852295,s038
1,-0.5100218057632446,s038
1,-0.32247069478034973,s038
1,-0.5000596642494202,s038
1,-0.40022456645965576,s038
1,-1.9921106100082397,s038
1,-0.8348567485809326,s038
1,-0.13044804334640503,s038
1,-0.2934415638446808,s038
1,-0.07533378154039383,s038
1,-4.993942737579346,s038
1,-0.3292437791824341,s038
1,-0.5973044037818909,s038
1,-0.2810353636741638,s038
1,-0.7212235331535339,s038
1,-0.9846845269203186,s038
1,-0.7860509753227234,s038
1,-0.1335609406232834,s038
1,-0.16447632014751434,s038
1,-0.3703441321849823,s038
1,-0.5314474105834961,s038
1,-0.3333645164966583,s038
1,-0.5266951322555542,s038
1,-0.5871585011482239,s038
1,-0.35249876976013184,s038
1,-0.4515611231327057,s038
1,-0.5818512439727783,s038
1,-0.20043736696243286,s038
1,-1.4256528615951538,s038
1,-0.5990658402442932,s038
1,-0.3101416826248169,s038
1,-0.34442222118377686,s038
1,-2.7739882469177246,s038
1,-0.2371484637260437,s038
1,-0.5768665075302124,s038
1,-0.48359420895576477,s038
1,-0.6312509179115295,s038
1,-0.19260700047016144,s038
1,-0.40304553508758545,s038
1,-0.30586087703704834,s038
1,-0.47471630573272705,s038
1,-1.7864775657653809,s038
1,-0.4201836884021759,s038
1,-0.47761234641075134,s038
1,-3.8981454372406006,s038
1,-0.21087975800037384,s038
1,-0.24009115993976593,s038
1,-0.07242277264595032,s038
0,-2.5869011878967285,s038
0,-1.6240111589431763,s038
0,-0.8692955374717712,s038
0,-1.4425069093704224,s038
0,-2.303656578063965,s038
0,-2.653541326522827,s038
0,-1.9933041334152222,s038
0,-1.6205581426620483,s038
0,-1.1667412519454956,s038
0,-0.8791662454605103,s038
0,-0.7502139806747437,s038
0,-3.2255990505218506,s038
0,-0.42508697509765625,s038
0,-4.046096324920654,s038
0,-0.8097789287567139,s038
0,-2.9171955585479736,s038
0,-4.091982841491699,s038
0,-0.5046595931053162,s038
0,-2.216911792755127,s038
0,-2.0922465324401855,s038
0,-4.997003555297852,s038
0,-0.40391528606414795,s038
0,-0.5664188861846924,s038
0,-3.252774715423584,s038
0,-1.2965863943099976,s038
0,-8.204806327819824,s038
0,-1.7827725410461426,s038
0,-1.331943392753601,s038
0,-0.5390365123748779,s038
0,-8.529790878295898,s038
0,-1.8106969594955444,s038
0,-0.6314594745635986,s038
0,-0.9023702144622803,s038
0,-6.774879455566406,s038
0,-11.249515533447266,s038
0,-6.454870223999023,s038
0,-1.9773246049880981,s038
0,-8.402822494506836,s038
0,-0.9218429923057556,s038
0,-2.151198387145996,s038
0,-3.0281505584716797,s038
0,-1.260063648223877,s038
0,-1.9843363761901855,s038
0,-1.1462864875793457,s038
0,-1.7416802644729614,s038
0,-0.6990116238594055,s038
0,-1.6597003936767578,s038
0,-2.1247780323028564,s038
0,-1.717482089996338,s038
0,-0.6280243396759033,s038
0,-2.2217559814453125,s038
0,-15.11734390258789,s038
0,-0.7434834241867065,s038
0,-2.2282915115356445,s038
0,-2.8894731998443604,s038
0,-4.084981918334961,s038
0,-1.505662441253662,s038
0,-2.3183250427246094,s038
0,-3.482846260070801,s038
0,-1.8664556741714478,s038
0,-0.7980502247810364,s038
0,-2.0405666828155518,s038
0,-15.18075180053711,s038
0,-0.741562008857727,s038
0,-0.8990405201911926,s038
0,-1.62930428981781,s038
0,-0.8186883330345154,s038
0,-1.8849290609359741,s038
0,-1.5634596347808838,s038
0,-1.1045335531234741,s038
0,-1.5256749391555786,s038
0,-1.3266526460647583,s038
0,-4.090404033660889,s038
0,-1.7762848138809204,s038
0,-1.2983907461166382,s038
0,-0.7708032131195068,s038
0,-1.145771861076355,s038
0,-2.5068552494049072,s038
0,-1.3774808645248413,s038
0,-0.9582751393318176,s038
1,-0.30806905031204224,s039
1,-0.26496946811676025,s039
1,-0.4571804404258728,s039
1,-1.2999893426895142,s039
1,-1.0830343961715698,s039
1,-0.2390844076871872,s039
1,-0.14002889394760132,s039
1,-0.15068094432353973,s039
1,-0.48787641525268555,s039
1,-0.9580800533294678,s039
1,-0.14281396567821503,s039
1,-0.294350266456604,s039
1,-0.21400411427021027,s039
1,-0.9033800959587097,s039
1,-0.2560305595397949,s039
1,-0.3432316184043884,s039
1,-2.4030280113220215,s039
1,-3.1559457778930664,s039
1,-0.17060095071792603,s039
1,-3.885645627975464,s039
1,-0.30307748913764954,s039
1,-0.5740811228752136,s039
1,-0.21745216846466064,s039
1,-0.1666439324617386,s039
1,-0.7533743381500244,s039
1,-1.8142528533935547,s039
1,-0.7318012118339539,s039
1,-0.19721683859825134,s039
1,-0.28856101632118225,s039
1,-0.4336532652378082,s039
1,-0.19670970737934113,s039
1,-2.3362350463867188,s039
1,-0.34485626220703125,s039
1,-0.16287800669670105,s039
1,-0.5733636617660522,s039
1,-1.3991894721984863,s039
1,-0.27934032678604126,s039
1,-0.21979299187660217,s039
1,-0.5028981566429138,s039
1,-0.31873226165771484,s039
1,-0.3299869894981384,s039
1,-1.6435400247573853,s039
1,-15.411904335021973,s039
1,-5.892197608947754,s039
1,-0.49194198846817017,s039
1,-0.6579492092132568,s039
1,-0.34573352336883545,s039
1,-0.1404147744178772,s039
1,-1.086582899093628,s039
1,-0.27519142627716064,s039
1,-0.4077921211719513,s039
1,-0.5806888341903687,s039
1,-0.6686009168624878,s039
1,-0.14444956183433533,s039
1,-0.4062269628047943,s039
1,-0.12648269534111023,s039
1,-0.5982953906059265,s039
1,-0.10567104816436768,s039
1,-0.3099096417427063,s039
1,-0.4132485091686249,s039
1,-1.3611482381820679,s039
1,-0.27982139587402344,s039
1,-0.566540002822876,s039
1,-0.23181363940238953,s039
1,-0.17015676200389862,s039
1,-0.23664826154708862,s039
1,-0.2891331613063812,s039
1,-0.5830001831054688,s039
1,-0.21157269179821014,s039
1,-0.309504896402359,s039
1,-0.8077565431594849,s039
1,-0.4747351109981537,s039
1,-0.7159470915794373,s039
1,-0.5724019408226013,s039
1,-0.43693456053733826,s039
1,-0.32040730118751526,s039
1,-0.7124003767967224,s039
1,-0.5611026287078857,s039
1,-0.18133500218391418,s039
1,-0.49660933017730713,s039
0,-2.80783748626709,s039
0,-2.1921141147613525,s039
0,-2.677927255630493,s039
0,-1.2147727012634277,s039
0,-2.878788471221924,s039
0,-2.3606061935424805,s039
0,-3.3961074352264404,s039
0,-1.4413654804229736,s039
0,-2.4577066898345947,s039
0,-2.0273611545562744,s039
0,-0.6130878925323486,s039
0,-2.9663870334625244,s039
0,-0.5360182523727417,s039
0,-6.668603420257568,s039
0,-2.115750551223755,s039
0,-2.9761900901794434,s039
0,-5.279584884643555,s039
0,-0.7262389659881592,s039
0,-6.6397809982299805,s039
0,-2.242682695388794,s039
0,-7.54813289642334,s039
0,-1.0560052394866943,s039
0,-0.912888765335083,s039
0,-3.2196524143218994,s039
0,-0.7273353934288025,s039
0,-10.512042045593262,s039
0,-0.7400984168052673,s039
0,-0.648833155632019,s039
0,-1.7230340242385864,s039
0,-12.92369270324707,s039
0,-5.864989757537842,s039
0,-1.1420905590057373,s039
0,-2.1903951168060303,s039
0,-10.89270305633545,s039
0,-13.373647689819336,s039
0,-7.277541160583496,s039
0,-3.4747579097747803,s039
0,-15.285161018371582,s039
0,-2.135930061340332,s039
0,-5.034727096557617,s039
0,-7.468070030212402,s039
0,-0.4112727642059326,s039
0,-0.9677132368087769,s039
0,-2.3615715503692627,s039
0,-2.3638980388641357,s039
0,-1.3736705780029297,s039
0,-3.8737967014312744,s039
0,-2.31931209564209,s039
0,-1.9044219255447388,s039
0,-2.5556325912475586,s039
0,-2.0902934074401855,s039
0,-36.938011169433594,s039
0,-0.538034200668335,s039
0,-3.575249195098877,s039
0,-4.206128120422363,s039
0,-5.430884838104248,s039
0,-2.4050378799438477,s039
0,-5.421395301818848,s039
0,-5.228485584259033,s039
0,-2.8700695037841797,s039
0,-0.7762386798858643,s039
0,-3.732936382293701,s039
0,-26.32185173034668,s039
0,-1.6265274286270142,s039
0,-1.1765817403793335,s039
0,-1.9125237464904785,s039
0,-1.9351128339767456,s039
0,-3.3871700763702393,s039
0,-4.223649978637695,s039
0,-1.0119744539260864,s039
0,-1.4067641496658325,s039
0,-3.295927047729492,s039
0,-4.127199172973633,s039
0,-3.4975690841674805,s039
0,-1.3800073862075806,s039
0,-1.339451789855957,s039
0,-3.088209390640259,s039
0,-5.706301689147949,s039
0,-5.157882213592529,s039
0,-0.6102908849716187,s039
1,-0.2870011031627655,s040
1,-0.6974488496780396,s040
1,-0.4598066508769989,s040
1,-0.18419891595840454,s040
1,-0.8147776126861572,s040
1,-0.4607684910297394,s040
1,-0.45782244205474854,s040
1,-0.39719903469085693,s040
1,-0.49511855840682983,s040
1,-0.2196647673845291,s040
1,-0.4430333077907562,s040
1,-0.18350249528884888,s040
1,-0.3251313865184784,s040
1,-0.7630182504653931,s040
1,-0.5170961022377014,s040
1,-1.2937766313552856,s040
1,-1.2962825298309326,s040
1,-2.9505858421325684,s040
1,-0.6867506504058838,s040
1,-0.9045577645301819,s040
1,-0.4803314805030823,s040
1,-0.5411000847816467,s040
1,-0.5249672532081604,s040
1,-0.8296966552734375,s040
1,-0.7945217490196228,s040
1,-2.9950778484344482,s040
1,-0.9182984232902527,s040
1,-0.9961486458778381,s040
1,-0.7800017595291138,s040
1,-0.5959646105766296,s040
1,-0.5756571292877197,s040
1,-0.6817052364349365,s040
1,-0.06576678156852722,s040
1,-0.5044877529144287,s040
1,-0.447795033454895,s040
1,-0.8351688981056213,s040
1,-0.6998249292373657,s040
1,-0.6677134037017822,s040
1,-0.6273945569992065,s040
1,-0.4708024561405182,s040
1,-0.16153456270694733,s040
1,-0.6416344046592712,s040
1,-5.611263275146484,s040
1,-0.2523978650569916,s040
1,-0.14008690416812897,s040
1,-0.15630480647087097,s040
1,-0.5587674379348755,s040
1,-0.4900178909301758,s040
1,-0.37918874621391296,s040
1,-0.8441182971000671,s040
1,-0.5612326860427856,s040
1,-0.6278167366981506,s040
1,-0.20630329847335815,s040
1,-0.2865027189254761,s040
1,-0.6199563145637512,s040
1,-0.439026802778244,s040
1,-0.16461020708084106,s040
1,-0.22463485598564148,s040
1,-0.3033849596977234,s040
1,-0.36661043763160706,s040
1,-0.19876863062381744,s040
1,-0.31334826350212097,s040
1,-0.22006504237651825,s040
1,-0.9139313101768494,s040
1,-1.583024501800537,s040
1,-0.4174952507019043,s040
1,-0.8323198556900024,s040
1,-0.37832343578338623,s040
1,-0.998063325881958,s040
1,-0.45414412021636963,s040
1,-0.4617536962032318,s040
1,-0.1701669842004776,s040
1,-0.4056847095489502,s040
1,-0.58207768201828,s040
1,-0.6365702748298645,s040
1,-0.8167864680290222,s040
1,-0.25492945313453674,s040
1,-0.30606940388679504,s040
1,-0.5379950404167175,s040
1,-1.3785041570663452,s040
0,-2.2786097526550293,s040
0,-1.3546684980392456,s040
0,-3.511937141418457,s040
0,-2.323704719543457,s040
0,-3.148874521255493,s040
0,-1.5769370794296265,s040
0,-3.6188583374023438,s040
0,-1.7866815328598022,s040
0,-3.3095858097076416,s040
0,-2.9960336685180664,s040
0,-2.1946170330047607,s040
0,-2.2262964248657227,s040
0,-1.8736817836761475,s040
0,-4.599194049835205,s040
0,-3.31604266166687,s040
0,-1.0865468978881836,s040
0,-1.1567955017089844,s040
0,-1.6905423402786255,s040
0,-4.815913200378418,s040
0,-2.1410491466522217,s040
0,-2.248609781265259,s040
0,-2.548196792602539,s040
0,-1.3294090032577515,s040
0,-1.2804630994796753,s040
0,-1.4947609901428223,s040
0,-1.0442348718643188,s040
0,-1.441685438156128,s040
0,-1.2941714525222778,s040
0,-2.5243961811065674,s040
0,-0.280436247587204,s040
0,-5.123785018920898,s040
0,-2.5629866123199463,s040
0,-3.2086565494537354,s040
0,-1.154639482498169,s040
0,-2.2357101440429688,s040
0,-0.23431825637817383,s040
0,-3.655231475830078,s040
0,-1.5012232065200806,s040
0,-3.5033352375030518,s040
0,-4.934085845947266,s040
0,-5.067563056945801,s040
0,-1.81654953956604,s040
0,-1.391283392906189,s040
0,-2.9080512523651123,s040
0,-2.66896653175354,s040
0,-1.7791943550109863,s040
0,-3.652506113052368,s040
0,-1.9494487047195435,s040
0,-2.550159215927124,s040
0,-3.5940616130828857,s040
0,-0.6205017566680908,s040
0,-11.192723274230957,s040
0,-2.112384080886841,s040
0,-3.7436599731445312,s040
0,-1.1324418783187866,s040
0,-1.6691352128982544,s040
0,-2.92472243309021,s040
0,-5.352540493011475,s040
0,-1.8495559692382812,s040
0,-2.036971092224121,s040
0,-2.0453481674194336,s040
0,-3.6789751052856445,s040
0,-9.21628475189209,s040
0,-2.664485216140747,s040
0,-2.817047119140625,s040
0,-2.117112159729004,s040
0,-2.6526355743408203,s040
0,-2.3379342555999756,s040
0,-3.387770175933838,s040
0,-0.9207190275192261,s040
0,-2.698535203933716,s040
0,-1.646735668182373,s040
0,-0.535559356212616,s040
0,-1.5291125774383545,s040
0,-1.774222493171692,s040
0,-2.0765185356140137,s040
0,-4.063313961029053,s040
0,-5.584395885467529,s040
0,-3.9071290493011475,s040
0,-1.3428727388381958,s040
1,-0.2454271912574768,s041
1,-0.666818380355835,s041
1,-0.2990432381629944,s041
1,-0.20060813426971436,s041
1,-0.19435067474842072,s041
1,-0.25187140703201294,s041
1,-1.1419185400009155,s041
1,-0.1391863226890564,s041
1,-0.12394065409898758,s041
1,-0.11411746591329575,s041
1,-0.3001768887042999,s041
1,-0.8203642964363098,s041
1,-0.08328157663345337,s041
1,-0.33644628524780273,s041
1,-0.5192297101020813,s041
1,-0.2678229510784149,s041
1,-4.0851664543151855,s041
1,-1.0812630653381348,s041
1,-0.3672318458557129,s041
1,-0.45302799344062805,s041
1,-0.19999553263187408,s041
1,-1.2339301109313965,s041
1,-0.15851536393165588,s041
1,-0.5622649788856506,s041
1,-0.4685544967651367,s041
1,-5.117721080780029,s041
1,-0.2553688585758209,s041
1,-0.511080265045166,s041
1,-0.3789876103401184,s041
1,-0.988993227481842,s041
1,-1.674667477607727,s041
1,-0.3176057040691376,s041
1,-0.5947604775428772,s041
1,-0.45159265398979187,s041
1,-0.2720937728881836,s041
1,-0.379052072763443,s041
1,-1.3052260875701904,s041
1,-0.4187702238559723,s041
1,-0.195205420255661,s041
1,-0.6772210597991943,s041
1,-0.5053651928901672,s041
1,-0.12029770016670227,s041
1,-0.7816881537437439,s041
1,-1.218665599822998,s041
1,-0.6443933248519897,s041
1,-0.6793019771575928,s041
1,-0.319067120552063,s041
1,-0.5101580619812012,s041
1,-2.3392350673675537,s041
1,-0.2413022816181183,s041
1,-0.196864515542984,s041
1,-0.18514879047870636,s041
1,-0.13468526303768158,s041
1,-0.8501251339912415,s041
1,-0.16219943761825562,s041
1,-0.3755422830581665,s041
1,-0.16466054320335388,s041
1,-0.2962358593940735,s041
1,-0.45451265573501587,s041
1,-0.23074930906295776,s041
1,-0.6364997029304504,s041
1,-0.27978143095970154,s041
1,-0.07634846121072769,s041
1,-0.6236827373504639,s041
1,-1.1837849617004395,s041
1,-0.38696491718292236,s041
1,-0.25991716980934143,s041
1,-0.6268484592437744,s041
1,-0.16398580372333527,s041
1,-0.17066434025764465,s041
1,-0.12719367444515228,s041
1,-1.0881565809249878,s041
1,-0.18011926114559174,s041
1,-0.40433087944984436,s041
1,-0.21035656332969666,s041
1,-0.8314142823219299,s041
1,-0.1974894106388092,s041
1,-0.19034795463085175,s041
1,-0.17497536540031433,s041
1,-0.18061961233615875,s041
0,-2.765059471130371,s041
0,-1.7038429975509644,s041
0,-3.774465799331665,s041
0,-2.7794084548950195,s041
0,-3.689772605895996,s041
0,-1.8261828422546387,s041
0,-4.133788585662842,s041
0,-2.7268786430358887,s041
0,-3.902881622314453,s041
0,-3.7282650470733643,s041
0,-2.9793646335601807,s041
0,-2.5917234420776367,s041
0,-2.7249910831451416,s041
0,-5.382879734039307,s041
0,-4.152761459350586,s041
0,-1.2547680139541626,s041
0,-2.370635509490967,s041
0,-2.3937127590179443,s041
0,-6.010340690612793,s041
0,-2.560101270675659,s041
0,-5.636868953704834,s041
0,-3.4004170894622803,s041
0,-2.3395941257476807,s041
0,-1.2691987752914429,s041
0,-2.0704121589660645,s041
0,-1.3237642049789429,s041
0,-1.8321385383605957,s041
0,-1.9007208347320557,s041
0,-3.791354179382324,s041
0,-0.7830191850662231,s041
0,-5.747716426849365,s041
0,-3.617521047592163,s041
0,-3.7986154556274414,s041
0,-0.41117849946022034,s041
0,-5.746143341064453,s041
0,-0.5413559675216675,s041
0,-3.7774658203125,s041
0,-0.529747486114502,s041
0,-4.44027853012085,s041
0,-5.302584171295166,s041
0,-6.009878158569336,s041
0,-2.756174325942993,s041
0,-2.3645029067993164,s041
0,-3.2169625759124756,s041
0,-3.3195481300354004,s041
0,-2.422440528869629,s041
0,-4.851728916168213,s041
0,-2.427539348602295,s041
0,-3.0701076984405518,s041
0,-4.436988353729248,s041
0,-1.318001389503479,s041
0,-22.774280548095703,s041
0,-2.7607250213623047,s041
0,-4.38035774230957,s041
0,-1.2610539197921753,s041
0,-1.4392800331115723,s041
0,-3.464582920074463,s041
0,-5.711479663848877,s041
0,-2.6264162063598633,s041
0,-2.2581725120544434,s041
0,-2.5667450428009033,s041
0,-4.261656761169434,s041
0,-14.686298370361328,s041
0,-3.305417060852051,s041
0,-3.6863620281219482,s041
0,-2.581606388092041,s041
0,-3.254213333129883,s041
0,-2.5317046642303467,s041
0,-4.570746421813965,s041
0,-1.8226598501205444,s041
0,-3.3022584915161133,s041
0,-2.325129508972168,s041
0,-1.9869719743728638,s041
0,-3.0581395626068115,s041
0,-2.333287239074707,s041
0,-2.9149394035339355,s041
0,-4.738829135894775,s041
0,-6.1287312507629395,s041
0,-5.022404193878174,s041
0,-1.8695842027664185,s041
1,-0.44269827008247375,s042
1,-0.5136024355888367,s042
1,-0.5600388050079346,s042
1,-0.2621038854122162,s042
1,-0.4260951578617096,s042
1,-0.28294825553894043,s042
1,-0.2104104459285736,s042
1,-0.38937804102897644,s042
1,-0.4141899347305298,s042
1,-0.2526061534881592,s042
1,-0.15129555761814117,s042
1,-0.20813985168933868,s042
1,-0.34157103300094604,s042
1,-0.38809674978256226,s042
1,-1.2077598571777344,s042
1,-0.1614823043346405,s042
1,-0.9093809127807617,s042
1,-12.41686725616455,s042
1,-0.40078863501548767,s042
1,-0.5168179273605347,s042
1,-0.21557530760765076,s042
1,-0.2158675193786621,s042
1,-0.23279190063476562,s042
1,-0.9054439067840576,s042
1,-0.5988664031028748,s042
1,-2.0075910091400146,s042
1,-0.35837680101394653,s042
1,-0.2435893416404724,s042
1,-0.13322678208351135,s042
1,-0.9511044025421143,s042
1,-0.566152036190033,s042
1,-0.6498082280158997,s042
1,-0.11630333960056305,s042
1,-0.3247726857662201,s042
1,-0.48861443996429443,s042
1,-0.6780889630317688,s042
1,-0.23855073750019073,s042
1,-0.20938357710838318,s042
1,-0.3317663371562958,s042
1,-0.7798042297363281,s042
1,-0.3085302710533142,s042
1,-0.09900181740522385,s042
1,-11.138813972473145,s042
1,-0.14135020971298218,s042
1,-0.32825997471809387,s042
1,-0.27883750200271606,s042
1,-0.2616734504699707,s042
1,-0.7648890614509583,s042
1,-0.4219953417778015,s042
1,-0.19402916729450226,s042
1,-0.5028931498527527,s042
1,-0.04370608925819397,s042
1,-0.44229909777641296,s042
1,-0.5923703908920288,s042
1,-0.3930826783180237,s042
1,-0.4357098937034607,s042
1,-0.08274643868207932,s042
1,-0.6148955821990967,s042
1,-0.8638975620269775,s042
1,-0.18300066888332367,s042
1,-0.18352490663528442,s042
1,-0.42553356289863586,s042
1,-0.3415995240211487,s042
1,-0.7361195087432861,s042
1,-0.1418500691652298,s042
1,-0.5341860055923462,s042
1,-0.5167328715324402,s042
1,-0.31407827138900757,s042
1,-0.7428677082061768,s042
1,-0.3623234033584595,s042
1,-0.6096270680427551,s042
1,-1.0976861715316772,s042
1,-0.5466837286949158,s042
1,-0.9875380992889404,s042
1,-0.23595206439495087,s042
1,-0.9241267442703247,s042
1,-0.4671974778175354,s042
1,-0.5865078568458557,s042
1,-0.4294772744178772,s042
1,-3.830681800842285,s042
0,-4.414463520050049,s042
0,-12.247748374938965,s042
0,-1.0934478044509888,s042
0,-2.342001438140869,s042
0,-4.4430832862854,s042
0,-3.5185916423797607,s042
0,-3.521073341369629,s042
0,-0.804884672164917,s042
0,-2.060098171234131,s042
0,-1.9926100969314575,s042
0,-1.04069185256958,s042
0,-4.410072326660156,s042
0,-0.4766765236854553,s042
0,-5.346694469451904,s042
0,-0.8093123435974121,s042
0,-3.593679666519165,s042
0,-10.151021957397461,s042
0,-0.8495029211044312,s042
0,-3.2560606002807617,s042
0,-3.053412675857544,s042
0,-3.5109128952026367,s042
0,-0.6402897238731384,s042
0,-1.8439971208572388,s042
0,-3.7558512687683105,s042
0,-0.468720018863678,s042
0,-2.8328943252563477,s042
0,-1.8502508401870728,s042
0,-1.4261735677719116,s042
0,-1.553555965423584,s042
0,-6.7752299308776855,s042
0,-2.4316861629486084,s042
0,-1.0075907707214355,s042
0,-0.7786091566085815,s042
0,-7.692769527435303,s042
0,-15.212319374084473,s042
0,-5.33507776260376,s042
0,-2.5956263542175293,s042
0,-7.460842609405518,s042
0,-1.06180739402771,s042
0,-3.18727970123291,s042
0,-3.4925131797790527,s042
0,-0.7783455848693848,s042
0,-1.7102688550949097,s042
0,-1.7400544881820679,s042
0,-2.9050920009613037,s042
0,-0.9274899363517761,s042
0,-2.085048198699951,s042
0,-3.36806321144104,s042
0,-3.143627882003784,s042
0,-1.1187827587127686,s042
0,-2.548206329345703,s042
0,-51.4837760925293,s042
0,-0.8489880561828613,s042
0,-3.9405899047851562,s042
0,-2.7862606048583984,s042
0,-5.559074401855469,s042
0,-2.56009840965271,s042
0,-3.605954885482788,s042
0,-1.0848630666732788,s042
0,-2.3490099906921387,s042
0,-1.1693036556243896,s042
0,-2.919004440307617,s042
0,-27.55229377746582,s042
0,-1.256664514541626,s042
0,-1.0939195156097412,s042
0,-3.0303092002868652,s042
0,-1.1056475639343262,s042
0,-1.5364842414855957,s042
0,-4.308778285980225,s042
0,-2.328458070755005,s042
0,-2.3742575645446777,s042
0,-3.1477789878845215,s042
0,-3.625478982925415,s042
0,-6.5826616287231445,s042
0,-2.127284526824951,s042
0,-1.6941331624984741,s042
0,-1.6374757289886475,s042
0,-2.6452269554138184,s042
0,-2.9602839946746826,s042
0,-0.8956969380378723,s042
1,-0.6136510968208313,s043
1,-0.9110164642333984,s043
1,-1.0746979713439941,s043
1,-0.18107262253761292,s043
1,-0.8002023696899414,s043
1,-0.2617315351963043,s043
1,-0.5914630889892578,s043
1,-0.4341150224208832,s043
1,-0.28338462114334106,s043
1,-0.525547981262207,s043
1,-0.2631155252456665,s043
1,-0.19074541330337524,s043
1,-0.19241440296173096,s043
1,-0.7180724740028381,s043
1,-0.4771159589290619,s043
1,-1.0491890907287598,s043
1,-1.7384943962097168,s043
1,-8.074776649475098,s043
1,-0.22101235389709473,s043
1,-0.975062370300293,s043
1,-0.1085541769862175,s043
1,-0.5499483346939087,s043
1,-0.4532504677772522,s043
1,-0.3789413869380951,s043
1,-0.9379099607467651,s043
1,-1.9994055032730103,s043
1,-0.40737417340278625,s043
1,-0.39917081594467163,s043
1,-0.20503468811511993,s043
1,-0.5416846871376038,s043
1,-0.9208172559738159,s043
1,-0.7365258932113647,s043
1,-0.4892190396785736,s043
1,-0.4452686309814453,s043
1,-0.5374377965927124,s043
1,-0.587512731552124,s043
1,-0.4173750877380371,s043
1,-0.6455547213554382,s043
1,-0.3253120183944702,s043
1,-0.7801184058189392,s043
1,-0.7800963521003723,s043
1,-1.4806032180786133,s043
1,-0.5651314854621887,s043
1,-0.536247193813324,s043
1,-0.4063703119754791,s043
1,-0.25364255905151367,s043
1,-0.34174901247024536,s043
1,-0.5032469034194946,s043
1,-3.7792837619781494,s043
1,-0.8669137358665466,s043
1,-0.506965696811676,s043
1,-0.17965847253799438,s043
1,-0.5490123629570007,s043
1,-0.651330292224884,s043
1,-1.2484830617904663,s043
1,-0.5011770725250244,s043
1,-0.7964653968811035,s043
1,-0.4117399752140045,s043
1,-0.3192552924156189,s043
1,-0.5581689476966858,s043
1,-0.5046163201332092,s043
1,-0.7680940628051758,s043
1,-0.6476478576660156,s043
1,-0.507354736328125,s043
1,-0.5751895308494568,s043
1,-0.38840097188949585,s043
1,-0.38599228858947754,s043
1,-0.8413763642311096,s043
1,-0.8136593699455261,s043
1,-1.0178189277648926,s043
1,-0.34324076771736145,s043
1,-0.9671432971954346,s043
1,-0.23323702812194824,s043
1,-1.624537467956543,s043
1,-0.21207980811595917,s043
1,-0.2522600293159485,s043
1,-0.6532109379768372,s043
1,-0.6766750812530518,s043
1,-0.32723960280418396,s043
1,-1.2813383340835571,s043
0,-15.131698608398438,s043
0,-71.02777862548828,s043
0,-4.401702404022217,s043
0,-11.199499130249023,s043
0,-11.6100492477417,s043
0,-18.383686065673828,s043
0,-7.266796588897705,s043
0,-4.561675071716309,s043
0,-6.2260565757751465,s043
0,-5.390233993530273,s043
0,-7.064484596252441,s043
0,-16.753633499145508,s043
0,-5.891260147094727,s043
0,-7.422586441040039,s043
0,-2.2010927200317383,s043
0,-21.930301666259766,s043
0,-20.301340103149414,s043
0,-9.282763481140137,s043
0,-0.6803073287010193,s043
0,-14.423938751220703,s043
0,-25.92908477783203,s043
0,-4.249577522277832,s043
0,-8.198740005493164,s043
0,-24.138416290283203,s043
0,-8.626132011413574,s043
0,-21.028675079345703,s043
0,-14.795120239257812,s043
0,-13.747573852539062,s043
0,-2.278958320617676,s043
0,-39.85208511352539,s043
0,-2.636847496032715,s043
0,-4.99682092666626,s043
0,-3.452676773071289,s043
0,-42.15861892700195,s043
0,-13.413046836853027,s043
0,-31.54259490966797,s043
0,-8.260894775390625,s043
0,-50.340484619140625,s043
0,-2.7802977561950684,s043
0,-4.546621322631836,s043
0,-6.473893642425537,s043
0,-7.472553730010986,s043
0,-9.097457885742188,s043
0,-7.834469318389893,s043
0,-9.913735389709473,s043
0,-9.082813262939453,s043
0,-10.624943733215332,s043
0,-14.178735733032227,s043
0,-11.02010440826416,s043
0,-2.719277858734131,s043
0,-18.258554458618164,s043
0,-7.468758583068848,s043
0,-8.50533676147461,s043
0,-7.615078449249268,s043
0,-21.56847381591797,s043
0,-26.407955169677734,s043
0,-8.525327682495117,s043
0,-4.322503089904785,s043
0,-8.87106704711914,s043
0,-14.576290130615234,s043
0,-9.755085945129395,s043
0,-6.811239719390869,s043
0,-5.365078449249268,s043
0,-6.498937606811523,s043
0,-4.978592395782471,s043
0,-12.555047988891602,s043
0,-6.09044075012207,s043
0,-11.3589506149292,s043
0,-4.482855796813965,s043
0,-11.935585975646973,s043
0,-9.308993339538574,s043
0,-11.972211837768555,s043
0,-16.57973861694336,s043
0,-10.637639999389648,s043
0,-11.645926475524902,s043
0,-7.091212272644043,s043
0,-3.2271125316619873,s043
0,-2.1084022521972656,s043
0,-0.6038612127304077,s043
0,-11.54343032836914,s043
1,-0.26989662647247314,s044
1,-0.32048213481903076,s044
1,-0.1813754290342331,s044
1,-0.5944492220878601,s044
1,-0.16815058887004852,s044
1,-0.2924913167953491,s044
1,-0.4344339072704315,s044
1,-0.5953896045684814,s044
1,-0.37980926036834717,s044
1,-0.2576960325241089,s044
1,-0.317640095949173,s044
1,-0.13283281028270721,s044
1,-1.396766185760498,s044
1,-1.438347578048706,s044
1,-0.6071460247039795,s044
1,-0.3208313584327698,s044
1,-0.30729585886001587,s044
1,-4.790565490722656,s044
1,-1.6936625242233276,s044
1,-0.5166951417922974,s044
1,-0.316638708114624,s044
1,-0.4210450053215027,s044
1,-0.34412330389022827,s044
1,-0.6870432496070862,s044
1,-0.19749665260314941,s044
1,-1.3797106742858887,s044
1,-0.4374510645866394,s044
1,-0.7370390892028809,s044
1,-0.8357930779457092,s044
1,-1.102669358253479,s044
1,-0.27999427914619446,s044
1,-0.6132832169532776,s044
1,-0.610600471496582,s044
1,-0.3686639070510864,s044
1,-0.42126357555389404,s044
1,-0.24813948571681976,s044
1,-0.26017534732818604,s044
1,-0.31943491101264954,s044
1,-0.8630508184432983,s044
1,-0.301120400428772,s044
1,-1.396207332611084,s044
1,-0.17857986688613892,s044
1,-0.3657950162887573,s044
1,-0.3949725925922394,s044
1,-0.4108097553253174,s044
1,-0.7930136322975159,s044
1,-0.7877430319786072,s044
1,-0.5426971316337585,s044
1,-0.5426652431488037,s044
1,-0.16244524717330933,s044
1,-0.15666407346725464,s044
1,-0.5618183612823486,s044
1,-0.769896388053894,s044
1,-0.23644021153450012,s044
1,-0.20143090188503265,s044
1,-0.3136902451515198,s044
1,-0.6180027723312378,s044
1,-0.11649145185947418,s044
1,-0.8632113337516785,s044
1,-0.41648125648498535,s044
1,-0.4593676030635834,s044
1,-0.26971855759620667,s044
1,-0.49914681911468506,s044
1,-1.3981379270553589,s044
1,-1.0909371376037598,s044
1,-1.3818907737731934,s044
1,-0.2882040739059448,s044
1,-0.42868512868881226,s044
1,-0.5476853251457214,s044
1,-0.4606674015522003,s044
1,-0.5145628452301025,s044
1,-0.810515284538269,s044
1,-0.44164860248565674,s044
1,-0.21158330142498016,s044
1,-0.45124101638793945,s044
1,-2.8138606548309326,s044
1,-0.32940196990966797,s044
1,-0.892059862613678,s044
1,-0.4468625485897064,s044
1,-0.27241477370262146,s044
0,-9.886707305908203,s044
0,-50.62635803222656,s044
0,-2.35477876663208,s044
0,-6.627103805541992,s044
0,-6.8958001136779785,s044
0,-12.234835624694824,s044
0,-4.351609230041504,s044
0,-2.990065574645996,s044
0,-3.298131227493286,s044
0,-2.801302909851074,s044
0,-3.9642748832702637,s044
0,-11.337441444396973,s044
0,-3.422628164291382,s044
0,-4.901918411254883,s044
0,-0.7240107655525208,s044
0,-14.499547004699707,s044
0,-14.807559967041016,s044
0,-5.355721950531006,s044
0,-0.36502721905708313,s044
0,-9.262578964233398,s044
0,-17.56327247619629,s044
0,-2.086702585220337,s044
0,-5.07181978225708,s044
0,-15.61456298828125,s044
0,-5.357442378997803,s044
0,-13.672057151794434,s044
0,-9.043293952941895,s044
0,-8.28115177154541,s044
0,-1.1997835636138916,s044
0,-28.54841423034668,s044
0,-1.112013339996338,s044
0,-2.578014373779297,s044
0,-1.5921298265457153,s044
0,-29.485212326049805,s044
0,-12.37266731262207,s044
0,-22.322460174560547,s044
0,-4.783341407775879,s044
0,-34.82129669189453,s044
0,-0.9574687480926514,s044
0,-2.044278621673584,s044
0,-4.064458847045898,s044
0,-4.179008483886719,s044
0,-5.894596576690674,s044
0,-4.414454460144043,s044
0,-6.028905868530273,s044
0,-5.547130584716797,s044
0,-6.870197772979736,s044
0,-9.328608512878418,s044
0,-6.722459316253662,s044
0,-1.0289517641067505,s044
0,-12.173760414123535,s044
0,-5.740739822387695,s044
0,-4.721699237823486,s044
0,-4.549138069152832,s044
0,-14.909744262695312,s044
0,-18.016550064086914,s044
0,-4.992494106292725,s044
0,-1.8421168327331543,s044
0,-5.074108123779297,s044
0,-9.1941556930542,s044
0,-5.565108299255371,s044
0,-4.106664657592773,s044
0,-5.021885871887207,s044
0,-3.4930717945098877,s044
0,-2.4375011920928955,s044
0,-7.770383834838867,s044
0,-3.4257349967956543,s044
0,-7.48903751373291,s044
0,-2.619436502456665,s044
0,-7.750694274902344,s044
0,-5.438787460327148,s044
0,-8.15404987335205,s044
0,-11.417927742004395,s044
0,-7.624800682067871,s044
0,-7.403359413146973,s044
0,-4.451935768127441,s044
0,-1.2400084733963013,s044
0,-0.798792839050293,s044
0,-2.3769679069519043,s044
0,-6.91886568069458,s044
1,-0.20478986203670502,s046
1,-0.7524246573448181,s046
1,-0.4938117265701294,s046
1,-0.7847288846969604,s046
1,-0.3497958183288574,s046
1,-0.47980615496635437,s046
1,-0.3828122615814209,s046
1,-0.966691255569458,s046
1,-0.8235960602760315,s046
1,-0.2178615927696228,s046
1,-4.760734558105469,s046
1,-0.49199262261390686,s046
1,-0.2880401015281677,s046
1,-0.7063519954681396,s046
1,-0.3538397550582886,s046
1,-0.3311639726161957,s046
1,-0.6504777073860168,s046
1,-4.1152424812316895,s046
1,-2.1148219108581543,s046
1,-4.926477432250977,s046
1,-0.5916129946708679,s046
1,-0.4761515259742737,s046
1,-1.0949598550796509,s046
1,-0.673721432685852,s046
1,-0.21376082301139832,s046
1,-1.665626049041748,s046
1,-0.3986888527870178,s046
1,-0.4962945580482483,s046
1,-0.9813395738601685,s046
1,-1.0239540338516235,s046
1,-0.44072842597961426,s046
1,-0.7854102849960327,s046
1,-0.5889890789985657,s046
1,-0.6768648624420166,s046
1,-0.10867515206336975,s046
1,-0.4294947683811188,s046
1,-0.2553023099899292,s046
1,-0.1530473530292511,s046
1,-0.5388333201408386,s046
1,-0.29606831073760986,s046
1,-0.45736202597618103,s046
1,-0.7935765981674194,s046
1,-1.1305065155029297,s046
1,-0.2255992591381073,s046
1,-0.2927309274673462,s046
1,-0.3615628182888031,s046
1,-0.24116675555706024,s046
1,-0.11513343453407288,s046
1,-0.6165891885757446,s046
1,-2.0959503650665283,s046
1,-0.2394988238811493,s046
1,-0.4068802297115326,s046
1,-1.8664357662200928,s046
1,-3.6993894577026367,s046
1,-0.33617112040519714,s046
1,-0.3054075241088867,s046
1,-0.6169423460960388,s046
1,-0.4510290324687958,s046
1,-1.0258485078811646,s046
1,-0.21660734713077545,s046
1,-0.446106493473053,s046
1,-0.2744966447353363,s046
1,-0.44060859084129333,s046
1,-0.2354133129119873,s046
1,-0.27650877833366394,s046
1,-0.7868058085441589,s046
1,-0.14306946098804474,s046
1,-0.4240196645259857,s046
1,-1.0849863290786743,s046
1,-0.14546579122543335,s046
1,-0.1600695699453354,s046
1,-0.4588327407836914,s046
1,-0.3535219728946686,s046
1,-0.9615357518196106,s046
1,-0.20102559030056,s046
1,-0.4229440689086914,s046
1,-1.3764257431030273,s046
1,-0.6137513518333435,s046
1,-0.200718492269516,s046
1,-1.8401018381118774,s046
0,-1.5943037271499634,s046
0,-7.821201801300049,s046
0,-1.1721659898757935,s046
0,-0.9984772801399231,s046
0,-1.783003330230713,s046
0,-1.2698969841003418,s046
0,-1.6748735904693604,s046
0,-0.3224868178367615,s046
0,-1.045217752456665,s046
0,-0.9170424938201904,s046
0,-0.4577271044254303,s046
0,-1.5481475591659546,s046
0,-0.3401491343975067,s046
0,-2.2845652103424072,s046
0,-0.8313910365104675,s046
0,-1.1016871929168701,s046
0,-2.625114679336548,s046
0,-0.34193071722984314,s046
0,-2.6189563274383545,s046
0,-1.1398060321807861,s046
0,-1.1001259088516235,s046
0,-0.5487960577011108,s046
0,-0.5222395062446594,s046
0,-1.3320844173431396,s046
0,-0.35193583369255066,s046
0,-0.666581928730011,s046
0,-0.6178621649742126,s046
0,-1.9000765085220337,s046
0,-0.7610985636711121,s046
0,-3.379132032394409,s046
0,-2.062364339828491,s046
0,-0.6189172863960266,s046
0,-0.7614191174507141,s046
0,-3.507620334625244,s046
0,-4.524581432342529,s046
0,-2.1824593544006348,s046
0,-1.7641178369522095,s046
0,-4.939519882202148,s046
0,-1.0007705688476562,s046
0,-1.94365394115448,s046
0,-0.8379099369049072,s046
0,-1.7192766666412354,s046
0,-0.27106398344039917,s046
0,-1.0984269380569458,s046
0,-1.297529697418213,s046
0,-0.6299703121185303,s046
0,-0.6543905735015869,s046
0,-1.0538244247436523,s046
0,-1.2161693572998047,s046
0,-1.0699288845062256,s046
0,-0.6909209489822388,s046
0,-18.065963745117188,s046
0,-0.5207754969596863,s046
0,-1.7941875457763672,s046
0,-1.6416043043136597,s046
0,-2.1562254428863525,s046
0,-1.135969638824463,s046
0,-2.3164308071136475,s046
0,-0.3947334885597229,s046
0,-1.486828088760376,s046
0,-0.6249468922615051,s046
0,-1.5190221071243286,s046
0,-12.745132446289062,s046
0,-0.62333083152771,s046
0,-0.7264673709869385,s046
0,-1.1715105772018433,s046
0,-0.7703705430030823,s046
0,-1.505024790763855,s046
0,-1.9088510274887085,s046
0,-0.502865731716156,s046
0,-1.0221257209777832,s046
0,-1.31648588180542,s046
0,-0.7251899242401123,s046
0,-1.8764441013336182,s046
0,-0.7581557631492615,s046
0,-0.6273678541183472,s046
0,-1.4507960081100464,s046
0,-2.5656704902648926,s046
0,-5.098593711853027,s046
0,-0.39577531814575195,s046
1,-1.0008111000061035,s047
1,-0.21242453157901764,s047
1,-0.3738943636417389,s047
1,-0.8119944334030151,s047
1,-1.836678385734558,s047
1,-0.12074172496795654,s047
1,-0.36039218306541443,s047
1,-1.291097640991211,s047
1,-0.4421839118003845,s047
1,-0.0759342834353447,s047
1,-2.1943273544311523,s047
1,-0.16828195750713348,s047
1,-0.554701566696167,s047
1,-0.22620254755020142,s047
1,-0.6762537360191345,s047
1,-0.6114394664764404,s047
1,-0.3833780884742737,s047
1,-5.1029052734375,s047
1,-0.4699104130268097,s047
1,-0.258792519569397,s047
1,-0.16090364754199982,s047
1,-4.987247943878174,s047
1,-0.4894009232521057,s047
1,-1.3715606927871704,s047
1,-0.5788314342498779,s047
1,-0.6522994637489319,s047
1,-0.4232007563114166,s047
1,-0.2150384485721588,s047
1,-0.6424857378005981,s047
1,-0.6614289283752441,s047
1,-0.7055346369743347,s047
1,-0.30766281485557556,s047
1,-0.3342489004135132,s047
1,-0.2132820188999176,s047
1,-0.5960349440574646,s047
1,-0.5097047090530396,s047
1,-0.1912134289741516,s047
1,-0.7268835306167603,s047
1,-0.6397867798805237,s047
1,-0.5354012250900269,s047
1,-0.48646122217178345,s047
1,-0.3283499479293823,s047
1,-2.2411036491394043,s047
1,-0.3859497606754303,s047
1,-0.5093784928321838,s047
1,-0.3024396002292633,s047
1,-0.5346930027008057,s047
1,-0.36329054832458496,s047
1,-0.8549498915672302,s047
1,-0.30073076486587524,s047
1,-1.3017393350601196,s047
1,-0.9051929116249084,s047
1,-0.6006510257720947,s047
1,-0.6237902641296387,s047
1,-1.5446274280548096,s047
1,-0.03680654987692833,s047
1,-0.14969481527805328,s047
1,-0.4657708704471588,s047
1,-0.2757325768470764,s047
1,-1.0299261808395386,s047
1,-0.4468172788619995,s047
1,-0.4243038296699524,s047
1,-0.5401813983917236,s047
1,-0.2955620288848877,s047
1,-0.6032512187957764,s047
1,-0.5257126688957214,s047
1,-1.5999895334243774,s047
1,-0.5840995907783508,s047
1,-1.0367484092712402,s047
1,-0.969590425491333,s047
1,-0.32006165385246277,s047
1,-0.2011890411376953,s047
1,-0.29884570837020874,s047
1,-0.9060184955596924,s047
1,-0.5460304617881775,s047
1,-0.22183944284915924,s047
1,-0.6757838726043701,s047
1,-0.24838882684707642,s047
1,-0.5375615358352661,s047
1,-0.7911888360977173,s047
0,-2.023212194442749,s047
0,-7.7441534996032715,s047
0,-1.3158543109893799,s047
0,-1.4054489135742188,s047
0,-2.106708288192749,s047
0,-1.7778947353363037,s047
0,-2.034959554672241,s047
0,-0.32865801453590393,s047
0,-1.3193811178207397,s047
0,-1.0450317859649658,s047
0,-0.7404704689979553,s047
0,-2.214329957962036,s047
0,-0.5336467623710632,s047
0,-3.004262685775757,s047
0,-0.7236344814300537,s047
0,-1.5398527383804321,s047
0,-1.6844509840011597,s047
0,-0.5917616486549377,s047
0,-1.319242000579834,s047
0,-1.7711572647094727,s047
0,-1.247002363204956,s047
0,-0.703435480594635,s047
0,-0.34806421399116516,s047
0,-1.8224740028381348,s047
0,-0.6664924621582031,s047
0,-0.91489577293396,s047
0,-1.0236775875091553,s047
0,-1.0114507675170898,s047
0,-0.3690508306026459,s047
0,-3.5748002529144287,s047
0,-1.8463128805160522,s047
0,-0.784744143486023,s047
0,-0.8820350766181946,s047
0,-3.708709239959717,s047
0,-2.5464892387390137,s047
0,-2.15275239944458,s047
0,-1.86007559299469,s047
0,-5.271605014801025,s047
0,-0.9249671101570129,s047
0,-2.0714261531829834,s047
0,-0.8177655339241028,s047
0,-1.2707687616348267,s047
0,-0.757628321647644,s047
0,-1.3349919319152832,s047
0,-1.767143726348877,s047
0,-0.9659826755523682,s047
0,-0.9522773027420044,s047
0,-1.5978763103485107,s047
0,-1.6069669723510742,s047
0,-1.0796732902526855,s047
0,-0.96885746717453,s047
0,-7.348848819732666,s047
0,-0.8367629051208496,s047
0,-2.15745210647583,s047
0,-2.2410123348236084,s047
0,-2.6713035106658936,s047
0,-1.5882830619812012,s047
0,-2.266862154006958,s047
0,-0.6478968262672424,s047
0,-1.9220104217529297,s047
0,-0.9836763739585876,s047
0,-2.0538249015808105,s047
0,-6.0463690757751465,s047
0,-0.9199674129486084,s047
0,-0.9111500978469849,s047
0,-1.4929810762405396,s047
0,-1.1066498756408691,s047
0,-2.0003161430358887,s047
0,-1.2722164392471313,s047
0,-0.4417356848716736,s047
0,-1.416308879852295,s047
0,-1.141105055809021,s047
0,-0.6992693543434143,s047
0,-0.8837793469429016,s047
0,-1.2134369611740112,s047
0,-0.7695963978767395,s047
0,-1.4568202495574951,s047
0,-1.9175390005111694,s047
0,-2.666853189468384,s047
0,-0.7118873000144958,s047
1,-0.482381135225296,s048
1,-0.5441874861717224,s048
1,-0.4396144151687622,s048
1,-0.49314388632774353,s048
1,-0.49698564410209656,s048
1,-0.3135051429271698,s048
1,-0.38828325271606445,s048
1,-0.8395872116088867,s048
1,-0.22849896550178528,s048
1,-0.4124056100845337,s048
1,-0.20134660601615906,s048
1,-0.3025604784488678,s048
1,-1.6421211957931519,s048
1,-0.2807078957557678,s048
1,-0.6060184836387634,s048
1,-0.9340201616287231,s048
1,-0.8628564476966858,s048
1,-3.5864346027374268,s048
1,-1.8855226039886475,s048
1,-0.24390237033367157,s048
1,-1.2959964275360107,s048
1,-1.704222559928894,s048
1,-0.2602640986442566,s048
1,-0.40304192900657654,s048
1,-0.40783923864364624,s048
1,-0.544475793838501,s048
1,-0.338369756937027,s048
1,-1.7546155452728271,s048
1,-0.6478116512298584,s048
1,-1.0846089124679565,s048
1,-0.63033127784729,s048
1,-0.3388417959213257,s048
1,-0.36655205488204956,s048
1,-0.7629102468490601,s048
1,-0.34237754344940186,s048
1,-0.44919553399086,s048
1,-0.39000144600868225,s048
1,-0.3284485638141632,s048
1,-0.4248713254928589,s048
1,-0.41531023383140564,s048
1,-0.20053939521312714,s048
1,-0.3994392156600952,s048
1,-0.5965158343315125,s048
1,-0.3800865709781647,s048
1,-1.1002484560012817,s048
1,-0.36701714992523193,s048
1,-0.32319051027297974,s048
1,-1.2036303281784058,s048
1,-1.3366941213607788,s048
1,-0.12689541280269623,s048
1,-0.402658611536026,s048
1,-0.5524943470954895,s048
1,-0.74969881772995,s048
1,-0.6353217363357544,s048
1,-2.2248342037200928,s048
1,-0.1924096643924713,s048
1,-0.6750519871711731,s048
1,-1.4868836402893066,s048
1,-0.24620358645915985,s048
1,-0.6765359044075012,s048
1,-0.4508909583091736,s048
1,-0.45799610018730164,s048
1,-0.4141223132610321,s048
1,-0.18360017240047455,s048
1,-1.0116385221481323,s048
1,-0.9830173850059509,s048
1,-0.5810781717300415,s048
1,-0.47312068939208984,s048
1,-0.30204981565475464,s048
1,-0.22703130543231964,s048
1,-0.6169313192367554,s048
1,-0.92580646276474,s048
1,-0.24630925059318542,s048
1,-0.16358302533626556,s048
1,-1.0372021198272705,s048
1,-0.4129593074321747,s048
1,-0.7290847301483154,s048
1,-0.3178110420703888,s048
1,-0.45563098788261414,s048
1,-0.5912825465202332,s048
0,-1.6553702354431152,s048
0,-18.574743270874023,s048
0,-1.593293309211731,s048
0,-0.4822498857975006,s048
0,-1.6470593214035034,s048
0,-1.0666229724884033,s048
0,-1.7976932525634766,s048
0,-3.9753291606903076,s048
0,-0.7730501294136047,s048
0,-0.6882807612419128,s048
0,-13.883111953735352,s048
0,-1.2992501258850098,s048
0,-0.9871493577957153,s048
0,-3.9099302291870117,s048
0,-1.7848906517028809,s048
0,-1.6307063102722168,s048
0,-11.966100692749023,s048
0,-0.5362863540649414,s048
0,-9.096071243286133,s048
0,-0.842332124710083,s048
0,-5.559301376342773,s048
0,-1.1909830570220947,s048
0,-2.611114740371704,s048
0,-1.797668695449829,s048
0,-1.7793517112731934,s048
0,-6.126017093658447,s048
0,-0.8891398310661316,s048
0,-5.057436943054199,s048
0,-3.825573444366455,s048
0,-14.51573657989502,s048
0,-3.2064578533172607,s048
0,-1.0741726160049438,s048
0,-1.0513325929641724,s048
0,-7.153833389282227,s048
0,-30.121774673461914,s048
0,-9.238407135009766,s048
0,-2.317467212677002,s048
0,-12.629962921142578,s048
0,-1.9234864711761475,s048
0,-2.4876413345336914,s048
0,-3.459688901901245,s048
0,-3.907820463180542,s048
0,-0.9988317489624023,s048
0,-1.0402737855911255,s048
0,-1.171839714050293,s048
0,-0.9173675179481506,s048
0,-2.3847222328186035,s048
0,-0.8268477320671082,s048
0,-0.7752917408943176,s048
0,-1.9174420833587646,s048
0,-2.3326992988586426,s048
0,-81.99900817871094,s048
0,-0.6574189066886902,s048
0,-1.9856311082839966,s048
0,-3.1151626110076904,s048
0,-2.857926845550537,s048
0,-0.8111337423324585,s048
0,-3.3157107830047607,s048
0,-0.9033828377723694,s048
0,-2.014021873474121,s048
0,-0.4162246584892273,s048
0,-1.8257410526275635,s048
0,-48.36748123168945,s048
0,-0.3867468535900116,s048
0,-1.2692914009094238,s048
0,-0.8885904550552368,s048
0,-0.882370114326477,s048
0,-3.0116162300109863,s048
0,-3.950948476791382,s048
0,-2.0353634357452393,s048
0,-0.48378944396972656,s048
0,-3.366459608078003,s048
0,-7.339511394500732,s048
0,-9.151104927062988,s048
0,-0.4195893406867981,s048
0,-0.5893056392669678,s048
0,-1.957214117050171,s048
0,-5.065558910369873,s048
0,-22.207311630249023,s048
0,-0.759766697883606,s048
1,-0.20628078281879425,s049
1,-0.113716259598732,s049
1,-0.4403750002384186,s049
1,-0.1811085343360901,s049
1,-0.3633030652999878,s049
1,-0.30534252524375916,s049
1,-0.4722745716571808,s049
1,-0.2854439318180084,s049
1,-0.23377816379070282,s049
1,-0.558255136013031,s049
1,-2.0324501991271973,s049
1,-0.2697969675064087,s049
1,-0.11460094898939133,s049
1,-0.31787630915641785,s049
1,-0.2184450477361679,s049
1,-0.15220388770103455,s049
1,-0.40470418334007263,s049
1,-2.1431620121002197,s049
1,-1.1601625680923462,s049
1,-0.06224019080400467,s049
1,-0.08118045330047607,s049
1,-0.14771223068237305,s049
1,-0.5866135954856873,s049
1,-0.33165010809898376,s049
1,-0.2046697586774826,s049
1,-0.4088395833969116,s049
1,-0.1379544734954834,s049
1,-0.24661339819431305,s049
1,-0.2616812586784363,s049
1,-0.7563064098358154,s049
1,-0.17715665698051453,s049
1,-0.1328039914369583,s049
1,-0.20657885074615479,s049
1,-0.21111926436424255,s049
1,-0.3457566797733307,s049
1,-0.21356214582920074,s049
1,-0.8918583393096924,s049
1,-0.18422597646713257,s049
1,-0.18185555934906006,s049
1,-0.1559765338897705,s049
1,-0.2204621583223343,s049
1,-0.5203846096992493,s049
1,-0.8391231894493103,s049
1,-0.194745734333992,s049
1,-0.21381346881389618,s049
1,-0.29773157835006714,s049
1,-0.28580066561698914,s049
1,-0.3032861649990082,s049
1,-0.17465466260910034,s049
1,-3.540214776992798,s049
1,-0.8952515125274658,s049
1,-0.13842730224132538,s049
1,-0.3400725722312927,s049
1,-0.10221156477928162,s049
1,-0.22898517549037933,s049
1,-0.47369009256362915,s049
1,-0.10074067860841751,s049
1,-2.718938112258911,s049
1,-0.14196017384529114,s049
1,-0.534450888633728,s049
1,-0.16542811691761017,s049
1,-0.16698259115219116,s049
1,-0.13735702633857727,s049
1,-0.3942238688468933,s049
1,-0.5822809338569641,s049
1,-0.27284184098243713,s049
1,-0.3289174735546112,s049
1,-0.44416898488998413,s049
1,-0.1553749144077301,s049
1,-0.20486848056316376,s049
1,-0.17391902208328247,s049
1,-0.07948938012123108,s049
1,-0.1623547524213791,s049
1,-0.22343547642230988,s049
1,-0.2601149380207062,s049
1,-0.04330040141940117,s049
1,-0.48670658469200134,s049
1,-0.09243693202733994,s049
1,-0.25242799520492554,s049
1,-0.3193623423576355,s049
0,-1.6476320028305054,s049
0,-7.558722496032715,s049
0,-1.7151670455932617,s049
0,-1.0930492877960205,s049
0,-1.4672112464904785,s049
0,-1.6135855913162231,s049
0,-1.6192766427993774,s049
0,-0.699699878692627,s049
0,-1.6706806421279907,s049
0,-1.4300850629806519,s049
0,-0.3287554979324341,s049
0,-1.8296623229980469,s049
0,-0.7471086978912354,s049
0,-2.486036539077759,s049
0,-1.7531075477600098,s049
0,-1.8061131238937378,s049
0,-1.2216311693191528,s049
0,-0.9919325709342957,s049
0,-3.7677595615386963,s049
0,-1.3987293243408203,s049
0,-1.718671441078186,s049
0,-1.1029882431030273,s049
0,-0.604668378829956,s049
0,-1.8051393032073975,s049
0,-0.4627629518508911,s049
0,-0.8795947432518005,s049
0,-0.9111189246177673,s049
0,-3.216628313064575,s049
0,-1.384885311126709,s049
0,-3.0979855060577393,s049
0,-3.435267210006714,s049
0,-1.3528077602386475,s049
0,-1.691837191581726,s049
0,-4.3480753898620605,s049
0,-1.3253753185272217,s049
0,-2.4660778045654297,s049
0,-1.963899850845337,s049
0,-3.533874273300171,s049
0,-2.00606107711792,s049
0,-2.85125994682312,s049
0,-0.7577138543128967,s049
0,-2.8543851375579834,s049
0,-1.0437875986099243,s049
0,-1.3231734037399292,s049
0,-1.3639321327209473,s049
0,-0.9495823979377747,s049
0,-0.5083847045898438,s049
0,-1.3431779146194458,s049
0,-1.1973145008087158,s049
0,-2.061370849609375,s049
0,-1.340046763420105,s049
0,-5.541326522827148,s049
0,-0.9237456917762756,s049
0,-1.8252111673355103,s049
0,-1.6460466384887695,s049
0,-2.3468449115753174,s049
0,-1.3498976230621338,s049
0,-3.222801685333252,s049
0,-0.7768310308456421,s049
0,-1.062546968460083,s049
0,-0.9644625782966614,s049
0,-2.0107805728912354,s049
0,-6.74181604385376,s049
0,-1.303831696510315,s049
0,-1.2459321022033691,s049
0,-0.9649860858917236,s049
0,-1.1129498481750488,s049
0,-1.1909083127975464,s049
0,-1.8375740051269531,s049
0,-0.7113869190216064,s049
0,-1.411232829093933,s049
0,-1.074377417564392,s049
0,-0.5198267698287964,s049
0,-0.5351561307907104,s049
0,-1.0021319389343262,s049
0,-1.0769981145858765,s049
0,-2.2145681381225586,s049
0,-3.6246588230133057,s049
0,-2.679365873336792,s049
0,-0.5462098717689514,s049
1,-0.42393553256988525,s050
1,-0.38820841908454895,s050
1,-1.1933742761611938,s050
1,-0.29431405663490295,s050
1,-0.49023300409317017,s050
1,-1.3618638515472412,s050
1,-0.28856605291366577,s050
1,-0.9765251874923706,s050
1,-0.28881576657295227,s050
1,-0.7093859314918518,s050
1,-1.8792078495025635,s050
1,-0.1972457766532898,s050
1,-0.3148852586746216,s050
1,-0.7717639803886414,s050
1,-0.4390546679496765,s050
1,-0.3322148621082306,s050
1,-0.34611034393310547,s050
1,-3.409107208251953,s050
1,-1.0171221494674683,s050
1,-0.4558880627155304,s050
1,-0.32851192355155945,s050
1,-0.4448520243167877,s050
1,-0.9002712965011597,s050
1,-0.6261432766914368,s050
1,-0.29870375990867615,s050
1,-0.36083462834358215,s050
1,-0.5284452438354492,s050
1,-0.9282981157302856,s050
1,-0.23939521610736847,s050
1,-0.49979421496391296,s050
1,-1.0617376565933228,s050
1,-0.6044843196868896,s050
1,-0.22571465373039246,s050
1,-0.30542564392089844,s050
1,-0.6276537775993347,s050
1,-0.7077999711036682,s050
1,-0.6553982496261597,s050
1,-0.3606376349925995,s050
1,-0.5032255053520203,s050
1,-0.4924836754798889,s050
1,-0.2565498352050781,s050
1,-0.4220622777938843,s050
1,-1.0506031513214111,s050
1,-0.9852668046951294,s050
1,-0.24808403849601746,s050
1,-0.36444100737571716,s050
1,-0.6491312384605408,s050
1,-0.7114205956459045,s050
1,-0.24448201060295105,s050
1,-0.6273120641708374,s050
1,-0.18400731682777405,s050
1,-0.3786817193031311,s050
1,-0.49589550495147705,s050
1,-0.22490936517715454,s050
1,-1.070331335067749,s050
1,-0.1965174674987793,s050
1,-0.22948652505874634,s050
1,-0.17027300596237183,s050
1,-0.26179468631744385,s050
1,-0.7268486618995667,s050
1,-0.2658150792121887,s050
1,-0.6034361124038696,s050
1,-2.037100315093994,s050
1,-0.13366521894931793,s050
1,-0.6646117568016052,s050
1,-0.27894720435142517,s050
1,-1.2408478260040283,s050
1,-0.18678908050060272,s050
1,-0.7699007391929626,s050
1,-0.6177972555160522,s050
1,-0.19159866869449615,s050
1,-0.47571802139282227,s050
1,-0.11576104164123535,s050
1,-0.3183421194553375,s050
1,-0.5173560380935669,s050
1,-0.3831951916217804,s050
1,-0.23877909779548645,s050
1,-2.0062530040740967,s050
1,-0.2057989239692688,s050
1,-0.9766194820404053,s050
0,-2.979203939437866,s050
0,-21.92898941040039,s050
0,-0.8808754682540894,s050
0,-1.3830599784851074,s050
0,-2.809072732925415,s050
0,-2.805168390274048,s050
0,-2.0232093334198,s050
0,-0.4740239679813385,s050
0,-0.9108755588531494,s050
0,-0.8674476146697998,s050
0,-4.100469589233398,s050
0,-3.02211856842041,s050
0,-11.807951927185059,s050
0,-3.0929362773895264,s050
0,-0.6086393594741821,s050
0,-3.3898391723632812,s050
0,-6.7955474853515625,s050
0,-0.5230474472045898,s050
0,-4.537435531616211,s050
0,-2.033825635910034,s050
0,-4.548567295074463,s050
0,-0.17832845449447632,s050
0,-1.2372193336486816,s050
0,-3.9229583740234375,s050
0,-4.502632141113281,s050
0,-3.6279094219207764,s050
0,-1.4121534824371338,s050
0,-2.5617167949676514,s050
0,-1.153204321861267,s050
0,-10.63961410522461,s050
0,-2.3529114723205566,s050
0,-0.3644099235534668,s050
0,-0.4005919098854065,s050
0,-10.228250503540039,s050
0,-1.0111061334609985,s050
0,-6.79142951965332,s050
0,-2.149529457092285,s050
0,-14.33047103881836,s050
0,-0.7643681168556213,s050
0,-2.032113790512085,s050
0,-1.1027132272720337,s050
0,-1.6917567253112793,s050
0,-0.5096126198768616,s050
0,-1.2086294889450073,s050
0,-1.66169273853302,s050
0,-0.7813690900802612,s050
0,-1.1985365152359009,s050
0,-2.1629390716552734,s050
0,-1.8123217821121216,s050
0,-0.7360365986824036,s050
0,-2.4649486541748047,s050
0,-38.83710861206055,s050
0,-1.5756199359893799,s050
0,-2.2252347469329834,s050
0,-4.124990463256836,s050
0,-5.663102626800537,s050
0,-1.2640668153762817,s050
0,-2.4756627082824707,s050
0,-0.47065606713294983,s050
0,-2.592073440551758,s050
0,-0.6396685242652893,s050
0,-1.5941654443740845,s050
0,-22.283302307128906,s050
0,-0.40029069781303406,s050
0,-0.39827650785446167,s050
0,-2.052415370941162,s050
0,-0.46125099062919617,s050
0,-2.137697219848633,s050
0,-2.818448066711426,s050
0,-1.5474860668182373,s050
0,-1.0967793464660645,s050
0,-2.8153092861175537,s050
0,-3.517366647720337,s050
0,-4.26573371887207,s050
0,-1.2681994438171387,s050
0,-0.7763190269470215,s050
0,-1.0742954015731812,s050
0,-2.554689884185791,s050
0,-9.192292213439941,s050
0,-0.8965011239051819,s050
1,-1.1159617900848389,s051
1,-1.3854432106018066,s051
1,-0.9096955060958862,s051
1,-0.7942387461662292,s051
1,-0.9544936418533325,s051
1,-0.6451435089111328,s051
1,-0.48218488693237305,s051
1,-0.3555022180080414,s051
1,-0.13359764218330383,s051
1,-0.22422289848327637,s051
1,-0.5339953303337097,s051
1,-0.11913900822401047,s051
1,-0.15958257019519806,s051
1,-0.28505003452301025,s051
1,-0.5096566677093506,s051
1,-0.7731649875640869,s051
1,-0.4436527490615845,s051
1,-1.3806414604187012,s051
1,-0.7451568841934204,s051
1,-0.6128455400466919,s051
1,-0.13274145126342773,s051
1,-0.7576356530189514,s051
1,-0.5698802471160889,s051
1,-0.32366204261779785,s051
1,-0.5838878154754639,s051
1,-0.527625560760498,s051
1,-1.1329256296157837,s051
1,-0.6312500238418579,s051
1,-1.5307509899139404,s051
1,-2.248786449432373,s051
1,-0.507397472858429,s051
1,-0.09954702854156494,s051
1,-0.2906342148780823,s051
1,-0.17813123762607574,s051
1,-0.44043582677841187,s051
1,-0.5208065509796143,s051
1,-0.4285326600074768,s051
1,-0.17494063079357147,s051
1,-0.42470529675483704,s051
1,-0.6373443603515625,s051
1,-0.7441599369049072,s051
1,-1.82271146774292,s051
1,-0.7621586322784424,s051
1,-0.7556543350219727,s051
1,-0.8644378781318665,s051
1,-0.48768118023872375,s051
1,-0.47962167859077454,s051
1,-0.48161423206329346,s051
1,-0.37083619832992554,s051
1,-0.9445230960845947,s051
1,-1.1681923866271973,s051
1,-0.9162933826446533,s051
1,-0.6920672655105591,s051
1,-0.7248216867446899,s051
1,-0.5861647129058838,s051
1,-0.34065374732017517,s051
1,-0.4345090687274933,s051
1,-0.4566151797771454,s051
1,-0.7042977809906006,s051
1,-1.0046569108963013,s051
1,-0.238689124584198,s051
1,-0.7435731291770935,s051
1,-0.18288567662239075,s051
1,-0.6202208399772644,s051
1,-0.4930027425289154,s051
1,-0.2412394881248474,s051
1,-0.3943548798561096,s051
1,-0.779157280921936,s051
1,-0.207400843501091,s051
1,-0.9440644383430481,s051
1,-0.6815404891967773,s051
1,-1.1385893821716309,s051
1,-0.3498638868331909,s051
1,-0.24733346700668335,s051
1,-0.7382396459579468,s051
1,-0.8217918276786804,s051
1,-0.5389907360076904,s051
1,-0.3769717514514923,s051
1,-0.7386870384216309,s051
1,-0.5037679076194763,s051
0,-1.4586524963378906,s051
0,-15.576753616333008,s051
0,-0.2162277102470398,s051
0,-0.6300071477890015,s051
0,-1.1220850944519043,s051
0,-1.9602078199386597,s051
0,-0.5078251361846924,s051
0,-1.7965598106384277,s051
0,-0.20063671469688416,s051
0,-0.6961284875869751,s051
0,-9.49514102935791,s051
0,-1.8111038208007812,s051
0,-21.57887077331543,s051
0,-1.2456073760986328,s051
0,-0.7178127765655518,s051
0,-2.8866264820098877,s051
0,-12.854995727539062,s051
0,-1.1686921119689941,s051
0,-3.64017915725708,s051
0,-1.121999740600586,s051
0,-5.7957658767700195,s051
0,-3.4822301864624023,s051
0,-4.521736145019531,s051
0,-2.9029977321624756,s051
0,-9.321950912475586,s051
0,-5.543023586273193,s051
0,-1.4949265718460083,s051
0,-1.8529400825500488,s051
0,-2.489410638809204,s051
0,-10.796774864196777,s051
0,-0.8985673189163208,s051
0,-0.7443685531616211,s051
0,-0.3565756380558014,s051
0,-7.919252872467041,s051
0,-0.27042156457901,s051
0,-8.656055450439453,s051
0,-0.6239068508148193,s051
0,-9.907925605773926,s051
0,-0.6181021928787231,s051
0,-0.49586376547813416,s051
0,-1.709008812904358,s051
0,-1.2900028228759766,s051
0,-0.6338359117507935,s051
0,-0.29749470949172974,s051
0,-0.49942269921302795,s051
0,-0.9494487047195435,s051
0,-1.5963547229766846,s051
0,-1.2807049751281738,s051
0,-0.6818926930427551,s051
0,-0.5890491008758545,s051
0,-3.671356201171875,s051
0,-41.79054260253906,s051
0,-3.9530858993530273,s051
0,-0.6668089628219604,s051
0,-2.8441779613494873,s051
0,-3.8328797817230225,s051
0,-0.3027942478656769,s051
0,-0.1322503685951233,s051
0,-0.8945790529251099,s051
0,-1.237138032913208,s051
0,-0.46392250061035156,s051
0,-0.4925660490989685,s051
0,-23.611814498901367,s051
0,-0.3640350103378296,s051
0,-0.8162832260131836,s051
0,-0.8690788745880127,s051
0,-0.34462982416152954,s051
0,-1.110908031463623,s051
0,-3.577399730682373,s051
0,-3.5743398666381836,s051
0,-0.506638765335083,s051
0,-4.566849231719971,s051
0,-6.389260768890381,s051
0,-9.621406555175781,s051
0,-0.792898416519165,s051
0,-1.2729390859603882,s051
0,-0.5597994327545166,s051
0,-1.4679850339889526,s051
0,-12.251489639282227,s051
0,-1.0829178094863892,s051
1,-0.2832864224910736,s052
1,-0.4662538766860962,s052
1,-0.41274020075798035,s052
1,-0.24750076234340668,s052
1,-0.5932416915893555,s052
1,-0.5137585997581482,s052
1,-0.12779425084590912,s052
1,-0.9081217646598816,s052
1,-0.5423216819763184,s052
1,-0.39965054392814636,s052
1,-1.6917815208435059,s052
1,-0.17868071794509888,s052
1,-0.19495142996311188,s052
1,-0.2156134396791458,s052
1,-0.14544032514095306,s052
1,-0.3252013027667999,s052
1,-0.8403499126434326,s052
1,-18.83846092224121,s052
1,-3.39898681640625,s052
1,-0.1679612398147583,s052
1,-0.11933394521474838,s052
1,-1.977631688117981,s052
1,-0.40839850902557373,s052
1,-0.3339247703552246,s052
1,-0.4965813457965851,s052
1,-0.3398674726486206,s052
1,-0.3753470480442047,s052
1,-0.5251138210296631,s052
1,-0.5541071891784668,s052
1,-1.8468689918518066,s052
1,-0.15246373414993286,s052
1,-0.5158323049545288,s052
1,-0.5129644870758057,s052
1,-0.3117923140525818,s052
1,-0.4286819100379944,s052
1,-1.523399829864502,s052
1,-0.22179241478443146,s052
1,-0.38487809896469116,s052
1,-0.1684240698814392,s052
1,-0.23154084384441376,s052
1,-0.9368741512298584,s052
1,-0.6865934729576111,s052
1,-2.5333919525146484,s052
1,-0.33286434412002563,s052
1,-0.32782435417175293,s052
1,-0.5725973844528198,s052
1,-0.34408247470855713,s052
1,-0.3354421854019165,s052
1,-1.4863672256469727,s052
1,-1.6635198593139648,s052
1,-0.30927807092666626,s052
1,-0.5278512239456177,s052
1,-0.34063830971717834,s052
1,-0.8663641810417175,s052
1,-0.1653931885957718,s052
1,-0.42083707451820374,s052
1,-0.16295404732227325,s052
1,-0.35871264338493347,s052
1,-0.26316002011299133,s052
1,-0.39657115936279297,s052
1,-0.3134220242500305,s052
1,-0.20899134874343872,s052
1,-0.44495540857315063,s052
1,-0.22383886575698853,s052
1,-0.8880098462104797,s052
1,-0.6451273560523987,s052
1,-0.202118381857872,s052
1,-0.9553825855255127,s052
1,-0.2948646545410156,s052
1,-0.46598565578460693,s052
1,-0.15027248859405518,s052
1,-0.33021676540374756,s052
1,-0.5804714560508728,s052
1,-0.9430680871009827,s052
1,-0.38436588644981384,s052
1,-0.6347371339797974,s052
1,-0.388416588306427,s052
1,-0.21940793097019196,s052
1,-0.47210168838500977,s052
1,-2.1763410568237305,s052
0,-4.645629405975342,s052
0,-16.372093200683594,s052
0,-1.8062773942947388,s052
0,-3.2291994094848633,s052
0,-4.706237316131592,s052
0,-3.6697239875793457,s052
0,-3.427170753479004,s052
0,-1.7253557443618774,s052
0,-2.1903653144836426,s052
0,-2.0126562118530273,s052
0,-14.171856880187988,s052
0,-4.35183048248291,s052
0,-24.81734848022461,s052
0,-4.132695198059082,s052
0,-2.0775609016418457,s052
0,-3.6427061557769775,s052
0,-5.414901256561279,s052
0,-1.6988329887390137,s052
0,-4.670196056365967,s052
0,-3.1708173751831055,s052
0,-5.805974006652832,s052
0,-2.186215877532959,s052
0,-2.1839160919189453,s052
0,-4.17363977432251,s052
0,-7.380528926849365,s052
0,-4.476438045501709,s052
0,-3.2437570095062256,s052
0,-3.3644986152648926,s052
0,-2.369652509689331,s052
0,-8.210240364074707,s052
0,-2.5427048206329346,s052
0,-2.289107084274292,s052
0,-1.1892154216766357,s052
0,-8.2691011428833,s052
0,-2.4871931076049805,s052
0,-7.18152379989624,s052
0,-3.2574357986450195,s052
0,-10.817143440246582,s052
0,-3.0319085121154785,s052
0,-3.0621728897094727,s052
0,-3.4456255435943604,s052
0,-3.0349886417388916,s052
0,-2.355217456817627,s052
0,-2.271684408187866,s052
0,-3.153595447540283,s052
0,-1.4348735809326172,s052
0,-2.41684889793396,s052
0,-3.2749600410461426,s052
0,-3.701601266860962,s052
0,-2.041260004043579,s052
0,-2.5039987564086914,s052
0,-29.798959732055664,s052
0,-3.4305784702301025,s052
0,-3.8881640434265137,s052
0,-3.9919230937957764,s052
0,-5.7458930015563965,s052
0,-2.6179161071777344,s052
0,-2.0130443572998047,s052
0,-3.365575075149536,s052
0,-3.399766206741333,s052
0,-2.279409885406494,s052
0,-2.7088072299957275,s052
0,-26.33326530456543,s052
0,-1.6459192037582397,s052
0,-2.932795763015747,s052
0,-3.6510281562805176,s052
0,-1.362588882446289,s052
0,-2.7526214122772217,s052
0,-2.2582149505615234,s052
0,-2.279475450515747,s052
0,-3.1418581008911133,s052
0,-1.9229090213775635,s052
0,-5.829160690307617,s052
0,-2.9739925861358643,s052
0,-2.5325918197631836,s052
0,-1.4739835262298584,s052
0,-2.837808132171631,s052
0,-4.925247669219971,s052
0,-15.440643310546875,s052
0,-2.548832416534424,s052
1,-0.46362802386283875,s053
1,-0.577378511428833,s053
1,-0.16920869052410126,s053
1,-1.3798604011535645,s053
1,-1.1528644561767578,s053
1,-0.36136117577552795,s053
1,-0.599918782711029,s053
1,-1.5316798686981201,s053
1,-1.8176931142807007,s053
1,-0.24963214993476868,s053
1,-0.5272184610366821,s053
1,-0.3453562557697296,s053
1,-0.5106954574584961,s053
1,-0.7035283446311951,s053
1,-1.3673441410064697,s053
1,-0.6876959204673767,s053
1,-0.33012354373931885,s053
1,-0.40441572666168213,s053
1,-0.09479508548974991,s053
1,-0.38748711347579956,s053
1,-0.2054162174463272,s053
1,-1.5012965202331543,s053
1,-1.4352970123291016,s053
1,-0.397712767124176,s053
1,-0.9744482040405273,s053
1,-0.8454700112342834,s053
1,-1.957888126373291,s053
1,-0.6815218925476074,s053
1,-0.54872065782547,s053
1,-0.8868182897567749,s053
1,-1.339524745941162,s053
1,-0.7443201541900635,s053
1,-0.6439424157142639,s053
1,-0.2587697505950928,s053
1,-0.748807430267334,s053
1,-0.6015511751174927,s053
1,-0.630408763885498,s053
1,-0.5667575597763062,s053
1,-0.7028492093086243,s053
1,-0.21584905683994293,s053
1,-0.7607690691947937,s053
1,-0.5520274639129639,s053
1,-2.542027711868286,s053
1,-0.43800660967826843,s053
1,-0.5571338534355164,s053
1,-0.7087458372116089,s053
1,-0.3593023121356964,s053
1,-0.3133067488670349,s053
1,-0.3658384084701538,s053
1,-1.177912712097168,s053
1,-1.1147254705429077,s053
1,-0.2525046765804291,s053
1,-1.5397632122039795,s053
1,-1.1605104207992554,s053
1,-0.736914336681366,s053
1,-0.5627678632736206,s053
1,-0.3056212365627289,s053
1,-0.3406025171279907,s053
1,-0.7733817100524902,s053
1,-0.4254835844039917,s053
1,-1.517471432685852,s053
1,-0.7887123823165894,s053
1,-0.21656450629234314,s053
1,-0.12183545529842377,s053
1,-0.5101259350776672,s053
1,-0.4469575881958008,s053
1,-0.34298175573349,s053
1,-1.5714995861053467,s053
1,-1.8838151693344116,s053
1,-0.4459131062030792,s053
1,-0.33401229977607727,s053
1,-0.6653792858123779,s053
1,-0.9907008409500122,s053
1,-1.2380439043045044,s053
1,-0.46350860595703125,s053
1,-0.4320412874221802,s053
1,-2.8828258514404297,s053
1,-2.0124197006225586,s053
1,-0.7089205384254456,s053
1,-1.214882493019104,s053
0,-1.6991742849349976,s053
0,-15.913264274597168,s053
0,-0.7704114317893982,s053
0,-1.6308616399765015,s053
0,-2.056817054748535,s053
0,-2.2042741775512695,s053
0,-1.2554515600204468,s053
0,-2.6099612712860107,s053
0,-1.2026536464691162,s053
0,-1.872936487197876,s053
0,-27.573074340820312,s053
0,-2.343388319015503,s053
0,-50.03774642944336,s053
0,-2.6636886596679688,s053
0,-4.268226146697998,s053
0,-3.086604118347168,s053
0,-14.606704711914062,s053
0,-1.9273732900619507,s053
0,-12.014129638671875,s053
0,-1.4063336849212646,s053
0,-9.111539840698242,s053
0,-6.122384071350098,s053
0,-4.893320083618164,s053
0,-3.0714917182922363,s053
0,-18.28249168395996,s053
0,-8.825739860534668,s053
0,-3.163937568664551,s053
0,-7.250246047973633,s053
0,-7.56165885925293,s053
0,-13.741599082946777,s053
0,-3.546694755554199,s053
0,-3.9753925800323486,s053
0,-1.6717898845672607,s053
0,-7.6307373046875,s053
0,-1.0758780241012573,s053
0,-10.839973449707031,s053
0,-3.7599422931671143,s053
0,-10.013314247131348,s053
0,-4.935136318206787,s053
0,-1.9986262321472168,s053
0,-5.248005390167236,s053
0,-5.2916693687438965,s053
0,-2.068371057510376,s053
0,-0.37540456652641296,s053
0,-0.7865610122680664,s053
0,-0.6897561550140381,s053
0,-2.9187519550323486,s053
0,-1.5637685060501099,s053
0,-1.500996470451355,s053
0,-3.311164379119873,s053
0,-4.023855686187744,s053
0,-78.56597137451172,s053
0,-7.654144287109375,s053
0,-1.741014838218689,s053
0,-2.7284963130950928,s053
0,-3.7088868618011475,s053
0,-0.7797272801399231,s053
0,-1.4910626411437988,s053
0,-4.20065450668335,s053
0,-0.8923780918121338,s053
0,-1.3544625043869019,s053
0,-1.0812808275222778,s053
0,-56.90994644165039,s053
0,-1.4870747327804565,s053
0,-4.491010665893555,s053
0,-1.5322365760803223,s053
0,-1.0534433126449585,s053
0,-3.3147709369659424,s053
0,-3.702580690383911,s053
0,-4.585507869720459,s053
0,-2.139524221420288,s053
0,-12.505989074707031,s053
0,-12.43791675567627,s053
0,-9.51843547821045,s053
0,-1.1128506660461426,s053
0,-2.242987632751465,s053
0,-3.760650634765625,s053
0,-6.991517543792725,s053
0,-32.962833404541016,s053
0,-2.3946306705474854,s053
1,-0.35478898882865906,s054
1,-3.486889600753784,s054
1,-0.8297773003578186,s054
1,-0.6912534236907959,s054
1,-0.46660053730010986,s054
1,-0.27287352085113525,s054
1,-0.4649122953414917,s054
1,-0.699819803237915,s054
1,-0.31928515434265137,s054
1,-0.44801849126815796,s054
1,-0.2033969759941101,s054
1,-0.3727717101573944,s054
1,-0.844476044178009,s054
1,-0.42856279015541077,s054
1,-1.120850920677185,s054
1,-0.17844803631305695,s054
1,-0.8850975036621094,s054
1,-6.032581806182861,s054
1,-0.1991601437330246,s054
1,-0.12410788983106613,s054
1,-0.45666709542274475,s054
1,-0.2966979742050171,s054
1,-0.32646167278289795,s054
1,-0.21248555183410645,s054
1,-0.30964401364326477,s054
1,-0.09796811640262604,s054
1,-0.35303008556365967,s054
1,-0.6562759876251221,s054
1,-0.5992012619972229,s054
1,-0.16607414186000824,s054
1,-0.33378517627716064,s054
1,-0.25257089734077454,s054
1,-0.21125157177448273,s054
1,-0.4034237563610077,s054
1,-0.7389972805976868,s054
1,-0.4468735456466675,s054
1,-0.17568422853946686,s054
1,-0.369696706533432,s054
1,-0.3954780399799347,s054
1,-0.6147114634513855,s054
1,-0.42310991883277893,s054
1,-0.08941227197647095,s054
1,-0.5750921368598938,s054
1,-0.380745530128479,s054
1,-0.8985620141029358,s054
1,-0.788585364818573,s054
1,-1.5141355991363525,s054
1,-0.832937479019165,s054
1,-0.31522804498672485,s054
1,-0.0784505307674408,s054
1,-0.4578343629837036,s054
1,-0.18653997778892517,s054
1,-0.5914047360420227,s054
1,-0.33724963665008545,s054
1,-0.2859818637371063,s054
1,-0.3536269962787628,s054
1,-0.6614521741867065,s054
1,-0.39969444274902344,s054
1,-0.833230197429657,s054
1,-0.21543893218040466,s054
1,-0.8438161015510559,s054
1,-0.3397587835788727,s054
1,-0.1465245485305786,s054
1,-0.11438146978616714,s054
1,-1.4046244621276855,s054
1,-0.4261222779750824,s054
1,-0.21157783269882202,s054
1,-0.5937964916229248,s054
1,-0.22217027842998505,s054
1,-0.1671961396932602,s054
1,-0.3717370927333832,s054
1,-0.506578266620636,s054
1,-0.6841523051261902,s054
1,-3.184645175933838,s054
1,-0.7492161393165588,s054
1,-0.09359493106603622,s054
1,-0.25398921966552734,s054
1,-0.526238739490509,s054
1,-0.4124171733856201,s054
1,-0.2226088047027588,s054
0,-0.9845988750457764,s054
0,-7.408745765686035,s054
0,-0.5313764810562134,s054
0,-0.4009530544281006,s054
0,-1.2620148658752441,s054
0,-0.6909422874450684,s054
0,-0.9718099236488342,s054
0,-0.5644906759262085,s054
0,-0.3691670298576355,s054
0,-0.48942628502845764,s054
0,-6.396204471588135,s054
0,-1.070871353149414,s054
0,-13.491037368774414,s054
0,-2.089909553527832,s054
0,-0.609055757522583,s054
0,-0.9396938681602478,s054
0,-8.600500106811523,s054
0,-0.30307888984680176,s054
0,-2.8184804916381836,s054
0,-0.5654141306877136,s054
0,-3.084493398666382,s054
0,-1.3397761583328247,s054
0,-1.9043267965316772,s054
0,-0.9738562107086182,s054
0,-4.683133125305176,s054
0,-2.7908990383148193,s054
0,-0.5444942712783813,s054
0,-1.5886623859405518,s054
0,-1.4525498151779175,s054
0,-6.421383857727051,s054
0,-1.3316030502319336,s054
0,-0.5313262939453125,s054
0,-0.38359546661376953,s054
0,-3.3996541500091553,s054
0,-0.22163331508636475,s054
0,-4.558626174926758,s054
0,-2.362997531890869,s054
0,-4.851419448852539,s054
0,-0.792901337146759,s054
0,-1.240300178527832,s054
0,-1.0891294479370117,s054
0,-1.3855031728744507,s054
0,-0.30680665373802185,s054
0,-2.009829044342041,s054
0,-0.5993448495864868,s054
0,-0.24856778979301453,s054
0,-0.6536762714385986,s054
0,-0.5234169960021973,s054
0,-0.5332439541816711,s054
0,-0.7663740515708923,s054
0,-1.4065918922424316,s054
0,-27.434640884399414,s054
0,-1.7948251962661743,s054
0,-1.1320322751998901,s054
0,-1.0816270112991333,s054
0,-1.6053006649017334,s054
0,-0.4389842450618744,s054
0,-0.4326643943786621,s054
0,-0.5541658401489258,s054
0,-0.8037559986114502,s054
0,-0.16582635045051575,s054
0,-0.9354826807975769,s054
0,-14.592649459838867,s054
0,-0.2339659333229065,s054
0,-0.7909963130950928,s054
0,-0.4621320366859436,s054
0,-0.316137433052063,s054
0,-1.7912322282791138,s054
0,-2.921693801879883,s054
0,-1.5024815797805786,s054
0,-0.4269244372844696,s054
0,-6.289306163787842,s054
0,-3.3944475650787354,s054
0,-6.405563831329346,s054
0,-0.16894930601119995,s054
0,-0.4647347033023834,s054
0,-0.9475505352020264,s054
0,-2.2911791801452637,s054
0,-7.78164005279541,s054
0,-0.299296498298645,s054
1,-0.20835183560848236,s055
1,-0.2023496776819229,s055
1,-0.31885507702827454,s055
1,-0.4471231698989868,s055
1,-1.0900858640670776,s055
1,-0.4639992117881775,s055
1,-0.16276231408119202,s055
1,-0.42956095933914185,s055
1,-0.37415704131126404,s055
1,-0.2517487406730652,s055
1,-0.5895150899887085,s055
1,-0.19362953305244446,s055
1,-0.32459503412246704,s055
1,-0.3849223256111145,s055
1,-0.06317462772130966,s055
1,-0.6561586260795593,s055
1,-2.123927593231201,s055
1,-3.9033589363098145,s055
1,-0.4207611680030823,s055
1,-0.8405184745788574,s055
1,-0.3163939416408539,s055
1,-0.3377797603607178,s055
1,-0.4760092496871948,s055
1,-0.45289865136146545,s055
1,-0.6525765061378479,s055
1,-0.20977286994457245,s055
1,-0.6812251210212708,s055
1,-0.2121158242225647,s055
1,-0.23863264918327332,s055
1,-0.3780341148376465,s055
1,-0.6253470182418823,s055
1,-0.1200733333826065,s055
1,-0.4717092514038086,s055
1,-0.3313891887664795,s055
1,-0.3217894732952118,s055
1,-0.39626747369766235,s055
1,-0.32361793518066406,s055
1,-0.6660303473472595,s055
1,-1.5304158926010132,s055
1,-0.41571247577667236,s055
1,-0.21603572368621826,s055
1,-0.3666136562824249,s055
1,-0.1971159130334854,s055
1,-1.0198094844818115,s055
1,-0.7859318256378174,s055
1,-0.3149982988834381,s055
1,-1.0272202491760254,s055
1,-0.4491536319255829,s055
1,-0.22938312590122223,s055
1,-0.4611617624759674,s055
1,-0.4656871557235718,s055
1,-0.46053871512413025,s055
1,-0.4471830725669861,s055
1,-0.491037517786026,s055
1,-0.6166307926177979,s055
1,-0.5141504406929016,s055
1,-1.4506282806396484,s055
1,-0.24016062915325165,s055
1,-1.2483845949172974,s055
1,-0.5169633030891418,s055
1,-0.3985493779182434,s055
1,-0.49736690521240234,s055
1,-0.05913451686501503,s055
1,-0.49681949615478516,s055
1,-0.3843039274215698,s055
1,-0.26052048802375793,s055
1,-0.18977594375610352,s055
1,-0.6066873073577881,s055
1,-0.6378878355026245,s055
1,-0.4643389880657196,s055
1,-0.3166884481906891,s055
1,-1.3960435390472412,s055
1,-2.3639001846313477,s055
1,-0.3468044400215149,s055
1,-0.30089160799980164,s055
1,-0.2386048138141632,s055
1,-0.45167404413223267,s055
1,-0.21611875295639038,s055
1,-0.7084620594978333,s055
1,-0.1311345100402832,s055
0,-0.16218805313110352,s055
0,-9.65835189819336,s055
0,-1.9996013641357422,s055
0,-0.701602041721344,s055
0,-3.83282470703125,s055
0,-0.6604609489440918,s055
0,-0.7024410963058472,s055
0,-3.95097017288208,s055
0,-1.3750232458114624,s055
0,-2.416198253631592,s055
0,-34.10860061645508,s055
0,-0.424390971660614,s055
0,-62.34748077392578,s055
0,-2.4847252368927,s055
0,-5.768124103546143,s055
0,-1.8468644618988037,s055
0,-19.067790985107422,s055
0,-2.7657318115234375,s055
0,-16.343320846557617,s055
0,-0.38091662526130676,s055
0,-10.214316368103027,s055
0,-8.885773658752441,s055
0,-7.674470901489258,s055
0,-1.4016139507293701,s055
0,-24.759084701538086,s055
0,-12.134746551513672,s055
0,-2.8162851333618164,s055
0,-10.273630142211914,s055
0,-1.4089027643203735,s055
0,-15.443071365356445,s055
0,-4.727292537689209,s055
0,-4.957849502563477,s055
0,-3.1267998218536377,s055
0,-4.580939769744873,s055
0,-0.878226101398468,s055
0,-11.405536651611328,s055
0,-8.435400009155273,s055
0,-7.045241355895996,s055
0,-5.650428295135498,s055
0,-1.9419538974761963,s055
0,-6.926705837249756,s055
0,-7.099145412445068,s055
0,-2.723933458328247,s055
0,-1.2729722261428833,s055
0,-0.29611000418663025,s055
0,-1.7430639266967773,s055
0,-4.168912887573242,s055
0,-0.6657001972198486,s055
0,-0.3921765089035034,s055
0,-4.550703048706055,s055
0,-4.597845077514648,s055
0,-101.97972869873047,s055
0,-9.887430191040039,s055
0,-0.8184954524040222,s055
0,-1.558043360710144,s055
0,-0.8474612832069397,s055
0,-0.5238971710205078,s055
0,-1.753991961479187,s055
0,-4.505497455596924,s055
0,-0.48541122674942017,s055
0,-1.3953419923782349,s055
0,-1.1621155738830566,s055
0,-81.7017593383789,s055
0,-2.081918239593506,s055
0,-5.212114334106445,s055
0,-0.3869308531284332,s055
0,-2.0812439918518066,s055
0,-7.296260356903076,s055
0,-8.542917251586914,s055
0,-5.499856472015381,s055
0,-1.1434231996536255,s055
0,-21.025524139404297,s055
0,-17.260093688964844,s055
0,-15.623960494995117,s055
0,-0.6941023468971252,s055
0,-3.0697104930877686,s055
0,-4.005838871002197,s055
0,-7.289612770080566,s055
0,-47.04021453857422,s055
0,-2.659482479095459,s055
1,-1.1481125354766846,s056
1,-0.5232166051864624,s056
1,-0.6544070243835449,s056
1,-0.3772094249725342,s056
1,-0.1753138154745102,s056
1,-0.4093675911426544,s056
1,-0.33889758586883545,s056
1,-0.40378451347351074,s056
1,-0.8869938254356384,s056
1,-0.7681818604469299,s056
1,-0.9577845335006714,s056
1,-0.4357387125492096,s056
1,-0.7675118446350098,s056
1,-0.39363032579421997,s056
1,-0.4764908254146576,s056
1,-0.38822391629219055,s056
1,-0.71553635597229,s056
1,-2.018918514251709,s056
1,-0.3431806266307831,s056
1,-1.1285206079483032,s056
1,-0.45139163732528687,s056
1,-0.4916529059410095,s056
1,-0.833247184753418,s056
1,-0.2598994970321655,s056
1,-0.3355657458305359,s056
1,-1.227508306503296,s056
1,-0.435899019241333,s056
1,-0.5485731363296509,s056
1,-0.2593388259410858,s056
1,-1.0099406242370605,s056
1,-0.35101184248924255,s056
1,-0.22029057145118713,s056
1,-0.6547701358795166,s056
1,-0.5697346925735474,s056
1,-0.4942469596862793,s056
1,-0.38677775859832764,s056
1,-0.40359005331993103,s056
1,-0.43694818019866943,s056
1,-0.5318426489830017,s056
1,-0.7613656520843506,s056
1,-0.348979115486145,s056
1,-0.652498185634613,s056
1,-0.9082698822021484,s056
1,-0.8266912698745728,s056
1,-0.07989916205406189,s056
1,-0.7615134716033936,s056
1,-0.9905230402946472,s056
1,-0.5076236128807068,s056
1,-0.6373247504234314,s056
1,-0.8312103748321533,s056
1,-0.4088177978992462,s056
1,-0.37733781337738037,s056
1,-0.7448715567588806,s056
1,-0.1351945996284485,s056
1,-0.5097266435623169,s056
1,-1.5211118459701538,s056
1,-0.7410632967948914,s056
1,-0.40766212344169617,s056
1,-1.0596643686294556,s056
1,-0.22087223827838898,s056
1,-0.8186880946159363,s056
1,-0.23619011044502258,s056
1,-0.10092135518789291,s056
1,-0.2927251160144806,s056
1,-0.7621710300445557,s056
1,-0.1897559016942978,s056
1,-0.27679258584976196,s056
1,-0.8090788722038269,s056
1,-0.5797910690307617,s056
1,-0.3567200005054474,s056
1,-0.27315619587898254,s056
1,-0.2333115190267563,s056
1,-0.49160516262054443,s056
1,-0.3509331941604614,s056
1,-0.4025689661502838,s056
1,-0.33677980303764343,s056
1,-0.19657444953918457,s056
1,-0.505138635635376,s056
1,-0.7473199963569641,s056
1,-0.43680667877197266,s056
0,-0.5712986588478088,s056
0,-7.821667194366455,s056
0,-0.7242571115493774,s056
0,-0.6209859848022461,s056
0,-1.0806279182434082,s056
0,-0.27036333084106445,s056
0,-1.0087018013000488,s056
0,-0.731926679611206,s056
0,-0.6652661561965942,s056
0,-0.674358069896698,s056
0,-9.042101860046387,s056
0,-0.5578309297561646,s056
0,-18.39899444580078,s056
0,-2.4363579750061035,s056
0,-1.4862560033798218,s056
0,-0.6376733779907227,s056
0,-4.372111797332764,s056
0,-0.4436657428741455,s056
0,-5.0242838859558105,s056
0,-0.2575521171092987,s056
0,-2.6514086723327637,s056
0,-2.0817112922668457,s056
0,-1.6006735563278198,s056
0,-0.43634501099586487,s056
0,-7.082216262817383,s056
0,-3.1867401599884033,s056
0,-0.4751993417739868,s056
0,-3.0418570041656494,s056
0,-1.475693941116333,s056
0,-6.566782474517822,s056
0,-2.224881172180176,s056
0,-1.435835599899292,s056
0,-0.837234616279602,s056
0,-2.9271204471588135,s056
0,-0.3852870762348175,s056
0,-3.900160074234009,s056
0,-3.2990763187408447,s056
0,-5.276034355163574,s056
0,-1.7237900495529175,s056
0,-1.751808524131775,s056
0,-1.8021373748779297,s056
0,-2.828645944595337,s056
0,-0.6412818431854248,s056
0,-1.7394604682922363,s056
0,-0.4432414770126343,s056
0,-0.3554363548755646,s056
0,-0.9814878106117249,s056
0,-0.40493619441986084,s056
0,-0.3733597695827484,s056
0,-1.6759986877441406,s056
0,-1.0905503034591675,s056
0,-34.37648010253906,s056
0,-2.3667919635772705,s056
0,-1.1900759935379028,s056
0,-1.0286332368850708,s056
0,-0.9890090227127075,s056
0,-0.44876015186309814,s056
0,-0.6232732534408569,s056
0,-0.8159355521202087,s056
0,-0.444938987493515,s056
0,-0.1635430008172989,s056
0,-1.14667809009552,s056
0,-29.974775314331055,s056
0,-0.5461918115615845,s056
0,-1.5300265550613403,s056
0,-0.2778645157814026,s056
0,-0.5993838906288147,s056
0,-2.53208327293396,s056
0,-2.47853946685791,s056
0,-0.96925288438797,s056
0,-0.47183406352996826,s056
0,-5.674447536468506,s056
0,-4.840251922607422,s056
0,-3.320319652557373,s056
0,-0.12441624701023102,s056
0,-0.7057358622550964,s056
0,-1.7028703689575195,s056
0,-3.4264333248138428,s056
0,-15.57479476928711,s056
0,-0.3736114203929901,s056
1,-0.8420909643173218,s057
1,-0.40620896220207214,s057
1,-0.6659494042396545,s057
1,-0.6189968585968018,s057
1,-0.4403822720050812,s057
1,-0.6339616179466248,s057
1,-0.7125808000564575,s057
1,-0.4781251549720764,s057
1,-0.8280523419380188,s057
1,-0.42156893014907837,s057
1,-0.559908926486969,s057
1,-0.45886558294296265,s057
1,-0.1442442387342453,s057
1,-0.6195067167282104,s057
1,-0.4494185447692871,s057
1,-1.458754062652588,s057
1,-0.27866652607917786,s057
1,-2.2826147079467773,s057
1,-0.44853606820106506,s057
1,-0.6053498983383179,s057
1,-0.3625796139240265,s057
1,-0.797076940536499,s057
1,-0.3414914608001709,s057
1,-0.6580262780189514,s057
1,-0.13307896256446838,s057
1,-4.60538911819458,s057
1,-0.4250141382217407,s057
1,-0.6652805805206299,s057
1,-0.2840554416179657,s057
1,-2.2733778953552246,s057
1,-0.4596531093120575,s057
1,-0.34376758337020874,s057
1,-0.5104394555091858,s057
1,-0.7022829055786133,s057
1,-0.5308873653411865,s057
1,-0.7942943572998047,s057
1,-0.6920766234397888,s057
1,-0.7471725940704346,s057
1,-0.09913745522499084,s057
1,-0.6319854259490967,s057
1,-0.19312569499015808,s057
1,-4.687917709350586,s057
1,-3.9365153312683105,s057
1,-0.5992969870567322,s057
1,-0.3272171914577484,s057
1,-0.5329963564872742,s057
1,-0.44581058621406555,s057
1,-0.36404144763946533,s057
1,-0.39981332421302795,s057
1,-0.2763579487800598,s057
1,-0.22035358846187592,s057
1,-0.4486258924007416,s057
1,-0.531803548336029,s057
1,-15.51445484161377,s057
1,-0.25740301609039307,s057
1,-0.22742608189582825,s057
1,-0.6777196526527405,s057
1,-0.38490527868270874,s057
1,-0.5316686034202576,s057
1,-0.3142819106578827,s057
1,-0.3470248579978943,s057
1,-0.5996679067611694,s057
1,-0.358768492937088,s057
1,-0.0883064717054367,s057
1,-0.3465355932712555,s057
1,-0.6866381168365479,s057
1,-0.8841268420219421,s057
1,-0.3497447967529297,s057
1,-0.327328085899353,s057
1,-0.3678979277610779,s057
1,-0.7091193199157715,s057
1,-0.4447230100631714,s057
1,-0.463625967502594,s057
1,-1.7645808458328247,s057
1,-0.3493559956550598,s057
1,-0.39936283230781555,s057
1,-0.2283734679222107,s057
1,-0.6897947788238525,s057
1,-0.5115845203399658,s057
1,-0.779241681098938,s057
0,-0.802544355392456,s057
0,-14.079601287841797,s057
0,-0.39573708176612854,s057
0,-0.41982394456863403,s057
0,-0.6656599044799805,s057
0,-1.384155035018921,s057
0,-0.4581316411495209,s057
0,-1.8037114143371582,s057
0,-0.22594377398490906,s057
0,-0.89646315574646,s057
0,-12.629756927490234,s057
0,-1.0633416175842285,s057
0,-24.649616241455078,s057
0,-1.3049870729446411,s057
0,-1.788421869277954,s057
0,-2.8498775959014893,s057
0,-18.496826171875,s057
0,-1.0793108940124512,s057
0,-9.400894165039062,s057
0,-0.7521305680274963,s057
0,-6.51358699798584,s057
0,-4.153331756591797,s057
0,-4.6402716636657715,s057
0,-2.5447511672973633,s057
0,-10.310564041137695,s057
0,-6.00218391418457,s057
0,-1.576063871383667,s057
0,-4.723824977874756,s057
0,-0.9072808027267456,s057
0,-11.47317886352539,s057
0,-2.176254987716675,s057
0,-1.22011399269104,s057
0,-0.5634043216705322,s057
0,-7.363248825073242,s057
0,-0.16207093000411987,s057
0,-8.462916374206543,s057
0,-2.854330539703369,s057
0,-9.008563995361328,s057
0,-1.6922231912612915,s057
0,-0.8898793458938599,s057
0,-2.2124335765838623,s057
0,-2.7038512229919434,s057
0,-0.5969154834747314,s057
0,-1.829968810081482,s057
0,-0.2336069941520691,s057
0,-0.5892343521118164,s057
0,-1.5076844692230225,s057
0,-0.9712813496589661,s057
0,-0.351184606552124,s057
0,-1.2690562009811401,s057
0,-3.3898417949676514,s057
0,-69.63199615478516,s057
0,-4.527420520782471,s057
0,-0.6316291093826294,s057
0,-2.1808791160583496,s057
0,-2.5948686599731445,s057
0,-0.15928775072097778,s057
0,-0.3003283739089966,s057
0,-1.2687193155288696,s057
0,-0.8295209407806396,s057
0,-0.4714130759239197,s057
0,-0.4898937940597534,s057
0,-38.42237854003906,s057
0,-0.3316819965839386,s057
0,-1.4055486917495728,s057
0,-2.213064432144165,s057
0,-0.18964308500289917,s057
0,-2.6025795936584473,s057
0,-6.427903652191162,s057
0,-4.212258338928223,s057
0,-0.4932408332824707,s057
0,-15.959126472473145,s057
0,-6.9204487800598145,s057
0,-0.8436412811279297,s057
0,-0.5199999213218689,s057
0,-1.4850631952285767,s057
0,-1.3534903526306152,s057
0,-3.5473480224609375,s057
0,-19.486743927001953,s057
0,-1.1178767681121826,s057
