{
  "MACRO_FAR": 0.6592156862745098,
  "MACRO_FRR": 0.2192156862745098,
  "MACRO_ACC": 0.5607843137254902
}